surface,id,source,status,content_hash,review_note
lesson-markdown,L001,lessons/001-bits-bytes-nibbles-and-storage-units.md,Approved,9008fb6140e92c67e8ef1d9ebe96a201af53ea9967af335b4ac14741dcc82254,CIE register and terminology review
lesson-html,L001,web/lesson-001/index.html,Approved,9540d89606a6b18c04503a37eab1ee4b2578da1f64b0ece65dc76699338109bb,CIE register and terminology review
lesson-markdown,L002,lessons/002-binary-place-value-and-denary-conversion.md,Approved,31de0f89276c7e64c990ec12cd0307cbeccbe69e162545c9d76725ebe87ac6ec,CIE register and terminology review
lesson-html,L002,web/lesson-002/index.html,Approved,2a2350b26d9c7feb77f10f0971d9ad39111e1c5951ac318fa230d1bd5604f0bc,CIE register and terminology review
lesson-markdown,L003,lessons/003-hexadecimal-notation-and-binary-grouping.md,Approved,c33c1affa206e16738a558201bcf065424c3d9e81240c3a5440eb68020b84ef3,CIE register and terminology review
lesson-html,L003,web/lesson-003/index.html,Approved,3c577685ec81e2c2590d003897cfd8b7660a9dfb4c4511cddf1808de9d730f88,CIE register and terminology review
lesson-markdown,L004,lessons/004-binary-addition-carries-and-overflow.md,Approved,9ca64d7db27eb862dfe990265434e926294e19443c63ed6c86df023c568aaf0d,CIE register and terminology review
lesson-html,L004,web/lesson-004/index.html,Approved,8fa0a4cbed9b85d23c02f563f1b6fc156cddd86bf27e568c1a12d2a607ad29e1,CIE register and terminology review
lesson-markdown,L005,lessons/005-signed-binary-sign-and-magnitude-and-twos-complement.md,Approved,44374e1c105379fc9b1728991a778d28e0ebc25c38e49247c2fac450d4996fe8,CIE register and terminology review
lesson-html,L005,web/lesson-005/index.html,Approved,846ceb40c6915c612afa856050e2e8e196534329fc24372855a2ee2b2c68919b,CIE register and terminology review
lesson-markdown,L006,lessons/006-binary-fractions-and-precision-limits.md,Approved,1b87702b330e91622038ffcbf69177e7d7663c04e633c41ccaf3df3bb89aa6ab,CIE register and terminology review
lesson-html,L006,web/lesson-006/index.html,Approved,0d8f1d257bb204cef7c403ad8e01b1454102309618ca0073b71f992d1741259e,CIE register and terminology review
lesson-markdown,L007,lessons/007-character-sets-ascii-unicode-and-why-emojis-are-not-magic.md,Approved,e2645eab10c33cb846cc7ecabd85065a1d27047425ae469e5b338e97de4377c7,CIE register and terminology review
lesson-html,L007,web/lesson-007/index.html,Approved,c946f40b678baff0847f02fd17a4069de8d44b47e0e16c85d6dfd0adac53d14f,CIE register and terminology review
lesson-markdown,L008,lessons/008-bitmap-images-pixels-resolution-and-colour-depth.md,Approved,4b8733a6775de0c71d7c176545be6a253ef8fa451e75ad1e2af3b1b73d20007b,CIE register and terminology review
lesson-html,L008,web/lesson-008/index.html,Approved,33d0bd76efe8e9c3d012d0182f9214d8b945caf1ebc5c9282fe1c527fc367024,CIE register and terminology review
lesson-markdown,L009,lessons/009-image-file-size-calculations-and-metadata.md,Approved,addda1c407bf1d13518f8c8b79e94152122e3390928f5761786c1f9a43c94ad4,CIE register and terminology review
lesson-html,L009,web/lesson-009/index.html,Approved,f06d96c4dc47d12e4f1a23d48fc18714de1435f7f35ab2fea75ca1fda62c6356,CIE register and terminology review
lesson-markdown,L010,lessons/010-digital-sound-sampling-rate-sample-resolution-and-duration.md,Approved,6ea690d4885896bffd588f7d52c4f9be15009f49253802b8df6fce8ed787b454,CIE register and terminology review
lesson-html,L010,web/lesson-010/index.html,Approved,2141fdb9b026ba5a8e13105b8baaa604a7d86cd9cd471474d54958e3ea981635,CIE register and terminology review
lesson-markdown,L011,lessons/011-sound-file-size-calculations.md,Approved,d5073994c12a99a3af67254546213c58d5d5b6c44c2bc4b53589f2dd3cf24330,CIE register and terminology review
lesson-html,L011,web/lesson-011/index.html,Approved,75ebfd76611047434775976376ed60fdf7148e6709c839a9750ee322b53c79f8,CIE register and terminology review
lesson-markdown,L012,lessons/012-compression-lossless-vs-lossy.md,Approved,b7163731828a2eb139897ea2bc8ed0464541fc79bc111b63093603faa589bd75,CIE register and terminology review
lesson-html,L012,web/lesson-012/index.html,Approved,c6c58de1b6e0d5ef20444ade0dd7651a025d47491c0edd364720dcaec77c2fe8,CIE register and terminology review
lesson-markdown,L013,lessons/013-run-length-encoding-and-dictionary-style-compression.md,Approved,7ab001246f170034a80c995019f14b57a733e012c859a99de53cecd3e20a3a3e,CIE register and terminology review
lesson-html,L013,web/lesson-013/index.html,Approved,3d5448baca0103dadbcfba1c42c576eb1082a61e8d0ab49be718890df6291b51,CIE register and terminology review
lesson-markdown,L014,lessons/014-choosing-data-representation-for-a-real-system.md,Approved,fd37211bc86a4f4ecd0915f97b3a3c9047631858905714deba60a4c40ccafd34,CIE register and terminology review
lesson-html,L014,web/lesson-014/index.html,Approved,9d6e2bc8a6e5d8b9b2b88cb6aa0869c02fbf225d14b21481db8c60551d079514,CIE register and terminology review
lesson-markdown,L015,lessons/015-section-1-review-representation-calculations-under-exam-timing.md,Approved,eb1f583bed4918d2ec048edf314dd94b3b20591aed5e997f2ea531a06f650a92,CIE register and terminology review
lesson-html,L015,web/lesson-015/index.html,Approved,9927bb115129d169b8028df12dd405767f7adad21e4e72c95dfc6ff5509d6c53,CIE register and terminology review
lesson-markdown,L016,lessons/016-network-purposes-lan-wan-and-network-topologies.md,Approved,3b9d445b2df123247c45ace14e66b0a6a425914006d7bc5cd11ab0b7e5755513,CIE register and terminology review
lesson-html,L016,web/lesson-016/index.html,Approved,3df02274f11f56d0cb9faf5c6558ca1657bbdf0a2f52a74ac6f207e7e6f45431,CIE register and terminology review
lesson-markdown,L017,lessons/017-client-server-and-peer-to-peer-models.md,Approved,7583a9bf82e9d7e2a780e2c20cc3ce1f57f171858a1551d4fc8dbede6fd2ed3c,CIE register and terminology review
lesson-html,L017,web/lesson-017/index.html,Approved,be129f86d0bbabbd09f46179e4d9102492dc45e8028a2e5ebc81fe5940be9ace,CIE register and terminology review
lesson-markdown,L018,lessons/018-packet-switching-routing-and-packet-structure.md,Approved,0c95197d55abf663efd998de4b53b0b62ac2747714607600d8d854890fc09b1f,CIE register and terminology review
lesson-html,L018,web/lesson-018/index.html,Approved,f5fc5fb0b463da03c53d7ca2c6414bc7e7c8a554cd04555afecdaa428eeb2cad,CIE register and terminology review
lesson-markdown,L019,lessons/019-protocols-and-layered-communication.md,Approved,53da42b352f2938d4841f4db49274b4bd20aa82be8fdc0869ac34980d36b3850,CIE register and terminology review
lesson-html,L019,web/lesson-019/index.html,Approved,2af002241706ccc4a5913cfc9b7af509d728bdc2b3cb3a7e0fc4f41ab9a51349,CIE register and terminology review
lesson-markdown,L020,lessons/020-ip-addresses-mac-addresses-dns-and-urls.md,Approved,828c54ceed603f0795ef18199e3acff245c9dfed7228249ba4dcb5fd60f3af75,CIE register and terminology review
lesson-html,L020,web/lesson-020/index.html,Approved,3be3322769f74146ff8f1a94e4754344a5e87a3d7a952199c14a0b8af2015480,CIE register and terminology review
lesson-markdown,L021,lessons/021-http-https-ftp-smtp-pop3-and-imap-in-context.md,Approved,ee95c6684b9d9dc479c33d4be95b60960e5fdab58b8453ad8e1ed473faa8868e,CIE register and terminology review
lesson-html,L021,web/lesson-021/index.html,Approved,4171823c21f69a28a68ade63da82404663301691de2a353b03d46b8a1c9b15f7,CIE register and terminology review
lesson-markdown,L022,lessons/022-wired-and-wireless-transmission-media.md,Approved,15a0bab4760b6fd1f421a264ca9866bd0f22bcf6e2d4349830a709bf0734dd35,CIE register and terminology review
lesson-html,L022,web/lesson-022/index.html,Approved,b55f1b8f1d315ca513374131a216df2c1ac26bdd88c33095fa2ca9c895b0b6f3,CIE register and terminology review
lesson-markdown,L023,lessons/023-network-hardware-switches-routers-access-points-and-gateways.md,Approved,ccb531ac5c0fba235c2adef245c02ed376bb58a1e209d850908c9ab120ceb2ab,CIE register and terminology review
lesson-html,L023,web/lesson-023/index.html,Approved,b8bfd46c56b37046ea6891be329539eb6e2fd0d47ca47b66a581283e01f9eedc,CIE register and terminology review
lesson-markdown,L024,lessons/024-internet-intranet-extranet-and-cloud-services.md,Approved,bbb8051f7baa11adb4c96a454668316f95751f6e5f87bf7f15388b38ee59cac7,CIE register and terminology review
lesson-html,L024,web/lesson-024/index.html,Approved,84cc1097c209e69dbc39049c64ff0dad5da8950cfc3fd4ee5a056a8877c95630,CIE register and terminology review
lesson-markdown,L025,lessons/025-network-performance-latency-bandwidth-and-congestion.md,Approved,626b461d2f4bdb3a88435686e771058d650e76828f781c344edd0f1fb0785084,CIE register and terminology review
lesson-html,L025,web/lesson-025/index.html,Approved,9db88b952d6e5ee7e060a55cc4e3af5dbec6b41be8eb92b514ba817c3254d48b,CIE register and terminology review
lesson-markdown,L026,lessons/026-section-2-review-explaining-communication-with-precision.md,Approved,1c3727beae4aa729c3428e0faf482a633f32964f66a123347b34210b157721b2,CIE register and terminology review
lesson-html,L026,web/lesson-026/index.html,Approved,b41af174b29645944ec8e80bb622c1324a7029e908c70c827cd25cbb0358e13e,CIE register and terminology review
lesson-markdown,L027,lessons/027-computer-system-overview-input-output-storage-processor-and-memory.md,Approved,b29f9975a69fdb4b4975f40d77ef04ebcf4a46dd476cb75f39d528f7db018f27,CIE register and terminology review
lesson-html,L027,web/lesson-027/index.html,Approved,e097ffbc4c475004063ee3fc441bf7975113dccebd42f588ebd71af98a820943,CIE register and terminology review
lesson-markdown,L028,lessons/028-input-devices-and-data-capture.md,Approved,564ba2b71ada7ae72039d233316df2a6c533f7326412ca828b16ec9da95549ef,CIE register and terminology review
lesson-html,L028,web/lesson-028/index.html,Approved,2f23ae8b4ac66b721035997b38d5f7513f0c76ab6538da378648c3e5613f2212,CIE register and terminology review
lesson-markdown,L029,lessons/029-output-devices-and-user-feedback.md,Approved,d91edee4561e058d123b78a8e03659e698a8ff2568690546019d951a5e4ef8c7,CIE register and terminology review
lesson-html,L029,web/lesson-029/index.html,Approved,e00ab78bdf7a0848757245d8afa5fd059486652450d4c82eb7fbddbe8a2be2f3,CIE register and terminology review
lesson-markdown,L030,lessons/030-primary-storage-ram-rom-cache-and-virtual-memory.md,Approved,88072a4baee3a1939cfa7b34dd0d18d0147009d36525b56d13d06da7e1c7e068,CIE register and terminology review
lesson-html,L030,web/lesson-030/index.html,Approved,ec064bfdc8bc263ab36a29a4bc4f4f744c46d91c4fe1b0518b5dfb23eacccbf9,CIE register and terminology review
lesson-markdown,L031,lessons/031-secondary-storage-magnetic-optical-and-solid-state-media.md,Approved,e080687507312b1bbd5a1ac67bcfb782fd0ac2c0af245514c1ebd29caa479d09,CIE register and terminology review
lesson-html,L031,web/lesson-031/index.html,Approved,b21ff2319b26d637a9bed10fc7dce6f7d8844079d8bdd33058cac138d070ea0e,CIE register and terminology review
lesson-markdown,L032,lessons/032-storage-characteristics-capacity-speed-durability-portability-and-cost.md,Approved,f776a69a40c23fe3890a258773d57222d2e3a5e9bbba1084e24f80a79d8b1577,CIE register and terminology review
lesson-html,L032,web/lesson-032/index.html,Approved,664e6907798d41a7cd1603a4b92019449289ba71efc0a13b862f844fbce947f5,CIE register and terminology review
lesson-markdown,L033,lessons/033-embedded-systems-and-microcontrollers.md,Approved,1d08ead0ad41922d852bb8d704f7b87bb59777eb837a069dc9f35f9f6e0c6495,CIE register and terminology review
lesson-html,L033,web/lesson-033/index.html,Approved,5e408f39be563750d12f3eb85b888ff886b7c2ee7dfdb6155d7af6c1b980aead,CIE register and terminology review
lesson-markdown,L034,lessons/034-sensors-actuators-and-control-systems.md,Approved,33d1bbc8a15a2107ff728b9bbd27c31772695a991c3776692693310204393f9f,CIE register and terminology review
lesson-html,L034,web/lesson-034/index.html,Approved,f6421db9f8e5e41ad7f3a9b515e893263c7aea7d5dcf0a7c6fe862550869b6a9,CIE register and terminology review
lesson-markdown,L035,lessons/035-logic-gates-not-and-or-nand-nor-xor.md,Approved,70c22e627613bd5cf19f895db6ca42b7c6cb26f574d2610321264dcda478a36a,CIE register and terminology review
lesson-html,L035,web/lesson-035/index.html,Approved,57354e1bb3b4ed25bf8c5f73415c04419fd2ba1d03e7599987b70c1231d4dc46,CIE register and terminology review
lesson-markdown,L036,lessons/036-truth-tables-and-boolean-expressions.md,Approved,040f22ec5ff4d54245e9aff68701f5b25b41c3b11ad3dae7c4fb857271fccfe4,CIE register and terminology review
lesson-html,L036,web/lesson-036/index.html,Approved,591fb20273fa40e9c4e5ebbdf214e369026a28cd20c1236e9de74efa0570c77d,CIE register and terminology review
lesson-markdown,L037,lessons/037-building-logic-circuits-from-requirements.md,Approved,27d21088ca0c106f912aa84e12ac345fe45894dbce53acfcabf941612e1d1812,CIE register and terminology review
lesson-html,L037,web/lesson-037/index.html,Approved,1188f96424fa6569104e35ac890ab3d4b3cfd03b9c7b26788f265911f8bb8e1b,CIE register and terminology review
lesson-markdown,L038,lessons/038-hardware-selection-for-different-users.md,Approved,8ddb3b0f63d89e064a28cbe69c593bc596eeaaf9e8de9324d7b922f722a52d00,CIE register and terminology review
lesson-html,L038,web/lesson-038/index.html,Approved,465030cc3e45c98134ce1cb0b28567cad9ac7698d1fbae6efc2de050a1d54ec2,CIE register and terminology review
lesson-markdown,L039,lessons/039-environmental-and-reliability-considerations-in-hardware.md,Approved,e4d9b23d5a03b872c0b00885d0c1b5b8af01d1cf04b629e286b29f6ff40093e4,CIE register and terminology review
lesson-html,L039,web/lesson-039/index.html,Approved,f6704d392aae25b1223540bff9aadb2b4896bc6268e5c2f9993961751c940342,CIE register and terminology review
lesson-markdown,L040,lessons/040-section-3-review-compare-justify-calculate.md,Approved,ea430537ecce8451e2cc4e2c4aca9f2bebb914d647cb7396ca7fb5d23f6ed260,CIE register and terminology review
lesson-html,L040,web/lesson-040/index.html,Approved,3ba1352f4cc99bc54be5f3522f871ca44a4d9a36a4c47d46f2b21ba10ecbeb99,CIE register and terminology review
lesson-markdown,L041,lessons/041-cpu-architecture-alu-cu-registers-buses-and-clock.md,Approved,23e578f71cc38978b7c6a6bbc5363e2fa021355815638d5ace4e05897d770df2,CIE register and terminology review
lesson-html,L041,web/lesson-041/index.html,Approved,eccca9cabb679e57438c2e081e9921ad32780cb26f1817bd607bb7d6a277e147,CIE register and terminology review
lesson-markdown,L042,lessons/042-the-fetch-decode-execute-cycle.md,Approved,b5a9c7ecd49135ef83e856d03fa107e574570a96933248c78c9e7b6d8a46d7e0,CIE register and terminology review
lesson-html,L042,web/lesson-042/index.html,Approved,927b1ee53361e3ad5183a2d98b2842d8aea8f390343dfacae913026d5ebb93f1,CIE register and terminology review
lesson-markdown,L043,lessons/043-registers-pc-cir-mar-mdr-acc-and-status-register.md,Approved,b2dc3f0e79ab1fdc2b28c6703f4067936fd076d9367919f1ad519a88a4881c00,CIE register and terminology review
lesson-html,L043,web/lesson-043/index.html,Approved,c3fa565b0c0633a596eeb30344a21e38c8b49c9f412a9c0dcfbff996b900c00e,CIE register and terminology review
lesson-markdown,L044,lessons/044-system-buses-address-data-and-control.md,Approved,f78d51542521bb4f97644636f8447a5de14fa95af50f01aa572b15eea7c52a1b,CIE register and terminology review
lesson-html,L044,web/lesson-044/index.html,Approved,a13b6f524e899f92d648a1f8dfa18c3757e7a99598fd051545737692fe086908,CIE register and terminology review
lesson-markdown,L045,lessons/045-instruction-sets-and-machine-code.md,Approved,e19dbb9a39bcd6246e319a375d5f77438b3e413dbc2f876fea35be62983e7e6d,CIE register and terminology review
lesson-html,L045,web/lesson-045/index.html,Approved,57ac5d13729b08b9d2593efe637305d24e9727a49ecdaf40e77790b5cae797fa,CIE register and terminology review
lesson-markdown,L046,lessons/046-assembly-language-basics-and-mnemonics.md,Approved,22fb6d5f67f441b6dfade771a1e2c1a86c348a9f81a3acef9bbcc5919bedef67,CIE register and terminology review
lesson-html,L046,web/lesson-046/index.html,Approved,4a12a6b96be3c8845b83cb035c2a221d3f1b29d24f8300c0b6cf4186ab483159,CIE register and terminology review
lesson-markdown,L047,lessons/047-addressing-modes-and-operand-interpretation.md,Approved,cd710e22f94c60c766206bff7c4b91e2a0a7ec5ed014186f2352233349273e18,CIE register and terminology review
lesson-html,L047,web/lesson-047/index.html,Approved,13db456506ce5a0f7daf634c92742f5f47d3f6aa157dd4a6a8d17429651edefb,CIE register and terminology review
lesson-markdown,L048,lessons/048-interrupts-and-interrupt-service-routines.md,Approved,58981a61176469e114f858bc1db5c3a35c07945775e8a207f0e2900fd138ecea,CIE register and terminology review
lesson-html,L048,web/lesson-048/index.html,Approved,36b94156a9e128c26c6c752bac2e3815108c7aa6debd334d0229f971285e30a5,CIE register and terminology review
lesson-markdown,L049,lessons/049-performance-factors-cores-cache-clock-speed-and-word-length.md,Approved,20604f9283d27728ea2ad2df74ff1ed7f21d68c18229c049af34d6f87276c52d,CIE register and terminology review
lesson-html,L049,web/lesson-049/index.html,Approved,c5a9ba81a4aff7686ecd499f92fff0f098e0af00e607af4967a182358b081f59,CIE register and terminology review
lesson-markdown,L050,lessons/050-pipelining-and-why-faster-is-not-always-simpler.md,Approved,c73bd2c4be9e1c81e7ec1c9049aaf256f588f0bb8d9f2be85c74e2a1c6674da3,CIE register and terminology review
lesson-html,L050,web/lesson-050/index.html,Approved,15c81bdc22223cb5364ddf5b7b7c5ef2cd9d511299a885d000e243f4ccf9af6c,CIE register and terminology review
lesson-markdown,L051,lessons/051-section-4-review-tracing-processor-behaviour.md,Approved,572e7d684c6385af5deb7995c2f0608f567717af4c9877ad0e81ffc2443ef721,CIE register and terminology review
lesson-html,L051,web/lesson-051/index.html,Approved,b71c8a0d03de4c072ae5cde3891d849641cdafbb272d630ed32ab984766d73f9,CIE register and terminology review
lesson-markdown,L052,lessons/052-system-software-overview-operating-systems-utility-software-and-transl.md,Approved,6f852c5fac6e4d2c1f894bad2a2aa852d855125a97ed60aceabb651a8c1e32ea,CIE register and terminology review
lesson-html,L052,web/lesson-052/index.html,Approved,081a9e95d377c397b65e7ba49c787e836ceceabff69c9ef75adeaf7c36543142,CIE register and terminology review
lesson-markdown,L053,lessons/053-operating-system-roles-process-memory-file-and-device-management.md,Approved,bc352ba19996d8425c2f63e484667c23401fd817910c85e985d4de1e269a00c6,CIE register and terminology review
lesson-html,L053,web/lesson-053/index.html,Approved,624c678e2d4f47ffdd086c9dae889c2360eced97333c0e75984fba20b5c6a067,CIE register and terminology review
lesson-markdown,L054,lessons/054-user-interfaces-command-line-graphical-menu-driven-and-natural-languag.md,Approved,0a8de89ab8dbd1f39022cf33e6e09ab0e999be0cf8500ef77c040231a1195929,CIE register and terminology review
lesson-html,L054,web/lesson-054/index.html,Approved,4be11d0c1e6753693834e2b3a721c2d36b02b8aadbc12df549293e7375a84740,CIE register and terminology review
lesson-markdown,L055,lessons/055-utility-software-backup-compression-encryption-defragmentation-and-ant.md,Approved,b7a43f0c389e029fd92ad1daafa70f0b170d274880070fd76dae1f06f1537b3d,CIE register and terminology review
lesson-html,L055,web/lesson-055/index.html,Approved,1c3a57e491f9c987f520b65d3b7d26aaf35d7d615d6367ee8a440ecfe9ef43cc,CIE register and terminology review
lesson-markdown,L056,lessons/056-compilers-interpreters-and-assemblers.md,Approved,916f4747f9e522b23fef0c5757ff187a506fd357f8405918bad81e2a6c883979,CIE register and terminology review
lesson-html,L056,web/lesson-056/index.html,Approved,da1714efb0031e691c555e7c2089ffb577d04d4e98cca6d6df012df4a878b09b,CIE register and terminology review
lesson-markdown,L057,lessons/057-compilation-stages-lexical-analysis-to-object-code.md,Approved,aac959f38e1d3d8c51bde3c23bbcaf46382d99d354625b86c3309365aea43601,CIE register and terminology review
lesson-html,L057,web/lesson-057/index.html,Approved,04934acd6275d468802c0e90c1779f93018824fb211c15e4ade64ef92478f570,CIE register and terminology review
lesson-markdown,L058,lessons/058-linkers-loaders-and-libraries.md,Approved,aa422dc0b523acdd6c4d1ae8884a43996425db3cc0daea5b926535e5c3baa23c,CIE register and terminology review
lesson-html,L058,web/lesson-058/index.html,Approved,d3b8248e6366da40035237e001a65ee5c25b8b0b3f9450c0fb0e8004b18d1fd9,CIE register and terminology review
lesson-markdown,L059,lessons/059-error-types-syntax-logic-runtime-and-translation-diagnostics.md,Approved,3f6867745f31ffdc6583f3ad4c6e431a82be55c3521a8f9ea5c0f39753302e17,CIE register and terminology review
lesson-html,L059,web/lesson-059/index.html,Approved,c52112867c0c38e26397568986328146213993a22c165aa0bfc0d5d7f0f61404,CIE register and terminology review
lesson-markdown,L060,lessons/060-choosing-translation-approaches-for-development-and-deployment.md,Approved,cf66223295de6e65feee29a133d144d39c5d97f1d45e580bda5366913afce6f3,CIE register and terminology review
lesson-html,L060,web/lesson-060/index.html,Approved,88309e6ca0b9299e96b759373932c94e36810e19d90bdb59ba293bffd9a3748b,CIE register and terminology review
lesson-markdown,L061,lessons/061-section-5-review-precise-software-comparisons.md,Approved,1d3687af7734c533b26eac3120f11f4e8235a4b67bb42c761edccd044d6e7d21,CIE register and terminology review
lesson-html,L061,web/lesson-061/index.html,Approved,47fbb34e94dcecac8aa94696f4c39ef6ea711675b6fc28a2dd7791d2413ec230,CIE register and terminology review
lesson-markdown,L062,lessons/062-security-goals-confidentiality-integrity-availability-and-authenticity.md,Approved,e75d1821e8f4958eeb6f24ce4be26f4d885b2330e9ae25ab4a57715198ef3e8f,CIE register and terminology review
lesson-html,L062,web/lesson-062/index.html,Approved,09e14046d1ddc6088a986943ff981308acf9aceb815d879e77212e0a221212b5,CIE register and terminology review
lesson-markdown,L063,lessons/063-malware-types-and-social-engineering.md,Approved,9f59c1536ad565240d0f4b1415a9b424a6a0220b1afd888ffe8fe364d58b6a79,CIE register and terminology review
lesson-html,L063,web/lesson-063/index.html,Approved,ad39d022e6f31aaabedfb74bf24d2f8aa17b3f2345cbe69168975f8b6ece1bf2,CIE register and terminology review
lesson-markdown,L064,lessons/064-hacking-phishing-pharming-and-denial-of-service-attacks.md,Approved,bba658f78a0164eabc29ae561023bde8fcf80eb7f671b2a56c723e47ca832664,CIE register and terminology review
lesson-html,L064,web/lesson-064/index.html,Approved,49e29fe11764ec5441523dbac2c5e41b05de42a62988323988759816ac99bef3,CIE register and terminology review
lesson-markdown,L065,lessons/065-authentication-passwords-biometrics-tokens-and-multi-factor-authentica.md,Approved,68898ca73e137bc3de5bcb74e57856837fcff3bd4596e8693e11e41ebf2240e3,CIE register and terminology review
lesson-html,L065,web/lesson-065/index.html,Approved,f9f980503c537155b8c4581aad9e02c1c9d43d01fc92e5ca76431d131d4878d7,CIE register and terminology review
lesson-markdown,L066,lessons/066-access-rights-permissions-and-least-privilege.md,Approved,598dda12b82be9b008630ccd4ce07bfa8c87e561a5c204a8854fe8c5cdf28392,CIE register and terminology review
lesson-html,L066,web/lesson-066/index.html,Approved,d48163d06ac5b518771f32cde86812187d1340d5ed3dc323f44fcb5baace3aaf,CIE register and terminology review
lesson-markdown,L067,lessons/067-encryption-hashing-and-digital-certificates.md,Approved,d3ec710ec7861c57091d0442330e0cb7dfc25a5502f5dd4b81b786ab90577037,CIE register and terminology review
lesson-html,L067,web/lesson-067/index.html,Approved,4ea4e6cf7400d203a4d8e07aa66e9b6da153aabc10eb6553440d5763ab714903,CIE register and terminology review
lesson-markdown,L068,lessons/068-firewalls-proxies-and-network-monitoring.md,Approved,4e113b18c160682878b3557038ae69ebd873079812ed31159dd797862287b029,CIE register and terminology review
lesson-html,L068,web/lesson-068/index.html,Approved,72cbc2fca8c1b102085d3ad3f5021f1fbc396994f6396ac1af41350b4d007c64,CIE register and terminology review
lesson-markdown,L069,lessons/069-data-validation-and-verification.md,Approved,734ecd5a76a24767ed1a522b93b9595899843a6e5a6ed35c697c5343cb10da7f,CIE register and terminology review
lesson-html,L069,web/lesson-069/index.html,Approved,167747e75dcb93fd953874dac68cce024ccb7c5d79ba0028ab76617bfbf92e03,CIE register and terminology review
lesson-markdown,L070,lessons/070-backup-strategies-disaster-recovery-and-audit-trails.md,Approved,d4e521084da89a1dff573899670d610e121fd2590baee0330440a4ee025e0945,CIE register and terminology review
lesson-html,L070,web/lesson-070/index.html,Approved,2ecea41b88bc049f5a24937f1ef6da5c9538f19733b17ade415ab297d2ca2a84,CIE register and terminology review
lesson-markdown,L071,lessons/071-section-6-review-matching-risks-to-controls.md,Approved,85f4e8914870940ce942d17ff01fd94d6201a32a27477dc2271bd18d561e796d,CIE register and terminology review
lesson-html,L071,web/lesson-071/index.html,Approved,210f7075748e9f1c1757ea9ceaa3aacd4e8d998f71aacb8994141ed49eaa1f34,CIE register and terminology review
lesson-markdown,L072,lessons/072-ethical-issues-in-computer-science-decisions.md,Approved,f67f6395aed9a59b323fa868ebb39542ffe8513bcd789d47b0f377265a3d8c4f,CIE register and terminology review
lesson-html,L072,web/lesson-072/index.html,Approved,f4c06c5a14d6957dd22b0371a18c9b6dc7c0ecc641abcbac4c16f036ae608323,CIE register and terminology review
lesson-markdown,L073,lessons/073-privacy-surveillance-and-data-protection.md,Approved,622f5db8782758bdf6097169528ea66b764cd24cb64ab8cffb8bf2ade8e2aba9,CIE register and terminology review
lesson-html,L073,web/lesson-073/index.html,Approved,f9c776a375f23cec3ab52af5b8e832506b9dc85246faff698432534915c838c0,CIE register and terminology review
lesson-markdown,L074,lessons/074-intellectual-property-copyright-patents-and-licensing.md,Approved,c736ac053293a14cc5f599bfb5bd74bc664b845dc3ba68d17815de1e7bc6298f,CIE register and terminology review
lesson-html,L074,web/lesson-074/index.html,Approved,955d4e530aed98310b84e52722aeb8237597ac61b394ebc5ad92810ae1b3564d,CIE register and terminology review
lesson-markdown,L075,lessons/075-open-source-proprietary-software-and-ownership-trade-offs.md,Approved,e855d7dc312f0283b8524afaab1b47b8baa5afbb1fa49dcb63713f7cc933e2db,CIE register and terminology review
lesson-html,L075,web/lesson-075/index.html,Approved,8901bafd1605115dc316a4ebdd7d7a9e98bcfc9042ac191a87186d92bdb86d0a,CIE register and terminology review
lesson-markdown,L076,lessons/076-environmental-and-social-impacts-of-computing.md,Approved,abfce66a66e06c92c7540a9f71c57e9b6bfe27d11bcf9b83d1512e6da8aca303,CIE register and terminology review
lesson-html,L076,web/lesson-076/index.html,Approved,833f5554cc69d8c58d6b0876eda8c5cc7d0861fc4497a97e2a9d3a1d3dd78a14,CIE register and terminology review
lesson-markdown,L077,lessons/077-section-7-review-balanced-evaluation-answers.md,Approved,11e653239b579833ee343c51fc7512dfbccf61f5430eca8b323a684c06f16dee,CIE register and terminology review
lesson-html,L077,web/lesson-077/index.html,Approved,e568a73e34819e42aff66fdcae964bc83dd5a2f2f73ef7b15c421bec990512cf,CIE register and terminology review
lesson-markdown,L078,lessons/078-data-information-databases-and-dbms-roles.md,Approved,40804e722d8793942c26792df9c63358868b3e45f4bd7bfe19a2245da0940c87,CIE register and terminology review
lesson-html,L078,web/lesson-078/index.html,Approved,d0500e5163da381e9254d5b20df8b53efb3e024b050aab7e32faf91d9ee9aaa7,CIE register and terminology review
lesson-markdown,L079,lessons/079-flat-file-databases-vs-relational-databases.md,Approved,6971b66bbb21462e68641b1c30a95c821e754b5e6eb2aa04952b60301e8c7d2e,CIE register and terminology review
lesson-html,L079,web/lesson-079/index.html,Approved,35035515904ddf7725d5ba9c07f099b690711d2e87e0ae62c042c65348f79803,CIE register and terminology review
lesson-markdown,L080,lessons/080-tables-records-fields-data-types-and-constraints.md,Approved,e4ffdae2ffec62a8b49308b974937d885dae8e1a4496e23e500e9c64f2fbd28d,CIE register and terminology review
lesson-html,L080,web/lesson-080/index.html,Approved,3ceb94e06568cf272d831f5032066aac79da94e27b486d41ae60675ec7075b83,CIE register and terminology review
lesson-markdown,L081,lessons/081-primary-keys-foreign-keys-and-relationships.md,Approved,a96015c7ac0f70f2c94d63fe863494ced800d15bf92aece26e04708f32b8294c,CIE register and terminology review
lesson-html,L081,web/lesson-081/index.html,Approved,5712ab11324e322634cdba799f00a6ced2d845dd883ae2e48f289450c8023e9e,CIE register and terminology review
lesson-markdown,L082,lessons/082-entity-relationship-modelling.md,Approved,5e7d6eff5694388b5abc25c10f2ea0e720e48561e5f27f98d32a25c078db8458,CIE register and terminology review
lesson-html,L082,web/lesson-082/index.html,Approved,aaec40b4a5cb8d2ddc51e41f96a80eb7d6611c8603bccab5705a23d4e614687c,CIE register and terminology review
lesson-markdown,L083,lessons/083-normalisation-avoiding-duplication-and-update-problems.md,Approved,ee7b20b15403023d9078ef88d54b99923438fed8fb774fdab9b4105ae57cd7a5,CIE register and terminology review
lesson-html,L083,web/lesson-083/index.html,Approved,793b07d68673ff2be974825863d03a0556f3dfae2ba2c911b9cfafd3a7d87371,CIE register and terminology review
lesson-markdown,L084,lessons/084-sql-select-from-where.md,Approved,aa4953d0830e2b712d3603a9264ca474a745e341a32ae3b99b8207acfb7fedb5,CIE register and terminology review
lesson-html,L084,web/lesson-084/index.html,Approved,07258c41c0ad90bbf69710caa88e3f584edfb86f9e50203143dbff1e22832ad5,CIE register and terminology review
lesson-markdown,L085,lessons/085-sql-order-by-aggregate-functions-and-group-by.md,Approved,c27995380cecf37299b6aab13d08a37c164f9f219c106a7d9157d6246531ea1d,CIE register and terminology review
lesson-html,L085,web/lesson-085/index.html,Approved,cec73298f62a46f49d6ea60f286dc06e18728e4ae06ed331e7d42fd7588502d8,CIE register and terminology review
lesson-markdown,L086,lessons/086-sql-joins-using-related-tables.md,Approved,097fbb1c9ac8c042ff10992c16ebc729b9a0cc5bb3d787f5c05a5f9b82afce13,CIE register and terminology review
lesson-html,L086,web/lesson-086/index.html,Approved,46c8980aac3ecbb9b652f7ee27f860315dbd8a41a0a5478a72bea857eee53dc1,CIE register and terminology review
lesson-markdown,L087,lessons/087-sql-insert-update-and-delete.md,Approved,55481a9264bab4012ecc0105b02e91272b988363cf3a718abc4812363f50c992,CIE register and terminology review
lesson-html,L087,web/lesson-087/index.html,Approved,c22447392c7e74f7b902ebb665041644a4bfd116d7d6afd5bbdd9223f9367bde,CIE register and terminology review
lesson-markdown,L088,lessons/088-validation-verification-security-and-backup-in-databases.md,Approved,c3f07340d6afeae17f4abe7e11dbe541939cb53908e5d1ab39f6c16ccca8f4b8,CIE register and terminology review
lesson-html,L088,web/lesson-088/index.html,Approved,6a9ce0c63847ff0b6f3e8ea95e369583d3fcb7f99f654746e257a111489e2fcf,CIE register and terminology review
lesson-markdown,L089,lessons/089-section-8-review-designing-and-querying-relational-data.md,Approved,f3688d1191d38ce69d0a90694187ab1022d31e0a8e53a291ee2a232d34fc9b4e,CIE register and terminology review
lesson-html,L089,web/lesson-089/index.html,Approved,1558a4e16b2b346379f2610e2df1f6afd98d0e169efa8a35ff7f7904254fd328,CIE register and terminology review
lesson-markdown,L090,lessons/090-paper-1-review-representation-and-communication.md,Approved,74fa69d442252c3d9ab16416027297aad7fdff9f1549188a9a48311e7c354d00,CIE register and terminology review
lesson-html,L090,web/lesson-090/index.html,Approved,4688b34325bad779e98151b2fb4c553700ab26785bbede99dbc775db403fb4fe,CIE register and terminology review
lesson-markdown,L091,lessons/091-paper-1-review-hardware-and-processor-fundamentals.md,Approved,71aec99d21566b6ccd7395edf4f85413f2e99b599e26d9d53bf13e32e4ff8f18,CIE register and terminology review
lesson-html,L091,web/lesson-091/index.html,Approved,1949db58a36ff293b92093bfec17abdcaa1247d3208877d941024288f7194b6b,CIE register and terminology review
lesson-markdown,L092,lessons/092-paper-1-review-system-software-and-security.md,Approved,fd52be2c39c832e78e8383ebcf3cbf821b5260d21b57c218aec6556c30b30da1,CIE register and terminology review
lesson-html,L092,web/lesson-092/index.html,Approved,0c8313af9f31d600e5f1e6b0ffaf1a69fcb5f4b12591ae431fc2aaa81cc17536,CIE register and terminology review
lesson-markdown,L093,lessons/093-paper-1-review-ethics-and-databases.md,Approved,4d2410c7bfb1b49e0d8652cce64cef5c0f2fa65d87c08319ba46d8f838bd1c06,CIE register and terminology review
lesson-html,L093,web/lesson-093/index.html,Approved,450d7cfb3a395a07a143e4dc2dea2f87ea25cc6467d5a9f12d66d405ef657bea,CIE register and terminology review
lesson-markdown,L094,lessons/094-paper-1-mixed-question-strategy.md,Approved,78774069d8103de642318b7ddb9eccfe7091977bd78e8208cbe3498887831c9b,CIE register and terminology review
lesson-html,L094,web/lesson-094/index.html,Approved,6c97ae8a51227f37bc35f43fbbede24d89e7aa540168760c3e318cac01b5d42b,CIE register and terminology review
lesson-markdown,L095,lessons/095-paper-1-timed-short-answer-practice.md,Approved,e89b261dfa5969ee2bc38e5a2f8809125d1a46f38db5bf756445ddc5325cc043,CIE register and terminology review
lesson-html,L095,web/lesson-095/index.html,Approved,3d6c4c5ca352229a9981965b34c12c0d4116e4548f33773a635094438bf69fbe,CIE register and terminology review
lesson-markdown,L096,lessons/096-paper-1-extended-response-practice.md,Approved,a7989f4fb1d0f1f17a4a19a43b18505e46b9aa3721a1ea1da47a83cd023f172e,CIE register and terminology review
lesson-html,L096,web/lesson-096/index.html,Approved,9d1092a90a80061996f831951056a360a9178c9f9b026b829d90ec2e3613404f,CIE register and terminology review
lesson-markdown,L097,lessons/097-paper-1-mock-review-and-correction-clinic.md,Approved,9471a2f362e93e876949966372aafb3319d13a54927df4f27516e3884cbe6534,CIE register and terminology review
lesson-html,L097,web/lesson-097/index.html,Approved,025794825e3f3e3d308acfdae20e95675e9fb09f65968cc93146eec213a40abb,CIE register and terminology review
lesson-markdown,L098,lessons/098-algorithmic-thinking-inputs-outputs-and-constraints.md,Approved,7975039536cecbef4b527a6b78fcf0deb828f0ef82b7afbc8e04f25205d389db,CIE register and terminology review
lesson-html,L098,web/lesson-098/index.html,Approved,66cdf3d39b7df73085798099498242f55a3a5d7ad37d616cc921722a4c5c3010,CIE register and terminology review
lesson-markdown,L099,lessons/099-decomposition-and-abstraction.md,Approved,1f83073e69cf56a92a2d242208ddb5821035ca90203aa4086ac1b1f7ef34939f,CIE register and terminology review
lesson-html,L099,web/lesson-099/index.html,Approved,1c953e81554749e4b8a60110d28fa990c5153aa298e0f64af3999388a3a1b276,CIE register and terminology review
lesson-markdown,L100,lessons/100-flowcharts-and-pseudocode-notation.md,Approved,525bcc1f0700e55488659259210ba1dac197e6844839d1ce8821deb0ca3a5c9e,CIE register and terminology review
lesson-html,L100,web/lesson-100/index.html,Approved,36f893fabead79deb50ef85164eb859e3d84122a2ba28198084d587dbfa61104,CIE register and terminology review
lesson-markdown,L101,lessons/101-trace-tables-and-dry-runs.md,Approved,e518a659c769e13093b8f8c50b9f646808d3f881980d0d20195e430ea6588c4c,CIE register and terminology review
lesson-html,L101,web/lesson-101/index.html,Approved,65d2944b6879793da59e343dbbaeefec3733ffead2988b03ca59188b28720422,CIE register and terminology review
lesson-markdown,L102,lessons/102-sequence-selection-and-iteration-in-algorithms.md,Approved,dcb98257bfbbcf74ffdd2d1fe9433f329247012d614645bb6fa0e097de91daa0,CIE register and terminology review
lesson-html,L102,web/lesson-102/index.html,Approved,2b1c4ed47cc7474dedd3e89744208342c4bb51a244a19f0d3c6b8225ea402275,CIE register and terminology review
lesson-markdown,L103,lessons/103-validation-algorithms-and-defensive-input-handling.md,Approved,ffb6b0a66c3a98583cd63ee056473852f94359e8db5ff465a19e3b702527ca31,CIE register and terminology review
lesson-html,L103,web/lesson-103/index.html,Approved,dcea28e78a9bb974195819046d4d18e5641d71c3ff2db53199d4571167107a56,CIE register and terminology review
lesson-markdown,L104,lessons/104-linear-search-and-binary-search.md,Approved,c6dd53fad674e88ecf1d1b2c9f792aa6c40c13e56296cc595d4558c212115d33,CIE register and terminology review
lesson-html,L104,web/lesson-104/index.html,Approved,179d059f0af768c071ef83160504b38fbff9800b0e23b1d5796a4c36ce08ae11,CIE register and terminology review
lesson-markdown,L105,lessons/105-bubble-sort-and-insertion-sort.md,Approved,86f821f7002b1b85b81aed0e0a85969c2996cb6278ae90dc747efb1ec8904bac,CIE register and terminology review
lesson-html,L105,web/lesson-105/index.html,Approved,60b8908e0575b6d585645a1d3961662bdb8ba0057b00dbe9e88cffd6dbc47c7a,CIE register and terminology review
lesson-markdown,L106,lessons/106-finding-maximum-minimum-count-and-total.md,Approved,82f228891ceab0c79b00437682ffaed89cb7a92aeca08e5e41c921868cfa15b5,CIE register and terminology review
lesson-html,L106,web/lesson-106/index.html,Approved,dc330fbec7c386a57a95393d8a26e5728b5c6eda9818dabfe88cf9c35c97757c,CIE register and terminology review
lesson-markdown,L107,lessons/107-string-processing-algorithms.md,Approved,f80a90027e487fcb7f97792da95fb1ac37c623a463930447ba5f07429ca02cae,CIE register and terminology review
lesson-html,L107,web/lesson-107/index.html,Approved,06986c92367c18570be8ee49eff1192dcf9424e1e3c1bdec3588a7d25d785b31,CIE register and terminology review
lesson-markdown,L108,lessons/108-nested-loops-and-table-style-problems.md,Approved,8ce57e0cfa0e612db7e7157c2428aa6c31547f048e0444ec0a99abfa05b6f7b1,CIE register and terminology review
lesson-html,L108,web/lesson-108/index.html,Approved,20a15a1051a700083896587698e250ac153643397d259f435035055658f59067,CIE register and terminology review
lesson-markdown,L109,lessons/109-algorithm-efficiency-at-as-level.md,Approved,92a2c23b9db40bc7f3fe9517c0daf13c1a4231228da69e3c6186b89db387a877,CIE register and terminology review
lesson-html,L109,web/lesson-109/index.html,Approved,5c103f7c0839b32b1ada088d0e43b404fa557c7989d38ddfc5d2b607e76b5b2e,CIE register and terminology review
lesson-markdown,L110,lessons/110-cambridge-pseudocode-conventions-and-exam-readability.md,Approved,784291742c0767e35a982ec7262c717f8e67dbe173e0a8c2c4989304cdf5243c,CIE register and terminology review
lesson-html,L110,web/lesson-110/index.html,Approved,a0f64e423880be5259f2ab310801e665d783c5375a7d26225584e5527a3f47c5,CIE register and terminology review
lesson-markdown,L111,lessons/111-designing-algorithms-from-word-problems.md,Approved,798ab4bc9f489496f8b0f22605f2c680a8ea8ad1024bbb4f199c48b44b43b22d,CIE register and terminology review
lesson-html,L111,web/lesson-111/index.html,Approved,3468027b1d77b3f75f59b4ceba060984a2fbc575ea46def8c3e9a1f34cfc7ee0,CIE register and terminology review
lesson-markdown,L112,lessons/112-section-9-review-from-scenario-to-pseudocode.md,Approved,4ab45aba24c1debbf94bfac65082697443169183da8e7e4610fa06948a1b54b3,CIE register and terminology review
lesson-html,L112,web/lesson-112/index.html,Approved,c26c96902ed5e7ed249b457c6ef518335d7f21345bf85164ac0f02c813ca88b6,CIE register and terminology review
lesson-markdown,L113,lessons/113-data-types-integer-real-boolean-char-string-date-and-user-defined-type.md,Approved,8488cea9bb22f2b27de4b55e507228b93df4d0f41f0adca28ce9a3adde397ded,CIE register and terminology review
lesson-html,L113,web/lesson-113/index.html,Approved,efd852a997e6fe00ab9c2a71265046d140a4dbca4efe72608c9dacb18340ba89,CIE register and terminology review
lesson-markdown,L114,lessons/114-constants-variables-and-assignment.md,Approved,2f4743d33e493c4809d9e9c5295a32a4294d6f11dcfa5b39136e0197e601bc68,CIE register and terminology review
lesson-html,L114,web/lesson-114/index.html,Approved,66679f9dab920c50dbce692f4eae55f2a6cbfcb3561b8f73bdd0ac59e2b27ad0,CIE register and terminology review
lesson-markdown,L115,lessons/115-one-dimensional-arrays.md,Approved,8e4a438c3783c94ab91249420ead00d383bb6880b7c339623e8b561cbeb63fc9,CIE register and terminology review
lesson-html,L115,web/lesson-115/index.html,Approved,a6a2faae4d132fdfb9bd5f588e9412f09fa177c8d5cf4c9ff186dd097e260152,CIE register and terminology review
lesson-markdown,L116,lessons/116-two-dimensional-arrays.md,Approved,7d024f146b56e40e93fba029186b0bc6cb5bca275d4c8e53563774d08d108601,CIE register and terminology review
lesson-html,L116,web/lesson-116/index.html,Approved,aee5f72c507faea20255f088606940b3d751fcdd92b70899b8268d10484096b4,CIE register and terminology review
lesson-markdown,L117,lessons/117-array-algorithms-traversal-update-search-and-count.md,Approved,e49b5f140816742215d0e817b8dc6a83bb210f9f8d3538bad377f45ca9d7b366,CIE register and terminology review
lesson-html,L117,web/lesson-117/index.html,Approved,e99f2a544e021e7c19cbe5da638cf9ecd7256d186ad023b64fe77040757a24c9,CIE register and terminology review
lesson-markdown,L118,lessons/118-records-and-composite-data.md,Approved,44816b3ced6a79f435e3407b5592c7391fddfab48f967a96976c7d46ffb35677,CIE register and terminology review
lesson-html,L118,web/lesson-118/index.html,Approved,e0ffd5a27e32806dcc3ffa4c6dc823ed2502aecb1fdfd7bb6f86e3dea983aff2,CIE register and terminology review
lesson-markdown,L119,lessons/119-arrays-of-records.md,Approved,f10f26e6220a8f910be64e6829256d1e1e35668f7a0c5cbf9d8455a52b2770db,CIE register and terminology review
lesson-html,L119,web/lesson-119/index.html,Approved,16893fdac33a110dff30e5c2c2903e3a932d8de4f2e35c995953b9f064cfba02,CIE register and terminology review
lesson-markdown,L120,lessons/120-text-files-reading-writing-and-appending.md,Approved,318c6add23a48881906f9edad86019cf962b354da1dc7c537baa9e32cbb8d9dc,CIE register and terminology review
lesson-html,L120,web/lesson-120/index.html,Approved,35a2076ca4f9fd76bd7d13d4c2825a3d8a96a65af9b745d496dd50dbe3dcb17d,CIE register and terminology review
lesson-markdown,L121,lessons/121-csv-style-structured-text-files.md,Approved,a0a9eb2d3594b28c794774832f8496d9a199a198ef900c4da77d166afdcb9606,CIE register and terminology review
lesson-html,L121,web/lesson-121/index.html,Approved,b7d3d3ac6d2a2da1ca5556ce052e81e789ea21a1a4d543c51bd4a0dc47e878cd,CIE register and terminology review
lesson-markdown,L122,lessons/122-stacks-and-queues-as-abstract-data-types.md,Approved,346f34bc167a5cd9a0aacd798e7528f6c6c715959066a2f568e8a8507c83e6ae,CIE register and terminology review
lesson-html,L122,web/lesson-122/index.html,Approved,849cb2710bf4010286b79e5317b5534afec7dcba18995b71a4c0aada6671080a,CIE register and terminology review
lesson-markdown,L123,lessons/123-choosing-appropriate-data-structures.md,Approved,68d827538cdefd441e6124648d5e5902830dc239128171a9ffc7e6447effb768,CIE register and terminology review
lesson-html,L123,web/lesson-123/index.html,Approved,b0d5bb79aa3d76fb51c85f534439ddd1b825a7f90924dfcf6179aa54ffe2279a,CIE register and terminology review
lesson-markdown,L124,lessons/124-pseudocode-data-declarations-vs-java-declarations.md,Approved,6c58f70503352cc67464612f88dfde5ad571d1c51b2181b5718d1e9edc89c1a3,CIE register and terminology review
lesson-html,L124,web/lesson-124/index.html,Approved,f96bd1fee6b7858a2f13156a549188b59b674cfdf0ba2ab699fd50080d95fd28,CIE register and terminology review
lesson-markdown,L125,lessons/125-section-10-review-data-modelling-in-algorithms.md,Approved,9d8f5710ebd46a45d7b7e94e5e449d22ce8cd637560df6be5d3c3a9679a69395,CIE register and terminology review
lesson-html,L125,web/lesson-125/index.html,Approved,1c6a617be3c2be6bdbe798464da609ad067676d90a55e708fcdce7ed7fd75401,CIE register and terminology review
lesson-markdown,L126,lessons/126-programming-constructs-sequence-selection-and-iteration.md,Approved,b781645bff76cafd7811f29a7cfd8cf21540a2494774df99519edf901a388079,CIE register and terminology review
lesson-html,L126,web/lesson-126/index.html,Approved,e7d2ad7773099847bd1bc9f3aeebc2d7d6e6bd89dbc0ab02cf24cf1b4df3e090,CIE register and terminology review
lesson-markdown,L127,lessons/127-if-case-and-nested-selection.md,Approved,a0ac59b8d7bc182174d15f05adac824f1cc65ba449f9e68102536944660f7502,CIE register and terminology review
lesson-html,L127,web/lesson-127/index.html,Approved,99412d18112d211a0851f8e0ccae26d56cd3159df73ad9928175f5bc8697f4cb,CIE register and terminology review
lesson-markdown,L128,lessons/128-count-controlled-loops.md,Approved,1387d6aa8e3acd833ff2e0dfeca0764e99e465b7299595eba935fff5059e0e41,CIE register and terminology review
lesson-html,L128,web/lesson-128/index.html,Approved,6b9129c61150ce1d82924b114290ae25646736fa9d40116d7467bfb412acffa8,CIE register and terminology review
lesson-markdown,L129,lessons/129-condition-controlled-loops.md,Approved,05a71cf58cc9d9335959024f62e490fe0971b721498437ae7cec0c4da36dcd70,CIE register and terminology review
lesson-html,L129,web/lesson-129/index.html,Approved,7ad599485b23d48859bcacbe69d98fb9bd08b123e7fab638525d1df617e7a789,CIE register and terminology review
lesson-markdown,L130,lessons/130-procedures-and-functions.md,Approved,542f17b99419671f2ac1461678494e40a89bb3eb0d01430dbeb909c4ff2920cf,CIE register and terminology review
lesson-html,L130,web/lesson-130/index.html,Approved,4df05095e58460499c3533e28bee2d85659838e7588cac05625eb18b41ee4253,CIE register and terminology review
lesson-markdown,L131,lessons/131-parameters-by-value-and-by-reference-in-pseudocode.md,Approved,44d69d143f12173febe35f40f1b94f26a3058a2b3b21d835f30b0fd39639db20,CIE register and terminology review
lesson-html,L131,web/lesson-131/index.html,Approved,8df14232f5cdc2919b92af261f4166b91288809204f80ca52a1578d6869ff098,CIE register and terminology review
lesson-markdown,L132,lessons/132-scope-lifetime-and-local-global-variables.md,Approved,ebff6ddc8ccc170e571c73e19fdcc9cf009af52deac9465afdc913d3d4826c5d,CIE register and terminology review
lesson-html,L132,web/lesson-132/index.html,Approved,64078d53c3470a79959d4b62f23e156f1b67f6e6e9858895f76dabcd0b42fa86,CIE register and terminology review
lesson-markdown,L133,lessons/133-string-handling-and-built-in-functions.md,Approved,2d8c808b34dad640943ac28097e413b58a4536adf8a7a3bcb20f1c740858bab5,CIE register and terminology review
lesson-html,L133,web/lesson-133/index.html,Approved,c408a5e6fd1a0f048d2c6560bdde630173866a6cf61998df5ffba9c8446a7bbd,CIE register and terminology review
lesson-markdown,L134,lessons/134-arithmetic-operators-integer-division-and-mod.md,Approved,ace0f6f66448f5ea1978da145365e15125512c736c24add22f298b31d84fbb1a,CIE register and terminology review
lesson-html,L134,web/lesson-134/index.html,Approved,03750ddcef7f26210155ac2dcd7c51b484ca6104eeb127e65eccfdef761c8d0a,CIE register and terminology review
lesson-markdown,L135,lessons/135-input-and-output-formatting.md,Approved,ca33f7a9405a2d8d53e3d7a6fb53faf2e2c2c2aa44a2abe72e3bdd2c250a67a8,CIE register and terminology review
lesson-html,L135,web/lesson-135/index.html,Approved,2750882d5f9104d7d5e36379c66cead570f7ab433f5fd9eba6822fccdb9cdde6,CIE register and terminology review
lesson-markdown,L136,lessons/136-file-handling-patterns-in-pseudocode-and-java.md,Approved,fe05237040f156b17597b6743a5bb2caaa148b7f5792bfdde6c78190f8736f69,CIE register and terminology review
lesson-html,L136,web/lesson-136/index.html,Approved,0eae014d12dd70ff09abf906402b9494c385ea4e7e8c09fe9aa41d4601ed6c0d,CIE register and terminology review
lesson-markdown,L137,lessons/137-testing-with-normal-boundary-and-erroneous-data.md,Approved,c5ce24bafb2e670642bb1fd7f7e0ad03568a477d30a363709cd39d61cbb5e0bc,CIE register and terminology review
lesson-html,L137,web/lesson-137/index.html,Approved,cf34e7b92cc1252154a36488129ab3e43327fe49699d628c84fcb6f08db176dc,CIE register and terminology review
lesson-markdown,L138,lessons/138-debugging-using-traces-and-breakpoints.md,Approved,ef02458a9d0b77ca61deb58938a3746998948d774390ddcee2a94bf3f549e9e8,CIE register and terminology review
lesson-html,L138,web/lesson-138/index.html,Approved,8385249e6e77855075ef733da8b0b4a11d0f7ff630e8d9fbfa12e4e880c59592,CIE register and terminology review
lesson-markdown,L139,lessons/139-robust-program-design-validation-and-modularity.md,Approved,3e034ec4f6965d16ce86dbe8a7e6cc7f63c361fa789c0800f45d4c001d415da3,CIE register and terminology review
lesson-html,L139,web/lesson-139/index.html,Approved,7d40412d163f8d05ba348a82d3b5dbcb0fd511ec470912b846f6d5cdf6909ca1,CIE register and terminology review
lesson-markdown,L140,lessons/140-converting-java-habits-into-cambridge-pseudocode.md,Approved,51e34b77b118dd19b174df733b9b6b4e9668392ba69c543e39ae85d2faea2d7f,CIE register and terminology review
lesson-html,L140,web/lesson-140/index.html,Approved,a8c73c5784110bc6712a30ce5384fc6b92bc4f7757dced3ae199abcd028b5b41,CIE register and terminology review
lesson-markdown,L141,lessons/141-section-11-review-writing-complete-program-fragments.md,Approved,c864dc374951d2cf1b12de7d72b5a262239c1fa144377d17529fb1cdc051f9ad,CIE register and terminology review
lesson-html,L141,web/lesson-141/index.html,Approved,6368844c81bc63e434a047dae764cc7525f91bca239a60d8d90d3696076cf3f7,CIE register and terminology review
lesson-markdown,L142,lessons/142-software-development-lifecycle-models.md,Approved,3ef3df00e353320db308ab456314dc1fee80b8e8fd4706048a2817de5749029f,CIE register and terminology review
lesson-html,L142,web/lesson-142/index.html,Approved,82ef758c72c136af54ac4dee76894fd8e849f4fe25420d4b4c40a1b007f9ecbf,CIE register and terminology review
lesson-markdown,L143,lessons/143-requirements-analysis-and-success-criteria.md,Approved,e954276bf50f55fd2792fcc16ee93453917b59fe016b4a2d5b39645e161d72b6,CIE register and terminology review
lesson-html,L143,web/lesson-143/index.html,Approved,56f507854839accf6851e6f5d95bc2c2b9e358805a0fc7babeb776d82f6847ff,CIE register and terminology review
lesson-markdown,L144,lessons/144-design-documentation-algorithms-data-dictionaries-and-interfaces.md,Approved,087c1151f5d3b117faea6ada445a7a0b206a559044e6cc4c08653d0b635fa25c,CIE register and terminology review
lesson-html,L144,web/lesson-144/index.html,Approved,7443f6381d8d03b2476dc3ed5d83d8f19271c2086cd8fc4dbdb8d8e23a304d68,CIE register and terminology review
lesson-markdown,L145,lessons/145-testing-implementation-maintenance-and-evaluation.md,Approved,34cdb89ea8c46c045e574939fe5cbdd699747fbdfdf4d1e9d7594f018956edc8,CIE register and terminology review
lesson-html,L145,web/lesson-145/index.html,Approved,a8415f6aad36fbbae55bbda126d2bb8b194ac601923774dc84902bf17d8694a9,CIE register and terminology review
lesson-markdown,L146,lessons/146-section-12-review-software-development-case-study.md,Approved,c81e94a0b058e01453e4c088bc58f954c957239549412470fd94e9ca1a241cb8,CIE register and terminology review
lesson-html,L146,web/lesson-146/index.html,Approved,eab0f5787a98ac6e89a5b6ed83cebecf737e31227e39f00175503e6a8167f2a9,CIE register and terminology review
lesson-markdown,L147,lessons/147-paper-2-review-algorithm-design-and-data-structures.md,Approved,1e5ce86de68c123c20f5b9324fe352fb13728bd60633458701cdf259574bbe30,CIE register and terminology review
lesson-html,L147,web/lesson-147/index.html,Approved,57b4ff3853d2d2deef7c7f8d087e0955ce0dfffb719e295edb3cb0230567d81a,CIE register and terminology review
lesson-markdown,L148,lessons/148-paper-2-review-programming-constructs-and-file-handling.md,Approved,bdc2bbc7f5b01daa964c8cf8d5f681b83fe78564b30f821d2b3dc49c638b6dc5,CIE register and terminology review
lesson-html,L148,web/lesson-148/index.html,Approved,685243df11fa6bc20650522e9d3ef2ce276d65e3a5c5a9f0a02b46110b366494,CIE register and terminology review
lesson-markdown,L149,lessons/149-paper-2-timed-pseudocode-practice.md,Approved,ab3dad0626b218cbb5949ddc276bbc9e488a91e42403de873e3b96975cd21b2c,CIE register and terminology review
lesson-html,L149,web/lesson-149/index.html,Approved,01b70f7b048d48991592189224e1bddece939bf5945f731386cc581d47b1b493,CIE register and terminology review
lesson-markdown,L150,lessons/150-paper-2-mock-review-and-correction-clinic.md,Approved,8df4ecaaeabd66e2bc5d27b0ec64afd9a112dd96ae96a35ac554df4b84bc069c,CIE register and terminology review
lesson-html,L150,web/lesson-150/index.html,Approved,a8f9420e517908dd442dbe8b9459c035f927333ef94ac134ad88b9cfa60dc8fd,CIE register and terminology review
question,L001-Q1,lesson-001,Approved,a275a88c19560efbfe638664f780a7d38388691afae686005e905ff6613f1da6,"Command word, scope and mark-scheme review"
question,L001-Q2,lesson-001,Approved,dad862e575fe7effbcdb3712aa7389a8cdae107cd552f092dfb4e60fa755b1ae,"Command word, scope and mark-scheme review"
question,L001-Q3,lesson-001,Approved,638299bdec4f1b764cc9688e6fc1399a728b43e3b76a43e38738487243abfac7,"Command word, scope and mark-scheme review"
question,L001-Q4,lesson-001,Approved,d413574befb835adb4f33783823a3c12b2fd3e7f7d38266c30b6ae012be1bfd4,"Command word, scope and mark-scheme review"
question,L001-Q5,lesson-001,Approved,d95342f56e5b058bd75f6b6ff4799a9f5569123c1c77a7865dd2e856816f891f,"Command word, scope and mark-scheme review"
question,L002-Q1,lesson-002,Approved,f48a4466dc6b7497cfc384ee2915ddf30167cc0e186c42aa88afd094393ac503,"Command word, scope and mark-scheme review"
question,L002-Q2,lesson-002,Approved,a23bd1cf52301df9c40bf28e12a8f79b931d5c2d5a27542ca53e72471e2a4b62,"Command word, scope and mark-scheme review"
question,L002-Q3,lesson-002,Approved,8d1d12aa13b65205883b829118d15459091e73791d523a497b3a55418ee6026a,"Command word, scope and mark-scheme review"
question,L002-Q4,lesson-002,Approved,6e794675e371a5506aa359a0ba6654406428a23384e78599b765427e48ee3508,"Command word, scope and mark-scheme review"
question,L002-Q5,lesson-002,Approved,c2a5c377cbf9b9c8a8a4404462e0db4635a51d373dc0d21ec2f354e61bbe528f,"Command word, scope and mark-scheme review"
question,L003-Q1,lesson-003,Approved,2bc2d130aaf954570cf790e877fa8404f8a1df5349c2bfa0cbac92ed7ab1c777,"Command word, scope and mark-scheme review"
question,L003-Q2,lesson-003,Approved,408273ae038be4d4a89e9614f389d67b90a08cddf361c029342329ffdb916106,"Command word, scope and mark-scheme review"
question,L003-Q3,lesson-003,Approved,b3e2e8b5b109484e24864e674b4ffdd219a21867d16d25c1abce3dfc429fffb0,"Command word, scope and mark-scheme review"
question,L003-Q4,lesson-003,Approved,ac7d53a086295309c1d169c077057389f36a5b90dc16ceae65176a4907266238,"Command word, scope and mark-scheme review"
question,L003-Q5,lesson-003,Approved,7faad75a1112c5b9a5bac6e116934600ad0be7633ddb477b4c7ce958f5799b95,"Command word, scope and mark-scheme review"
question,L004-Q1,lesson-004,Approved,713ce535943603241af216a88e3381a0287fafb961489b21931ded8a4bb59219,"Command word, scope and mark-scheme review"
question,L004-Q2,lesson-004,Approved,c97345fac28832c03ea42f6fe9df6263358d0dd833f3b25e5a6d4a1f025036f5,"Command word, scope and mark-scheme review"
question,L004-Q3,lesson-004,Approved,1d2064da66765645233bb9f2bc24fb13795b3341f7bba3cf013b7cd2a5bee1cd,"Command word, scope and mark-scheme review"
question,L004-Q4,lesson-004,Approved,b568e4ff821e07e69554844e863edb6548c1349e7686e0bff3ab8f78561c86fc,"Command word, scope and mark-scheme review"
question,L004-Q5,lesson-004,Approved,d3650e3021012f5b7701802b190df58f860d8f74cca835d022e6c541571d3efa,"Command word, scope and mark-scheme review"
question,L005-Q1,lesson-005,Approved,4cca9502f4265037a18a0747acd7a2a1a7106b5b8d5e286a63a6ff9d13cffb8e,"Command word, scope and mark-scheme review"
question,L005-Q2,lesson-005,Approved,6e6a89fdebdb6ff00f387c2ec96f56a107343f9638c64df62c354bef65d14890,"Command word, scope and mark-scheme review"
question,L005-Q3,lesson-005,Approved,b388918e8c004458c70be1a2bf69868486e169b4c485fe71f27811468ee192bd,"Command word, scope and mark-scheme review"
question,L005-Q4,lesson-005,Approved,00475a46a6e8ca2f6f9ac276dcea0d7c143a93dc68c8a28859986e2e673f8f6a,"Command word, scope and mark-scheme review"
question,L005-Q5,lesson-005,Approved,276e77e96f6c5b342708b25b5b60ae6fe112c641cbf1c4c7ee9103ce4aeb4682,"Command word, scope and mark-scheme review"
question,L006-Q1,lesson-006,Approved,8f679f944a8400df7d9dbc616f0f1bdaca8fbc23a318514d926e0d8da2bbedea,"Command word, scope and mark-scheme review"
question,L006-Q2,lesson-006,Approved,1c2aef5bb03b6229a00696d82b019149d909ca64b4ccd2c6dcb11c226cdcc668,"Command word, scope and mark-scheme review"
question,L006-Q3,lesson-006,Approved,a09abec856b0afc978e6eaa44116c51438b293ff7a463ed1c0444e62299b2b8e,"Command word, scope and mark-scheme review"
question,L006-Q4,lesson-006,Approved,75413544a93d2cd33cf8e0569aea82c7118828500b8597b86097ff87d2d64d8f,"Command word, scope and mark-scheme review"
question,L006-Q5,lesson-006,Approved,90fe2b052d68f5eac2b7e26ac891fe9227cfed3fe8f6f88ab1b2cb8ba1c10ccd,"Command word, scope and mark-scheme review"
question,L007-Q1,lesson-007,Approved,6eb9b4e4dc820e6dd0b6e25fa91588437f8bd4b22223a840b3c31cf9be078fe4,"Command word, scope and mark-scheme review"
question,L007-Q2,lesson-007,Approved,b1c749898e975a8f7bbde99a07262d3e9d58ba44e4c9e8999e7e12be0b19e049,"Command word, scope and mark-scheme review"
question,L007-Q3,lesson-007,Approved,cca3b925d95602cdaf62583aac556a984439d445bd3b2e06a83ec3a5f1fd16ea,"Command word, scope and mark-scheme review"
question,L007-Q4,lesson-007,Approved,875b5fbfa937346bb3571460a6fcfed65fbe0e13b63c701077865b5035f42574,"Command word, scope and mark-scheme review"
question,L007-Q5,lesson-007,Approved,c396291d11d3c5219889ea5471cda86070fdc40c7ab4b5d84878530db33e9f7a,"Command word, scope and mark-scheme review"
question,L008-Q1,lesson-008,Approved,426a2533b44e4829c7db9d65d1d0159cfae73cf9babfb3ea989e9a5663c7b70a,"Command word, scope and mark-scheme review"
question,L008-Q2,lesson-008,Approved,24825f8ef55564fcee5a8d8738594d60c673b3334fc100cb1a9b25660373dd32,"Command word, scope and mark-scheme review"
question,L008-Q3,lesson-008,Approved,9217c3ed23ce3a5a99267e6bfddc8a52b41156e79406afe0f4a268ac2338b058,"Command word, scope and mark-scheme review"
question,L008-Q4,lesson-008,Approved,2882db674237591be0bd85658a73300427ef373f867d6bc8adc84eb22ae56281,"Command word, scope and mark-scheme review"
question,L008-Q5,lesson-008,Approved,5291a0b91efe02eea106532b018f36d0fe7cec69884f4f5b3aa904fd3bbd3215,"Command word, scope and mark-scheme review"
question,L009-Q1,lesson-009,Approved,4a963a5ffdc50a51b850c1c2ef10c5ec312dbdea28a51e06ffc42e787bd443d6,"Command word, scope and mark-scheme review"
question,L009-Q2,lesson-009,Approved,65d5c936c328cbebb0957bc7f8b7926e8921aeb84c33d7150b0feeb68b986053,"Command word, scope and mark-scheme review"
question,L009-Q3,lesson-009,Approved,bf08473a4b6a896c03c40f3ccbebd68fbb9f4e19f4e94c08c959ed2ff8958e38,"Command word, scope and mark-scheme review"
question,L009-Q4,lesson-009,Approved,eef7d8ce86682df313757144e4232d96315c7333b3055b03d3b2eaddd14b7bbe,"Command word, scope and mark-scheme review"
question,L009-Q5,lesson-009,Approved,254420778be2996cea7bc259e57e22be2cd7d93b2661a2819970735de991445c,"Command word, scope and mark-scheme review"
question,L010-Q1,lesson-010,Approved,efafdbbc691043dccde24dc8d5c94a69d162558e7ba05e12b5d2360b69ec663c,"Command word, scope and mark-scheme review"
question,L010-Q2,lesson-010,Approved,8140c40d0ec8ff6ac9c86fff34d9f55dc8d15c564605ce73e83658506596970f,"Command word, scope and mark-scheme review"
question,L010-Q3,lesson-010,Approved,be98214b1403c02277025b83f75317b43ab2866f7591e928d3bbcfca74a047f7,"Command word, scope and mark-scheme review"
question,L010-Q4,lesson-010,Approved,a929eb32738fcdbcfe179cdf469722ca0c3549a652bc6c4c9caecd86d50e9405,"Command word, scope and mark-scheme review"
question,L010-Q5,lesson-010,Approved,61eadc611ff86025a7af7d4f533f454308f55e1f8c674cd744890a4bcbc052ca,"Command word, scope and mark-scheme review"
question,L011-Q1,lesson-011,Approved,055ea89d75bba1b6f1b704f43109c30a2813c54b401c50980a95b8f760ec4fac,"Command word, scope and mark-scheme review"
question,L011-Q2,lesson-011,Approved,e25143aba41ddf32279a11f9a6a4cdf4f7e174b5501b21cb3f30e58222968c80,"Command word, scope and mark-scheme review"
question,L011-Q3,lesson-011,Approved,e79769594800aa714816cb80431a781765bd636eb7422cf4fb4671a41bb64e70,"Command word, scope and mark-scheme review"
question,L011-Q4,lesson-011,Approved,647b63d2c4fb2d4d086a2d42c9e5c2e325def009456a6ad3d5a7f35c18bbe3ae,"Command word, scope and mark-scheme review"
question,L011-Q5,lesson-011,Approved,60177bf72b28ad7c0ea9fbfac2cfbf216701c099a4cb7b5aba618088abb95283,"Command word, scope and mark-scheme review"
question,L012-Q1,lesson-012,Approved,83145d5df899bbae29b720470ef9710b024dad98f88511db2497f2115fc43feb,"Command word, scope and mark-scheme review"
question,L012-Q2,lesson-012,Approved,0593e503953d48f6a4c596ccaff572b326c044414f85b9b16ca21905f8931f88,"Command word, scope and mark-scheme review"
question,L012-Q3,lesson-012,Approved,59e35368d4086ad03a8e5190a13993d8a5c579b0292d7ee1521d65dca78dafe1,"Command word, scope and mark-scheme review"
question,L012-Q4,lesson-012,Approved,90cc80faab1e362d0754398b2c48739dd8d463a2d3d4d66f1c4d2f383bd383eb,"Command word, scope and mark-scheme review"
question,L012-Q5,lesson-012,Approved,06566205311ff7e92e1f4672f05b22ed4d5785d22d87157e5846f75aedcc131b,"Command word, scope and mark-scheme review"
question,L013-Q1,lesson-013,Approved,f528a3b19940fbeec26f9fd762d853b1652be31fa4a750759b93eb00cbe5184d,"Command word, scope and mark-scheme review"
question,L013-Q2,lesson-013,Approved,7a7f55fc9c31abca71747e5cd37eef05c6aa9dc4128b68f30f16ff3d9a42e02a,"Command word, scope and mark-scheme review"
question,L013-Q3,lesson-013,Approved,522eac01e27d9cf294db41f66a19d4c7606001c7a0a6c69531bd7354ba42295f,"Command word, scope and mark-scheme review"
question,L013-Q4,lesson-013,Approved,a4b7c35c4471e97f92fd7cc12226fa3b2657eecb4e03bb2fec5cf9f444b0d437,"Command word, scope and mark-scheme review"
question,L013-Q5,lesson-013,Approved,3fbdfd20d4312afd37f9a3e076281fd5799109d3ebe421d7bf9cf3b8a2b75cbf,"Command word, scope and mark-scheme review"
question,L014-Q1,lesson-014,Approved,b725bb89899420a17d7363769fdae8aeb4539be16f93895c2bb05e1cdef0f3ff,"Command word, scope and mark-scheme review"
question,L014-Q2,lesson-014,Approved,6a0760002aa61cbe33d8c02b744674722d431862d37e48da3ad59d1d1571161b,"Command word, scope and mark-scheme review"
question,L014-Q3,lesson-014,Approved,01cad1cd685936df8263293ae41e53dc25a439853fffcefb4d645e58cb950652,"Command word, scope and mark-scheme review"
question,L014-Q4,lesson-014,Approved,1d90d00c546c185458dc63934376120ae747159ba92f10109fe1125c9a68fae0,"Command word, scope and mark-scheme review"
question,L014-Q5,lesson-014,Approved,382ad7c92cb3cf1eb85e2a991d4bdcdc0053b61f2ff6a41fc3ee2bf941a2b057,"Command word, scope and mark-scheme review"
question,L015-Q1,lesson-015,Approved,8dbf6f111d44748efed39e9dd5ba876a6537f7debbc4993fd072a23cad6c33ff,"Command word, scope and mark-scheme review"
question,L015-Q2,lesson-015,Approved,fb1c8e04689e2fe057e60ada73469d5d8a45e4dd5d0dd163562fee6f3e3558fc,"Command word, scope and mark-scheme review"
question,L015-Q3,lesson-015,Approved,17718fd29ee83cdf9ce7f933445fbba5c7ba6fcc3674a973e872053dc498a8f1,"Command word, scope and mark-scheme review"
question,L015-Q4,lesson-015,Approved,5783627785ba48cef7377a00d686b8bbd6bd7d3b57631a132a8c16c6817eba57,"Command word, scope and mark-scheme review"
question,L015-Q5,lesson-015,Approved,fa4f8efc81e69937042cf9c857e59401e7cdd6751bd4b18b64b43417388bb2b0,"Command word, scope and mark-scheme review"
question,L016-Q1,lesson-016,Approved,ec7d30b9cdc50a25dab9b9e42e08443ee8efa1a0e0b8f67dbececd41c3816db2,"Command word, scope and mark-scheme review"
question,L016-Q2,lesson-016,Approved,78e4a51700b88976b5710a713e55123252d560967f87a3275156242522bfe9c6,"Command word, scope and mark-scheme review"
question,L016-Q3,lesson-016,Approved,96da383a046d99199a3e18ae6f85474d4c9a7522d269a012e1741806bbf9ea5a,"Command word, scope and mark-scheme review"
question,L016-Q4,lesson-016,Approved,865bd07362565889be0f9675781c16a9ced434d4bd6bf9e90385b2cb1c4d8824,"Command word, scope and mark-scheme review"
question,L016-Q5,lesson-016,Approved,ec7c4990e777095394b8f722f500042d08c51bcc1393f82c3254790a19234b0a,"Command word, scope and mark-scheme review"
question,L017-Q1,lesson-017,Approved,f369d3a538e3719279b686eea42f9c2ddcff2472ebb37f83419a36a8ea1a0aba,"Command word, scope and mark-scheme review"
question,L017-Q2,lesson-017,Approved,0ce8afcd2aa611e01c9b6945340f0759e554e4bfd62463b2e6f3b0207a628e35,"Command word, scope and mark-scheme review"
question,L017-Q3,lesson-017,Approved,353cc30a2ebe5e172a7012c348f9263be8792a17ad0e17b13fc0a27926884404,"Command word, scope and mark-scheme review"
question,L017-Q4,lesson-017,Approved,efc76fff3875e22bae2b80b870eda89bbef2a60653221afb6d1734a2811264f7,"Command word, scope and mark-scheme review"
question,L017-Q5,lesson-017,Approved,1088ebdc97ed52c91b99b20bb6b78d867bf2f54105c9e566d4c688ee0fde8b3a,"Command word, scope and mark-scheme review"
question,L018-Q1,lesson-018,Approved,527aee06a75068992c0828ed558b0380d1d1632e06635f96ed5c5cb2b78cc1ee,"Command word, scope and mark-scheme review"
question,L018-Q2,lesson-018,Approved,321b7a93a7d8b05faa2801dc5ebc181bfa7a6f4296f575f1cea2364a8a9ef5b3,"Command word, scope and mark-scheme review"
question,L018-Q3,lesson-018,Approved,a3bc470de4fda178a712c932df7b81974639f4218f90fc502c7952ae75bfe057,"Command word, scope and mark-scheme review"
question,L018-Q4,lesson-018,Approved,a94f3985409c81760eaa09e5063eb21450e7374e142f9ed7bc4045179f3912db,"Command word, scope and mark-scheme review"
question,L018-Q5,lesson-018,Approved,a7f00d5c9fe97031e582cf311d8400b0fbe5882f7d422aac0fe9379b1ef85577,"Command word, scope and mark-scheme review"
question,L019-Q1,lesson-019,Approved,e9f5fd980f396fd0dcead46fb1dfa29a050f6f9d65267d9309265b19c78ba67e,"Command word, scope and mark-scheme review"
question,L019-Q2,lesson-019,Approved,0d81cce0f152c13f03ebb829d60fc09c3c8c410c175a432bfbba0d573febef65,"Command word, scope and mark-scheme review"
question,L019-Q3,lesson-019,Approved,5a6f1dd1e23d3d4d9358ffb029b4e5fe17cb29085362c8b4e4ddf0521ad103f9,"Command word, scope and mark-scheme review"
question,L019-Q4,lesson-019,Approved,8aaab7618dc2d0450b6c432119297e4de9fac067560b1520ea1d41a91b5bff3c,"Command word, scope and mark-scheme review"
question,L019-Q5,lesson-019,Approved,2effbc515ae6f4fe2c2d9cdb75cd19714f0e5359375bbe163f3783698f6a4361,"Command word, scope and mark-scheme review"
question,L020-Q1,lesson-020,Approved,894bd3e2ed8a380076217a2c9b50248a02babcaa60f1dae9baad7f8271eaad16,"Command word, scope and mark-scheme review"
question,L020-Q2,lesson-020,Approved,500b80c94a9c5d8120ac20e48019fc8248c2c1deb9abc91427f3fc6c528a57fe,"Command word, scope and mark-scheme review"
question,L020-Q3,lesson-020,Approved,920f825bcb987a21b0396ad9266c46a1281d7ef400efba875c1674e999bf5c50,"Command word, scope and mark-scheme review"
question,L020-Q4,lesson-020,Approved,04e97a1fde47ee27be5955651ef9fb108e7db84ab6f3ddcc4d0a7beec6999400,"Command word, scope and mark-scheme review"
question,L020-Q5,lesson-020,Approved,e2a17f98a0f32c604defbecacd337135b3b7768c99451e8660d19bda0cf8ec26,"Command word, scope and mark-scheme review"
question,L021-Q1,lesson-021,Approved,583ed60dbeaac30c84e80af3855ee8b3fe957c6f987a36f6dc5d6f103209e552,"Command word, scope and mark-scheme review"
question,L021-Q2,lesson-021,Approved,849a5f2b9a8625b1a0e5d2df6cf8c794c28052647b499ac8998d69097ae65dc5,"Command word, scope and mark-scheme review"
question,L021-Q3,lesson-021,Approved,74f3364aab7dab0dcb86b0630000b2c8695bc3044931125a6cbb7ab4d812670a,"Command word, scope and mark-scheme review"
question,L021-Q4,lesson-021,Approved,d72d6d686e35274b3a587f52472e2217915d0950cdc6ca62c96a146bda15ed4b,"Command word, scope and mark-scheme review"
question,L021-Q5,lesson-021,Approved,21713f269e12aefb8c92a834ac642e048a27bbdaf311fc1ec6621dd372637567,"Command word, scope and mark-scheme review"
question,L022-Q1,lesson-022,Approved,06d53016feef6ebb7c155cd9015ce8425fb65066c6a9298296f618b7099c8ee3,"Command word, scope and mark-scheme review"
question,L022-Q2,lesson-022,Approved,629113321829d06d72a1b45cd7d09a15d9efff5c23d5a73b99941c340e4a49de,"Command word, scope and mark-scheme review"
question,L022-Q3,lesson-022,Approved,6337c6c5de484a13558703e6f5ec28bef1943867632cf934eadb15aaa0a5ebd2,"Command word, scope and mark-scheme review"
question,L022-Q4,lesson-022,Approved,b3041ae5ecfa7237a6318d9b2b8672cde77d6af1ac99d59e025cdbbc23dcbf95,"Command word, scope and mark-scheme review"
question,L022-Q5,lesson-022,Approved,a01dd591ea463e4fb1004d0acdf3085a880d0671dea62d51ed48a8920f070c8b,"Command word, scope and mark-scheme review"
question,L023-Q1,lesson-023,Approved,705255232b4733a32057b62236569297aa47bd31e444036cbef184f49cae5c9f,"Command word, scope and mark-scheme review"
question,L023-Q2,lesson-023,Approved,9a1fd593ff6c913bae57f1804a1b2bbfdebd9c8d00ae3b6f1fc44a995cdbfa89,"Command word, scope and mark-scheme review"
question,L023-Q3,lesson-023,Approved,b064673786e8fa7305843ea56b554319ef873d94e1a12b167ed53b3199092a0b,"Command word, scope and mark-scheme review"
question,L023-Q4,lesson-023,Approved,0abdef67938b0ab02a3cb30cdd5198f7eb51b79ea8ee1b04f4c71e823198caa0,"Command word, scope and mark-scheme review"
question,L023-Q5,lesson-023,Approved,6f4f03d3505ee3f543091c835a79e2846a8ecfa8425b219ea62a2fc82cf54757,"Command word, scope and mark-scheme review"
question,L024-Q1,lesson-024,Approved,410a89f5402f7f904b9b7786fdb480afa5cedfb6b2fb661e1bb7c5fe65b96b8e,"Command word, scope and mark-scheme review"
question,L024-Q2,lesson-024,Approved,853406607e7b1c5b528027f4d22eb9bea8fd8e164b81f6dd4323cb6086c8136d,"Command word, scope and mark-scheme review"
question,L024-Q3,lesson-024,Approved,13a75dc309c8c15e7280d1b133b24443ff9ba60c7f1d631e46637143dabb2352,"Command word, scope and mark-scheme review"
question,L024-Q4,lesson-024,Approved,13889ebfca86ccb7966cfb46e05a9c343b510dba5f5a5403f6bc6dd9b44066dd,"Command word, scope and mark-scheme review"
question,L024-Q5,lesson-024,Approved,7e627d29989eaf8aaa4d2f9d315d97f52dfe27dce5c39e4ff806a7797a8ffa6e,"Command word, scope and mark-scheme review"
question,L025-Q1,lesson-025,Approved,d9d3328386a45a299bccfdc43fda98929d686606c8342cc1a69a57fbe5a5a47e,"Command word, scope and mark-scheme review"
question,L025-Q2,lesson-025,Approved,7ac2cfce93cec16cd573d9acca348c3405ebe10d4cfd82b97011eae3fed9d902,"Command word, scope and mark-scheme review"
question,L025-Q3,lesson-025,Approved,3f736a7476842f58397b2cb7a54d181de702eeb48ed996cfb036387a616d5538,"Command word, scope and mark-scheme review"
question,L025-Q4,lesson-025,Approved,dc1a6cfe11c88825dc211c6f8dd211fca80d02fcfefd8c5b8298e4855d4b94f6,"Command word, scope and mark-scheme review"
question,L025-Q5,lesson-025,Approved,ea732780c0c1628fd36e4138c444f229ef78ef0bad2f7b32f26fc97eb929f7af,"Command word, scope and mark-scheme review"
question,L026-Q1,lesson-026,Approved,5c93c21c7d938a5851b17701d3fdbcd7bb3b7dd54cc8cbb16ba9dcc9a20545e7,"Command word, scope and mark-scheme review"
question,L026-Q2,lesson-026,Approved,3c54f0d51645889dfcfaa911bc0a0b0f423d51541aa9d7b403281af988eb316a,"Command word, scope and mark-scheme review"
question,L026-Q3,lesson-026,Approved,70485fc39593946519ff86872ed1d5b22635ad71f32c1216abf641981e553c6a,"Command word, scope and mark-scheme review"
question,L026-Q4,lesson-026,Approved,3d1ab13b889e46f4e7d6bc02a9dd6a576ce6d218f50f36970c2e573526501ae4,"Command word, scope and mark-scheme review"
question,L026-Q5,lesson-026,Approved,664d96a120547d55b67cf87d4edb7bcc86a571725c72a16cfd62912fbcba5805,"Command word, scope and mark-scheme review"
question,L027-Q1,lesson-027,Approved,183a75911ef7bfe679a3df44d1afa8811778d3a343f7bab3ce782c91a0ea7311,"Command word, scope and mark-scheme review"
question,L027-Q2,lesson-027,Approved,439f73ed2233762a5363ae32723a973adf754bbb283e22913a8e6feb33c806d8,"Command word, scope and mark-scheme review"
question,L027-Q3,lesson-027,Approved,068614a72b6730dec9ff3edb8810f6e555de67888446e9c84f5f745fe9d37a20,"Command word, scope and mark-scheme review"
question,L027-Q4,lesson-027,Approved,14add0d96cb8e9e688941d9b29282937ced2a0be1f643b32b75adc4b1ea520a6,"Command word, scope and mark-scheme review"
question,L027-Q5,lesson-027,Approved,8c0972c5bb8d6c90c5d2d2d78097f014e5a472d72fb54e4530890f0937ed2082,"Command word, scope and mark-scheme review"
question,L028-Q1,lesson-028,Approved,b4091d328766d9367c5c8af9304be754d5cef3574a724985d862e914c91c1c9a,"Command word, scope and mark-scheme review"
question,L028-Q2,lesson-028,Approved,c739967a353eaf771c7c79a73affacc78f07f5b04bd101ca4e292bdf1c35c262,"Command word, scope and mark-scheme review"
question,L028-Q3,lesson-028,Approved,1cc265f55b8ffa1351816f0baca98c62fe1ce1dedb214b24dccdee48dcb783ef,"Command word, scope and mark-scheme review"
question,L028-Q4,lesson-028,Approved,2b5a4e243531919a3cc6bd88e159f8848c6f89f3200c7c620b3f574794104ef3,"Command word, scope and mark-scheme review"
question,L028-Q5,lesson-028,Approved,de3b184bad2e78bd2139bfe0d0502c8cd13d450467e97c2738a0011e8cc4699e,"Command word, scope and mark-scheme review"
question,L029-Q1,lesson-029,Approved,6da26721d9c1fd5a659ed1ad86698f002d68e94071714f227cc6fb0c0d09c1e2,"Command word, scope and mark-scheme review"
question,L029-Q2,lesson-029,Approved,4e5a6d08b8ca44635ce394aa22218b302c84ac7c43eff2b2b38bedffcd3f2792,"Command word, scope and mark-scheme review"
question,L029-Q3,lesson-029,Approved,9c30ab7f262cfa0ea74fec3ea1a2e0674fb7c37fa993a97203a3ef693718b6f0,"Command word, scope and mark-scheme review"
question,L029-Q4,lesson-029,Approved,3321e20619ed668352e10f12b3445b2e2eb42123d807037c7993aa49020f5cf4,"Command word, scope and mark-scheme review"
question,L029-Q5,lesson-029,Approved,10d4b6ae4f1271e89c959e861956aea8eb61dec85d47ce8d3771f92ca056391c,"Command word, scope and mark-scheme review"
question,L030-Q1,lesson-030,Approved,edbb273884b797bddeaca2131d3f74be8631f12455496a16c9d637868bc46fa7,"Command word, scope and mark-scheme review"
question,L030-Q2,lesson-030,Approved,b23e73c9131b476f4643631b47d74ccd537bef389497f4b4847815c059029386,"Command word, scope and mark-scheme review"
question,L030-Q3,lesson-030,Approved,adc9e5fa0a95e94219b451ed3f19391b0b4e09805f7007769566bc2b95a925b2,"Command word, scope and mark-scheme review"
question,L030-Q4,lesson-030,Approved,49466be01c8e81cb935265999a2c274b740d847db3f884fd28db15947830f82a,"Command word, scope and mark-scheme review"
question,L030-Q5,lesson-030,Approved,3864b60631b22acfa72099439e321e423d790fc61c421c41f1cfa0014411d69f,"Command word, scope and mark-scheme review"
question,L031-Q1,lesson-031,Approved,c96454c434222d2fa4ef533e765e9ad6d88be9a15fd857f58d37a495d63d42a3,"Command word, scope and mark-scheme review"
question,L031-Q2,lesson-031,Approved,aaa97088d4180dc5f5b863b548f0632f351c2779a2368ae448690bfbf02c0265,"Command word, scope and mark-scheme review"
question,L031-Q3,lesson-031,Approved,29adb679f1ced8e513e61cf4f4569182d9994d74f2fecf9495da1ad5d12efd0d,"Command word, scope and mark-scheme review"
question,L031-Q4,lesson-031,Approved,45874280541bdead87c94f508464af273d0e64734db687fb2340eccac6fb30e2,"Command word, scope and mark-scheme review"
question,L031-Q5,lesson-031,Approved,ec12c2503d626bb2b57c3f7323839faf8fcae5bca98ba467edb9c9b8a0542063,"Command word, scope and mark-scheme review"
question,L032-Q1,lesson-032,Approved,00b13ce64587d7481670c6c36e723968b045db553800ff60f7137bab441b836e,"Command word, scope and mark-scheme review"
question,L032-Q2,lesson-032,Approved,175a56488b8c2eccae9d0b2c555d5ca44fa0a4571e58f5c5b4955670c6dba177,"Command word, scope and mark-scheme review"
question,L032-Q3,lesson-032,Approved,25aea3d29295252de8431573e4fb7e4f06781d316a48d6ab41b1763592699d51,"Command word, scope and mark-scheme review"
question,L032-Q4,lesson-032,Approved,66957619f95de883f85b4a5e5e1271e5be67dcbb6a9a5335f36e7a2757ec840c,"Command word, scope and mark-scheme review"
question,L032-Q5,lesson-032,Approved,172c19881e10519d834f16ed6a68bb5188e4d7f3d1846f4683d70594df2c3cf2,"Command word, scope and mark-scheme review"
question,L033-Q1,lesson-033,Approved,0e82e4f4c257e04bdedc09889db8ba5bf760c02788dc3680f34e8bbde3d49820,"Command word, scope and mark-scheme review"
question,L033-Q2,lesson-033,Approved,dcfb72d7decde9b42f093bcddce78eea9ead7ad5b2157f28a6bdd3614ec02824,"Command word, scope and mark-scheme review"
question,L033-Q3,lesson-033,Approved,caa454b023048aea9eba9b474c253ebe1bef0ce24f199c41384ab51d8b8b55c6,"Command word, scope and mark-scheme review"
question,L033-Q4,lesson-033,Approved,7f0c0150294e2d0cf1282b75f9a3afd319946297d1fe8afcf416505a44b6878d,"Command word, scope and mark-scheme review"
question,L033-Q5,lesson-033,Approved,59eae5d48a9c6122995e5ee756b851a7af1379fd51e38d2deab702ad8e276c96,"Command word, scope and mark-scheme review"
question,L034-Q1,lesson-034,Approved,e4df5948d9d582eaf07b503cd831d9adc665dcea947a9b0c43642b2c7ed9df8c,"Command word, scope and mark-scheme review"
question,L034-Q2,lesson-034,Approved,bae57f3ebeb49e55b1605f175781be01494bc66d4beb0f85bec2dae02cc2cbac,"Command word, scope and mark-scheme review"
question,L034-Q3,lesson-034,Approved,0c217e77c5cf4b030859a7d1d69be6e1ff72ee01acb6d58edc74a348f4ff9f8a,"Command word, scope and mark-scheme review"
question,L034-Q4,lesson-034,Approved,6af7a9fcd2c2daeeae8a470bb6a61eb43f2a18fd2b14d6f65715a5f72102bc1e,"Command word, scope and mark-scheme review"
question,L034-Q5,lesson-034,Approved,db1ff3a0cb43b3ecd1ffbc8d0bf5b497d13681e07372b37458cfaea56b6c5b40,"Command word, scope and mark-scheme review"
question,L035-Q1,lesson-035,Approved,910d2677e2b45eeafaf0dac70049054da928d112a89729bd0711b31bf2453751,"Command word, scope and mark-scheme review"
question,L035-Q2,lesson-035,Approved,a0813285935a01f892c8abc40582aedd98accb613139d55e0c9fb88a3d5fefb1,"Command word, scope and mark-scheme review"
question,L035-Q3,lesson-035,Approved,e2064df9af2274f1871b86a36b53a27656cfbb750786b934ef8cfe8bf384fa73,"Command word, scope and mark-scheme review"
question,L035-Q4,lesson-035,Approved,7129fb0e569b719e9f0e81dff1388f88cc3e9df3567094ed9594c1ff886e6d11,"Command word, scope and mark-scheme review"
question,L035-Q5,lesson-035,Approved,91dbd0314c969c91b0820938ad04b126cf02a469197cc32b84064e0bd78ec30c,"Command word, scope and mark-scheme review"
question,L036-Q1,lesson-036,Approved,0d9e9d8d1fdb9a348f979f48bba8f7608cc9662e24840887b55cf0dd48c7f5f2,"Command word, scope and mark-scheme review"
question,L036-Q2,lesson-036,Approved,c2395c876f68d93fb6683ec24acf060469d733a33d7c1d075f4a4f058710f35a,"Command word, scope and mark-scheme review"
question,L036-Q3,lesson-036,Approved,66a38e84aea4a1d6548a5e83c66fb1325132588c7b4cd32af69f9a475699a65a,"Command word, scope and mark-scheme review"
question,L036-Q4,lesson-036,Approved,b688ec0663d57e445e575e00db09179571d85cf10fb5a83703ce11f5f2830c74,"Command word, scope and mark-scheme review"
question,L036-Q5,lesson-036,Approved,2f15afd4accd1a9517b4943d4abd9cbbe9cca1eb1b74f7ea708d3087b366a3de,"Command word, scope and mark-scheme review"
question,L037-Q1,lesson-037,Approved,474518adbe5acdf2ab77429f881ddf06d9666575d46ff1828642a1709c4e58d4,"Command word, scope and mark-scheme review"
question,L037-Q2,lesson-037,Approved,97f0491120a0d89419e9ea9ea762a0d5df1c491cff48a2647689b0a8118a9962,"Command word, scope and mark-scheme review"
question,L037-Q3,lesson-037,Approved,66ff561fe39ce7b909d91b033615dad3558bd29b830d70d25d044b44fca4c93c,"Command word, scope and mark-scheme review"
question,L037-Q4,lesson-037,Approved,edc2fb2f37a791140fc0e8b2d3b1c6de902cb43cd9d86a6585b5263563725573,"Command word, scope and mark-scheme review"
question,L037-Q5,lesson-037,Approved,30946c649414b5809a0531556a960f52b311e17eb1343b9156c03940a730b6c9,"Command word, scope and mark-scheme review"
question,L038-Q1,lesson-038,Approved,1649a9a1082d3a17e3684d7eca7ffbe2aefd37376854e25e3eadab2754dba9dd,"Command word, scope and mark-scheme review"
question,L038-Q2,lesson-038,Approved,a04345bb0b23651211732edb2e433719fa2e13dac076c012caf53bd0f1285092,"Command word, scope and mark-scheme review"
question,L038-Q3,lesson-038,Approved,02e24abae482e8ebdab0114206853fca673622a7d060234de5dd5de606a3ffc7,"Command word, scope and mark-scheme review"
question,L038-Q4,lesson-038,Approved,23d383594871a074ca86330a3848b9c6a8dad43e13c2d450de87f41e91970779,"Command word, scope and mark-scheme review"
question,L038-Q5,lesson-038,Approved,e65a9aeab118b8bc00b8e29d36dbaf0062058dd52cffcb41df4d1addf0387946,"Command word, scope and mark-scheme review"
question,L039-Q1,lesson-039,Approved,9a2cab5151a097c104401c7825177be2f86fc7c4486f7188264358753d63c1fc,"Command word, scope and mark-scheme review"
question,L039-Q2,lesson-039,Approved,eea75a6885682d707f9f43110da57074804e71c5f4440a2eb134a2d9db1d2a4a,"Command word, scope and mark-scheme review"
question,L039-Q3,lesson-039,Approved,a75f728a67552d6184cc5e2fb290ab55ab84df41a5d10bc57dd51aee89366545,"Command word, scope and mark-scheme review"
question,L039-Q4,lesson-039,Approved,4208e9e59bf252521782b9d3be165430504277f6a516dc69ab4222dc5928a038,"Command word, scope and mark-scheme review"
question,L039-Q5,lesson-039,Approved,837ba4b714291127289afd6a083dbd831a77955726bc971e4ecbc0fe26d89e56,"Command word, scope and mark-scheme review"
question,L040-Q1,lesson-040,Approved,11b215138ffe972e14696abe205b5feaf9b307e5d3dbedd36751e746cd5c0d2c,"Command word, scope and mark-scheme review"
question,L040-Q2,lesson-040,Approved,812b10f164f731726e0e6ed1084105dcd18d47e90635f77f3d4ff22475355fcc,"Command word, scope and mark-scheme review"
question,L040-Q3,lesson-040,Approved,1903562718c2c8e49766c3ecf8a47a1184f1b1d76b44ce8db4a3154c8087fc83,"Command word, scope and mark-scheme review"
question,L040-Q4,lesson-040,Approved,ab6247bcdc63fc305043cb98f636e059047baf72fba58be30f73b892f062c106,"Command word, scope and mark-scheme review"
question,L040-Q5,lesson-040,Approved,b8f2fdf630d9d00c29153798dbec63ad34eb94c07267dd08683ce3ed1a2dd940,"Command word, scope and mark-scheme review"
question,L041-Q1,lesson-041,Approved,e6178fe9a98b9d2353f53f36f4ee87935a9fe7e5bfa2324828527246159b291e,"Command word, scope and mark-scheme review"
question,L041-Q2,lesson-041,Approved,eeb5e1aa784d8d2d58e044067d6d255dadfec502ca9a578a7ae9566a628d84a1,"Command word, scope and mark-scheme review"
question,L041-Q3,lesson-041,Approved,4ee2f8c760354d40983321e6c24ec9575674420e344571355207a2429cf1106a,"Command word, scope and mark-scheme review"
question,L041-Q4,lesson-041,Approved,ef4bb699399eab57340abfccd766a777dc476e864e7455810b47697ee475f0d1,"Command word, scope and mark-scheme review"
question,L041-Q5,lesson-041,Approved,ab75bc8f699ce20896b74d36b80453e0fe9280abec99d75e877aecb1f324763f,"Command word, scope and mark-scheme review"
question,L042-Q1,lesson-042,Approved,df4540cc8dd975e994378bf0ca840d3bb7b1ba1955d8a31433e56b168a810323,"Command word, scope and mark-scheme review"
question,L042-Q2,lesson-042,Approved,d16ded42f88bee208d318b5ff879847e533fa6d42fd63ba11884123687d05d4f,"Command word, scope and mark-scheme review"
question,L042-Q3,lesson-042,Approved,f02cab09a775988b5713bc3fe4b724a44be81377a753b9deb04736c198ac9c42,"Command word, scope and mark-scheme review"
question,L042-Q4,lesson-042,Approved,7020a7eaee8613137c096eb3e4fd682496b02bfd922317d4f7512ce3ace5ed32,"Command word, scope and mark-scheme review"
question,L042-Q5,lesson-042,Approved,88a4f832c25bd2a9b06208552bfa5f88c083e4055c12d363de9ea6df4bb5fb9d,"Command word, scope and mark-scheme review"
question,L043-Q1,lesson-043,Approved,35811ee737eef121eb8bad9a256952cd7bf81915179741ad520ec714a9f22b1c,"Command word, scope and mark-scheme review"
question,L043-Q2,lesson-043,Approved,bbc2eae1b8f55d30bf556105ea8f30312ee1f724d0c3fcf2f5dab440ead7a00a,"Command word, scope and mark-scheme review"
question,L043-Q3,lesson-043,Approved,21176650658d7f0d791bc50ffc466be9bd978890776539c40fd981cc6f3034f9,"Command word, scope and mark-scheme review"
question,L043-Q4,lesson-043,Approved,076df1b88cce83e46c34802bf851991b2322353680eac4b4372199223c55c499,"Command word, scope and mark-scheme review"
question,L043-Q5,lesson-043,Approved,34ebb35d241d72d5ea8aaa088324e4ec111bed46f9e933e4d83b59d3972a9f85,"Command word, scope and mark-scheme review"
question,L044-Q1,lesson-044,Approved,2b2969423a4ba56aad187de2c82c49a47b2f72db7c255bd58083572f178a52c1,"Command word, scope and mark-scheme review"
question,L044-Q2,lesson-044,Approved,4c4c4bcd533ec07c4f77be69bac44af882cf1a8de74e44cc1fc3571583dea137,"Command word, scope and mark-scheme review"
question,L044-Q3,lesson-044,Approved,4f636e9652e7e953d30f5d704120bab41a5e35dcffd320b75d17e429e27a43cb,"Command word, scope and mark-scheme review"
question,L044-Q4,lesson-044,Approved,f74592288cad4e9633f720f0126dbacd3ea97dc08ea2d4fa1d342fe64eb77d25,"Command word, scope and mark-scheme review"
question,L044-Q5,lesson-044,Approved,f2e7bfea9ec285fc92d355bd0b88079e8fc0d11c4dec33e5174daf03a1206861,"Command word, scope and mark-scheme review"
question,L045-Q1,lesson-045,Approved,1117cade013927ca3fc1f1c4a39ac265026a9106fa9aa1199f459b63c7d78f02,"Command word, scope and mark-scheme review"
question,L045-Q2,lesson-045,Approved,6ec0f56334742979a7eb2994d9388365e53d685b239913eab2d40df9af1a0952,"Command word, scope and mark-scheme review"
question,L045-Q3,lesson-045,Approved,60da871a09fd9dc8127e37e586efddb5f54f5094a45c6a3269706a88d6586c46,"Command word, scope and mark-scheme review"
question,L045-Q4,lesson-045,Approved,1e4fabb67e300e531abd21748d63c6546921d61079092270c11e3dfb8c55aee1,"Command word, scope and mark-scheme review"
question,L045-Q5,lesson-045,Approved,7b26e95ed513de8d8307fb5eeeb51da826b288981040d61f3d435a2791a686be,"Command word, scope and mark-scheme review"
question,L046-Q1,lesson-046,Approved,0b6ad469d509bbeb140de873f967fd012cfe150bfb255c8a32d88a9f1e1e03d9,"Command word, scope and mark-scheme review"
question,L046-Q2,lesson-046,Approved,23c0653fc675b6b32ebff10bd36563d4eca1c679e9cb0592ae28896a498259f7,"Command word, scope and mark-scheme review"
question,L046-Q3,lesson-046,Approved,6a74f2e921608f169fb88ffa256766ff5bbfee57952c4df8f22dc28be03d9db6,"Command word, scope and mark-scheme review"
question,L046-Q4,lesson-046,Approved,3c5ee5b8f2d452d1f282738b96c623533b107260157fc38858fce4b56422c8e6,"Command word, scope and mark-scheme review"
question,L046-Q5,lesson-046,Approved,770b23a9b7be4f2f9eadd2a49b94de8a2a0d6b6bb15538dae668dd4bf050edad,"Command word, scope and mark-scheme review"
question,L047-Q1,lesson-047,Approved,567030226aa967810d7f6c339e59fa15a084f20d857722a42915145ff766ef96,"Command word, scope and mark-scheme review"
question,L047-Q2,lesson-047,Approved,52c39fb0ca2f1b745600966671f27cf005de5029f8d3760d4772079b90c217dc,"Command word, scope and mark-scheme review"
question,L047-Q3,lesson-047,Approved,522cfb1e16262f6727f6356649f20e4c5f4e535a992f9755b5797bf544b2f03e,"Command word, scope and mark-scheme review"
question,L047-Q4,lesson-047,Approved,1de34ca36c87ac574b8e92f525cfb3cc615df3d985e7b8447cb442fde7449734,"Command word, scope and mark-scheme review"
question,L047-Q5,lesson-047,Approved,9f117c2bfb3ce0aaa6f73c5b495afe7d44f2b5997c76464214862ee2c8d08fa6,"Command word, scope and mark-scheme review"
question,L048-Q1,lesson-048,Approved,11b569b7f0918edacf43eb1de4d6b21fed9b1ba72dc00be81091a56c45f33975,"Command word, scope and mark-scheme review"
question,L048-Q2,lesson-048,Approved,68aded99a70799bac9119257aceea77818b6b18b7428cb1ad282773e9626b097,"Command word, scope and mark-scheme review"
question,L048-Q3,lesson-048,Approved,693729da77fb35180535e1a545cd0ac5199c327e92527d1db645164b1f0e1e0d,"Command word, scope and mark-scheme review"
question,L048-Q4,lesson-048,Approved,7da09266025ee89098dbc0d8b7369c50cd4689c8cc3d008ca3aaf5813daf638d,"Command word, scope and mark-scheme review"
question,L048-Q5,lesson-048,Approved,7d46c00aef4db82d62ca076442c4f91e3ec6f4e79d03126e0d4b5729f76a5854,"Command word, scope and mark-scheme review"
question,L049-Q1,lesson-049,Approved,50877d1909d4b6127e51ddb77214126c209a8df5262f90d5baed013c534f649a,"Command word, scope and mark-scheme review"
question,L049-Q2,lesson-049,Approved,f6c2edda9328eb8975c62460801a707ea0695f967a6c38f421242666654cc964,"Command word, scope and mark-scheme review"
question,L049-Q3,lesson-049,Approved,6520e90324e47109425c13a0e6877675463ae9138cf168c4378f60915fc5029e,"Command word, scope and mark-scheme review"
question,L049-Q4,lesson-049,Approved,29c9afd51487fad9b20553072d0e2a5294586ccfb6b0e2aa71810722eaa75b39,"Command word, scope and mark-scheme review"
question,L049-Q5,lesson-049,Approved,a336e7904d5f02d9c67607ca469d3c238bc18557d53c98e707aaf1c8289df559,"Command word, scope and mark-scheme review"
question,L050-Q1,lesson-050,Approved,d841338b8668902916a990e62ae54e76b95cc92e9993e6cfdc0ef0a116149a99,"Command word, scope and mark-scheme review"
question,L050-Q2,lesson-050,Approved,0b1ee9039a9fa109c612716dfefe40c847c6127962fb88b3b5bf722392e647de,"Command word, scope and mark-scheme review"
question,L050-Q3,lesson-050,Approved,a57926b017d54d34a6b0dcac362deb09879a6d4b887104f975c5b0b00a218450,"Command word, scope and mark-scheme review"
question,L050-Q4,lesson-050,Approved,4d47e586156f54554fd72800131c8e8070066492bcaed1f3a5c4d067c1f78287,"Command word, scope and mark-scheme review"
question,L050-Q5,lesson-050,Approved,6f6be5ef67b724d506234564ee82a09eadbe54d1c4732d3deaee5d209ee53683,"Command word, scope and mark-scheme review"
question,L051-Q1,lesson-051,Approved,10a9edd8dfbf2ded7ef0e2fa0900252d7db12ac3bd2befa0f5c4c5cacbd97595,"Command word, scope and mark-scheme review"
question,L051-Q2,lesson-051,Approved,22584e56966793944354c5388776d39c0b3735833452cc778bc72671ff39f9e0,"Command word, scope and mark-scheme review"
question,L051-Q3,lesson-051,Approved,9ef8ff7f1b0e99a792344580527e996dcc627ed5b62c4537b044d039beb10d1d,"Command word, scope and mark-scheme review"
question,L051-Q4,lesson-051,Approved,76d46feb6ca3e66d000440bacfb75252727bd4869730445a53dc6914a1875184,"Command word, scope and mark-scheme review"
question,L051-Q5,lesson-051,Approved,9097f858706ed7475c00a731a8193f830be46a3cc94f1138bae454798de81004,"Command word, scope and mark-scheme review"
question,L052-Q1,lesson-052,Approved,17e0cb12ce817907c469f5f5c8e87128943e7e7091dcb52ecc8debd966816078,"Command word, scope and mark-scheme review"
question,L052-Q2,lesson-052,Approved,21751c7b5c068bc6f67b00703acf830e6d65cba0a4decbed6cf5b4e1aa626e25,"Command word, scope and mark-scheme review"
question,L052-Q3,lesson-052,Approved,68dd2f471c181824b4b71a2a03207ca205c7d8769565024a1ce88cac960ab1cb,"Command word, scope and mark-scheme review"
question,L052-Q4,lesson-052,Approved,cf8eda8ebca939518e2f8443f0ad09b7d46a050362af91b9af765b46b05a5eca,"Command word, scope and mark-scheme review"
question,L052-Q5,lesson-052,Approved,4946f0d30ae392021dc866d7abc79e52235da771edede61819722878a5295494,"Command word, scope and mark-scheme review"
question,L053-Q1,lesson-053,Approved,f50f647f0d0990bdb8bcb89e616f1ff49dbd3b2f4f5ff916615badb993bbca41,"Command word, scope and mark-scheme review"
question,L053-Q2,lesson-053,Approved,58bcadad31da4091a89b2574466f744f24ea54805721d60a4f04efb16438e328,"Command word, scope and mark-scheme review"
question,L053-Q3,lesson-053,Approved,77e20c04f6a612007aad9a9c9fd9fec298f0a19b53332b09bad4d16e6ee995c3,"Command word, scope and mark-scheme review"
question,L053-Q4,lesson-053,Approved,eceb3b37e8d53fd80e7bc3d21e816f4c0aaf4c23e89d49cc1984bfa964c2b4ac,"Command word, scope and mark-scheme review"
question,L053-Q5,lesson-053,Approved,a7bd1fb7ec9382794ea9caf16fa2c6b649c2a85ce03cbef299b5ea32b98a8930,"Command word, scope and mark-scheme review"
question,L054-Q1,lesson-054,Approved,1ff8b8307bb21262a2e8ef49787143027e3bd9bfeda225e80606307069f8e454,"Command word, scope and mark-scheme review"
question,L054-Q2,lesson-054,Approved,60e83e10b526be88762e6bc7aff7e4f13b95849698ce7db0cbcd6744c9ddb7ec,"Command word, scope and mark-scheme review"
question,L054-Q3,lesson-054,Approved,1851063440ab183e70959b8d73ea53be5fc4257b11a3605e428252b51c6b581d,"Command word, scope and mark-scheme review"
question,L054-Q4,lesson-054,Approved,931bc76c950de1b30b0e928610c82a3720d3b49b49676739d2ae4b67156daf33,"Command word, scope and mark-scheme review"
question,L054-Q5,lesson-054,Approved,2b6587aa7be731bed9ab710a958c78ad89577b1ea4e9edd5b97513980ef4487f,"Command word, scope and mark-scheme review"
question,L055-Q1,lesson-055,Approved,ee86416334a836eb0fa36073425d030dbfbe1e81eed08a2a2da15ec8d7dc0078,"Command word, scope and mark-scheme review"
question,L055-Q2,lesson-055,Approved,0c62c2eec31a6ec6977fa724e82e7e91e75ae431ba1daff29bdf232cc4d03c15,"Command word, scope and mark-scheme review"
question,L055-Q3,lesson-055,Approved,95474a3b2de4aa614b33b181d58c03fa022aad88174e54c5a9812d912124a077,"Command word, scope and mark-scheme review"
question,L055-Q4,lesson-055,Approved,2ff92fe3725fd287e37976a9663ca5629f5fa5a7b04fb4237d131ea55888400c,"Command word, scope and mark-scheme review"
question,L055-Q5,lesson-055,Approved,6b5f0e945d001847d8f20eb3f37f7eeecd0afd3ecea6cc7db992bbb101ef24cc,"Command word, scope and mark-scheme review"
question,L056-Q1,lesson-056,Approved,5b73e0abb5f5e33dfd3fb4422b23522e526803731c68bea9f861e8213c500474,"Command word, scope and mark-scheme review"
question,L056-Q2,lesson-056,Approved,adb6dbc475c001b243ed9c84a7046a058beff5e1d043ac6546a2dca1ebdc600d,"Command word, scope and mark-scheme review"
question,L056-Q3,lesson-056,Approved,274e269131bd60f439ceac1b52a8e741127ba976e8f736144d006e95bfbd59e0,"Command word, scope and mark-scheme review"
question,L056-Q4,lesson-056,Approved,a76295b8924d7e310cea0f21382cd91e27cab78f5e643bb4b5ddedf01c646792,"Command word, scope and mark-scheme review"
question,L056-Q5,lesson-056,Approved,01749439acdb17419339640d837c2d2859af533ed491b40723a5aa57011c0d0a,"Command word, scope and mark-scheme review"
question,L057-Q1,lesson-057,Approved,014988b398c97bdcce1f93a198ed4ed14aeb1766a793052d3231f59286009f21,"Command word, scope and mark-scheme review"
question,L057-Q2,lesson-057,Approved,72c4c9869d3b9f6e2989ff1524c7ab5e38a6db9ad26a1d163d9747339eaa0fc5,"Command word, scope and mark-scheme review"
question,L057-Q3,lesson-057,Approved,c999b62405264bdbd536f42906004a1b25af48389cbab345a585a7b986a35bb8,"Command word, scope and mark-scheme review"
question,L057-Q4,lesson-057,Approved,4d5cdcfcccbbf4534cc3832eadae66348639ea47d7bc3402c8110c5601cfd333,"Command word, scope and mark-scheme review"
question,L057-Q5,lesson-057,Approved,981068f0eba5483cba531f480814360a01bd65b8dab6b6a720dacb1970689612,"Command word, scope and mark-scheme review"
question,L058-Q1,lesson-058,Approved,61a6422c639de05f3824953e7776070504595ab3e06294f5d30ed647c2e9940a,"Command word, scope and mark-scheme review"
question,L058-Q2,lesson-058,Approved,aec521637097d823b52da9439540284114e747c3540aee7210f2db8623400609,"Command word, scope and mark-scheme review"
question,L058-Q3,lesson-058,Approved,9bfb1fa2d6d2b30f23b76a86052df6b938ceb21d3ab8d85561f72624977f143e,"Command word, scope and mark-scheme review"
question,L058-Q4,lesson-058,Approved,f7ca03a497600f518a1f724d71959a51eae6f4cdcf5cccf3d973a251df0af339,"Command word, scope and mark-scheme review"
question,L058-Q5,lesson-058,Approved,b4575de52dc462d5c91de345bd3b52a3e174c37f2ec87e0cc9b22ed2b728c1ca,"Command word, scope and mark-scheme review"
question,L059-Q1,lesson-059,Approved,62aa75a076c232991e88cd9e574e5099392a1ed83e50bfd7a6b3e8b738c5b8ef,"Command word, scope and mark-scheme review"
question,L059-Q2,lesson-059,Approved,43ee7107750d47fd18bd4e6cd6916d1560633f68e188e7e6155144404c378357,"Command word, scope and mark-scheme review"
question,L059-Q3,lesson-059,Approved,6a1fdd052899d3cd6a80ba6a9915d103d07e858a1cdca1f2e8d918feac216305,"Command word, scope and mark-scheme review"
question,L059-Q4,lesson-059,Approved,67fd5c59f51c8acac60fc9c11c20048ff6b36312b5394b4a7d4415719eeebedc,"Command word, scope and mark-scheme review"
question,L059-Q5,lesson-059,Approved,ad3cbe8510a959bb10267a4986be94d922ca9556fda12eca2e11d48a5ac24392,"Command word, scope and mark-scheme review"
question,L060-Q1,lesson-060,Approved,be1e6b1406e15cfe9f4f3f7923042c70aadc1219a0ff4da362599544a8e405d7,"Command word, scope and mark-scheme review"
question,L060-Q2,lesson-060,Approved,893e1b849ea5d0acc90088b55b6767335da4ec4bcfd9b99aa307a95840dbfcc3,"Command word, scope and mark-scheme review"
question,L060-Q3,lesson-060,Approved,d51baafc7c2fd4b776c26be35492b7ee97b72c1331a372796a3cc070d5639c95,"Command word, scope and mark-scheme review"
question,L060-Q4,lesson-060,Approved,81fa4aa39d287c572620bfbfffdc0c1efcf268aa51bd9c2ce2ff8a23dc468b2a,"Command word, scope and mark-scheme review"
question,L060-Q5,lesson-060,Approved,f74fea91abf5add75b0d24e7c8abce99a99a3ba86e2b6491d0fe798969da32d2,"Command word, scope and mark-scheme review"
question,L061-Q1,lesson-061,Approved,a4722b89ead69739c9191002b6699f73a9b8a4a2be32260d2b79e8bbd0c778ea,"Command word, scope and mark-scheme review"
question,L061-Q2,lesson-061,Approved,28413fc2eb9a822a91099b3b9dee08c0853342608bcdf01cb0a98d6bcdb25e95,"Command word, scope and mark-scheme review"
question,L061-Q3,lesson-061,Approved,c8bad7c7dcc0322e45a1649c834ba218db8e70858a51d0d61f8ef72c3cc0828f,"Command word, scope and mark-scheme review"
question,L061-Q4,lesson-061,Approved,65b562b9118c27313bb88a4f4f4baf8747c55e1c55ba5815cf461c86dadab6b9,"Command word, scope and mark-scheme review"
question,L061-Q5,lesson-061,Approved,566c4147f7c6cf2b4d9a1cb16ef2da2380f39cb626dad6f3e20e9b72fff2fe65,"Command word, scope and mark-scheme review"
question,L062-Q1,lesson-062,Approved,067a20554d80dc544db155e0b1e0fd30df8a7204a2c3fb61b9cc5bedceabadcb,"Command word, scope and mark-scheme review"
question,L062-Q2,lesson-062,Approved,a9cf303d0435f6e8d57c181577d2c042918a1366402e7adf79f49f8063d8d5cf,"Command word, scope and mark-scheme review"
question,L062-Q3,lesson-062,Approved,d008673e6ec86727c9ff65764ca904ab81c4433be365249dd9047a975ea8e01c,"Command word, scope and mark-scheme review"
question,L062-Q4,lesson-062,Approved,896a627cee586aa6688cc21278c928a19ba08ab785edbe360168366df63b715d,"Command word, scope and mark-scheme review"
question,L062-Q5,lesson-062,Approved,d01c0a47287ae6e49e3e8c21c3945c4ab9a752cc1a075aa4060a9cf66c3ac90e,"Command word, scope and mark-scheme review"
question,L063-Q1,lesson-063,Approved,00fb4bbb3a18c80c4d383f170ceabdd4d6cef17893e0188518e6de0098dc8338,"Command word, scope and mark-scheme review"
question,L063-Q2,lesson-063,Approved,cbde3e58be69237af02d5627d04441994a7b82242f2477d643b88a9571463fbf,"Command word, scope and mark-scheme review"
question,L063-Q3,lesson-063,Approved,2843b6ddf520c8fdbaf59d0e35cae2be3828f9a4b1d3eb69faed4b54817cd2f9,"Command word, scope and mark-scheme review"
question,L063-Q4,lesson-063,Approved,687d67dae1192a4ee1489dd8d34d86c5efd1823ed32f6dffa6019bd18f665920,"Command word, scope and mark-scheme review"
question,L063-Q5,lesson-063,Approved,6ae4d0e70c13ad85a12dc72fe959f7d42350ec160d7aa8bd834bf31daae4ba2a,"Command word, scope and mark-scheme review"
question,L064-Q1,lesson-064,Approved,73c7e316c7e36c165c9cc520fc3df16ed3c64287640becad963766dc328e6347,"Command word, scope and mark-scheme review"
question,L064-Q2,lesson-064,Approved,4b5049769cc809a62bb25a5a4587339167ed7db7f7ae59d0ff12e1701ecab160,"Command word, scope and mark-scheme review"
question,L064-Q3,lesson-064,Approved,9af314045214865d7bdde11fc42d6e8f008597becac81eb06ac9b9e316883fd1,"Command word, scope and mark-scheme review"
question,L064-Q4,lesson-064,Approved,a65575d0fe8679f56fc70fbe5025f24a33975a40ea8d83e687b3ef96abedc064,"Command word, scope and mark-scheme review"
question,L064-Q5,lesson-064,Approved,d5b38013db59b60bce1a2f17a2ffadfc9e4918db304f31b4462af004287c4ed4,"Command word, scope and mark-scheme review"
question,L065-Q1,lesson-065,Approved,ade0d84155f0d9efe3d0727d5e7841442e1fc69bb2d2866bf5e70aab5862f348,"Command word, scope and mark-scheme review"
question,L065-Q2,lesson-065,Approved,2f3bf76758cfd47adda2a3b66398f16d03672856bfc9a88b3d6d9f409d46da91,"Command word, scope and mark-scheme review"
question,L065-Q3,lesson-065,Approved,aba6a283e107654b4efbae18cfcfe463eee7981c7fc1fd8f15414e412aa56b1a,"Command word, scope and mark-scheme review"
question,L065-Q4,lesson-065,Approved,09272ad367cc5616089aab674af5820559d551bffc7ca2c0c5617fc017aa1a02,"Command word, scope and mark-scheme review"
question,L065-Q5,lesson-065,Approved,ef91300405ed4e6ba9a7c43f890ca8a43b2e2bce8675c3cce8b78ebba2495ec8,"Command word, scope and mark-scheme review"
question,L066-Q1,lesson-066,Approved,4519b2d46afedcd33eeb5b76c43ce177db24836ca4c2697d3bd713d7321c7259,"Command word, scope and mark-scheme review"
question,L066-Q2,lesson-066,Approved,dcfaf6707ee1064f6fe6ffb68d83f04fb3945e3d348f93b1b93805abcc4a2a8b,"Command word, scope and mark-scheme review"
question,L066-Q3,lesson-066,Approved,107f0176a1efd4413e54c0ea7bcba53af34bcb51398e22e401918387f50f96b3,"Command word, scope and mark-scheme review"
question,L066-Q4,lesson-066,Approved,24ed0f062a0ae705c4cb879df806210a9ba2385ba53a37b231f6f71ade11cc7d,"Command word, scope and mark-scheme review"
question,L066-Q5,lesson-066,Approved,41e8cbeddc65a4045d0fdf65197c3e19f1e4bba43bdcca4f443551ccfabcd1c5,"Command word, scope and mark-scheme review"
question,L067-Q1,lesson-067,Approved,57b1d3554192032b44130c7aa403264c47b4d53e04b1c77c358f98d312c2df0f,"Command word, scope and mark-scheme review"
question,L067-Q2,lesson-067,Approved,7dc582a2d9bf888d9bb962932ab8fd6e83a1f0548fe7c170221e66a5adb30b33,"Command word, scope and mark-scheme review"
question,L067-Q3,lesson-067,Approved,cd7fb0c0b63f5b1bdc4d3cdfa66c4318756215e29fa9b177826941c20d307a0a,"Command word, scope and mark-scheme review"
question,L067-Q4,lesson-067,Approved,a642de0964c12e111522586da1359b916dcfafa0bdc0690e44c09db5c6a317ec,"Command word, scope and mark-scheme review"
question,L067-Q5,lesson-067,Approved,a3050d648cf1d9d478b277987882fa9c54568801ee4c667a94cee0a2d9dbfd8e,"Command word, scope and mark-scheme review"
question,L068-Q1,lesson-068,Approved,d75b40faad434ac758096d569351671791377e575b4d992bce60c098efb0f026,"Command word, scope and mark-scheme review"
question,L068-Q2,lesson-068,Approved,2cce63242d1641caca30968539a897df17a1308e22fbf4b9b52011202c6d007e,"Command word, scope and mark-scheme review"
question,L068-Q3,lesson-068,Approved,65d52ede603c19a701134928dfd03fee1a73609dbc4a6edd88ced6dcf5347b3c,"Command word, scope and mark-scheme review"
question,L068-Q4,lesson-068,Approved,a245a27dc3e4ebe828400518a396b6701e8eec7d29752e580676e0cd2d240f25,"Command word, scope and mark-scheme review"
question,L068-Q5,lesson-068,Approved,cdccccfe69a6f88c7d53d92e16bf6b67c5eaa72dbd7cafa67dbe5942222454c2,"Command word, scope and mark-scheme review"
question,L069-Q1,lesson-069,Approved,c3f53de6f42976d2f42fdc5cf4d33eb20b1441861f67c8e68908dacf46019dda,"Command word, scope and mark-scheme review"
question,L069-Q2,lesson-069,Approved,4bc376df43762c405168ee4017d27a445f0e217e14f18dfebbb3ccf2e63f9324,"Command word, scope and mark-scheme review"
question,L069-Q3,lesson-069,Approved,81d7466a1df32beee7a0738f1a0830147e8f9ca8612cf5e6afb4f9c716dfae0f,"Command word, scope and mark-scheme review"
question,L069-Q4,lesson-069,Approved,e5823f8fefe5f5c3c9e924e1ca6349b65246892afb80e79a326423485c22b887,"Command word, scope and mark-scheme review"
question,L069-Q5,lesson-069,Approved,7227c4231ff6b0960f9a854eb42535519a38e4da001a575ed7ad210af667e110,"Command word, scope and mark-scheme review"
question,L070-Q1,lesson-070,Approved,453d30ccf486ac2fe473a816a584de7c06d491df5187a9db4ad57a334eb59b83,"Command word, scope and mark-scheme review"
question,L070-Q2,lesson-070,Approved,d8a255e6d43d5b51358b0fafe10a7b2c15040891eda9cd4020555fbdf1f380b0,"Command word, scope and mark-scheme review"
question,L070-Q3,lesson-070,Approved,f25a7b333c7bef8b15e827c20492196ddbe4298daa70a2a367fabd6f3795e7e0,"Command word, scope and mark-scheme review"
question,L070-Q4,lesson-070,Approved,2a2b723487338b0a444d5573d52d4937c3e3ff423c67e3fb06006b1b102c5bda,"Command word, scope and mark-scheme review"
question,L070-Q5,lesson-070,Approved,e34b11a94cfe122a19abca1c249120f54b6a1901658533bc7d45da40d8e6782c,"Command word, scope and mark-scheme review"
question,L071-Q1,lesson-071,Approved,e6b09c827cf210c3d51c2534785ad16e17636c59830ae80f4f354cd79c5bf92a,"Command word, scope and mark-scheme review"
question,L071-Q2,lesson-071,Approved,ed7842fce4def6be304d85b518e8beb0b9b315372a31b4c8b3f28b91d6b6672a,"Command word, scope and mark-scheme review"
question,L071-Q3,lesson-071,Approved,c39d81f0203c6edba69e2d7a1664938ddda84c26e212d5efa9ca361d70776416,"Command word, scope and mark-scheme review"
question,L071-Q4,lesson-071,Approved,c574fcda28c7be391ec54868557b453d28cda781fc544f947f5cfcd753e4b0c7,"Command word, scope and mark-scheme review"
question,L071-Q5,lesson-071,Approved,f6b450bf8178e33067bda00c2037195c22f9fe0e5acbe9b3da04729ce9f4a212,"Command word, scope and mark-scheme review"
question,L072-Q1,lesson-072,Approved,11644a83678d8069fa9801e979663988150d63b7e4efa30444ff91da39fcf40c,"Command word, scope and mark-scheme review"
question,L072-Q2,lesson-072,Approved,94f1b0553ac43c484ffe7dd65e1c854ab3ae9e2f72ab7b4a0a205883aad45ee3,"Command word, scope and mark-scheme review"
question,L072-Q3,lesson-072,Approved,aee2c8369e6547474a49ac8c7fa462f5afefa4634acc17192f76b7be75fe7fda,"Command word, scope and mark-scheme review"
question,L072-Q4,lesson-072,Approved,dfc04185b2d70e45bac41141135f49d5d2775ed58556309f1f691f568fad4958,"Command word, scope and mark-scheme review"
question,L072-Q5,lesson-072,Approved,24466e9c5f76f92b73bd06bd839db4d67aa6d61894764e8b8fc2f4486a73c0c0,"Command word, scope and mark-scheme review"
question,L073-Q1,lesson-073,Approved,fd950d15fe7b21c5b92ec7ae2f4e900a20619c6e4122676e375e92c1532e19be,"Command word, scope and mark-scheme review"
question,L073-Q2,lesson-073,Approved,81b1e4515f661c31f97cc524b05b84f435ec43e3aa71045560fa028098233d4a,"Command word, scope and mark-scheme review"
question,L073-Q3,lesson-073,Approved,107e072794abbde7e58b8f6ae5ef7c22d98165a9ffccd26f7fffe59336b2e6f7,"Command word, scope and mark-scheme review"
question,L073-Q4,lesson-073,Approved,c914edbb88a53ec8f106157341b5f83d3fd721d56293230ec9fa9924b34f9c5d,"Command word, scope and mark-scheme review"
question,L073-Q5,lesson-073,Approved,3448a4dabfdc143540f78492c8ff753ee5208f1e435ccef12a12dd34c6d8eb38,"Command word, scope and mark-scheme review"
question,L074-Q1,lesson-074,Approved,c8a8e6ede8fb1e29decefe462ba0a26159bfd4ceffb56bbf1305c500525fa1a6,"Command word, scope and mark-scheme review"
question,L074-Q2,lesson-074,Approved,3d9dae4b6c8e18de30120651f688ae48ea47cc648e1d04448a0a5f39d48a6e81,"Command word, scope and mark-scheme review"
question,L074-Q3,lesson-074,Approved,9ce5c17658fd392561d8a908d797b5b3d3be494727211d79597fd62511cf4d0a,"Command word, scope and mark-scheme review"
question,L074-Q4,lesson-074,Approved,0ab8b8e3e016ec0efd83f3f9c252d70dd729b54126961b95e52f70423da9398b,"Command word, scope and mark-scheme review"
question,L074-Q5,lesson-074,Approved,348e07233115897cfb6cd866bea67f3654eb8dbc1e4fd673fa1ad9b51c48f9b7,"Command word, scope and mark-scheme review"
question,L075-Q1,lesson-075,Approved,33d8cfbd249a76adbe0799b58dca8a92473a523f6afa9762ed5a665509915f63,"Command word, scope and mark-scheme review"
question,L075-Q2,lesson-075,Approved,6149db96b6ccde8c71838d2150268f133d282592ce22c919a9fcc459e2fdf784,"Command word, scope and mark-scheme review"
question,L075-Q3,lesson-075,Approved,3c2cea0d81fcf738ad86b3f83508aff813cd5163d05b7976764134dd5572adc0,"Command word, scope and mark-scheme review"
question,L075-Q4,lesson-075,Approved,723dfb1100b7417923df744eb290e117f5b9d742cd18e04f0536432375396c3c,"Command word, scope and mark-scheme review"
question,L075-Q5,lesson-075,Approved,f66b45aa452f45992c16f7d00fae52e49e9f16f0742dd65e31d017785b0cdf18,"Command word, scope and mark-scheme review"
question,L076-Q1,lesson-076,Approved,114672d8b54d3502bde04d3a6d34f6090f18321f52e960c7a9ba00c87c412315,"Command word, scope and mark-scheme review"
question,L076-Q2,lesson-076,Approved,3f85b94da158c2016a17b3c7e496611963b977cf2a97ad5d58347f847130d764,"Command word, scope and mark-scheme review"
question,L076-Q3,lesson-076,Approved,7490d961e75ed757896f04cb0bec83805ffc2e0d46164c7655a706ff95e83904,"Command word, scope and mark-scheme review"
question,L076-Q4,lesson-076,Approved,b645c59d161e0d3137f4907bfefe14e115956bc51353d299e5f452a6be61c27c,"Command word, scope and mark-scheme review"
question,L076-Q5,lesson-076,Approved,3a7f1d3ac8b7b0f2abe39ff1e3b72638e38cc0ee1f9c208d62dcf74ed1fc98c3,"Command word, scope and mark-scheme review"
question,L077-Q1,lesson-077,Approved,42456412dcd735d9dd1750115167c8c8cd6018004747cd2bac89ee9c9fd459b6,"Command word, scope and mark-scheme review"
question,L077-Q2,lesson-077,Approved,37bcc0782b1425111392214ea73a056c29b77716b4bdd5ae553c69be7faf78e4,"Command word, scope and mark-scheme review"
question,L077-Q3,lesson-077,Approved,1a3944235b4972de32ec1d5c51f91d877d9b7e2c9971718e8a4d0fdb5862b85f,"Command word, scope and mark-scheme review"
question,L077-Q4,lesson-077,Approved,4578815b4cf4e52d3fb6978e238f4eb1fc5e67fa297cb1f010d3229c0594c39a,"Command word, scope and mark-scheme review"
question,L077-Q5,lesson-077,Approved,449cc83163c7648566ad96084bbb241a86212117c9f7401da68590bbc8883e5a,"Command word, scope and mark-scheme review"
question,L078-Q1,lesson-078,Approved,5731bfaa8f8fa1890df04d0f68b38de434761ba8303828e81bfebbea92bb84cd,"Command word, scope and mark-scheme review"
question,L078-Q2,lesson-078,Approved,c1c4c6176a9788c5367369cf9fe22cf05d6cbfadb82d4993459ade1dc7678f4c,"Command word, scope and mark-scheme review"
question,L078-Q3,lesson-078,Approved,c45722c78403552e6eaed9aa36f87c8645369765c6ca398be4616810c936d681,"Command word, scope and mark-scheme review"
question,L078-Q4,lesson-078,Approved,070c3649a1bfd51dc3c16d9e8a53531b1cd3f0e7669cc3d0af23f1ddd90cfeee,"Command word, scope and mark-scheme review"
question,L078-Q5,lesson-078,Approved,300b05741c564bf03736fa2eb06213a81a6e2675e36046a2f35dc82e929e69b7,"Command word, scope and mark-scheme review"
question,L079-Q1,lesson-079,Approved,aab5bec1aaec0c8e23773d56a945fce620074b5a1fec6f7a783eeb57c8663022,"Command word, scope and mark-scheme review"
question,L079-Q2,lesson-079,Approved,a04b19eed9ff688dd0fa0f09e8620293108552eedbbb5d748fed6f0949183ad7,"Command word, scope and mark-scheme review"
question,L079-Q3,lesson-079,Approved,8f713de217cc045c6a1333bb65d90247b298e5d768bf360fa20ca02dc92a073d,"Command word, scope and mark-scheme review"
question,L079-Q4,lesson-079,Approved,4e8130d841ba87fe75d3ce59f3d3862ec2f82f4209fa70266ffea8774c92f1b0,"Command word, scope and mark-scheme review"
question,L079-Q5,lesson-079,Approved,cb4a24a8c71ac664d3c595fbcc2c86059e65c1e4079e71b5e0623bb54992c6c9,"Command word, scope and mark-scheme review"
question,L080-Q1,lesson-080,Approved,82d0529c0acf5953d3ae64a9d576c8b44ae51508773ce46316d713c34e41d8f9,"Command word, scope and mark-scheme review"
question,L080-Q2,lesson-080,Approved,5ce2ffb293bbaea83052a46e010d876dffb1fccf8058e691611e69531a7ce1f0,"Command word, scope and mark-scheme review"
question,L080-Q3,lesson-080,Approved,66374dac1e1cc93b3bf7eb7f8625a171790ab47711faeceee905ec586bc337c0,"Command word, scope and mark-scheme review"
question,L080-Q4,lesson-080,Approved,c60b58fe8df61b7fa1f97147384135d14512d239798cde05ea14f684f7efd207,"Command word, scope and mark-scheme review"
question,L080-Q5,lesson-080,Approved,538bb67b92610dcc33ad11f2da156585d5daf3f804d80a6f69aecaf593806b48,"Command word, scope and mark-scheme review"
question,L081-Q1,lesson-081,Approved,be2dce5a26250ad386056006e04f3fb5f283d908cc59e4cc0f0c960a8459bcf1,"Command word, scope and mark-scheme review"
question,L081-Q2,lesson-081,Approved,eaa8c90930cd1059a66edd5f6797f6ab9ca4ef0dd07c8000591abe34164c15de,"Command word, scope and mark-scheme review"
question,L081-Q3,lesson-081,Approved,2dd0fe9c6456ae4c8dc37cbc328867937283cb51d4deed6caa3a6881c0014ea5,"Command word, scope and mark-scheme review"
question,L081-Q4,lesson-081,Approved,85b60314eef28f4653dd57d0b214059448722fed43e192c120a0e29d0ec9beba,"Command word, scope and mark-scheme review"
question,L081-Q5,lesson-081,Approved,1c97dd17cb20e3374594de1c71937c349bb15d1b94e65a514efee2b511ed09da,"Command word, scope and mark-scheme review"
question,L082-Q1,lesson-082,Approved,17973fe700db5e1676821a54eadd880fcd1ee983858042f12946050a231af627,"Command word, scope and mark-scheme review"
question,L082-Q2,lesson-082,Approved,e07eb87fd40505d64d34b8f130f93dd7a28e6e636242175fdaaa16b71034149e,"Command word, scope and mark-scheme review"
question,L082-Q3,lesson-082,Approved,e1ef4474a6127ea3cc49f38526b16782600c1a34e809eb416346f2d8c9de7009,"Command word, scope and mark-scheme review"
question,L082-Q4,lesson-082,Approved,fe1cea8658f46f69e079c6a5a3ccc09a0759fe0de1c289f8cb62710b76ea059e,"Command word, scope and mark-scheme review"
question,L082-Q5,lesson-082,Approved,fa71e7e7e3fa302d06513a7abe6e6f7848a82c0688036edd786f4e084ead3f2f,"Command word, scope and mark-scheme review"
question,L083-Q1,lesson-083,Approved,7f1ab6e7c34cc4494a9a24d273816f6639ef289923aa2bfdd9a84695f53414b7,"Command word, scope and mark-scheme review"
question,L083-Q2,lesson-083,Approved,5a2ceccfbf1ca40dba94c72c4553e2f76e8e7abc06151d891cb0d5cdb6e64832,"Command word, scope and mark-scheme review"
question,L083-Q3,lesson-083,Approved,1e8a482350259bdcfbae6a3616ee19c377a6633a53d9c2eb1cf141bdfd8110e4,"Command word, scope and mark-scheme review"
question,L083-Q4,lesson-083,Approved,87886a2a192a2dd394e228e3d1f07ed6a7fc552edd486f32298a567a6d9948c9,"Command word, scope and mark-scheme review"
question,L083-Q5,lesson-083,Approved,dc061fb055033376e89b5fa11d6d6b4d29895550a5ae653c7d963db7967381ab,"Command word, scope and mark-scheme review"
question,L084-Q1,lesson-084,Approved,5835a57e185dfa0be81771ca37298101b70ecb6c1ef843a064f2016577768f35,"Command word, scope and mark-scheme review"
question,L084-Q2,lesson-084,Approved,e3b1c492450a851b444d0a0293a93699656efa5147666f87cdef054b4fa82efd,"Command word, scope and mark-scheme review"
question,L084-Q3,lesson-084,Approved,206fdc06cbe23f0164a0d7c4de00f14446d2d8e2a0669a35f2c0c97406cf33cb,"Command word, scope and mark-scheme review"
question,L084-Q4,lesson-084,Approved,a3c1a67928b96e652937dc471b74e9f4f071955576bf2ff3bdc92865eaa19675,"Command word, scope and mark-scheme review"
question,L084-Q5,lesson-084,Approved,8f98c66334155f7622db31b0eac285604b45178e83430d2eb1c120c8b24c9f3c,"Command word, scope and mark-scheme review"
question,L085-Q1,lesson-085,Approved,919c63f16de46c86d8e4c9e9613454d38fd4f8dbc8b44fea0ffd81ae1448a961,"Command word, scope and mark-scheme review"
question,L085-Q2,lesson-085,Approved,9f7d06df99c194a2efd56b4a85f343c1f534c347f3aa62b1605ca21b7a31c4e9,"Command word, scope and mark-scheme review"
question,L085-Q3,lesson-085,Approved,86088e444e4c4c5cd706221ed8e22c81d385a07d1ab49d6fc48cbe78e5e790f2,"Command word, scope and mark-scheme review"
question,L085-Q4,lesson-085,Approved,5307f76431b2be051c1d74fbd66b993278ae3cd74b22c71f1500990e23b311fd,"Command word, scope and mark-scheme review"
question,L085-Q5,lesson-085,Approved,d9d71621917eac67e6985d91eaa3993dafca9a2fd8626196c23fc3ad550efbfa,"Command word, scope and mark-scheme review"
question,L086-Q1,lesson-086,Approved,faa8b2ff18eed5072c48b3ba71b812acff23ebb484736b0fbdae6e041423d525,"Command word, scope and mark-scheme review"
question,L086-Q2,lesson-086,Approved,782526be6c7c8e60441a3e6558593bb8b763cd0139a2514ea064413b150c5dab,"Command word, scope and mark-scheme review"
question,L086-Q3,lesson-086,Approved,97291a8e6e68e23b2757dd96aa33ea4b60fddfab6da870da85dd0463c9db89bd,"Command word, scope and mark-scheme review"
question,L086-Q4,lesson-086,Approved,ab242de7d8a4eea534f6deb389cae2d23253ff304c1bab3b334c85f294c7c8d2,"Command word, scope and mark-scheme review"
question,L086-Q5,lesson-086,Approved,976d2e309df20b3e961ef9f231012a0344fa63fa6cd22bdd61bfd83088fe479e,"Command word, scope and mark-scheme review"
question,L087-Q1,lesson-087,Approved,eb63b4dbac81d8b8c8550dacb8a9e64372e660ba65681398bb82be147174ddd3,"Command word, scope and mark-scheme review"
question,L087-Q2,lesson-087,Approved,337188b183f23b9c38b938025c05bb76198c361bdb0a01f737d6082155b692a0,"Command word, scope and mark-scheme review"
question,L087-Q3,lesson-087,Approved,a90f2ac58b05fb960e7ccd078d3db9412d6fd58e49179ece7c1a755b5ad2c7c1,"Command word, scope and mark-scheme review"
question,L087-Q4,lesson-087,Approved,00c2addbce1d488e4831d2fcd811ea368944efc25d04f20f876cff7b786e6079,"Command word, scope and mark-scheme review"
question,L087-Q5,lesson-087,Approved,c37cdb4816b1291ae905f8694e755934484b0f71c386545694efb2a6763a5fd3,"Command word, scope and mark-scheme review"
question,L088-Q1,lesson-088,Approved,717db85583dac41850246d105022fa2e699c726ee3f7cf34c8c296e9c66e556e,"Command word, scope and mark-scheme review"
question,L088-Q2,lesson-088,Approved,08f9e346abd2c7eb1103fe40b9521c64db7e93c71cc4c0688891d9a8103dddc5,"Command word, scope and mark-scheme review"
question,L088-Q3,lesson-088,Approved,bc9ea6d808e39c156ac7027f43bf393beefcc53e267d1c325d906bf398164b01,"Command word, scope and mark-scheme review"
question,L088-Q4,lesson-088,Approved,01a81b4d757d94fff12122b860194e43a1bcce44f3a52cf959bcdb9e3b784421,"Command word, scope and mark-scheme review"
question,L088-Q5,lesson-088,Approved,923cbd80d726aa1ca11128d54f2e4530bddc65fe423f11081c43d68adbaa53af,"Command word, scope and mark-scheme review"
question,L089-Q1,lesson-089,Approved,8afbbe84b95fc55d9eceaa5ecf6d6492f985e701bcf0a9b3ae5dabcc8feff343,"Command word, scope and mark-scheme review"
question,L089-Q2,lesson-089,Approved,fa52f7dd2d60baa47e2d5b98dc41af0b2383025a8228768f5d29226f5a667095,"Command word, scope and mark-scheme review"
question,L089-Q3,lesson-089,Approved,f6eaf478d97d74742630ef6c7fa7f33d76faf473f51a038afc7209d8243e6bac,"Command word, scope and mark-scheme review"
question,L089-Q4,lesson-089,Approved,0bf62d94502d4088f272155e1a73d6d90f6aaee775cfda6778709832d50ba6e7,"Command word, scope and mark-scheme review"
question,L089-Q5,lesson-089,Approved,16e2910d3e4695d587acfc318edc7c308e5b1be0f200a55564694c2af3172702,"Command word, scope and mark-scheme review"
question,L090-Q1,lesson-090,Approved,85f60250f5add2272134f120b5e54106a77e867706a05885e69d8cd97bf218d7,"Command word, scope and mark-scheme review"
question,L090-Q2,lesson-090,Approved,b98ec94c36fe0b96dabd3709f4036500afe09ee31559ca72d734df735992087d,"Command word, scope and mark-scheme review"
question,L090-Q3,lesson-090,Approved,9f7aa520b1546c0306c6fc35d664e883be7f78acb7e60ba9f33b4f4616322c54,"Command word, scope and mark-scheme review"
question,L090-Q4,lesson-090,Approved,84a3680b9415d495284969e2a2ec8458ba1d0437d8c0f721627be31faeadc685,"Command word, scope and mark-scheme review"
question,L090-Q5,lesson-090,Approved,ad9e9f14f6d2d4f19e9a4dcafd395ee70f3548143e1385bbd5c7e7f5bceb998b,"Command word, scope and mark-scheme review"
question,L091-Q1,lesson-091,Approved,95be539406e45172e935021126ccda23f48362e0b59c23495395f86d45551165,"Command word, scope and mark-scheme review"
question,L091-Q2,lesson-091,Approved,96386ca2f5138ba7f3db80b2ae2945caba62f668f289906f413e177291583227,"Command word, scope and mark-scheme review"
question,L091-Q3,lesson-091,Approved,9a33f77b6a67542f1baeb5e7cf5b3f2d08b0d065a45807b3407ed370e2533960,"Command word, scope and mark-scheme review"
question,L091-Q4,lesson-091,Approved,0623b1172df4e0360f40beea681a480694d0238620d8eb74b989dbfa9af88a82,"Command word, scope and mark-scheme review"
question,L091-Q5,lesson-091,Approved,d5fa37fb3a6478c6b7cab801dba7d14fa35b10f90c662abb390f78cac5ee985e,"Command word, scope and mark-scheme review"
question,L092-Q1,lesson-092,Approved,7b0527c4037e111295d80e6bf87d35a2339b011b8bc5b0931991614f2f3d2fde,"Command word, scope and mark-scheme review"
question,L092-Q2,lesson-092,Approved,6d78e1077af4d2b82329f2c3690c7c532184b0209dbb9e67956a932a60d629a5,"Command word, scope and mark-scheme review"
question,L092-Q3,lesson-092,Approved,cbb21f7fda44486a9c2e1ed421cfe4d347b387a76d9f9210979717b0f6b831b9,"Command word, scope and mark-scheme review"
question,L092-Q4,lesson-092,Approved,e6020ed6bf8c9f4513c38aa94948107c1437438445a30a9afb7c71e0a6451324,"Command word, scope and mark-scheme review"
question,L092-Q5,lesson-092,Approved,71f7e6591abdd453d0deca95cd61d2b4ef82796cec6e7d7317efc918dd571624,"Command word, scope and mark-scheme review"
question,L093-Q1,lesson-093,Approved,8951bee2c5de2bb8d8a7c44f99ab762dc42ee5e8e74d480c9c4cd950af270a9e,"Command word, scope and mark-scheme review"
question,L093-Q2,lesson-093,Approved,978c1c0f022c1199510dda5f15cdd733bd34fd737198fa2c3beeab1514e2a879,"Command word, scope and mark-scheme review"
question,L093-Q3,lesson-093,Approved,cadd91873312da2ce807e134eeff03fdf062023424b79d2d1e03a567f5cc716c,"Command word, scope and mark-scheme review"
question,L093-Q4,lesson-093,Approved,cb326be26007d161940a30917788adc247e40e10c9d88a746bc0ee9a7c0bc9e7,"Command word, scope and mark-scheme review"
question,L093-Q5,lesson-093,Approved,71f57b5350d869ee60fa9f3c5b102fb90525d3729c27a58f5b2a23d5536e5241,"Command word, scope and mark-scheme review"
question,L094-Q1,lesson-094,Approved,31760c1de2a46c9ffe1cf2b68909f345a8b47e246ba9ae806c194f9349e1ce3f,"Command word, scope and mark-scheme review"
question,L094-Q2,lesson-094,Approved,7317a834f2932171625d051e6f17e90e2472b561b11a100774fa5e2548fecbf1,"Command word, scope and mark-scheme review"
question,L094-Q3,lesson-094,Approved,9a9f6c7e7f5e05c556f8c101ab9b850e551b6450f34ed6e534c4650ddda50883,"Command word, scope and mark-scheme review"
question,L094-Q4,lesson-094,Approved,6d97fb286e9f685f2b7d8a1d25088583d31ccc73789af0190e2741cc2997cd2c,"Command word, scope and mark-scheme review"
question,L094-Q5,lesson-094,Approved,c608d0c8070c0c69e06e02dd48df7e76ae545308f681e11418fff4d164821f4d,"Command word, scope and mark-scheme review"
question,L095-Q1,lesson-095,Approved,737cd6b88238c22ea0b1d29a1953e4c8771bf51de16527f50822575c0206ce04,"Command word, scope and mark-scheme review"
question,L095-Q2,lesson-095,Approved,6a1661ad57af7b09e69d120ea7e603c9e2a34ef14efd226aae09c67bd2e18996,"Command word, scope and mark-scheme review"
question,L095-Q3,lesson-095,Approved,cbc933154413b9f0d5945ef291ab73c7c7785306d3f9be5ca89d49480182bb96,"Command word, scope and mark-scheme review"
question,L095-Q4,lesson-095,Approved,a0db4d6fa6d33c145deb450df7f374493300efb7c804729a01f8c26f8ba25a6d,"Command word, scope and mark-scheme review"
question,L095-Q5,lesson-095,Approved,067715c263b8fe183ac9fec70f9b3b7305d50c2c8aa2990180723d5d12d07c06,"Command word, scope and mark-scheme review"
question,L096-Q1,lesson-096,Approved,9c50ec1a14ddd8a57640c612449ce58697144241b1a50506ad5ca3b7afb300f9,"Command word, scope and mark-scheme review"
question,L096-Q2,lesson-096,Approved,fa94ffbc750b96090e7eeb929021000171d8e4d2ed7a1b08fd2960a9155208d1,"Command word, scope and mark-scheme review"
question,L096-Q3,lesson-096,Approved,dd0230c973b6ed4b3726968e10f10d80bc9021fed0da3fa94428499bb254a6c4,"Command word, scope and mark-scheme review"
question,L096-Q4,lesson-096,Approved,76df0aac68a27dc8cb89047aae3067d47e5d3eb8ae4b50cf9e8f47e8f61f06f9,"Command word, scope and mark-scheme review"
question,L096-Q5,lesson-096,Approved,0b38090a8b5077f00fb916a309f2618aa5e9f06aede021cc8291e72d8c553169,"Command word, scope and mark-scheme review"
question,L097-Q1,lesson-097,Approved,4db134e9691119fe53ab5fefe5f70dae831eb0739cd22da6c86d08186a37f60c,"Command word, scope and mark-scheme review"
question,L097-Q2,lesson-097,Approved,394498edf7730daa065049ccc4c8c08bbb0e519455845a3052b143197b71a79f,"Command word, scope and mark-scheme review"
question,L097-Q3,lesson-097,Approved,046259f7751b62d5648ac55a53d09340be03d15c6868792cf263204269133b5d,"Command word, scope and mark-scheme review"
question,L097-Q4,lesson-097,Approved,45f52fd723df737d8b17bcdc6be99fb5e9f11ea41716ddad07bcfded8ff74a4e,"Command word, scope and mark-scheme review"
question,L097-Q5,lesson-097,Approved,8f8fc2e09fb99f7ff08575a8bb8e0fa89aae912a73071553af42a38e5b846686,"Command word, scope and mark-scheme review"
question,L098-Q1,lesson-098,Approved,4ce676b1dc3a14a1e7156ab09e31689cbcb93b1c6048b78ea7e6bc65318fd00f,"Command word, scope and mark-scheme review"
question,L098-Q2,lesson-098,Approved,6edacd414f35d6bfd087d990d446b263edb3f4cd32af0733164a5e84fe2a8c67,"Command word, scope and mark-scheme review"
question,L098-Q3,lesson-098,Approved,b4ea9d9172fa3247321a86e09e7c2b568f44b596201d69ae679a292d975afdde,"Command word, scope and mark-scheme review"
question,L098-Q4,lesson-098,Approved,f07824364ad9b0336096c14f1c7310eb677476bb234dbb86f0b159bcc755bdaa,"Command word, scope and mark-scheme review"
question,L098-Q5,lesson-098,Approved,da87945fbc4535674906dafb6b11a5f774870e1372679367e76d763508d128ff,"Command word, scope and mark-scheme review"
question,L099-Q1,lesson-099,Approved,2021321a65c616665a2e23d30bc7be32a96a4304c9707a7e1bfa6f97fe741a1b,"Command word, scope and mark-scheme review"
question,L099-Q2,lesson-099,Approved,7b9ee64a31a100b060be209dc7df83958329e302a7de1aac5c1733b6758fc09f,"Command word, scope and mark-scheme review"
question,L099-Q3,lesson-099,Approved,f56392023a64866f7717259eba949c680193d6710254bbd84b686102ad60828d,"Command word, scope and mark-scheme review"
question,L099-Q4,lesson-099,Approved,4bdca85165f956d97607d3785c70d359e7a5ca9c9477ff2725898aa796dea1e0,"Command word, scope and mark-scheme review"
question,L099-Q5,lesson-099,Approved,c500e87c7e924068c899596adc09f138e0cf5949dc73cf4bca061bf3225406bf,"Command word, scope and mark-scheme review"
question,L100-Q1,lesson-100,Approved,4f1e588655273a286eb41b842b0cf9386df746ed8e6821d4fe3af7234b01d900,"Command word, scope and mark-scheme review"
question,L100-Q2,lesson-100,Approved,3bc37e94477e269ad506d6b8adbed0cecb133d4b633c0abf73fb28f2d98c953e,"Command word, scope and mark-scheme review"
question,L100-Q3,lesson-100,Approved,4e55a26c6da6e059727bafb78734832ae55581f88513f24e6c501f33a9ca5695,"Command word, scope and mark-scheme review"
question,L100-Q4,lesson-100,Approved,ff8d009c9fdaa5ff73573515ce28007a91a3ed860886a3f8ff89ac210298647d,"Command word, scope and mark-scheme review"
question,L100-Q5,lesson-100,Approved,146a50a162b7dfea0697add0f32005d8be6a88c4a78fcb560d91e2ab04f0e0d3,"Command word, scope and mark-scheme review"
question,L101-Q1,lesson-101,Approved,482853853313abb6982e8b73f8766d378ce9c9151f7873985819da4494fafce6,"Command word, scope and mark-scheme review"
question,L101-Q2,lesson-101,Approved,c06ad28b00db289a846be1f990625ca9dbbbe375cb2176ee0701ac713d2b403c,"Command word, scope and mark-scheme review"
question,L101-Q3,lesson-101,Approved,4f80c9d50d2fce0635191edcc2f4cb93de5484e135b9ea638358d0ddf018e8f4,"Command word, scope and mark-scheme review"
question,L101-Q4,lesson-101,Approved,57bababd225ea33417f30fc002567411c3e90f52a535ad15c6fbab770d0adc33,"Command word, scope and mark-scheme review"
question,L101-Q5,lesson-101,Approved,47c470cfda36de549bd42ba1479f8762441029ca4b514c8ca08903ed0d102309,"Command word, scope and mark-scheme review"
question,L102-Q1,lesson-102,Approved,ca29cc25767e72ba15252e36ad4eaab7b7aae24c0b98a795a5d1eeb3ae521647,"Command word, scope and mark-scheme review"
question,L102-Q2,lesson-102,Approved,0a1ee038a89619bd07739ea564e30a534d89000ae5c6207cc88af6b2231e910c,"Command word, scope and mark-scheme review"
question,L102-Q3,lesson-102,Approved,f07c9ad805082d4fdbef78531f976b7deb700a2db316e6864095f65a50a95186,"Command word, scope and mark-scheme review"
question,L102-Q4,lesson-102,Approved,a35873e9abcdb49cea6e689374488cfad375183a9125f567745308877784325e,"Command word, scope and mark-scheme review"
question,L102-Q5,lesson-102,Approved,dd35c22da508648e7e046b3a1143319ce15917cd19e6fe4a2a78b6d53221596a,"Command word, scope and mark-scheme review"
question,L103-Q1,lesson-103,Approved,1b4b8a7e73cec8e6a3e4bf6b9140fe62ab0060f9a0d5ac07f881427d9a298028,"Command word, scope and mark-scheme review"
question,L103-Q2,lesson-103,Approved,396e684d3aacc2d48a041306c52bc4dfba623ac033487051fbf09a8189eee60b,"Command word, scope and mark-scheme review"
question,L103-Q3,lesson-103,Approved,026074d4bfa017811ba5867f685ec16652c3a14298ffe3cb7b51a7fc014ef2c0,"Command word, scope and mark-scheme review"
question,L103-Q4,lesson-103,Approved,5ecb684b414ce8f0698bff5773a722fa6acc1e5399f9d6056b0b650f33fb722f,"Command word, scope and mark-scheme review"
question,L103-Q5,lesson-103,Approved,0b0c7695b9473d05dc0fbc1dd4959c5f9f073a9a717c9420dc0f5d7fc5654d76,"Command word, scope and mark-scheme review"
question,L104-Q1,lesson-104,Approved,2d137ed3bb0f1be8d7f83b230bc0db6dc26fc484ce10cb52093406afaf0e8409,"Command word, scope and mark-scheme review"
question,L104-Q2,lesson-104,Approved,a35fb10c24df9209658c42ba78471fd60dd07cdb8ba7fcab62b9d247a1c9ac5a,"Command word, scope and mark-scheme review"
question,L104-Q3,lesson-104,Approved,4e22ad0c0ddb929612cefd368946290c9d76b0248ed94ea9920a7d2bc2b010c4,"Command word, scope and mark-scheme review"
question,L104-Q4,lesson-104,Approved,b6bd45da22c2a54c61560f70a5520eb7078c81b88a4d32f9e803c5debee71d95,"Command word, scope and mark-scheme review"
question,L104-Q5,lesson-104,Approved,a07f31426b824ac1701ace18f341dec1453574ad9f23a59c6b539ed66fa6e1ed,"Command word, scope and mark-scheme review"
question,L105-Q1,lesson-105,Approved,23dab214253451f67058a7a5b0d4c96da6f975c1b00a9bd583a0922c7b93bfe9,"Command word, scope and mark-scheme review"
question,L105-Q2,lesson-105,Approved,05275a242f910be8629b0e2f5099ac79165e165512c9395acb549d5392731d51,"Command word, scope and mark-scheme review"
question,L105-Q3,lesson-105,Approved,6b2c7bf1348f20aff38d67d71a8fb6a6efc80c0dd610da2bece6f05f0dfdaba1,"Command word, scope and mark-scheme review"
question,L105-Q4,lesson-105,Approved,d9e33e66344ef9b3828189e84518430612af27a45498af06b95e3527bef2b898,"Command word, scope and mark-scheme review"
question,L105-Q5,lesson-105,Approved,f56dc77e37b6b2ba190c522af624570f1d5f52860fe52f699fcd85568034d1a3,"Command word, scope and mark-scheme review"
question,L106-Q1,lesson-106,Approved,9bce227a7a0c6abf8d5d470c0f3798f1f4c231b8f82484dd31773cfc8d7a3081,"Command word, scope and mark-scheme review"
question,L106-Q2,lesson-106,Approved,d396a32e9ef9bdef5c004914e6318c2520d4ecadc1c263eb4c603b4f5d874db1,"Command word, scope and mark-scheme review"
question,L106-Q3,lesson-106,Approved,348d90a1007bad7b5c84039e4c9f08d30923dbb88b67396053a4b90302dcd596,"Command word, scope and mark-scheme review"
question,L106-Q4,lesson-106,Approved,41e37d5d0940a5da95ef4d4a3e010fe56ec943f9f6ef8d16dc542ea95be22a35,"Command word, scope and mark-scheme review"
question,L106-Q5,lesson-106,Approved,d09198aaaa65b84d85b7281b74031efcf30921030295e1f42b240bc1d1bb0f49,"Command word, scope and mark-scheme review"
question,L107-Q1,lesson-107,Approved,043ebd27ef6f0600058f62fe9ecd1a8100b9b31ba054cda0994d40bb63e6fda4,"Command word, scope and mark-scheme review"
question,L107-Q2,lesson-107,Approved,67330b4f70f1b6ef9190e9c85c2b983a07ac453936922a9c3c11086993a32c75,"Command word, scope and mark-scheme review"
question,L107-Q3,lesson-107,Approved,3db6df3b669e80cfdac15917841cc3fb9001a7a4fdbfee3894f3609d6bf06525,"Command word, scope and mark-scheme review"
question,L107-Q4,lesson-107,Approved,db920ef19f3a7410f8aef3e92b26b1bcb695fcd50a572e700a8c078de70bc314,"Command word, scope and mark-scheme review"
question,L107-Q5,lesson-107,Approved,e9932e23b21fdff2870a557e644613f48f34d2ff4ce8f3846a325d2b2db743c8,"Command word, scope and mark-scheme review"
question,L108-Q1,lesson-108,Approved,ebcde03e7fddd2ad02d77470e5cde1d9e5d638bad0b1d2ce860a78ec4ef35eb1,"Command word, scope and mark-scheme review"
question,L108-Q2,lesson-108,Approved,5ebae8e7bd9e326f37084ba81c1c9e5ac07e201f6838488860cf842cda2e3d31,"Command word, scope and mark-scheme review"
question,L108-Q3,lesson-108,Approved,348fa0e7b0ea0aed44503097e6dd494d15e75cdd69d0c4ec5300e248dfc0e271,"Command word, scope and mark-scheme review"
question,L108-Q4,lesson-108,Approved,6a5a272787c9b0ee4c6aaaab8c6fa4e81f5817c7bbceab4c7a338ccd1a0bf1b6,"Command word, scope and mark-scheme review"
question,L108-Q5,lesson-108,Approved,e5847afd9785b281956969c4bfec128fb89ebfc0ed5802a342f5d0e1dd23e102,"Command word, scope and mark-scheme review"
question,L109-Q1,lesson-109,Approved,516799180730cc63ef9d72f948f2a748533c9b68052c3666b4dda07611e8d5c0,"Command word, scope and mark-scheme review"
question,L109-Q2,lesson-109,Approved,1d528b53a438ae72d819dfb6216f08c2670e627266f3440fdadbf13ab9be6930,"Command word, scope and mark-scheme review"
question,L109-Q3,lesson-109,Approved,6544b967b1fec3b3e7f52209bb6ea2be834bd61860a82b5edfde8230127a9826,"Command word, scope and mark-scheme review"
question,L109-Q4,lesson-109,Approved,64736df8e831a6483ff57159b744fe93d463bbcc0d4f549ecafadfb2c46440f3,"Command word, scope and mark-scheme review"
question,L109-Q5,lesson-109,Approved,7b1ee1740a5a506f44803725653b47f1069cedc20e2ebfff1cdcc9180d7591b6,"Command word, scope and mark-scheme review"
question,L110-Q1,lesson-110,Approved,8cbea658fb35a0ce67ded6ea616fdb718fb6a38c883abe7e222fae47f2d62d81,"Command word, scope and mark-scheme review"
question,L110-Q2,lesson-110,Approved,6c94813a4e1ade6af817013a59e6a11affa663e80fb225f9300fa02d11ec511b,"Command word, scope and mark-scheme review"
question,L110-Q3,lesson-110,Approved,e76cee9dfcab77b667813dbe219e89535d85989f58fc6bbeb75a8c876c70189f,"Command word, scope and mark-scheme review"
question,L110-Q4,lesson-110,Approved,fabeb7a326812c474b16c3dfaa9d327786f8305811834a5bc08afad7d0bf2cb6,"Command word, scope and mark-scheme review"
question,L110-Q5,lesson-110,Approved,fe95723376a366b4358e193ef50e1d7a0f138ce5c2434e296156ca5f89ce853b,"Command word, scope and mark-scheme review"
question,L111-Q1,lesson-111,Approved,1212728932fa627921cb97c06b8e51bc3d14552f1841ebdebaa95efb42658cfc,"Command word, scope and mark-scheme review"
question,L111-Q2,lesson-111,Approved,6ac3bed31369aa788c36da4f43fd9de8c9e81590afa0bf9262abbba5205a427c,"Command word, scope and mark-scheme review"
question,L111-Q3,lesson-111,Approved,1d3c3e66c67c640c2d681b4db20d3ae0cd5d622229c4c5299b2fb58f13665054,"Command word, scope and mark-scheme review"
question,L111-Q4,lesson-111,Approved,63a5bd1931f7941de6e9571dfd33d7b65ab6cf5862f045ff98b73e4694929a03,"Command word, scope and mark-scheme review"
question,L111-Q5,lesson-111,Approved,b2194763943c50ccb64f4e322185432a2c766140279fb9fa8ca213e773007550,"Command word, scope and mark-scheme review"
question,L112-Q1,lesson-112,Approved,e06f07713ff74769740767753d42d3b30d9b79bef6ea50ad027baae806a07aea,"Command word, scope and mark-scheme review"
question,L112-Q2,lesson-112,Approved,acdecaf3669e6fb51cf69b90301c4f93cfc97f4ffb581d89e8d7fd28bd58ebba,"Command word, scope and mark-scheme review"
question,L112-Q3,lesson-112,Approved,019777a7a95995d62cbea091484a24e91e226d07b6adb4f806c88dec8af0fbe5,"Command word, scope and mark-scheme review"
question,L112-Q4,lesson-112,Approved,0c9f8ca773407331cafaed401804e742ab656be9babb0f19a0e07d5a8ff2d1c0,"Command word, scope and mark-scheme review"
question,L112-Q5,lesson-112,Approved,49e2b63000cfd654f2fb435626f046950cc929b4120afab43a35628e58cfca03,"Command word, scope and mark-scheme review"
question,L113-Q1,lesson-113,Approved,70bc4532de6c860577facd67690796afcea224d83cf380e786e3599ed74bf8a0,"Command word, scope and mark-scheme review"
question,L113-Q2,lesson-113,Approved,4b872946c54788c523ffa1175d0704eb154291f01dd0b988b37fee26c7da2ef6,"Command word, scope and mark-scheme review"
question,L113-Q3,lesson-113,Approved,71184e36e0a8929eb3f592a187aab40b17818b9697004c95291e93e27a490264,"Command word, scope and mark-scheme review"
question,L113-Q4,lesson-113,Approved,c44cdd00ec5770218894197ccb0403d82b8edbf400d0916a36a8479b8d3e5bdb,"Command word, scope and mark-scheme review"
question,L113-Q5,lesson-113,Approved,45562ff9edf86bd62db9791522ebb2ca23f9edcd9ac6d46d0610282ea286b117,"Command word, scope and mark-scheme review"
question,L114-Q1,lesson-114,Approved,3e243d2c6d7a62832edd10546e9ed65e687e74657f9409f6af18472429ae9536,"Command word, scope and mark-scheme review"
question,L114-Q2,lesson-114,Approved,3594a033b1a1633eb06646965a02106b6b24c1a9204a7308c62c813ce7480710,"Command word, scope and mark-scheme review"
question,L114-Q3,lesson-114,Approved,4631e69d35e2628ec9c4d185cc211aba3e8b6c6d3df5b6883d30bdc329070094,"Command word, scope and mark-scheme review"
question,L114-Q4,lesson-114,Approved,8cc39da9506f4dff7c5c1876d4db09779e2bd92917d27cfd25ce950abf1b9d96,"Command word, scope and mark-scheme review"
question,L114-Q5,lesson-114,Approved,e30ca4c7ac3bc682e3dd8ea2d9781dacbab31b6394eaab2c83b9d8444dad6d33,"Command word, scope and mark-scheme review"
question,L115-Q1,lesson-115,Approved,96458aac1fb28cd4a855bfd0ca1788284e0cf1dbe453ef386354c9b919d8a205,"Command word, scope and mark-scheme review"
question,L115-Q2,lesson-115,Approved,fbd4ca14f7bb9ab92150b35aafb7c7d7690d04fbd0162c4dbf5adf45634a9287,"Command word, scope and mark-scheme review"
question,L115-Q3,lesson-115,Approved,a099efe40b33e66c141bc6eb4d7a9790afe91b70a26008f8b8d466faff203d87,"Command word, scope and mark-scheme review"
question,L115-Q4,lesson-115,Approved,9caff361563492984dd6ca575350a37468565663505497f3a568fc96bcb80bde,"Command word, scope and mark-scheme review"
question,L115-Q5,lesson-115,Approved,3f87de2210274ebed3a198d26be691fd872d150c5c21cb4b75e30fada0f51243,"Command word, scope and mark-scheme review"
question,L116-Q1,lesson-116,Approved,86417fc993a09c51edcffd1955da4fb5e414233d8a8c0b085a916c0a89646f0b,"Command word, scope and mark-scheme review"
question,L116-Q2,lesson-116,Approved,e19656e7e7fe0e23697d60429359c52a104d257bb970cb456fc9647ae43e7cc3,"Command word, scope and mark-scheme review"
question,L116-Q3,lesson-116,Approved,385530437fd5faa1466463896ac8669a73ead7a18a5990d33dd23a3360feb9f0,"Command word, scope and mark-scheme review"
question,L116-Q4,lesson-116,Approved,207870965367573b8cab594209fa6d27fd2f2dcf8a68111e4941f575ad860dc5,"Command word, scope and mark-scheme review"
question,L116-Q5,lesson-116,Approved,3ef4b2e4c5ac50d35da69fea8965eedcbb424d32199e3c562cf3a85fc0342654,"Command word, scope and mark-scheme review"
question,L117-Q1,lesson-117,Approved,bca6bcc241d7a6672e9920dc33a2a06f6074249a579481e8c22ffd83de0939bc,"Command word, scope and mark-scheme review"
question,L117-Q2,lesson-117,Approved,c2d491707b8b69153849bfb4ad27344f10728a5fe32157a7b3b63d7b1316bf6e,"Command word, scope and mark-scheme review"
question,L117-Q3,lesson-117,Approved,77da56079b304d8c6ddbcc24c65cce5acade3d3a5083babe31e6d7eca7bd895c,"Command word, scope and mark-scheme review"
question,L117-Q4,lesson-117,Approved,dd730a624cdaafc9b9b0440c8ac86b15f2b01d1ad4947f5c721ebf4ee6573d21,"Command word, scope and mark-scheme review"
question,L117-Q5,lesson-117,Approved,ae9ff7c4e7a0f361565e3d1117033226714288a3fa7764185678ea7a87779172,"Command word, scope and mark-scheme review"
question,L118-Q1,lesson-118,Approved,3031a1498fa5c8140c3b5564bd649ec989874d55ed86ca4638ba052774422171,"Command word, scope and mark-scheme review"
question,L118-Q2,lesson-118,Approved,bb60c6305038aa255ad9914a03207fca8f45b210020c3edf105960d3536e9634,"Command word, scope and mark-scheme review"
question,L118-Q3,lesson-118,Approved,b1af5815271efc1cc2dfa873e3669c8cfcf75c78cdf4518c78e833a2a66ee9f9,"Command word, scope and mark-scheme review"
question,L118-Q4,lesson-118,Approved,1e8ceefe8009c818fa378ceac91341af8bf9ab3da51ffbf556d36b66299a40f8,"Command word, scope and mark-scheme review"
question,L118-Q5,lesson-118,Approved,265dcff94232d6964839d5e6a62ef2d5a20e5fbfe2df7ee9b7c054d3fbeffa05,"Command word, scope and mark-scheme review"
question,L119-Q1,lesson-119,Approved,4caa64f595bae5e92b4ce68fa93bd4b729d19075a3198ca455fa349547d231df,"Command word, scope and mark-scheme review"
question,L119-Q2,lesson-119,Approved,f4f2282844db436186074ebaf4605ed9b251fd7dc262801e413f035246c357bb,"Command word, scope and mark-scheme review"
question,L119-Q3,lesson-119,Approved,2bdb77e3490c1aa5a6050597d9fc6918160b609e46db6986985ce5039c8b4b5e,"Command word, scope and mark-scheme review"
question,L119-Q4,lesson-119,Approved,c10739ab78bb8bf27bdf2299072daf6ebd2c19b0527080973dd9c57bc91ff360,"Command word, scope and mark-scheme review"
question,L119-Q5,lesson-119,Approved,b2a15192c9aaaff5f45aaf8989c7f15245f46f18622ab1df3e8d220c5e739db5,"Command word, scope and mark-scheme review"
question,L120-Q1,lesson-120,Approved,d4ee1674837d757532561a7ea44d1d195b11775d3814561a74da19cd521be221,"Command word, scope and mark-scheme review"
question,L120-Q2,lesson-120,Approved,5bf34171b7a804835b985c4b57bbdaab123cbd5601ebc3380d70f02aaa74d6a3,"Command word, scope and mark-scheme review"
question,L120-Q3,lesson-120,Approved,23eef065cd504aeb3eeb9d53a137a8d1b3ae2b524078e4815e31c5dc91a1b99e,"Command word, scope and mark-scheme review"
question,L120-Q4,lesson-120,Approved,3dedf093f35bab1cd660f38860ae3e8aef545f516e7c3e4be9cd352466061692,"Command word, scope and mark-scheme review"
question,L120-Q5,lesson-120,Approved,4d8adfb504e7b29bf580d4b7fb1b5b7ca9fe1e6f57645d714c2cea4ee7cfb043,"Command word, scope and mark-scheme review"
question,L121-Q1,lesson-121,Approved,3d2106743e792cb4d753170de48cddad10ce833f27d4a58d85537f7a56415fb8,"Command word, scope and mark-scheme review"
question,L121-Q2,lesson-121,Approved,9a0108a0693426a150bd47606fb0135eab61fd810d6e4e272a0847177d7f52d0,"Command word, scope and mark-scheme review"
question,L121-Q3,lesson-121,Approved,b1f5967e0bec438aacd1474e244e4b78a2e0fc8e65230efd0583d4d4482d4fb7,"Command word, scope and mark-scheme review"
question,L121-Q4,lesson-121,Approved,26723862bf3e8829a8fbcce80cbafa784e8c33b0606759e7307482e130767e5c,"Command word, scope and mark-scheme review"
question,L121-Q5,lesson-121,Approved,3fd636713aa95a15b2b2a3ae0b6c8fad0f12c22636499c93ff9aaae58daa9ddd,"Command word, scope and mark-scheme review"
question,L122-Q1,lesson-122,Approved,f71383c81c801ba632cd1ea159b39dc9cd57ea060c11b26c525fbc27ee71c434,"Command word, scope and mark-scheme review"
question,L122-Q2,lesson-122,Approved,c53d400f7305e2e800579274636d0abd2cbfa7a7bb84f8b008f8171104a3459b,"Command word, scope and mark-scheme review"
question,L122-Q3,lesson-122,Approved,f762dee0b0c7a8b9fed2291b4b7b0d31d19edbb5758fde95f4096203aff5aba9,"Command word, scope and mark-scheme review"
question,L122-Q4,lesson-122,Approved,9d0415456b7476c13f5ee8096f649bc76cb56037a5864497e856835531c98598,"Command word, scope and mark-scheme review"
question,L122-Q5,lesson-122,Approved,e512b996d11b06b2d3a994615e5c34e21a968dcfb4014ca4e9023e604d46f782,"Command word, scope and mark-scheme review"
question,L123-Q1,lesson-123,Approved,2a8bdd3d5802cf13c05c987b9faaedb1f8968612d2bc34058a3a0f5e6af0a873,"Command word, scope and mark-scheme review"
question,L123-Q2,lesson-123,Approved,c5ff453d8cd82c08cd9b55db0be272929808815e245735d71997b463833b9770,"Command word, scope and mark-scheme review"
question,L123-Q3,lesson-123,Approved,8791f214a2d51004d12d04832198a606111e22fde1b1770481b3c6a684e976f4,"Command word, scope and mark-scheme review"
question,L123-Q4,lesson-123,Approved,27fd9a637a03dd124f95ae1de90dade4e1780371865cad28e4b35299e5e4ad48,"Command word, scope and mark-scheme review"
question,L123-Q5,lesson-123,Approved,fd362a10c612226cb026f53de5b4845ff41831c21022b144ac21e06be924a255,"Command word, scope and mark-scheme review"
question,L124-Q1,lesson-124,Approved,0ab1e189cc43796a56cd2085325fa64b2b397fdcb40b119d23699760aca33d0c,"Command word, scope and mark-scheme review"
question,L124-Q2,lesson-124,Approved,fc5d3fd83f483f0500845a8caee821f4884995f8c7be2ad1aadc9517b0aebc3d,"Command word, scope and mark-scheme review"
question,L124-Q3,lesson-124,Approved,5d06f7f9337b98af6579131cebc3a5709595b3fe61103b53b4c0246d77bd9c98,"Command word, scope and mark-scheme review"
question,L124-Q4,lesson-124,Approved,6dcd46739a64a48c49a33558efb99a0d20d3edc7f4b79387025c009d346408a3,"Command word, scope and mark-scheme review"
question,L124-Q5,lesson-124,Approved,af376fb3785c76364d2d4eaa9877d4997ea88c3f58bd61a9beef4227b6507b9c,"Command word, scope and mark-scheme review"
question,L125-Q1,lesson-125,Approved,c61056a5e6e55354c8878b3a63f3ab18afabf492eea0240f801be6033edeaa03,"Command word, scope and mark-scheme review"
question,L125-Q2,lesson-125,Approved,b95b9d867d6d76924ee22cf7297c06cab26e7623f88961f6cdcba1338cbe15c5,"Command word, scope and mark-scheme review"
question,L125-Q3,lesson-125,Approved,6250f6291e5e16f0d55b32918d6a1329d37cace9cc5d575ec64600acc68fce24,"Command word, scope and mark-scheme review"
question,L125-Q4,lesson-125,Approved,bc24c42f38d4aaa3b1fbf3220d6eee8d02b8ff4e0160ddffe9e3226d6d2b0b9b,"Command word, scope and mark-scheme review"
question,L125-Q5,lesson-125,Approved,0a7fd787d41b7341be836294046706ec1f85c1990fe58b9cc80d6df86ab37c14,"Command word, scope and mark-scheme review"
question,L126-Q1,lesson-126,Approved,7f80d9766eb0a0a94d8f4597a6a33f7c83af29ef40bbf26a23d1c65d87543b41,"Command word, scope and mark-scheme review"
question,L126-Q2,lesson-126,Approved,ae418c4e2640b0141ced15d226f4312e1d90f367bb4620abeaf44da776b46d77,"Command word, scope and mark-scheme review"
question,L126-Q3,lesson-126,Approved,16b05007ab995b3dc448e3ec2b392f0f72cbacd8d0e25297eb19c4fd2f59e1f6,"Command word, scope and mark-scheme review"
question,L126-Q4,lesson-126,Approved,a54f9d93d7a3dd7e97d57f100c80d58efe3c51736044e33063851279e071bb02,"Command word, scope and mark-scheme review"
question,L126-Q5,lesson-126,Approved,63ef5d681f9c0bf92ad4732158a172d02f01bed88c9a0c184c23da699eee4192,"Command word, scope and mark-scheme review"
question,L127-Q1,lesson-127,Approved,6cea5571c910a47ce9a87375832a2f9ebbaf48f95abb9a1f347c762d4e88810d,"Command word, scope and mark-scheme review"
question,L127-Q2,lesson-127,Approved,466f08212729c5a7b8480d9d3cf69667bcdc50c5a4845c15111e44cd6fcca87f,"Command word, scope and mark-scheme review"
question,L127-Q3,lesson-127,Approved,73bf656b5131b7c125c4834b05c91168ce1702acb20a1dc590c0ae33c0269637,"Command word, scope and mark-scheme review"
question,L127-Q4,lesson-127,Approved,bdd4cccae4c53e7770da787df09da76a6477f6993b479b28090b2b8f6ae7f0fb,"Command word, scope and mark-scheme review"
question,L127-Q5,lesson-127,Approved,533a12cd5b4997cfb01700a974a86585f4abbc75a78bac63383151fd4341d74d,"Command word, scope and mark-scheme review"
question,L128-Q1,lesson-128,Approved,5d23af7330c9d9faea6c4d19b706f50d00c3595d10e0dc5274f821d27269f7f6,"Command word, scope and mark-scheme review"
question,L128-Q2,lesson-128,Approved,d651fad6f88640fd3e4d0f5f9385abca728d628dea047f5be36bb4cf03bebf27,"Command word, scope and mark-scheme review"
question,L128-Q3,lesson-128,Approved,c677824fce480a9f5d60084af7ceb5367394e403ef81356d7e3184b7b1d7b4d5,"Command word, scope and mark-scheme review"
question,L128-Q4,lesson-128,Approved,d7efdf5ec9ca7ea25055122250d8a200ecab22f57ffedb827f1fdfc199c5284f,"Command word, scope and mark-scheme review"
question,L128-Q5,lesson-128,Approved,df6932c00e4bed65a431bb038434456cf8ee78a3d5e48b3e639c777bca5e70ce,"Command word, scope and mark-scheme review"
question,L129-Q1,lesson-129,Approved,6bdffb3ce67bb2b0ed55b4938be7028e8cb593ffb7f25003c383f66274b1911f,"Command word, scope and mark-scheme review"
question,L129-Q2,lesson-129,Approved,608b4287cc7a1e1e405fda2455e19bf482e5c43140439ac8fb85fd2c958bd7a4,"Command word, scope and mark-scheme review"
question,L129-Q3,lesson-129,Approved,a91a5bc21ec0e81c30bbcb8f5bc06088fb796a5c709ebd3ccee5d485a8b5c9b9,"Command word, scope and mark-scheme review"
question,L129-Q4,lesson-129,Approved,b01552ba184d078c1ba74f4971ae76a680f95852d1168ec8dbebe2eec342eecd,"Command word, scope and mark-scheme review"
question,L129-Q5,lesson-129,Approved,8bcd63080906a8db974807d5bab245ebe37ba80323147b4e1089bd220cf24680,"Command word, scope and mark-scheme review"
question,L130-Q1,lesson-130,Approved,3fa277a0470cb4ae111c7e2fba9132fe06422eb3cd147044642b4d82e38e930e,"Command word, scope and mark-scheme review"
question,L130-Q2,lesson-130,Approved,54ad13efcf982b23e8a4355c01c3a6b596027d76b9a5b0baa283535453400313,"Command word, scope and mark-scheme review"
question,L130-Q3,lesson-130,Approved,41336592313c8843a22e7057547871a5f56a8ee12e674d0e059ce6c30fe17329,"Command word, scope and mark-scheme review"
question,L130-Q4,lesson-130,Approved,696fc41ff9369f137e053823e4637be8b849cfe178ad5bf48b7ca39b5699f92d,"Command word, scope and mark-scheme review"
question,L130-Q5,lesson-130,Approved,ccc1df5b14897efded517b7baf5d8dca5f421e176e072762aea3d6eb3bfce654,"Command word, scope and mark-scheme review"
question,L131-Q1,lesson-131,Approved,5094e5975db6bea24441853eedccbe8f88941ca2f0b144b7344ed520724a088d,"Command word, scope and mark-scheme review"
question,L131-Q2,lesson-131,Approved,a6c8aed9ac7c8841d9cb28c57e0d3ea710cec61c257163a1f427d1fe64adbdb7,"Command word, scope and mark-scheme review"
question,L131-Q3,lesson-131,Approved,2fa0b1cb37f2dcd223fc7b8d4d40f684dd239903cdf21ed7c093f630f6ac55b9,"Command word, scope and mark-scheme review"
question,L131-Q4,lesson-131,Approved,25b5915dd2098308ff6f5a6eb1303df46770a398abbf5f939ae39f4514564d8a,"Command word, scope and mark-scheme review"
question,L131-Q5,lesson-131,Approved,c0f1b4c3b3e36356686caff5274f02bbf599fc08372845f59ee85a42a938e029,"Command word, scope and mark-scheme review"
question,L132-Q1,lesson-132,Approved,795f5f0984b57092ef74780288b066a4cc8945b28be61abc161f210655c5049d,"Command word, scope and mark-scheme review"
question,L132-Q2,lesson-132,Approved,8f145017e308161995e8c7053681bb85d51e4e5a3c78ed851ee5e2674a3be329,"Command word, scope and mark-scheme review"
question,L132-Q3,lesson-132,Approved,d9864330b0bfa90552dccb90fc1096e285b76c0173d5e2ac33f57cddc6242631,"Command word, scope and mark-scheme review"
question,L132-Q4,lesson-132,Approved,f6d6d11aac78bcfa7e3109471c25519589edb9c96eb39042a6776371554254e7,"Command word, scope and mark-scheme review"
question,L132-Q5,lesson-132,Approved,d939b2929388716f49a6d308583501638965390219b8f7603ac7081cb458c60c,"Command word, scope and mark-scheme review"
question,L133-Q1,lesson-133,Approved,b5f91cb3c2e95c70b0b8c2caf6b6dab55ded4218851952821a574a035d307899,"Command word, scope and mark-scheme review"
question,L133-Q2,lesson-133,Approved,0b3f6b48ce9f8721b32124b1b5d05ad77f6e34c649a08c753096ba5091a3b5a1,"Command word, scope and mark-scheme review"
question,L133-Q3,lesson-133,Approved,d82a10321ec19a250508b75a4aa2e36f60002bea84d7801bd143d40a50b4a4a6,"Command word, scope and mark-scheme review"
question,L133-Q4,lesson-133,Approved,f7232680d218b08c0ccb0d7db6d2bd90cce36dbf68252ea0ea02c02e93dcbe0b,"Command word, scope and mark-scheme review"
question,L133-Q5,lesson-133,Approved,e5d9f18b91500d124535f30b3f3d148b753a369a10af258fcbade6a7288ec783,"Command word, scope and mark-scheme review"
question,L134-Q1,lesson-134,Approved,77c54e1f7536726787513c699e5dfdd7f8b0d2c6f572dc879f4640ec4a95f45b,"Command word, scope and mark-scheme review"
question,L134-Q2,lesson-134,Approved,5778a98dbb647e4574c3293911aa865756df16c8681c7f07dc7eefe617a82ee1,"Command word, scope and mark-scheme review"
question,L134-Q3,lesson-134,Approved,557c494dbfcad026ce19241e0f56609dea94d20c67348753cba05805206fded7,"Command word, scope and mark-scheme review"
question,L134-Q4,lesson-134,Approved,f1f036af9138e499bff08ebbb7113d7cf57066941fa4beb842247e72b07f74a2,"Command word, scope and mark-scheme review"
question,L134-Q5,lesson-134,Approved,8340deaf4efffcb57dda6ea593fcec79ced77aca69783defe129632570ca7817,"Command word, scope and mark-scheme review"
question,L135-Q1,lesson-135,Approved,007b1713bee99fb46f762c500ab0e1c20f4516ce70665455cd4287b9254895cd,"Command word, scope and mark-scheme review"
question,L135-Q2,lesson-135,Approved,34bc642003b1419b946bae4e011d29698747a1f74748c9a25bed132406b0838a,"Command word, scope and mark-scheme review"
question,L135-Q3,lesson-135,Approved,3fa985aede17355bc03efaec1e9acf54ce072bf0bfd20ffe6d7771ef9906a953,"Command word, scope and mark-scheme review"
question,L135-Q4,lesson-135,Approved,c1bc46d810b3f2b63d703abfbc6e669e80295bd109a2a1050fdbb85edd324d5b,"Command word, scope and mark-scheme review"
question,L135-Q5,lesson-135,Approved,d2d5226e73548eb587d6438ddc78cdb4e226a4f47bf45d3826af93104e2bade3,"Command word, scope and mark-scheme review"
question,L136-Q1,lesson-136,Approved,aa9e39c1636004c741cdd9020ccde27efcb58c1ff19b00ed08db1dc2d21f5beb,"Command word, scope and mark-scheme review"
question,L136-Q2,lesson-136,Approved,4e2f43fe5e4a99d984b37be8622eb07d74c6ff85ce4e22157e55d2e7a45875c6,"Command word, scope and mark-scheme review"
question,L136-Q3,lesson-136,Approved,a33b2af4cf3af45a88318c76769f08f1decacc5af724c2bff2a0021328545644,"Command word, scope and mark-scheme review"
question,L136-Q4,lesson-136,Approved,cbc0cfce8fdc0097734e39c5773df4ddbab1a475ffe9fb7f897755fe792e27f5,"Command word, scope and mark-scheme review"
question,L136-Q5,lesson-136,Approved,5a0b17be04ac40a9c1288119fabcf7a2b4a09dd2e20dd8e2c78958dd6f090e92,"Command word, scope and mark-scheme review"
question,L137-Q1,lesson-137,Approved,29a6984782a96d3bf88f7dd9e0b71c445ca32082e63b9b86d51c7e6403d9ddea,"Command word, scope and mark-scheme review"
question,L137-Q2,lesson-137,Approved,a2a15ff0f1c4a832587b6f9c794e817c51be6b6f2e532d3b595dc1fd946bdaaf,"Command word, scope and mark-scheme review"
question,L137-Q3,lesson-137,Approved,45280c35958f42d0a93160e357a44e237d875ac0adc726d2ac67a20d36bce793,"Command word, scope and mark-scheme review"
question,L137-Q4,lesson-137,Approved,9735ae56b99b108f42223db17493ac11416db82bbda2fcbb1c5ba761232f041a,"Command word, scope and mark-scheme review"
question,L137-Q5,lesson-137,Approved,8a654ea2ef717e438f2b728d251e47a6defb5d015a6a92e0cef22a4bffb50289,"Command word, scope and mark-scheme review"
question,L138-Q1,lesson-138,Approved,d66afdf0beaccb8312d95ed530ad200880a0936e77512fea5fb5a883156b644b,"Command word, scope and mark-scheme review"
question,L138-Q2,lesson-138,Approved,54a12cd10fcafe1052a9169f5f9bcf68387461ddfc1c91a688be693399c8f5d7,"Command word, scope and mark-scheme review"
question,L138-Q3,lesson-138,Approved,eace8cda5a1b90138b242300a2812f2876041a4d15657354e75ac5c2f4316782,"Command word, scope and mark-scheme review"
question,L138-Q4,lesson-138,Approved,462b8ae7dc6cf0c16646f62b3ae82063a2dc1f45c1cac5656af5e1b990193cb1,"Command word, scope and mark-scheme review"
question,L138-Q5,lesson-138,Approved,4e8387c6fb2e2133e94f9753a3eebae8827768dfd636adf28b8387310ce39b0f,"Command word, scope and mark-scheme review"
question,L139-Q1,lesson-139,Approved,83645f8dcda5b488dfdfea3a7c149d85c20d3f87e43c980f98f555c776867e54,"Command word, scope and mark-scheme review"
question,L139-Q2,lesson-139,Approved,ca9994b954f2062c2fe47ae485565d4888a4425f416fb9a89f5e2743c8ed5e0b,"Command word, scope and mark-scheme review"
question,L139-Q3,lesson-139,Approved,bc26c787d4fd45ac0bea3ec6af5820ba37b2098c63d5d5971b8ca3014de27eee,"Command word, scope and mark-scheme review"
question,L139-Q4,lesson-139,Approved,6fbcd3f8709d37e0f54bfa4e0e1164650d92386bdc5be73f3a68b1ebba507d5f,"Command word, scope and mark-scheme review"
question,L139-Q5,lesson-139,Approved,ce6542156877cdc2ca79c0efc79d63ce1174cc7874e920a6c610ae746004c634,"Command word, scope and mark-scheme review"
question,L140-Q1,lesson-140,Approved,558395aa23ecb6cba6d6edb4c1c2a1fbcc57723e448d9e46cf6d3ae0c55d6a5d,"Command word, scope and mark-scheme review"
question,L140-Q2,lesson-140,Approved,6e1cc4fadbb4c5c927ce6332c7e812348c67ddf588c263cb17e9abcd2c382812,"Command word, scope and mark-scheme review"
question,L140-Q3,lesson-140,Approved,1b28f424f84f3e13ae491bcc381fc7e1f16409640d8c2a2e695161684610a8a0,"Command word, scope and mark-scheme review"
question,L140-Q4,lesson-140,Approved,ec3c47a1bcad2f4aead6a4246d0594114bf92e2f655a013cccae1d90dbb18214,"Command word, scope and mark-scheme review"
question,L140-Q5,lesson-140,Approved,eb33d297f03fb42d72ae6b320a085b1265da71a3c94b36b95ea554aa393fc574,"Command word, scope and mark-scheme review"
question,L141-Q1,lesson-141,Approved,c1fa65e5bda0d1fadfced673a9d668df9a19a9c65e060c794ccb0d54c6962f46,"Command word, scope and mark-scheme review"
question,L141-Q2,lesson-141,Approved,5a3f89753540b05f26c9fed27b0538cb43d628d1642c25999f6dba738a7771ca,"Command word, scope and mark-scheme review"
question,L141-Q3,lesson-141,Approved,e097f945ea0edb5b37c67cdd8a0bc57287806962b3e9413cd507373d346af79d,"Command word, scope and mark-scheme review"
question,L141-Q4,lesson-141,Approved,266a5cf4f8113a22e26f5c7f000b26d3d5234069ef9a2baada28aa0638437e2a,"Command word, scope and mark-scheme review"
question,L141-Q5,lesson-141,Approved,f05f40dd57245d834b59010bee8ad705faf9f13b9a469f83331641d826218560,"Command word, scope and mark-scheme review"
question,L142-Q1,lesson-142,Approved,a4899f5b702a4b7e3dc0bd5f7412674c42bc0df6838c7ea1139f349051131e82,"Command word, scope and mark-scheme review"
question,L142-Q2,lesson-142,Approved,0b0cba303d81ecd76632a3d016a17f4cf0ec1bbc941ce4f9c90e3d65c6d7b421,"Command word, scope and mark-scheme review"
question,L142-Q3,lesson-142,Approved,bc3cf8d11965e0d314f8dee90343cc508f04843be6298dd0fd6ca2d50862ddf5,"Command word, scope and mark-scheme review"
question,L142-Q4,lesson-142,Approved,0e232c99805f780694b006778eeaf8fa51d6f3ceed68aa2c70b28bc2dc5aa943,"Command word, scope and mark-scheme review"
question,L142-Q5,lesson-142,Approved,42035352713ecdcb701700a198bd3fad9990b6deda6daa8fdb6fc8c2b356a969,"Command word, scope and mark-scheme review"
question,L143-Q1,lesson-143,Approved,06be7716aaec3996dcd69b3e67ccf726f24aa306f859459032f31438c7bb94ed,"Command word, scope and mark-scheme review"
question,L143-Q2,lesson-143,Approved,1575fd3b810676c20b902aa93a5cfbfbc01ad536f0288b0e785cfd4f36c3694f,"Command word, scope and mark-scheme review"
question,L143-Q3,lesson-143,Approved,2008de8cd2716ce4ef165bf139880b2940966a3892ebc3be3872074bc19a3366,"Command word, scope and mark-scheme review"
question,L143-Q4,lesson-143,Approved,00991b514a5ffbad38ffe02f97e477e3dbcd595c7c445aef962d442a671f4e71,"Command word, scope and mark-scheme review"
question,L143-Q5,lesson-143,Approved,98339d94fa8d28e30f2997d0bcd11512fcd5d4ce3186a88ed05b7be9bad15a92,"Command word, scope and mark-scheme review"
question,L144-Q1,lesson-144,Approved,ad68b6e14d28ab22ea64faa2c7513479ea870247abcbb455a4f4138be06a29e8,"Command word, scope and mark-scheme review"
question,L144-Q2,lesson-144,Approved,9bbff0bc9ebb8821184af82c92036b1fdcc053ee15107c83a7ffead64d0e0c76,"Command word, scope and mark-scheme review"
question,L144-Q3,lesson-144,Approved,e7b43537aa3615ad1f0b5b0002810f8079935f98a74bdc96caed0db464579539,"Command word, scope and mark-scheme review"
question,L144-Q4,lesson-144,Approved,96143385420e09d9eec1234882a6de22d4f9665ac76df391c7166d9390d466d1,"Command word, scope and mark-scheme review"
question,L144-Q5,lesson-144,Approved,aa6c9882349679d1f8039004e933ea4806699fbcd626149fa2b5618d03a67054,"Command word, scope and mark-scheme review"
question,L145-Q1,lesson-145,Approved,1c9b202465d6e5787848aef92e478f3a844cb3f833db7ecaccfa9dc4e4146888,"Command word, scope and mark-scheme review"
question,L145-Q2,lesson-145,Approved,3bf3131d145d0a4e532648d6b0c2099c661c638fd89b901855a57b33a2a2dd43,"Command word, scope and mark-scheme review"
question,L145-Q3,lesson-145,Approved,dfbb850c754210d0e8802229cfe92356b3bb2521a83ca72eb0073ad1accf2f64,"Command word, scope and mark-scheme review"
question,L145-Q4,lesson-145,Approved,a19f059f73fd0c1ad19be84cf1c613c0b637bf135d1d80b6e9edeedb3f9f73a3,"Command word, scope and mark-scheme review"
question,L145-Q5,lesson-145,Approved,00ba36efa03e64fe4369e39967196dd43af92ad51ddf13ad9f2798f619d8073c,"Command word, scope and mark-scheme review"
question,L146-Q1,lesson-146,Approved,165f81ec33e09a3e290533572efb98bb0552c5e2b10806cb0534b62991463d09,"Command word, scope and mark-scheme review"
question,L146-Q2,lesson-146,Approved,ec4cacc82538a3c1abc8b1ab1df5b70b0aaee13504ad4d857a254927babb5cfe,"Command word, scope and mark-scheme review"
question,L146-Q3,lesson-146,Approved,cc4da5c686e5cde34320dccbf1d15c8f3370b4c8427602d559c8db599fd64908,"Command word, scope and mark-scheme review"
question,L146-Q4,lesson-146,Approved,b681d66e2168079ac74e3a2ef5a2d97b4ac9e92a6f898ffcb50c43b94adce475,"Command word, scope and mark-scheme review"
question,L146-Q5,lesson-146,Approved,fa9ceda82d9782f7ca66401991ad7bbf7c3e7d24ca038743aeb02fc8a6311706,"Command word, scope and mark-scheme review"
question,L147-Q1,lesson-147,Approved,7f890e8b587dfd1b3225f35fa3683a30575305b4ed22158aa9cf6a2e2550e3c8,"Command word, scope and mark-scheme review"
question,L147-Q2,lesson-147,Approved,675b1fb1ea0ad264706ece8e5ef129ec207393ad2da0fc6ae8c1bb3a1f0804f3,"Command word, scope and mark-scheme review"
question,L147-Q3,lesson-147,Approved,07ccb4a66dba4cdddb64927871d3b33f2332abd35c5e3aa8cc38e22b968da384,"Command word, scope and mark-scheme review"
question,L147-Q4,lesson-147,Approved,597c7f5adb4de8b681fd2306799368378385588cc91abb6518ef6ef1e3d1fc7c,"Command word, scope and mark-scheme review"
question,L147-Q5,lesson-147,Approved,7b61151acf45554c8842c79f4721ba1d43e080e141eec1662be70b38ff96c4cc,"Command word, scope and mark-scheme review"
question,L148-Q1,lesson-148,Approved,0d5853bebc0a6c958f3020f72c8d47ab65d959fa072b10443f55052cd3683280,"Command word, scope and mark-scheme review"
question,L148-Q2,lesson-148,Approved,a4cc8aed95b67db94593a784e0c4630f9c96674010964d5029cd913d80a8ea4a,"Command word, scope and mark-scheme review"
question,L148-Q3,lesson-148,Approved,00feb6bba02732fb25b0b987a5898655c528b1a06093eccc87d3e1e4f0b26cf7,"Command word, scope and mark-scheme review"
question,L148-Q4,lesson-148,Approved,aba630cf0f13a9826d4b185f3cec05d280e27e9472ce1cb9b74d2072a848f37e,"Command word, scope and mark-scheme review"
question,L148-Q5,lesson-148,Approved,c8320311558de07053b9519d21335ebcfada5b347b6a4ec2612efbe592e1640f,"Command word, scope and mark-scheme review"
question,L149-Q1,lesson-149,Approved,d8b6ca7830fb7e03ba8f1fe477dc067d0173b5a21eb629aa42b3d552995729b6,"Command word, scope and mark-scheme review"
question,L149-Q2,lesson-149,Approved,b4cd410f4ad15d536bf14729a54a08052720afd5054fc45b84e3241840b72fe6,"Command word, scope and mark-scheme review"
question,L149-Q3,lesson-149,Approved,8adbf2d3b011c1dbab73414e2d9037990d79ddc756b964b8577943ee6bb5884d,"Command word, scope and mark-scheme review"
question,L149-Q4,lesson-149,Approved,038117ab2dc7dd18111ffa8b8f0f4aa6533ce002536e21cd22ed51c5bda1e338,"Command word, scope and mark-scheme review"
question,L149-Q5,lesson-149,Approved,19f93097bdda812438c0dba48b0efbcefe462b80f0231e9c75b53f8e2671e50f,"Command word, scope and mark-scheme review"
question,L150-Q1,lesson-150,Approved,c39a6c91410d93bebe3a6b0b790a5eb4eee5866b168d2fce85b3a534cf752505,"Command word, scope and mark-scheme review"
question,L150-Q2,lesson-150,Approved,b17fed57e33d6d31314d4c963fc2e54d974de00da97478953604a101e2352e27,"Command word, scope and mark-scheme review"
question,L150-Q3,lesson-150,Approved,1334eef3f54114a9123960e43a088be82c39977d97de4b9853545f1e60bb729f,"Command word, scope and mark-scheme review"
question,L150-Q4,lesson-150,Approved,754ccc738338429d691e6c6c93706ffd8e6127fdb8202c98074293dc79a8b5e2,"Command word, scope and mark-scheme review"
question,L150-Q5,lesson-150,Approved,d70f7644e6cc8ef89d19f61d117a8b49f3369ca6648abaff264f5d88f80aab48,"Command word, scope and mark-scheme review"
question,AQ005-Q1,quiz,Approved,2f4a15fe2cf09b659de787e36d3a0d8ed3018537a1f1f3209598b11b768db85e,"Command word, scope and mark-scheme review"
question,AQ005-Q2,quiz,Approved,5f9c92a4565e2b4738b9d3185b29882f90392c9074b8e57cfc94d807fdbe891e,"Command word, scope and mark-scheme review"
question,AQ005-Q3,quiz,Approved,fa4d1c4b0ced073ffc7ee6669c4fce4c8ce9ee1635b5570c5b1230348c131c4e,"Command word, scope and mark-scheme review"
question,AQ005-Q4,quiz,Approved,8e5674b1c0b0c06317c32d7809a4041a6aa67e96113321c8c7972c5a4a073067,"Command word, scope and mark-scheme review"
question,AQ005-Q5,quiz,Approved,295f43037f6a7a702d4b1724fe4e184d12d102e639a5c03ff661bfccb928f570,"Command word, scope and mark-scheme review"
question,AQ010-Q1,quiz,Approved,59b2e869a095f4ebaf93e393721a7b000f73e893a56bb9967b291ff6c7f8bac8,"Command word, scope and mark-scheme review"
question,AQ010-Q2,quiz,Approved,89bd5c9705ae86669bb15ce17c4d831a879f12811ab8698503892d8036b32851,"Command word, scope and mark-scheme review"
question,AQ010-Q3,quiz,Approved,cc93b69a407f54231b5b33e3c503305ccf2c905673ccaea66876efeb16d06c61,"Command word, scope and mark-scheme review"
question,AQ010-Q4,quiz,Approved,f3b8f2a273fa712b2897b7ac4e5daddb62d0c99552549419dd8fb07d708baff1,"Command word, scope and mark-scheme review"
question,AQ010-Q5,quiz,Approved,5c2b00a91c08ddc0b2b4b4045ca5ddb190169884cbb601dfcaad6b57f5fafafd,"Command word, scope and mark-scheme review"
question,AQ015-Q1,quiz,Approved,714ea779291c193a674446cee5f89e17c1bdcd478dc0fff04da891d07b3a9b59,"Command word, scope and mark-scheme review"
question,AQ015-Q2,quiz,Approved,e851d5f3ab3888aee004d40d42b065cd62f3e1fcec419004b42922ab4fe9fd82,"Command word, scope and mark-scheme review"
question,AQ015-Q3,quiz,Approved,03e25856d7892d74e05ca494bad11783e2fb15923f95149d6c69e93219f8db89,"Command word, scope and mark-scheme review"
question,AQ015-Q4,quiz,Approved,09c760aa9ae157e7a08cbfe03c151789b4daa691d0b5c413ac15e8148a699535,"Command word, scope and mark-scheme review"
question,AQ015-Q5,quiz,Approved,195b70fb08d2730db7e5bffde18ee7a58165d9e1f72621955aa8b9ca6576dcb0,"Command word, scope and mark-scheme review"
question,AQ020-Q1,quiz,Approved,c308650e0e94182f6181610fa1cce21fedc13e4160603be94e78145e173d3de5,"Command word, scope and mark-scheme review"
question,AQ020-Q2,quiz,Approved,30d716186f5a0af3a10354a610e7e33dbaf6c42831ad3171f1314798711406cf,"Command word, scope and mark-scheme review"
question,AQ020-Q3,quiz,Approved,5f1458594f7b820fd8a18918aa120cd9208387cfea37a909de0945d2dce92ba3,"Command word, scope and mark-scheme review"
question,AQ020-Q4,quiz,Approved,7e0eb654a1f242b57f943e37fe1b0f51167af92f78c1a7e2b77c2623205d6a7a,"Command word, scope and mark-scheme review"
question,AQ020-Q5,quiz,Approved,a5cfe8bb82248fcee62161bdb00de2a5f48bb97fe0bd943339ca36817a97c03a,"Command word, scope and mark-scheme review"
question,AQ025-Q1,quiz,Approved,9e91e90db7480df108da80dece4ae1785c3e9370689771efa5dbecdffcf93d76,"Command word, scope and mark-scheme review"
question,AQ025-Q2,quiz,Approved,a88625f80bd2dc0a49262b34d85a2a5ad4fb052ff1d7a740440f30b212e385ac,"Command word, scope and mark-scheme review"
question,AQ025-Q3,quiz,Approved,b194c775f9ac70f6695ed4216ac5ec9d277f3d24c4ec04fdff5fa5008cfb57d8,"Command word, scope and mark-scheme review"
question,AQ025-Q4,quiz,Approved,2f3307922ba56d8e8d4f69402c57fefff9ff5ea7b0e40e844417dd8528554993,"Command word, scope and mark-scheme review"
question,AQ025-Q5,quiz,Approved,e7534b6e050fd947ff251cd6ba0494ef9531b9743133d25a95e997e599f78b49,"Command word, scope and mark-scheme review"
question,AQ030-Q1,quiz,Approved,47c75504f8e6e1520d7da7bffe08a667e1caf3568982530c99124042f343fb9c,"Command word, scope and mark-scheme review"
question,AQ030-Q2,quiz,Approved,a4fe779388383c3dd3e8bf491370ae926b7d083ff9044c93e4e3cc7232192c5b,"Command word, scope and mark-scheme review"
question,AQ030-Q3,quiz,Approved,fb3aadc4df2b6e8577c67c710f1a463567d8820ffd6c555f28f581d7bde5b1e0,"Command word, scope and mark-scheme review"
question,AQ030-Q4,quiz,Approved,8e944e95bc55790adbc6c3c3c19c3791452244b36ef4a93cdd962090df4f5828,"Command word, scope and mark-scheme review"
question,AQ030-Q5,quiz,Approved,2433a49590082d4fa224a926a34ab25c96ccc5180a65f43a5eb60c4cd5692f3a,"Command word, scope and mark-scheme review"
question,AQ035-Q1,quiz,Approved,90c46597e586a5ecbc1e622ca5a799311314f7f75decf8949238748d1953d344,"Command word, scope and mark-scheme review"
question,AQ035-Q2,quiz,Approved,8c3400fcf23d435b52acb6f04db6ac8e257620101004858d460c8d452107a2fd,"Command word, scope and mark-scheme review"
question,AQ035-Q3,quiz,Approved,8d7bfa848d1bfd591c67bf4eb0ca1fc30e2fded5f87ed7a55985690a826fbab0,"Command word, scope and mark-scheme review"
question,AQ035-Q4,quiz,Approved,c66500d521e087c1018e6d85909e1c8c3fb6035a05499dc375d56a4045ff2e61,"Command word, scope and mark-scheme review"
question,AQ035-Q5,quiz,Approved,031b93cf289b3322249f7bc65399476143e652f6683d79e0c9f11b271383c708,"Command word, scope and mark-scheme review"
question,AQ040-Q1,quiz,Approved,423c2c9abb20bc66049e0987fe8dfd9c48a9844c50ec43fa51d96509d8fd33b5,"Command word, scope and mark-scheme review"
question,AQ040-Q2,quiz,Approved,7e1ad788f8797ce646474cebf1baa50eeb2ad7a55160a75b6b34de33a1bd1643,"Command word, scope and mark-scheme review"
question,AQ040-Q3,quiz,Approved,909d867d9012e7e6c3cbbc179359f1976ae9324d3c94390d39c4773fcdd6ed6d,"Command word, scope and mark-scheme review"
question,AQ040-Q4,quiz,Approved,c8c0b7a4505e26c98677baf14dce85aeab94b84786e9f59414b1924b573cf396,"Command word, scope and mark-scheme review"
question,AQ040-Q5,quiz,Approved,176c95d245dd62a3d996a5e11d2c6f7861d906593b297d591067adea8edb7296,"Command word, scope and mark-scheme review"
question,AQ045-Q1,quiz,Approved,8187fb7bf673a2a69d70686e1bf07c23d8d33178d8dc769126ec928052d9bad0,"Command word, scope and mark-scheme review"
question,AQ045-Q2,quiz,Approved,ad82baca85c59911e3b66d1aeda3d64c9b59e44a1b24ee4d937f7cc815472957,"Command word, scope and mark-scheme review"
question,AQ045-Q3,quiz,Approved,bf0f398d5a1d021c5fcec1aa74cabed37189c14c058f96fcc16ae27b2473708d,"Command word, scope and mark-scheme review"
question,AQ045-Q4,quiz,Approved,42fe0e2bf5ce9b0036ef556d2ca0dfa851eb01d08831ebf946ea2512e1ba1294,"Command word, scope and mark-scheme review"
question,AQ045-Q5,quiz,Approved,c84592e8ba39f48a5eab69d91e6563d18aff6a7f80ef28bc30c01f1210a6fb8d,"Command word, scope and mark-scheme review"
question,AQ050-Q1,quiz,Approved,73d219a943d46734c80b4600cb43ef750d55177e75ffa0ec70552c80e7938501,"Command word, scope and mark-scheme review"
question,AQ050-Q2,quiz,Approved,b19a8067221e4314e9896dd72b092e0032c30e0344c925ee11c15d02522a82ac,"Command word, scope and mark-scheme review"
question,AQ050-Q3,quiz,Approved,fb24de5d9dfe85a634fc82f8047c344ce125cf661a74a2921295a70e75107a9d,"Command word, scope and mark-scheme review"
question,AQ050-Q4,quiz,Approved,ee7f5eb9e7303daa11f329ed7cde3d777fc5ecbea1ab67f72d3e462abe6c3a48,"Command word, scope and mark-scheme review"
question,AQ050-Q5,quiz,Approved,e5a597b89421ee2a72194371e8f8c2174cf129eb0bb20e113fcfcfc765ab5a3a,"Command word, scope and mark-scheme review"
question,AQ055-Q1,quiz,Approved,6cbd2976dc08a5cdfd61f765bb78c4e6b6a9796bce4a4f0cbe76ea1187ea9eb3,"Command word, scope and mark-scheme review"
question,AQ055-Q2,quiz,Approved,51f64bc2cdbb8804e4969f98ddfecbb2f99fcdf62324c48a29a130cca606a4e9,"Command word, scope and mark-scheme review"
question,AQ055-Q3,quiz,Approved,edb9bea4b108ae6da36931a54f3b20be3323c287d75874063d6f421b2269c500,"Command word, scope and mark-scheme review"
question,AQ055-Q4,quiz,Approved,8647fc42817c89a821eb70504a277e9fe57fd3c48cc6d3ad424574333d79d11e,"Command word, scope and mark-scheme review"
question,AQ055-Q5,quiz,Approved,a4960ebf973406fdf6a4d89c43fa94f2edca71f43f2786383fc49d586e68384a,"Command word, scope and mark-scheme review"
question,AQ060-Q1,quiz,Approved,2580912c9e76ee3db693f4b9cd323348317caef4370e9dbc03205d8bc0b7a8f3,"Command word, scope and mark-scheme review"
question,AQ060-Q2,quiz,Approved,339adb1c7fe004748aa37950344c960bb6f2ddbd63b3e1c0448fe6a376e1dd02,"Command word, scope and mark-scheme review"
question,AQ060-Q3,quiz,Approved,dd4f2fa479c1c8e68b1e7ee7a98522973074ff76013f2164d8840607531e892c,"Command word, scope and mark-scheme review"
question,AQ060-Q4,quiz,Approved,263dfe890902eb48982010d074165828a495cf05c04488c512408b1ae49f3127,"Command word, scope and mark-scheme review"
question,AQ060-Q5,quiz,Approved,9615bde773858331f010d644ba440f9ea02bb87afb63ff69aad9fb800c85d22d,"Command word, scope and mark-scheme review"
question,AQ065-Q1,quiz,Approved,31df165b9cb6d788fe9b593762b0acd589b59351672538a7f06d53b890cf1c94,"Command word, scope and mark-scheme review"
question,AQ065-Q2,quiz,Approved,167473bb3784d2221860ce804089e5604f43e2bdc08d7595bab654c33a6e480e,"Command word, scope and mark-scheme review"
question,AQ065-Q3,quiz,Approved,2261a70dacb64dfd68126db079d55ee1c61bb65f9a3e0cf738430542724efba7,"Command word, scope and mark-scheme review"
question,AQ065-Q4,quiz,Approved,9b54338ca3fae16baac4a14753aafe478f0da6d6f0a39709b5af06cc6496028b,"Command word, scope and mark-scheme review"
question,AQ065-Q5,quiz,Approved,1b1f37d25147b2ea08056f5b7497634e348ecc0edb58dc0331885b96bd984c99,"Command word, scope and mark-scheme review"
question,AQ070-Q1,quiz,Approved,f546527f823be557de3909fc235e10a777911789bc8642a3b0da8fbd37dcd449,"Command word, scope and mark-scheme review"
question,AQ070-Q2,quiz,Approved,9c02ba21c55031118c92a70609ffb053cfd2e46dccf31f91e43866759ea749a8,"Command word, scope and mark-scheme review"
question,AQ070-Q3,quiz,Approved,5f9f63f6d6ac43adf9dbc0ef5350bcd1593733b804f495a1dd27a171e2b8bb13,"Command word, scope and mark-scheme review"
question,AQ070-Q4,quiz,Approved,086099ea91eea101c4424f5aef0cd8b596779928959b90761a8bda6211efb478,"Command word, scope and mark-scheme review"
question,AQ070-Q5,quiz,Approved,649d4d534d1dafc598d6b6a27042f3670547bc03196c6e29d9578d755dd3aff7,"Command word, scope and mark-scheme review"
question,AQ075-Q1,quiz,Approved,59e41557e85937219c48d0b7f50f753419ecc71120b8defe417ca5ea172ff6b1,"Command word, scope and mark-scheme review"
question,AQ075-Q2,quiz,Approved,5ea38d9f8fda08b2d64022cc4d6592cc69222e3be887de1a2e1c9cd8be512318,"Command word, scope and mark-scheme review"
question,AQ075-Q3,quiz,Approved,dca791f9a616c200848891d50c43b70d58bbbe224811802d6660266dce210417,"Command word, scope and mark-scheme review"
question,AQ075-Q4,quiz,Approved,fcd85a32e9fa613eab652b8cb4d2a17ce14546673141177ffd8f4588a8c54739,"Command word, scope and mark-scheme review"
question,AQ075-Q5,quiz,Approved,29fa6fe1c6f662594db23d3273d2add4619b60e61d1c6e852e023c77ecc761ec,"Command word, scope and mark-scheme review"
question,AQ080-Q1,quiz,Approved,d2cb586b4793e8979a71c6030cf775037c9eca403156bb6a8982d1929cef8b1b,"Command word, scope and mark-scheme review"
question,AQ080-Q2,quiz,Approved,d318e9da6748cd2e7edffd7bbc8774d0ac3ca7102daaeef7b7a4ba3cb02aa02d,"Command word, scope and mark-scheme review"
question,AQ080-Q3,quiz,Approved,23ed41401d5b29900e870fd02e47d33ac765af21d11b428b24d8ed63e213aaa9,"Command word, scope and mark-scheme review"
question,AQ080-Q4,quiz,Approved,80d8d61253b5d9ea3dd4648d85f7af45299cd7911196bfef887f1c00ade04ea2,"Command word, scope and mark-scheme review"
question,AQ080-Q5,quiz,Approved,42c706d12a6c3af4641fbc63cd2a7351581b7b92a4c04f85d2ab5bb2a699bb7c,"Command word, scope and mark-scheme review"
question,AQ085-Q1,quiz,Approved,05df6162164f6d25260dde85e933bbf62cc2ef3011294f9d7c3e361188bb5762,"Command word, scope and mark-scheme review"
question,AQ085-Q2,quiz,Approved,eb59159cc99966aa7a30cd2055abea637f2598114fd16608cfc94c1aff111070,"Command word, scope and mark-scheme review"
question,AQ085-Q3,quiz,Approved,e06f62ae2a07b2537c87e94a84183d9d9d9be7f098d447a16458f9fb76636cb0,"Command word, scope and mark-scheme review"
question,AQ085-Q4,quiz,Approved,cb4e97d9ebe3bdd7dee8aafa5b9e43ba95c616d1d54c6cc84f07b0665a6a8958,"Command word, scope and mark-scheme review"
question,AQ085-Q5,quiz,Approved,f1170f607f80997469acd7bc369946dd9a5e16bf8dda1ee6dbc725357d1e3dfc,"Command word, scope and mark-scheme review"
question,AQ090-Q1,quiz,Approved,4e17fe7869f7cae54314a93584cc7bb9f167f313edd81a6f124a0eaf3a12293e,"Command word, scope and mark-scheme review"
question,AQ090-Q2,quiz,Approved,f0aa37f89c68ec0b66a8497666afd65a3811ebed79e445b18e6e691ad76e9fea,"Command word, scope and mark-scheme review"
question,AQ090-Q3,quiz,Approved,ef4d35cb9271a9108a02531ccb6cd5b5b11c4592f4b45d880208705cc5882eab,"Command word, scope and mark-scheme review"
question,AQ090-Q4,quiz,Approved,d31b7b681dc516f3fa433970c066e9773e45cf1994e4fc927ee228c053f53fdb,"Command word, scope and mark-scheme review"
question,AQ090-Q5,quiz,Approved,96eae4ce0116745515ca9bcad0c1ada31fea4c215d05da758a142c84d6e3eb28,"Command word, scope and mark-scheme review"
question,AQ095-Q1,quiz,Approved,85e57fd2ab3a885927050ef2db0f41236e1e0343be03e54d769ea0195f0d32d1,"Command word, scope and mark-scheme review"
question,AQ095-Q2,quiz,Approved,f5a715de7534e4317adec4d8fd1c33ba2553673222a89578ab776715decb9f38,"Command word, scope and mark-scheme review"
question,AQ095-Q3,quiz,Approved,0810ddaf9373fad0a53186b15be23651c3e566647e8c2b252ef25be1a2893663,"Command word, scope and mark-scheme review"
question,AQ095-Q4,quiz,Approved,0ba295401080f345dc777a10dcdab1b8f45c23bfec5d86b048f49cfe5586ef8a,"Command word, scope and mark-scheme review"
question,AQ095-Q5,quiz,Approved,c58f7f46986fcc9c7f3a8d7630c0b3a43e44701dbd1cb41a66cce0090c70c876,"Command word, scope and mark-scheme review"
question,AQ100-Q1,quiz,Approved,f47b462e6dc37a7decdf4c7977617b70d0a999cef3b8c5778fe7665a9b9e7231,"Command word, scope and mark-scheme review"
question,AQ100-Q2,quiz,Approved,2fe3ee89042bfe52e2cad299108fe9f8beda5fa4b5a2e1af312ab7c3de0a5948,"Command word, scope and mark-scheme review"
question,AQ100-Q3,quiz,Approved,ea73dea91c8c43cabedd7aa69c216688a45affc98030b36d43ddcc1b15b4b273,"Command word, scope and mark-scheme review"
question,AQ100-Q4,quiz,Approved,a72910c10c09b7ee2066a8fad15adf4d64068a5154ac450563f913c71bbcb174,"Command word, scope and mark-scheme review"
question,AQ100-Q5,quiz,Approved,adab18e8188bf58be41d07c5df28c5acf79990b0cbf0e216c9b1e147123421bb,"Command word, scope and mark-scheme review"
question,AQ105-Q1,quiz,Approved,4ae022fadaa8eeaf88220c50a4ae3301af3dab319b130f8844a24a419479c2ef,"Command word, scope and mark-scheme review"
question,AQ105-Q2,quiz,Approved,3ad5dec48ddc0a4a721615379f4b5808dacbd68037868c1788359d39eeb76f6d,"Command word, scope and mark-scheme review"
question,AQ105-Q3,quiz,Approved,c4ba5b3b057e5a19e9c6d17a786d2693eef7f36112ce71215311817264868e49,"Command word, scope and mark-scheme review"
question,AQ105-Q4,quiz,Approved,88ba7ba7cdf04f20521df531636ed8b0f84cec97e072619fa9c6499103c9d30c,"Command word, scope and mark-scheme review"
question,AQ105-Q5,quiz,Approved,3e65957c46999ebde128188b414e9e87f4738d57fb9b8f91a0f666b59b48d7d7,"Command word, scope and mark-scheme review"
question,AQ110-Q1,quiz,Approved,3d5e12a954a21fa97069dee7402cc28a74135d32e7f6bfe68456b1906832528f,"Command word, scope and mark-scheme review"
question,AQ110-Q2,quiz,Approved,eb1813d76b3ea32a538e5ab7cbf91fc77d5373396e20f3dd4b07b29fff050057,"Command word, scope and mark-scheme review"
question,AQ110-Q3,quiz,Approved,bfadb960d31ee12537353cbc383b44fe87b22085bdf3dd26526c56bdd1515edc,"Command word, scope and mark-scheme review"
question,AQ110-Q4,quiz,Approved,cd4cb432682f8f8621ca439be3e553846061441d0f2dde31dff2f3b63061f4da,"Command word, scope and mark-scheme review"
question,AQ110-Q5,quiz,Approved,79d2bd089bc4fd9ca2f3152486d1ae8e0d8a047197b2602c10b22f7b2633bc3d,"Command word, scope and mark-scheme review"
question,AQ115-Q1,quiz,Approved,0b8424189f71d4aa2b0b55eb7cacf50d6dc3f10ac7c3ae5ed76f7b0cb97caa60,"Command word, scope and mark-scheme review"
question,AQ115-Q2,quiz,Approved,7243fad1c7040160d99a7c13341cd825fa899fffeb17c8297acfe76cd2cda8ec,"Command word, scope and mark-scheme review"
question,AQ115-Q3,quiz,Approved,168079fb9047efd7a56e22546152e5d60e61d1776b35e682458f62f743d7667e,"Command word, scope and mark-scheme review"
question,AQ115-Q4,quiz,Approved,abcf304852ead45ea6626a41e7c410a3da22452e703ab3bab773e5e7de5751dc,"Command word, scope and mark-scheme review"
question,AQ115-Q5,quiz,Approved,c58c3be3df9c37909bdc8bf9b56034f24fd821949d62d7f647c2e61e6233216d,"Command word, scope and mark-scheme review"
question,AQ120-Q1,quiz,Approved,0a21d2ce534ad7c7e98e61d28870482db11b47c94b9c56984487e0d48d24bffa,"Command word, scope and mark-scheme review"
question,AQ120-Q2,quiz,Approved,caf8174d50c4996e61008762e766b8db739686f908355850a5e32c580e84dd82,"Command word, scope and mark-scheme review"
question,AQ120-Q3,quiz,Approved,be6d7dd3d38a1eeedafe7946bba618c9e09e35bdf9d9be883ab04e33e18a7608,"Command word, scope and mark-scheme review"
question,AQ120-Q4,quiz,Approved,47ab57d5dea76948b5adf408c06a50cbabcaac2a8246087102b3b4535c1ba6e2,"Command word, scope and mark-scheme review"
question,AQ120-Q5,quiz,Approved,318719e29b54626b941cad3fede44406511b12371a14f1f2d24819553567440a,"Command word, scope and mark-scheme review"
question,AQ125-Q1,quiz,Approved,feea0b4de408d19e01256c0e6c9baac21daf19be4b0220c05a938c36e0b05ae8,"Command word, scope and mark-scheme review"
question,AQ125-Q2,quiz,Approved,ae87e62703c19290ac309f57d9495bda4233ce7453ece4fcd3ada9bd2f3ad5a9,"Command word, scope and mark-scheme review"
question,AQ125-Q3,quiz,Approved,bb5ea36f4eece1f119581057d007f8adbe2895abe431ee7ccdbf87bf4c383c5b,"Command word, scope and mark-scheme review"
question,AQ125-Q4,quiz,Approved,6290c71e7c2b8402225e994a0f4f289bf172d179579fb02fa8704c1f756a4327,"Command word, scope and mark-scheme review"
question,AQ125-Q5,quiz,Approved,d7f20234c056179215cb99943f602070d6abe4e291f8667658a15ae4726e9561,"Command word, scope and mark-scheme review"
question,AQ130-Q1,quiz,Approved,42fcde8a604fed894249ccc0d7b7789451185bb8f64bb384a651612b55ccce76,"Command word, scope and mark-scheme review"
question,AQ130-Q2,quiz,Approved,f452343518a485d3dbc9c50b71f6aa6804e3866f5b38f646fd3e8ea6a2d9d0d8,"Command word, scope and mark-scheme review"
question,AQ130-Q3,quiz,Approved,627edb0ed4c3ac2bb4cfe2d9d8f38d42123585e5be3060f2a7abea750fa9b653,"Command word, scope and mark-scheme review"
question,AQ130-Q4,quiz,Approved,64d2c68e6aadf21a821906efd9be9953b2a3baf97f7c5c4d0a632d736ac11fb4,"Command word, scope and mark-scheme review"
question,AQ130-Q5,quiz,Approved,4384d8a83eb7075d0b94379076ac9bc589f35df4c7fdfc66c5aa9285cadce5b9,"Command word, scope and mark-scheme review"
question,AQ135-Q1,quiz,Approved,bfac68fe89ce66985b10287f0c4fe3a74b75844af9875ea29f230653cade63fb,"Command word, scope and mark-scheme review"
question,AQ135-Q2,quiz,Approved,34ccb17c86d5cb51e4a32cb21c53de864a7fa7dbdfcaca5c2e7dd1f9ee9274f0,"Command word, scope and mark-scheme review"
question,AQ135-Q3,quiz,Approved,b8f502c3863640accbf083b3d8c38387d845519430298e82940198f5dc08529e,"Command word, scope and mark-scheme review"
question,AQ135-Q4,quiz,Approved,45fc79fb68045fcc3294e1a1482a3cd88ccd775c37215c7008c988133436e23c,"Command word, scope and mark-scheme review"
question,AQ135-Q5,quiz,Approved,085395f56fe2ce35adb958873bd6c4c201309674da9f7005e7e3583eac040e86,"Command word, scope and mark-scheme review"
question,AQ140-Q1,quiz,Approved,b607badf8951d219e294f6f95e45d834afdd2bd1d272961b55c4f2a7c11df84f,"Command word, scope and mark-scheme review"
question,AQ140-Q2,quiz,Approved,42085c0ad3a5227cf20df8812e990ec55a91b92ca735b5705017777c8602adfe,"Command word, scope and mark-scheme review"
question,AQ140-Q3,quiz,Approved,5df3393f90576dd1a0bb429c3098a97b560ad780effa3816784ea5a1086d69a5,"Command word, scope and mark-scheme review"
question,AQ140-Q4,quiz,Approved,a34f249685467bcb0a23c0e3c349645a8cff276e6e211c35b3bc05c41e23026d,"Command word, scope and mark-scheme review"
question,AQ140-Q5,quiz,Approved,5e44228ac97d075e1ab79adba782b2bfeb70d47c1aeec3de93d50466bc2a4f4d,"Command word, scope and mark-scheme review"
question,AQ145-Q1,quiz,Approved,8464fdbb96ee64d5f57f112ce8b48d7428c3b4c02428c9fd69615783a5f63b7e,"Command word, scope and mark-scheme review"
question,AQ145-Q2,quiz,Approved,0e8712c2c45a35c38abf13bc486931af220e2ec07f9cebd13677d5a4ac146f11,"Command word, scope and mark-scheme review"
question,AQ145-Q3,quiz,Approved,c98b6888beda34c5dbafc328550eb9f20eb9d0e5b8afbe44078e670c2248939d,"Command word, scope and mark-scheme review"
question,AQ145-Q4,quiz,Approved,f8c3e413af169883a4c24958c5bd0e154b4fce0e1bb17942c6bbb703d492e03c,"Command word, scope and mark-scheme review"
question,AQ145-Q5,quiz,Approved,6ad1bb72318aa19e8bd128841e40089d8014f175929331122462d034dc0e88ef,"Command word, scope and mark-scheme review"
question,AQ150-Q1,quiz,Approved,057a77600a482f57aa106f240492bea8767b1ee123c04888c60f772874326e9d,"Command word, scope and mark-scheme review"
question,AQ150-Q2,quiz,Approved,1d14d65b1e9c5bfe6c41fbe0873f4ca87820d2337c3e66e39b48c41e4895f8f8,"Command word, scope and mark-scheme review"
question,AQ150-Q3,quiz,Approved,5b5130e78c285f456bb324568f3342a6b273814c45d122fb10f9e2ec61a4cdd9,"Command word, scope and mark-scheme review"
question,AQ150-Q4,quiz,Approved,21b8cbf3776139ffe725b74b6329afdfd2050d0261e9244dc219abbdc1f1816c,"Command word, scope and mark-scheme review"
question,AQ150-Q5,quiz,Approved,b3d58d6881fc0d471a7104b861e4b0b5f65d9029f015af83a69448c27edcfe4b,"Command word, scope and mark-scheme review"
question,AM020-Q1,monthly,Approved,f53465a16407deeefd5999209ea0ad5a3b6a3a200b45bb4f9d34c7f09e63578b,"Command word, scope and mark-scheme review"
question,AM020-Q2,monthly,Approved,08afa6a3de7e65606c266c5acfe321601693cfdd47e0e3e5a9b6d72b28e8b8f0,"Command word, scope and mark-scheme review"
question,AM020-Q3,monthly,Approved,6a9522e87994f60ed610a3a746e0cc25ee70018ad60568ac4f1e655cfb82258c,"Command word, scope and mark-scheme review"
question,AM020-Q4,monthly,Approved,140a04e40590e0e7be23a7fc4410c4a5e9e65a88d7cdfb24934ccc67106d734b,"Command word, scope and mark-scheme review"
question,AM020-Q5,monthly,Approved,2b6bf0fa356c57f63d6bb9845085ab76483acf3c55cf8f5ed84e606e93c05805,"Command word, scope and mark-scheme review"
question,AM040-Q1,monthly,Approved,d83dba56437b196fe1932af9856cdee0340d4dd6948610473289dfe43fabcaf0,"Command word, scope and mark-scheme review"
question,AM040-Q2,monthly,Approved,086a6daa38708683075be183d7af8e374ee7e352d73d38acf250e5a2588b9218,"Command word, scope and mark-scheme review"
question,AM040-Q3,monthly,Approved,1244bd9de039719a36cb95f122c3aacdf5575eb52bc3fc3e050ce88691331892,"Command word, scope and mark-scheme review"
question,AM040-Q4,monthly,Approved,8b0954f5535f0eab174516780c92ab76b8e13c0b88337e3b799674606d11e00c,"Command word, scope and mark-scheme review"
question,AM040-Q5,monthly,Approved,2259da8621dcb7f63c72400ea59f8d1acfd5936698d4a7c7f8ca8d6ca81b2a85,"Command word, scope and mark-scheme review"
question,AM060-Q1,monthly,Approved,7341979d3181a07c8f4e2c123cb1c8a55cd7ef9a13b7b8059ceafff5980c9d52,"Command word, scope and mark-scheme review"
question,AM060-Q2,monthly,Approved,7c9cdee2952a21ee3424a80cf98f4a2b21d145ee2558df816c7363317672720c,"Command word, scope and mark-scheme review"
question,AM060-Q3,monthly,Approved,0eebe2c62f239d5fdb3aea35337a33489fb1c504b63f9ce1a4ad6a05a4cc3575,"Command word, scope and mark-scheme review"
question,AM060-Q4,monthly,Approved,a2b83a1889c7f33215068ec2abb1ca8a676023fd91d712f4e891d77153c7ca56,"Command word, scope and mark-scheme review"
question,AM060-Q5,monthly,Approved,6e32579331cddb55bb99cfc7e524c2293a18cfb9123d83733d326642fae6a22c,"Command word, scope and mark-scheme review"
question,AM080-Q1,monthly,Approved,f818ceb94cfbdd177e1447d5ed5ccf8af2d0405b37f01df1b82093b58d4b9671,"Command word, scope and mark-scheme review"
question,AM080-Q2,monthly,Approved,ad43a9359e5a92ff9c91589615258bb8bda62e7b0b8ccc9b86f305f24f6eb5e8,"Command word, scope and mark-scheme review"
question,AM080-Q3,monthly,Approved,2e34d8518b8e07a14ab5e67dc05692ecb646666f920a851f29ba6caa8aa8ee6a,"Command word, scope and mark-scheme review"
question,AM080-Q4,monthly,Approved,99a2642f2df4dd10bfdca5137da6834e70fdf929c4294a3c68b07a24699523fe,"Command word, scope and mark-scheme review"
question,AM080-Q5,monthly,Approved,5613ab972b6e1bd1feaf6c35f9087f32f41a96fb3d34fdfc75315342e55f2f8f,"Command word, scope and mark-scheme review"
question,AM100-Q1,monthly,Approved,1b342c1006cce5b6f2b95e3eb84458889544ddcabb871e2cc2ec52c830e93b47,"Command word, scope and mark-scheme review"
question,AM100-Q2,monthly,Approved,26ec64ac92d2148a8b78d29b47106a0a32480e8ed2728bd0ecba435bb15391f1,"Command word, scope and mark-scheme review"
question,AM100-Q3,monthly,Approved,6781eccf74087ebd012fdd31e6804cd9b3e5b9974306a5deae9653885d7ada06,"Command word, scope and mark-scheme review"
question,AM100-Q4,monthly,Approved,6de974126fdde8deed0cc8724b58f485ee1ffd43a73b874d6ea0247dccab13d8,"Command word, scope and mark-scheme review"
question,AM100-Q5,monthly,Approved,3b81ee415e790841de109b2a05182d925149bc47eb330612e9ecb8df3c2a55a4,"Command word, scope and mark-scheme review"
question,AM120-Q1,monthly,Approved,f4ae7474b95d0dcd011033f5398ecd87ead164a665a817edfc7ab33dbfec0d2c,"Command word, scope and mark-scheme review"
question,AM120-Q2,monthly,Approved,575e480da4a255b3d51da79e755ba6dbb192f490e099a9bcb17c13c8f535c224,"Command word, scope and mark-scheme review"
question,AM120-Q3,monthly,Approved,33333e1f7cd4e5d61c20fbb3b4ff87afd5965325f9cf6349fffcce327d4c6005,"Command word, scope and mark-scheme review"
question,AM120-Q4,monthly,Approved,af45eb27e441c6ae3f4e104e3afcc727dbff23e562eb74dc036ab7494c1c2757,"Command word, scope and mark-scheme review"
question,AM120-Q5,monthly,Approved,995dc24949f06c46e944252d19593878a5e5ce875cb2d71d216e5a6c316d39f1,"Command word, scope and mark-scheme review"
question,AM140-Q1,monthly,Approved,478599a3741ca4224bc5ea4d0db797ccb63a7fcc26f7adfadb77090c620f4b90,"Command word, scope and mark-scheme review"
question,AM140-Q2,monthly,Approved,635d9394dece87a45b44553cc680fa5a82fbf4128cca9c7750a9a5596ce42233,"Command word, scope and mark-scheme review"
question,AM140-Q3,monthly,Approved,607719dce54f2a887b186e1964b9dae77f8d1b0a06651af28fad8f0f638548b7,"Command word, scope and mark-scheme review"
question,AM140-Q4,monthly,Approved,a3b3f85bfc57c3c69cf27259c36227784f5bf525b39558c4366263507ae1a6ac,"Command word, scope and mark-scheme review"
question,AM140-Q5,monthly,Approved,c77e067a5dcc6204d38d2c172e35f79b9e0033da356f9203e342ea1644c3aba3,"Command word, scope and mark-scheme review"
question,AR015-Q1,review,Approved,92ae056a5192ea629a590cf19888ec7feff5be5b052d3ecf50fdf966ddfc0e9c,"Command word, scope and mark-scheme review"
question,AR015-Q2,review,Approved,9533eb1f9e8186ed2c1a44788710c59b6cc42af17df369ef842652d8778f5883,"Command word, scope and mark-scheme review"
question,AR026-Q1,review,Approved,dfa250986292e27dfb339aa4b00297340db95582f6881ec6630a888170b4643d,"Command word, scope and mark-scheme review"
question,AR026-Q2,review,Approved,161efc83e7f6f61dad0e0d650207b832b792b295778a5362fea7e7b9a9b9f386,"Command word, scope and mark-scheme review"
question,AR040-Q1,review,Approved,ac4a509e73004e1b9c7a11ac9768d0228130b6be16a8694021bf8865e7ae26a9,"Command word, scope and mark-scheme review"
question,AR040-Q2,review,Approved,b9d2d755e428ebf857ab83a0046247fb9270b9a404fed48987486b64ebeb8462,"Command word, scope and mark-scheme review"
question,AR051-Q1,review,Approved,e29102bbe4abb030372995fdd9b5b80d354167db99bb6dc99fffd0264a32c292,"Command word, scope and mark-scheme review"
question,AR051-Q2,review,Approved,5c74e0a289fbfbe3ab375f883e745c1425aef6161a672ed2864db79a062f3769,"Command word, scope and mark-scheme review"
question,AR061-Q1,review,Approved,dc7d1c6faf7998b37a43855ff2d014adf82277c1143ee38872a2abec78b9143f,"Command word, scope and mark-scheme review"
question,AR061-Q2,review,Approved,8a8265c9732922bb1ea209613f4d87099eb0a8faadf18bcb9a53630bf2c69def,"Command word, scope and mark-scheme review"
question,AR071-Q1,review,Approved,fb7ca3180c05db602a7e7f34b48a13fa8a7f92c6eb954ed0b083c409271731a1,"Command word, scope and mark-scheme review"
question,AR071-Q2,review,Approved,05420757a99c043ba4aaee81b030bc332e241699f0e1e1bc10a63acc0d899a39,"Command word, scope and mark-scheme review"
question,AR077-Q1,review,Approved,3aac21d14f114d10f6653ff4d5de411e6a1e30f628baa8faac9f4bd7ca2f9fe8,"Command word, scope and mark-scheme review"
question,AR077-Q2,review,Approved,8f24dce54ffd7bdd98183b86b4ef6cdd39289529435d92b16996aeacab95097e,"Command word, scope and mark-scheme review"
question,AR089-Q1,review,Approved,5063905f2d071fe665a99a741ec84497e7408f9aa4b532a0c8b2af977ec4c9b7,"Command word, scope and mark-scheme review"
question,AR089-Q2,review,Approved,c9dbb73b496cdb899a78624119e43da30be4ce297b0b62073fd45e66826be4e5,"Command word, scope and mark-scheme review"
question,AR097-Q1,review,Approved,2ed03b12d7deb074d76d1d85c35b72a7c17e985647464f7997bf355c9a3a5535,"Command word, scope and mark-scheme review"
question,AR097-Q2,review,Approved,ddca1efae2cf9e9adb081d82693db8afbeb1cf5f18d3ca6512f51f525c4897be,"Command word, scope and mark-scheme review"
question,AR112-Q1,review,Approved,f34531f40f7b6208db02e1b112919e6470e82805e00a227a46f0c48e2dfc93d2,"Command word, scope and mark-scheme review"
question,AR112-Q2,review,Approved,d7f67d47c4d88ecdb305017c68477c1cf38d70e64183a9783652fdd2c705ff85,"Command word, scope and mark-scheme review"
question,AR125-Q1,review,Approved,bcebb58a25e31ebc46b0ef6e62906593cc37404cf6e7d09245c2d07264668388,"Command word, scope and mark-scheme review"
question,AR125-Q2,review,Approved,3a6554ea4f7b279c498c795cc32913b6417579516e98729a7f457de44f597624,"Command word, scope and mark-scheme review"
question,AR141-Q1,review,Approved,ac7d20e6770e6566413143f2e3091dc00563b27043261f36c2839f42a88cfc71,"Command word, scope and mark-scheme review"
question,AR141-Q2,review,Approved,76b117e5a5e89d49053638f33da0004a1fa26a93268d3ad2f43fdb8840aba528,"Command word, scope and mark-scheme review"
question,AR146-Q1,review,Approved,1d1db414315415a04444819a1e24638e26f4e191f28fedca2713285480728255,"Command word, scope and mark-scheme review"
question,AR146-Q2,review,Approved,30a833a42e53f5b363788dedf6779ec9021ba491d7216013574e35c427b24bcd,"Command word, scope and mark-scheme review"
question,AR150-Q1,review,Approved,c105e6e66625b129b98e02f29f292b4a40d2a7bb46bddf6bfb9c4446ec68f0cd,"Command word, scope and mark-scheme review"
question,AR150-Q2,review,Approved,d63e2f8f3938a89198e31a65a6396cd4f4e83ecf3c626c3563ca8ca15df911da,"Command word, scope and mark-scheme review"
infographic,001/knowledge,../assets/diagrams/stage10-infographics/stage10-lesson-001-knowledge.jpg,Approved,b9823c77e2f110144730eddcaaf83166058582d76b61265fd54a191f1fcb1fee,Maintained text and visible-image wording review
infographic,002/knowledge,../assets/diagrams/stage10-infographics/stage10-lesson-002-knowledge.jpg,Approved,805f8c320432250097bef83395c18b99c952bf69a8a7470cac09fe755b8eae92,Maintained text and visible-image wording review
infographic,002/methods,../assets/diagrams/stage10-infographics/stage10-lesson-002-methods.jpg,Approved,a2f495e039c2106c2e6e12d8f173efbd401d7dbab889420de921acd04fac6e44,Maintained text and visible-image wording review
infographic,002/range,../assets/diagrams/stage10-infographics/stage10-lesson-002-range.jpg,Approved,1fde9887f162a456c17eec5d8349e256c9630589717aec7fbcd75e55de9114fd,Maintained text and visible-image wording review
infographic,003/digits,../assets/diagrams/stage10-infographics/stage10-lesson-003-digits.jpg,Approved,081bc0f91ee5a2c2bfdc6b544d62c48ebd0a452df00dd101ae38577cdea2a4b6,Maintained text and visible-image wording review
infographic,003/grouping,../assets/diagrams/stage10-infographics/stage10-lesson-003-grouping.jpg,Approved,b07304b07a1a67049f54713fff0a6ea14d11959a8372b70e8afcd2bba2d00640,Maintained text and visible-image wording review
infographic,003/padding,../assets/diagrams/stage10-infographics/stage10-lesson-003-padding.jpg,Approved,68392514de8bd5ec0f7faa8f0b4cc0db537e01b81a02cdf395c8599ac087f9b1,Maintained text and visible-image wording review
infographic,004/method,../assets/diagrams/stage10-infographics/stage10-lesson-004-method.jpg,Approved,b92b15b031300b07c86eab32ed9e73705787488cc5b7fc068f3703b5f42662a5,Maintained text and visible-image wording review
infographic,004/overflow,../assets/diagrams/stage10-infographics/stage10-lesson-004-overflow.jpg,Approved,5972ab5f4540b09c733c80aafb713b07b82a4771d3e364470211e1454d1e1721,Maintained text and visible-image wording review
infographic,004/rules,../assets/diagrams/stage10-infographics/stage10-lesson-004-rules.jpg,Approved,ec00e3f2ae076715041e0d7693936620a2c30378a34c5d122dec5c698dead7fc,Maintained text and visible-image wording review
infographic,005/range,../assets/diagrams/stage10-infographics/stage10-lesson-005-range.jpg,Approved,eb8632fd90f5981794165e7edf4003cbaf5a907b98adabb9432745752685e780,Maintained text and visible-image wording review
infographic,005/systems,../assets/diagrams/stage10-infographics/stage10-lesson-005-systems.jpg,Approved,c3073a31481a91ad7237b567ffe89e44740cf5598d648510054e2feaee849fe3,Maintained text and visible-image wording review
infographic,005/twos,../assets/diagrams/stage10-infographics/stage10-lesson-005-twos.jpg,Approved,162f8977e895f70a63653afd867aa432b9f34ad413e6d23e7279a804046d8d48,Maintained text and visible-image wording review
infographic,006/convert,../assets/diagrams/stage10-infographics/stage10-lesson-006-convert.jpg,Approved,3b19c6937a440e96911bc53ca5de4843c00eb9c4e165474a1c8ea6c759c5c2fc,Maintained text and visible-image wording review
infographic,006/point,../assets/diagrams/stage10-infographics/stage10-lesson-006-point.jpg,Approved,c82f4a55177f91e16faba521fe26b4abb532f9b38404a0be49adec055d3ed4a5,Maintained text and visible-image wording review
infographic,006/precision,../assets/diagrams/stage10-infographics/stage10-lesson-006-precision.jpg,Approved,2d0f67052c621b1e2bb65f9d56ea906e6eb1ffb5f8967528c591d99d98cfb969,Maintained text and visible-image wording review
infographic,007/ascii,../assets/diagrams/stage10-infographics/stage10-lesson-007-ascii.jpg,Approved,a864d69042729649c339e1984a25723b0115c8228237a5ef14e9a6a4061dde19,Maintained text and visible-image wording review
infographic,007/concept,../assets/diagrams/stage10-infographics/stage10-lesson-007-concept.jpg,Approved,7070e56cba77c9d1c898cd9ac1cb28d998894e3a524f0ca3bc1ef594f3965259,Maintained text and visible-image wording review
infographic,007/encoding,../assets/diagrams/stage10-infographics/stage10-lesson-007-encoding.jpg,Approved,09bc75b77662f9f2bfadd7eeb63363c4f77bbe737987a7599b273e9f535a6584,Maintained text and visible-image wording review
infographic,007/unicode,../assets/diagrams/stage10-infographics/stage10-lesson-007-unicode.jpg,Approved,b29205e4c7760854fb06dcf4df9a9b7e65776f5f712eba884733273f874d3078,Maintained text and visible-image wording review
infographic,008/depth,../assets/diagrams/stage10-infographics/stage10-lesson-008-depth.jpg,Approved,b4d93d97ecb68e231ff6ac9dd87078931533718224e70e1efb0a26a637f91a9c,Maintained text and visible-image wording review
infographic,008/formula,../assets/diagrams/stage10-infographics/stage10-lesson-008-formula.jpg,Approved,3277b1494a2e665a6a61d349aba6343cf061820d04e2ad92d488103dedef30e0,Maintained text and visible-image wording review
infographic,008/pixels,../assets/diagrams/stage10-infographics/stage10-lesson-008-pixels.jpg,Approved,d00b1b87808f735834696e96192ff3d8eeaa08e09af5bc88da13be92f191a55f,Maintained text and visible-image wording review
infographic,008/resolution,../assets/diagrams/stage10-infographics/stage10-lesson-008-resolution.jpg,Approved,9be56c3dee1fb99a8a025738e46b2f07063640996cdf353fc902f024c7d8701b,Maintained text and visible-image wording review
infographic,009/chain,../assets/diagrams/stage10-infographics/stage10-lesson-009-chain.jpg,Approved,857efacab68a28ceb8664ebd7d513dbcefc89e1c71b43cfd37208836d986c7ac,Maintained text and visible-image wording review
infographic,009/metadata,../assets/diagrams/stage10-infographics/stage10-lesson-009-metadata.jpg,Approved,a319faa931b47bf6e074a966179b76750ebbcc3f9669174712230c56f3dd998c,Maintained text and visible-image wording review
infographic,009/units,../assets/diagrams/stage10-infographics/stage10-lesson-009-units.jpg,Approved,a43ef63d47f36f963a75ea387bf13d9e3c5f6d013f87e5a329107f31c8720ef0,Maintained text and visible-image wording review
infographic,010/duration,../assets/diagrams/stage10-infographics/stage10-lesson-010-duration.jpg,Approved,bcd8678de6e10085d644fb79906ae9a127f9d7202d68e0a94488c9282d17525f,Maintained text and visible-image wording review
infographic,010/formula,../assets/diagrams/stage10-infographics/stage10-lesson-010-formula.jpg,Approved,a50963b2b354da28aad13a35a28f3cb5b3c62bd61d89a7aee6800c267709e3d2,Maintained text and visible-image wording review
infographic,010/rate,../assets/diagrams/stage10-infographics/stage10-lesson-010-rate.jpg,Approved,ba6db06a225ff304740672623d3717bc5108aee999504f641d8c78e8d5af706c,Maintained text and visible-image wording review
infographic,010/resolution,../assets/diagrams/stage10-infographics/stage10-lesson-010-resolution.jpg,Approved,cf2da214f3c88d2403c45d012da348662a1cc799a4128bd4a6a49f7cda7d612c,Maintained text and visible-image wording review
infographic,010/sampling,../assets/diagrams/stage10-infographics/stage10-lesson-010-sampling.jpg,Approved,bdb9ff280159864fd310bdc31657977ed1ebb64759c393dd354356a27dcdc0d4,Maintained text and visible-image wording review
infographic,011/channels,../assets/diagrams/stage10-infographics/stage10-lesson-011-channels.jpg,Approved,a5a6e563579835d6840c057c2b6388fdf7ea23b5f9155f59f66d5ddeb3da4819,Maintained text and visible-image wording review
infographic,011/formula,../assets/diagrams/stage10-infographics/stage10-lesson-011-formula.jpg,Approved,b2e91cc6e0f3171658947555d6e845ba4f68e7c30aa69b8328a129c9085b72f6,Maintained text and visible-image wording review
infographic,011/tradeoffs,../assets/diagrams/stage10-infographics/stage10-lesson-011-tradeoffs.jpg,Approved,74ec1cfb6e074c3e8abe05f4d3348283fbd96bb103ba894e0a03f82c999385eb,Maintained text and visible-image wording review
infographic,011/units,../assets/diagrams/stage10-infographics/stage10-lesson-011-units.jpg,Approved,006418d34c79f6951a9b3dd76ecf9f34329669e50d589909a697f8443c1a28ca,Maintained text and visible-image wording review
infographic,012/lossless,../assets/diagrams/stage10-infographics/stage10-lesson-012-lossless.jpg,Approved,c5818912168a9c9799e50eb89374a30830d38874a13c0f8fad7add92e85490d3,Maintained text and visible-image wording review
infographic,012/lossy,../assets/diagrams/stage10-infographics/stage10-lesson-012-lossy.jpg,Approved,0085460f0b7d7bff9d9e955d6f03be16ea65070b79c9903bb4eb43f4c31b6c75,Maintained text and visible-image wording review
infographic,012/purpose,../assets/diagrams/stage10-infographics/stage10-lesson-012-purpose.jpg,Approved,eb889fd8158c0914453f3722e0b2b2b21b5448c6dc850569fb8d7c8df537c06f,Maintained text and visible-image wording review
infographic,012/ratio,../assets/diagrams/stage10-infographics/stage10-lesson-012-ratio.jpg,Approved,5b173af3316941f96f4d78bbef11a6032237e1a8abd3110a1b55863807e86bd5,Maintained text and visible-image wording review
infographic,013/dictionary,../assets/diagrams/stage10-infographics/stage10-lesson-013-dictionary.jpg,Approved,5ac11834496177ab2f55b8f0b189acc209cf661f2d8aefd7e930d68d4578c61c,Maintained text and visible-image wording review
infographic,013/effectiveness,../assets/diagrams/stage10-infographics/stage10-lesson-013-effectiveness.jpg,Approved,3113581b30769cf373b956083f1bfde677338909fba664f989c2a14558275841,Maintained text and visible-image wording review
infographic,013/rle,../assets/diagrams/stage10-infographics/stage10-lesson-013-rle.jpg,Approved,01197c076d91e609f6cfc198d0662227f0b3e0c814504c6916053497d3330702,Maintained text and visible-image wording review
infographic,014/cases,../assets/diagrams/stage10-infographics/stage10-lesson-014-cases.jpg,Approved,e7ce96d36b755382199f5e4a78fef6302ee9b8307c9ebf65f02ccb0ccf4fca9d,Maintained text and visible-image wording review
infographic,014/framework,../assets/diagrams/stage10-infographics/stage10-lesson-014-framework.jpg,Approved,b286e3c62930e87142f544f2ff29cca4c82822eddd45baeb38ddfb0351d1e224,Maintained text and visible-image wording review
infographic,014/tradeoffs,../assets/diagrams/stage10-infographics/stage10-lesson-014-tradeoffs.jpg,Approved,03fe18a24e69261abec4746123a9ab94dcd68fbb7d4abec24ae6dd0e3ebc787e,Maintained text and visible-image wording review
infographic,015/methods,../assets/diagrams/stage10-infographics/stage10-lesson-015-methods.jpg,Approved,fdff066d2d5ea5ffe88f12e6e0a023a4aec08d082fe0db8883b4b8ad77859875,Maintained text and visible-image wording review
infographic,015/sprint,../assets/diagrams/stage10-infographics/stage10-lesson-015-sprint.jpg,Approved,d335f8a9faf53a556642035e510f40bba361361df0457c59bdd400e0cacea3dd,Maintained text and visible-image wording review
infographic,015/triage,../assets/diagrams/stage10-infographics/stage10-lesson-015-triage.jpg,Approved,e540bbf3e8754f128eb1c89df09e27c40e4187d3ae4b5ac9a8c522f4d3f505e5,Maintained text and visible-image wording review
infographic,016/lanwan,../assets/diagrams/stage10-infographics/stage10-lesson-016-lanwan.jpg,Approved,8ee422e44ed8eeac5049184ebc5774f46b36e2005356905c60640aeade4eb53f,Maintained text and visible-image wording review
infographic,016/purpose,../assets/diagrams/stage10-infographics/stage10-lesson-016-purpose.jpg,Approved,b8f35d4686a0d0238930374386269c3f309448eae6571233c16b675394dc3334,Maintained text and visible-image wording review
infographic,016/topologies,../assets/diagrams/stage10-infographics/stage10-lesson-016-topologies.jpg,Approved,113648bad523d6e96981e8b18848ddb2984fc15863db541e1813f19c5a8746ba,Maintained text and visible-image wording review
infographic,017/compare,../assets/diagrams/stage10-infographics/stage10-lesson-017-compare.jpg,Approved,2007c84f61bfdb71a20dcac0550809aaab4620993176bbcb42c47da025156e82,Maintained text and visible-image wording review
infographic,017/model-visual,../assets/diagrams/stage10-infographics/stage10-lesson-017-model-visual.jpg,Approved,0e92cbe87589d0914a3ee00eb99e6ad2defd41c31227a9bced61374d647c5d4f,Maintained text and visible-image wording review
infographic,017/roles,../assets/diagrams/stage10-infographics/stage10-lesson-017-roles.jpg,Approved,8f389b45b2e55dfc458cf90992f1c69e01a19c8e30cfcf3247f8cf8a2c7817c3,Maintained text and visible-image wording review
infographic,017/usecases,../assets/diagrams/stage10-infographics/stage10-lesson-017-usecases.jpg,Approved,333969947ce6efabf377da98923822f13960631a7b114e39d4b6d21b0ae229e2,Maintained text and visible-image wording review
infographic,018/packet-journey,../assets/diagrams/stage10-infographics/stage10-lesson-018-packet-journey.jpg,Approved,abf12328fe8ca80df850f7617074c7af235ab8011998048366fc62ce960b66a5,Maintained text and visible-image wording review
infographic,018/routing,../assets/diagrams/stage10-infographics/stage10-lesson-018-routing.jpg,Approved,97f11631e9f729fc015d86c3af53dcf0c6789a4e06cde3e491424a7ea04ca261,Maintained text and visible-image wording review
infographic,018/structure,../assets/diagrams/stage10-infographics/stage10-lesson-018-structure.jpg,Approved,823e6fd68a52041deddd54e710d76cebe6c131e5ead873c329edd3d987039528,Maintained text and visible-image wording review
infographic,018/switching,../assets/diagrams/stage10-infographics/stage10-lesson-018-switching.jpg,Approved,7562a1bc9baae84ffe6bb82dcc1a3fefd905aff45c1bac5fa190d726b7ebaed8,Maintained text and visible-image wording review
infographic,019/layers,../assets/diagrams/stage10-infographics/stage10-lesson-019-layers.jpg,Approved,019fd9a0c2c53cc6e251e0b20dda2abfd45cf3817a35999a31813b625da2c372,Maintained text and visible-image wording review
infographic,019/protocols,../assets/diagrams/stage10-infographics/stage10-lesson-019-protocols.jpg,Approved,f362cfd586b16e16644983d47a4ac646961bf9d9b27e2fcc439dc0a8beeb124a,Maintained text and visible-image wording review
infographic,019/rules,../assets/diagrams/stage10-infographics/stage10-lesson-019-rules.jpg,Approved,eaec27598a6e92df15caa653ec139a3b619e1f96401e46779a8bf54cb4a3f487,Maintained text and visible-image wording review
infographic,020/address-journey,../assets/diagrams/stage10-infographics/stage10-lesson-020-address-journey.jpg,Approved,e1afa5bd6902470766d312588bb9d3796edca3bb4382ec6289d89696dc2d0ef5,Maintained text and visible-image wording review
infographic,020/addresses,../assets/diagrams/stage10-infographics/stage10-lesson-020-addresses.jpg,Approved,aa166575dc2e5d8424dbaaa3c9cafe68d221ee75a5a02e524f4528711defec6c,Maintained text and visible-image wording review
infographic,020/checkpoint,../assets/diagrams/stage10-infographics/stage10-lesson-020-checkpoint.jpg,Approved,67aaa00f98efc63f40d602fabd8d7345b01a571f31d7bde3162f620814742f23,Maintained text and visible-image wording review
infographic,020/dns,../assets/diagrams/stage10-infographics/stage10-lesson-020-dns.jpg,Approved,11a256255856c9251c7808ec08b2bffec38ce149bb2643c832c34478988689c1,Maintained text and visible-image wording review
infographic,020/urls,../assets/diagrams/stage10-infographics/stage10-lesson-020-urls.jpg,Approved,88f5e8b601e06e4257e46abfd325a79b3e2132f82277db45f8c14304f616fe66,Maintained text and visible-image wording review
infographic,021/email,../assets/diagrams/stage10-infographics/stage10-lesson-021-email.jpg,Approved,05aa44c91b3bfb68ad3a89badb32e8d3d6895fa054fc6fa8b6004866a879233c,Maintained text and visible-image wording review
infographic,021/file,../assets/diagrams/stage10-infographics/stage10-lesson-021-file.jpg,Approved,93f8b9b34f69b7f032d4cb3826c00512d71b78eb7cc81a6f9e9c4eaa3ad44027,Maintained text and visible-image wording review
infographic,021/web,../assets/diagrams/stage10-infographics/stage10-lesson-021-web.jpg,Approved,0d16ae40d4cbafe231f3b1bd252486c8da232d3fedf795171c7d9b01ae63286e,Maintained text and visible-image wording review
infographic,022/compare,../assets/diagrams/stage10-infographics/stage10-lesson-022-compare.jpg,Approved,e4828b26798cf11afc6aeb26aac2541679bfb218a5acc6c88838fcd1aa41aafc,Maintained text and visible-image wording review
infographic,022/wired,../assets/diagrams/stage10-infographics/stage10-lesson-022-wired.jpg,Approved,ce2f7f8d5cb8c6de18eb41793f5cedee56a471dcf1037b724fa770be15e5b6f8,Maintained text and visible-image wording review
infographic,022/wireless,../assets/diagrams/stage10-infographics/stage10-lesson-022-wireless.jpg,Approved,8b7444650373eb7ef9cbbee4c54040c0da3c52de0e5d7209ace9b629e03b47e3,Maintained text and visible-image wording review
infographic,023/compare,../assets/diagrams/stage10-infographics/stage10-lesson-023-compare.jpg,Approved,700509308669d7314c24fb79f89648650b08dcce5d858df38d9c8c127d664550,Maintained text and visible-image wording review
infographic,023/gateway,../assets/diagrams/stage10-infographics/stage10-lesson-023-gateway.jpg,Approved,ff3780de067905775d44fc66660295b4fe01179b039f6195ca5a4f1f4e6296e8,Maintained text and visible-image wording review
infographic,023/lan,../assets/diagrams/stage10-infographics/stage10-lesson-023-lan.jpg,Approved,696cf5ca826b20f5df46eaa16a849d0d04e4acff03bd2e81ee558507740c1c03,Maintained text and visible-image wording review
infographic,023/routing,../assets/diagrams/stage10-infographics/stage10-lesson-023-routing.jpg,Approved,bb0a831ee12770dedbe82fe640c5ca89f9aaa4e719d5f295eedd973e45714f08,Maintained text and visible-image wording review
infographic,023/wireless,../assets/diagrams/stage10-infographics/stage10-lesson-023-wireless.jpg,Approved,7b0e346df2c0132a5105289dbbd517fc637eb3d230b9b8217309e3e76f5eb03b,Maintained text and visible-image wording review
infographic,024/cloud,../assets/diagrams/stage10-infographics/stage10-lesson-024-cloud.jpg,Approved,5b075526b2f94e718ab206288408ef3463558fe42eb5eecb7b08e0a33a8a83f2,Maintained text and visible-image wording review
infographic,024/compare,../assets/diagrams/stage10-infographics/stage10-lesson-024-compare.jpg,Approved,e80d1bc3c81ccac40160ad472c567b22e40cc793307a821f69949920b9e40cbf,Maintained text and visible-image wording review
infographic,024/networks,../assets/diagrams/stage10-infographics/stage10-lesson-024-networks.jpg,Approved,3711b828b2f1fb8aff84f17f9fdaddc015500dc3253f445787d50f8526fc35d7,Maintained text and visible-image wording review
infographic,025/calculation,../assets/diagrams/stage10-infographics/stage10-lesson-025-calculation.jpg,Approved,7e5bc2e5e89b4f1af65e39118252ed29de3a9af214b991454b2be31cf4313b8a,Maintained text and visible-image wording review
infographic,025/concepts,../assets/diagrams/stage10-infographics/stage10-lesson-025-concepts.jpg,Approved,2dea94a312d426963e78176c2eaaff978b3b36d6da8f403cf39f0f960d71de73,Maintained text and visible-image wording review
infographic,025/factors,../assets/diagrams/stage10-infographics/stage10-lesson-025-factors.jpg,Approved,e67721ed32d54e7a717a0ee468efe9ec6f845d1766d6ec8226eea08e69a5e25d,Maintained text and visible-image wording review
infographic,026/map,../assets/diagrams/stage10-infographics/stage10-lesson-026-map.jpg,Approved,0ad8de8d05a3f7cd0874485a0b22bb0b30324b2d6e0c6b6ec388d87929661316,Maintained text and visible-image wording review
infographic,026/precision,../assets/diagrams/stage10-infographics/stage10-lesson-026-precision.jpg,Approved,4a5a4c52ba9c186e298b2658ea764c08dfcbe1e3ced7b53f7833c579fc1433ab,Maintained text and visible-image wording review
infographic,027/components,../assets/diagrams/stage10-infographics/stage10-lesson-027-components.jpg,Approved,d3c95936be7d5db31b5c4cdf0379436a85685c73487e1b2bc75d8777860b62e0,Maintained text and visible-image wording review
infographic,027/flow,../assets/diagrams/stage10-infographics/stage10-lesson-027-flow.jpg,Approved,c23b301de2f14ccb33aa065a1d6743ce93606e3d1ed4ad943fde665b5dea66dc,Maintained text and visible-image wording review
infographic,027/memory-storage,../assets/diagrams/stage10-infographics/stage10-lesson-027-memory-storage.jpg,Approved,2aafc890cbcd6b0a8478ec05cf5eddf39abe1387187082a8910f0b9a86426b55,Maintained text and visible-image wording review
infographic,028/automatic,../assets/diagrams/stage10-infographics/stage10-lesson-028-automatic.jpg,Approved,d250e99f9b8aff4020e1ed396adeea2ece9d702753cae97528653f6d89aa778f,Maintained text and visible-image wording review
infographic,028/capture,../assets/diagrams/stage10-infographics/stage10-lesson-028-capture.jpg,Approved,d584c1b5eebecdd2dc0b82fef3b610ec7e6e721396ff48974c82b02b1102de2c,Maintained text and visible-image wording review
infographic,028/devices,../assets/diagrams/stage10-infographics/stage10-lesson-028-devices.jpg,Approved,29168aeb8d1ac0a7b3181417387498da9e0df229fd8cd508f469c99306b54d59,Maintained text and visible-image wording review
infographic,029/devices,../assets/diagrams/stage10-infographics/stage10-lesson-029-devices.jpg,Approved,a4bca41719ddca4fb3f83217a95574e756516d7454716d64804934194e7ff41d,Maintained text and visible-image wording review
infographic,029/feedback,../assets/diagrams/stage10-infographics/stage10-lesson-029-feedback.jpg,Approved,b2dd111acd553dd3f6a5c3c6983eec8b7c9d9ea9621ccedab795e290ead850c7,Maintained text and visible-image wording review
infographic,029/purpose,../assets/diagrams/stage10-infographics/stage10-lesson-029-purpose.jpg,Approved,3b99ace5bd9fba4cdbe917b3a09843824c417e00c30bebac7a8c2c3f9c88d859,Maintained text and visible-image wording review
infographic,030/cache-vm,../assets/diagrams/stage10-infographics/stage10-lesson-030-cache-vm.jpg,Approved,445d170bb91efa20e9608b62841a869777c9985caa85558ff776043a62d232db,Maintained text and visible-image wording review
infographic,030/primary,../assets/diagrams/stage10-infographics/stage10-lesson-030-primary.jpg,Approved,4810adf15fa9611f6c0efe787beb86292bec611b580a6c659f524d00a3c1e630,Maintained text and visible-image wording review
infographic,030/ram-rom,../assets/diagrams/stage10-infographics/stage10-lesson-030-ram-rom.jpg,Approved,4f135ed123739ca6124e46c7d8cc047abb1b1f52d86471784d0097338ddf1804,Maintained text and visible-image wording review
infographic,031/compare,../assets/diagrams/stage10-infographics/stage10-lesson-031-compare.jpg,Approved,ae26e7dd177a4427904e3e81f1852848cd347c3d20dd4567d091c8ad0dcfadd3,Maintained text and visible-image wording review
infographic,031/media,../assets/diagrams/stage10-infographics/stage10-lesson-031-media.jpg,Approved,12c710a3f2fbdb553e76ae8f3cc20759149d0a60e68c30d144515dcac27d3335,Maintained text and visible-image wording review
infographic,031/purpose,../assets/diagrams/stage10-infographics/stage10-lesson-031-purpose.jpg,Approved,2dc5b183f0681dc2da765d6deb33fd48991322f277f9a324ff8d6f87b4ae89df,Maintained text and visible-image wording review
infographic,031/storage-visual,../assets/diagrams/stage10-infographics/stage10-lesson-031-storage-visual.jpg,Approved,4bab57555bd5d1915130f5cd998c42bd9bf8e2b9041705fcbd17483611f1fe06,Maintained text and visible-image wording review
infographic,032/answer,../assets/diagrams/stage10-infographics/stage10-lesson-032-answer.jpg,Approved,ee0d090fefebed42dc2dad9bc44f696f146d815fb3cdb5dcc4fe267fc7e39836,Maintained text and visible-image wording review
infographic,032/criteria,../assets/diagrams/stage10-infographics/stage10-lesson-032-criteria.jpg,Approved,ed6d39f425cb8871ef28dc97d0ee0d1978e301fed6a384c0a0da8960d99280a8,Maintained text and visible-image wording review
infographic,032/tradeoffs,../assets/diagrams/stage10-infographics/stage10-lesson-032-tradeoffs.jpg,Approved,480f9c3a90a19a817b920babc57a33d63410e3ce5ed080ceb8fbbe3fd16aae76,Maintained text and visible-image wording review
infographic,033/embedded,../assets/diagrams/stage10-infographics/stage10-lesson-033-embedded.jpg,Approved,d8dbab20e35b7a1fb5919c597c88f4e7fdc2d8c71efe83f66dfa0c1dc65ed5ec,Maintained text and visible-image wording review
infographic,033/loop,../assets/diagrams/stage10-infographics/stage10-lesson-033-loop.jpg,Approved,b29dee6b6a10094eb1e22b881f93b4be4a726ccdcf53626fe76bfb5d20989348,Maintained text and visible-image wording review
infographic,033/microcontroller,../assets/diagrams/stage10-infographics/stage10-lesson-033-microcontroller.jpg,Approved,b3ad1b573e6879b5a1cff8aae9275a900ddffff8778ca5f2be23f5653cc09025,Maintained text and visible-image wording review
infographic,034/actuators,../assets/diagrams/stage10-infographics/stage10-lesson-034-actuators.jpg,Approved,3d72d6af79b1424774dc999259c5025fcd36842002a61a27ac432ba08cc5aa58,Maintained text and visible-image wording review
infographic,034/control,../assets/diagrams/stage10-infographics/stage10-lesson-034-control.jpg,Approved,99b15fb9e0b1e66486a0b8c07e95c14d8077b635a8b56d16434def95d182baf1,Maintained text and visible-image wording review
infographic,034/sensors,../assets/diagrams/stage10-infographics/stage10-lesson-034-sensors.jpg,Approved,89a9c634adc2a0129075a04d71485d057278140a37499895289ab1d08bdf43a7,Maintained text and visible-image wording review
infographic,035/gate-visual,../assets/diagrams/stage10-infographics/stage10-lesson-035-gate-visual.jpg,Approved,2989f130d5cf29ab6364f06a354675713873b0ea2f1a1b9e2627f84c6db676f8,Maintained text and visible-image wording review
infographic,035/gates,../assets/diagrams/stage10-infographics/stage10-lesson-035-gates.jpg,Approved,03c59c0488ee4fafa1888679ffe3f254ac12d0c9c073cd2c7c84a36e056c43c9,Maintained text and visible-image wording review
infographic,035/signals,../assets/diagrams/stage10-infographics/stage10-lesson-035-signals.jpg,Approved,a62f0b666c045b64a3f5c117eda202bcbb65dfb235b94b7aa806278c337c52dd,Maintained text and visible-image wording review
infographic,035/symbols,../assets/diagrams/stage10-infographics/stage10-lesson-035-symbols.jpg,Approved,73f5d781e5ceb94a624ec99b4f58ffb4613e0bb5bb1cd37d5f959271f11747ff,Maintained text and visible-image wording review
infographic,036/expressions,../assets/diagrams/stage10-infographics/stage10-lesson-036-expressions.jpg,Approved,089172d997345f404dcf49d3578bb68a3aaf61b652d13d5cfae67ffc85e27afd,Maintained text and visible-image wording review
infographic,036/precedence,../assets/diagrams/stage10-infographics/stage10-lesson-036-precedence.jpg,Approved,6d6ee8b935405a2864953f350289b53d282f89cbc99ced5c33fc2fe6642e5dad,Maintained text and visible-image wording review
infographic,036/table-method,../assets/diagrams/stage10-infographics/stage10-lesson-036-table-method.jpg,Approved,4b33de4eb9b8fcdcd9fbc6b848a37db1b4483725421405b6c161cdd46e89e73b,Maintained text and visible-image wording review
infographic,037/design,../assets/diagrams/stage10-infographics/stage10-lesson-037-design.jpg,Approved,3a289d25d264c44c8c0f1a0667d3e0b62c3b77a976ea16fdbf777942120a6c5e,Maintained text and visible-image wording review
infographic,037/diagram,../assets/diagrams/stage10-infographics/stage10-lesson-037-diagram.jpg,Approved,ea63e1726401d1e25eea140e2595a129492e4778b9388f8f85dd94b4828c658c,Maintained text and visible-image wording review
infographic,037/parse,../assets/diagrams/stage10-infographics/stage10-lesson-037-parse.jpg,Approved,be16f16d7a74df956f17b6656445018ecff5fe72efcd9382f588feb500849964,Maintained text and visible-image wording review
infographic,038/categories,../assets/diagrams/stage10-infographics/stage10-lesson-038-categories.jpg,Approved,c6caee42eaa3a8a058ebe1d7470a4ed3ec7ccea52ba81c64fba57b16a1c313a1,Maintained text and visible-image wording review
infographic,038/criteria,../assets/diagrams/stage10-infographics/stage10-lesson-038-criteria.jpg,Approved,e4d0e92f3fb09a9aed0703215119f119126f2216d31f961ff27bfb867b8d2419,Maintained text and visible-image wording review
infographic,038/users,../assets/diagrams/stage10-infographics/stage10-lesson-038-users.jpg,Approved,68696a693ed44b2efc8d198536d6fcbea71e4f5c2d0503eb0e93bdbef3032ac9,Maintained text and visible-image wording review
infographic,039/environment,../assets/diagrams/stage10-infographics/stage10-lesson-039-environment.jpg,Approved,7881f7619d4f89b747cf18c65fea8820904c715b4fa9050d94d6cbaf7b5f428d,Maintained text and visible-image wording review
infographic,039/mitigation,../assets/diagrams/stage10-infographics/stage10-lesson-039-mitigation.jpg,Approved,13c8d2c427e13042df2f3948514581ec8b55efbe5267d63b20e97db409a2e7a2,Maintained text and visible-image wording review
infographic,039/reliability,../assets/diagrams/stage10-infographics/stage10-lesson-039-reliability.jpg,Approved,be741fabef79710462df63ded1fa9b4e4a244f576f9674a1cb8b6b17432ec16e,Maintained text and visible-image wording review
infographic,040/checkpoint,../assets/diagrams/stage10-infographics/stage10-lesson-040-checkpoint.jpg,Approved,a5bb3507f725d33e1503a1e98a93df725f9cb1e12439ab8695c438d7a98546d7,Maintained text and visible-image wording review
infographic,040/map,../assets/diagrams/stage10-infographics/stage10-lesson-040-map.jpg,Approved,4efaf67bb1eaf07de6346dee66ec0b44811438ae6c7f4463f1b2461c0bb205cc,Maintained text and visible-image wording review
infographic,040/skills,../assets/diagrams/stage10-infographics/stage10-lesson-040-skills.jpg,Approved,0e01987ecdd4f87b274cd38ee2b5e2e1b3387d4961d153c5e314917e417daae7,Maintained text and visible-image wording review
infographic,041/alu-cu,../assets/diagrams/stage10-infographics/stage10-lesson-041-alu-cu.jpg,Approved,b67b8a0087fab5522723803da6fa3bd96738035f53b026a38f67f4666d6d1306,Maintained text and visible-image wording review
infographic,041/architecture,../assets/diagrams/stage10-infographics/stage10-lesson-041-architecture.jpg,Approved,cd4bc3393fcb4a005c2f5e2aefe583aa8331cfac10b316533d0fe382eb7b29e3,Maintained text and visible-image wording review
infographic,041/cpu-map,../assets/diagrams/stage10-infographics/stage10-lesson-041-cpu-map.jpg,Approved,c9e9aa16674ed800258a14ac3785bdc5cf4c27c3685e193739e3b463aef1b7c8,Maintained text and visible-image wording review
infographic,041/registers,../assets/diagrams/stage10-infographics/stage10-lesson-041-registers.jpg,Approved,715dc42fd8559d80b5322560d1602c32e9d58347a0ca9d1896fe71ffa1a9770d,Maintained text and visible-image wording review
infographic,042/cycle,../assets/diagrams/stage10-infographics/stage10-lesson-042-cycle.jpg,Approved,2f6a7726b528606f32bd9a769dbd539b65c789abc69f88a9a4a3261a90ed4323,Maintained text and visible-image wording review
infographic,042/cycle-visual,../assets/diagrams/stage10-infographics/stage10-lesson-042-cycle-visual.jpg,Approved,85af7c206139c9b0b368e939f0958f6e9b3707621468690419e1fbdaf71b204c,Maintained text and visible-image wording review
infographic,042/decode,../assets/diagrams/stage10-infographics/stage10-lesson-042-decode.jpg,Approved,b2cdeaec6dcfc7920f9e25a57e2681cca10b20a95681e0f58b935491575eeb54,Maintained text and visible-image wording review
infographic,042/fetch,../assets/diagrams/stage10-infographics/stage10-lesson-042-fetch.jpg,Approved,a24b0214014249c3dd78819d1fabd7923eb3dd8b55b83269c8ec851a14738b6e,Maintained text and visible-image wording review
infographic,042/registers,../assets/diagrams/stage10-infographics/stage10-lesson-042-registers.jpg,Approved,09dc995161351d4c798364c1c9eb1826034c11d05597555f6c1c03eef293fbb2,Maintained text and visible-image wording review
infographic,043/acc-status,../assets/diagrams/stage10-infographics/stage10-lesson-043-acc-status.jpg,Approved,8d5ce882c8aa37b98fff6816c0adf4ad5768b8b176132eddc7c406d5be2dd462,Maintained text and visible-image wording review
infographic,043/main-registers,../assets/diagrams/stage10-infographics/stage10-lesson-043-main-registers.jpg,Approved,7a26e2050651ae3849e5a729cb3b6ea00c5d5827b11f594b48bbabb4eb61699f,Maintained text and visible-image wording review
infographic,043/purpose,../assets/diagrams/stage10-infographics/stage10-lesson-043-purpose.jpg,Approved,915bd07ee6b08d97932d1c0d1d43ca647f19430b39480dd38c62c60bdd2dda65,Maintained text and visible-image wording review
infographic,044/concept,../assets/diagrams/stage10-infographics/stage10-lesson-044-concept.jpg,Approved,97d892b812ec4ecbf3dd00975f9254678af10996f9dd9176ec0d9150e5ce78ac,Maintained text and visible-image wording review
infographic,044/read-write,../assets/diagrams/stage10-infographics/stage10-lesson-044-read-write.jpg,Approved,bbf069512b2e30b30b89c057037b34254c595289e462fb378d9334a827563a7d,Maintained text and visible-image wording review
infographic,044/three-buses,../assets/diagrams/stage10-infographics/stage10-lesson-044-three-buses.jpg,Approved,2a1a97abb40cafe02882847046c40bbbe9c48def09ffe418bc64067a7b976ddd,Maintained text and visible-image wording review
infographic,044/width,../assets/diagrams/stage10-infographics/stage10-lesson-044-width.jpg,Approved,3030d399413e4c09dc0f1fabb4f72c6388e2bb354a19a256eca2eb17eea6f441,Maintained text and visible-image wording review
infographic,045/compatibility,../assets/diagrams/stage10-infographics/stage10-lesson-045-compatibility.jpg,Approved,902a09dc2c41ad12b85a3396408f1ea948d78451a8aa47b85d8a7a1c86f6c679,Maintained text and visible-image wording review
infographic,045/instruction-set,../assets/diagrams/stage10-infographics/stage10-lesson-045-instruction-set.jpg,Approved,6e85672bc1887a7d20f8919bcb9328daaf44d6fd68cba6fbf9b470aa649e9f07,Maintained text and visible-image wording review
infographic,045/machine-code,../assets/diagrams/stage10-infographics/stage10-lesson-045-machine-code.jpg,Approved,58dedb782459a9b4896a674bc7a04b148fa9a0d8c9e1eee6ce69199fbc0cb446,Maintained text and visible-image wording review
infographic,045/opcode,../assets/diagrams/stage10-infographics/stage10-lesson-045-opcode.jpg,Approved,06d70a997893d0da17f73452b892c09ff0888cd762fe0722862213bb54ab86b7,Maintained text and visible-image wording review
infographic,046/assembler,../assets/diagrams/stage10-infographics/stage10-lesson-046-assembler.jpg,Approved,f94e6dc90f3fa5e07d6359b6580633f789f2aa8ca8844dff15a65fc1f31cea2f,Maintained text and visible-image wording review
infographic,046/assembly,../assets/diagrams/stage10-infographics/stage10-lesson-046-assembly.jpg,Approved,8946e82af8f2401e0d6774c826158dbe75287b5e27d243f5d77950775ce04b8d,Maintained text and visible-image wording review
infographic,046/mnemonics,../assets/diagrams/stage10-infographics/stage10-lesson-046-mnemonics.jpg,Approved,672a7943181e6535d946f2f30dcd92421af1bff437bbc52698623cc4e235e737,Maintained text and visible-image wording review
infographic,046/structure,../assets/diagrams/stage10-infographics/stage10-lesson-046-structure.jpg,Approved,d8d469feb2fcb19e361b25dae6b8107bdac2821211f350e2d744c564c6342c11,Maintained text and visible-image wording review
infographic,047/arrays,../assets/diagrams/stage10-infographics/stage10-lesson-047-arrays.jpg,Approved,21c038bc5ffe744ed886ce3bb88435fdc4e2a6dea7703351f27bf1131acf9395,Maintained text and visible-image wording review
infographic,047/concept,../assets/diagrams/stage10-infographics/stage10-lesson-047-concept.jpg,Approved,f3cccaf628ce86c5f870b77cb55836e5b591ab27d41f2343d8352ea919d2ce7b,Maintained text and visible-image wording review
infographic,047/effective,../assets/diagrams/stage10-infographics/stage10-lesson-047-effective.jpg,Approved,790bb35ec1afdcac54390b97538898369fd43be61045a74aa653659aff91965c,Maintained text and visible-image wording review
infographic,047/modes,../assets/diagrams/stage10-infographics/stage10-lesson-047-modes.jpg,Approved,c3ba2b9b2b7dfb85ffdeaf826b5d9c1cebc1e3219207135ee6f235b8bb3194b0,Maintained text and visible-image wording review
infographic,048/concept,../assets/diagrams/stage10-infographics/stage10-lesson-048-concept.jpg,Approved,c1b60a0bfe8802448b8bd8ba0ef9678d2f9ebfdd297da5436ab281be6fac4127,Maintained text and visible-image wording review
infographic,048/cycle,../assets/diagrams/stage10-infographics/stage10-lesson-048-cycle.jpg,Approved,a5cb290041f5cc1cf4bbeb15dc9c0005cbd6cbeb95deab4fa7f844dbe2255fce,Maintained text and visible-image wording review
infographic,048/polling,../assets/diagrams/stage10-infographics/stage10-lesson-048-polling.jpg,Approved,dce4cccd99c69993c57db127b2db74d9697b4b94dbf3ed228b954932100267ad,Maintained text and visible-image wording review
infographic,048/priority,../assets/diagrams/stage10-infographics/stage10-lesson-048-priority.jpg,Approved,d69fb269dee350cdd34359abf864e50c76cb7f1be1c366473f2a7ebaf37dde60,Maintained text and visible-image wording review
infographic,048/sources,../assets/diagrams/stage10-infographics/stage10-lesson-048-sources.jpg,Approved,aef79a5f97801cf9e4747d145f6435b709211b57a12b03f262bdb940351afa0b,Maintained text and visible-image wording review
infographic,049/cache,../assets/diagrams/stage10-infographics/stage10-lesson-049-cache.jpg,Approved,398aad80813b2a0b1d6f6d4329ed3db15ec633365772c0f3b77641bf0aa4ae44,Maintained text and visible-image wording review
infographic,049/clock,../assets/diagrams/stage10-infographics/stage10-lesson-049-clock.jpg,Approved,6cb960fee9e26cec902d6f2fea0fd28a44c9419f264f03137e1be6cd4fe69a0d,Maintained text and visible-image wording review
infographic,049/concept,../assets/diagrams/stage10-infographics/stage10-lesson-049-concept.jpg,Approved,282ce8339c4abdabd9f9aa4939ab3498872e7c8c53cc979b1d825aebc00110c9,Maintained text and visible-image wording review
infographic,049/cores,../assets/diagrams/stage10-infographics/stage10-lesson-049-cores.jpg,Approved,0c47407b1f23cf5d8823ca3fde9c3762c67a84229ffef15c90b9f858618f3199,Maintained text and visible-image wording review
infographic,049/limits,../assets/diagrams/stage10-infographics/stage10-lesson-049-limits.jpg,Approved,81b09868a71e9474b69d3e437c5bcd3745ba154cff0ff9763d43f779413c81e8,Maintained text and visible-image wording review
infographic,049/word,../assets/diagrams/stage10-infographics/stage10-lesson-049-word.jpg,Approved,8334599a31a7ce03d5b7f86940d83c5dba75690a166c357f386edf2925e25713,Maintained text and visible-image wording review
infographic,050/compare,../assets/diagrams/stage10-infographics/stage10-lesson-050-compare.jpg,Approved,cf8075723bcd9f7108345250fe3c7362c31fcefc417e5f037c91abf2be8e2c29,Maintained text and visible-image wording review
infographic,050/concept,../assets/diagrams/stage10-infographics/stage10-lesson-050-concept.jpg,Approved,acb307ef6626ae51588b14927950e7f4d11b6a962217c666e8f2154b3b45ae0a,Maintained text and visible-image wording review
infographic,050/hazards,../assets/diagrams/stage10-infographics/stage10-lesson-050-hazards.jpg,Approved,c54aaca0a8286efeeddd0a5078a2936c42080dc93cbe34f73f111469db75688d,Maintained text and visible-image wording review
infographic,050/stalls,../assets/diagrams/stage10-infographics/stage10-lesson-050-stalls.jpg,Approved,a007d575c931525ade791b722e19d87ddbb1496ba1c6f1b7cd242e75f2ee2f81,Maintained text and visible-image wording review
infographic,050/timing,../assets/diagrams/stage10-infographics/stage10-lesson-050-timing.jpg,Approved,fe201ba91efc66d3482136b16c310a34a9ae420dd65ec2dbac3e4f574c5492d0,Maintained text and visible-image wording review
infographic,051/clinic,../assets/diagrams/stage10-infographics/stage10-lesson-051-clinic.jpg,Approved,f59a574fff834ffd5337496557f9de6d173c9a57f406d7a74189d8bd55833101,Maintained text and visible-image wording review
infographic,051/compare,../assets/diagrams/stage10-infographics/stage10-lesson-051-compare.jpg,Approved,f0749173190573a573b0024012baef8690453f473aa31d3602f072f9490b3481,Maintained text and visible-image wording review
infographic,051/map,../assets/diagrams/stage10-infographics/stage10-lesson-051-map.jpg,Approved,6b6c479b628b2b6c9fb71282a6d0aaa984aa65e4d64a18700ed3e0d0707e7718,Maintained text and visible-image wording review
infographic,051/retrieval,../assets/diagrams/stage10-infographics/stage10-lesson-051-retrieval.jpg,Approved,1252f8192fff18d2cc513c908fb5a3a4c2a157effcd99d93efc349b083c5d174,Maintained text and visible-image wording review
infographic,051/timed,../assets/diagrams/stage10-infographics/stage10-lesson-051-timed.jpg,Approved,9dd2b87d687b36ca49759a0075862b9b4812598b4f22dcb8e5123c0f0ff9161d,Maintained text and visible-image wording review
infographic,052/categories,../assets/diagrams/stage10-infographics/stage10-lesson-052-categories.jpg,Approved,232ebace2b84ac33390c911952297bbf19d6813cf04a6574bed8cc2cdd3039cd,Maintained text and visible-image wording review
infographic,052/concept,../assets/diagrams/stage10-infographics/stage10-lesson-052-concept.jpg,Approved,b192f028ffe5b256f6dda1c325f413ec77a9a0e05fc9a8f21f069079102982be,Maintained text and visible-image wording review
infographic,052/os,../assets/diagrams/stage10-infographics/stage10-lesson-052-os.jpg,Approved,26bbbd4eec87eea72f0d995f39ca5d98fecd2237ba44e8fbfbdd4a681448a07e,Maintained text and visible-image wording review
infographic,052/pathway,../assets/diagrams/stage10-infographics/stage10-lesson-052-pathway.jpg,Approved,f24de4c0d99a34617bfdcfbb5b16cb1a584845bee1834632a8cd6b94c16787ec,Maintained text and visible-image wording review
infographic,052/translators,../assets/diagrams/stage10-infographics/stage10-lesson-052-translators.jpg,Approved,a3948f850984a7e324fe19996e062f1e3c2acfd34767275b26aafc95eb65d259,Maintained text and visible-image wording review
infographic,052/utility,../assets/diagrams/stage10-infographics/stage10-lesson-052-utility.jpg,Approved,14877aea3763d2a4a39c3b5e21bb960eb76fbca79c758854c7489f5df3325713,Maintained text and visible-image wording review
infographic,053/concept,../assets/diagrams/stage10-infographics/stage10-lesson-053-concept.jpg,Approved,896bf3dbba2290ff1caa223b88794e8acbc816aa200da6396482e79517708243,Maintained text and visible-image wording review
infographic,053/device,../assets/diagrams/stage10-infographics/stage10-lesson-053-device.jpg,Approved,f24b0f54e4885d1ff2def6b81004f30f9147ca15bf8772b1e607f5d66d1c8716,Maintained text and visible-image wording review
infographic,053/file,../assets/diagrams/stage10-infographics/stage10-lesson-053-file.jpg,Approved,760542ceaa806a97a13b4f495284ff56a18ef2f3e23c92422fb39ac84e03fe8a,Maintained text and visible-image wording review
infographic,053/memory,../assets/diagrams/stage10-infographics/stage10-lesson-053-memory.jpg,Approved,643bd95e5a6f6bb98e5b2681cd88fffcbd253df9406bb673348722d30a03468b,Maintained text and visible-image wording review
infographic,053/process,../assets/diagrams/stage10-infographics/stage10-lesson-053-process.jpg,Approved,7447b3168ed5aabec4075d45c318afc311428ef7dac1dfe721e54fe26f5cea3a,Maintained text and visible-image wording review
infographic,053/services,../assets/diagrams/stage10-infographics/stage10-lesson-053-services.jpg,Approved,8f9ac7a467703ec5901eca39a6f37f63a50b6354a6218677d695810bc15d92ab,Maintained text and visible-image wording review
infographic,054/cli,../assets/diagrams/stage10-infographics/stage10-lesson-054-cli.jpg,Approved,60f67333cd596dd0dd2e58b4a4bd697e9b91dd44c79896982b8b1b8153af07f4,Maintained text and visible-image wording review
infographic,054/compare,../assets/diagrams/stage10-infographics/stage10-lesson-054-compare.jpg,Approved,66465bf1fb535b16ffc791df383d3c4c6500e6514a9376549833d2bad78ae434,Maintained text and visible-image wording review
infographic,054/concept,../assets/diagrams/stage10-infographics/stage10-lesson-054-concept.jpg,Approved,f1873fa8b59d3bd1f2d2315c603511bb015e85970b4fad127017a0da57737d76,Maintained text and visible-image wording review
infographic,054/gui,../assets/diagrams/stage10-infographics/stage10-lesson-054-gui.jpg,Approved,f86705ceb54579c29ae2681cd968d732f8a158503b507ea9751b737f91ed6fb4,Maintained text and visible-image wording review
infographic,054/menu,../assets/diagrams/stage10-infographics/stage10-lesson-054-menu.jpg,Approved,2cb5d09fc024dd97d054b5bd5dc6a88efe67c2377a32330d3f181d115d4bdec3,Maintained text and visible-image wording review
infographic,054/natural,../assets/diagrams/stage10-infographics/stage10-lesson-054-natural.jpg,Approved,ad8db01c8c32712aa730d1890169b8b7b4a5388b2f729e1f477efa0fe51d5501,Maintained text and visible-image wording review
infographic,055/antivirus,../assets/diagrams/stage10-infographics/stage10-lesson-055-antivirus.jpg,Approved,2c0885cb70595bff5dda2160036ad6dc301cf44d5dddb3d2749b676dc143637a,Maintained text and visible-image wording review
infographic,055/backup,../assets/diagrams/stage10-infographics/stage10-lesson-055-backup.jpg,Approved,a7bc6106b771ce16068498093c2d0c7047713a43a5917f1ebe77d3c5418f0ff3,Maintained text and visible-image wording review
infographic,055/compare,../assets/diagrams/stage10-infographics/stage10-lesson-055-compare.jpg,Approved,9ed6b946669c49e791091de7a69342f657159255ae40f46148e07be1c059a87c,Maintained text and visible-image wording review
infographic,055/compression,../assets/diagrams/stage10-infographics/stage10-lesson-055-compression.jpg,Approved,00cd3f59b0616e722cca42880f4b391597e184814b35f439b562184b6c984111,Maintained text and visible-image wording review
infographic,055/concept,../assets/diagrams/stage10-infographics/stage10-lesson-055-concept.jpg,Approved,323210f2573c4adf579e29af52a156b3f8ac687a63de013ad7c8718a0217386a,Maintained text and visible-image wording review
infographic,055/defrag,../assets/diagrams/stage10-infographics/stage10-lesson-055-defrag.jpg,Approved,f6ee40564d618d58e87ccda6c9ecc6b1a1c58f893bfb45d0108e0b5a4eff1b1d,Maintained text and visible-image wording review
infographic,055/encryption,../assets/diagrams/stage10-infographics/stage10-lesson-055-encryption.jpg,Approved,9acaca360c161ceed035d177242ce4f3223244c53592cf60d1ab5b1103406187,Maintained text and visible-image wording review
infographic,056/assembler,../assets/diagrams/stage10-infographics/stage10-lesson-056-assembler.jpg,Approved,dfdda84391c90103216738124899a3e333d7236400ff608e6933838576e25b9b,Maintained text and visible-image wording review
infographic,056/compare,../assets/diagrams/stage10-infographics/stage10-lesson-056-compare.jpg,Approved,493b3c19d592ef935b855a35c1ef34d919fa71ed9aec398787174c5640adf27c,Maintained text and visible-image wording review
infographic,056/compiler,../assets/diagrams/stage10-infographics/stage10-lesson-056-compiler.jpg,Approved,73a014671bbf53a6490a8df80ab8dc91194df6c0ff1d25c3dcf140f798816da0,Maintained text and visible-image wording review
infographic,056/concept,../assets/diagrams/stage10-infographics/stage10-lesson-056-concept.jpg,Approved,cd762133a672c92103ab249d1f261cfc2ad4192c8a1c208ea4fad7f67e4a452a,Maintained text and visible-image wording review
infographic,056/interpreter,../assets/diagrams/stage10-infographics/stage10-lesson-056-interpreter.jpg,Approved,c6b2c04e39a33099080c0b5ccbcee4dc0efeb355ca6610fddc003484478ff2fe,Maintained text and visible-image wording review
infographic,057/generation,../assets/diagrams/stage10-infographics/stage10-lesson-057-generation.jpg,Approved,7a2d09bde9ace4771280643499d88657d7e99fd95fdf458ea924b570480055fb,Maintained text and visible-image wording review
infographic,057/lexical,../assets/diagrams/stage10-infographics/stage10-lesson-057-lexical.jpg,Approved,6b3b338450f0341580efd200ed4a3c6d02161bd1fad8a5a39e68f4f80a48beaf,Maintained text and visible-image wording review
infographic,057/optimisation,../assets/diagrams/stage10-infographics/stage10-lesson-057-optimisation.jpg,Approved,425781d236ad2d907818cac337bd26bad2c25a7786ab246024b942ec4abe1a47,Maintained text and visible-image wording review
infographic,057/pipeline,../assets/diagrams/stage10-infographics/stage10-lesson-057-pipeline.jpg,Approved,c531685b759b6919fad99f299a3a36c5c3e2436d7a2c26e1faa6272bc5f019d2,Maintained text and visible-image wording review
infographic,057/semantic,../assets/diagrams/stage10-infographics/stage10-lesson-057-semantic.jpg,Approved,2dc7f12a1764758301a1fe433c7d6e1394934f0b66c2b71f50beeb0e38fb66eb,Maintained text and visible-image wording review
infographic,057/syntax,../assets/diagrams/stage10-infographics/stage10-lesson-057-syntax.jpg,Approved,e05d55c73f05b064b1c2e72362e74ccb847af873673f0b6f92ffef4f8994849b,Maintained text and visible-image wording review
infographic,058/compare,../assets/diagrams/stage10-infographics/stage10-lesson-058-compare.jpg,Approved,6d3d1ce67ed9d96a7900979403b0624f6dbc5a8a2c203593e70b2cdd378b0f25,Maintained text and visible-image wording review
infographic,058/concept,../assets/diagrams/stage10-infographics/stage10-lesson-058-concept.jpg,Approved,e4835ccf9f1be06ed4b0671bf99bb8f1620d1159ff18b56bdf0be864b1cf04eb,Maintained text and visible-image wording review
infographic,058/libraries,../assets/diagrams/stage10-infographics/stage10-lesson-058-libraries.jpg,Approved,45d414061b0d9166e99bca7ef577c47650e6189428099511d5017228ce1fd3ed,Maintained text and visible-image wording review
infographic,058/linkers,../assets/diagrams/stage10-infographics/stage10-lesson-058-linkers.jpg,Approved,85ed76e855a7082c15d1b1118e1679d6fdba2a0f5c33db3326b0a6adb6d2bf64,Maintained text and visible-image wording review
infographic,058/loaders,../assets/diagrams/stage10-infographics/stage10-lesson-058-loaders.jpg,Approved,ad3cc9d1e51df88b4ca48a35cd269d2045f5511f421a98ccb65eb701716c77a9,Maintained text and visible-image wording review
infographic,058/static-dynamic,../assets/diagrams/stage10-infographics/stage10-lesson-058-static-dynamic.jpg,Approved,8d6b5bf1f56e86d7f92dc2f82e5fc0b0e9bb70b6ed64823ed207569bcadc28e6,Maintained text and visible-image wording review
infographic,059/compare,../assets/diagrams/stage10-infographics/stage10-lesson-059-compare.jpg,Approved,7fd83eed4a504e43da27e62a70a93961861b5bad55ddc588f1b69234cc3ef10a,Maintained text and visible-image wording review
infographic,059/concept,../assets/diagrams/stage10-infographics/stage10-lesson-059-concept.jpg,Approved,6c4fa9d37edaea4b65d33b1f0350fb94d211e6307197067c03dfe74283f29913,Maintained text and visible-image wording review
infographic,059/diagnostics,../assets/diagrams/stage10-infographics/stage10-lesson-059-diagnostics.jpg,Approved,8bde5126b1d984193bfa165217733da4bcba1fc39a4b997938c96f9bf750316e,Maintained text and visible-image wording review
infographic,059/logic,../assets/diagrams/stage10-infographics/stage10-lesson-059-logic.jpg,Approved,09afff59e5b942089a0189f6f637aa744767fc943a7c4567cca4d455b69c6403,Maintained text and visible-image wording review
infographic,059/runtime,../assets/diagrams/stage10-infographics/stage10-lesson-059-runtime.jpg,Approved,4557f779d814d8ec9aae94c23f7dfb6c643e207335244a7dc32e17d49c9ba7c4,Maintained text and visible-image wording review
infographic,059/syntax,../assets/diagrams/stage10-infographics/stage10-lesson-059-syntax.jpg,Approved,017864fdaca97fc55511eddd896f571a8cd31c4a1f07f4d8d0b1a8f5167b6f64,Maintained text and visible-image wording review
infographic,060/decision,../assets/diagrams/stage10-infographics/stage10-lesson-060-decision.jpg,Approved,af9109aa4f9fb880256f6e8f98e48ef27222ed4cb1825c5541fa8b6db43f0cbe,Maintained text and visible-image wording review
infographic,060/deployment,../assets/diagrams/stage10-infographics/stage10-lesson-060-deployment.jpg,Approved,12085d3b182019f03efad7c68df29ce99ee12bf1997f6a6d8156d7a55409dae0,Maintained text and visible-image wording review
infographic,060/development,../assets/diagrams/stage10-infographics/stage10-lesson-060-development.jpg,Approved,019273baf7e371c88a6c9038046f72c14b63c7d64bb6be436cb43a16295860ba,Maintained text and visible-image wording review
infographic,060/diagnostics,../assets/diagrams/stage10-infographics/stage10-lesson-060-diagnostics.jpg,Approved,5b8834a5ad0b52f60a8cde5d45e66d0af3fee1f791a616165749ca48d5f7f46f,Maintained text and visible-image wording review
infographic,060/lowlevel,../assets/diagrams/stage10-infographics/stage10-lesson-060-lowlevel.jpg,Approved,8ffdb189a48673f06dbe47542da47f84b73c015c454c72a4e645198cf9f58288,Maintained text and visible-image wording review
infographic,060/pipeline,../assets/diagrams/stage10-infographics/stage10-lesson-060-pipeline.jpg,Approved,2f3f978b5bccca65bc024b07d0d5ac002c59cf129de7ac40938dfc57191f888e,Maintained text and visible-image wording review
infographic,061/compare,../assets/diagrams/stage10-infographics/stage10-lesson-061-compare.jpg,Approved,1527a37d9e138917d7cde50982dfe90d1f6d892690b92e5387b866455b692c33,Maintained text and visible-image wording review
infographic,061/precision,../assets/diagrams/stage10-infographics/stage10-lesson-061-precision.jpg,Approved,e0677748b57601904ce0687bf25d3b70f485e430442927a27d45ec8f4bbe2961,Maintained text and visible-image wording review
infographic,061/retrieval,../assets/diagrams/stage10-infographics/stage10-lesson-061-retrieval.jpg,Approved,702d1148c38f608292178582516a3cdc53e6fb02e192f93734655567b42d9a66,Maintained text and visible-image wording review
infographic,062/authenticity,../assets/diagrams/stage10-infographics/stage10-lesson-062-authenticity.jpg,Approved,713b218fa42e0b271013b027841fa38ecbc2de4ab9b245895efa2b7219e4cc64,Maintained text and visible-image wording review
infographic,062/availability,../assets/diagrams/stage10-infographics/stage10-lesson-062-availability.jpg,Approved,e9ce5c7404a583a11b149135a9be8a1d2d437d66baed3e058bc5d44725a64c6f,Maintained text and visible-image wording review
infographic,062/confidentiality,../assets/diagrams/stage10-infographics/stage10-lesson-062-confidentiality.jpg,Approved,bf8704ed77aa65ca3188b700249ad6a43e0ad99296b4b0d8ebf6171597dc6955,Maintained text and visible-image wording review
infographic,062/controls,../assets/diagrams/stage10-infographics/stage10-lesson-062-controls.jpg,Approved,ed5e02f7b88e950196f01479c3ecf6fdb41201c48b9808b018353df2262e8707,Maintained text and visible-image wording review
infographic,062/integrity,../assets/diagrams/stage10-infographics/stage10-lesson-062-integrity.jpg,Approved,853a4c79cef4d7dc2aec948ad0014c65dbae7d14379dc9e64266b38de70f2fc2,Maintained text and visible-image wording review
infographic,062/risk-chain,../assets/diagrams/stage10-infographics/stage10-lesson-062-risk-chain.jpg,Approved,7ae4a3a6bebd69754c48e65d9dd02b16e012747096452dff5e6240571c3e4a52,Maintained text and visible-image wording review
infographic,063/concept,../assets/diagrams/stage10-infographics/stage10-lesson-063-concept.jpg,Approved,f392ab6ce5f5623b417e755baa19b3a26da4ab6eed9be9bec9c4070e38ca7c4c,Maintained text and visible-image wording review
infographic,063/controls,../assets/diagrams/stage10-infographics/stage10-lesson-063-controls.jpg,Approved,bc1ab1fba0996a1592caadeaa92f35a6f0ee8730d5dfc792579cf3e9707fe36d,Maintained text and visible-image wording review
infographic,063/ransomware,../assets/diagrams/stage10-infographics/stage10-lesson-063-ransomware.jpg,Approved,aadfb71cbcb7bbacd657ece5e94e8aba08c8b38a1636c03ea63711479b00f1c9,Maintained text and visible-image wording review
infographic,063/social,../assets/diagrams/stage10-infographics/stage10-lesson-063-social.jpg,Approved,ebe445389799e0e0214b78f06400a848453102fa7de9286fce20f2048a2f40cd,Maintained text and visible-image wording review
infographic,063/spyware,../assets/diagrams/stage10-infographics/stage10-lesson-063-spyware.jpg,Approved,61a7da292f57663571d3ec748e40a95063933b6beaebe9f180698255e6c2cc01,Maintained text and visible-image wording review
infographic,063/trojan,../assets/diagrams/stage10-infographics/stage10-lesson-063-trojan.jpg,Approved,1438f7922043365f55b5ed2f5c56648fb16409a70232d02ed366b334414b140f,Maintained text and visible-image wording review
infographic,063/virus,../assets/diagrams/stage10-infographics/stage10-lesson-063-virus.jpg,Approved,1cfdbd6e6bf016719aa835e25a77168a06028977dea00ca83a3db88c13a6ef07,Maintained text and visible-image wording review
infographic,064/compare,../assets/diagrams/stage10-infographics/stage10-lesson-064-compare.jpg,Approved,27572f34b2fe7781a5dcfe85f0fe5919646f81601ac596161fcaeb019d5e5af7,Maintained text and visible-image wording review
infographic,064/controls,../assets/diagrams/stage10-infographics/stage10-lesson-064-controls.jpg,Approved,aecb40b2b9eb8728bb630f9c063e5cb139aacae4aa8c0aa23183195adcd75ac6,Maintained text and visible-image wording review
infographic,064/core,../assets/diagrams/stage10-infographics/stage10-lesson-064-core.jpg,Approved,68506657224285adb3c4e5419b72d9ef61841751ee7684e26be95491a850f29c,Maintained text and visible-image wording review
infographic,064/dos,../assets/diagrams/stage10-infographics/stage10-lesson-064-dos.jpg,Approved,fed08a7a38c8145f20725a960543d62c94b1ef559c7dce27f60500e9564e16b2,Maintained text and visible-image wording review
infographic,064/hacking,../assets/diagrams/stage10-infographics/stage10-lesson-064-hacking.jpg,Approved,61881f8f09c76f8e7b40ac4efe722135862df50bb9a08b8d1b7cc7390a5cbe8c,Maintained text and visible-image wording review
infographic,064/pharming,../assets/diagrams/stage10-infographics/stage10-lesson-064-pharming.jpg,Approved,223b440b938027a9eaf0feeb87c89b7c8ae4804846a7cd4d66ed563378d9a112,Maintained text and visible-image wording review
infographic,064/phishing,../assets/diagrams/stage10-infographics/stage10-lesson-064-phishing.jpg,Approved,6d801ccb0f6b5dcbe387bb4bba103055c433e3437da02154aec6d9689d9ca960,Maintained text and visible-image wording review
infographic,065/biometrics,../assets/diagrams/stage10-infographics/stage10-lesson-065-biometrics.jpg,Approved,ff443073f398d8aa09b89ae43321429ce6c4bf87f01214b4b49ea69dfb1f89a2,Maintained text and visible-image wording review
infographic,065/compare,../assets/diagrams/stage10-infographics/stage10-lesson-065-compare.jpg,Approved,48849d10b5f7c383216866c88b06642dca30998e081a6c532786ee259b79ceae,Maintained text and visible-image wording review
infographic,065/core,../assets/diagrams/stage10-infographics/stage10-lesson-065-core.jpg,Approved,79515134ce866f9b460c3738bb9d64b6af39ff98fd995642750f513bab809fe8,Maintained text and visible-image wording review
infographic,065/factors,../assets/diagrams/stage10-infographics/stage10-lesson-065-factors.jpg,Approved,219b55f57ac129834a22768d70daa6f1f6f75d17f648eed55f9329786220b70a,Maintained text and visible-image wording review
infographic,065/mfa,../assets/diagrams/stage10-infographics/stage10-lesson-065-mfa.jpg,Approved,8d5cb4541b8be3fd5b9c1ce869ffc4bd3c34632b1690a7f729ffa16f4e020318,Maintained text and visible-image wording review
infographic,065/password-tool,../assets/diagrams/stage10-infographics/stage10-lesson-065-password-tool.jpg,Approved,b49446b03ccaf423a10e67d909a8bdff2fd5a38bebbb3b514dee7bbb9213f96c,Maintained text and visible-image wording review
infographic,065/passwords,../assets/diagrams/stage10-infographics/stage10-lesson-065-passwords.jpg,Approved,6704b52d4320ba20caf095512a1651bdca220ea80b60b1560de723b83d4dc261,Maintained text and visible-image wording review
infographic,065/tokens,../assets/diagrams/stage10-infographics/stage10-lesson-065-tokens.jpg,Approved,8a126cb5431f3069d84e1d884c79471bec51d74d703d336620a8d35b4f8ed310,Maintained text and visible-image wording review
infographic,066/core,../assets/diagrams/stage10-infographics/stage10-lesson-066-core.jpg,Approved,88e675614b739dce629b768b95dbf5969933a9f742a1ea8ff55704f2cbac31c8,Maintained text and visible-image wording review
infographic,066/least,../assets/diagrams/stage10-infographics/stage10-lesson-066-least.jpg,Approved,9b04df2cf3294a385990a38f7e8864b1bfcf41dbbfa8795807011d85f858f854,Maintained text and visible-image wording review
infographic,066/matrix,../assets/diagrams/stage10-infographics/stage10-lesson-066-matrix.jpg,Approved,c22c3b67f3aed92f9001c8fe16ba638e992423a74da2f5af2f97203b14c1f13c,Maintained text and visible-image wording review
infographic,066/review,../assets/diagrams/stage10-infographics/stage10-lesson-066-review.jpg,Approved,047bcf9cc5d6cfab38eda0f818d449844a22b6e7933b120b64d94b943501fbe7,Maintained text and visible-image wording review
infographic,066/rights,../assets/diagrams/stage10-infographics/stage10-lesson-066-rights.jpg,Approved,2cb5551678207cae76665ef277dc3911dec38af90a7e3f6d64c576afa5750cc0,Maintained text and visible-image wording review
infographic,066/users,../assets/diagrams/stage10-infographics/stage10-lesson-066-users.jpg,Approved,0c222db048cfb1d610786222cff997de271edc7f88b2e926ecf509c628716be3,Maintained text and visible-image wording review
infographic,067/certificates,../assets/diagrams/stage10-infographics/stage10-lesson-067-certificates.jpg,Approved,4776e4f49336c974949428afae1886240e6be8582c760f56996c4ea13b46afa8,Maintained text and visible-image wording review
infographic,067/compare,../assets/diagrams/stage10-infographics/stage10-lesson-067-compare.jpg,Approved,ef9dbab2a993ce8fd72be6fa25aba35d851971dd5e1056db7a43cfc6458ffd89,Maintained text and visible-image wording review
infographic,067/core,../assets/diagrams/stage10-infographics/stage10-lesson-067-core.jpg,Approved,9d49fbb9afaccfe0e1775ba4c90f0597156d7df45b394aa8c9a86767b065be63,Maintained text and visible-image wording review
infographic,067/encryption,../assets/diagrams/stage10-infographics/stage10-lesson-067-encryption.jpg,Approved,877c966553b4ca6d8f6ceaee7899a3259c83daecd232f6201b911bf04baa8852,Maintained text and visible-image wording review
infographic,067/hashing,../assets/diagrams/stage10-infographics/stage10-lesson-067-hashing.jpg,Approved,ca43a319e87b9790b52190ed650d2e5abb833c6f818dbf49933d36c57682df0a,Maintained text and visible-image wording review
infographic,067/https,../assets/diagrams/stage10-infographics/stage10-lesson-067-https.jpg,Approved,248fd4a0ae200b18361c2fd6a33d393124d616cdd89063d089a3d13de80e7c91,Maintained text and visible-image wording review
infographic,067/keys,../assets/diagrams/stage10-infographics/stage10-lesson-067-keys.jpg,Approved,c3cdf9711f8b5aefcbb65b5aa43c6d83acc1dfca7b61796c559b0d5c61f5228b,Maintained text and visible-image wording review
infographic,068/core,../assets/diagrams/stage10-infographics/stage10-lesson-068-core.jpg,Approved,ad94522cd7e523e6d435091c1b1e15df47441f543e54d35be09a9d8c72873557,Maintained text and visible-image wording review
infographic,068/event-tool,../assets/diagrams/stage10-infographics/stage10-lesson-068-event-tool.jpg,Approved,76ffee36c12e8d4666bc4c63f1af90cb9d4763b13296849667896f7b80e7c0b6,Maintained text and visible-image wording review
infographic,068/firewall,../assets/diagrams/stage10-infographics/stage10-lesson-068-firewall.jpg,Approved,fbd525ba5b2b81375cdb0b294370a7a28caac5d03e47b16189d44079d6c9c88d,Maintained text and visible-image wording review
infographic,068/limits,../assets/diagrams/stage10-infographics/stage10-lesson-068-limits.jpg,Approved,4e5c04ee2bb4e132ae70bcce9c80ae7b1e42773dd686b40eb0ddff0d57d1b6fb,Maintained text and visible-image wording review
infographic,068/monitoring,../assets/diagrams/stage10-infographics/stage10-lesson-068-monitoring.jpg,Approved,83df2f62548eaad8172da093a91a55321d7bf4613340c9ab6be21513cfc7badc,Maintained text and visible-image wording review
infographic,068/proxy,../assets/diagrams/stage10-infographics/stage10-lesson-068-proxy.jpg,Approved,bd74836b7744b92f8d69767efdcd5cc3787a534c59305dc31ebf0787fd773703,Maintained text and visible-image wording review
infographic,068/rules,../assets/diagrams/stage10-infographics/stage10-lesson-068-rules.jpg,Approved,012717dfdfdb2d46627cc88042fba7a6ccbdd39951fa5a7280e63d2d65389775,Maintained text and visible-image wording review
infographic,069/checks,../assets/diagrams/stage10-infographics/stage10-lesson-069-checks.jpg,Approved,94ea9e2bcc6e65113687db3b3a59e51b6b438594aa94511f253751721df8f018,Maintained text and visible-image wording review
infographic,069/compare,../assets/diagrams/stage10-infographics/stage10-lesson-069-compare.jpg,Approved,4198149fe50ef21730a4f617bf5708a20523ed34b11d942bda72a56131ca605f,Maintained text and visible-image wording review
infographic,069/core,../assets/diagrams/stage10-infographics/stage10-lesson-069-core.jpg,Approved,8b8374ab41313cc8b46111ebd4a33c47399c1df2153492fcbfa1bd8f5ae255a4,Maintained text and visible-image wording review
infographic,069/limits,../assets/diagrams/stage10-infographics/stage10-lesson-069-limits.jpg,Approved,f559f0baed05c0e70b0212747dc918cf434f8238de7f636ab436d9eb239d9ad6,Maintained text and visible-image wording review
infographic,069/validation,../assets/diagrams/stage10-infographics/stage10-lesson-069-validation.jpg,Approved,1f515cf7727e82170809088df4f10017e15631b50fc2c499c0e4901b02c0e05b,Maintained text and visible-image wording review
infographic,069/verification,../assets/diagrams/stage10-infographics/stage10-lesson-069-verification.jpg,Approved,f2e8b224b7e0cdbbb7b825ff1addc65cca09d0ae17bfa99eacc33001761970ef,Maintained text and visible-image wording review
infographic,069/verify-tool,../assets/diagrams/stage10-infographics/stage10-lesson-069-verify-tool.jpg,Approved,cc1fefa9794a3c33bd677072c1bda63ad8bafe77437f151403564da15e9adf24,Maintained text and visible-image wording review
infographic,070/audit-trails,../assets/diagrams/stage10-infographics/stage10-lesson-070-audit-trails.jpg,Approved,7ebb34baa07fadfe07e2490508e50d263e4a002074444c90e81559b31da6e930,Maintained text and visible-image wording review
infographic,070/backups,../assets/diagrams/stage10-infographics/stage10-lesson-070-backups.jpg,Approved,2ca77825325db612c861648e6fe55e5a3764c6ed2cc6f3c03d4fcfc0e14ef912,Maintained text and visible-image wording review
infographic,070/compare,../assets/diagrams/stage10-infographics/stage10-lesson-070-compare.jpg,Approved,3e96a71a4235ea51f8d503c8ff1e26811fc7e97e7ef79d6ded4d51772ebfaca9,Maintained text and visible-image wording review
infographic,070/core,../assets/diagrams/stage10-infographics/stage10-lesson-070-core.jpg,Approved,a53e04dc4575ebb3bba229d899e97e1e19f13d16e05e5c2252fc695f509c37bb,Maintained text and visible-image wording review
infographic,070/recovery,../assets/diagrams/stage10-infographics/stage10-lesson-070-recovery.jpg,Approved,0434ae49a1fe3c3f8f52a52721bcf640d765778c0896cce4d808dc1dc2e8f673,Maintained text and visible-image wording review
infographic,070/rpo-tool,../assets/diagrams/stage10-infographics/stage10-lesson-070-rpo-tool.jpg,Approved,2a3984411d79218f3fe927b5eb48d66a701f17f4c5dc239190e6a6b32bb9506e,Maintained text and visible-image wording review
infographic,070/strategy,../assets/diagrams/stage10-infographics/stage10-lesson-070-strategy.jpg,Approved,138ed464706bf3c4df48868efeac0a3e5a33b699c697718fcb69f61976fc89f6,Maintained text and visible-image wording review
infographic,071/compare,../assets/diagrams/stage10-infographics/stage10-lesson-071-compare.jpg,Approved,e7bd66a1feae0fcc5df091d140c37a669cb617a2b640607e0f5638c6c353ae02,Maintained text and visible-image wording review
infographic,071/controls,../assets/diagrams/stage10-infographics/stage10-lesson-071-controls.jpg,Approved,a288b46335bc2d545d8472dfe7dc74ddc9822bcd9697229f54867872e076bcde,Maintained text and visible-image wording review
infographic,071/diagnostic,../assets/diagrams/stage10-infographics/stage10-lesson-071-diagnostic.jpg,Approved,bf36d83ace4809e724a35244aa351fd9ffe473d7452e4117fc6641396dcafb3c,Maintained text and visible-image wording review
infographic,071/matcher,../assets/diagrams/stage10-infographics/stage10-lesson-071-matcher.jpg,Approved,bc66796e38195e981f6259bd3e9cbe9c4036ecd2528000813cb297a9784601e8,Maintained text and visible-image wording review
infographic,071/method,../assets/diagrams/stage10-infographics/stage10-lesson-071-method.jpg,Approved,ec2e6b756a20bfd45ec8f1fe2b09cbed98c2a07f3058630c2fc65a807a020bfb,Maintained text and visible-image wording review
infographic,071/review-map,../assets/diagrams/stage10-infographics/stage10-lesson-071-review-map.jpg,Approved,fed8b7c1be3baec89a7fb00f68fbdd20908df74fd9be93f082a1b9c1b18d70fd,Maintained text and visible-image wording review
infographic,072/ethics,../assets/diagrams/stage10-infographics/stage10-lesson-072-ethics.jpg,Approved,8604bb70759dfc3bc35138be0d9386e76f2bea75930d39ae2984af5a5181b2cf,Maintained text and visible-image wording review
infographic,072/mapper,../assets/diagrams/stage10-infographics/stage10-lesson-072-mapper.jpg,Approved,484ff129155b5b577996aab4fa9e060609b694f72433fd4f3f1602f51ac67e29,Maintained text and visible-image wording review
infographic,072/method,../assets/diagrams/stage10-infographics/stage10-lesson-072-method.jpg,Approved,c73b2ae739053a2604e27fb9abeb58b30b013cb7c8df2130dacc3494bbca102d,Maintained text and visible-image wording review
infographic,072/stakeholders,../assets/diagrams/stage10-infographics/stage10-lesson-072-stakeholders.jpg,Approved,d7ac289c042fc5655aca14cc8164ae0b4fbae427600011eb6476b72542fe14db,Maintained text and visible-image wording review
infographic,072/tradeoffs,../assets/diagrams/stage10-infographics/stage10-lesson-072-tradeoffs.jpg,Approved,7491df6d2ca7f9c51a450f4408bf145d7f94117960bf43ab016815ff2eb13349,Maintained text and visible-image wording review
infographic,073/checklist,../assets/diagrams/stage10-infographics/stage10-lesson-073-checklist.jpg,Approved,fb46a5a98191cbbdb3e8000458b88423dbf4539b000a040a4042b2968a814ef9,Maintained text and visible-image wording review
infographic,073/method,../assets/diagrams/stage10-infographics/stage10-lesson-073-method.jpg,Approved,ead2d19c7333f1e3bd0df0dd84f4ef1a21dc88e53d0bc6683a11157b71cd181e,Maintained text and visible-image wording review
infographic,073/principles,../assets/diagrams/stage10-infographics/stage10-lesson-073-principles.jpg,Approved,17350263db9f492a2891baa8d806b65b688ff1e0ae6ae0286d19df5b1bdde78b,Maintained text and visible-image wording review
infographic,073/privacy,../assets/diagrams/stage10-infographics/stage10-lesson-073-privacy.jpg,Approved,1ea3f3cc742859326cb05bb6af6f1d8ee225c68f11e1c0e37c225c2571f53ccd,Maintained text and visible-image wording review
infographic,073/protection,../assets/diagrams/stage10-infographics/stage10-lesson-073-protection.jpg,Approved,4a781dc4788664a151902fe90a6e9c8862cff80320d5fd9850bd4cfcf9e34ead,Maintained text and visible-image wording review
infographic,073/scanner,../assets/diagrams/stage10-infographics/stage10-lesson-073-scanner.jpg,Approved,86439af18ae5bc4ce9118db9f63245769f4ac5651251efc26e299735d6e4d4b9,Maintained text and visible-image wording review
infographic,073/surveillance,../assets/diagrams/stage10-infographics/stage10-lesson-073-surveillance.jpg,Approved,89a22b5568867a36e358c3a13893c66997abc70a492bf71106035237e6613328,Maintained text and visible-image wording review
infographic,074/compare,../assets/diagrams/stage10-infographics/stage10-lesson-074-compare.jpg,Approved,3e041c6bd2d9818948a7404ec8458cb8055ddca818b50e54475e2d38fe2736a3,Maintained text and visible-image wording review
infographic,074/copyright,../assets/diagrams/stage10-infographics/stage10-lesson-074-copyright.jpg,Approved,6ffb10f49657f30e9e053cf81cbe27c861cc6f48460f054110925b0ee2305cab,Maintained text and visible-image wording review
infographic,074/ip,../assets/diagrams/stage10-infographics/stage10-lesson-074-ip.jpg,Approved,bb8992a872e93c4b78b9ca0589efe1e4fb67ae2c615309e82e76cd4df45775bb,Maintained text and visible-image wording review
infographic,074/licensing,../assets/diagrams/stage10-infographics/stage10-lesson-074-licensing.jpg,Approved,0d5c8ebd44a10d26e92aa8f8ae319a831ce5925961e3fe61c868b67a07ea0687,Maintained text and visible-image wording review
infographic,074/matcher,../assets/diagrams/stage10-infographics/stage10-lesson-074-matcher.jpg,Approved,2aa8b39a4c1ed4c7d9c8f91a3561bce635738137ccbe8dba13b6f0a3fb5c66e4,Maintained text and visible-image wording review
infographic,074/patents,../assets/diagrams/stage10-infographics/stage10-lesson-074-patents.jpg,Approved,9595267b74b62976a257cdc0c2d771b5fa8ef4c81e228eb88b83e81d2c79fcc3,Maintained text and visible-image wording review
infographic,075/advisor,../assets/diagrams/stage10-infographics/stage10-lesson-075-advisor.jpg,Approved,7b83e7a0a74c402579d41547026bcbc31cf2282b782d2fdfa67ae99ced33b4de,Maintained text and visible-image wording review
infographic,075/method,../assets/diagrams/stage10-infographics/stage10-lesson-075-method.jpg,Approved,207332bf61cf7e5b8f9bf610dc41525825c0adccb8c06da61a6a5dab0af17f99,Maintained text and visible-image wording review
infographic,075/open-source,../assets/diagrams/stage10-infographics/stage10-lesson-075-open-source.jpg,Approved,180db3057e6477aa4d3333df6a18aca824dd08bf28efbcd955be1d7e504cf7bd,Maintained text and visible-image wording review
infographic,075/ownership,../assets/diagrams/stage10-infographics/stage10-lesson-075-ownership.jpg,Approved,7966404a08ea223ed550ef9862150fac6d2b6d20b136ba415c7fbd81b16d55b0,Maintained text and visible-image wording review
infographic,075/proprietary,../assets/diagrams/stage10-infographics/stage10-lesson-075-proprietary.jpg,Approved,ea7d60d7b28044fdfc4bd5ec5087eeacd5af081ac5ba55e28abd278c405dd821,Maintained text and visible-image wording review
infographic,075/tradeoffs,../assets/diagrams/stage10-infographics/stage10-lesson-075-tradeoffs.jpg,Approved,3ebddb0f2e5efd53bfd24028863b30ab576924d14f16edeb76b98af022a01c05,Maintained text and visible-image wording review
infographic,076/analyser,../assets/diagrams/stage10-infographics/stage10-lesson-076-analyser.jpg,Approved,a4fa8e0a6549b53c51142440bf69cc42e4038ab6bca5dd62bc79630b958be18c,Maintained text and visible-image wording review
infographic,076/digital-divide,../assets/diagrams/stage10-infographics/stage10-lesson-076-digital-divide.jpg,Approved,0c4af335e2f8b8095c1660cb5b31ceccada641553a3845be9403a4be45dab333,Maintained text and visible-image wording review
infographic,076/environment,../assets/diagrams/stage10-infographics/stage10-lesson-076-environment.jpg,Approved,c3a6ef9ceb2a703d0c8683a48d1e6ab06ae39aeea92026484eeef7158294bfc1,Maintained text and visible-image wording review
infographic,076/ewaste,../assets/diagrams/stage10-infographics/stage10-lesson-076-ewaste.jpg,Approved,34ad22052023175f69de7e03d6ac5b98bdd7e6c846fa011a99c9f6161eb0d48b,Maintained text and visible-image wording review
infographic,076/method,../assets/diagrams/stage10-infographics/stage10-lesson-076-method.jpg,Approved,1ea4aaa2d6f58838b15a55b62e5300b6e2aab731badc054373512067a6c34390,Maintained text and visible-image wording review
infographic,076/social,../assets/diagrams/stage10-infographics/stage10-lesson-076-social.jpg,Approved,6ff67a8d5a297d8c0b160a20728b9e73b21b949ca662f8d8f235dea6515faec8,Maintained text and visible-image wording review
infographic,077/compare,../assets/diagrams/stage10-infographics/stage10-lesson-077-compare.jpg,Approved,b83da03c18ba6ddd4adbca90ea4343ed59b205cfe37a108335a7a8a4d5647089,Maintained text and visible-image wording review
infographic,077/map,../assets/diagrams/stage10-infographics/stage10-lesson-077-map.jpg,Approved,d04a080103069d8ef8ce9f546cf78d5f95e4319a43749b2c66815a9a8efc3622,Maintained text and visible-image wording review
infographic,077/marking,../assets/diagrams/stage10-infographics/stage10-lesson-077-marking.jpg,Approved,b619396c55d651c13afe439843795afcbeb380504045f715be3f60841e4d39e1,Maintained text and visible-image wording review
infographic,077/structure,../assets/diagrams/stage10-infographics/stage10-lesson-077-structure.jpg,Approved,90ced7d31319f7962d0250e575430664a201ced22be20922796090f0c5178d06,Maintained text and visible-image wording review
infographic,078/data-info,../assets/diagrams/stage10-infographics/stage10-lesson-078-data-info.jpg,Approved,4e3102fbe444b71fdb24935c73f7fc1201f85deace910852b69af5b19064df73,Maintained text and visible-image wording review
infographic,078/database,../assets/diagrams/stage10-infographics/stage10-lesson-078-database.jpg,Approved,3f9aa7e20567a951ecadbe61bde6a9cba649f01fbc7f1e7422aaea11578841a7,Maintained text and visible-image wording review
infographic,078/dbms,../assets/diagrams/stage10-infographics/stage10-lesson-078-dbms.jpg,Approved,9094d8f6e0341115f2bdabdce0cd765955d812427a419bd1546b66e841300e72,Maintained text and visible-image wording review
infographic,078/scenario,../assets/diagrams/stage10-infographics/stage10-lesson-078-scenario.jpg,Approved,461a6fc29882a60a8f93e7bb1e27287e5f1d24d0ae4ff1e9d06cef38df6f0a68,Maintained text and visible-image wording review
infographic,078/sorter,../assets/diagrams/stage10-infographics/stage10-lesson-078-sorter.jpg,Approved,0628789c537d4814e8cd54f1ad888e195041cbe217d714b58d15e7679ed7d148,Maintained text and visible-image wording review
infographic,078/terms,../assets/diagrams/stage10-infographics/stage10-lesson-078-terms.jpg,Approved,d18dff3417474738e7250367cd8fcdbd46fea08da585283beb4cf10588e10884,Maintained text and visible-image wording review
infographic,079/anomalies,../assets/diagrams/stage10-infographics/stage10-lesson-079-anomalies.jpg,Approved,1f99339e814110ffa7524aad442c8bffc74efb72b1443ed713db559193afcbb5,Maintained text and visible-image wording review
infographic,079/compare,../assets/diagrams/stage10-infographics/stage10-lesson-079-compare.jpg,Approved,7586e9ea961a8092bee56250290a44995cf70dc9085bce09d36e5b2140796ff4,Maintained text and visible-image wording review
infographic,079/flat,../assets/diagrams/stage10-infographics/stage10-lesson-079-flat.jpg,Approved,e327218cd68e3830368d746b068132fd05cd0304a9899461e3bc1ba318d7bc33,Maintained text and visible-image wording review
infographic,079/relational,../assets/diagrams/stage10-infographics/stage10-lesson-079-relational.jpg,Approved,6bb37d31e8b93eb54809987c58f0b919439a852976451f1557cc33c288d3262b,Maintained text and visible-image wording review
infographic,080/checkpoint,../assets/diagrams/stage10-infographics/stage10-lesson-080-checkpoint.jpg,Approved,ca1fa46717230b0316022eca62eb32e78d22049886987a6b70421b05431cfa73,Maintained text and visible-image wording review
infographic,080/constraint-tool,../assets/diagrams/stage10-infographics/stage10-lesson-080-constraint-tool.jpg,Approved,3024b8094d78755b4ad1db8ef492eb9f9ca5cb0bcd5e38168d7b24696eb23d52,Maintained text and visible-image wording review
infographic,080/constraints,../assets/diagrams/stage10-infographics/stage10-lesson-080-constraints.jpg,Approved,d6491c7e4ad601c508beedede60c3598ec10591486998eba560f35bf73970cdb,Maintained text and visible-image wording review
infographic,080/fields,../assets/diagrams/stage10-infographics/stage10-lesson-080-fields.jpg,Approved,76fef6e636106f263bb6d15f1abd151bc53782875c91fc6ff0105f08501aa3ff,Maintained text and visible-image wording review
infographic,080/terms,../assets/diagrams/stage10-infographics/stage10-lesson-080-terms.jpg,Approved,2b1e2e30ddcbc7909c5e45fcf1f3fb7158710bb8f25a9303c6eeeb4fdb935f88,Maintained text and visible-image wording review
infographic,080/type-tool,../assets/diagrams/stage10-infographics/stage10-lesson-080-type-tool.jpg,Approved,e437965f7a3d6736355e7d8d077db752f7e6628ea3112b1cda60ff500b72e7e7,Maintained text and visible-image wording review
infographic,080/types,../assets/diagrams/stage10-infographics/stage10-lesson-080-types.jpg,Approved,7d4240188a66faf4b2bcc04660343e2fc56d717a34b3e5e9fb36bdcff1eb15cf,Maintained text and visible-image wording review
infographic,081/foreign,../assets/diagrams/stage10-infographics/stage10-lesson-081-foreign.jpg,Approved,66daa9bf919c0b6dac6e3cb1b3745d46e85c728847f97b3ea58bb52c7c94a4f0,Maintained text and visible-image wording review
infographic,081/key-picker,../assets/diagrams/stage10-infographics/stage10-lesson-081-key-picker.jpg,Approved,bb0ca3a3b40c4ed6dc482566f72ffe93f7a2d82be74f852dbf0796f5f912447c,Maintained text and visible-image wording review
infographic,081/primary,../assets/diagrams/stage10-infographics/stage10-lesson-081-primary.jpg,Approved,ab06c24fed12758f977a9e8277775d6367fae1147eb1b56d90fe19fbfdc426e6,Maintained text and visible-image wording review
infographic,081/referential,../assets/diagrams/stage10-infographics/stage10-lesson-081-referential.jpg,Approved,3643d77dd5e1da147e7d44e6d7c577f5f4498250743076ed9926ef8290766692,Maintained text and visible-image wording review
infographic,081/relationship-tool,../assets/diagrams/stage10-infographics/stage10-lesson-081-relationship-tool.jpg,Approved,e0958e8283ca70f14f7ab9c81146701b46a4ee0efaddabfe2cab98cb13cadb69,Maintained text and visible-image wording review
infographic,081/relationships,../assets/diagrams/stage10-infographics/stage10-lesson-081-relationships.jpg,Approved,74975c3b8faddf6407bf50d8573484dc1a67078a7ad54d832620938340731542,Maintained text and visible-image wording review
infographic,082/attributes,../assets/diagrams/stage10-infographics/stage10-lesson-082-attributes.jpg,Approved,1d5ca2fbe1bba40263c08c3fa9229f2c2263d86cff90ba5f0ea75fba121cc515,Maintained text and visible-image wording review
infographic,082/cardinality,../assets/diagrams/stage10-infographics/stage10-lesson-082-cardinality.jpg,Approved,ac939223db4a027a3bdda58ddc43a85e32727a00c52bcac2f2929e30361067cb,Maintained text and visible-image wording review
infographic,082/entities,../assets/diagrams/stage10-infographics/stage10-lesson-082-entities.jpg,Approved,e18635f5675b2a12cef995e850eb2ac0c2d1f047ab796c551e72d8b5e35c280e,Maintained text and visible-image wording review
infographic,082/parser,../assets/diagrams/stage10-infographics/stage10-lesson-082-parser.jpg,Approved,990b061b3bbef035c2e3f1e822671549489d6e3d84e239dfd7adb360144183ff,Maintained text and visible-image wording review
infographic,082/participation,../assets/diagrams/stage10-infographics/stage10-lesson-082-participation.jpg,Approved,d7a9464cc8bd69a9678d711aab890e5e168926cbbb279c866ff2fba0ad24108d,Maintained text and visible-image wording review
infographic,083/anomalies,../assets/diagrams/stage10-infographics/stage10-lesson-083-anomalies.jpg,Approved,99c7a2960a0124f064890dfacf32a828e8c6151c492c8fba9b00114277c02463,Maintained text and visible-image wording review
infographic,083/normal-forms,../assets/diagrams/stage10-infographics/stage10-lesson-083-normal-forms.jpg,Approved,546ff4f02de4777374799d169b7f9b42137c8fdcaed0a15386a8d3a6fe240536,Maintained text and visible-image wording review
infographic,083/purpose,../assets/diagrams/stage10-infographics/stage10-lesson-083-purpose.jpg,Approved,1f75ae1091d943dacf1a8e75d23cc82072d9bc2e47525a92eace054873ae5395,Maintained text and visible-image wording review
infographic,083/redundancy,../assets/diagrams/stage10-infographics/stage10-lesson-083-redundancy.jpg,Approved,60650c97de5e74de11e696753e0490088a70804159ebb75ca11f6983f62c773e,Maintained text and visible-image wording review
infographic,084/clauses,../assets/diagrams/stage10-infographics/stage10-lesson-084-clauses.jpg,Approved,056469f1e4189311a1ebac591f893f01cff394cbbc8f529d55360adb00f10201,Maintained text and visible-image wording review
infographic,084/conditions,../assets/diagrams/stage10-infographics/stage10-lesson-084-conditions.jpg,Approved,4fd6b60ad8c7c4f5cf31052021d232fd835f8a945f0bc67bbe85cda2d98a59f5,Maintained text and visible-image wording review
infographic,084/strings,../assets/diagrams/stage10-infographics/stage10-lesson-084-strings.jpg,Approved,9492b280dd4ac8510dabccc8aa0d1377d4931dddac292e5f74030bf902c80b4b,Maintained text and visible-image wording review
infographic,085/aggregates,../assets/diagrams/stage10-infographics/stage10-lesson-085-aggregates.jpg,Approved,e58032df41ab69d3e4f40b3f2ae46ff54efa7b0d677412c1228971366efba4c1,Maintained text and visible-image wording review
infographic,085/groupby,../assets/diagrams/stage10-infographics/stage10-lesson-085-groupby.jpg,Approved,773ca42607398c5bb347391983cc4c67bff917081579fdf914b45b6b3f14666e,Maintained text and visible-image wording review
infographic,085/orderby,../assets/diagrams/stage10-infographics/stage10-lesson-085-orderby.jpg,Approved,b23c67f6d46e0aca42e16aaefcd8b743c5fd1eca2c15810c1392e6995181a086,Maintained text and visible-image wording review
infographic,086/aliases,../assets/diagrams/stage10-infographics/stage10-lesson-086-aliases.jpg,Approved,de38b0e1b823b53ab2936e5de6bb218fc955799ba1fe1fe4751c712a94e202c3,Maintained text and visible-image wording review
infographic,086/join,../assets/diagrams/stage10-infographics/stage10-lesson-086-join.jpg,Approved,c72b5cecc405ed6260ffc136132156510791695b3efc976bfb131f8dc4d04288,Maintained text and visible-image wording review
infographic,086/relationships,../assets/diagrams/stage10-infographics/stage10-lesson-086-relationships.jpg,Approved,455ec0979d31f8f6aeaa02bc045491b30c178ea894bb5b49c6e7f2718350bf0b,Maintained text and visible-image wording review
infographic,087/delete,../assets/diagrams/stage10-infographics/stage10-lesson-087-delete.jpg,Approved,ea9c65edf7ce10e1829c87d27980138fb5d15056b30f2f9307ab870b139f370a,Maintained text and visible-image wording review
infographic,087/dml,../assets/diagrams/stage10-infographics/stage10-lesson-087-dml.jpg,Approved,6dba1816f0448fb99b7c80f93cedaac6b43a60c1bfe24993c3b5d0df04cf4976,Maintained text and visible-image wording review
infographic,087/insert,../assets/diagrams/stage10-infographics/stage10-lesson-087-insert.jpg,Approved,62318d22021c082f916a3346d90524d132e1b46fcdc676f88e59e0bee53794f7,Maintained text and visible-image wording review
infographic,087/update,../assets/diagrams/stage10-infographics/stage10-lesson-087-update.jpg,Approved,7214da6a200766ec5400c004b44f99faab0e79ab0f00b6746993b2f1fa7b594c,Maintained text and visible-image wording review
infographic,088/backup,../assets/diagrams/stage10-infographics/stage10-lesson-088-backup.jpg,Approved,b720f6bf2a1016af33072ce5b9b2532698bf13e3f850a4474fced91877fef9e1,Maintained text and visible-image wording review
infographic,088/security,../assets/diagrams/stage10-infographics/stage10-lesson-088-security.jpg,Approved,176eb35a25e019c551cf32a19c54a288bef84f9deeb501e9324c9634ad9f18c8,Maintained text and visible-image wording review
infographic,088/validation,../assets/diagrams/stage10-infographics/stage10-lesson-088-validation.jpg,Approved,55a329914d45c64219dbde8925b6a255e56d3dcc504ba6762b144544752539fd,Maintained text and visible-image wording review
infographic,088/verification,../assets/diagrams/stage10-infographics/stage10-lesson-088-verification.jpg,Approved,87acb68519997a2f838ffb5fe63d14503c255ff95ab989ac37f60d7e15d5ae32,Maintained text and visible-image wording review
infographic,089/design,../assets/diagrams/stage10-infographics/stage10-lesson-089-design.jpg,Approved,67bf0984924f2ec4120329610eccbb2aa278dde9e18657e896a49d52b899c1e4,Maintained text and visible-image wording review
infographic,089/map,../assets/diagrams/stage10-infographics/stage10-lesson-089-map.jpg,Approved,52221c9976aa2ba67c1e53d9b19209f147a280b9c58d4ace612372b8164e784f,Maintained text and visible-image wording review
infographic,089/protection,../assets/diagrams/stage10-infographics/stage10-lesson-089-protection.jpg,Approved,22fc2b1643cba2b0fcf240ed75446d94db564dc9db7fb947be2e56573a154a9a,Maintained text and visible-image wording review
infographic,089/sql,../assets/diagrams/stage10-infographics/stage10-lesson-089-sql.jpg,Approved,a4ae3aa9b305c49307ccb8752e4228a76ec54442fe6fd3a24bc4e00ecde8a13e,Maintained text and visible-image wording review
infographic,089/tracer,../assets/diagrams/stage10-infographics/stage10-lesson-089-tracer.jpg,Approved,0922ec58bb3bb1e411d3fb5bad9aaf1c4d394e694773e38f7cf3eb722c49a661,Maintained text and visible-image wording review
infographic,090/calculator,../assets/diagrams/stage10-infographics/stage10-lesson-090-calculator.jpg,Approved,289517432234d235ee698f4743ba76cbae12f84010de68e178fa50ba0f6be661,Maintained text and visible-image wording review
infographic,090/communication,../assets/diagrams/stage10-infographics/stage10-lesson-090-communication.jpg,Approved,d54adeec24b5eff8d658eb12c4b21bedd68d7b26cb6ead55b803dc57a55a8df0,Maintained text and visible-image wording review
infographic,090/map,../assets/diagrams/stage10-infographics/stage10-lesson-090-map.jpg,Approved,620704d7a6cc9d08a2e1685192651c9ba99630d897802c4086c3884360c33f96,Maintained text and visible-image wording review
infographic,090/representation,../assets/diagrams/stage10-infographics/stage10-lesson-090-representation.jpg,Approved,c28edc356baabeb492eaf3d07b5a8ee2d6967640d9ad04fb74581d8d849f571c,Maintained text and visible-image wording review
infographic,091/hardware,../assets/diagrams/stage10-infographics/stage10-lesson-091-hardware.jpg,Approved,c393bad048a7cb15edc26af53b395790a8f4ed4c50fa1b2cb0c3857bcaa369c5,Maintained text and visible-image wording review
infographic,091/logic,../assets/diagrams/stage10-infographics/stage10-lesson-091-logic.jpg,Approved,c4260515193b04a10c3a4f346d56395c32bbabd332136c19c5e8d7534429c7e0,Maintained text and visible-image wording review
infographic,091/map,../assets/diagrams/stage10-infographics/stage10-lesson-091-map.jpg,Approved,6ebc23a2f7b5f9d4bc4b6910f8bcb6fd6cf0de8270a14f3a975e24b720e6a422,Maintained text and visible-image wording review
infographic,091/processor,../assets/diagrams/stage10-infographics/stage10-lesson-091-processor.jpg,Approved,dab66a531e4fb6d7a8a29770e5a3c09725bc37dc9153174490f9ef5e05e9e540,Maintained text and visible-image wording review
infographic,092/map,../assets/diagrams/stage10-infographics/stage10-lesson-092-map.jpg,Approved,a7f9d9333328b84a487b378e04c09d22e52ce8b7c0dd0f443070856ff438454e,Maintained text and visible-image wording review
infographic,092/matcher,../assets/diagrams/stage10-infographics/stage10-lesson-092-matcher.jpg,Approved,606b3e7048032521a05538929faa941c53980acc9c0e027473a30a9b71e3f335,Maintained text and visible-image wording review
infographic,092/security,../assets/diagrams/stage10-infographics/stage10-lesson-092-security.jpg,Approved,5f468359e358b5d87f962b8e2dfe9af934f505e7eabfb700f05211a13fb70269,Maintained text and visible-image wording review
infographic,092/software,../assets/diagrams/stage10-infographics/stage10-lesson-092-software.jpg,Approved,b46a6a97561a0910ea9ce9ed10fb4bf7c39cd100f74a6798f58cb69037bd1a3d,Maintained text and visible-image wording review
infographic,092/translators,../assets/diagrams/stage10-infographics/stage10-lesson-092-translators.jpg,Approved,d830c2cdf8662abe285b99b3bb08f1c31c250247e7b26cb65cbee0206a130af9,Maintained text and visible-image wording review
infographic,093/databases,../assets/diagrams/stage10-infographics/stage10-lesson-093-databases.jpg,Approved,49aa27f4f6fc34df8ec7e78595bc0ab206925c0f207722719c2177ac828b5a62,Maintained text and visible-image wording review
infographic,093/ethics,../assets/diagrams/stage10-infographics/stage10-lesson-093-ethics.jpg,Approved,01a57770e0ba73861397614781b638e59c8ee33ef5ad7a50c813a5847489d3aa,Maintained text and visible-image wording review
infographic,093/map,../assets/diagrams/stage10-infographics/stage10-lesson-093-map.jpg,Approved,d7d48e453eba70b53000c9fb0d026060876454424811be0a87658fbe7444b354,Maintained text and visible-image wording review
infographic,093/sql,../assets/diagrams/stage10-infographics/stage10-lesson-093-sql.jpg,Approved,3387d2e9d9628346aa4a911f481e4708f0050757565236307b6b7a6d14c10346,Maintained text and visible-image wording review
infographic,093/tracer,../assets/diagrams/stage10-infographics/stage10-lesson-093-tracer.jpg,Approved,fcd5103bf321040af0e8ae97e4c1bb19b15d75c9a28811bd9db8dc67ff337e05,Maintained text and visible-image wording review
infographic,094/answer,../assets/diagrams/stage10-infographics/stage10-lesson-094-answer.jpg,Approved,b8bc3ee58431d6ba61f8b850365df73a0ed567a48c914ff57b1155823fa29c2b,Maintained text and visible-image wording review
infographic,094/commands,../assets/diagrams/stage10-infographics/stage10-lesson-094-commands.jpg,Approved,d25c6504140eedc71aebd3cda77d4901ab2fe7d54fb02ede00e584fbc284f6d8,Maintained text and visible-image wording review
infographic,094/decoder,../assets/diagrams/stage10-infographics/stage10-lesson-094-decoder.jpg,Approved,2398bac0e8afaca6bb8a7149a241e6cdd913d373440d0ef0e8daebfe564345c1,Maintained text and visible-image wording review
infographic,094/map,../assets/diagrams/stage10-infographics/stage10-lesson-094-map.jpg,Approved,81c284e4579515ed18c1feb9e9bb400903183abb22eeded24449ad85ec742b90,Maintained text and visible-image wording review
infographic,094/strategy,../assets/diagrams/stage10-infographics/stage10-lesson-094-strategy.jpg,Approved,74d560560ee9f0d26cf4eaeaf28dc7d499cb7053d54550e94241ed930e8eeee9,Maintained text and visible-image wording review
infographic,095/marking,../assets/diagrams/stage10-infographics/stage10-lesson-095-marking.jpg,Approved,0f013364322731f7bb96696b0661173fdc1c80ab567bd795a753f54108cae549,Maintained text and visible-image wording review
infographic,095/planner,../assets/diagrams/stage10-infographics/stage10-lesson-095-planner.jpg,Approved,d57d0a24ad2da20ed4e0891b8a38a118c86943e54350b11249b7f9eed2a28b77,Maintained text and visible-image wording review
infographic,095/quiz,../assets/diagrams/stage10-infographics/stage10-lesson-095-quiz.jpg,Approved,a211e257ee68e7dbe64cc8b9bd1a6964cfe2c4207056b5e6d5bd110b44f68be7,Maintained text and visible-image wording review
infographic,095/short,../assets/diagrams/stage10-infographics/stage10-lesson-095-short.jpg,Approved,c0693674a3e9444b80c28a9d1e5b0cd627a0eee591f7d007c1b5f4b8cc2e5a2d,Maintained text and visible-image wording review
infographic,095/timer,../assets/diagrams/stage10-infographics/stage10-lesson-095-timer.jpg,Approved,0c89bc2f62865783351811515661099121c745fa7bd042d89f4fa8e1a27531e8,Maintained text and visible-image wording review
infographic,095/timing,../assets/diagrams/stage10-infographics/stage10-lesson-095-timing.jpg,Approved,0c1ac59ea505baf5ab0b972115a8c13388f820d336877ae491da30a685e564ab,Maintained text and visible-image wording review
infographic,095/triage,../assets/diagrams/stage10-infographics/stage10-lesson-095-triage.jpg,Approved,dbf44eba27afafb68fb427df9cfad150c29e37d6de6484f576fa1a423c6e0235,Maintained text and visible-image wording review
infographic,096/balance,../assets/diagrams/stage10-infographics/stage10-lesson-096-balance.jpg,Approved,b82420ffdc4674fea9b0498da2d200869ac3fdcc57bcf9e95febe0214c234a0b,Maintained text and visible-image wording review
infographic,096/map,../assets/diagrams/stage10-infographics/stage10-lesson-096-map.jpg,Approved,e52344be37ee93298fc0d21eb500550024e1c1b520646fc7c70e26a1ca9d7e03,Maintained text and visible-image wording review
infographic,096/marking,../assets/diagrams/stage10-infographics/stage10-lesson-096-marking.jpg,Approved,3fd19673c66cd7bc7c8ce6b94b68adc242c3b5f26d070f423284ce31a9257d2a,Maintained text and visible-image wording review
infographic,096/planner,../assets/diagrams/stage10-infographics/stage10-lesson-096-planner.jpg,Approved,50f99782b6c041fe306e959b83cfbd9b3e77bc0ed8855577427e665ff534c189,Maintained text and visible-image wording review
infographic,096/structure,../assets/diagrams/stage10-infographics/stage10-lesson-096-structure.jpg,Approved,44f83299236ee1cdfbb4d4392216b369f6b7e9362abf0a62d3ed2e9102eba630,Maintained text and visible-image wording review
infographic,097/clinic,../assets/diagrams/stage10-infographics/stage10-lesson-097-clinic.jpg,Approved,50d6329722bac32a4f34847ee1d8745207a46a749853e45595ba0a917158eb10,Maintained text and visible-image wording review
infographic,097/coverage,../assets/diagrams/stage10-infographics/stage10-lesson-097-coverage.jpg,Approved,bdf9918f0dffff948bbae70df5689ae50472b70cf2918a6eb9c5743e5fa3e1d4,Maintained text and visible-image wording review
infographic,097/diagnosis,../assets/diagrams/stage10-infographics/stage10-lesson-097-diagnosis.jpg,Approved,c0da2c787e3c5d88104e2a5fe7b084c9b1f85039a6716d777be68694c0cd469d,Maintained text and visible-image wording review
infographic,097/error,../assets/diagrams/stage10-infographics/stage10-lesson-097-error.jpg,Approved,510c93ea09984374ddf0473b4bd1e4ca4192ed30b021a60eb84d1261c866051b,Maintained text and visible-image wording review
infographic,097/rewrite,../assets/diagrams/stage10-infographics/stage10-lesson-097-rewrite.jpg,Approved,44702d1658758aa7ddc67e2eed2a252641e7a53a5de377f554b3775c8b9e927f,Maintained text and visible-image wording review
infographic,097/routine,../assets/diagrams/stage10-infographics/stage10-lesson-097-routine.jpg,Approved,f2b465a0334915db404cc734c4fa0d543ba8a063271fe927d4b396968a01f688,Maintained text and visible-image wording review
infographic,097/score,../assets/diagrams/stage10-infographics/stage10-lesson-097-score.jpg,Approved,711b81ac3603e1d81e97a3b6e96ca9ebd7e395c9c112d08ce695cb8205f05cbf,Maintained text and visible-image wording review
infographic,098/concept,../assets/diagrams/stage10-infographics/stage10-lesson-098-concept.jpg,Approved,4ef576fc41fc01664041204dc89ec2415a6841499bf216a0764ec8f140f4050f,Maintained text and visible-image wording review
infographic,098/constraints,../assets/diagrams/stage10-infographics/stage10-lesson-098-constraints.jpg,Approved,649a2c1308eb79437ab7c7038c9056dc20d478bcb55cd81a8e156304adf707c6,Maintained text and visible-image wording review
infographic,098/model,../assets/diagrams/stage10-infographics/stage10-lesson-098-model.jpg,Approved,6e902d0a02ac4cfdf4558377058d95d84ad69bf95b16c619cd26d5d06ba90bd0,Maintained text and visible-image wording review
infographic,098/pseudocode,../assets/diagrams/stage10-infographics/stage10-lesson-098-pseudocode.jpg,Approved,424c40dda8d94356865e402d17a63506c16a920c84cac526cf03874bbca4bacc,Maintained text and visible-image wording review
infographic,099/abstraction,../assets/diagrams/stage10-infographics/stage10-lesson-099-abstraction.jpg,Approved,9b6a3f94b19d2204bb98bfb8ad691434dee804439058d9dfbfd69b8d192dae4e,Maintained text and visible-image wording review
infographic,099/decomposition,../assets/diagrams/stage10-infographics/stage10-lesson-099-decomposition.jpg,Approved,236d365f6c9f31a2177ebbb19d6cf9ab005edb971e113ae9e8188dda287cc5d8,Maintained text and visible-image wording review
infographic,099/filter,../assets/diagrams/stage10-infographics/stage10-lesson-099-filter.jpg,Approved,33964667d894103c7da1ff2697a7161d14ae1624404499e7f605563b53338586,Maintained text and visible-image wording review
infographic,099/pattern,../assets/diagrams/stage10-infographics/stage10-lesson-099-pattern.jpg,Approved,895188f71d8c4133ff2605fdac324b07f0530604a010434bc950575b44637d4a,Maintained text and visible-image wording review
infographic,099/pseudocode,../assets/diagrams/stage10-infographics/stage10-lesson-099-pseudocode.jpg,Approved,b262113ee4f1dec98a4ecdcb43a06e51914230488018e21340356b9597b97966,Maintained text and visible-image wording review
infographic,099/sorter,../assets/diagrams/stage10-infographics/stage10-lesson-099-sorter.jpg,Approved,12b3062968ba93cea807feb7423ec0aed424a0f6dc92cb6685ec9781e06167e4,Maintained text and visible-image wording review
infographic,100/equivalence,../assets/diagrams/stage10-infographics/stage10-lesson-100-equivalence.jpg,Approved,c739535265d755f2b4c350c867ef43856b97feee9852cb130ac2e0394cec1d22,Maintained text and visible-image wording review
infographic,100/flowcharts,../assets/diagrams/stage10-infographics/stage10-lesson-100-flowcharts.jpg,Approved,e90dced1db502ccabb7488151324c69c4ea9d05373aede3ef512c9fdf632e103,Maintained text and visible-image wording review
infographic,100/notation,../assets/diagrams/stage10-infographics/stage10-lesson-100-notation.jpg,Approved,00034024df01dac5f42a9e19565efb63c3b4918a1450a31b6d68fe548d3ddb58,Maintained text and visible-image wording review
infographic,100/pseudocode,../assets/diagrams/stage10-infographics/stage10-lesson-100-pseudocode.jpg,Approved,ea8eb373a81c82af76c6e67fbe68ce591eddda91cf9d9863862f4cf9891d7584,Maintained text and visible-image wording review
infographic,100/structure-tool,../assets/diagrams/stage10-infographics/stage10-lesson-100-structure-tool.jpg,Approved,c34547fd3d535869f82de33c21b342e4232adf1772fd6809f0b08652cbc86e88,Maintained text and visible-image wording review
infographic,100/symbol-tool,../assets/diagrams/stage10-infographics/stage10-lesson-100-symbol-tool.jpg,Approved,66884049d5f586a77abf6ed3b582b55487c68a277a346abecfb0f19c738f9315,Maintained text and visible-image wording review
infographic,101/dry-run,../assets/diagrams/stage10-infographics/stage10-lesson-101-dry-run.jpg,Approved,6bcac1d586dc97c6711ed3f8c3a1164f02414cf416eb814892eec32f50acf7af,Maintained text and visible-image wording review
infographic,101/loops,../assets/diagrams/stage10-infographics/stage10-lesson-101-loops.jpg,Approved,138516787411c733c448302f84c798e136c51c63fa394ab828fff12c0673c70b,Maintained text and visible-image wording review
infographic,101/predictor,../assets/diagrams/stage10-infographics/stage10-lesson-101-predictor.jpg,Approved,4a4a1806ebc438aba5ffc19bdefd841d26866f439643b6ea5b8f14ef23c57b64,Maintained text and visible-image wording review
infographic,101/pseudocode,../assets/diagrams/stage10-infographics/stage10-lesson-101-pseudocode.jpg,Approved,71bbb306c8a86488adcf5c9471368f8dfe99461408f9dfa326ac69518b4bb773,Maintained text and visible-image wording review
infographic,101/trace-table,../assets/diagrams/stage10-infographics/stage10-lesson-101-trace-table.jpg,Approved,bb7383928f3940a5116615e03c226c9223e46b296eb36a654b7684a148852632,Maintained text and visible-image wording review
infographic,102/combining,../assets/diagrams/stage10-infographics/stage10-lesson-102-combining.jpg,Approved,22b42727d999899176f772a084923d1d426369b2df4292767bdaffe36903ed01,Maintained text and visible-image wording review
infographic,102/iteration,../assets/diagrams/stage10-infographics/stage10-lesson-102-iteration.jpg,Approved,322262b3f52efdf3dc9bab84c18d686c162ed199b4cf212fbec8a1e8ad8e565d,Maintained text and visible-image wording review
infographic,102/pseudocode,../assets/diagrams/stage10-infographics/stage10-lesson-102-pseudocode.jpg,Approved,67893888068265395800784f7cc0618a8df6527dc5d1ad470bb5ef570d6bbb9d,Maintained text and visible-image wording review
infographic,102/selection,../assets/diagrams/stage10-infographics/stage10-lesson-102-selection.jpg,Approved,91a028606de7911abfbe1ada543d219a2393c58d9a559283f937117ae5d7528b,Maintained text and visible-image wording review
infographic,102/sequence,../assets/diagrams/stage10-infographics/stage10-lesson-102-sequence.jpg,Approved,026f3da6c1da5aec64b9e089d457ca942b73c76875934b5688b76a4c88d13ba5,Maintained text and visible-image wording review
infographic,103/checks,../assets/diagrams/stage10-infographics/stage10-lesson-103-checks.jpg,Approved,80cacc0befa31f9d11f9bd8337655d2bedec149dbf44e63c5c00919e745431d3,Maintained text and visible-image wording review
infographic,103/defensive,../assets/diagrams/stage10-infographics/stage10-lesson-103-defensive.jpg,Approved,be32ea057554f2b1af0e9aa8c0d0896e441c9bda6358e32d71de1f5a1e533d73,Maintained text and visible-image wording review
infographic,103/pseudocode,../assets/diagrams/stage10-infographics/stage10-lesson-103-pseudocode.jpg,Approved,2bb8f2c2334c190d27600ca0d0387c6c79599f5792d443f8713327c979a055e4,Maintained text and visible-image wording review
infographic,103/tester,../assets/diagrams/stage10-infographics/stage10-lesson-103-tester.jpg,Approved,be6a9596b01a474dc5b69a56c628818d96ffbf182749d68aa9c205e3ad7b6e7c,Maintained text and visible-image wording review
infographic,103/validation,../assets/diagrams/stage10-infographics/stage10-lesson-103-validation.jpg,Approved,a9e08d50e412de79a79bf3afcb38a97681297eaadb5d434d96b70f257f06cb3d,Maintained text and visible-image wording review
infographic,104/binary,../assets/diagrams/stage10-infographics/stage10-lesson-104-binary.jpg,Approved,928b8fa50df9ceab3e6cb200a92339140e115be719acc8d24ce0d526741bd5a8,Maintained text and visible-image wording review
infographic,104/binary-tool,../assets/diagrams/stage10-infographics/stage10-lesson-104-binary-tool.jpg,Approved,3d1ca943fd27a3a59e32c0368a5d8b041d1067616eb8e8a6c470dc5ed54cfd99,Maintained text and visible-image wording review
infographic,104/compare,../assets/diagrams/stage10-infographics/stage10-lesson-104-compare.jpg,Approved,03df8e7d3fb020bf35f72012dee36f142a9bf9e6f46abfcb3adce894afc8c17b,Maintained text and visible-image wording review
infographic,104/linear,../assets/diagrams/stage10-infographics/stage10-lesson-104-linear.jpg,Approved,8e81e844e07073f7cb38d8c10e417559c0356eda90d3a75b792f529a9c15d312,Maintained text and visible-image wording review
infographic,104/linear-tool,../assets/diagrams/stage10-infographics/stage10-lesson-104-linear-tool.jpg,Approved,67eff88d440a07b0d8fca9b80bca6201ff207bd33743e9d0b226be199f651a1d,Maintained text and visible-image wording review
infographic,104/pseudocode,../assets/diagrams/stage10-infographics/stage10-lesson-104-pseudocode.jpg,Approved,621016ccff04a956eaee8b5d2aa792242a1833847266f3402915a7436b653a3f,Maintained text and visible-image wording review
infographic,105/bubble,../assets/diagrams/stage10-infographics/stage10-lesson-105-bubble.jpg,Approved,3d67e32a7e1806329d0b1aa5e63ae72267061e96a137f1a74eebac8e039ba2ac,Maintained text and visible-image wording review
infographic,105/compare,../assets/diagrams/stage10-infographics/stage10-lesson-105-compare.jpg,Approved,43856031f42da04158c58ed4fe8163ea28177722b7014f180548c020ec176cb8,Maintained text and visible-image wording review
infographic,105/insertion,../assets/diagrams/stage10-infographics/stage10-lesson-105-insertion.jpg,Approved,c97a6c68adcd1bbc1b1f3712b838dee94da3c8d1afab60bd1a519ea294b9b4eb,Maintained text and visible-image wording review
infographic,105/pseudocode,../assets/diagrams/stage10-infographics/stage10-lesson-105-pseudocode.jpg,Approved,bb14f1b895de36a18b9b40a75e897093f90154f9062c6223b8fa76de5f39d10b,Maintained text and visible-image wording review
infographic,106/fixed,../assets/diagrams/stage10-infographics/stage10-lesson-106-fixed.jpg,Approved,bdab9c4ec6db48188d39b0ebf9598ef528092076f40d2d4ddafcf2da2c8a78bb,Maintained text and visible-image wording review
infographic,106/initialise,../assets/diagrams/stage10-infographics/stage10-lesson-106-initialise.jpg,Approved,683cc95278d231f350763bf509989d01345eed25e795d71fd0aead3dfa7d994c,Maintained text and visible-image wording review
infographic,106/patterns,../assets/diagrams/stage10-infographics/stage10-lesson-106-patterns.jpg,Approved,ed4c8f70207a2090497eb074b9437af4450c5238f5ab087a45d3f1865fa2e34a,Maintained text and visible-image wording review
infographic,106/pseudocode,../assets/diagrams/stage10-infographics/stage10-lesson-106-pseudocode.jpg,Approved,8127efdcffddcc77bb713f473e55e9116913baaf134f7b0606a0e4d78337ab02,Maintained text and visible-image wording review
infographic,106/sentinel,../assets/diagrams/stage10-infographics/stage10-lesson-106-sentinel.jpg,Approved,c274396e2754801b4b48c60043bb510cf3223127ff2d4519e194c6ef3d4b8b2e,Maintained text and visible-image wording review
infographic,106/trace-tool,../assets/diagrams/stage10-infographics/stage10-lesson-106-trace-tool.jpg,Approved,e2bdb1d83fb776cb53266df3e3ffc96ce9eaa8f2a0bda23c34f067458ecec666,Maintained text and visible-image wording review
infographic,107/build,../assets/diagrams/stage10-infographics/stage10-lesson-107-build.jpg,Approved,e41a12db01d31e37965ad98b3600127f5ad6854e7a2746222bcc6887cc36a941,Maintained text and visible-image wording review
infographic,107/model,../assets/diagrams/stage10-infographics/stage10-lesson-107-model.jpg,Approved,4c59030fc253b991d0b8e337ff999f3ac1bf8231d8f3b6cec3c73aa3576daccc,Maintained text and visible-image wording review
infographic,107/patterns,../assets/diagrams/stage10-infographics/stage10-lesson-107-patterns.jpg,Approved,2ba407a25ed83abb0b49dfc1da5a0943550d65e5a72e738db212a57a65f74c5a,Maintained text and visible-image wording review
infographic,107/pseudocode,../assets/diagrams/stage10-infographics/stage10-lesson-107-pseudocode.jpg,Approved,1f313b4b124d20f67e51c2fa7740946ce199b7182c81e689b5705feba39cfc08,Maintained text and visible-image wording review
infographic,107/scanner,../assets/diagrams/stage10-infographics/stage10-lesson-107-scanner.jpg,Approved,4b7d5d798ba5b4d82cab4a8b64d0c2bb842b99cd0b7984303c773385e14be066,Maintained text and visible-image wording review
infographic,108/counting,../assets/diagrams/stage10-infographics/stage10-lesson-108-counting.jpg,Approved,885ca65d53f5de61e66c60ccc013d2ceee2bbb66d2a535dbb68bee0a021efdde,Maintained text and visible-image wording review
infographic,108/model,../assets/diagrams/stage10-infographics/stage10-lesson-108-model.jpg,Approved,3e18091e3c0e4f8bc87950b26291c3837977b08eb6336114d6dd4c05c5aba61a,Maintained text and visible-image wording review
infographic,108/pseudocode,../assets/diagrams/stage10-infographics/stage10-lesson-108-pseudocode.jpg,Approved,921bc7ee3552745557813ba4039ab90e812b1e7d9b9b2f938f18ae274b4b8e90,Maintained text and visible-image wording review
infographic,108/reset,../assets/diagrams/stage10-infographics/stage10-lesson-108-reset.jpg,Approved,cacc60da5bf7803e444380820b4ec7a9032861ea23994412661e9f196242142a,Maintained text and visible-image wording review
infographic,108/table,../assets/diagrams/stage10-infographics/stage10-lesson-108-table.jpg,Approved,5a914159d8a18f1ed8e0b570252b1870f9ab65db6de0b2419ff420864654d6c3,Maintained text and visible-image wording review
infographic,109/cases,../assets/diagrams/stage10-infographics/stage10-lesson-109-cases.jpg,Approved,027e4dc46215196a70e5867c7e615745d8c3d1a0a566ff650f2ed442d499f23c,Maintained text and visible-image wording review
infographic,109/estimator,../assets/diagrams/stage10-infographics/stage10-lesson-109-estimator.jpg,Approved,8d1e70bc6752dbf987976feef78c417550c528b0ef4b6d0d1d14d085bb8aed71,Maintained text and visible-image wording review
infographic,109/loops,../assets/diagrams/stage10-infographics/stage10-lesson-109-loops.jpg,Approved,445a2476bf0e09baebb3d05a7ab0fd06d58214f90c0d54cd62e04c44ec00077d,Maintained text and visible-image wording review
infographic,109/measure,../assets/diagrams/stage10-infographics/stage10-lesson-109-measure.jpg,Approved,db39673e7ba9cf571e5f87a429b259fa9d66cb0e25cbba17026c2ee5a2b2668f,Maintained text and visible-image wording review
infographic,109/pseudocode,../assets/diagrams/stage10-infographics/stage10-lesson-109-pseudocode.jpg,Approved,9002da0f0d0772ca50ae6af89b8ab1d1ce26d3a06e1854b708b1262d38889c54,Maintained text and visible-image wording review
infographic,109/search,../assets/diagrams/stage10-infographics/stage10-lesson-109-search.jpg,Approved,65147ff2ddc0d3fc6ee0638936fe392dd7a1b6ad135d4511c941038ce0485299,Maintained text and visible-image wording review
infographic,110/cleaner,../assets/diagrams/stage10-infographics/stage10-lesson-110-cleaner.jpg,Approved,7de56b8ca09ffeeb3fbfa028432682253cf09e2cbc4456f636e351c748b95e25,Maintained text and visible-image wording review
infographic,110/conversion,../assets/diagrams/stage10-infographics/stage10-lesson-110-conversion.jpg,Approved,3c9fb4aeb39e70ae237f6b53a98b38e168bfac8e88c14e0697a691a9eff275d8,Maintained text and visible-image wording review
infographic,110/java,../assets/diagrams/stage10-infographics/stage10-lesson-110-java.jpg,Approved,bf99ffd288d2e076caee82b2e9f3d270edf9f96c3cd1f1a03df33c92bf07b431,Maintained text and visible-image wording review
infographic,110/notation,../assets/diagrams/stage10-infographics/stage10-lesson-110-notation.jpg,Approved,19f233c30bd22a024baffdf570c0af8066a04502c38c658e3a2b760219bc3b11,Maintained text and visible-image wording review
infographic,110/readability,../assets/diagrams/stage10-infographics/stage10-lesson-110-readability.jpg,Approved,71a6255b878064c90e7795618dfee4e419c541ba9a4820ee5d2bea8392ec3eb4,Maintained text and visible-image wording review
infographic,110/structure,../assets/diagrams/stage10-infographics/stage10-lesson-110-structure.jpg,Approved,642e0a487228eabbfb2b9f0905d2391685f168c05a2565cbacab38c34f3c8912,Maintained text and visible-image wording review
infographic,111/analyser,../assets/diagrams/stage10-infographics/stage10-lesson-111-analyser.jpg,Approved,9e28072a9e2bef01a151efb0eadc4d26536ff6a165e94d3d3e63357dfc232e3d,Maintained text and visible-image wording review
infographic,111/ipoc,../assets/diagrams/stage10-infographics/stage10-lesson-111-ipoc.jpg,Approved,c438243d3ec388f570f78df6a8fd527d5c7c78507578c50474dec02da4d33ab3,Maintained text and visible-image wording review
infographic,111/pseudocode,../assets/diagrams/stage10-infographics/stage10-lesson-111-pseudocode.jpg,Approved,9f19608b44843b2d8bf4bfd99fb3640ad20002ef6078ca4a3ebe2f6bdb52717f,Maintained text and visible-image wording review
infographic,111/requirements,../assets/diagrams/stage10-infographics/stage10-lesson-111-requirements.jpg,Approved,87d369970b072ed326947328dfb9704b8e8228755179f61b6cce439d67cca3c6,Maintained text and visible-image wording review
infographic,111/structures,../assets/diagrams/stage10-infographics/stage10-lesson-111-structures.jpg,Approved,739c1a23b54cb4d49cd979d17ffac04ee630f6d1876574c6495df5a1c9835c13,Maintained text and visible-image wording review
infographic,112/fixer,../assets/diagrams/stage10-infographics/stage10-lesson-112-fixer.jpg,Approved,57aa3a889ced4d1a65abd7d9799cf9eaad67992de43533d529a7d07579bf98d8,Maintained text and visible-image wording review
infographic,112/patterns,../assets/diagrams/stage10-infographics/stage10-lesson-112-patterns.jpg,Approved,c46e39b19f888891e8b9143de795b11be0d22240d5547348073338927e853051,Maintained text and visible-image wording review
infographic,112/pseudocode,../assets/diagrams/stage10-infographics/stage10-lesson-112-pseudocode.jpg,Approved,e98fd79082b503819ed17fa0eb187487d13d4c71067cbf9ebd83f65ad6ad2671,Maintained text and visible-image wording review
infographic,112/retrieval,../assets/diagrams/stage10-infographics/stage10-lesson-112-retrieval.jpg,Approved,415f2d8a27ea6b5c270dbf941d1b0e7fa6484949093bdd023108971c29604e64,Maintained text and visible-image wording review
infographic,112/triage,../assets/diagrams/stage10-infographics/stage10-lesson-112-triage.jpg,Approved,f21acff42ccaf64a1ca31a085b054325eff96af1e3cb9e1352631c1d16b3deb9,Maintained text and visible-image wording review
infographic,113/built-in,../assets/diagrams/stage10-infographics/stage10-lesson-113-built-in.jpg,Approved,8324999c3eaf4fcd08739355679a1fab9e5b3397b4f1cfd200b61b1aabc46025,Maintained text and visible-image wording review
infographic,113/choose,../assets/diagrams/stage10-infographics/stage10-lesson-113-choose.jpg,Approved,6c674e090f400467edae20fcfa22049ad92314328426f969addfab970aa0fd12,Maintained text and visible-image wording review
infographic,113/pseudocode,../assets/diagrams/stage10-infographics/stage10-lesson-113-pseudocode.jpg,Approved,98e216d4c44c382c4631d80c24482a1ac1c5dba2812ca9c11c173c53d8c270c7,Maintained text and visible-image wording review
infographic,113/user-defined,../assets/diagrams/stage10-infographics/stage10-lesson-113-user-defined.jpg,Approved,417231df53b51b6f19fac3607b00562d0c405ed4adc9ada96c53a4157ec79c29,Maintained text and visible-image wording review
infographic,113/why-types,../assets/diagrams/stage10-infographics/stage10-lesson-113-why-types.jpg,Approved,1d8c18121da70962779c5ae00e880898e5967eda0cd468bcc2c3a2a21eb50a12,Maintained text and visible-image wording review
infographic,114/assignment,../assets/diagrams/stage10-infographics/stage10-lesson-114-assignment.jpg,Approved,c1a507a613239658dd8fb18ecd4d3aa17f908c50ec54dda0e4fb4b7c4cf1a6d2,Maintained text and visible-image wording review
infographic,114/constants,../assets/diagrams/stage10-infographics/stage10-lesson-114-constants.jpg,Approved,699b19918d77ce03464a4934a6bad59688d0ccc9ced9b2d3782a09c0b6d28136,Maintained text and visible-image wording review
infographic,114/declare,../assets/diagrams/stage10-infographics/stage10-lesson-114-declare.jpg,Approved,abb8f4bc09cef21fafd7b11479154e47a23b9a5f31685cb857e0a21caacd1959,Maintained text and visible-image wording review
infographic,114/model,../assets/diagrams/stage10-infographics/stage10-lesson-114-model.jpg,Approved,561569cd98c556491e0ec92a0039e57ff0797e2087bf7a4f1083136476a13855,Maintained text and visible-image wording review
infographic,114/pseudocode,../assets/diagrams/stage10-infographics/stage10-lesson-114-pseudocode.jpg,Approved,e2c96f8cd5b9601621121adf653c2e15eba841e2417a4adf7b38237f03e4db75,Maintained text and visible-image wording review
infographic,115/access,../assets/diagrams/stage10-infographics/stage10-lesson-115-access.jpg,Approved,b451f1d6e78382630cb922bf489bcd00970661a3e779a346baff0acd0860a460,Maintained text and visible-image wording review
infographic,115/declare,../assets/diagrams/stage10-infographics/stage10-lesson-115-declare.jpg,Approved,a81dc74fda15c850ea8d6a4ed8a651d7f5dba3f2674ac05d165f00a13cc71e4f,Maintained text and visible-image wording review
infographic,115/lookup,../assets/diagrams/stage10-infographics/stage10-lesson-115-lookup.jpg,Approved,bc8ffdbeb89845d891e07c1493333128a2232464a666ec5aece7374ae48d911e,Maintained text and visible-image wording review
infographic,115/model,../assets/diagrams/stage10-infographics/stage10-lesson-115-model.jpg,Approved,d87a5149bcafac475e8047e018107ea29d98a6af870e6909e91b52016f01b010,Maintained text and visible-image wording review
infographic,115/pseudocode,../assets/diagrams/stage10-infographics/stage10-lesson-115-pseudocode.jpg,Approved,793e0608fdf10923337771c55f240c0d3f712b02666d26b981994134717a8346,Maintained text and visible-image wording review
infographic,115/traversal,../assets/diagrams/stage10-infographics/stage10-lesson-115-traversal.jpg,Approved,d39057e225ec70f94a8fd10db6580eb2d9dacd2bed14b7a16d696edf77be4c79,Maintained text and visible-image wording review
infographic,116/access,../assets/diagrams/stage10-infographics/stage10-lesson-116-access.jpg,Approved,52ec7afcde289a7e1f11b97565a7c7a72d71d1972de90d4eaab530eb7e011ef2,Maintained text and visible-image wording review
infographic,116/declare,../assets/diagrams/stage10-infographics/stage10-lesson-116-declare.jpg,Approved,5383938fe18efc6405fdd96441a223ec1e13dea79a234c9389dd81c7fc87bb7e,Maintained text and visible-image wording review
infographic,116/lookup,../assets/diagrams/stage10-infographics/stage10-lesson-116-lookup.jpg,Approved,21bf6102685387660007b1b9c4a7b84c8d63fb15dc377785570bccdfea8594e0,Maintained text and visible-image wording review
infographic,116/model,../assets/diagrams/stage10-infographics/stage10-lesson-116-model.jpg,Approved,2c6809183194c124060f9c4b5952b84728e4f42315f112a188a1993b365878fd,Maintained text and visible-image wording review
infographic,116/nested,../assets/diagrams/stage10-infographics/stage10-lesson-116-nested.jpg,Approved,781d6076d21c8aaa21abf7084c446d939e14985a00ac1a169201f58350c233eb,Maintained text and visible-image wording review
infographic,116/pseudocode,../assets/diagrams/stage10-infographics/stage10-lesson-116-pseudocode.jpg,Approved,6227389f2842fc43ee38baba2ca5083a37fb99acdcec7df0f49ea07e5baba989,Maintained text and visible-image wording review
infographic,117/count,../assets/diagrams/stage10-infographics/stage10-lesson-117-count.jpg,Approved,c8d5329ab4fd819ad512ac8049ebfbae381ccd4fd0f553091fb8ca8844630e81,Maintained text and visible-image wording review
infographic,117/patterns,../assets/diagrams/stage10-infographics/stage10-lesson-117-patterns.jpg,Approved,a1260b703df61f2f72e8ed3c4f948640c44b13bcb4c3e716424f6fd14addf06f,Maintained text and visible-image wording review
infographic,117/pseudocode,../assets/diagrams/stage10-infographics/stage10-lesson-117-pseudocode.jpg,Approved,8848dbc3463e1ab0f38b75324d28740539c93360df33b9fa6ad44616477492f1,Maintained text and visible-image wording review
infographic,117/search,../assets/diagrams/stage10-infographics/stage10-lesson-117-search.jpg,Approved,b736b96c5d52c1f7e4e79cc711bb4043845306a3e7621cea8101748932f5fe36,Maintained text and visible-image wording review
infographic,117/selector,../assets/diagrams/stage10-infographics/stage10-lesson-117-selector.jpg,Approved,7a1a5746cbdd7b89c2844b2d981cf2e9a7c5803de8e89d0d2f349f115d5d8db3,Maintained text and visible-image wording review
infographic,117/traversal,../assets/diagrams/stage10-infographics/stage10-lesson-117-traversal.jpg,Approved,f395c558cde7387f92c3cca505be6c9d2a5b454df91f6e49be213f9b9dfb0407,Maintained text and visible-image wording review
infographic,117/update,../assets/diagrams/stage10-infographics/stage10-lesson-117-update.jpg,Approved,59725aa3c0cc1e02d2b99d3192cc6bc50a505e12dbff107e28ea2db7aa6bb2b4,Maintained text and visible-image wording review
infographic,118/access,../assets/diagrams/stage10-infographics/stage10-lesson-118-access.jpg,Approved,d44bd14940ffb529e27661867186a0aff46a620355442a6a040a2aadd52a7976,Maintained text and visible-image wording review
infographic,118/array-vs-record,../assets/diagrams/stage10-infographics/stage10-lesson-118-array-vs-record.jpg,Approved,2b3e9b2853ed1f39e266e308acc948bf1b0665744cb170f1a29c940ef26eca91,Maintained text and visible-image wording review
infographic,118/concept,../assets/diagrams/stage10-infographics/stage10-lesson-118-concept.jpg,Approved,33d5ff0949d46880a37f1cec2ac32745c0a3ce3406539afccbee262a72446e00,Maintained text and visible-image wording review
infographic,118/declare,../assets/diagrams/stage10-infographics/stage10-lesson-118-declare.jpg,Approved,4013f44f11a22fd68f6d53f4b3d7376e193d01d4834280987e2d7c715a815c84,Maintained text and visible-image wording review
infographic,118/lookup,../assets/diagrams/stage10-infographics/stage10-lesson-118-lookup.jpg,Approved,dc65594b5fd9334ba9d6cbb6b7fdb13d403aa9eb48b8231a0506130154c8e684,Maintained text and visible-image wording review
infographic,118/pseudocode,../assets/diagrams/stage10-infographics/stage10-lesson-118-pseudocode.jpg,Approved,d445a2b2437d3ec5830b77fd1479dd56a112b0c234af23aff51f840da2cc6b8d,Maintained text and visible-image wording review
infographic,119/access,../assets/diagrams/stage10-infographics/stage10-lesson-119-access.jpg,Approved,d2e1611c91828c3d0b7be70129e86e35600c6a25fad65029bd52cd12aae4241d,Maintained text and visible-image wording review
infographic,119/concept,../assets/diagrams/stage10-infographics/stage10-lesson-119-concept.jpg,Approved,fdbaa24cb0b93218d44fe27809fc7acef4c6fdb6d3c62442d9862cf337dc17f2,Maintained text and visible-image wording review
infographic,119/declare,../assets/diagrams/stage10-infographics/stage10-lesson-119-declare.jpg,Approved,2bb7a3e2bfdbd4ae99b4800e9dad1dd00227192e42c7032c6d9cd09e49202664,Maintained text and visible-image wording review
infographic,119/explorer,../assets/diagrams/stage10-infographics/stage10-lesson-119-explorer.jpg,Approved,5b8c484aea445033c97d8bc0f6290ec3a29823de83656a37fad4048c8cafb87a,Maintained text and visible-image wording review
infographic,119/operations,../assets/diagrams/stage10-infographics/stage10-lesson-119-operations.jpg,Approved,c0f1951176750c9e0670fef9946aa8b345eccc91dd94abae61e932354ded943c,Maintained text and visible-image wording review
infographic,119/pseudocode,../assets/diagrams/stage10-infographics/stage10-lesson-119-pseudocode.jpg,Approved,550d440dabc8689759238da38acc2ff29e5573ef0c245169aea505582d7ba824,Maintained text and visible-image wording review
infographic,119/traversal,../assets/diagrams/stage10-infographics/stage10-lesson-119-traversal.jpg,Approved,743f0da5fc75a4697f25ee5978e2b9688eadb9ca00ad7369f27359ab22919f41,Maintained text and visible-image wording review
infographic,120/concept,../assets/diagrams/stage10-infographics/stage10-lesson-120-concept.jpg,Approved,39f8ff46a67d1cd03bdac660e99a0c5076c37707af07ad7ab139e44c79f10aae,Maintained text and visible-image wording review
infographic,120/lifecycle,../assets/diagrams/stage10-infographics/stage10-lesson-120-lifecycle.jpg,Approved,4eb61c93655e964bee067003569e16e22b47823b5f15377d9f0b09493a7f4ba8,Maintained text and visible-image wording review
infographic,120/mode-lab,../assets/diagrams/stage10-infographics/stage10-lesson-120-mode-lab.jpg,Approved,1e3fce345c13a0d640b2406d16b19cdf0af45fca4183ffe320b6fe29ee3344e2,Maintained text and visible-image wording review
infographic,120/modes,../assets/diagrams/stage10-infographics/stage10-lesson-120-modes.jpg,Approved,f25dd5e17c26acb1330c7f269aabccfab8698b00d31a9de6360c304be4301e2c,Maintained text and visible-image wording review
infographic,120/pseudocode,../assets/diagrams/stage10-infographics/stage10-lesson-120-pseudocode.jpg,Approved,df3fd39775f933c05cafa5f65fddee7bc5429346dcee1f98ad5746149e63b34b,Maintained text and visible-image wording review
infographic,120/read,../assets/diagrams/stage10-infographics/stage10-lesson-120-read.jpg,Approved,b71aa63539d6176fb252b3903237c7cf63cbd7b2eb4878267f8ace8f1ae68332,Maintained text and visible-image wording review
infographic,120/reader,../assets/diagrams/stage10-infographics/stage10-lesson-120-reader.jpg,Approved,5faff9e74b777e73e23fbe7cfa3a2020b3964f4c4835c65cf0f69f125d99f9d1,Maintained text and visible-image wording review
infographic,120/records,../assets/diagrams/stage10-infographics/stage10-lesson-120-records.jpg,Approved,80208a082688b670ea512605da759c8cc23b5ff11a71f28c2bce6a2949799fd8,Maintained text and visible-image wording review
infographic,120/write,../assets/diagrams/stage10-infographics/stage10-lesson-120-write.jpg,Approved,c496c0285ec15420864d86cfcbeb48f124fabbe0a73a68f39c9626b2656f8f57,Maintained text and visible-image wording review
infographic,121/concept,../assets/diagrams/stage10-infographics/stage10-lesson-121-concept.jpg,Approved,ac42b6320c04e2ecefe15ea59a2f051caee43787dd3ccd426a6bb0dbba2fe84a,Maintained text and visible-image wording review
infographic,121/format,../assets/diagrams/stage10-infographics/stage10-lesson-121-format.jpg,Approved,5a0e9379984befaa5f2167b2026356e2d21582d9e34998a6bb31848ef2a3d89b,Maintained text and visible-image wording review
infographic,121/parse,../assets/diagrams/stage10-infographics/stage10-lesson-121-parse.jpg,Approved,e122c3b3e7411793e30c2bf9fb42673b06d9c10b0d4b96f22b6834f760bb19e0,Maintained text and visible-image wording review
infographic,121/parser,../assets/diagrams/stage10-infographics/stage10-lesson-121-parser.jpg,Approved,03e508e8713befa6927b724bd0eedfa86119e72b7b7b45ba7f18ec48ee6b36f4,Maintained text and visible-image wording review
infographic,121/pseudocode,../assets/diagrams/stage10-infographics/stage10-lesson-121-pseudocode.jpg,Approved,5e3ab2870c44027ca4821b13b8c51293c592f61afef6c4b5d52f12dbdd21af92,Maintained text and visible-image wording review
infographic,121/types,../assets/diagrams/stage10-infographics/stage10-lesson-121-types.jpg,Approved,38e89639fb13e2c6a6bfbf966d6e8b6cf5192a95b8c793f5547016cf408db031,Maintained text and visible-image wording review
infographic,121/validate,../assets/diagrams/stage10-infographics/stage10-lesson-121-validate.jpg,Approved,be9086396677943210f3ca39ebb3317433c395f9862bcc5dc4efe95f0f8db0be,Maintained text and visible-image wording review
infographic,121/validator,../assets/diagrams/stage10-infographics/stage10-lesson-121-validator.jpg,Approved,20e3f1734ba5764cdbb3ff9fd15a83d57c54c13eaf5644623fcb14a2dd6c2151,Maintained text and visible-image wording review
infographic,122/concept,../assets/diagrams/stage10-infographics/stage10-lesson-122-concept.jpg,Approved,5729f051f53cac5aaac158691958be22c1afe66201e6b0b2b128c9e7f76b6ca4,Maintained text and visible-image wording review
infographic,122/errors,../assets/diagrams/stage10-infographics/stage10-lesson-122-errors.jpg,Approved,164d19260d9f41f8238496e63072c68576ace58e22ef6306e4a91537f77ddb61,Maintained text and visible-image wording review
infographic,122/implementation,../assets/diagrams/stage10-infographics/stage10-lesson-122-implementation.jpg,Approved,a6cd24db8a6221b5f9a0fe32a2055f1004f780ba66bcd7eb29943eb389888a57,Maintained text and visible-image wording review
infographic,122/operations,../assets/diagrams/stage10-infographics/stage10-lesson-122-operations.jpg,Approved,0c7149917147367381d3ef309c779fbb1f53200e88fb9d8a8d4569a2ed2cdac4,Maintained text and visible-image wording review
infographic,122/pseudocode,../assets/diagrams/stage10-infographics/stage10-lesson-122-pseudocode.jpg,Approved,5dd603b550ffb8ae443035a2a6159b0a68eff3ec46770577cae3f178b5cc8427,Maintained text and visible-image wording review
infographic,122/queue,../assets/diagrams/stage10-infographics/stage10-lesson-122-queue.jpg,Approved,7fbe02f4791a3444ca07846464c0817eaefdc23ab164ab12cead4731aa27cc60,Maintained text and visible-image wording review
infographic,122/stack,../assets/diagrams/stage10-infographics/stage10-lesson-122-stack.jpg,Approved,bd6445c1825c3f780cebe2b7dd65676aaf5ec05abd708361382be564825df0ca,Maintained text and visible-image wording review
infographic,123/adt,../assets/diagrams/stage10-infographics/stage10-lesson-123-adt.jpg,Approved,9be5355aff76a5ba3eeafb0a086f972f0c3e996c03b69196dca27251bcc6f6eb,Maintained text and visible-image wording review
infographic,123/array,../assets/diagrams/stage10-infographics/stage10-lesson-123-array.jpg,Approved,737c0c344410ff745e5570dd191cbb2ace7ac11f6ac087bbfdcfb373fee318df,Maintained text and visible-image wording review
infographic,123/criteria,../assets/diagrams/stage10-infographics/stage10-lesson-123-criteria.jpg,Approved,dfb561c57ce4c69208fe374f70ee41d8f7702fa7bf4e28390e806e4a172493a0,Maintained text and visible-image wording review
infographic,123/decision,../assets/diagrams/stage10-infographics/stage10-lesson-123-decision.jpg,Approved,fce6bae7e0009ddebeb00225f7ff19d9a8f14bc288cc9bc99103e37bbf7f0cc2,Maintained text and visible-image wording review
infographic,123/file,../assets/diagrams/stage10-infographics/stage10-lesson-123-file.jpg,Approved,3b4435f8c159bb1cfc36382200cf4961867d70cd415b15c16b7030ce5ba996f0,Maintained text and visible-image wording review
infographic,123/pseudocode,../assets/diagrams/stage10-infographics/stage10-lesson-123-pseudocode.jpg,Approved,dfff1470bfa495d998396318b51a78701c1d6a97e0c173efaf1cb9450dee1632,Maintained text and visible-image wording review
infographic,123/ranker,../assets/diagrams/stage10-infographics/stage10-lesson-123-ranker.jpg,Approved,8586c69da51bd3f3218d1adf73bad3c05d93e971df6bcc08b1ae6c1524d8197d,Maintained text and visible-image wording review
infographic,123/record,../assets/diagrams/stage10-infographics/stage10-lesson-123-record.jpg,Approved,ce54cec401d8aa35ffc502044f8dfed60fd70a12a10cf9843517566efd77955b,Maintained text and visible-image wording review
infographic,124/arrays,../assets/diagrams/stage10-infographics/stage10-lesson-124-arrays.jpg,Approved,22513a10a06da3ed78ab038b1e411842ee1ec6c3fa965d8b20ba93611d82086d,Maintained text and visible-image wording review
infographic,124/assignment,../assets/diagrams/stage10-infographics/stage10-lesson-124-assignment.jpg,Approved,a8841aefbf83bfa06951375677e8a085d9fe8a15b7a1b706f876cd099e4f45b5,Maintained text and visible-image wording review
infographic,124/constants,../assets/diagrams/stage10-infographics/stage10-lesson-124-constants.jpg,Approved,49c031d20393f4795e91e5ce3d63090b736acedf4c9ad3dffca60d0b93e4b10a,Maintained text and visible-image wording review
infographic,124/principle,../assets/diagrams/stage10-infographics/stage10-lesson-124-principle.jpg,Approved,8e8ecb5ed3bbe0dca80aff93ad7524418b3068e65073d4508747c0c7ea959c8f,Maintained text and visible-image wording review
infographic,124/records,../assets/diagrams/stage10-infographics/stage10-lesson-124-records.jpg,Approved,fe055eabf6f57d0c4e4b1dce02b5217ae17860b87f17adf1585bcebf1b54a02b,Maintained text and visible-image wording review
infographic,124/sorter,../assets/diagrams/stage10-infographics/stage10-lesson-124-sorter.jpg,Approved,57ccd4b0fc247a2e2cf3f608be29a51b3772fa98fffeb604e4cf9c5ff7af7794,Maintained text and visible-image wording review
infographic,124/types,../assets/diagrams/stage10-infographics/stage10-lesson-124-types.jpg,Approved,2b3e220d0abf6f3b9a453d383e28b3f551b76699754b579b7ddee37afd981828,Maintained text and visible-image wording review
infographic,124/variables,../assets/diagrams/stage10-infographics/stage10-lesson-124-variables.jpg,Approved,d007f4bc615a2fbce71cdb601bfbe531f0005a24c5e5a906ad1fbac68e4db844,Maintained text and visible-image wording review
infographic,125/adts,../assets/diagrams/stage10-infographics/stage10-lesson-125-adts.jpg,Approved,ef16683d709f1ab976601f44de4785d0785cc328c804cf7992ed8c2f8fa7aeac,Maintained text and visible-image wording review
infographic,125/decision,../assets/diagrams/stage10-infographics/stage10-lesson-125-decision.jpg,Approved,1c107926912fd457b3735a257e139dfe3b89a9312e347f61cc6499ac03bc5b61,Maintained text and visible-image wording review
infographic,125/declare,../assets/diagrams/stage10-infographics/stage10-lesson-125-declare.jpg,Approved,389144bd53127b8aa5ea627dd95e21bdd45f492390d86b91d03f4b079fd1cf94,Maintained text and visible-image wording review
infographic,125/files,../assets/diagrams/stage10-infographics/stage10-lesson-125-files.jpg,Approved,bfde208ec997dedab125e51250a60fc6b94217ed6add3f375b61628e06e7053e,Maintained text and visible-image wording review
infographic,125/improver,../assets/diagrams/stage10-infographics/stage10-lesson-125-improver.jpg,Approved,86f2be9f9d435c21174a09a7af311907164aea97fc8a7a9d5e26de7ac0c3ec9a,Maintained text and visible-image wording review
infographic,125/map,../assets/diagrams/stage10-infographics/stage10-lesson-125-map.jpg,Approved,163d499b33aa00d08b7b681beeb2371e614f9314838a1d5cdf777f10e8c4d0b9,Maintained text and visible-image wording review
infographic,125/marks,../assets/diagrams/stage10-infographics/stage10-lesson-125-marks.jpg,Approved,36299794f6c647101a821268fd4bd289fba038805f4317bcf19b7ff83565b19c,Maintained text and visible-image wording review
infographic,126/constructs,../assets/diagrams/stage10-infographics/stage10-lesson-126-constructs.jpg,Approved,51e051bc245fc43a374a4dcf161228b11771d78244b49e51a3f87889e99f786b,Maintained text and visible-image wording review
infographic,126/iteration,../assets/diagrams/stage10-infographics/stage10-lesson-126-iteration.jpg,Approved,4a6539d7e7529f733ba077f339990a90447e0f23da3111a0b821dd394ddd3847,Maintained text and visible-image wording review
infographic,126/java,../assets/diagrams/stage10-infographics/stage10-lesson-126-java.jpg,Approved,d117932bcaa9ac525392f38f8f67121ddf3f414009bbe694784402df410e0778,Maintained text and visible-image wording review
infographic,126/selection,../assets/diagrams/stage10-infographics/stage10-lesson-126-selection.jpg,Approved,94070e7b844b3a58268beb733761df93d949c8a6ae662639e5cb94b9a497beb7,Maintained text and visible-image wording review
infographic,126/sequence,../assets/diagrams/stage10-infographics/stage10-lesson-126-sequence.jpg,Approved,e3264ea78adef6e155c2faaff7779f11c4d729c7fde6613ae324080e5912003b,Maintained text and visible-image wording review
infographic,126/tracer,../assets/diagrams/stage10-infographics/stage10-lesson-126-tracer.jpg,Approved,30b77a7de33dcfdc2efb5b43d598b4e86d33eb6848432f1cf3e24f99ed503379,Maintained text and visible-image wording review
infographic,127/case,../assets/diagrams/stage10-infographics/stage10-lesson-127-case.jpg,Approved,330e965f36bf09225ea04a83d06d690711d51de4be912ff358e46ba2c7f76305,Maintained text and visible-image wording review
infographic,127/choice,../assets/diagrams/stage10-infographics/stage10-lesson-127-choice.jpg,Approved,c7c37d952d341dcf15ac24f731bd9bf1648e0d3fdfaf41011ebba31d5e5b4946,Maintained text and visible-image wording review
infographic,127/if,../assets/diagrams/stage10-infographics/stage10-lesson-127-if.jpg,Approved,ee1d46802ee8ec55bbbe1a8c1f2d8537a379ada06e108ae7a18e3f01ceaea0e3,Maintained text and visible-image wording review
infographic,127/java,../assets/diagrams/stage10-infographics/stage10-lesson-127-java.jpg,Approved,49b3b4ee09fb9978ea2b8c82f5e67d97e455e0420b9578bf4db773ee0d98e026,Maintained text and visible-image wording review
infographic,127/nested,../assets/diagrams/stage10-infographics/stage10-lesson-127-nested.jpg,Approved,cc6c4fa98c112fd0b057b4f6d6aa66283d3e8c68b38bef7c5ef9477ff3fa9929,Maintained text and visible-image wording review
infographic,127/path,../assets/diagrams/stage10-infographics/stage10-lesson-127-path.jpg,Approved,587f7104d08ec87c282202a394dc790ee01c0605d7234a1351a998de47e13611,Maintained text and visible-image wording review
infographic,128/arrays,../assets/diagrams/stage10-infographics/stage10-lesson-128-arrays.jpg,Approved,53b86c3b21e22b6cc8b6de7fe64d567ecb52de338b76fa5653ccaa82420d88f7,Maintained text and visible-image wording review
infographic,128/bounds,../assets/diagrams/stage10-infographics/stage10-lesson-128-bounds.jpg,Approved,2209868b9264f50b4ac5215c8dace7e836bc8682c8399ed8c0d2eab78c863486,Maintained text and visible-image wording review
infographic,128/counter,../assets/diagrams/stage10-infographics/stage10-lesson-128-counter.jpg,Approved,72dd2b50783a5c7ce94944ddf4eb82d745ed5c9443a5424bbfe1c8fdc079fbd1,Maintained text and visible-image wording review
infographic,128/for,../assets/diagrams/stage10-infographics/stage10-lesson-128-for.jpg,Approved,c2cceb2e002022c2e2f09bc3cf318e7185269ddfecb8cd1d5595c07c2a9d213f,Maintained text and visible-image wording review
infographic,128/java,../assets/diagrams/stage10-infographics/stage10-lesson-128-java.jpg,Approved,9ffced49aeb287f97e0440e2d49bfb9484e7a105624bbb8e53e859e181c883ae,Maintained text and visible-image wording review
infographic,129/compare,../assets/diagrams/stage10-infographics/stage10-lesson-129-compare.jpg,Approved,71d4207be38b970f0b61894a39b49811ccf5ff3c7225e19a866c0390e250eda3,Maintained text and visible-image wording review
infographic,129/java,../assets/diagrams/stage10-infographics/stage10-lesson-129-java.jpg,Approved,0db475fb17cb72b36c70bc12ffa98287720819bb4257413e407463e38ad85568,Maintained text and visible-image wording review
infographic,129/repeat,../assets/diagrams/stage10-infographics/stage10-lesson-129-repeat.jpg,Approved,ae5f66a0e5d570422409fe1696bab0ef8b5755810f712a4c82fe3f9085690f71,Maintained text and visible-image wording review
infographic,129/sentinel,../assets/diagrams/stage10-infographics/stage10-lesson-129-sentinel.jpg,Approved,be1e0fe6e12998d34d28bea44d1b059e1fc4783aefb5af85c720513828032279,Maintained text and visible-image wording review
infographic,129/validation,../assets/diagrams/stage10-infographics/stage10-lesson-129-validation.jpg,Approved,1dcf70b847ffdd40e328685cc2019b731b3e331c041c87969fe9068b66274a3b,Maintained text and visible-image wording review
infographic,129/while,../assets/diagrams/stage10-infographics/stage10-lesson-129-while.jpg,Approved,aca90651c0cff76a7d4bf1f2deab71e2836ac5c6ab5ab1234a06364e13f6d9fe,Maintained text and visible-image wording review
infographic,130/calls,../assets/diagrams/stage10-infographics/stage10-lesson-130-calls.jpg,Approved,3270b6acec2e95cb94223603c056a4dd2be095248cc4c88087c679009a9f8306,Maintained text and visible-image wording review
infographic,130/compare,../assets/diagrams/stage10-infographics/stage10-lesson-130-compare.jpg,Approved,80bff734a2be7330427817da4f499f5ddd642322e27a0f68b1f8a60cbeb08e10,Maintained text and visible-image wording review
infographic,130/function,../assets/diagrams/stage10-infographics/stage10-lesson-130-function.jpg,Approved,0fbf2b9af801fa99118575dbac3c983582beee7c7e2cd9024b16d5fb821b49bf,Maintained text and visible-image wording review
infographic,130/java,../assets/diagrams/stage10-infographics/stage10-lesson-130-java.jpg,Approved,dec5d3ff5be5f2950fe7ac9eb60f0afe81ab499c0929b8ae9bf602dfacefe323,Maintained text and visible-image wording review
infographic,130/parameters,../assets/diagrams/stage10-infographics/stage10-lesson-130-parameters.jpg,Approved,18b5ed8984ac24e24b2b6dcfd2b0854680fd8f0dc92cc06f0b47c7eab003042b,Maintained text and visible-image wording review
infographic,130/procedure,../assets/diagrams/stage10-infographics/stage10-lesson-130-procedure.jpg,Approved,6ec6716928ea467978ae1cf7323302c64ab1f7cd1381985694b6c83b3ffc4704,Maintained text and visible-image wording review
infographic,130/returner,../assets/diagrams/stage10-infographics/stage10-lesson-130-returner.jpg,Approved,63fabb459555ef2c33863dcd43210c2a07deeb1eca8946bb068bfce6d236b5a6,Maintained text and visible-image wording review
infographic,131/compare,../assets/diagrams/stage10-infographics/stage10-lesson-131-compare.jpg,Approved,05fe5dc06db0935eee8736e77d83af73ba3b58e645ce6f957f8b95104c7ae3f6,Maintained text and visible-image wording review
infographic,131/java,../assets/diagrams/stage10-infographics/stage10-lesson-131-java.jpg,Approved,bfd2d7bbc9b9b7b699f7c23ac32192e8203a5559b15b35497c445235d29d7ce5,Maintained text and visible-image wording review
infographic,131/reference,../assets/diagrams/stage10-infographics/stage10-lesson-131-reference.jpg,Approved,ad55d253a2c397216b1c2a58257ea44f15b5bdf031890cfbfe87fa4e75ce15ce,Maintained text and visible-image wording review
infographic,131/terms,../assets/diagrams/stage10-infographics/stage10-lesson-131-terms.jpg,Approved,51f9d5d58f63365512f69643753f7aa48905391dd34870c8fcbec816f9d7b1a1,Maintained text and visible-image wording review
infographic,131/use,../assets/diagrams/stage10-infographics/stage10-lesson-131-use.jpg,Approved,d742a0a2edda5fd1620131ff7aa329beaa31118de2ff19123657d6504d286ddc,Maintained text and visible-image wording review
infographic,131/value,../assets/diagrams/stage10-infographics/stage10-lesson-131-value.jpg,Approved,526489d1e051424ad9b4dfa0159fbc70a0b92a88a800acd207b135cc7f756e76,Maintained text and visible-image wording review
infographic,132/compare,../assets/diagrams/stage10-infographics/stage10-lesson-132-compare.jpg,Approved,9c9c70db1851577a416fabd2369e74d38339212cce72681fd8e0e1e655a9385a,Maintained text and visible-image wording review
infographic,132/global,../assets/diagrams/stage10-infographics/stage10-lesson-132-global.jpg,Approved,5569d72cd4113c255331ba6ad98473e8af794bb9eaa3dee763dec28d71a69570,Maintained text and visible-image wording review
infographic,132/java,../assets/diagrams/stage10-infographics/stage10-lesson-132-java.jpg,Approved,3dad1e87f246f7624d48093f45414afe6e0b0243d48ae20aa60dd7d46377ad6a,Maintained text and visible-image wording review
infographic,132/lifetime,../assets/diagrams/stage10-infographics/stage10-lesson-132-lifetime.jpg,Approved,6e357e3fb19d83bdefcb835cdb2088886b114a0ecd73a916466228fcf5dc3c10,Maintained text and visible-image wording review
infographic,132/local,../assets/diagrams/stage10-infographics/stage10-lesson-132-local.jpg,Approved,cb6e14512b7a4b0dac9dc477c0a637af0e5a7eb1340b1b36e95d4580952870f7,Maintained text and visible-image wording review
infographic,132/scope,../assets/diagrams/stage10-infographics/stage10-lesson-132-scope.jpg,Approved,9f408d6865ed3ace2c60f534e429422e47383481c4dbca325143ac126040c97a,Maintained text and visible-image wording review
infographic,132/shadowing,../assets/diagrams/stage10-infographics/stage10-lesson-132-shadowing.jpg,Approved,dbcc1c54388b49daf70e3593bb06cf25d31ddeebdd28c648c1a417610e32c7bd,Maintained text and visible-image wording review
infographic,133/case,../assets/diagrams/stage10-infographics/stage10-lesson-133-case.jpg,Approved,11cd2215a2e933ee10b9db722322243cb1a8d1aac8c1e68902e25f9341c7ddde,Maintained text and visible-image wording review
infographic,133/concat,../assets/diagrams/stage10-infographics/stage10-lesson-133-concat.jpg,Approved,06653909d6d02784c3b81389dea90102ce03b9f2c6caccf7820e20e3633aa2f6,Maintained text and visible-image wording review
infographic,133/java,../assets/diagrams/stage10-infographics/stage10-lesson-133-java.jpg,Approved,f95a5bc38a26bab16b9aba7e344cb8f43d1a868aa6ea953962ab670cb3ad0898,Maintained text and visible-image wording review
infographic,133/lab,../assets/diagrams/stage10-infographics/stage10-lesson-133-lab.jpg,Approved,407d6ba05c2d90c35657b6e2d860751e368789f742325b1bbe6870b17c7a8923,Maintained text and visible-image wording review
infographic,133/length,../assets/diagrams/stage10-infographics/stage10-lesson-133-length.jpg,Approved,b0b5d77f452d6fc2d3d029f66132d876e562c1d5618bccede726e042b79debda,Maintained text and visible-image wording review
infographic,133/position,../assets/diagrams/stage10-infographics/stage10-lesson-133-position.jpg,Approved,3c4b3d8bb786f080aa0400a370d5d980f9c5d75a3aa7ac687beccfbe3b7e5982,Maintained text and visible-image wording review
infographic,133/strings,../assets/diagrams/stage10-infographics/stage10-lesson-133-strings.jpg,Approved,a2ecc1442523ec9582c386848bbdca7869aeaf35887f43eb274f2130734b1133,Maintained text and visible-image wording review
infographic,133/substring,../assets/diagrams/stage10-infographics/stage10-lesson-133-substring.jpg,Approved,b6cab66e41ccb1d951937e8fb5ff464adcfbb15948865e8298739047b1351bca,Maintained text and visible-image wording review
infographic,134/calculator,../assets/diagrams/stage10-infographics/stage10-lesson-134-calculator.jpg,Approved,daee9aee55f060746bd904467bd55c86656e87f5c0681e244fde1c3f3aad0a8c,Maintained text and visible-image wording review
infographic,134/division,../assets/diagrams/stage10-infographics/stage10-lesson-134-division.jpg,Approved,8b8d0f91f7a425a05e13e1d11705d3a95210ed3fa3a79fa56a23445926150b20,Maintained text and visible-image wording review
infographic,134/java,../assets/diagrams/stage10-infographics/stage10-lesson-134-java.jpg,Approved,a7d347f8165c49046345455a41a4e7b0ee4ffcc85a0ef6974f357121f38e73d7,Maintained text and visible-image wording review
infographic,134/mod,../assets/diagrams/stage10-infographics/stage10-lesson-134-mod.jpg,Approved,d7a2d07a83e975e1ae1fb4a918449477405bbd3e63f1ac78f6102b0511e4b026,Maintained text and visible-image wording review
infographic,134/operators,../assets/diagrams/stage10-infographics/stage10-lesson-134-operators.jpg,Approved,e7c16c3b0f4791ce7d34f33e6f11240b0cd461b2cd81c4e9443fc70017a285c1,Maintained text and visible-image wording review
infographic,134/patterns,../assets/diagrams/stage10-infographics/stage10-lesson-134-patterns.jpg,Approved,81d4ddd0d737c2f3812cb411897e0343831325dd96218ed1d426d9d6560c1376,Maintained text and visible-image wording review
infographic,134/precedence,../assets/diagrams/stage10-infographics/stage10-lesson-134-precedence.jpg,Approved,9a20b3796ff381141ef9f8032a1bf731259607db681d1edba263b133c0193040,Maintained text and visible-image wording review
infographic,134/relationship,../assets/diagrams/stage10-infographics/stage10-lesson-134-relationship.jpg,Approved,a3484d90f438d9a8792bc0428cba1de1fd98028de78a32eb54ee6e5cc6da3fcf,Maintained text and visible-image wording review
infographic,135/formatter,../assets/diagrams/stage10-infographics/stage10-lesson-135-formatter.jpg,Approved,8dfb53c3828eb5872d337c8d8865f60e2980c73aae85400965d1d018f3ceb0ab,Maintained text and visible-image wording review
infographic,135/formatting,../assets/diagrams/stage10-infographics/stage10-lesson-135-formatting.jpg,Approved,d84c887a5c5da401a5ffa0e474ab4d8e423cb6f30ac79f6441c2d66504ae673e,Maintained text and visible-image wording review
infographic,135/input,../assets/diagrams/stage10-infographics/stage10-lesson-135-input.jpg,Approved,67f20f9ac89ceb112803c7c8a61e23991a7118123270116f2561a1993b8c8674,Maintained text and visible-image wording review
infographic,135/java,../assets/diagrams/stage10-infographics/stage10-lesson-135-java.jpg,Approved,3ee3aa0f53af581ef38c16c85ad2ab3c136f376f97b1d1d8d451c2bef59fc66a,Maintained text and visible-image wording review
infographic,135/output,../assets/diagrams/stage10-infographics/stage10-lesson-135-output.jpg,Approved,e561759aa9e56a9773000724340f1caeb279e0edd766ba4ba9d0fe2e6376a79c,Maintained text and visible-image wording review
infographic,135/prompts,../assets/diagrams/stage10-infographics/stage10-lesson-135-prompts.jpg,Approved,ecc03b39d2e26c48d1a290e8b10da127bde4c135ec4bb0d9d0e1f7fa8c7a43d4,Maintained text and visible-image wording review
infographic,135/tables,../assets/diagrams/stage10-infographics/stage10-lesson-135-tables.jpg,Approved,f0670ca2c64ae7599edfd36314f44c109d34076cdb026b69d550408902797281,Maintained text and visible-image wording review
infographic,135/types,../assets/diagrams/stage10-infographics/stage10-lesson-135-types.jpg,Approved,8035afae8a7415b000389a44ccbf052e5ff36ba205f6eba35cb48a55c7e2160d,Maintained text and visible-image wording review
infographic,136/append,../assets/diagrams/stage10-infographics/stage10-lesson-136-append.jpg,Approved,80d45fce84823085b732b4469e2beb3b69694c8b84ead0863720891258ca37dd,Maintained text and visible-image wording review
infographic,136/close,../assets/diagrams/stage10-infographics/stage10-lesson-136-close.jpg,Approved,b6c315dd138a85b3c7e16200a25781c4955fdcad8db934038f81d42c4eed9900,Maintained text and visible-image wording review
infographic,136/eof,../assets/diagrams/stage10-infographics/stage10-lesson-136-eof.jpg,Approved,6be8347812d7cecd62c37e33fa10049f5c2f7d4639cca2d00b99962861e51aa2,Maintained text and visible-image wording review
infographic,136/java,../assets/diagrams/stage10-infographics/stage10-lesson-136-java.jpg,Approved,117c65b251bf5e0e4b6cbfb0b7a6bb7e11ce83578be068d7cb55986abda7205b,Maintained text and visible-image wording review
infographic,136/modes,../assets/diagrams/stage10-infographics/stage10-lesson-136-modes.jpg,Approved,295bd403670651c559bdff214ef083ec5958b337ea08b196a12b3902cb0c483d,Maintained text and visible-image wording review
infographic,136/purpose,../assets/diagrams/stage10-infographics/stage10-lesson-136-purpose.jpg,Approved,4f0f2db78c9f4f1c14b9446640895855bb4235af7014dfd6193398dda4eb8f66,Maintained text and visible-image wording review
infographic,136/read,../assets/diagrams/stage10-infographics/stage10-lesson-136-read.jpg,Approved,98fc119b9c6636c1bc456160379cb86a8433f9974019e31be6567522b64fc648,Maintained text and visible-image wording review
infographic,136/write,../assets/diagrams/stage10-infographics/stage10-lesson-136-write.jpg,Approved,93dcf15978f469cb1ad7c087350c00b5028e9f7df55cbfea2f325e988ddcbb2a,Maintained text and visible-image wording review
infographic,137/boundary,../assets/diagrams/stage10-infographics/stage10-lesson-137-boundary.jpg,Approved,eed83991358df3659f773a40ee1ddab717a0f042c15ebc583f1355e01046e774,Maintained text and visible-image wording review
infographic,137/erroneous,../assets/diagrams/stage10-infographics/stage10-lesson-137-erroneous.jpg,Approved,652feac5cf076a63969241879da34a4cc7eb13e12f69745025323cc0201e0462,Maintained text and visible-image wording review
infographic,137/java,../assets/diagrams/stage10-infographics/stage10-lesson-137-java.jpg,Approved,6cd82c08199204a32be03ea34f5b6967b4762a6841e19e2afac949e6a7e21ca1,Maintained text and visible-image wording review
infographic,137/normal,../assets/diagrams/stage10-infographics/stage10-lesson-137-normal.jpg,Approved,9b772098821addd11b62bd4928f576c02f2e5936ce0b0e1a41b51f609b972a9e,Maintained text and visible-image wording review
infographic,137/purpose,../assets/diagrams/stage10-infographics/stage10-lesson-137-purpose.jpg,Approved,e68033e50d40c3a7af3d257aabf85822b42455fffa6eebb491e9fbe414d674b5,Maintained text and visible-image wording review
infographic,137/table,../assets/diagrams/stage10-infographics/stage10-lesson-137-table.jpg,Approved,b61143087dfc71afb8f9eab8739308f3746fda7c7defc4568fa998299ff56341,Maintained text and visible-image wording review
infographic,137/validation,../assets/diagrams/stage10-infographics/stage10-lesson-137-validation.jpg,Approved,3ea884e2e0fcec6d7b8dbdcbae135e3c88feb5cad0c7e0c9b040735c7e907a3b,Maintained text and visible-image wording review
infographic,138/breakpoint,../assets/diagrams/stage10-infographics/stage10-lesson-138-breakpoint.jpg,Approved,6c66a9abdcb19010b4f2f9151f0b39ad042ff67b02d289b2bc9b6fead8dd421c,Maintained text and visible-image wording review
infographic,138/bug,../assets/diagrams/stage10-infographics/stage10-lesson-138-bug.jpg,Approved,1ded9b572991329c71238d7f059031c04c92f65881fc1567601d6c1289fd4e65,Maintained text and visible-image wording review
infographic,138/java,../assets/diagrams/stage10-infographics/stage10-lesson-138-java.jpg,Approved,0d988262a496af2248c38bce5850fb34f1df46e2e2a850d9750a0b245409a421,Maintained text and visible-image wording review
infographic,138/purpose,../assets/diagrams/stage10-infographics/stage10-lesson-138-purpose.jpg,Approved,18b2357a792d6a7e7ffcee8108d9c824b1980b45defd39b06e85f425896839d2,Maintained text and visible-image wording review
infographic,138/stepping,../assets/diagrams/stage10-infographics/stage10-lesson-138-stepping.jpg,Approved,82ce7fff16d653bef058d59e4b507b2dac40c4f3f321006e212d928a382f6760,Maintained text and visible-image wording review
infographic,138/watch,../assets/diagrams/stage10-infographics/stage10-lesson-138-watch.jpg,Approved,e7f1752c458db8d102a7cc53e6cee5c52d0a58ab5cc19d145a97aa70877accde,Maintained text and visible-image wording review
infographic,139/checks,../assets/diagrams/stage10-infographics/stage10-lesson-139-checks.jpg,Approved,e9362111249646439523ff65c8e1810d99941faf70dde2994c622d9b193074fe,Maintained text and visible-image wording review
infographic,139/integration,../assets/diagrams/stage10-infographics/stage10-lesson-139-integration.jpg,Approved,9ffe048e3e4810d731cc3ebd3e43fd3fb8f56929dcc3f1d7ec4df54bbb77a3cb,Maintained text and visible-image wording review
infographic,139/java,../assets/diagrams/stage10-infographics/stage10-lesson-139-java.jpg,Approved,f69142957593d801c8c01e987dd90463abc4a2b06ba2d9f5e3051c3a0d7ec6dc,Maintained text and visible-image wording review
infographic,139/modularity,../assets/diagrams/stage10-infographics/stage10-lesson-139-modularity.jpg,Approved,6526ea361f63a68d4601ae31e738543f425e14ef636bfd9c0bd913170379ae0d,Maintained text and visible-image wording review
infographic,139/module-tool,../assets/diagrams/stage10-infographics/stage10-lesson-139-module-tool.jpg,Approved,72f008b7850b8e3f004c9cb735ffd16e9bf0fa94f01853558cfc5265d8c2ddab,Maintained text and visible-image wording review
infographic,139/parameters,../assets/diagrams/stage10-infographics/stage10-lesson-139-parameters.jpg,Approved,79384c277cbec0a9e0982c077423edb1ad758d11ac49f28087f54bdfaad61b88,Maintained text and visible-image wording review
infographic,139/robust,../assets/diagrams/stage10-infographics/stage10-lesson-139-robust.jpg,Approved,e386d45be6042c8bf141e88b0e99bdf73853c0c3a5b7328282e01ec9c737f5c5,Maintained text and visible-image wording review
infographic,139/validation,../assets/diagrams/stage10-infographics/stage10-lesson-139-validation.jpg,Approved,d36dfd03eeea4d38059ea334bf403f3d222d8d28cbe6785d7a4990fc58e4a774,Maintained text and visible-image wording review
infographic,139/validator,../assets/diagrams/stage10-infographics/stage10-lesson-139-validator.jpg,Approved,69084f2f3f6891106f388da5b926450068111807b75043732b46ba803437136f,Maintained text and visible-image wording review
infographic,140/arrays,../assets/diagrams/stage10-infographics/stage10-lesson-140-arrays.jpg,Approved,d16a1e6cffb39c483a90d1cbad306b94f71d263bdbce47f0aea61c6101fae92d,Maintained text and visible-image wording review
infographic,140/assignment,../assets/diagrams/stage10-infographics/stage10-lesson-140-assignment.jpg,Approved,aac7d15ddca554f075a7d1f1876fadae86fe797585cb7fca58aa9df46561c5a2,Maintained text and visible-image wording review
infographic,140/checkpoint,../assets/diagrams/stage10-infographics/stage10-lesson-140-checkpoint.jpg,Approved,2497134bac7b721a16a73d4ae37d9bad59f5463241d8fc704d68e62836c57601,Maintained text and visible-image wording review
infographic,140/io,../assets/diagrams/stage10-infographics/stage10-lesson-140-io.jpg,Approved,6bdb5ae6ba199f48de30b4777200f65aacdb333eba4d5f1b499bdcebd2466523,Maintained text and visible-image wording review
infographic,140/loops,../assets/diagrams/stage10-infographics/stage10-lesson-140-loops.jpg,Approved,f508cbb632f2a82933ee9bdaa5292c447f96926a7647ee911dc682a713957ee4,Maintained text and visible-image wording review
infographic,140/selection,../assets/diagrams/stage10-infographics/stage10-lesson-140-selection.jpg,Approved,bea6340c326b77b7f9eb5ba4a6f816e18c336b1ee7f4614f04ed7d85af58f261,Maintained text and visible-image wording review
infographic,140/spotter,../assets/diagrams/stage10-infographics/stage10-lesson-140-spotter.jpg,Approved,15188f0f60d1e6b656251d12503e553e5efc105ed0c6e1626547ab593a3eebc8,Maintained text and visible-image wording review
infographic,140/standard,../assets/diagrams/stage10-infographics/stage10-lesson-140-standard.jpg,Approved,f2053e1a13b14220ef7b944fa00bcfcca597ef303c62da092f77fecd817fa429,Maintained text and visible-image wording review
infographic,140/subroutines,../assets/diagrams/stage10-infographics/stage10-lesson-140-subroutines.jpg,Approved,8dd48bfeacb213dffc16a88b2122f2e8eba1f8ef8ab73291d291f5b20e2c866e,Maintained text and visible-image wording review
infographic,141/arrays,../assets/diagrams/stage10-infographics/stage10-lesson-141-arrays.jpg,Approved,3f8e7045e79864552b3ae0cea9300bec82186207660e7f7cc73c1539cb272e82,Maintained text and visible-image wording review
infographic,141/checklist,../assets/diagrams/stage10-infographics/stage10-lesson-141-checklist.jpg,Approved,aa541372569ebc3e83a0e947eb49fd4d5bfa3f273c6e9d5c696e9d262673fddc,Maintained text and visible-image wording review
infographic,141/debugging,../assets/diagrams/stage10-infographics/stage10-lesson-141-debugging.jpg,Approved,3144871bc9971b67d5f568962d6b3e12b1a73535d28b6011ac9a458420dd0cee,Maintained text and visible-image wording review
infographic,141/files,../assets/diagrams/stage10-infographics/stage10-lesson-141-files.jpg,Approved,ce1add10d87b3c884a7ff37889e9f5e8c9e19f4132ae9049d152921336f00e92,Maintained text and visible-image wording review
infographic,141/fragment,../assets/diagrams/stage10-infographics/stage10-lesson-141-fragment.jpg,Approved,c3bf421004dd2c320716aeb36a18dc86740bddd9c25e1d214205c4134a1844ca,Maintained text and visible-image wording review
infographic,141/java,../assets/diagrams/stage10-infographics/stage10-lesson-141-java.jpg,Approved,a05acb9461f41887f9378218e1c0b8a7914d47d2751731f480b0686c08b2b3bc,Maintained text and visible-image wording review
infographic,141/review-map,../assets/diagrams/stage10-infographics/stage10-lesson-141-review-map.jpg,Approved,d93864528a4caa3c61f4f281c8fdf9856d69c8d917dfecb5bf0c352dff57501a,Maintained text and visible-image wording review
infographic,141/subroutines,../assets/diagrams/stage10-infographics/stage10-lesson-141-subroutines.jpg,Approved,1e2a57b5bd9f637082a9fc3c0defe5a2d4bde3b651b69361945904537412a276,Maintained text and visible-image wording review
infographic,141/validation,../assets/diagrams/stage10-infographics/stage10-lesson-141-validation.jpg,Approved,f0a7b498fb6f4143d5afb649cd349d9895cf32814b9086fc27bd89d16a8186f1,Maintained text and visible-image wording review
infographic,142/agile,../assets/diagrams/stage10-infographics/stage10-lesson-142-agile.jpg,Approved,cb24155258498479220e0fff7a7d897258e064d588f48a304f58b16b23710ad4,Maintained text and visible-image wording review
infographic,142/artefacts,../assets/diagrams/stage10-infographics/stage10-lesson-142-artefacts.jpg,Approved,13193a02fe08dfc8adb33f3aee51d300b757ab219db2138f7c65c8aa2ed93d53,Maintained text and visible-image wording review
infographic,142/compare,../assets/diagrams/stage10-infographics/stage10-lesson-142-compare.jpg,Approved,06df28547eb83d2a4032566403c0f18393dda1b019e8c8109bfbaf8f6dc40e6c,Maintained text and visible-image wording review
infographic,142/iterative,../assets/diagrams/stage10-infographics/stage10-lesson-142-iterative.jpg,Approved,b792b1265b2e7fd678e46a3d065fc526efb7d38794217e54defb3aefc695818e,Maintained text and visible-image wording review
infographic,142/purpose,../assets/diagrams/stage10-infographics/stage10-lesson-142-purpose.jpg,Approved,a461f31d52ef579400fdd284cb8bef20967b91828218aa0dbf419f17de3ceb92,Maintained text and visible-image wording review
infographic,142/stages,../assets/diagrams/stage10-infographics/stage10-lesson-142-stages.jpg,Approved,d1cb78ade2a15c8201d9338f7537fe6a668d1f3ede0b4737d32709d878d572e5,Maintained text and visible-image wording review
infographic,142/waterfall,../assets/diagrams/stage10-infographics/stage10-lesson-142-waterfall.jpg,Approved,f9ec1c8926b7e2fa1bb1e74f6f13a3580be0c3d62ee095cd3101a86462c9b036,Maintained text and visible-image wording review
infographic,143/acceptance,../assets/diagrams/stage10-infographics/stage10-lesson-143-acceptance.jpg,Approved,63ee4d27e43de52ba90bbb186f44899919dd8cb0638390d8ca8ebf0f171affda,Maintained text and visible-image wording review
infographic,143/analysis,../assets/diagrams/stage10-infographics/stage10-lesson-143-analysis.jpg,Approved,c0de751c13ad96dde13c2a214c73448ed7f85a7a4c399133e922abb0fc08758f,Maintained text and visible-image wording review
infographic,143/criteria-tool,../assets/diagrams/stage10-infographics/stage10-lesson-143-criteria-tool.jpg,Approved,5709e5e4b574e36034e7e9fdebf8a94ac00be51550033f60e5e24ffe8c178820,Maintained text and visible-image wording review
infographic,143/functional,../assets/diagrams/stage10-infographics/stage10-lesson-143-functional.jpg,Approved,09970939b0a3eaf1ec315941adb3d3037be1705e54f8a1435444978d618237f3,Maintained text and visible-image wording review
infographic,143/non-functional,../assets/diagrams/stage10-infographics/stage10-lesson-143-non-functional.jpg,Approved,0d996e1bc3640c5a8caa57862d11d6ec9a0ac9a1eee426b5d4c06bfa1bb527a1,Maintained text and visible-image wording review
infographic,143/rewriter,../assets/diagrams/stage10-infographics/stage10-lesson-143-rewriter.jpg,Approved,11dc930f963e265687bf369915d426fda770ed3750a8720f8544f76bd10e5d43,Maintained text and visible-image wording review
infographic,143/stakeholders,../assets/diagrams/stage10-infographics/stage10-lesson-143-stakeholders.jpg,Approved,8661eeda9f2cf17bfa0df51724f582f9d8a59105975aaec5c182678832ffe684,Maintained text and visible-image wording review
infographic,143/success,../assets/diagrams/stage10-infographics/stage10-lesson-143-success.jpg,Approved,efd3f19d30bf05a4db7d0906887bd8b16740f9573fa172d07095d883da77ac61,Maintained text and visible-image wording review
infographic,144/algorithms,../assets/diagrams/stage10-infographics/stage10-lesson-144-algorithms.jpg,Approved,b8d2ca1120f6b6af20cca1de4c93b973af67243c1fd395e728c566588083a36d,Maintained text and visible-image wording review
infographic,144/dictionary,../assets/diagrams/stage10-infographics/stage10-lesson-144-dictionary.jpg,Approved,89446e881f725b6af23547f55ac320d7b768630ebd58086baad5d05eb8afed48,Maintained text and visible-image wording review
infographic,144/dictionary-tool,../assets/diagrams/stage10-infographics/stage10-lesson-144-dictionary-tool.jpg,Approved,65a516e509e66f57c53a0847a3d6a3f369822533f33aa05b87526c5840e5c3a8,Maintained text and visible-image wording review
infographic,144/interfaces,../assets/diagrams/stage10-infographics/stage10-lesson-144-interfaces.jpg,Approved,30ad76afa59aa644d76bbcb6cb915094c93fca8e74290722da1ca1742e38c7b8,Maintained text and visible-image wording review
infographic,144/lifecycle,../assets/diagrams/stage10-infographics/stage10-lesson-144-lifecycle.jpg,Approved,f19dae7aee2851b0f0fbaf4ef4a7de2124c02269e73d392b8386925cd18f15b3,Maintained text and visible-image wording review
infographic,144/purpose,../assets/diagrams/stage10-infographics/stage10-lesson-144-purpose.jpg,Approved,c7eb192a59764ad18af3cb80e4dbcf33aef4845267d5082fb7323f32a63d75c1,Maintained text and visible-image wording review
infographic,144/traceability,../assets/diagrams/stage10-infographics/stage10-lesson-144-traceability.jpg,Approved,f1dd780422f6753eee1a8976c15910081a9b0723943231d15a957af27175551e,Maintained text and visible-image wording review
infographic,145/changeover,../assets/diagrams/stage10-infographics/stage10-lesson-145-changeover.jpg,Approved,5f5f0ffb31fa1d2a8ead85aff7d5b9aef3cf81cb00128ba43364379f6013d814,Maintained text and visible-image wording review
infographic,145/data-tool,../assets/diagrams/stage10-infographics/stage10-lesson-145-data-tool.jpg,Approved,1afbcba3489cca788c0f6d7738ca93f1e6140ddf2186bb31eb45977b1e0bbdb2,Maintained text and visible-image wording review
infographic,145/evaluation,../assets/diagrams/stage10-infographics/stage10-lesson-145-evaluation.jpg,Approved,2b3798848ecf478b43009330f8e4c3036da52116bbc44dada3d43ed7988a6cc1,Maintained text and visible-image wording review
infographic,145/implementation,../assets/diagrams/stage10-infographics/stage10-lesson-145-implementation.jpg,Approved,e7b4a08e2790e52f8730c1bf2f4aea218c8c2d0b19a80843d52742a6d54210a4,Maintained text and visible-image wording review
infographic,145/maintenance,../assets/diagrams/stage10-infographics/stage10-lesson-145-maintenance.jpg,Approved,9a8ce0683effe2396a5cae4fd5a4b377d6478a33e10b8c981046c8d1f42ca5a4,Maintained text and visible-image wording review
infographic,145/stage-tool,../assets/diagrams/stage10-infographics/stage10-lesson-145-stage-tool.jpg,Approved,229950ce5e44ac53aff6f4bc6e928a35b6044af2651599644d027ceca2f4d10d,Maintained text and visible-image wording review
infographic,145/test-data,../assets/diagrams/stage10-infographics/stage10-lesson-145-test-data.jpg,Approved,0c94181f761f306b581e0816c1f18f6a4acc1773789aaf04c9ff29d94dd392f9,Maintained text and visible-image wording review
infographic,145/testing,../assets/diagrams/stage10-infographics/stage10-lesson-145-testing.jpg,Approved,636ea0e213b8352d254e986764e8149a9f9980788f8d84c3e591bca69db09611,Maintained text and visible-image wording review
infographic,146/analysis,../assets/diagrams/stage10-infographics/stage10-lesson-146-analysis.jpg,Approved,640dabec56941e89d0f4d91ee385585ed5f9f27922c2d70a5c6058ec3de36044,Maintained text and visible-image wording review
infographic,146/answer-tool,../assets/diagrams/stage10-infographics/stage10-lesson-146-answer-tool.jpg,Approved,0604977d7251dde6ca30f366d01ba3a5076853ceb852ac67fdc9266a4440dad0,Maintained text and visible-image wording review
infographic,146/case,../assets/diagrams/stage10-infographics/stage10-lesson-146-case.jpg,Approved,d599983bdf402fbd1b397e705df93d73fbfc3411c5d100f13901faab5e9d3034,Maintained text and visible-image wording review
infographic,146/case-tool,../assets/diagrams/stage10-infographics/stage10-lesson-146-case-tool.jpg,Approved,17adef145154254bddce99bc67898c71d7df2af227eb525b2ab4662a71be36c1,Maintained text and visible-image wording review
infographic,146/commands,../assets/diagrams/stage10-infographics/stage10-lesson-146-commands.jpg,Approved,573e4e9348e9d87419755311208f12a8e0daa3c2daa73c09b52cd7532ba101de,Maintained text and visible-image wording review
infographic,146/design,../assets/diagrams/stage10-infographics/stage10-lesson-146-design.jpg,Approved,066b54983d6799046cbe5baec778f999093899df028320156dcf58e21bc3efee,Maintained text and visible-image wording review
infographic,146/evaluation,../assets/diagrams/stage10-infographics/stage10-lesson-146-evaluation.jpg,Approved,01af7ac207e32200ca52a279a44e0ea20902578d65523832668dd7f83bce7b00,Maintained text and visible-image wording review
infographic,146/lifecycle,../assets/diagrams/stage10-infographics/stage10-lesson-146-lifecycle.jpg,Approved,7814d41a4a7f917fe633343e33a151af995b16345630ab3c576f80fea2d3c36b,Maintained text and visible-image wording review
infographic,146/testing,../assets/diagrams/stage10-infographics/stage10-lesson-146-testing.jpg,Approved,0521c4f6ee1e6d9af98ce004f6337a6114b535d0aab72203c82a81320963f978,Maintained text and visible-image wording review
infographic,147/algorithms,../assets/diagrams/stage10-infographics/stage10-lesson-147-algorithms.jpg,Approved,fdd798a45e6454ffee3efad8601a9cbc6e29cb57e5cb53235417f7adb34ad1b4,Maintained text and visible-image wording review
infographic,147/files,../assets/diagrams/stage10-infographics/stage10-lesson-147-files.jpg,Approved,3b9806f7f967e5d6626b13b50cef77fea463ce69ddcd92aa2a9d2e983bca70ff,Maintained text and visible-image wording review
infographic,147/selection,../assets/diagrams/stage10-infographics/stage10-lesson-147-selection.jpg,Approved,73a8f35bb6395a17f28488dd5dbdd498a1a6a4381ca78b9c239bcd5d30d2e26a,Maintained text and visible-image wording review
infographic,147/strategy,../assets/diagrams/stage10-infographics/stage10-lesson-147-strategy.jpg,Approved,4228b0a8ec599a045f8731b6d92220a2c000e71be893e7a05bd7eb4344833d8e,Maintained text and visible-image wording review
infographic,147/structure-tool,../assets/diagrams/stage10-infographics/stage10-lesson-147-structure-tool.jpg,Approved,bc37f8795c8cc49ca879a75846c8a878d00681137683281389a59c88b9195c09,Maintained text and visible-image wording review
infographic,147/structures,../assets/diagrams/stage10-infographics/stage10-lesson-147-structures.jpg,Approved,ab9dd16f7978462604bc51200ca7cf8170e984774d145ff4ce234ec2125bf147,Maintained text and visible-image wording review
infographic,147/trace-tool,../assets/diagrams/stage10-infographics/stage10-lesson-147-trace-tool.jpg,Approved,f316ff439cd275009d93f98b949fdc24dd1b6f67b9edacc01d017cd3339effca,Maintained text and visible-image wording review
infographic,148/construct-tool,../assets/diagrams/stage10-infographics/stage10-lesson-148-construct-tool.jpg,Approved,53f5709c902c720b05b4aa95105cb9238de2d8e88eceee426140558368426a1b,Maintained text and visible-image wording review
infographic,148/constructs,../assets/diagrams/stage10-infographics/stage10-lesson-148-constructs.jpg,Approved,42706f9d09513e800614f924bc89986ac7cf48c6237d32e50e5abd323e7672c9,Maintained text and visible-image wording review
infographic,148/file-tool,../assets/diagrams/stage10-infographics/stage10-lesson-148-file-tool.jpg,Approved,e2a3dd478cc0ae6ba104e2e4f4e9569ffeec44e8625a31b3750cdb6776fb22c9,Maintained text and visible-image wording review
infographic,148/files,../assets/diagrams/stage10-infographics/stage10-lesson-148-files.jpg,Approved,271534898f45181582ef08e7ead876127b4230100898fff839d01cae04b0ff5b,Maintained text and visible-image wording review
infographic,148/iteration,../assets/diagrams/stage10-infographics/stage10-lesson-148-iteration.jpg,Approved,290a9a0ad3296682fa97787d09e9bea1aca39a6aa6e85f891b49c058517516ea,Maintained text and visible-image wording review
infographic,148/selection,../assets/diagrams/stage10-infographics/stage10-lesson-148-selection.jpg,Approved,9e67b9c85dfaa348d34f817748247e7a67160a8ae48614e0d7b591019c761078,Maintained text and visible-image wording review
infographic,148/subprograms,../assets/diagrams/stage10-infographics/stage10-lesson-148-subprograms.jpg,Approved,50b3517792e8ac3e5969b0ad90d215fcec262a88260878678550b73a1abdb4e6,Maintained text and visible-image wording review
infographic,148/validation,../assets/diagrams/stage10-infographics/stage10-lesson-148-validation.jpg,Approved,7948ad5d6db6ffd258717787fd8700c02c39e867ce1568a58d89ea9466fe5f7e,Maintained text and visible-image wording review
infographic,149/constructs,../assets/diagrams/stage10-infographics/stage10-lesson-149-constructs.jpg,Approved,e2b29cde9b2f50bbd2e14e3fb5d39c93c046b4afe96826b0baaf18b3ccf723f2,Maintained text and visible-image wording review
infographic,149/method,../assets/diagrams/stage10-infographics/stage10-lesson-149-method.jpg,Approved,0c02327ff3c05a9f322730c003e2d0be95aec8faa2659861bd88ae20bcdc5708,Maintained text and visible-image wording review
infographic,149/quality,../assets/diagrams/stage10-infographics/stage10-lesson-149-quality.jpg,Approved,69e352f19d782b3bdf131ab71ac04b4b5d83220377f3dacf2efcbae59ada1e40,Maintained text and visible-image wording review
infographic,149/skeleton-tool,../assets/diagrams/stage10-infographics/stage10-lesson-149-skeleton-tool.jpg,Approved,cca2b43c02e32548a98909ca121de91540d15c1c87fb12e1b605194e40c8eb9e,Maintained text and visible-image wording review
infographic,149/timer-tool,../assets/diagrams/stage10-infographics/stage10-lesson-149-timer-tool.jpg,Approved,7f00c731523ddfc0c0e9474ee0a7062711198c0587261eaeaf66c26296c2778c,Maintained text and visible-image wording review
infographic,149/timing,../assets/diagrams/stage10-infographics/stage10-lesson-149-timing.jpg,Approved,527a65d28cabbb9f2aedfc643e75f4ee821a5c327c5301138e555f14c4648a3f,Maintained text and visible-image wording review
infographic,150/correction,../assets/diagrams/stage10-infographics/stage10-lesson-150-correction.jpg,Approved,41fec728ab61a189180bf5977007b4e3e82d1a57290b05227a721c26efd42670,Maintained text and visible-image wording review
infographic,150/marking,../assets/diagrams/stage10-infographics/stage10-lesson-150-marking.jpg,Approved,9b551bfd3e6956e3f3c70b408b9284b75ced36525f4ca271f834433e6e65a81f,Maintained text and visible-image wording review
infographic,150/sections,../assets/diagrams/stage10-infographics/stage10-lesson-150-sections.jpg,Approved,77055f71b25d9c4094eb4b89a2a83d9ec05d1a2fef56453b6f12655c9ebab0fc,Maintained text and visible-image wording review
infographic,150/triage,../assets/diagrams/stage10-infographics/stage10-lesson-150-triage.jpg,Approved,580cdc85a4094d768d80561f8b1b9f7b8d81028a82693ae055f2fc7814f6d3b2,Maintained text and visible-image wording review
