"asset_id","title","path","ownership_status","requirement_ids","allowed_lesson_ids","rollout_status","source_old_lessons","delivery","reasons"
"stage10-lesson-001-knowledge","The storage ladder","assets/diagrams/stage10-infographics/stage10-lesson-001-knowledge.jpg","assigned","S1.01","001","whole-course-active","1","CORE / TEACH","Reviewed syllabus visualEvidence contract"
"stage10-lesson-002-knowledge","8-bit binary place values","assets/diagrams/stage10-infographics/stage10-lesson-002-knowledge.jpg","inventory-only","","","inventory-only","2","OPTIONAL / EXTEND",""
"stage10-lesson-002-methods","Two conversion directions, two reliable methods","assets/diagrams/stage10-infographics/stage10-lesson-002-methods.jpg","assigned","S1.03","002","whole-course-active","2","CORE / TEACH","Reviewed syllabus visualEvidence contract"
"stage10-lesson-002-range","Range and leading zeros","assets/diagrams/stage10-infographics/stage10-lesson-002-range.jpg","inventory-only","","","inventory-only","2","OPTIONAL / EXTEND",""
"stage10-lesson-003-digits","Hexadecimal digits: 0-9 then A-F","assets/diagrams/stage10-infographics/stage10-lesson-003-digits.jpg","inventory-only","","","inventory-only","3","OPTIONAL / EXTEND",""
"stage10-lesson-003-grouping","One hex digit represents one nibble","assets/diagrams/stage10-infographics/stage10-lesson-003-grouping.jpg","assigned","S1.03","002","whole-course-active","3","OPTIONAL / EXTEND","Shows the exact four-bit grouping method for binary-to-hexadecimal conversion."
"stage10-lesson-003-padding","Padding with leading zeros","assets/diagrams/stage10-infographics/stage10-lesson-003-padding.jpg","inventory-only","","","inventory-only","3","OPTIONAL / EXTEND",""
"stage10-lesson-004-method","8-bit addition method","assets/diagrams/stage10-infographics/stage10-lesson-004-method.jpg","assigned","S1.04","003","whole-course-active","4","CORE / TEACH","Reviewed syllabus visualEvidence contract"
"stage10-lesson-004-overflow","Unsigned 8-bit overflow","assets/diagrams/stage10-infographics/stage10-lesson-004-overflow.jpg","assigned","S1.05","003","whole-course-active","4","CORE / TEACH","Reviewed syllabus visualEvidence contract"
"stage10-lesson-004-rules","Single-bit addition rules","assets/diagrams/stage10-infographics/stage10-lesson-004-rules.jpg","inventory-only","","","inventory-only","4","OPTIONAL / EXTEND",""
"stage10-lesson-005-range","8-bit signed ranges and zero","assets/diagrams/stage10-infographics/stage10-lesson-005-range.jpg","inventory-only","","","inventory-only","5","OPTIONAL / EXTEND",""
"stage10-lesson-005-systems","Three ways to represent negative binary values","assets/diagrams/stage10-infographics/stage10-lesson-005-systems.jpg","assigned","S1.02","002","whole-course-active","2","CORE / TEACH","Reviewed syllabus visualEvidence contract"
"stage10-lesson-005-twos","Two’s complement method","assets/diagrams/stage10-infographics/stage10-lesson-005-twos.jpg","assigned","S1.04","003","whole-course-active","5","OPTIONAL / EXTEND","Supports fixed-width subtraction by forming the negative operand with two's complement."
"stage10-lesson-006-convert","Converting simple binary fractions","assets/diagrams/stage10-infographics/stage10-lesson-006-convert.jpg","inventory-only","","","inventory-only","6","OPTIONAL / EXTEND",""
"stage10-lesson-006-point","Binary fractional place value","assets/diagrams/stage10-infographics/stage10-lesson-006-point.jpg","inventory-only","","","inventory-only","6","OPTIONAL / EXTEND",""
"stage10-lesson-006-precision","Precision limits: why computers sometimes approximate","assets/diagrams/stage10-infographics/stage10-lesson-006-precision.jpg","inventory-only","","","inventory-only","6","OPTIONAL / EXTEND",""
"stage10-lesson-007-ascii","ASCII and extended ASCII","assets/diagrams/stage10-infographics/stage10-lesson-007-ascii.jpg","assigned","S1.07","004","whole-course-active","7","CORE / TEACH","Reviewed syllabus visualEvidence contract"
"stage10-lesson-007-concept","What a character set actually does","assets/diagrams/stage10-infographics/stage10-lesson-007-concept.jpg","inventory-only","","","inventory-only","7","OPTIONAL / EXTEND",""
"stage10-lesson-007-encoding","Character set vs encoding","assets/diagrams/stage10-infographics/stage10-lesson-007-encoding.jpg","inventory-only","","","inventory-only","7","OPTIONAL / EXTEND",""
"stage10-lesson-007-unicode","Unicode: more characters, more global use","assets/diagrams/stage10-infographics/stage10-lesson-007-unicode.jpg","assigned","S1.07","004","whole-course-active","7","OPTIONAL / EXTEND","Contrasts Unicode coverage with the smaller ASCII families."
"stage10-lesson-008-depth","Colour depth: bits per pixel","assets/diagrams/stage10-infographics/stage10-lesson-008-depth.jpg","assigned","S1.08","005","whole-course-active","8","OPTIONAL / EXTEND","Explains colour depth as bits per pixel and its quality/file-size effect."
"stage10-lesson-008-formula","Bitmap file size formula","assets/diagrams/stage10-infographics/stage10-lesson-008-formula.jpg","assigned","S1.08","005","whole-course-active","8","OPTIONAL / EXTEND","Provides the required bitmap pixel-data calculation without introducing sound."
"stage10-lesson-008-pixels","Bitmap file header and pixel data","assets/diagrams/stage10-infographics/stage10-lesson-008-pixels.jpg","assigned","S1.08","005","whole-course-active","8","CORE / TEACH","Reviewed syllabus visualEvidence contract"
"stage10-lesson-008-resolution","Resolution: width × height","assets/diagrams/stage10-infographics/stage10-lesson-008-resolution.jpg","assigned","S1.08","005","whole-course-active","8","OPTIONAL / EXTEND","Explains image resolution separately from screen resolution."
"stage10-lesson-009-chain","The calculation chain","assets/diagrams/stage10-infographics/stage10-lesson-009-chain.jpg","inventory-only","","","inventory-only","9","OPTIONAL / EXTEND",""
"stage10-lesson-009-metadata","Metadata is data about the image, not the pixels themselves","assets/diagrams/stage10-infographics/stage10-lesson-009-metadata.jpg","inventory-only","","","inventory-only","9","OPTIONAL / EXTEND",""
"stage10-lesson-009-units","Units: do not trip at the finish line","assets/diagrams/stage10-infographics/stage10-lesson-009-units.jpg","inventory-only","","","inventory-only","9","OPTIONAL / EXTEND",""
"stage10-lesson-010-drawing-list","Vector drawing list: objects, properties and redrawing","assets/diagrams/stage10-infographics/stage10-lesson-010-drawing-list.jpg","assigned","S1.09","005","whole-course-active","10","CORE / TEACH","Reviewed syllabus visualEvidence contract"
"stage10-lesson-010-drawing-list","stage10 lesson 010 drawing list","assets/diagrams/stage10-infographics/stage10-lesson-010-drawing-list.svg","inventory-only","","","inventory-only","","",""
"stage10-lesson-011-duration","Duration: how long the sound lasts","assets/diagrams/stage10-infographics/stage10-lesson-011-duration.jpg","inventory-only","","","inventory-only","11","OPTIONAL / EXTEND",""
"stage10-lesson-011-formula","Basic mono sound file size formula","assets/diagrams/stage10-infographics/stage10-lesson-011-formula.jpg","inventory-only","","","inventory-only","11","OPTIONAL / EXTEND",""
"stage10-lesson-011-rate","Sampling rate: samples per second","assets/diagrams/stage10-infographics/stage10-lesson-011-rate.jpg","assigned","S1.10","006","whole-course-active","11","OPTIONAL / EXTEND","Shows sampling rate as samples per second and its accuracy/file-size trade-off."
"stage10-lesson-011-resolution","Sampling resolution: bits per sample","assets/diagrams/stage10-infographics/stage10-lesson-011-resolution.jpg","assigned","S1.10","006","whole-course-active","11","CORE / TEACH","Reviewed syllabus visualEvidence contract"
"stage10-lesson-011-sampling","Sampling turns an analogue wave into digital values","assets/diagrams/stage10-infographics/stage10-lesson-011-sampling.jpg","assigned","S1.10","006","whole-course-active","11","CORE / TEACH","Reviewed syllabus visualEvidence contract"
"stage10-lesson-012-channels","Channels: mono and stereo","assets/diagrams/stage10-infographics/stage10-lesson-012-channels.jpg","inventory-only","","","inventory-only","12","OPTIONAL / EXTEND",""
"stage10-lesson-012-formula","The full uncompressed sound formula","assets/diagrams/stage10-infographics/stage10-lesson-012-formula.jpg","inventory-only","","","inventory-only","12","OPTIONAL / EXTEND",""
"stage10-lesson-012-tradeoffs","Parameter changes and consequences","assets/diagrams/stage10-infographics/stage10-lesson-012-tradeoffs.jpg","inventory-only","","","inventory-only","12","OPTIONAL / EXTEND",""
"stage10-lesson-012-units","Unit conversion without changing the answer","assets/diagrams/stage10-infographics/stage10-lesson-012-units.jpg","inventory-only","","","inventory-only","12","OPTIONAL / EXTEND",""
"stage10-lesson-013-lossless","Lossless compression: exact reconstruction","assets/diagrams/stage10-infographics/stage10-lesson-013-lossless.jpg","assigned","S1.11","006","whole-course-active","13","CORE / TEACH","Reviewed syllabus visualEvidence contract"
"stage10-lesson-013-lossy","Lossy compression: smaller, but not exact","assets/diagrams/stage10-infographics/stage10-lesson-013-lossy.jpg","assigned","S1.11","006","whole-course-active","13","OPTIONAL / EXTEND","Provides the lossy half of the required lossy/lossless comparison."
"stage10-lesson-013-purpose","Why compress data?","assets/diagrams/stage10-infographics/stage10-lesson-013-purpose.jpg","assigned","S1.11","006","whole-course-active","13","OPTIONAL / EXTEND","Explains why compression is needed before comparing methods."
"stage10-lesson-013-ratio","Compression ratio and saved space","assets/diagrams/stage10-infographics/stage10-lesson-013-ratio.jpg","inventory-only","","","inventory-only","13","OPTIONAL / EXTEND",""
"stage10-lesson-014-dictionary","Dictionary-style compression","assets/diagrams/stage10-infographics/stage10-lesson-014-dictionary.jpg","inventory-only","","","inventory-only","14","OPTIONAL / EXTEND",""
"stage10-lesson-014-effectiveness","When does it help?","assets/diagrams/stage10-infographics/stage10-lesson-014-effectiveness.jpg","inventory-only","","","inventory-only","14","OPTIONAL / EXTEND",""
"stage10-lesson-014-rle","Run-length encoding","assets/diagrams/stage10-infographics/stage10-lesson-014-rle.jpg","assigned","S1.11","006","whole-course-active","14","OPTIONAL / EXTEND","Shows the named run-length encoding example required by the syllabus notes."
"stage10-lesson-015-cases","System cases","assets/diagrams/stage10-infographics/stage10-lesson-015-cases.jpg","inventory-only","","","inventory-only","15","OPTIONAL / EXTEND",""
"stage10-lesson-015-framework","A decision framework","assets/diagrams/stage10-infographics/stage10-lesson-015-framework.jpg","inventory-only","","","inventory-only","15","OPTIONAL / EXTEND",""
"stage10-lesson-015-tradeoffs","Useful trade-off sentences","assets/diagrams/stage10-infographics/stage10-lesson-015-tradeoffs.jpg","inventory-only","","","inventory-only","15","OPTIONAL / EXTEND",""
"stage10-lesson-016-methods","Section 1 method bank","assets/diagrams/stage10-infographics/stage10-lesson-016-methods.jpg","review-only","","","inventory-only","16","OPTIONAL / EXTEND",""
"stage10-lesson-016-sprint","Six-minute review sprint","assets/diagrams/stage10-infographics/stage10-lesson-016-sprint.jpg","review-only","","","inventory-only","16","OPTIONAL / EXTEND",""
"stage10-lesson-016-triage","Question triage: choose the toolbox first","assets/diagrams/stage10-infographics/stage10-lesson-016-triage.jpg","review-only","","","inventory-only","16","OPTIONAL / EXTEND",""
"stage10-lesson-017-lanwan","Why LAN and WAN management differs","assets/diagrams/stage10-infographics/stage10-lesson-017-lanwan.jpg","inventory-only","","","inventory-only","17","OPTIONAL / EXTEND",""
"stage10-lesson-017-purpose","How a shared resource becomes useful","assets/diagrams/stage10-infographics/stage10-lesson-017-purpose.jpg","assigned","S2.01","007","whole-course-active","17","OPTIONAL / EXTEND","Reviewed syllabus visualEvidence contract"
"stage10-lesson-017-topologies","Why connection patterns change risk","assets/diagrams/stage10-infographics/stage10-lesson-017-topologies.jpg","assigned","S2.04","008","whole-course-active","17","OPTIONAL / EXTEND","Explains how topology link patterns change resilience and connection cost."
"stage10-lesson-018-compare","Client-server vs peer-to-peer","assets/diagrams/stage10-infographics/stage10-lesson-018-compare.jpg","assigned","S2.02","007","whole-course-active","18","OPTIONAL / EXTEND","Reviewed syllabus visualEvidence contract"
"stage10-lesson-018-model-visual","One model has equal peers; the other has dedicated service roles","assets/diagrams/stage10-infographics/stage10-lesson-018-model-visual.jpg","inventory-only","","","inventory-only","18","OPTIONAL / EXTEND",""
"stage10-lesson-018-roles","Core roles","assets/diagrams/stage10-infographics/stage10-lesson-018-roles.jpg","inventory-only","","","inventory-only","18","OPTIONAL / EXTEND",""
"stage10-lesson-018-usecases","Scenario choices","assets/diagrams/stage10-infographics/stage10-lesson-018-usecases.jpg","inventory-only","","","inventory-only","18","OPTIONAL / EXTEND",""
"stage10-lesson-019-packet-journey","One message, several routes, one reassembled result","assets/diagrams/stage10-infographics/stage10-lesson-019-packet-journey.jpg","assigned","S2.05","008","whole-course-active","19","OPTIONAL / EXTEND","Reviewed syllabus visualEvidence contract"
"stage10-lesson-019-routing","Routing and arrival","assets/diagrams/stage10-infographics/stage10-lesson-019-routing.jpg","inventory-only","","","inventory-only","19","OPTIONAL / EXTEND",""
"stage10-lesson-019-structure","Packet structure","assets/diagrams/stage10-infographics/stage10-lesson-019-structure.jpg","inventory-only","","","inventory-only","19","OPTIONAL / EXTEND",""
"stage10-lesson-019-switching","Packet switching","assets/diagrams/stage10-infographics/stage10-lesson-019-switching.jpg","inventory-only","","","inventory-only","19","OPTIONAL / EXTEND",""
"stage10-lesson-020-layers","Layered communication","assets/diagrams/stage10-infographics/stage10-lesson-020-layers.jpg","inventory-only","","","inventory-only","20","OPTIONAL / EXTEND",""
"stage10-lesson-020-protocols","What a protocol is","assets/diagrams/stage10-infographics/stage10-lesson-020-protocols.jpg","inventory-only","","","inventory-only","20","OPTIONAL / EXTEND",""
"stage10-lesson-020-rules","What protocol rules can specify","assets/diagrams/stage10-infographics/stage10-lesson-020-rules.jpg","inventory-only","","","inventory-only","20","OPTIONAL / EXTEND",""
"stage10-lesson-021-address-journey","From a URL to a packet on the local link","assets/diagrams/stage10-infographics/stage10-lesson-021-address-journey.jpg","inventory-only","","","inventory-only","21","OPTIONAL / EXTEND",""
"stage10-lesson-021-addresses","IP address vs MAC address","assets/diagrams/stage10-infographics/stage10-lesson-021-addresses.jpg","inventory-only","","","inventory-only","21","OPTIONAL / EXTEND",""
"stage10-lesson-021-checkpoint","5-minute mini assessment","assets/diagrams/stage10-infographics/stage10-lesson-021-checkpoint.jpg","inventory-only","","","inventory-only","21","OPTIONAL / EXTEND",""
"stage10-lesson-021-dns","DNS: name to IP address","assets/diagrams/stage10-infographics/stage10-lesson-021-dns.jpg","assigned","S2.16","012","whole-course-active","21","OPTIONAL / EXTEND","Reviewed syllabus visualEvidence contract"
"stage10-lesson-021-urls","URL components","assets/diagrams/stage10-infographics/stage10-lesson-021-urls.jpg","assigned","S2.16","012","whole-course-active","21","OPTIONAL / EXTEND","Reviewed syllabus visualEvidence contract"
"stage10-lesson-022-email","Email protocols: SMTP, POP3 and IMAP","assets/diagrams/stage10-infographics/stage10-lesson-022-email.jpg","inventory-only","","","inventory-only","22","OPTIONAL / EXTEND",""
"stage10-lesson-022-file","FTP for file transfer","assets/diagrams/stage10-infographics/stage10-lesson-022-file.jpg","inventory-only","","","inventory-only","22","OPTIONAL / EXTEND",""
"stage10-lesson-022-web","HTTP and HTTPS","assets/diagrams/stage10-infographics/stage10-lesson-022-web.jpg","inventory-only","","","inventory-only","22","OPTIONAL / EXTEND",""
"stage10-lesson-023-compare","Compare by factor, not by vibe","assets/diagrams/stage10-infographics/stage10-lesson-023-compare.jpg","assigned","S2.07","009","whole-course-active","23","OPTIONAL / EXTEND","Reviewed syllabus visualEvidence contract"
"stage10-lesson-023-wired","Wired transmission media","assets/diagrams/stage10-infographics/stage10-lesson-023-wired.jpg","assigned","S2.08","009","whole-course-active","23","OPTIONAL / EXTEND","Reviewed syllabus visualEvidence contract"
"stage10-lesson-023-wireless","Wireless transmission media","assets/diagrams/stage10-infographics/stage10-lesson-023-wireless.jpg","assigned","S2.08","009","whole-course-active","23","OPTIONAL / EXTEND","Reviewed syllabus visualEvidence contract"
"stage10-lesson-024-compare","Compare by job and boundary","assets/diagrams/stage10-infographics/stage10-lesson-024-compare.jpg","inventory-only","","","inventory-only","24","OPTIONAL / EXTEND",""
"stage10-lesson-024-gateway","Gateways: connecting different network rules","assets/diagrams/stage10-infographics/stage10-lesson-024-gateway.jpg","inventory-only","","","inventory-only","24","OPTIONAL / EXTEND",""
"stage10-lesson-024-lan","Switches: forwarding inside a LAN","assets/diagrams/stage10-infographics/stage10-lesson-024-lan.jpg","assigned","S2.09","010","whole-course-active","24","OPTIONAL / EXTEND","Reviewed syllabus visualEvidence contract"
"stage10-lesson-024-routing","Routers: forwarding between networks","assets/diagrams/stage10-infographics/stage10-lesson-024-routing.jpg","assigned","S2.10","010","whole-course-active","24","OPTIONAL / EXTEND","Reviewed syllabus visualEvidence contract"
"stage10-lesson-024-wireless","Wireless access points: joining wireless devices","assets/diagrams/stage10-infographics/stage10-lesson-024-wireless.jpg","inventory-only","","","inventory-only","24","OPTIONAL / EXTEND",""
"stage10-lesson-025-cloud","Cloud services","assets/diagrams/stage10-infographics/stage10-lesson-025-cloud.jpg","assigned","S2.06","009","whole-course-active","25","OPTIONAL / EXTEND","Reviewed syllabus visualEvidence contract"
"stage10-lesson-025-compare","Compare networks by access and control","assets/diagrams/stage10-infographics/stage10-lesson-025-compare.jpg","inventory-only","","","inventory-only","25","OPTIONAL / EXTEND",""
"stage10-lesson-025-networks","Internet, intranet and extranet","assets/diagrams/stage10-infographics/stage10-lesson-025-networks.jpg","inventory-only","","","inventory-only","25","OPTIONAL / EXTEND",""
"stage10-lesson-026-calculation","Simple transfer time calculation","assets/diagrams/stage10-infographics/stage10-lesson-026-calculation.jpg","inventory-only","","","inventory-only","26","OPTIONAL / EXTEND",""
"stage10-lesson-026-concepts","Core performance terms","assets/diagrams/stage10-infographics/stage10-lesson-026-concepts.jpg","inventory-only","","","inventory-only","26","OPTIONAL / EXTEND",""
"stage10-lesson-026-factors","Factors that affect performance","assets/diagrams/stage10-infographics/stage10-lesson-026-factors.jpg","inventory-only","","","inventory-only","26","OPTIONAL / EXTEND",""
"stage10-lesson-027-map","Section 2 in one page","assets/diagrams/stage10-infographics/stage10-lesson-027-map.jpg","review-only","","","inventory-only","27","OPTIONAL / EXTEND",""
"stage10-lesson-027-precision","Precision rules for Section 2 answers","assets/diagrams/stage10-infographics/stage10-lesson-027-precision.jpg","review-only","","","inventory-only","27","OPTIONAL / EXTEND",""
"stage10-lesson-028-components","Component roles and examples","assets/diagrams/stage10-infographics/stage10-lesson-028-components.jpg","assigned","S3.01","013","whole-course-active","28","OPTIONAL / EXTEND","Separates the roles of input, output, primary memory and secondary storage."
"stage10-lesson-028-flow","The basic system flow","assets/diagrams/stage10-infographics/stage10-lesson-028-flow.jpg","assigned","S3.01","013","whole-course-active","28","OPTIONAL / EXTEND","Shows the system flow from input through processing and memory to output or persistent storage."
"stage10-lesson-028-memory-storage","Memory is not the same as storage","assets/diagrams/stage10-infographics/stage10-lesson-028-memory-storage.jpg","assigned","S3.01","013","whole-course-active","28","OPTIONAL / EXTEND","Directly contrasts temporary primary memory with persistent secondary storage."
"stage10-lesson-029-automatic","Manual input vs automatic data capture","assets/diagrams/stage10-infographics/stage10-lesson-029-automatic.jpg","inventory-only","","","inventory-only","29","OPTIONAL / EXTEND",""
"stage10-lesson-029-capture","What input devices do","assets/diagrams/stage10-infographics/stage10-lesson-029-capture.jpg","inventory-only","","","inventory-only","29","OPTIONAL / EXTEND",""
"stage10-lesson-029-devices","Common input devices and what they capture","assets/diagrams/stage10-infographics/stage10-lesson-029-devices.jpg","inventory-only","","","inventory-only","29","OPTIONAL / EXTEND",""
"stage10-lesson-030-devices","Common output devices and when they fit","assets/diagrams/stage10-infographics/stage10-lesson-030-devices.jpg","inventory-only","","","inventory-only","30","OPTIONAL / EXTEND",""
"stage10-lesson-030-feedback","User feedback must fit the situation","assets/diagrams/stage10-infographics/stage10-lesson-030-feedback.jpg","inventory-only","","","inventory-only","30","OPTIONAL / EXTEND",""
"stage10-lesson-030-purpose","What output devices do","assets/diagrams/stage10-infographics/stage10-lesson-030-purpose.jpg","inventory-only","","","inventory-only","30","OPTIONAL / EXTEND",""
"stage10-lesson-031-cache-vm","Why cache helps and virtual memory slows","assets/diagrams/stage10-infographics/stage10-lesson-031-cache-vm.jpg","inventory-only","","","inventory-only","31","OPTIONAL / EXTEND",""
"stage10-lesson-031-primary","Why active data stays close to the CPU","assets/diagrams/stage10-infographics/stage10-lesson-031-primary.jpg","inventory-only","","","inventory-only","31","OPTIONAL / EXTEND",""
"stage10-lesson-031-ram-rom","Why RAM changes while ROM remains stable","assets/diagrams/stage10-infographics/stage10-lesson-031-ram-rom.jpg","assigned","S3.05","015","whole-course-active","31","OPTIONAL / EXTEND","Reviewed syllabus visualEvidence contract"
"stage10-lesson-032-compare","Compare by scenario, not by favourite brand","assets/diagrams/stage10-infographics/stage10-lesson-032-compare.jpg","inventory-only","","","inventory-only","32","OPTIONAL / EXTEND",""
"stage10-lesson-032-media","Three main storage media","assets/diagrams/stage10-infographics/stage10-lesson-032-media.jpg","inventory-only","","","inventory-only","32","OPTIONAL / EXTEND",""
"stage10-lesson-032-purpose","What secondary storage does","assets/diagrams/stage10-infographics/stage10-lesson-032-purpose.jpg","inventory-only","","","inventory-only","32","OPTIONAL / EXTEND",""
"stage10-lesson-032-storage-visual","Look at the storage mechanism before comparing performance","assets/diagrams/stage10-infographics/stage10-lesson-032-storage-visual.jpg","inventory-only","","","inventory-only","32","OPTIONAL / EXTEND",""
"stage10-lesson-033-answer","The answer pattern: choice - characteristic - context - consequence","assets/diagrams/stage10-infographics/stage10-lesson-033-answer.jpg","inventory-only","","","inventory-only","33","OPTIONAL / EXTEND",""
"stage10-lesson-033-criteria","The five core characteristics","assets/diagrams/stage10-infographics/stage10-lesson-033-criteria.jpg","inventory-only","","","inventory-only","33","OPTIONAL / EXTEND",""
"stage10-lesson-033-tradeoffs","Trade-offs by common storage device","assets/diagrams/stage10-infographics/stage10-lesson-033-tradeoffs.jpg","inventory-only","","","inventory-only","33","OPTIONAL / EXTEND",""
"stage10-lesson-034-embedded","What is an embedded system?","assets/diagrams/stage10-infographics/stage10-lesson-034-embedded.jpg","assigned","S3.02","013","whole-course-active","34","OPTIONAL / EXTEND","Reviewed syllabus visualEvidence contract"
"stage10-lesson-034-microcontroller","Microcontroller vs general-purpose computer","assets/diagrams/stage10-infographics/stage10-lesson-034-microcontroller.jpg","inventory-only","","","inventory-only","34","OPTIONAL / EXTEND",""
"stage10-lesson-035-actuators","Actuators turn output signals into physical action","assets/diagrams/stage10-infographics/stage10-lesson-035-actuators.jpg","inventory-only","","","inventory-only","35","OPTIONAL / EXTEND",""
"stage10-lesson-035-control","Control systems use rules and feedback","assets/diagrams/stage10-infographics/stage10-lesson-035-control.jpg","assigned","S3.08","016","whole-course-active","35","OPTIONAL / EXTEND","Reviewed syllabus visualEvidence contract"
"stage10-lesson-035-sensors","Required sensor types and applications","assets/diagrams/stage10-infographics/stage10-lesson-035-sensors.jpg","assigned","S3.09","016","whole-course-active","32","CORE / TEACH","Reviewed syllabus visualEvidence contract"
"stage10-lesson-036-gate-visual","Six symbols, six exact output rules","assets/diagrams/stage10-infographics/stage10-lesson-036-gate-visual.jpg","assigned","S3.10","017","whole-course-active","33","CORE / TEACH","Reviewed syllabus visualEvidence contract"
"stage10-lesson-036-gates","The six gate rules","assets/diagrams/stage10-infographics/stage10-lesson-036-gates.jpg","inventory-only","","","inventory-only","36","OPTIONAL / EXTEND",""
"stage10-lesson-036-signals","Logic gates use binary signals","assets/diagrams/stage10-infographics/stage10-lesson-036-signals.jpg","inventory-only","","","inventory-only","36","OPTIONAL / EXTEND",""
"stage10-lesson-036-symbols","Recognise gate symbols and the inversion bubble","assets/diagrams/stage10-infographics/stage10-lesson-036-symbols.jpg","inventory-only","","","inventory-only","36","OPTIONAL / EXTEND",""
"stage10-lesson-037-expressions","Boolean expressions describe gate behaviour","assets/diagrams/stage10-infographics/stage10-lesson-037-expressions.jpg","inventory-only","","","inventory-only","37","OPTIONAL / EXTEND",""
"stage10-lesson-037-precedence","Brackets and NOT usually come before the final combination","assets/diagrams/stage10-infographics/stage10-lesson-037-precedence.jpg","inventory-only","","","inventory-only","37","OPTIONAL / EXTEND",""
"stage10-lesson-037-table-method","A reliable truth-table method","assets/diagrams/stage10-infographics/stage10-lesson-037-table-method.jpg","inventory-only","","","inventory-only","37","OPTIONAL / EXTEND",""
"stage10-lesson-038-design","A circuit design method that examiners can follow","assets/diagrams/stage10-infographics/stage10-lesson-038-design.jpg","inventory-only","","","inventory-only","38","OPTIONAL / EXTEND",""
"stage10-lesson-038-diagram","Gate sequence creates the circuit structure","assets/diagrams/stage10-infographics/stage10-lesson-038-diagram.jpg","inventory-only","","","inventory-only","38","OPTIONAL / EXTEND",""
"stage10-lesson-038-parse","Parse requirement wording into logic","assets/diagrams/stage10-infographics/stage10-lesson-038-parse.jpg","inventory-only","","","inventory-only","38","OPTIONAL / EXTEND",""
"stage10-lesson-039-categories","Classify the hardware before choosing it","assets/diagrams/stage10-infographics/stage10-lesson-039-categories.jpg","inventory-only","","","inventory-only","39","OPTIONAL / EXTEND",""
"stage10-lesson-039-criteria","Choose hardware using stated criteria","assets/diagrams/stage10-infographics/stage10-lesson-039-criteria.jpg","inventory-only","","","inventory-only","39","OPTIONAL / EXTEND",""
"stage10-lesson-039-users","Different users value different trade-offs","assets/diagrams/stage10-infographics/stage10-lesson-039-users.jpg","inventory-only","","","inventory-only","39","OPTIONAL / EXTEND",""
"stage10-lesson-040-environment","Environmental factors change hardware suitability","assets/diagrams/stage10-infographics/stage10-lesson-040-environment.jpg","inventory-only","","","inventory-only","40","OPTIONAL / EXTEND",""
"stage10-lesson-040-mitigation","Mitigation must match the risk","assets/diagrams/stage10-infographics/stage10-lesson-040-mitigation.jpg","inventory-only","","","inventory-only","40","OPTIONAL / EXTEND",""
"stage10-lesson-040-reliability","Reliability is about continuing to work correctly","assets/diagrams/stage10-infographics/stage10-lesson-040-reliability.jpg","inventory-only","","","inventory-only","40","OPTIONAL / EXTEND",""
"stage10-lesson-041-checkpoint","Short timed review structure","assets/diagrams/stage10-infographics/stage10-lesson-041-checkpoint.jpg","review-only","","","inventory-only","41","OPTIONAL / EXTEND",""
"stage10-lesson-041-map","Section 3 topic map","assets/diagrams/stage10-infographics/stage10-lesson-041-map.jpg","review-only","","","inventory-only","41","OPTIONAL / EXTEND",""
"stage10-lesson-041-skills","Three review skills: compare, justify, calculate","assets/diagrams/stage10-infographics/stage10-lesson-041-skills.jpg","review-only","","","inventory-only","41","OPTIONAL / EXTEND",""
"stage10-lesson-042-alu-cu","Why control and calculation are separate","assets/diagrams/stage10-infographics/stage10-lesson-042-alu-cu.jpg","inventory-only","","","inventory-only","42","OPTIONAL / EXTEND",""
"stage10-lesson-042-architecture","Why a CPU divides specialised work","assets/diagrams/stage10-infographics/stage10-lesson-042-architecture.jpg","assigned","S4.01","019","whole-course-active","42","CORE / TEACH","Reviewed syllabus visualEvidence contract"
"stage10-lesson-042-cpu-map","Inside the CPU, outside the CPU, and what connects them","assets/diagrams/stage10-infographics/stage10-lesson-042-cpu-map.jpg","inventory-only","","","inventory-only","42","OPTIONAL / EXTEND",""
"stage10-lesson-042-registers","How registers, buses and clock stay aligned","assets/diagrams/stage10-infographics/stage10-lesson-042-registers.jpg","assigned","S4.03","019","whole-course-active","42","OPTIONAL / EXTEND","Reviewed syllabus visualEvidence contract"
"stage10-lesson-043-cycle-visual","Trace one instruction through the fetch stage","assets/diagrams/stage10-infographics/stage10-lesson-043-cycle-visual.jpg","inventory-only","","","inventory-only","43","OPTIONAL / EXTEND",""
"stage10-lesson-043-cycle","The cycle in one clean sentence","assets/diagrams/stage10-infographics/stage10-lesson-043-cycle.jpg","inventory-only","","","inventory-only","43","OPTIONAL / EXTEND",""
"stage10-lesson-043-decode","Decode and execute are not filler words","assets/diagrams/stage10-infographics/stage10-lesson-043-decode.jpg","inventory-only","","","inventory-only","43","OPTIONAL / EXTEND",""
"stage10-lesson-043-fetch","Fetch stage: the register sequence","assets/diagrams/stage10-infographics/stage10-lesson-043-fetch.jpg","inventory-only","","","inventory-only","43","OPTIONAL / EXTEND",""
"stage10-lesson-043-registers","The four fetch-stage names you cannot blur together","assets/diagrams/stage10-infographics/stage10-lesson-043-registers.jpg","inventory-only","","","inventory-only","43","OPTIONAL / EXTEND",""
"stage10-lesson-044-acc-status","ACC and status register: execute-stage evidence","assets/diagrams/stage10-infographics/stage10-lesson-044-acc-status.jpg","assigned","S4.02","019","whole-course-active","42","CORE / TEACH","Reviewed syllabus visualEvidence contract"
"stage10-lesson-044-main-registers","The seven named register roles","assets/diagrams/stage10-infographics/stage10-lesson-044-main-registers.jpg","inventory-only","","","inventory-only","44","OPTIONAL / EXTEND",""
"stage10-lesson-044-purpose","Why registers exist","assets/diagrams/stage10-infographics/stage10-lesson-044-purpose.jpg","inventory-only","","","inventory-only","44","OPTIONAL / EXTEND",""
"stage10-lesson-045-concept","What a system bus does","assets/diagrams/stage10-infographics/stage10-lesson-045-concept.jpg","inventory-only","","","inventory-only","45","OPTIONAL / EXTEND",""
"stage10-lesson-045-read-write","Read and write traces","assets/diagrams/stage10-infographics/stage10-lesson-045-read-write.jpg","inventory-only","","","inventory-only","45","OPTIONAL / EXTEND",""
"stage10-lesson-045-three-buses","The three buses","assets/diagrams/stage10-infographics/stage10-lesson-045-three-buses.jpg","assigned","S4.04","020","whole-course-active","45","OPTIONAL / EXTEND","Reviewed syllabus visualEvidence contract"
"stage10-lesson-045-width","Bus width and addressable locations","assets/diagrams/stage10-infographics/stage10-lesson-045-width.jpg","assigned","S4.05","020","whole-course-active","43","CORE / TEACH","Reviewed syllabus visualEvidence contract"
"stage10-lesson-046-compatibility","Instruction sets and compatibility","assets/diagrams/stage10-infographics/stage10-lesson-046-compatibility.jpg","inventory-only","","","inventory-only","46","OPTIONAL / EXTEND",""
"stage10-lesson-046-instruction-set","What is an instruction set?","assets/diagrams/stage10-infographics/stage10-lesson-046-instruction-set.jpg","inventory-only","","","inventory-only","46","OPTIONAL / EXTEND",""
"stage10-lesson-046-machine-code","Machine code is binary instructions for the CPU","assets/diagrams/stage10-infographics/stage10-lesson-046-machine-code.jpg","assigned","S4.09","023","whole-course-active","46","CORE / TEACH","Reviewed syllabus visualEvidence contract"
"stage10-lesson-046-opcode","Opcode and operand","assets/diagrams/stage10-infographics/stage10-lesson-046-opcode.jpg","inventory-only","","","inventory-only","46","OPTIONAL / EXTEND",""
"stage10-lesson-047-assembler","Instruction groups: data movement, I/O, arithmetic, control and compare","assets/diagrams/stage10-infographics/stage10-lesson-047-assembler.jpg","assigned","S4.11;S4.12","024","whole-course-active","47","CORE / TEACH","Reviewed syllabus visualEvidence contract;The visual classifies instruction groups; it is not a program trace."
"stage10-lesson-047-assembly","What assembly language is","assets/diagrams/stage10-infographics/stage10-lesson-047-assembly.jpg","inventory-only","","","inventory-only","47","OPTIONAL / EXTEND",""
"stage10-lesson-047-mnemonics","Mnemonics represent operations","assets/diagrams/stage10-infographics/stage10-lesson-047-mnemonics.jpg","inventory-only","","","inventory-only","47","OPTIONAL / EXTEND",""
"stage10-lesson-047-structure","Instruction labels and symbolic data addresses","assets/diagrams/stage10-infographics/stage10-lesson-047-structure.jpg","inventory-only","","","inventory-only","47","OPTIONAL / EXTEND",""
"stage10-lesson-048-arrays","Indexed addressing and arrays","assets/diagrams/stage10-infographics/stage10-lesson-048-arrays.jpg","assigned","S4.14","024","whole-course-active","48","CORE / TEACH","Reviewed syllabus visualEvidence contract"
"stage10-lesson-048-concept","Addressing mode means operand interpretation","assets/diagrams/stage10-infographics/stage10-lesson-048-concept.jpg","inventory-only","","","inventory-only","48","OPTIONAL / EXTEND",""
"stage10-lesson-048-effective","Official LDR, CMI, JPE and JPN semantics","assets/diagrams/stage10-infographics/stage10-lesson-048-effective.jpg","assigned","S4.13","024","whole-course-active","47","CORE / TEACH","Reviewed syllabus visualEvidence contract"
"stage10-lesson-048-modes","Five addressing modes","assets/diagrams/stage10-infographics/stage10-lesson-048-modes.jpg","inventory-only","","","inventory-only","48","OPTIONAL / EXTEND",""
"stage10-lesson-049-concept","What an interrupt is","assets/diagrams/stage10-infographics/stage10-lesson-049-concept.jpg","inventory-only","","","inventory-only","49","OPTIONAL / EXTEND",""
"stage10-lesson-049-cycle","The interrupt handling cycle","assets/diagrams/stage10-infographics/stage10-lesson-049-cycle.jpg","assigned","S4.08","022","whole-course-active","49","OPTIONAL / EXTEND","Reviewed syllabus visualEvidence contract"
"stage10-lesson-049-polling","Interrupts versus polling","assets/diagrams/stage10-infographics/stage10-lesson-049-polling.jpg","inventory-only","","","inventory-only","49","OPTIONAL / EXTEND",""
"stage10-lesson-049-priority","Priority and masking","assets/diagrams/stage10-infographics/stage10-lesson-049-priority.jpg","inventory-only","","","inventory-only","49","OPTIONAL / EXTEND",""
"stage10-lesson-049-sources","Where interrupts come from","assets/diagrams/stage10-infographics/stage10-lesson-049-sources.jpg","inventory-only","","","inventory-only","49","OPTIONAL / EXTEND",""
"stage10-lesson-050-cache","Cache: reduce slow memory access","assets/diagrams/stage10-infographics/stage10-lesson-050-cache.jpg","inventory-only","","","inventory-only","50","OPTIONAL / EXTEND",""
"stage10-lesson-050-clock","Clock speed: more cycles per second","assets/diagrams/stage10-infographics/stage10-lesson-050-clock.jpg","inventory-only","","","inventory-only","50","OPTIONAL / EXTEND",""
"stage10-lesson-050-concept","The official processor performance factors","assets/diagrams/stage10-infographics/stage10-lesson-050-concept.jpg","inventory-only","","","inventory-only","50","OPTIONAL / EXTEND",""
"stage10-lesson-050-cores","Cores: more independent processing units","assets/diagrams/stage10-infographics/stage10-lesson-050-cores.jpg","inventory-only","","","inventory-only","50","OPTIONAL / EXTEND",""
"stage10-lesson-050-limits","Performance is limited by bottlenecks","assets/diagrams/stage10-infographics/stage10-lesson-050-limits.jpg","inventory-only","","","inventory-only","50","OPTIONAL / EXTEND",""
"stage10-lesson-050-word","Word length: bits processed as a unit","assets/diagrams/stage10-infographics/stage10-lesson-050-word.jpg","inventory-only","","","inventory-only","50","OPTIONAL / EXTEND",""
"stage10-lesson-051-compare","Without and with pipelining","assets/diagrams/stage10-infographics/stage10-lesson-051-compare.jpg","inventory-only","","","inventory-only","51","OPTIONAL / EXTEND",""
"stage10-lesson-051-concept","Pipelining overlaps instruction-cycle stages","assets/diagrams/stage10-infographics/stage10-lesson-051-concept.jpg","inventory-only","","","inventory-only","51","OPTIONAL / EXTEND",""
"stage10-lesson-051-device-bits","Monitor and control a device register","assets/diagrams/stage10-infographics/stage10-lesson-051-device-bits.jpg","inventory-only","","","inventory-only","51","OPTIONAL / EXTEND",""
"stage10-lesson-051-hazards","Pipeline hazards: why faster is not always simpler","assets/diagrams/stage10-infographics/stage10-lesson-051-hazards.jpg","inventory-only","","","inventory-only","51","OPTIONAL / EXTEND",""
"stage10-lesson-051-masks","Bit masks target selected positions","assets/diagrams/stage10-infographics/stage10-lesson-051-masks.jpg","inventory-only","","","inventory-only","51","OPTIONAL / EXTEND",""
"stage10-lesson-051-shifts","Binary shifts: logical, arithmetic, cyclic","assets/diagrams/stage10-infographics/stage10-lesson-051-shifts.jpg","assigned","S4.15","025","whole-course-active","50","CORE / TEACH","Reviewed syllabus visualEvidence contract"
"stage10-lesson-051-stalls","Stalls and flushes reduce the ideal gain","assets/diagrams/stage10-infographics/stage10-lesson-051-stalls.jpg","inventory-only","","","inventory-only","51","OPTIONAL / EXTEND",""
"stage10-lesson-051-timing","Throughput improves, but latency still exists","assets/diagrams/stage10-infographics/stage10-lesson-051-timing.jpg","inventory-only","","","inventory-only","51","OPTIONAL / EXTEND",""
"stage10-lesson-052-clinic","Turn vague into mark-worthy","assets/diagrams/stage10-infographics/stage10-lesson-052-clinic.jpg","review-only","","","inventory-only","52","OPTIONAL / EXTEND",""
"stage10-lesson-052-compare","Common compare traps","assets/diagrams/stage10-infographics/stage10-lesson-052-compare.jpg","review-only","","","inventory-only","52","OPTIONAL / EXTEND",""
"stage10-lesson-052-map","Section 4 concept map","assets/diagrams/stage10-infographics/stage10-lesson-052-map.jpg","review-only","","","inventory-only","52","OPTIONAL / EXTEND",""
"stage10-lesson-052-retrieval","Retrieval grid: say the role, not just the name","assets/diagrams/stage10-infographics/stage10-lesson-052-retrieval.jpg","review-only","","","inventory-only","52","OPTIONAL / EXTEND",""
"stage10-lesson-052-timed","8-minute mixed Section 4 response","assets/diagrams/stage10-infographics/stage10-lesson-052-timed.jpg","review-only","","","inventory-only","52","OPTIONAL / EXTEND",""
"stage10-lesson-053-categories","System software versus application software","assets/diagrams/stage10-infographics/stage10-lesson-053-categories.jpg","inventory-only","","","inventory-only","53","OPTIONAL / EXTEND",""
"stage10-lesson-053-concept","System software supports the running and maintenance of the computer","assets/diagrams/stage10-infographics/stage10-lesson-053-concept.jpg","inventory-only","","","inventory-only","53","OPTIONAL / EXTEND",""
"stage10-lesson-053-os","Operating system: the main coordinator","assets/diagrams/stage10-infographics/stage10-lesson-053-os.jpg","assigned","S5.01","026","whole-course-active","53","CORE / TEACH","Reviewed syllabus visualEvidence contract"
"stage10-lesson-053-pathway","Translation pathway","assets/diagrams/stage10-infographics/stage10-lesson-053-pathway.jpg","inventory-only","","","inventory-only","53","OPTIONAL / EXTEND",""
"stage10-lesson-053-translators","Language translators: source code to executable behaviour","assets/diagrams/stage10-infographics/stage10-lesson-053-translators.jpg","inventory-only","","","inventory-only","53","OPTIONAL / EXTEND",""
"stage10-lesson-053-utility","Utility software: maintenance and protection tools","assets/diagrams/stage10-infographics/stage10-lesson-053-utility.jpg","inventory-only","","","inventory-only","53","OPTIONAL / EXTEND",""
"stage10-lesson-054-concept","Why applications need an operating system","assets/diagrams/stage10-infographics/stage10-lesson-054-concept.jpg","inventory-only","","","inventory-only","54","OPTIONAL / EXTEND",""
"stage10-lesson-054-device","Why drivers, buffers and queues work together","assets/diagrams/stage10-infographics/stage10-lesson-054-device.jpg","assigned","S3.04","015","whole-course-active","54","OPTIONAL / EXTEND","Shows a buffer absorbing the rate difference between a producer and a device."
"stage10-lesson-054-file","Why files need metadata and access rules","assets/diagrams/stage10-infographics/stage10-lesson-054-file.jpg","inventory-only","","","inventory-only","54","OPTIONAL / EXTEND",""
"stage10-lesson-054-memory","Why memory needs allocation and protection","assets/diagrams/stage10-infographics/stage10-lesson-054-memory.jpg","inventory-only","","","inventory-only","54","OPTIONAL / EXTEND",""
"stage10-lesson-054-process","How time-slicing creates apparent simultaneity","assets/diagrams/stage10-infographics/stage10-lesson-054-process.jpg","inventory-only","","","inventory-only","54","OPTIONAL / EXTEND",""
"stage10-lesson-054-services","How OS services form one control layer","assets/diagrams/stage10-infographics/stage10-lesson-054-services.jpg","review-only","","","inventory-only","54","OPTIONAL / EXTEND",""
"stage10-lesson-055-cli","Command line interface: precise text commands","assets/diagrams/stage10-infographics/stage10-lesson-055-cli.jpg","inventory-only","","","inventory-only","55","OPTIONAL / EXTEND",""
"stage10-lesson-055-compare","Compare interface suitability by scenario","assets/diagrams/stage10-infographics/stage10-lesson-055-compare.jpg","inventory-only","","","inventory-only","55","OPTIONAL / EXTEND",""
"stage10-lesson-055-concept","A user interface allows interaction with a computer system","assets/diagrams/stage10-infographics/stage10-lesson-055-concept.jpg","inventory-only","","","inventory-only","55","OPTIONAL / EXTEND",""
"stage10-lesson-055-gui","Graphical user interface: visual objects and pointer actions","assets/diagrams/stage10-infographics/stage10-lesson-055-gui.jpg","inventory-only","","","inventory-only","55","OPTIONAL / EXTEND",""
"stage10-lesson-055-menu","Menu-driven interface: choose from fixed options","assets/diagrams/stage10-infographics/stage10-lesson-055-menu.jpg","inventory-only","","","inventory-only","55","OPTIONAL / EXTEND",""
"stage10-lesson-055-natural","Natural language interface: ordinary language input","assets/diagrams/stage10-infographics/stage10-lesson-055-natural.jpg","inventory-only","","","inventory-only","55","OPTIONAL / EXTEND",""
"stage10-lesson-056-antivirus","Antivirus utilities detect, quarantine and remove malware","assets/diagrams/stage10-infographics/stage10-lesson-056-antivirus.jpg","inventory-only","","","inventory-only","56","OPTIONAL / EXTEND",""
"stage10-lesson-056-backup","Backup utilities create copies so data can be restored","assets/diagrams/stage10-infographics/stage10-lesson-056-backup.jpg","inventory-only","","","inventory-only","56","OPTIONAL / EXTEND",""
"stage10-lesson-056-compare","Choose the required utility by its operation","assets/diagrams/stage10-infographics/stage10-lesson-056-compare.jpg","assigned","S5.02","027","whole-course-active","54","CORE / TEACH","Reviewed syllabus visualEvidence contract"
"stage10-lesson-056-compression","Compression utilities reduce file size","assets/diagrams/stage10-infographics/stage10-lesson-056-compression.jpg","inventory-only","","","inventory-only","56","OPTIONAL / EXTEND",""
"stage10-lesson-056-concept","Utility software performs maintenance and support tasks","assets/diagrams/stage10-infographics/stage10-lesson-056-concept.jpg","inventory-only","","","inventory-only","56","OPTIONAL / EXTEND",""
"stage10-lesson-056-defrag","Defragmentation rearranges fragmented files on magnetic disks","assets/diagrams/stage10-infographics/stage10-lesson-056-defrag.jpg","inventory-only","","","inventory-only","56","OPTIONAL / EXTEND",""
"stage10-lesson-056-encryption","Encryption utilities protect confidentiality","assets/diagrams/stage10-infographics/stage10-lesson-056-encryption.jpg","inventory-only","","","inventory-only","56","OPTIONAL / EXTEND",""
"stage10-lesson-057-assembler","An assembler translates assembly language into machine code","assets/diagrams/stage10-infographics/stage10-lesson-057-assembler.jpg","assigned","S5.04","028","whole-course-active","57","OPTIONAL / EXTEND","Reviewed syllabus visualEvidence contract"
"stage10-lesson-057-compare","Comparison: same goal, different route","assets/diagrams/stage10-infographics/stage10-lesson-057-compare.jpg","inventory-only","","","inventory-only","57","OPTIONAL / EXTEND",""
"stage10-lesson-057-compiler","A compiler translates the whole high-level program before execution","assets/diagrams/stage10-infographics/stage10-lesson-057-compiler.jpg","assigned","S5.05","029","whole-course-active","57","OPTIONAL / EXTEND","Reviewed syllabus visualEvidence contract"
"stage10-lesson-057-concept","Translator software converts program code into another form","assets/diagrams/stage10-infographics/stage10-lesson-057-concept.jpg","inventory-only","","","inventory-only","57","OPTIONAL / EXTEND",""
"stage10-lesson-057-interpreter","An interpreter translates and executes statements as the program runs","assets/diagrams/stage10-infographics/stage10-lesson-057-interpreter.jpg","inventory-only","","","inventory-only","57","OPTIONAL / EXTEND",""
"stage10-lesson-058-generation","Code generation produces object code","assets/diagrams/stage10-infographics/stage10-lesson-058-generation.jpg","inventory-only","","","inventory-only","58","OPTIONAL / EXTEND",""
"stage10-lesson-058-lexical","Lexical analysis converts character streams into tokens","assets/diagrams/stage10-infographics/stage10-lesson-058-lexical.jpg","inventory-only","","","inventory-only","58","OPTIONAL / EXTEND",""
"stage10-lesson-058-optimisation","Optimisation improves code without changing what it does","assets/diagrams/stage10-infographics/stage10-lesson-058-optimisation.jpg","inventory-only","","","inventory-only","58","OPTIONAL / EXTEND",""
"stage10-lesson-058-pipeline","The compilation pipeline transforms source code into object code","assets/diagrams/stage10-infographics/stage10-lesson-058-pipeline.jpg","inventory-only","","","inventory-only","58","OPTIONAL / EXTEND",""
"stage10-lesson-058-semantic","Semantic analysis checks meaning and context","assets/diagrams/stage10-infographics/stage10-lesson-058-semantic.jpg","inventory-only","","","inventory-only","58","OPTIONAL / EXTEND",""
"stage10-lesson-058-syntax","Syntax analysis checks grammar and program structure","assets/diagrams/stage10-infographics/stage10-lesson-058-syntax.jpg","inventory-only","","","inventory-only","58","OPTIONAL / EXTEND",""
"stage10-lesson-059-compare","Compare the roles without blending them","assets/diagrams/stage10-infographics/stage10-lesson-059-compare.jpg","inventory-only","","","inventory-only","59","OPTIONAL / EXTEND",""
"stage10-lesson-059-concept","The post-compilation pathway connects code and prepares execution","assets/diagrams/stage10-infographics/stage10-lesson-059-concept.jpg","inventory-only","","","inventory-only","59","OPTIONAL / EXTEND",""
"stage10-lesson-059-libraries","Libraries provide reusable routines and modules","assets/diagrams/stage10-infographics/stage10-lesson-059-libraries.jpg","assigned","S5.03","027","whole-course-active","55","CORE / TEACH","Reviewed syllabus visualEvidence contract"
"stage10-lesson-059-linkers","Linkers combine object modules and resolve references","assets/diagrams/stage10-infographics/stage10-lesson-059-linkers.jpg","inventory-only","","","inventory-only","59","OPTIONAL / EXTEND",""
"stage10-lesson-059-loaders","Loaders place executable code into memory","assets/diagrams/stage10-infographics/stage10-lesson-059-loaders.jpg","inventory-only","","","inventory-only","59","OPTIONAL / EXTEND",""
"stage10-lesson-059-static-dynamic","Static and dynamic linking affect when library code is connected","assets/diagrams/stage10-infographics/stage10-lesson-059-static-dynamic.jpg","inventory-only","","","inventory-only","59","OPTIONAL / EXTEND",""
"stage10-lesson-060-compare","Compare error types by evidence","assets/diagrams/stage10-infographics/stage10-lesson-060-compare.jpg","inventory-only","","","inventory-only","60","OPTIONAL / EXTEND",""
"stage10-lesson-060-concept","Error classification depends on when and how the fault appears","assets/diagrams/stage10-infographics/stage10-lesson-060-concept.jpg","inventory-only","","","inventory-only","60","OPTIONAL / EXTEND",""
"stage10-lesson-060-diagnostics","Translation diagnostics help locate and correct errors","assets/diagrams/stage10-infographics/stage10-lesson-060-diagnostics.jpg","inventory-only","","","inventory-only","60","OPTIONAL / EXTEND",""
"stage10-lesson-060-logic","Logic errors make the program do the wrong thing","assets/diagrams/stage10-infographics/stage10-lesson-060-logic.jpg","assigned","S12.04","084","whole-course-active","145","CORE / TEACH","Reviewed syllabus visualEvidence contract"
"stage10-lesson-060-runtime","Runtime errors occur while the program is executing","assets/diagrams/stage10-infographics/stage10-lesson-060-runtime.jpg","inventory-only","","","inventory-only","60","OPTIONAL / EXTEND",""
"stage10-lesson-060-syntax","Syntax errors break the grammar rules of the language","assets/diagrams/stage10-infographics/stage10-lesson-060-syntax.jpg","inventory-only","","","inventory-only","60","OPTIONAL / EXTEND",""
"stage10-lesson-061-decision","A good translator choice starts with four questions","assets/diagrams/stage10-infographics/stage10-lesson-061-decision.jpg","inventory-only","","","inventory-only","61","OPTIONAL / EXTEND",""
"stage10-lesson-061-deployment","For deployment, a compiler often produces a distributable executable","assets/diagrams/stage10-infographics/stage10-lesson-061-deployment.jpg","inventory-only","","","inventory-only","61","OPTIONAL / EXTEND",""
"stage10-lesson-061-development","During development, an interpreter can support rapid testing","assets/diagrams/stage10-infographics/stage10-lesson-061-development.jpg","inventory-only","","","inventory-only","61","OPTIONAL / EXTEND",""
"stage10-lesson-061-diagnostics","Error feedback affects the best choice during development","assets/diagrams/stage10-infographics/stage10-lesson-061-diagnostics.jpg","inventory-only","","","inventory-only","61","OPTIONAL / EXTEND",""
"stage10-lesson-061-lowlevel","For assembly language, use an assembler","assets/diagrams/stage10-infographics/stage10-lesson-061-lowlevel.jpg","inventory-only","","","inventory-only","61","OPTIONAL / EXTEND",""
"stage10-lesson-061-pipeline","After translation, linking and loading may still be needed","assets/diagrams/stage10-infographics/stage10-lesson-061-pipeline.jpg","inventory-only","","","inventory-only","61","OPTIONAL / EXTEND",""
"stage10-lesson-062-compare","Similar terms that the exam likes to separate","assets/diagrams/stage10-infographics/stage10-lesson-062-compare.jpg","review-only","","","inventory-only","62","OPTIONAL / EXTEND",""
"stage10-lesson-062-precision","Turn a weak answer into marks","assets/diagrams/stage10-infographics/stage10-lesson-062-precision.jpg","review-only","","","inventory-only","62","OPTIONAL / EXTEND",""
"stage10-lesson-062-retrieval","Section 5 in one screen","assets/diagrams/stage10-infographics/stage10-lesson-062-retrieval.jpg","review-only","","","inventory-only","62","OPTIONAL / EXTEND",""
"stage10-lesson-063-authenticity","Authenticity checks that identity or data origin is genuine","assets/diagrams/stage10-infographics/stage10-lesson-063-authenticity.jpg","inventory-only","","","inventory-only","63","OPTIONAL / EXTEND",""
"stage10-lesson-063-availability","Availability keeps systems and data accessible when needed","assets/diagrams/stage10-infographics/stage10-lesson-063-availability.jpg","inventory-only","","","inventory-only","63","OPTIONAL / EXTEND",""
"stage10-lesson-063-confidentiality","Confidentiality protects data from unauthorised access","assets/diagrams/stage10-infographics/stage10-lesson-063-confidentiality.jpg","inventory-only","","","inventory-only","63","OPTIONAL / EXTEND",""
"stage10-lesson-063-controls","One control can support more than one goal, but not every goal","assets/diagrams/stage10-infographics/stage10-lesson-063-controls.jpg","assigned","S6.06","033","whole-course-active","67","CORE / TEACH","Reviewed syllabus visualEvidence contract"
"stage10-lesson-063-integrity","Integrity protects data from unauthorised or accidental alteration","assets/diagrams/stage10-infographics/stage10-lesson-063-integrity.jpg","assigned","S6.01","031","whole-course-active","63","OPTIONAL / EXTEND","Reviewed syllabus visualEvidence contract"
"stage10-lesson-063-risk-chain","Use the risk chain before naming a control","assets/diagrams/stage10-infographics/stage10-lesson-063-risk-chain.jpg","assigned","S6.02","031","whole-course-active","63","OPTIONAL / EXTEND","Connects assets, threats, vulnerabilities and controls to explain why security is needed."
"stage10-lesson-064-concept","Malware is malicious software; social engineering manipulates people","assets/diagrams/stage10-infographics/stage10-lesson-064-concept.jpg","inventory-only","","","inventory-only","64","OPTIONAL / EXTEND",""
"stage10-lesson-064-controls","Match controls to mechanism, not just the word ""malware""","assets/diagrams/stage10-infographics/stage10-lesson-064-controls.jpg","inventory-only","","","inventory-only","64","OPTIONAL / EXTEND",""
"stage10-lesson-064-ransomware","Ransomware denies access by encrypting or locking data","assets/diagrams/stage10-infographics/stage10-lesson-064-ransomware.jpg","inventory-only","","","inventory-only","64","OPTIONAL / EXTEND",""
"stage10-lesson-064-social","Social engineering exploits people rather than code","assets/diagrams/stage10-infographics/stage10-lesson-064-social.jpg","inventory-only","","","inventory-only","64","OPTIONAL / EXTEND",""
"stage10-lesson-064-spyware","Spyware secretly monitors activity or collects data","assets/diagrams/stage10-infographics/stage10-lesson-064-spyware.jpg","assigned","S6.04","032","whole-course-active","64","OPTIONAL / EXTEND","Reviewed syllabus visualEvidence contract"
"stage10-lesson-064-trojan","Trojan: malicious code disguised as legitimate software","assets/diagrams/stage10-infographics/stage10-lesson-064-trojan.jpg","inventory-only","","","inventory-only","64","OPTIONAL / EXTEND",""
"stage10-lesson-064-virus","Virus and worm: both can spread, but not in the same way","assets/diagrams/stage10-infographics/stage10-lesson-064-virus.jpg","inventory-only","","","inventory-only","64","OPTIONAL / EXTEND",""
"stage10-lesson-065-compare","Compare by route and result","assets/diagrams/stage10-infographics/stage10-lesson-065-compare.jpg","inventory-only","","","inventory-only","65","OPTIONAL / EXTEND",""
"stage10-lesson-065-controls","Controls must fit the attack route","assets/diagrams/stage10-infographics/stage10-lesson-065-controls.jpg","inventory-only","","","inventory-only","65","OPTIONAL / EXTEND",""
"stage10-lesson-065-core","Start from mechanism, then discuss impact","assets/diagrams/stage10-infographics/stage10-lesson-065-core.jpg","inventory-only","","","inventory-only","65","OPTIONAL / EXTEND",""
"stage10-lesson-065-dos","Denial-of-service: making a service unavailable","assets/diagrams/stage10-infographics/stage10-lesson-065-dos.jpg","inventory-only","","","inventory-only","65","OPTIONAL / EXTEND",""
"stage10-lesson-065-hacking","Hacking: gaining unauthorised access to a system or data","assets/diagrams/stage10-infographics/stage10-lesson-065-hacking.jpg","inventory-only","","","inventory-only","65","OPTIONAL / EXTEND",""
"stage10-lesson-065-pharming","Pharming: redirecting users to a fake website","assets/diagrams/stage10-infographics/stage10-lesson-065-pharming.jpg","inventory-only","","","inventory-only","65","OPTIONAL / EXTEND",""
"stage10-lesson-065-phishing","Phishing: tricking users into revealing information or visiting a fake page","assets/diagrams/stage10-infographics/stage10-lesson-065-phishing.jpg","inventory-only","","","inventory-only","65","OPTIONAL / EXTEND",""
"stage10-lesson-066-biometrics","Biometrics: convenient identity evidence from physical or behavioural features","assets/diagrams/stage10-infographics/stage10-lesson-066-biometrics.jpg","assigned","S6.03","033","whole-course-active","66","OPTIONAL / EXTEND","Reviewed syllabus visualEvidence contract"
"stage10-lesson-066-compare","Compare methods by evidence, risk and context","assets/diagrams/stage10-infographics/stage10-lesson-066-compare.jpg","inventory-only","","","inventory-only","66","OPTIONAL / EXTEND",""
"stage10-lesson-066-core","Authentication is identity checking","assets/diagrams/stage10-infographics/stage10-lesson-066-core.jpg","inventory-only","","","inventory-only","66","OPTIONAL / EXTEND",""
"stage10-lesson-066-factors","Authentication factors: know, have, are","assets/diagrams/stage10-infographics/stage10-lesson-066-factors.jpg","inventory-only","","","inventory-only","66","OPTIONAL / EXTEND",""
"stage10-lesson-066-mfa","MFA combines different factor types","assets/diagrams/stage10-infographics/stage10-lesson-066-mfa.jpg","inventory-only","","","inventory-only","66","OPTIONAL / EXTEND",""
"stage10-lesson-066-password-tool","Estimate password quality without collecting real passwords","assets/diagrams/stage10-infographics/stage10-lesson-066-password-tool.jpg","inventory-only","","","inventory-only","66","OPTIONAL / EXTEND",""
"stage10-lesson-066-passwords","Passwords: cheap, familiar and often ruined by humans","assets/diagrams/stage10-infographics/stage10-lesson-066-passwords.jpg","inventory-only","","","inventory-only","66","OPTIONAL / EXTEND",""
"stage10-lesson-066-tokens","Tokens: proof that the user has a specific device or object","assets/diagrams/stage10-infographics/stage10-lesson-066-tokens.jpg","inventory-only","","","inventory-only","66","OPTIONAL / EXTEND",""
"stage10-lesson-067-core","Access control decides what authenticated users may do","assets/diagrams/stage10-infographics/stage10-lesson-067-core.jpg","assigned","S6.05","032","whole-course-active","67","OPTIONAL / EXTEND","Reviewed syllabus visualEvidence contract"
"stage10-lesson-067-least","Least privilege reduces unnecessary damage","assets/diagrams/stage10-infographics/stage10-lesson-067-least.jpg","inventory-only","","","inventory-only","67","OPTIONAL / EXTEND",""
"stage10-lesson-067-matrix","A permission matrix makes access decisions visible","assets/diagrams/stage10-infographics/stage10-lesson-067-matrix.jpg","inventory-only","","","inventory-only","67","OPTIONAL / EXTEND",""
"stage10-lesson-067-review","Permissions need review, not just setup day optimism","assets/diagrams/stage10-infographics/stage10-lesson-067-review.jpg","inventory-only","","","inventory-only","67","OPTIONAL / EXTEND",""
"stage10-lesson-067-rights","Common permission types","assets/diagrams/stage10-infographics/stage10-lesson-067-rights.jpg","inventory-only","","","inventory-only","67","OPTIONAL / EXTEND",""
"stage10-lesson-067-users","Users, groups and roles keep permissions manageable","assets/diagrams/stage10-infographics/stage10-lesson-067-users.jpg","inventory-only","","","inventory-only","67","OPTIONAL / EXTEND",""
"stage10-lesson-068-certificates","How a certificate supports trust","assets/diagrams/stage10-infographics/stage10-lesson-068-certificates.jpg","inventory-only","","","inventory-only","68","OPTIONAL / EXTEND",""
"stage10-lesson-068-compare","How the required property chooses the method","assets/diagrams/stage10-infographics/stage10-lesson-068-compare.jpg","inventory-only","","","inventory-only","68","OPTIONAL / EXTEND",""
"stage10-lesson-068-core","Why security methods cannot substitute","assets/diagrams/stage10-infographics/stage10-lesson-068-core.jpg","inventory-only","","","inventory-only","68","OPTIONAL / EXTEND",""
"stage10-lesson-068-encryption","How encryption protects confidentiality","assets/diagrams/stage10-infographics/stage10-lesson-068-encryption.jpg","inventory-only","","","inventory-only","68","OPTIONAL / EXTEND",""
"stage10-lesson-068-hashing","Why a hash supports comparison","assets/diagrams/stage10-infographics/stage10-lesson-068-hashing.jpg","inventory-only","","","inventory-only","68","OPTIONAL / EXTEND",""
"stage10-lesson-068-https","How HTTPS combines trust and privacy","assets/diagrams/stage10-infographics/stage10-lesson-068-https.jpg","inventory-only","","","inventory-only","68","OPTIONAL / EXTEND",""
"stage10-lesson-068-keys","Why key ownership changes capability","assets/diagrams/stage10-infographics/stage10-lesson-068-keys.jpg","inventory-only","","","inventory-only","68","OPTIONAL / EXTEND",""
"stage10-lesson-069-core","Network controls sit between traffic and risk","assets/diagrams/stage10-infographics/stage10-lesson-069-core.jpg","inventory-only","","","inventory-only","69","OPTIONAL / EXTEND",""
"stage10-lesson-069-event-tool","Which control is most relevant?","assets/diagrams/stage10-infographics/stage10-lesson-069-event-tool.jpg","inventory-only","","","inventory-only","69","OPTIONAL / EXTEND",""
"stage10-lesson-069-firewall","Firewalls filter traffic using rules","assets/diagrams/stage10-infographics/stage10-lesson-069-firewall.jpg","inventory-only","","","inventory-only","69","OPTIONAL / EXTEND",""
"stage10-lesson-069-limits","Controls reduce risk but have limits","assets/diagrams/stage10-infographics/stage10-lesson-069-limits.jpg","inventory-only","","","inventory-only","69","OPTIONAL / EXTEND",""
"stage10-lesson-069-monitoring","Network monitoring watches for patterns and evidence","assets/diagrams/stage10-infographics/stage10-lesson-069-monitoring.jpg","inventory-only","","","inventory-only","69","OPTIONAL / EXTEND",""
"stage10-lesson-069-proxy","A proxy acts as an intermediary","assets/diagrams/stage10-infographics/stage10-lesson-069-proxy.jpg","inventory-only","","","inventory-only","69","OPTIONAL / EXTEND",""
"stage10-lesson-069-rules","Firewall rules should be specific and ordered","assets/diagrams/stage10-infographics/stage10-lesson-069-rules.jpg","inventory-only","","","inventory-only","69","OPTIONAL / EXTEND",""
"stage10-lesson-070-checks","Common validation checks","assets/diagrams/stage10-infographics/stage10-lesson-070-checks.jpg","assigned","S6.07","034","whole-course-active","70","CORE / TEACH","Reviewed syllabus visualEvidence contract"
"stage10-lesson-070-compare","Validation and verification are partners, not synonyms","assets/diagrams/stage10-infographics/stage10-lesson-070-compare.jpg","inventory-only","","","inventory-only","70","OPTIONAL / EXTEND",""
"stage10-lesson-070-core","Validation and verification protect data quality in different ways","assets/diagrams/stage10-infographics/stage10-lesson-070-core.jpg","inventory-only","","","inventory-only","70","OPTIONAL / EXTEND",""
"stage10-lesson-070-limits","Neither method guarantees truth","assets/diagrams/stage10-infographics/stage10-lesson-070-limits.jpg","inventory-only","","","inventory-only","70","OPTIONAL / EXTEND",""
"stage10-lesson-070-validation","Validation checks whether data obeys a rule","assets/diagrams/stage10-infographics/stage10-lesson-070-validation.jpg","inventory-only","","","inventory-only","70","OPTIONAL / EXTEND",""
"stage10-lesson-070-verification","Verification checks accuracy against the source","assets/diagrams/stage10-infographics/stage10-lesson-070-verification.jpg","assigned","S6.08","034","whole-course-active","70","CORE / TEACH","Reviewed syllabus visualEvidence contract"
"stage10-lesson-070-verify-tool","Which verification method fits?","assets/diagrams/stage10-infographics/stage10-lesson-070-verify-tool.jpg","inventory-only","","","inventory-only","70","OPTIONAL / EXTEND",""
"stage10-lesson-071-audit-trails","Audit trails support accountability and investigation","assets/diagrams/stage10-infographics/stage10-lesson-071-audit-trails.jpg","inventory-only","","","inventory-only","71","OPTIONAL / EXTEND",""
"stage10-lesson-071-backups","Backup type affects speed, storage and recovery complexity","assets/diagrams/stage10-infographics/stage10-lesson-071-backups.jpg","inventory-only","","","inventory-only","71","OPTIONAL / EXTEND",""
"stage10-lesson-071-compare","Compare by purpose, not by ""security word""","assets/diagrams/stage10-infographics/stage10-lesson-071-compare.jpg","inventory-only","","","inventory-only","71","OPTIONAL / EXTEND",""
"stage10-lesson-071-core","Recovery planning is about availability, integrity and accountability","assets/diagrams/stage10-infographics/stage10-lesson-071-core.jpg","inventory-only","","","inventory-only","71","OPTIONAL / EXTEND",""
"stage10-lesson-071-recovery","Disaster recovery is more than data copying","assets/diagrams/stage10-infographics/stage10-lesson-071-recovery.jpg","inventory-only","","","inventory-only","71","OPTIONAL / EXTEND",""
"stage10-lesson-071-rpo-tool","Match backup frequency to acceptable data loss","assets/diagrams/stage10-infographics/stage10-lesson-071-rpo-tool.jpg","inventory-only","","","inventory-only","71","OPTIONAL / EXTEND",""
"stage10-lesson-071-strategy","A strategy defines location, frequency, retention and security","assets/diagrams/stage10-infographics/stage10-lesson-071-strategy.jpg","inventory-only","","","inventory-only","71","OPTIONAL / EXTEND",""
"stage10-lesson-072-compare","Similar-looking controls: choose by mechanism","assets/diagrams/stage10-infographics/stage10-lesson-072-compare.jpg","review-only","","","inventory-only","72","OPTIONAL / EXTEND",""
"stage10-lesson-072-controls","Controls have different jobs","assets/diagrams/stage10-infographics/stage10-lesson-072-controls.jpg","review-only","","","inventory-only","72","OPTIONAL / EXTEND",""
"stage10-lesson-072-diagnostic","Identify the risk family first","assets/diagrams/stage10-infographics/stage10-lesson-072-diagnostic.jpg","review-only","","","inventory-only","72","OPTIONAL / EXTEND",""
"stage10-lesson-072-matcher","Select the best control for the scenario","assets/diagrams/stage10-infographics/stage10-lesson-072-matcher.jpg","review-only","","","inventory-only","72","OPTIONAL / EXTEND",""
"stage10-lesson-072-method","Use the four-part answer chain","assets/diagrams/stage10-infographics/stage10-lesson-072-method.jpg","review-only","","","inventory-only","72","OPTIONAL / EXTEND",""
"stage10-lesson-072-review-map","Section 6 review map: risk families and likely controls","assets/diagrams/stage10-infographics/stage10-lesson-072-review-map.jpg","review-only","","","inventory-only","72","OPTIONAL / EXTEND",""
"stage10-lesson-073-ethics","Ethics is about responsible decision-making","assets/diagrams/stage10-infographics/stage10-lesson-073-ethics.jpg","assigned","S7.01;S7.02","035","whole-course-active","73","OPTIONAL / EXTEND","The visual explains ethical decision-making rather than professional-body membership.;Reviewed syllabus visualEvidence contract"
"stage10-lesson-073-mapper","Map a decision to stakeholders, benefits and concerns","assets/diagrams/stage10-infographics/stage10-lesson-073-mapper.jpg","inventory-only","","","inventory-only","73","OPTIONAL / EXTEND",""
"stage10-lesson-073-method","Use a balanced evaluation structure","assets/diagrams/stage10-infographics/stage10-lesson-073-method.jpg","inventory-only","","","inventory-only","73","OPTIONAL / EXTEND",""
"stage10-lesson-073-stakeholders","Ethical answers start with stakeholders","assets/diagrams/stage10-infographics/stage10-lesson-073-stakeholders.jpg","assigned","S7.03","036","whole-course-active","73","CORE / TEACH","Reviewed syllabus visualEvidence contract"
"stage10-lesson-073-tradeoffs","Most ethical issues are trade-offs, not slogans","assets/diagrams/stage10-infographics/stage10-lesson-073-tradeoffs.jpg","inventory-only","","","inventory-only","73","OPTIONAL / EXTEND",""
"stage10-lesson-074-checklist","Choose a weak policy and see what is missing","assets/diagrams/stage10-infographics/stage10-lesson-074-checklist.jpg","inventory-only","","","inventory-only","74","OPTIONAL / EXTEND",""
"stage10-lesson-074-method","Use a privacy impact answer structure","assets/diagrams/stage10-infographics/stage10-lesson-074-method.jpg","inventory-only","","","inventory-only","74","OPTIONAL / EXTEND",""
"stage10-lesson-074-principles","Good answers link a principle to a concrete risk","assets/diagrams/stage10-infographics/stage10-lesson-074-principles.jpg","inventory-only","","","inventory-only","74","OPTIONAL / EXTEND",""
"stage10-lesson-074-privacy","Privacy is control over personal information","assets/diagrams/stage10-infographics/stage10-lesson-074-privacy.jpg","inventory-only","","","inventory-only","74","OPTIONAL / EXTEND",""
"stage10-lesson-074-protection","Data protection reduces misuse and unnecessary exposure","assets/diagrams/stage10-infographics/stage10-lesson-074-protection.jpg","inventory-only","","","inventory-only","74","OPTIONAL / EXTEND",""
"stage10-lesson-074-scanner","Find the privacy risk in a data collection scenario","assets/diagrams/stage10-infographics/stage10-lesson-074-scanner.jpg","inventory-only","","","inventory-only","74","OPTIONAL / EXTEND",""
"stage10-lesson-074-surveillance","Surveillance can protect people, but it changes behaviour and trust","assets/diagrams/stage10-infographics/stage10-lesson-074-surveillance.jpg","inventory-only","","","inventory-only","74","OPTIONAL / EXTEND",""
"stage10-lesson-075-compare","Do not confuse protection type with permission type","assets/diagrams/stage10-infographics/stage10-lesson-075-compare.jpg","inventory-only","","","inventory-only","75","OPTIONAL / EXTEND",""
"stage10-lesson-075-copyright","Copyright protects expression, including software code","assets/diagrams/stage10-infographics/stage10-lesson-075-copyright.jpg","assigned","S7.04","037","whole-course-active","75","OPTIONAL / EXTEND","Reviewed syllabus visualEvidence contract"
"stage10-lesson-075-ip","What intellectual property can protect","assets/diagrams/stage10-infographics/stage10-lesson-075-ip.jpg","inventory-only","","","inventory-only","75","OPTIONAL / EXTEND",""
"stage10-lesson-075-licensing","A licence grants permission under conditions","assets/diagrams/stage10-infographics/stage10-lesson-075-licensing.jpg","assigned","S7.05","037","whole-course-active","75","CORE / TEACH","Reviewed syllabus visualEvidence contract"
"stage10-lesson-075-matcher","Choose the likely permission issue","assets/diagrams/stage10-infographics/stage10-lesson-075-matcher.jpg","inventory-only","","","inventory-only","75","OPTIONAL / EXTEND",""
"stage10-lesson-075-patents","Patents protect inventions, not every line of code","assets/diagrams/stage10-infographics/stage10-lesson-075-patents.jpg","inventory-only","","","inventory-only","75","OPTIONAL / EXTEND",""
"stage10-lesson-076-advisor","Match the software type to the scenario","assets/diagrams/stage10-infographics/stage10-lesson-076-advisor.jpg","inventory-only","","","inventory-only","76","OPTIONAL / EXTEND",""
"stage10-lesson-076-method","Use a scenario-based comparison structure","assets/diagrams/stage10-infographics/stage10-lesson-076-method.jpg","inventory-only","","","inventory-only","76","OPTIONAL / EXTEND",""
"stage10-lesson-076-open-source","Open-source software makes source code available under a licence","assets/diagrams/stage10-infographics/stage10-lesson-076-open-source.jpg","inventory-only","","","inventory-only","76","OPTIONAL / EXTEND",""
"stage10-lesson-076-ownership","Ownership and licence obligations still matter","assets/diagrams/stage10-infographics/stage10-lesson-076-ownership.jpg","inventory-only","","","inventory-only","76","OPTIONAL / EXTEND",""
"stage10-lesson-076-proprietary","Proprietary software keeps control with the owner","assets/diagrams/stage10-infographics/stage10-lesson-076-proprietary.jpg","inventory-only","","","inventory-only","76","OPTIONAL / EXTEND",""
"stage10-lesson-076-tradeoffs","Compare by factor, not by favourite label","assets/diagrams/stage10-infographics/stage10-lesson-076-tradeoffs.jpg","inventory-only","","","inventory-only","76","OPTIONAL / EXTEND",""
"stage10-lesson-077-analyser","Classify the impact and choose a mitigation","assets/diagrams/stage10-infographics/stage10-lesson-077-analyser.jpg","inventory-only","","","inventory-only","77","OPTIONAL / EXTEND",""
"stage10-lesson-077-digital-divide","The digital divide is about access, skills and inclusion","assets/diagrams/stage10-infographics/stage10-lesson-077-digital-divide.jpg","inventory-only","","","inventory-only","77","OPTIONAL / EXTEND",""
"stage10-lesson-077-environment","Environmental impacts include energy use and resource consumption","assets/diagrams/stage10-infographics/stage10-lesson-077-environment.jpg","assigned","S7.06","038","whole-course-active","77","CORE / TEACH","Reviewed syllabus visualEvidence contract"
"stage10-lesson-077-ewaste","E-waste is an ethical issue, not just a rubbish-bin issue","assets/diagrams/stage10-infographics/stage10-lesson-077-ewaste.jpg","inventory-only","","","inventory-only","77","OPTIONAL / EXTEND",""
"stage10-lesson-077-method","Use a balanced impact structure","assets/diagrams/stage10-infographics/stage10-lesson-077-method.jpg","inventory-only","","","inventory-only","77","OPTIONAL / EXTEND",""
"stage10-lesson-077-social","Social impacts affect work, communication and daily life","assets/diagrams/stage10-infographics/stage10-lesson-077-social.jpg","inventory-only","","","inventory-only","77","OPTIONAL / EXTEND",""
"stage10-lesson-078-compare","Common contrasts that stop vague answers","assets/diagrams/stage10-infographics/stage10-lesson-078-compare.jpg","review-only","","","inventory-only","78","OPTIONAL / EXTEND",""
"stage10-lesson-078-map","Section 7 topic map","assets/diagrams/stage10-infographics/stage10-lesson-078-map.jpg","review-only","","","inventory-only","78","OPTIONAL / EXTEND",""
"stage10-lesson-078-marking","What Cambridge-style marking usually rewards","assets/diagrams/stage10-infographics/stage10-lesson-078-marking.jpg","review-only","","","inventory-only","78","OPTIONAL / EXTEND",""
"stage10-lesson-078-structure","The five-part evaluation answer","assets/diagrams/stage10-infographics/stage10-lesson-078-structure.jpg","review-only","","","inventory-only","78","OPTIONAL / EXTEND",""
"stage10-lesson-079-data-info","Data vs information","assets/diagrams/stage10-infographics/stage10-lesson-079-data-info.jpg","inventory-only","","","inventory-only","79","OPTIONAL / EXTEND",""
"stage10-lesson-079-database","What is a database?","assets/diagrams/stage10-infographics/stage10-lesson-079-database.jpg","inventory-only","","","inventory-only","79","OPTIONAL / EXTEND",""
"stage10-lesson-079-dbms","What does a DBMS provide?","assets/diagrams/stage10-infographics/stage10-lesson-079-dbms.jpg","assigned","S8.05;S8.06","041","whole-course-active","81","CORE / TEACH","The visual's primary purpose is the complete DBMS feature set.;Reviewed syllabus visualEvidence contract"
"stage10-lesson-079-scenario","Which DBMS feature solves the problem?","assets/diagrams/stage10-infographics/stage10-lesson-079-scenario.jpg","inventory-only","","","inventory-only","79","OPTIONAL / EXTEND",""
"stage10-lesson-079-sorter","Is it data, information, database, or DBMS?","assets/diagrams/stage10-infographics/stage10-lesson-079-sorter.jpg","inventory-only","","","inventory-only","79","OPTIONAL / EXTEND",""
"stage10-lesson-079-terms","Core relational words for this lesson","assets/diagrams/stage10-infographics/stage10-lesson-079-terms.jpg","inventory-only","","","inventory-only","79","OPTIONAL / EXTEND",""
"stage10-lesson-080-anomalies","Why repeated data causes anomalies","assets/diagrams/stage10-infographics/stage10-lesson-080-anomalies.jpg","inventory-only","","","inventory-only","80","OPTIONAL / EXTEND",""
"stage10-lesson-080-compare","Flat-file vs relational comparison","assets/diagrams/stage10-infographics/stage10-lesson-080-compare.jpg","assigned","S8.01","039","whole-course-active","79","CORE / TEACH","Reviewed syllabus visualEvidence contract"
"stage10-lesson-080-flat","Flat-file database","assets/diagrams/stage10-infographics/stage10-lesson-080-flat.jpg","inventory-only","","","inventory-only","80","OPTIONAL / EXTEND",""
"stage10-lesson-080-relational","Relational database","assets/diagrams/stage10-infographics/stage10-lesson-080-relational.jpg","inventory-only","","","inventory-only","80","OPTIONAL / EXTEND",""
"stage10-lesson-081-checkpoint","Section 8 basics so far","assets/diagrams/stage10-infographics/stage10-lesson-081-checkpoint.jpg","inventory-only","","","inventory-only","81","OPTIONAL / EXTEND",""
"stage10-lesson-081-constraint-tool","Which rule rejects the bad value?","assets/diagrams/stage10-infographics/stage10-lesson-081-constraint-tool.jpg","inventory-only","","","inventory-only","81","OPTIONAL / EXTEND",""
"stage10-lesson-081-constraints","Constraints and validation rules","assets/diagrams/stage10-infographics/stage10-lesson-081-constraints.jpg","inventory-only","","","inventory-only","81","OPTIONAL / EXTEND",""
"stage10-lesson-081-fields","Designing fields properly","assets/diagrams/stage10-infographics/stage10-lesson-081-fields.jpg","inventory-only","","","inventory-only","81","OPTIONAL / EXTEND",""
"stage10-lesson-081-terms","Tables, records and fields","assets/diagrams/stage10-infographics/stage10-lesson-081-terms.jpg","inventory-only","","","inventory-only","81","OPTIONAL / EXTEND",""
"stage10-lesson-081-type-tool","Choose the best data type","assets/diagrams/stage10-infographics/stage10-lesson-081-type-tool.jpg","inventory-only","","","inventory-only","81","OPTIONAL / EXTEND",""
"stage10-lesson-081-types","Common database data types","assets/diagrams/stage10-infographics/stage10-lesson-081-types.jpg","inventory-only","","","inventory-only","81","OPTIONAL / EXTEND",""
"stage10-lesson-082-foreign","Foreign keys link tables","assets/diagrams/stage10-infographics/stage10-lesson-082-foreign.jpg","inventory-only","","","inventory-only","82","OPTIONAL / EXTEND",""
"stage10-lesson-082-key-picker","Choose the best primary key","assets/diagrams/stage10-infographics/stage10-lesson-082-key-picker.jpg","inventory-only","","","inventory-only","82","OPTIONAL / EXTEND",""
"stage10-lesson-082-primary","Primary keys uniquely identify records","assets/diagrams/stage10-infographics/stage10-lesson-082-primary.jpg","inventory-only","","","inventory-only","82","OPTIONAL / EXTEND",""
"stage10-lesson-082-referential","Referential integrity","assets/diagrams/stage10-infographics/stage10-lesson-082-referential.jpg","assigned","S8.02","039","whole-course-active","80","CORE / TEACH","Reviewed syllabus visualEvidence contract"
"stage10-lesson-082-relationship-tool","Classify the relationship","assets/diagrams/stage10-infographics/stage10-lesson-082-relationship-tool.jpg","inventory-only","","","inventory-only","82","OPTIONAL / EXTEND",""
"stage10-lesson-082-relationships","Relationships describe how records connect","assets/diagrams/stage10-infographics/stage10-lesson-082-relationships.jpg","inventory-only","","","inventory-only","82","OPTIONAL / EXTEND",""
"stage10-lesson-083-attributes","Attributes describe an entity","assets/diagrams/stage10-infographics/stage10-lesson-083-attributes.jpg","inventory-only","","","inventory-only","83","OPTIONAL / EXTEND",""
"stage10-lesson-083-cardinality","Cardinality describes how many records may be linked","assets/diagrams/stage10-infographics/stage10-lesson-083-cardinality.jpg","assigned","S8.03","040","whole-course-active","83","OPTIONAL / EXTEND","Reviewed syllabus visualEvidence contract"
"stage10-lesson-083-entities","Entities are things the database stores data about","assets/diagrams/stage10-infographics/stage10-lesson-083-entities.jpg","inventory-only","","","inventory-only","83","OPTIONAL / EXTEND",""
"stage10-lesson-083-parser","Identify entities and attributes","assets/diagrams/stage10-infographics/stage10-lesson-083-parser.jpg","inventory-only","","","inventory-only","83","OPTIONAL / EXTEND",""
"stage10-lesson-083-participation","Optional and mandatory participation","assets/diagrams/stage10-infographics/stage10-lesson-083-participation.jpg","inventory-only","","","inventory-only","83","OPTIONAL / EXTEND",""
"stage10-lesson-084-anomalies","Why one structure causes three anomalies","assets/diagrams/stage10-infographics/stage10-lesson-084-anomalies.jpg","inventory-only","","","inventory-only","84","OPTIONAL / EXTEND",""
"stage10-lesson-084-normal-forms","How normal forms remove dependency problems","assets/diagrams/stage10-infographics/stage10-lesson-084-normal-forms.jpg","assigned","S8.04","040","whole-course-active","81","CORE / TEACH","Reviewed syllabus visualEvidence contract"
"stage10-lesson-084-purpose","Why normalisation protects consistency","assets/diagrams/stage10-infographics/stage10-lesson-084-purpose.jpg","inventory-only","","","inventory-only","84","OPTIONAL / EXTEND",""
"stage10-lesson-084-redundancy","How repeated facts become risky","assets/diagrams/stage10-infographics/stage10-lesson-084-redundancy.jpg","inventory-only","","","inventory-only","84","OPTIONAL / EXTEND",""
"stage10-lesson-085-clauses","The three foundation clauses","assets/diagrams/stage10-infographics/stage10-lesson-085-clauses.jpg","assigned","S8.08","043","whole-course-active","85","CORE / TEACH","Reviewed syllabus visualEvidence contract"
"stage10-lesson-085-conditions","WHERE conditions and comparison operators","assets/diagrams/stage10-infographics/stage10-lesson-085-conditions.jpg","inventory-only","","","inventory-only","85","OPTIONAL / EXTEND",""
"stage10-lesson-085-strings","Text values need quotes; numbers usually do not","assets/diagrams/stage10-infographics/stage10-lesson-085-strings.jpg","inventory-only","","","inventory-only","85","OPTIONAL / EXTEND",""
"stage10-lesson-086-aggregates","Aggregate functions calculate one summary value","assets/diagrams/stage10-infographics/stage10-lesson-086-aggregates.jpg","inventory-only","","","inventory-only","86","OPTIONAL / EXTEND",""
"stage10-lesson-086-groupby","GROUP BY calculates summaries per group","assets/diagrams/stage10-infographics/stage10-lesson-086-groupby.jpg","inventory-only","","","inventory-only","86","OPTIONAL / EXTEND",""
"stage10-lesson-086-orderby","ORDER BY sorts output rows","assets/diagrams/stage10-infographics/stage10-lesson-086-orderby.jpg","inventory-only","","","inventory-only","86","OPTIONAL / EXTEND",""
"stage10-lesson-087-aliases","Table-qualified names and aliases prevent ambiguity","assets/diagrams/stage10-infographics/stage10-lesson-087-aliases.jpg","inventory-only","","","inventory-only","87","OPTIONAL / EXTEND",""
"stage10-lesson-087-join","Two-table INNER JOIN with ON","assets/diagrams/stage10-infographics/stage10-lesson-087-join.jpg","assigned","S8.10","043","whole-course-active","86","CORE / TEACH","Reviewed syllabus visualEvidence contract"
"stage10-lesson-087-relationships","Related tables use primary keys and foreign keys","assets/diagrams/stage10-infographics/stage10-lesson-087-relationships.jpg","inventory-only","","","inventory-only","87","OPTIONAL / EXTEND",""
"stage10-lesson-088-delete","DELETE FROM removes records","assets/diagrams/stage10-infographics/stage10-lesson-088-delete.jpg","assigned","S8.11","044","whole-course-active","88","OPTIONAL / EXTEND","Shows the required DELETE FROM operation and the importance of a selective WHERE clause."
"stage10-lesson-088-dml","INSERT, UPDATE and DELETE are data manipulation commands","assets/diagrams/stage10-infographics/stage10-lesson-088-dml.jpg","assigned","S8.07","042","whole-course-active","84","CORE / TEACH","Reviewed syllabus visualEvidence contract"
"stage10-lesson-088-insert","INSERT INTO adds a record","assets/diagrams/stage10-infographics/stage10-lesson-088-insert.jpg","assigned","S8.11","044","whole-course-active","88","OPTIONAL / EXTEND","Shows the required INSERT INTO operation for adding a record."
"stage10-lesson-088-update","UPDATE changes existing records","assets/diagrams/stage10-infographics/stage10-lesson-088-update.jpg","assigned","S8.11","044","whole-course-active","88","OPTIONAL / EXTEND","Shows the required UPDATE operation for changing existing records."
"stage10-lesson-089-backup","Backups allow data recovery after loss or corruption","assets/diagrams/stage10-infographics/stage10-lesson-089-backup.jpg","inventory-only","","","inventory-only","89","OPTIONAL / EXTEND",""
"stage10-lesson-089-security","Database security restricts access and protects confidentiality","assets/diagrams/stage10-infographics/stage10-lesson-089-security.jpg","inventory-only","","","inventory-only","89","OPTIONAL / EXTEND",""
"stage10-lesson-089-validation","Validation checks whether input is sensible or acceptable","assets/diagrams/stage10-infographics/stage10-lesson-089-validation.jpg","inventory-only","","","inventory-only","89","OPTIONAL / EXTEND",""
"stage10-lesson-089-verification","Verification checks data has been copied accurately","assets/diagrams/stage10-infographics/stage10-lesson-089-verification.jpg","inventory-only","","","inventory-only","89","OPTIONAL / EXTEND",""
"stage10-lesson-090-design","Relational design: what earns marks?","assets/diagrams/stage10-infographics/stage10-lesson-090-design.jpg","review-only","","","inventory-only","90","OPTIONAL / EXTEND",""
"stage10-lesson-090-map","Section 8 knowledge map","assets/diagrams/stage10-infographics/stage10-lesson-090-map.jpg","review-only","","","inventory-only","90","OPTIONAL / EXTEND",""
"stage10-lesson-090-protection","Do not swap the security vocabulary","assets/diagrams/stage10-infographics/stage10-lesson-090-protection.jpg","review-only","","","inventory-only","90","OPTIONAL / EXTEND",""
"stage10-lesson-090-sql","SQL clauses: choose the clause that matches the request","assets/diagrams/stage10-infographics/stage10-lesson-090-sql.jpg","review-only","","","inventory-only","90","OPTIONAL / EXTEND",""
"stage10-lesson-090-tracer","Trace one mixed SQL result","assets/diagrams/stage10-infographics/stage10-lesson-090-tracer.jpg","review-only","","","inventory-only","90","OPTIONAL / EXTEND",""
"stage10-lesson-091-calculator","Calculate image or sound storage","assets/diagrams/stage10-infographics/stage10-lesson-091-calculator.jpg","review-only","","","inventory-only","91","OPTIONAL / EXTEND",""
"stage10-lesson-091-communication","Explanation answers need mechanism and consequence","assets/diagrams/stage10-infographics/stage10-lesson-091-communication.jpg","review-only","","","inventory-only","91","OPTIONAL / EXTEND",""
"stage10-lesson-091-map","Sections 1-2 knowledge map","assets/diagrams/stage10-infographics/stage10-lesson-091-map.jpg","review-only","","","inventory-only","91","OPTIONAL / EXTEND",""
"stage10-lesson-091-representation","Calculation formulas worth retrieving cold","assets/diagrams/stage10-infographics/stage10-lesson-091-representation.jpg","review-only","","","inventory-only","91","OPTIONAL / EXTEND",""
"stage10-lesson-092-hardware","Choose hardware by matching characteristics to use","assets/diagrams/stage10-infographics/stage10-lesson-092-hardware.jpg","review-only","","","inventory-only","92","OPTIONAL / EXTEND",""
"stage10-lesson-092-logic","How hardware facts become mechanisms","assets/diagrams/stage10-infographics/stage10-lesson-092-logic.jpg","review-only","","","inventory-only","92","OPTIONAL / EXTEND",""
"stage10-lesson-092-map","Sections 3-4 knowledge map","assets/diagrams/stage10-infographics/stage10-lesson-092-map.jpg","review-only","","","inventory-only","92","OPTIONAL / EXTEND",""
"stage10-lesson-092-processor","Registers and buses: the FDE cycle vocabulary","assets/diagrams/stage10-infographics/stage10-lesson-092-processor.jpg","assigned","S4.07","021","whole-course-active","44","CORE / TEACH","Reviewed syllabus visualEvidence contract"
"stage10-lesson-093-map","Sections 5-6 knowledge map","assets/diagrams/stage10-infographics/stage10-lesson-093-map.jpg","review-only","","","inventory-only","93","OPTIONAL / EXTEND",""
"stage10-lesson-093-matcher","Choose the best control","assets/diagrams/stage10-infographics/stage10-lesson-093-matcher.jpg","review-only","","","inventory-only","93","OPTIONAL / EXTEND",""
"stage10-lesson-093-security","Match the control to the threat","assets/diagrams/stage10-infographics/stage10-lesson-093-security.jpg","review-only","","","inventory-only","93","OPTIONAL / EXTEND",""
"stage10-lesson-093-software","OS and utility roles","assets/diagrams/stage10-infographics/stage10-lesson-093-software.jpg","review-only","","","inventory-only","93","OPTIONAL / EXTEND",""
"stage10-lesson-093-translators","Compiler, interpreter and assembler","assets/diagrams/stage10-infographics/stage10-lesson-093-translators.jpg","review-only","","","inventory-only","93","OPTIONAL / EXTEND",""
"stage10-lesson-094-databases","Relational design: structure before SQL","assets/diagrams/stage10-infographics/stage10-lesson-094-databases.jpg","review-only","","","inventory-only","94","OPTIONAL / EXTEND",""
"stage10-lesson-094-ethics","Evaluation answers need both sides and a condition","assets/diagrams/stage10-infographics/stage10-lesson-094-ethics.jpg","review-only","","","inventory-only","94","OPTIONAL / EXTEND",""
"stage10-lesson-094-map","Sections 7-8 knowledge map","assets/diagrams/stage10-infographics/stage10-lesson-094-map.jpg","review-only","","","inventory-only","94","OPTIONAL / EXTEND",""
"stage10-lesson-094-sql","Clause choice is not decoration","assets/diagrams/stage10-infographics/stage10-lesson-094-sql.jpg","review-only","","","inventory-only","94","OPTIONAL / EXTEND",""
"stage10-lesson-094-tracer","Trace one customer table query","assets/diagrams/stage10-infographics/stage10-lesson-094-tracer.jpg","review-only","","","inventory-only","94","OPTIONAL / EXTEND",""
"stage10-lesson-095-answer","Use the smallest frame that fits the command","assets/diagrams/stage10-infographics/stage10-lesson-095-answer.jpg","review-only","","","inventory-only","95","OPTIONAL / EXTEND",""
"stage10-lesson-095-commands","What each command word usually demands","assets/diagrams/stage10-infographics/stage10-lesson-095-commands.jpg","review-only","","","inventory-only","95","OPTIONAL / EXTEND",""
"stage10-lesson-095-decoder","Decode the command word before writing","assets/diagrams/stage10-infographics/stage10-lesson-095-decoder.jpg","review-only","","","inventory-only","95","OPTIONAL / EXTEND",""
"stage10-lesson-095-map","Paper 1 sections and question clues","assets/diagrams/stage10-infographics/stage10-lesson-095-map.jpg","review-only","","","inventory-only","95","OPTIONAL / EXTEND",""
"stage10-lesson-095-strategy","The 30-second annotation routine","assets/diagrams/stage10-infographics/stage10-lesson-095-strategy.jpg","review-only","","","inventory-only","95","OPTIONAL / EXTEND",""
"stage10-lesson-096-marking","Three checks before moving on","assets/diagrams/stage10-infographics/stage10-lesson-096-marking.jpg","review-only","","","inventory-only","96","OPTIONAL / EXTEND",""
"stage10-lesson-096-planner","Estimate a sensible time budget","assets/diagrams/stage10-infographics/stage10-lesson-096-planner.jpg","review-only","","","inventory-only","96","OPTIONAL / EXTEND",""
"stage10-lesson-096-quiz","Quick retrieval across Paper 1","assets/diagrams/stage10-infographics/stage10-lesson-096-quiz.jpg","review-only","","","inventory-only","96","OPTIONAL / EXTEND",""
"stage10-lesson-096-short","Compress the answer, not the marks","assets/diagrams/stage10-infographics/stage10-lesson-096-short.jpg","review-only","","","inventory-only","96","OPTIONAL / EXTEND",""
"stage10-lesson-096-timer","Run a timed short-answer sprint","assets/diagrams/stage10-infographics/stage10-lesson-096-timer.jpg","review-only","","","inventory-only","96","OPTIONAL / EXTEND",""
"stage10-lesson-096-timing","A practical mark-per-minute model","assets/diagrams/stage10-infographics/stage10-lesson-096-timing.jpg","review-only","","","inventory-only","96","OPTIONAL / EXTEND",""
"stage10-lesson-096-triage","Decide: answer now, flag, or return later?","assets/diagrams/stage10-infographics/stage10-lesson-096-triage.jpg","review-only","","","inventory-only","96","OPTIONAL / EXTEND",""
"stage10-lesson-097-balance","Evaluation is not just ""good and bad""","assets/diagrams/stage10-infographics/stage10-lesson-097-balance.jpg","review-only","","","inventory-only","97","OPTIONAL / EXTEND",""
"stage10-lesson-097-map","Extended-response topics across Paper 1","assets/diagrams/stage10-infographics/stage10-lesson-097-map.jpg","review-only","","","inventory-only","97","OPTIONAL / EXTEND",""
"stage10-lesson-097-marking","How extended marks usually appear","assets/diagrams/stage10-infographics/stage10-lesson-097-marking.jpg","review-only","","","inventory-only","97","OPTIONAL / EXTEND",""
"stage10-lesson-097-planner","Choose a structure before writing","assets/diagrams/stage10-infographics/stage10-lesson-097-planner.jpg","review-only","","","inventory-only","97","OPTIONAL / EXTEND",""
"stage10-lesson-097-structure","Three reliable extended-response shapes","assets/diagrams/stage10-infographics/stage10-lesson-097-structure.jpg","review-only","","","inventory-only","97","OPTIONAL / EXTEND",""
"stage10-lesson-098-clinic","The rewrite protocol","assets/diagrams/stage10-infographics/stage10-lesson-098-clinic.jpg","review-only","","","inventory-only","98","OPTIONAL / EXTEND",""
"stage10-lesson-098-coverage","Paper 1 correction checklist","assets/diagrams/stage10-infographics/stage10-lesson-098-coverage.jpg","review-only","","","inventory-only","98","OPTIONAL / EXTEND",""
"stage10-lesson-098-diagnosis","Four common sources of lost marks","assets/diagrams/stage10-infographics/stage10-lesson-098-diagnosis.jpg","review-only","","","inventory-only","98","OPTIONAL / EXTEND",""
"stage10-lesson-098-error","Classify the flaw before rewriting","assets/diagrams/stage10-infographics/stage10-lesson-098-error.jpg","review-only","","","inventory-only","98","OPTIONAL / EXTEND",""
"stage10-lesson-098-rewrite","Build a corrected answer sentence","assets/diagrams/stage10-infographics/stage10-lesson-098-rewrite.jpg","review-only","","","inventory-only","98","OPTIONAL / EXTEND",""
"stage10-lesson-098-routine","How to use the mock after today","assets/diagrams/stage10-infographics/stage10-lesson-098-routine.jpg","review-only","","","inventory-only","98","OPTIONAL / EXTEND",""
"stage10-lesson-098-score","Turn a score into a repair priority","assets/diagrams/stage10-infographics/stage10-lesson-098-score.jpg","review-only","","","inventory-only","98","OPTIONAL / EXTEND",""
"stage10-lesson-099-concept","An algorithm is a solution expressed as defined steps","assets/diagrams/stage10-infographics/stage10-lesson-099-concept.jpg","assigned","S9.03","048","whole-course-active","100","CORE / TEACH","Reviewed syllabus visualEvidence contract"
"stage10-lesson-099-constraints","Constraints stop algorithms from wandering off","assets/diagrams/stage10-infographics/stage10-lesson-099-constraints.jpg","inventory-only","","","inventory-only","99","OPTIONAL / EXTEND",""
"stage10-lesson-099-model","Use IPOC before choosing a representation","assets/diagrams/stage10-infographics/stage10-lesson-099-model.jpg","inventory-only","","","inventory-only","99","OPTIONAL / EXTEND",""
"stage10-lesson-100-abstraction","Abstraction: keep the details that affect the algorithm","assets/diagrams/stage10-infographics/stage10-lesson-100-abstraction.jpg","assigned","S9.01","046","whole-course-active","100","OPTIONAL / EXTEND","Reviewed syllabus visualEvidence contract"
"stage10-lesson-100-decomposition","Decomposition: split the problem into sub-problems","assets/diagrams/stage10-infographics/stage10-lesson-100-decomposition.jpg","assigned","S9.02","047","whole-course-active","100","OPTIONAL / EXTEND","Reviewed syllabus visualEvidence contract"
"stage10-lesson-100-filter","Keep or ignore details","assets/diagrams/stage10-infographics/stage10-lesson-100-filter.jpg","inventory-only","","","inventory-only","100","OPTIONAL / EXTEND",""
"stage10-lesson-100-pattern","Produce an abstract model","assets/diagrams/stage10-infographics/stage10-lesson-100-pattern.jpg","inventory-only","","","inventory-only","100","OPTIONAL / EXTEND",""
"stage10-lesson-100-sorter","Classify the design move","assets/diagrams/stage10-infographics/stage10-lesson-100-sorter.jpg","inventory-only","","","inventory-only","100","OPTIONAL / EXTEND",""
"stage10-lesson-101-combining","Real algorithms usually combine the three structures","assets/diagrams/stage10-infographics/stage10-lesson-101-combining.jpg","assigned","S9.06","050","whole-course-active","101","OPTIONAL / EXTEND","Reviewed syllabus visualEvidence contract"
"stage10-lesson-101-iteration","Iteration: repeat steps","assets/diagrams/stage10-infographics/stage10-lesson-101-iteration.jpg","inventory-only","","","inventory-only","101","OPTIONAL / EXTEND",""
"stage10-lesson-101-pseudocode","Cambridge pseudocode is the exam form; Java is support only","assets/diagrams/stage10-infographics/stage10-lesson-101-pseudocode.jpg","inventory-only","","","inventory-only","101","OPTIONAL / EXTEND",""
"stage10-lesson-101-selection","Selection: choose a path using a condition","assets/diagrams/stage10-infographics/stage10-lesson-101-selection.jpg","inventory-only","","","inventory-only","101","OPTIONAL / EXTEND",""
"stage10-lesson-101-sequence","Sequence: steps run in a fixed order","assets/diagrams/stage10-infographics/stage10-lesson-101-sequence.jpg","inventory-only","","","inventory-only","101","OPTIONAL / EXTEND",""
"stage10-lesson-102-equivalence","A diamond becomes IF...THEN...ELSE","assets/diagrams/stage10-infographics/stage10-lesson-102-equivalence.jpg","assigned","S9.09","053","whole-course-active","104","CORE / TEACH","Reviewed syllabus visualEvidence contract"
"stage10-lesson-102-flowcharts","Flowcharts use symbols to show control flow","assets/diagrams/stage10-infographics/stage10-lesson-102-flowcharts.jpg","assigned","S9.07","051","whole-course-active","102","CORE / TEACH","Reviewed syllabus visualEvidence contract"
"stage10-lesson-102-notation","Readable notation earns marks more easily","assets/diagrams/stage10-infographics/stage10-lesson-102-notation.jpg","assigned","S9.04","048","whole-course-active","102","OPTIONAL / EXTEND","Reviewed syllabus visualEvidence contract"
"stage10-lesson-102-pseudocode","Cambridge-style pseudocode uses structured keywords","assets/diagrams/stage10-infographics/stage10-lesson-102-pseudocode.jpg","inventory-only","","","inventory-only","102","OPTIONAL / EXTEND",""
"stage10-lesson-102-structure-tool","Match scenario to pseudocode structure","assets/diagrams/stage10-infographics/stage10-lesson-102-structure-tool.jpg","inventory-only","","","inventory-only","102","OPTIONAL / EXTEND",""
"stage10-lesson-102-symbol-tool","Choose the correct flowchart symbol","assets/diagrams/stage10-infographics/stage10-lesson-102-symbol-tool.jpg","inventory-only","","","inventory-only","102","OPTIONAL / EXTEND",""
"stage10-lesson-103-dry-run","Dry run: execute the algorithm by hand","assets/diagrams/stage10-infographics/stage10-lesson-103-dry-run.jpg","inventory-only","","","inventory-only","103","OPTIONAL / EXTEND",""
"stage10-lesson-103-loops","Loops make trace tables useful and slightly unforgiving","assets/diagrams/stage10-infographics/stage10-lesson-103-loops.jpg","inventory-only","","","inventory-only","103","OPTIONAL / EXTEND",""
"stage10-lesson-103-predictor","Predict the final output","assets/diagrams/stage10-infographics/stage10-lesson-103-predictor.jpg","inventory-only","","","inventory-only","103","OPTIONAL / EXTEND",""
"stage10-lesson-103-pseudocode","Trace Cambridge pseudocode in the exam; Java is only a support view","assets/diagrams/stage10-infographics/stage10-lesson-103-pseudocode.jpg","inventory-only","","","inventory-only","103","OPTIONAL / EXTEND",""
"stage10-lesson-103-trace-table","A trace table records variables after each change","assets/diagrams/stage10-infographics/stage10-lesson-103-trace-table.jpg","inventory-only","","","inventory-only","103","OPTIONAL / EXTEND",""
"stage10-lesson-104-checks","Match the rule to the risk","assets/diagrams/stage10-infographics/stage10-lesson-104-checks.jpg","inventory-only","","","inventory-only","104","OPTIONAL / EXTEND",""
"stage10-lesson-104-defensive","Reject bad input, then ask again","assets/diagrams/stage10-infographics/stage10-lesson-104-defensive.jpg","inventory-only","","","inventory-only","104","OPTIONAL / EXTEND",""
"stage10-lesson-104-pseudocode","Use Cambridge-style validation loops in the exam","assets/diagrams/stage10-infographics/stage10-lesson-104-pseudocode.jpg","inventory-only","","","inventory-only","104","OPTIONAL / EXTEND",""
"stage10-lesson-104-tester","Test a mark against 0-100","assets/diagrams/stage10-infographics/stage10-lesson-104-tester.jpg","inventory-only","","","inventory-only","104","OPTIONAL / EXTEND",""
"stage10-lesson-104-validation","Validation checks whether input follows a rule","assets/diagrams/stage10-infographics/stage10-lesson-104-validation.jpg","inventory-only","","","inventory-only","104","OPTIONAL / EXTEND",""
"stage10-lesson-105-binary-tool","Trace binary search on sorted data","assets/diagrams/stage10-infographics/stage10-lesson-105-binary-tool.jpg","inventory-only","","","inventory-only","105","OPTIONAL / EXTEND",""
"stage10-lesson-105-binary","Binary search repeatedly halves a sorted list","assets/diagrams/stage10-infographics/stage10-lesson-105-binary.jpg","inventory-only","","","inventory-only","105","OPTIONAL / EXTEND",""
"stage10-lesson-105-compare","Choosing the right search","assets/diagrams/stage10-infographics/stage10-lesson-105-compare.jpg","inventory-only","","","inventory-only","105","OPTIONAL / EXTEND",""
"stage10-lesson-105-linear-tool","Trace linear search","assets/diagrams/stage10-infographics/stage10-lesson-105-linear-tool.jpg","inventory-only","","","inventory-only","105","OPTIONAL / EXTEND",""
"stage10-lesson-105-linear","Linear search checks each item in order","assets/diagrams/stage10-infographics/stage10-lesson-105-linear.jpg","assigned","S10.06","060","whole-course-active","118","CORE / TEACH","Reviewed syllabus visualEvidence contract"
"stage10-lesson-105-pseudocode","Cambridge pseudocode is the exam format","assets/diagrams/stage10-infographics/stage10-lesson-105-pseudocode.jpg","inventory-only","","","inventory-only","105","OPTIONAL / EXTEND",""
"stage10-lesson-106-bubble","Why bubble sort repeats adjacent comparisons","assets/diagrams/stage10-infographics/stage10-lesson-106-bubble.jpg","assigned","S10.06","060","whole-course-active","118","CORE / TEACH","Reviewed syllabus visualEvidence contract"
"stage10-lesson-106-compare","Why the sorts move data differently","assets/diagrams/stage10-infographics/stage10-lesson-106-compare.jpg","inventory-only","","","inventory-only","106","OPTIONAL / EXTEND",""
"stage10-lesson-106-insertion","How insertion sort grows a sorted region","assets/diagrams/stage10-infographics/stage10-lesson-106-insertion.jpg","inventory-only","","","inventory-only","106","OPTIONAL / EXTEND",""
"stage10-lesson-106-pseudocode","Why a trace follows state","assets/diagrams/stage10-infographics/stage10-lesson-106-pseudocode.jpg","inventory-only","","","inventory-only","106","OPTIONAL / EXTEND",""
"stage10-lesson-107-fixed","When the number of values is known, use a count-controlled loop","assets/diagrams/stage10-infographics/stage10-lesson-107-fixed.jpg","inventory-only","","","inventory-only","107","OPTIONAL / EXTEND",""
"stage10-lesson-107-initialise","The starting value decides whether the algorithm is honest","assets/diagrams/stage10-infographics/stage10-lesson-107-initialise.jpg","inventory-only","","","inventory-only","107","OPTIONAL / EXTEND",""
"stage10-lesson-107-patterns","Four running-value patterns","assets/diagrams/stage10-infographics/stage10-lesson-107-patterns.jpg","inventory-only","","","inventory-only","107","OPTIONAL / EXTEND",""
"stage10-lesson-107-pseudocode","Use Cambridge assignment and loop keywords in exam answers","assets/diagrams/stage10-infographics/stage10-lesson-107-pseudocode.jpg","inventory-only","","","inventory-only","107","OPTIONAL / EXTEND",""
"stage10-lesson-107-sentinel","When input stops on a special value, do not process the sentinel","assets/diagrams/stage10-infographics/stage10-lesson-107-sentinel.jpg","inventory-only","","","inventory-only","107","OPTIONAL / EXTEND",""
"stage10-lesson-107-trace-tool","Watch running variables change","assets/diagrams/stage10-infographics/stage10-lesson-107-trace-tool.jpg","inventory-only","","","inventory-only","107","OPTIONAL / EXTEND",""
"stage10-lesson-108-build","Some algorithms construct a new string one character at a time","assets/diagrams/stage10-infographics/stage10-lesson-108-build.jpg","inventory-only","","","inventory-only","108","OPTIONAL / EXTEND",""
"stage10-lesson-108-model","A string algorithm needs position, character and stopping point","assets/diagrams/stage10-infographics/stage10-lesson-108-model.jpg","inventory-only","","","inventory-only","108","OPTIONAL / EXTEND",""
"stage10-lesson-108-patterns","Most AS string algorithms are four familiar patterns","assets/diagrams/stage10-infographics/stage10-lesson-108-patterns.jpg","inventory-only","","","inventory-only","108","OPTIONAL / EXTEND",""
"stage10-lesson-108-pseudocode","Count vowels with a closed selection","assets/diagrams/stage10-infographics/stage10-lesson-108-pseudocode.jpg","inventory-only","","","inventory-only","108","OPTIONAL / EXTEND",""
"stage10-lesson-108-scanner","Trace character processing","assets/diagrams/stage10-infographics/stage10-lesson-108-scanner.jpg","inventory-only","","","inventory-only","108","OPTIONAL / EXTEND",""
"stage10-lesson-109-counting","Total visits = outer repetitions x inner repetitions","assets/diagrams/stage10-infographics/stage10-lesson-109-counting.jpg","inventory-only","","","inventory-only","109","OPTIONAL / EXTEND",""
"stage10-lesson-109-model","Outer loop first, inner loop second","assets/diagrams/stage10-infographics/stage10-lesson-109-model.jpg","inventory-only","","","inventory-only","109","OPTIONAL / EXTEND",""
"stage10-lesson-109-pseudocode","Indentation is evidence in nested loops","assets/diagrams/stage10-infographics/stage10-lesson-109-pseudocode.jpg","inventory-only","","","inventory-only","109","OPTIONAL / EXTEND",""
"stage10-lesson-109-reset","Put row-level variables inside the outer loop","assets/diagrams/stage10-infographics/stage10-lesson-109-reset.jpg","inventory-only","","","inventory-only","109","OPTIONAL / EXTEND",""
"stage10-lesson-109-table","Table-style problems usually scan row by row","assets/diagrams/stage10-infographics/stage10-lesson-109-table.jpg","inventory-only","","","inventory-only","109","OPTIONAL / EXTEND",""
"stage10-lesson-110-cases","The same algorithm can behave differently on different inputs","assets/diagrams/stage10-infographics/stage10-lesson-110-cases.jpg","inventory-only","","","inventory-only","110","OPTIONAL / EXTEND",""
"stage10-lesson-110-estimator","Estimate the work","assets/diagrams/stage10-infographics/stage10-lesson-110-estimator.jpg","inventory-only","","","inventory-only","110","OPTIONAL / EXTEND",""
"stage10-lesson-110-loops","Loops reveal how work grows","assets/diagrams/stage10-infographics/stage10-lesson-110-loops.jpg","inventory-only","","","inventory-only","110","OPTIONAL / EXTEND",""
"stage10-lesson-110-measure","Efficiency is about resources used","assets/diagrams/stage10-infographics/stage10-lesson-110-measure.jpg","inventory-only","","","inventory-only","110","OPTIONAL / EXTEND",""
"stage10-lesson-110-pseudocode","Efficiency explanations are language-independent","assets/diagrams/stage10-infographics/stage10-lesson-110-pseudocode.jpg","inventory-only","","","inventory-only","110","OPTIONAL / EXTEND",""
"stage10-lesson-110-search","Linear search checks one by one; binary search halves a sorted list","assets/diagrams/stage10-infographics/stage10-lesson-110-search.jpg","inventory-only","","","inventory-only","110","OPTIONAL / EXTEND",""
"stage10-lesson-111-cleaner","Convert Java-like syntax into Cambridge-style pseudocode","assets/diagrams/stage10-infographics/stage10-lesson-111-cleaner.jpg","inventory-only","","","inventory-only","111","OPTIONAL / EXTEND",""
"stage10-lesson-111-conversion","Convert meaning first, syntax second","assets/diagrams/stage10-infographics/stage10-lesson-111-conversion.jpg","inventory-only","","","inventory-only","111","OPTIONAL / EXTEND",""
"stage10-lesson-111-java","Keep Java syntax out of Paper 2 unless Java is explicitly requested","assets/diagrams/stage10-infographics/stage10-lesson-111-java.jpg","inventory-only","","","inventory-only","111","OPTIONAL / EXTEND",""
"stage10-lesson-111-notation","Use the symbols that make algorithm intent visible","assets/diagrams/stage10-infographics/stage10-lesson-111-notation.jpg","inventory-only","","","inventory-only","111","OPTIONAL / EXTEND",""
"stage10-lesson-111-readability","A marker should not need detective training","assets/diagrams/stage10-infographics/stage10-lesson-111-readability.jpg","inventory-only","","","inventory-only","111","OPTIONAL / EXTEND",""
"stage10-lesson-111-structure","Every opening should have a visible ending","assets/diagrams/stage10-infographics/stage10-lesson-111-structure.jpg","inventory-only","","","inventory-only","111","OPTIONAL / EXTEND",""
"stage10-lesson-112-analyser","Stepwise refinement turns a high-level algorithm into implementable modules","assets/diagrams/stage10-infographics/stage10-lesson-112-analyser.jpg","assigned","S9.08","054","whole-course-active","103","CORE / TEACH","Reviewed syllabus visualEvidence contract"
"stage10-lesson-112-ipoc","Turn paragraphs into a design table","assets/diagrams/stage10-infographics/stage10-lesson-112-ipoc.jpg","assigned","S9.05","049","whole-course-active","100","CORE / TEACH","Reviewed syllabus visualEvidence contract"
"stage10-lesson-112-pseudocode","Design in Cambridge pseudocode first; use Java only to support testing","assets/diagrams/stage10-infographics/stage10-lesson-112-pseudocode.jpg","inventory-only","","","inventory-only","112","OPTIONAL / EXTEND",""
"stage10-lesson-112-requirements","Words in the question usually signal a control structure","assets/diagrams/stage10-infographics/stage10-lesson-112-requirements.jpg","inventory-only","","","inventory-only","112","OPTIONAL / EXTEND",""
"stage10-lesson-112-structures","Pick the structure before writing the pseudocode","assets/diagrams/stage10-infographics/stage10-lesson-112-structures.jpg","inventory-only","","","inventory-only","112","OPTIONAL / EXTEND",""
"stage10-lesson-113-fixer","Turn vague answers into mark-worthy answers","assets/diagrams/stage10-infographics/stage10-lesson-113-fixer.jpg","review-only","","","inventory-only","113","OPTIONAL / EXTEND",""
"stage10-lesson-113-patterns","Match the scenario to the correct algorithm pattern","assets/diagrams/stage10-infographics/stage10-lesson-113-patterns.jpg","review-only","","","inventory-only","113","OPTIONAL / EXTEND",""
"stage10-lesson-113-pseudocode","Paper 2 wants readable Cambridge-style pseudocode","assets/diagrams/stage10-infographics/stage10-lesson-113-pseudocode.jpg","review-only","","","inventory-only","113","OPTIONAL / EXTEND",""
"stage10-lesson-113-retrieval","Section 9 in one page","assets/diagrams/stage10-infographics/stage10-lesson-113-retrieval.jpg","review-only","","","inventory-only","113","OPTIONAL / EXTEND",""
"stage10-lesson-113-triage","Turn question wording into an algorithm plan","assets/diagrams/stage10-infographics/stage10-lesson-113-triage.jpg","review-only","","","inventory-only","113","OPTIONAL / EXTEND",""
"stage10-lesson-114-built-in","Core AS-level data types","assets/diagrams/stage10-infographics/stage10-lesson-114-built-in.jpg","inventory-only","","","inventory-only","114","OPTIONAL / EXTEND",""
"stage10-lesson-114-choose","Use the scenario, not the surface appearance","assets/diagrams/stage10-infographics/stage10-lesson-114-choose.jpg","inventory-only","","","inventory-only","114","OPTIONAL / EXTEND",""
"stage10-lesson-114-pseudocode","The eight Cambridge pseudocode type names","assets/diagrams/stage10-infographics/stage10-lesson-114-pseudocode.jpg","assigned","S10.01","055","whole-course-active","114","CORE / TEACH","Reviewed syllabus visualEvidence contract"
"stage10-lesson-114-user-defined","When built-in types are not descriptive enough","assets/diagrams/stage10-infographics/stage10-lesson-114-user-defined.jpg","inventory-only","","","inventory-only","114","OPTIONAL / EXTEND",""
"stage10-lesson-114-why-types","A type controls meaning and valid operations","assets/diagrams/stage10-infographics/stage10-lesson-114-why-types.jpg","inventory-only","","","inventory-only","114","OPTIONAL / EXTEND",""
"stage10-lesson-115-assignment","Right side first, left side second","assets/diagrams/stage10-infographics/stage10-lesson-115-assignment.jpg","inventory-only","","","inventory-only","115","OPTIONAL / EXTEND",""
"stage10-lesson-115-constants","Name fixed values so the algorithm explains itself","assets/diagrams/stage10-infographics/stage10-lesson-115-constants.jpg","inventory-only","","","inventory-only","115","OPTIONAL / EXTEND",""
"stage10-lesson-115-declare","Declaration gives a name and a type before use","assets/diagrams/stage10-infographics/stage10-lesson-115-declare.jpg","inventory-only","","","inventory-only","115","OPTIONAL / EXTEND",""
"stage10-lesson-115-model","Identifiers name storage locations","assets/diagrams/stage10-infographics/stage10-lesson-115-model.jpg","inventory-only","","","inventory-only","115","OPTIONAL / EXTEND",""
"stage10-lesson-115-pseudocode","The symbol changes, the update idea does not","assets/diagrams/stage10-infographics/stage10-lesson-115-pseudocode.jpg","assigned","S11.02","070","whole-course-active","128","CORE / TEACH","Reviewed syllabus visualEvidence contract"
"stage10-lesson-116-access","The index points to exactly one element","assets/diagrams/stage10-infographics/stage10-lesson-116-access.jpg","assigned","S10.03","057","whole-course-active","116","CORE / TEACH","Reviewed syllabus visualEvidence contract"
"stage10-lesson-116-declare","Bounds say which indexes are valid","assets/diagrams/stage10-infographics/stage10-lesson-116-declare.jpg","inventory-only","","","inventory-only","116","OPTIONAL / EXTEND",""
"stage10-lesson-116-lookup","Access one element","assets/diagrams/stage10-infographics/stage10-lesson-116-lookup.jpg","inventory-only","","","inventory-only","116","OPTIONAL / EXTEND",""
"stage10-lesson-116-model","A one-dimensional array is a linear collection","assets/diagrams/stage10-infographics/stage10-lesson-116-model.jpg","assigned","S10.04","058","whole-course-active","116","CORE / TEACH","Reviewed syllabus visualEvidence contract"
"stage10-lesson-116-pseudocode","Cambridge bounds and Java indexes are not the same habit","assets/diagrams/stage10-infographics/stage10-lesson-116-pseudocode.jpg","assigned","S10.05","058","whole-course-active","116","CORE / TEACH","Reviewed syllabus visualEvidence contract"
"stage10-lesson-116-traversal","Use a loop to visit every element","assets/diagrams/stage10-infographics/stage10-lesson-116-traversal.jpg","inventory-only","","","inventory-only","116","OPTIONAL / EXTEND",""
"stage10-lesson-117-access","A cell needs row and column","assets/diagrams/stage10-infographics/stage10-lesson-117-access.jpg","inventory-only","","","inventory-only","117","OPTIONAL / EXTEND",""
"stage10-lesson-117-declare","Two dimensions need two ranges","assets/diagrams/stage10-infographics/stage10-lesson-117-declare.jpg","inventory-only","","","inventory-only","117","OPTIONAL / EXTEND",""
"stage10-lesson-117-lookup","Read Marks[Row, Column]","assets/diagrams/stage10-infographics/stage10-lesson-117-lookup.jpg","inventory-only","","","inventory-only","117","OPTIONAL / EXTEND",""
"stage10-lesson-117-model","Rows and columns create coordinates","assets/diagrams/stage10-infographics/stage10-lesson-117-model.jpg","assigned","S10.04","058","whole-course-active","116","CORE / TEACH","Reviewed syllabus visualEvidence contract"
"stage10-lesson-117-nested","Outer row loop, inner column loop","assets/diagrams/stage10-infographics/stage10-lesson-117-nested.jpg","inventory-only","","","inventory-only","117","OPTIONAL / EXTEND",""
"stage10-lesson-117-pseudocode","Do not import Java indexing into Cambridge answers","assets/diagrams/stage10-infographics/stage10-lesson-117-pseudocode.jpg","assigned","S10.05","058","whole-course-active","116","CORE / TEACH","Reviewed syllabus visualEvidence contract"
"stage10-lesson-118-count","Increment only when a condition is true","assets/diagrams/stage10-infographics/stage10-lesson-118-count.jpg","inventory-only","","","inventory-only","118","OPTIONAL / EXTEND",""
"stage10-lesson-118-patterns","Four array algorithm patterns","assets/diagrams/stage10-infographics/stage10-lesson-118-patterns.jpg","inventory-only","","","inventory-only","118","OPTIONAL / EXTEND",""
"stage10-lesson-118-pseudocode","Same algorithm, different array syntax","assets/diagrams/stage10-infographics/stage10-lesson-118-pseudocode.jpg","inventory-only","","","inventory-only","118","OPTIONAL / EXTEND",""
"stage10-lesson-118-search","Use a flag to remember whether the target appeared","assets/diagrams/stage10-infographics/stage10-lesson-118-search.jpg","inventory-only","","","inventory-only","118","OPTIONAL / EXTEND",""
"stage10-lesson-118-selector","Choose a scenario and inspect the matching template","assets/diagrams/stage10-infographics/stage10-lesson-118-selector.jpg","inventory-only","","","inventory-only","118","OPTIONAL / EXTEND",""
"stage10-lesson-118-traversal","Visit every element once","assets/diagrams/stage10-infographics/stage10-lesson-118-traversal.jpg","inventory-only","","","inventory-only","118","OPTIONAL / EXTEND",""
"stage10-lesson-118-update","Change selected elements","assets/diagrams/stage10-infographics/stage10-lesson-118-update.jpg","inventory-only","","","inventory-only","118","OPTIONAL / EXTEND",""
"stage10-lesson-119-access","Use the field name, not a numeric index","assets/diagrams/stage10-infographics/stage10-lesson-119-access.jpg","inventory-only","","","inventory-only","119","OPTIONAL / EXTEND",""
"stage10-lesson-119-array-vs-record","Same type and index, or mixed fields and names?","assets/diagrams/stage10-infographics/stage10-lesson-119-array-vs-record.jpg","inventory-only","","","inventory-only","119","OPTIONAL / EXTEND",""
"stage10-lesson-119-concept","Composite data groups fields into one type","assets/diagrams/stage10-infographics/stage10-lesson-119-concept.jpg","inventory-only","","","inventory-only","119","OPTIONAL / EXTEND",""
"stage10-lesson-119-declare","Define a record, then save and read named fields","assets/diagrams/stage10-infographics/stage10-lesson-119-declare.jpg","assigned","S10.02","056","whole-course-active","115","CORE / TEACH","Reviewed syllabus visualEvidence contract"
"stage10-lesson-119-lookup","Read one field from a record","assets/diagrams/stage10-infographics/stage10-lesson-119-lookup.jpg","inventory-only","","","inventory-only","119","OPTIONAL / EXTEND",""
"stage10-lesson-119-pseudocode","Same modelling idea, different syntax","assets/diagrams/stage10-infographics/stage10-lesson-119-pseudocode.jpg","inventory-only","","","inventory-only","119","OPTIONAL / EXTEND",""
"stage10-lesson-120-access","Index first, then field name","assets/diagrams/stage10-infographics/stage10-lesson-120-access.jpg","inventory-only","","","inventory-only","120","OPTIONAL / EXTEND",""
"stage10-lesson-120-concept","One array, many records, same record shape","assets/diagrams/stage10-infographics/stage10-lesson-120-concept.jpg","inventory-only","","","inventory-only","120","OPTIONAL / EXTEND",""
"stage10-lesson-120-declare","Define the record type, then declare the array","assets/diagrams/stage10-infographics/stage10-lesson-120-declare.jpg","inventory-only","","","inventory-only","120","OPTIONAL / EXTEND",""
"stage10-lesson-120-explorer","Read a field from a selected record","assets/diagrams/stage10-infographics/stage10-lesson-120-explorer.jpg","inventory-only","","","inventory-only","120","OPTIONAL / EXTEND",""
"stage10-lesson-120-operations","Search, count and update fields","assets/diagrams/stage10-infographics/stage10-lesson-120-operations.jpg","inventory-only","","","inventory-only","120","OPTIONAL / EXTEND",""
"stage10-lesson-120-pseudocode","Same structure, different syntax","assets/diagrams/stage10-infographics/stage10-lesson-120-pseudocode.jpg","inventory-only","","","inventory-only","120","OPTIONAL / EXTEND",""
"stage10-lesson-120-traversal","A loop visits each record; field access uses the loop index","assets/diagrams/stage10-infographics/stage10-lesson-120-traversal.jpg","inventory-only","","","inventory-only","120","OPTIONAL / EXTEND",""
"stage10-lesson-121-concept","A text file stores characters, usually processed one line at a time","assets/diagrams/stage10-infographics/stage10-lesson-121-concept.jpg","inventory-only","","","inventory-only","121","OPTIONAL / EXTEND",""
"stage10-lesson-121-lifecycle","Open, process, close","assets/diagrams/stage10-infographics/stage10-lesson-121-lifecycle.jpg","inventory-only","","","inventory-only","121","OPTIONAL / EXTEND",""
"stage10-lesson-121-mode-lab","Choose the correct file mode","assets/diagrams/stage10-infographics/stage10-lesson-121-mode-lab.jpg","inventory-only","","","inventory-only","121","OPTIONAL / EXTEND",""
"stage10-lesson-121-modes","Choose the mode before touching the file","assets/diagrams/stage10-infographics/stage10-lesson-121-modes.jpg","inventory-only","","","inventory-only","121","OPTIONAL / EXTEND",""
"stage10-lesson-121-pseudocode","Cambridge pseudocode is the exam answer format","assets/diagrams/stage10-infographics/stage10-lesson-121-pseudocode.jpg","assigned","S10.07","062","whole-course-active","120","CORE / TEACH","Reviewed syllabus visualEvidence contract"
"stage10-lesson-121-read","Use EOF so the loop stops at the end of the file","assets/diagrams/stage10-infographics/stage10-lesson-121-read.jpg","inventory-only","","","inventory-only","121","OPTIONAL / EXTEND",""
"stage10-lesson-121-reader","Step through a WHILE NOT EOF loop","assets/diagrams/stage10-infographics/stage10-lesson-121-reader.jpg","inventory-only","","","inventory-only","121","OPTIONAL / EXTEND",""
"stage10-lesson-121-records","A text line often represents one record","assets/diagrams/stage10-infographics/stage10-lesson-121-records.jpg","inventory-only","","","inventory-only","121","OPTIONAL / EXTEND",""
"stage10-lesson-121-write","Write creates a new result; append adds to the existing story","assets/diagrams/stage10-infographics/stage10-lesson-121-write.jpg","inventory-only","","","inventory-only","121","OPTIONAL / EXTEND",""
"stage10-lesson-122-concept","CSV-style means separated fields in a fixed order","assets/diagrams/stage10-infographics/stage10-lesson-122-concept.jpg","inventory-only","","","inventory-only","122","OPTIONAL / EXTEND",""
"stage10-lesson-122-format","Design the format before writing code","assets/diagrams/stage10-infographics/stage10-lesson-122-format.jpg","inventory-only","","","inventory-only","122","OPTIONAL / EXTEND",""
"stage10-lesson-122-parse","Use question-supplied CSV functions exactly","assets/diagrams/stage10-infographics/stage10-lesson-122-parse.jpg","inventory-only","","","inventory-only","122","OPTIONAL / EXTEND",""
"stage10-lesson-122-parser","Split a line into fields","assets/diagrams/stage10-infographics/stage10-lesson-122-parser.jpg","inventory-only","","","inventory-only","122","OPTIONAL / EXTEND",""
"stage10-lesson-122-pseudocode","Question-supplied functions versus Java methods","assets/diagrams/stage10-infographics/stage10-lesson-122-pseudocode.jpg","inventory-only","","","inventory-only","122","OPTIONAL / EXTEND",""
"stage10-lesson-122-types","Convert CSV text before numeric comparison","assets/diagrams/stage10-infographics/stage10-lesson-122-types.jpg","inventory-only","","","inventory-only","122","OPTIONAL / EXTEND",""
"stage10-lesson-122-validate","A structured file can still contain bad lines","assets/diagrams/stage10-infographics/stage10-lesson-122-validate.jpg","inventory-only","","","inventory-only","122","OPTIONAL / EXTEND",""
"stage10-lesson-122-validator","Check field count and mark type","assets/diagrams/stage10-infographics/stage10-lesson-122-validator.jpg","inventory-only","","","inventory-only","122","OPTIONAL / EXTEND",""
"stage10-lesson-123-concept","An ADT is data together with permitted operations","assets/diagrams/stage10-infographics/stage10-lesson-123-concept.jpg","assigned","S10.08","063","whole-course-active","121","CORE / TEACH","Reviewed syllabus visualEvidence contract"
"stage10-lesson-123-errors","Why boundary checks come first","assets/diagrams/stage10-infographics/stage10-lesson-123-errors.jpg","inventory-only","","","inventory-only","123","OPTIONAL / EXTEND",""
"stage10-lesson-123-implementation","Implement stack, queue and linked list using arrays","assets/diagrams/stage10-infographics/stage10-lesson-123-implementation.jpg","assigned","S10.09;S10.10","064","whole-course-active","121","CORE / TEACH","Reviewed syllabus visualEvidence contract;The visual explains array implementation and data operations on ADTs."
"stage10-lesson-123-operations","Why operation names preserve meaning","assets/diagrams/stage10-infographics/stage10-lesson-123-operations.jpg","inventory-only","","","inventory-only","123","OPTIONAL / EXTEND",""
"stage10-lesson-123-pseudocode","Why pseudocode must expose state change","assets/diagrams/stage10-infographics/stage10-lesson-123-pseudocode.jpg","inventory-only","","","inventory-only","123","OPTIONAL / EXTEND",""
"stage10-lesson-123-queue","Why two ends create FIFO","assets/diagrams/stage10-infographics/stage10-lesson-123-queue.jpg","assigned","S10.09","064","whole-course-active","121","CORE / TEACH","Reviewed syllabus visualEvidence contract"
"stage10-lesson-123-stack","Why one open end creates LIFO","assets/diagrams/stage10-infographics/stage10-lesson-123-stack.jpg","assigned","S10.09","064","whole-course-active","121","CORE / TEACH","Reviewed syllabus visualEvidence contract"
"stage10-lesson-124-adt","Use ADTs when the removal rule matters","assets/diagrams/stage10-infographics/stage10-lesson-124-adt.jpg","inventory-only","","","inventory-only","124","OPTIONAL / EXTEND",""
"stage10-lesson-124-array","Use arrays for many similar values accessed by index","assets/diagrams/stage10-infographics/stage10-lesson-124-array.jpg","inventory-only","","","inventory-only","124","OPTIONAL / EXTEND",""
"stage10-lesson-124-criteria","Start with the data and operations, not the keyword","assets/diagrams/stage10-infographics/stage10-lesson-124-criteria.jpg","inventory-only","","","inventory-only","124","OPTIONAL / EXTEND",""
"stage10-lesson-124-decision","Match scenario evidence to structure features","assets/diagrams/stage10-infographics/stage10-lesson-124-decision.jpg","inventory-only","","","inventory-only","124","OPTIONAL / EXTEND",""
"stage10-lesson-124-file","Use files when data must persist or be exchanged","assets/diagrams/stage10-infographics/stage10-lesson-124-file.jpg","inventory-only","","","inventory-only","124","OPTIONAL / EXTEND",""
"stage10-lesson-124-pseudocode","Justify the data structure in Cambridge answers","assets/diagrams/stage10-infographics/stage10-lesson-124-pseudocode.jpg","inventory-only","","","inventory-only","124","OPTIONAL / EXTEND",""
"stage10-lesson-124-ranker","Spot the answer that would earn marks","assets/diagrams/stage10-infographics/stage10-lesson-124-ranker.jpg","inventory-only","","","inventory-only","124","OPTIONAL / EXTEND",""
"stage10-lesson-124-record","Use records when named fields belong to one entity","assets/diagrams/stage10-infographics/stage10-lesson-124-record.jpg","inventory-only","","","inventory-only","124","OPTIONAL / EXTEND",""
"stage10-lesson-125-arrays","Cambridge array bounds are stated explicitly","assets/diagrams/stage10-infographics/stage10-lesson-125-arrays.jpg","inventory-only","","","inventory-only","125","OPTIONAL / EXTEND",""
"stage10-lesson-125-assignment","<- changes a value; = usually tests equality in conditions","assets/diagrams/stage10-infographics/stage10-lesson-125-assignment.jpg","inventory-only","","","inventory-only","125","OPTIONAL / EXTEND",""
"stage10-lesson-125-constants","Constants are named values that should not change","assets/diagrams/stage10-infographics/stage10-lesson-125-constants.jpg","inventory-only","","","inventory-only","125","OPTIONAL / EXTEND",""
"stage10-lesson-125-principle","Do not mix the two languages inside one answer","assets/diagrams/stage10-infographics/stage10-lesson-125-principle.jpg","inventory-only","","","inventory-only","125","OPTIONAL / EXTEND",""
"stage10-lesson-125-records","Record declarations use TYPE and ENDTYPE","assets/diagrams/stage10-infographics/stage10-lesson-125-records.jpg","inventory-only","","","inventory-only","125","OPTIONAL / EXTEND",""
"stage10-lesson-125-sorter","Which syntax belongs to which answer style?","assets/diagrams/stage10-infographics/stage10-lesson-125-sorter.jpg","inventory-only","","","inventory-only","125","OPTIONAL / EXTEND",""
"stage10-lesson-125-types","Map concepts, not spelling","assets/diagrams/stage10-infographics/stage10-lesson-125-types.jpg","inventory-only","","","inventory-only","125","OPTIONAL / EXTEND",""
"stage10-lesson-125-variables","Declare first; initialise separately when needed","assets/diagrams/stage10-infographics/stage10-lesson-125-variables.jpg","inventory-only","","","inventory-only","125","OPTIONAL / EXTEND",""
"stage10-lesson-126-adts","Order of removal is the key clue","assets/diagrams/stage10-infographics/stage10-lesson-126-adts.jpg","review-only","","","inventory-only","126","OPTIONAL / EXTEND",""
"stage10-lesson-126-decision","A good answer names the structure and the reason","assets/diagrams/stage10-infographics/stage10-lesson-126-decision.jpg","review-only","","","inventory-only","126","OPTIONAL / EXTEND",""
"stage10-lesson-126-declare","Cambridge pseudocode remains the exam standard","assets/diagrams/stage10-infographics/stage10-lesson-126-declare.jpg","review-only","","","inventory-only","126","OPTIONAL / EXTEND",""
"stage10-lesson-126-files","Files preserve data beyond the running program","assets/diagrams/stage10-infographics/stage10-lesson-126-files.jpg","review-only","","","inventory-only","126","OPTIONAL / EXTEND",""
"stage10-lesson-126-improver","Turn a weak answer into a useful answer","assets/diagrams/stage10-infographics/stage10-lesson-126-improver.jpg","review-only","","","inventory-only","126","OPTIONAL / EXTEND",""
"stage10-lesson-126-map","Section 10 in one review grid","assets/diagrams/stage10-infographics/stage10-lesson-126-map.jpg","review-only","","","inventory-only","126","OPTIONAL / EXTEND",""
"stage10-lesson-126-marks","Upgrade vague words into credit-bearing words","assets/diagrams/stage10-infographics/stage10-lesson-126-marks.jpg","review-only","","","inventory-only","126","OPTIONAL / EXTEND",""
"stage10-lesson-127-constructs","Three control-flow ideas","assets/diagrams/stage10-infographics/stage10-lesson-127-constructs.jpg","inventory-only","","","inventory-only","127","OPTIONAL / EXTEND",""
"stage10-lesson-127-iteration","Loops repeat with control","assets/diagrams/stage10-infographics/stage10-lesson-127-iteration.jpg","inventory-only","","","inventory-only","127","OPTIONAL / EXTEND",""
"stage10-lesson-127-java","Same logic, different exam language","assets/diagrams/stage10-infographics/stage10-lesson-127-java.jpg","inventory-only","","","inventory-only","127","OPTIONAL / EXTEND",""
"stage10-lesson-127-selection","Conditions decide the path","assets/diagrams/stage10-infographics/stage10-lesson-127-selection.jpg","inventory-only","","","inventory-only","127","OPTIONAL / EXTEND",""
"stage10-lesson-127-sequence","Order changes meaning","assets/diagrams/stage10-infographics/stage10-lesson-127-sequence.jpg","inventory-only","","","inventory-only","127","OPTIONAL / EXTEND",""
"stage10-lesson-127-tracer","Run a small loop by hand","assets/diagrams/stage10-infographics/stage10-lesson-127-tracer.jpg","inventory-only","","","inventory-only","127","OPTIONAL / EXTEND",""
"stage10-lesson-128-case","Use CASE for clear values of one expression","assets/diagrams/stage10-infographics/stage10-lesson-128-case.jpg","assigned","S11.04","080","whole-course-active","130","CORE / TEACH","Reviewed syllabus visualEvidence contract"
"stage10-lesson-128-choice","Start with the shape of the decision","assets/diagrams/stage10-infographics/stage10-lesson-128-choice.jpg","inventory-only","","","inventory-only","128","OPTIONAL / EXTEND",""
"stage10-lesson-128-if","Use IF when a Boolean condition decides the route","assets/diagrams/stage10-infographics/stage10-lesson-128-if.jpg","inventory-only","","","inventory-only","128","OPTIONAL / EXTEND",""
"stage10-lesson-128-java","Same idea, different syntax","assets/diagrams/stage10-infographics/stage10-lesson-128-java.jpg","inventory-only","","","inventory-only","128","OPTIONAL / EXTEND",""
"stage10-lesson-128-nested","A decision inside another decision","assets/diagrams/stage10-infographics/stage10-lesson-128-nested.jpg","inventory-only","","","inventory-only","128","OPTIONAL / EXTEND",""
"stage10-lesson-128-path","Trace a nested IF","assets/diagrams/stage10-infographics/stage10-lesson-128-path.jpg","inventory-only","","","inventory-only","128","OPTIONAL / EXTEND",""
"stage10-lesson-129-arrays","FOR loops are natural for fixed array bounds","assets/diagrams/stage10-infographics/stage10-lesson-129-arrays.jpg","inventory-only","","","inventory-only","129","OPTIONAL / EXTEND",""
"stage10-lesson-129-bounds","One wrong bound can miss or invent an iteration","assets/diagrams/stage10-infographics/stage10-lesson-129-bounds.jpg","inventory-only","","","inventory-only","129","OPTIONAL / EXTEND",""
"stage10-lesson-129-counter","Do not confuse the counter with the running total","assets/diagrams/stage10-infographics/stage10-lesson-129-counter.jpg","inventory-only","","","inventory-only","129","OPTIONAL / EXTEND",""
"stage10-lesson-129-for","A FOR loop has a counter, a start value and an end value","assets/diagrams/stage10-infographics/stage10-lesson-129-for.jpg","assigned","S11.04","080","whole-course-active","130","CORE / TEACH","Reviewed syllabus visualEvidence contract"
"stage10-lesson-129-java","Java for loops are useful, but not the exam answer format","assets/diagrams/stage10-infographics/stage10-lesson-129-java.jpg","inventory-only","","","inventory-only","129","OPTIONAL / EXTEND",""
"stage10-lesson-130-compare","The difference is when the condition is tested","assets/diagrams/stage10-infographics/stage10-lesson-130-compare.jpg","assigned","S11.04;S11.05","076","whole-course-active","130","CORE / TEACH","Reviewed syllabus visualEvidence contract;The visual compares loop conditions to support loop selection and justification."
"stage10-lesson-130-java","Java syntax is support, not Cambridge pseudocode","assets/diagrams/stage10-infographics/stage10-lesson-130-java.jpg","inventory-only","","","inventory-only","130","OPTIONAL / EXTEND",""
"stage10-lesson-130-repeat","Post-condition loop: run once, then check","assets/diagrams/stage10-infographics/stage10-lesson-130-repeat.jpg","inventory-only","","","inventory-only","130","OPTIONAL / EXTEND",""
"stage10-lesson-130-sentinel","A special value can stop the loop","assets/diagrams/stage10-infographics/stage10-lesson-130-sentinel.jpg","inventory-only","","","inventory-only","130","OPTIONAL / EXTEND",""
"stage10-lesson-130-validation","Keep asking until the input is valid","assets/diagrams/stage10-infographics/stage10-lesson-130-validation.jpg","inventory-only","","","inventory-only","130","OPTIONAL / EXTEND",""
"stage10-lesson-130-while","Pre-condition loop: check before running","assets/diagrams/stage10-infographics/stage10-lesson-130-while.jpg","inventory-only","","","inventory-only","130","OPTIONAL / EXTEND",""
"stage10-lesson-131-calls","Function calls can appear where a value is needed","assets/diagrams/stage10-infographics/stage10-lesson-131-calls.jpg","assigned","S11.07","078","whole-course-active","131","CORE / TEACH","Reviewed syllabus visualEvidence contract"
"stage10-lesson-131-compare","The mark-winning difference is the returned value","assets/diagrams/stage10-infographics/stage10-lesson-131-compare.jpg","inventory-only","","","inventory-only","131","OPTIONAL / EXTEND",""
"stage10-lesson-131-function","A function returns a value to the caller","assets/diagrams/stage10-infographics/stage10-lesson-131-function.jpg","inventory-only","","","inventory-only","131","OPTIONAL / EXTEND",""
"stage10-lesson-131-java","Java method syntax is not Cambridge pseudocode","assets/diagrams/stage10-infographics/stage10-lesson-131-java.jpg","inventory-only","","","inventory-only","131","OPTIONAL / EXTEND",""
"stage10-lesson-131-parameters","A subprogram interface connects caller and header","assets/diagrams/stage10-infographics/stage10-lesson-131-parameters.jpg","assigned","S11.08","078","whole-course-active","131","CORE / TEACH","Reviewed syllabus visualEvidence contract"
"stage10-lesson-131-procedure","A procedure performs actions and returns no value","assets/diagrams/stage10-infographics/stage10-lesson-131-procedure.jpg","inventory-only","","","inventory-only","131","OPTIONAL / EXTEND",""
"stage10-lesson-131-returner","Calculate a function return value","assets/diagrams/stage10-infographics/stage10-lesson-131-returner.jpg","inventory-only","","","inventory-only","131","OPTIONAL / EXTEND",""
"stage10-lesson-132-compare","Same procedure body, different final result","assets/diagrams/stage10-infographics/stage10-lesson-132-compare.jpg","assigned","S11.06","077","whole-course-active","131","CORE / TEACH","Reviewed syllabus visualEvidence contract"
"stage10-lesson-132-java","Do not replace Cambridge BYREF with Java syntax","assets/diagrams/stage10-infographics/stage10-lesson-132-java.jpg","inventory-only","","","inventory-only","132","OPTIONAL / EXTEND",""
"stage10-lesson-132-reference","BYREF links the parameter back to the caller's variable","assets/diagrams/stage10-infographics/stage10-lesson-132-reference.jpg","inventory-only","","","inventory-only","132","OPTIONAL / EXTEND",""
"stage10-lesson-132-terms","The header names the parameter. The call supplies the argument.","assets/diagrams/stage10-infographics/stage10-lesson-132-terms.jpg","inventory-only","","","inventory-only","132","OPTIONAL / EXTEND",""
"stage10-lesson-132-use","Use it when the procedure must deliberately update caller data","assets/diagrams/stage10-infographics/stage10-lesson-132-use.jpg","inventory-only","","","inventory-only","132","OPTIONAL / EXTEND",""
"stage10-lesson-132-value","By value means the subroutine works with a copy","assets/diagrams/stage10-infographics/stage10-lesson-132-value.jpg","inventory-only","","","inventory-only","132","OPTIONAL / EXTEND",""
"stage10-lesson-133-compare","Local and global variables differ by accessibility and lifetime","assets/diagrams/stage10-infographics/stage10-lesson-133-compare.jpg","inventory-only","","","inventory-only","133","OPTIONAL / EXTEND",""
"stage10-lesson-133-global","Global variables are declared outside subroutines and can be accessed widely","assets/diagrams/stage10-infographics/stage10-lesson-133-global.jpg","inventory-only","","","inventory-only","133","OPTIONAL / EXTEND",""
"stage10-lesson-133-java","Java helps illustrate scope, but Cambridge pseudocode remains the answer format","assets/diagrams/stage10-infographics/stage10-lesson-133-java.jpg","inventory-only","","","inventory-only","133","OPTIONAL / EXTEND",""
"stage10-lesson-133-lifetime","Lifetime means how long a variable exists during execution","assets/diagrams/stage10-infographics/stage10-lesson-133-lifetime.jpg","inventory-only","","","inventory-only","133","OPTIONAL / EXTEND",""
"stage10-lesson-133-local","Local variables are declared inside a subroutine or block","assets/diagrams/stage10-infographics/stage10-lesson-133-local.jpg","inventory-only","","","inventory-only","133","OPTIONAL / EXTEND",""
"stage10-lesson-133-scope","Scope means where a variable or identifier can be accessed","assets/diagrams/stage10-infographics/stage10-lesson-133-scope.jpg","inventory-only","","","inventory-only","133","OPTIONAL / EXTEND",""
"stage10-lesson-133-shadowing","A local variable can hide a global variable with the same name","assets/diagrams/stage10-infographics/stage10-lesson-133-shadowing.jpg","inventory-only","","","inventory-only","133","OPTIONAL / EXTEND",""
"stage10-lesson-134-case","LCASE and UCASE convert one CHAR","assets/diagrams/stage10-infographics/stage10-lesson-134-case.jpg","inventory-only","","","inventory-only","134","OPTIONAL / EXTEND",""
"stage10-lesson-134-concat","Concatenation joins STRING values","assets/diagrams/stage10-infographics/stage10-lesson-134-concat.jpg","inventory-only","","","inventory-only","134","OPTIONAL / EXTEND",""
"stage10-lesson-134-java","MID and Java substring use different positions","assets/diagrams/stage10-infographics/stage10-lesson-134-java.jpg","inventory-only","","","inventory-only","134","OPTIONAL / EXTEND",""
"stage10-lesson-134-lab","Test a built-in function","assets/diagrams/stage10-infographics/stage10-lesson-134-lab.jpg","inventory-only","","","inventory-only","134","OPTIONAL / EXTEND",""
"stage10-lesson-134-length","LENGTH(String) returns the number of characters","assets/diagrams/stage10-infographics/stage10-lesson-134-length.jpg","inventory-only","","","inventory-only","134","OPTIONAL / EXTEND",""
"stage10-lesson-134-position","Exam traces must follow the position convention stated or implied","assets/diagrams/stage10-infographics/stage10-lesson-134-position.jpg","inventory-only","","","inventory-only","134","OPTIONAL / EXTEND",""
"stage10-lesson-134-strings","A string is a sequence of characters","assets/diagrams/stage10-infographics/stage10-lesson-134-strings.jpg","inventory-only","","","inventory-only","134","OPTIONAL / EXTEND",""
"stage10-lesson-134-substring","Use the string-function definition supplied in the question","assets/diagrams/stage10-infographics/stage10-lesson-134-substring.jpg","assigned","S11.03","072","whole-course-active","129","CORE / TEACH","Reviewed syllabus visualEvidence contract"
"stage10-lesson-135-calculator","Compare / , DIV and MOD","assets/diagrams/stage10-infographics/stage10-lesson-135-calculator.jpg","inventory-only","","","inventory-only","135","OPTIONAL / EXTEND",""
"stage10-lesson-135-division","DIV returns the whole-number quotient","assets/diagrams/stage10-infographics/stage10-lesson-135-division.jpg","inventory-only","","","inventory-only","135","OPTIONAL / EXTEND",""
"stage10-lesson-135-java","Java can support the idea, but Cambridge pseudocode remains the answer format","assets/diagrams/stage10-infographics/stage10-lesson-135-java.jpg","inventory-only","","","inventory-only","135","OPTIONAL / EXTEND",""
"stage10-lesson-135-mod","MOD returns the remainder","assets/diagrams/stage10-infographics/stage10-lesson-135-mod.jpg","inventory-only","","","inventory-only","135","OPTIONAL / EXTEND",""
"stage10-lesson-135-operators","Operators combine values to calculate a result","assets/diagrams/stage10-infographics/stage10-lesson-135-operators.jpg","inventory-only","","","inventory-only","135","OPTIONAL / EXTEND",""
"stage10-lesson-135-patterns","DIV and MOD often appear in practical algorithm tasks","assets/diagrams/stage10-infographics/stage10-lesson-135-patterns.jpg","inventory-only","","","inventory-only","135","OPTIONAL / EXTEND",""
"stage10-lesson-135-precedence","Use brackets when the intended order matters","assets/diagrams/stage10-infographics/stage10-lesson-135-precedence.jpg","inventory-only","","","inventory-only","135","OPTIONAL / EXTEND",""
"stage10-lesson-135-relationship","Use the identity to check your answer","assets/diagrams/stage10-infographics/stage10-lesson-135-relationship.jpg","inventory-only","","","inventory-only","135","OPTIONAL / EXTEND",""
"stage10-lesson-136-formatter","Build a readable result line","assets/diagrams/stage10-infographics/stage10-lesson-136-formatter.jpg","inventory-only","","","inventory-only","136","OPTIONAL / EXTEND",""
"stage10-lesson-136-formatting","Formatting means controlling how values are shown","assets/diagrams/stage10-infographics/stage10-lesson-136-formatting.jpg","inventory-only","","","inventory-only","136","OPTIONAL / EXTEND",""
"stage10-lesson-136-input","INPUT reads data and stores it in a variable","assets/diagrams/stage10-infographics/stage10-lesson-136-input.jpg","inventory-only","","","inventory-only","136","OPTIONAL / EXTEND",""
"stage10-lesson-136-java","Java I/O syntax is not Cambridge pseudocode","assets/diagrams/stage10-infographics/stage10-lesson-136-java.jpg","inventory-only","","","inventory-only","136","OPTIONAL / EXTEND",""
"stage10-lesson-136-output","OUTPUT displays text, values or expressions","assets/diagrams/stage10-infographics/stage10-lesson-136-output.jpg","inventory-only","","","inventory-only","136","OPTIONAL / EXTEND",""
"stage10-lesson-136-prompts","A good prompt tells the user what to enter and the expected format","assets/diagrams/stage10-infographics/stage10-lesson-136-prompts.jpg","inventory-only","","","inventory-only","136","OPTIONAL / EXTEND",""
"stage10-lesson-136-tables","Formatted output can make repeated records readable","assets/diagrams/stage10-infographics/stage10-lesson-136-tables.jpg","inventory-only","","","inventory-only","136","OPTIONAL / EXTEND",""
"stage10-lesson-136-types","Input data must be used with the correct data type","assets/diagrams/stage10-infographics/stage10-lesson-136-types.jpg","inventory-only","","","inventory-only","136","OPTIONAL / EXTEND",""
"stage10-lesson-137-append","FOR APPEND adds new data to the end","assets/diagrams/stage10-infographics/stage10-lesson-137-append.jpg","inventory-only","","","inventory-only","137","OPTIONAL / EXTEND",""
"stage10-lesson-137-close","CLOSEFILE completes the pattern","assets/diagrams/stage10-infographics/stage10-lesson-137-close.jpg","inventory-only","","","inventory-only","137","OPTIONAL / EXTEND",""
"stage10-lesson-137-eof","EOF prevents reading past the end of the file","assets/diagrams/stage10-infographics/stage10-lesson-137-eof.jpg","inventory-only","","","inventory-only","137","OPTIONAL / EXTEND",""
"stage10-lesson-137-java","Java file handling helps understanding, but does not replace pseudocode","assets/diagrams/stage10-infographics/stage10-lesson-137-java.jpg","inventory-only","","","inventory-only","137","OPTIONAL / EXTEND",""
"stage10-lesson-137-modes","The mode controls what the program intends to do with the file","assets/diagrams/stage10-infographics/stage10-lesson-137-modes.jpg","inventory-only","","","inventory-only","137","OPTIONAL / EXTEND",""
"stage10-lesson-137-purpose","Files store data outside the running program","assets/diagrams/stage10-infographics/stage10-lesson-137-purpose.jpg","inventory-only","","","inventory-only","137","OPTIONAL / EXTEND",""
"stage10-lesson-137-read","Read every line using WHILE NOT EOF","assets/diagrams/stage10-infographics/stage10-lesson-137-read.jpg","inventory-only","","","inventory-only","137","OPTIONAL / EXTEND",""
"stage10-lesson-137-write","FOR WRITE writes new contents","assets/diagrams/stage10-infographics/stage10-lesson-137-write.jpg","inventory-only","","","inventory-only","137","OPTIONAL / EXTEND",""
"stage10-lesson-138-boundary","Extreme or boundary data uses valid values at accepted limits","assets/diagrams/stage10-infographics/stage10-lesson-138-boundary.jpg","assigned","S12.07","087","whole-course-active","146","CORE / TEACH","Reviewed syllabus visualEvidence contract"
"stage10-lesson-138-erroneous","Abnormal data is invalid data that should be rejected","assets/diagrams/stage10-infographics/stage10-lesson-138-erroneous.jpg","inventory-only","","","inventory-only","138","OPTIONAL / EXTEND",""
"stage10-lesson-138-java","Java can help you run examples, but Cambridge pseudocode is the exam answer format","assets/diagrams/stage10-infographics/stage10-lesson-138-java.jpg","inventory-only","","","inventory-only","138","OPTIONAL / EXTEND",""
"stage10-lesson-138-normal","Normal data is valid, typical data inside the allowed range","assets/diagrams/stage10-infographics/stage10-lesson-138-normal.jpg","inventory-only","","","inventory-only","138","OPTIONAL / EXTEND",""
"stage10-lesson-138-purpose","Testing compares actual results with expected results","assets/diagrams/stage10-infographics/stage10-lesson-138-purpose.jpg","inventory-only","","","inventory-only","138","OPTIONAL / EXTEND",""
"stage10-lesson-138-table","A clear test table turns thinking into marks","assets/diagrams/stage10-infographics/stage10-lesson-138-table.jpg","inventory-only","","","inventory-only","138","OPTIONAL / EXTEND",""
"stage10-lesson-138-validation","Testing checks validation against expected results","assets/diagrams/stage10-infographics/stage10-lesson-138-validation.jpg","inventory-only","","","inventory-only","138","OPTIONAL / EXTEND",""
"stage10-lesson-139-breakpoint","A breakpoint pauses execution at a chosen line","assets/diagrams/stage10-infographics/stage10-lesson-139-breakpoint.jpg","assigned","S5.07","030","whole-course-active","139","OPTIONAL / EXTEND","Provides a concrete IDE debugging example by showing where a breakpoint pauses execution."
"stage10-lesson-139-bug","Analyse and amend an existing program","assets/diagrams/stage10-infographics/stage10-lesson-139-bug.jpg","assigned","S12.09","089","whole-course-active","146","CORE / TEACH","Reviewed syllabus visualEvidence contract"
"stage10-lesson-139-java","Java debugging tools help practice, but Cambridge pseudocode remains the exam format","assets/diagrams/stage10-infographics/stage10-lesson-139-java.jpg","inventory-only","","","inventory-only","139","OPTIONAL / EXTEND",""
"stage10-lesson-139-purpose","Debugging locates and corrects faults","assets/diagrams/stage10-infographics/stage10-lesson-139-purpose.jpg","inventory-only","","","inventory-only","139","OPTIONAL / EXTEND",""
"stage10-lesson-139-stepping","Step through code one instruction at a time","assets/diagrams/stage10-infographics/stage10-lesson-139-stepping.jpg","inventory-only","","","inventory-only","139","OPTIONAL / EXTEND",""
"stage10-lesson-139-watch","Watching variables shows state changes while stepping","assets/diagrams/stage10-infographics/stage10-lesson-139-watch.jpg","inventory-only","","","inventory-only","139","OPTIONAL / EXTEND",""
"stage10-lesson-140-checks","Pick the check that matches the rule","assets/diagrams/stage10-infographics/stage10-lesson-140-checks.jpg","inventory-only","","","inventory-only","140","OPTIONAL / EXTEND",""
"stage10-lesson-140-integration","Validation and modularity support each other","assets/diagrams/stage10-infographics/stage10-lesson-140-integration.jpg","inventory-only","","","inventory-only","140","OPTIONAL / EXTEND",""
"stage10-lesson-140-java","Java methods can model modularity, but Cambridge pseudocode remains the exam format","assets/diagrams/stage10-infographics/stage10-lesson-140-java.jpg","assigned","S11.09","079","whole-course-active","134","CORE / TEACH","Reviewed syllabus visualEvidence contract"
"stage10-lesson-140-modularity","Modular design splits a solution into smaller named parts","assets/diagrams/stage10-infographics/stage10-lesson-140-modularity.jpg","inventory-only","","","inventory-only","140","OPTIONAL / EXTEND",""
"stage10-lesson-140-module-tool","Choose a module for each responsibility","assets/diagrams/stage10-infographics/stage10-lesson-140-module-tool.jpg","inventory-only","","","inventory-only","140","OPTIONAL / EXTEND",""
"stage10-lesson-140-parameters","Pass data into a module and return only what is needed","assets/diagrams/stage10-infographics/stage10-lesson-140-parameters.jpg","inventory-only","","","inventory-only","140","OPTIONAL / EXTEND",""
"stage10-lesson-140-robust","A robust program handles expected misuse without collapsing","assets/diagrams/stage10-infographics/stage10-lesson-140-robust.jpg","inventory-only","","","inventory-only","140","OPTIONAL / EXTEND",""
"stage10-lesson-140-validation","Validation checks whether data is acceptable for the program","assets/diagrams/stage10-infographics/stage10-lesson-140-validation.jpg","inventory-only","","","inventory-only","140","OPTIONAL / EXTEND",""
"stage10-lesson-140-validator","Check whether a mark input is robustly acceptable","assets/diagrams/stage10-infographics/stage10-lesson-140-validator.jpg","inventory-only","","","inventory-only","140","OPTIONAL / EXTEND",""
"stage10-lesson-141-arrays","Use Cambridge array notation consistently","assets/diagrams/stage10-infographics/stage10-lesson-141-arrays.jpg","inventory-only","","","inventory-only","141","OPTIONAL / EXTEND",""
"stage10-lesson-141-assignment","Use the assignment arrow for storing a value","assets/diagrams/stage10-infographics/stage10-lesson-141-assignment.jpg","inventory-only","","","inventory-only","141","OPTIONAL / EXTEND",""
"stage10-lesson-141-checkpoint","5-minute quiz focus","assets/diagrams/stage10-infographics/stage10-lesson-141-checkpoint.jpg","inventory-only","","","inventory-only","141","OPTIONAL / EXTEND",""
"stage10-lesson-141-io","Replace library calls with algorithm keywords","assets/diagrams/stage10-infographics/stage10-lesson-141-io.jpg","inventory-only","","","inventory-only","141","OPTIONAL / EXTEND",""
"stage10-lesson-141-loops","Choose the loop keyword that matches the logic","assets/diagrams/stage10-infographics/stage10-lesson-141-loops.jpg","inventory-only","","","inventory-only","141","OPTIONAL / EXTEND",""
"stage10-lesson-141-selection","Use IF , THEN , ELSE , ENDIF","assets/diagrams/stage10-infographics/stage10-lesson-141-selection.jpg","inventory-only","","","inventory-only","141","OPTIONAL / EXTEND",""
"stage10-lesson-141-spotter","Spot the Java-only syntax in an exam answer","assets/diagrams/stage10-infographics/stage10-lesson-141-spotter.jpg","inventory-only","","","inventory-only","141","OPTIONAL / EXTEND",""
"stage10-lesson-141-standard","Translate a flowchart or structured English into pseudocode","assets/diagrams/stage10-infographics/stage10-lesson-141-standard.jpg","assigned","S11.01","069","whole-course-active","127","CORE / TEACH","Reviewed syllabus visualEvidence contract"
"stage10-lesson-141-subroutines","Use PROCEDURE and FUNCTION instead of Java method wrappers","assets/diagrams/stage10-infographics/stage10-lesson-141-subroutines.jpg","inventory-only","","","inventory-only","141","OPTIONAL / EXTEND",""
"stage10-lesson-142-arrays","Arrays need consistent indexing and meaningful loop bounds","assets/diagrams/stage10-infographics/stage10-lesson-142-arrays.jpg","review-only","","","inventory-only","142","OPTIONAL / EXTEND",""
"stage10-lesson-142-checklist","Use a checklist before calling a fragment finished","assets/diagrams/stage10-infographics/stage10-lesson-142-checklist.jpg","review-only","","","inventory-only","142","OPTIONAL / EXTEND",""
"stage10-lesson-142-debugging","Review answers should be traceable","assets/diagrams/stage10-infographics/stage10-lesson-142-debugging.jpg","review-only","","","inventory-only","142","OPTIONAL / EXTEND",""
"stage10-lesson-142-files","File fragments need open, process and close","assets/diagrams/stage10-infographics/stage10-lesson-142-files.jpg","review-only","","","inventory-only","142","OPTIONAL / EXTEND",""
"stage10-lesson-142-fragment","A complete fragment has setup, logic and result","assets/diagrams/stage10-infographics/stage10-lesson-142-fragment.jpg","review-only","","","inventory-only","142","OPTIONAL / EXTEND",""
"stage10-lesson-142-java","Java can support practice; the review answer should be Cambridge pseudocode","assets/diagrams/stage10-infographics/stage10-lesson-142-java.jpg","review-only","","","inventory-only","142","OPTIONAL / EXTEND",""
"stage10-lesson-142-review-map","Section 11 tools become stronger when combined","assets/diagrams/stage10-infographics/stage10-lesson-142-review-map.jpg","review-only","","","inventory-only","142","OPTIONAL / EXTEND",""
"stage10-lesson-142-subroutines","Use functions for returned values and procedures for actions","assets/diagrams/stage10-infographics/stage10-lesson-142-subroutines.jpg","review-only","","","inventory-only","142","OPTIONAL / EXTEND",""
"stage10-lesson-142-validation","Review fragments often need input checks","assets/diagrams/stage10-infographics/stage10-lesson-142-validation.jpg","review-only","","","inventory-only","142","OPTIONAL / EXTEND",""
"stage10-lesson-143-agile","Why short feedback cycles support change","assets/diagrams/stage10-infographics/stage10-lesson-143-agile.jpg","inventory-only","","","inventory-only","143","OPTIONAL / EXTEND",""
"stage10-lesson-143-artefacts","Why artefacts make decisions traceable","assets/diagrams/stage10-infographics/stage10-lesson-143-artefacts.jpg","inventory-only","","","inventory-only","143","OPTIONAL / EXTEND",""
"stage10-lesson-143-compare","How project conditions choose a model","assets/diagrams/stage10-infographics/stage10-lesson-143-compare.jpg","inventory-only","","","inventory-only","143","OPTIONAL / EXTEND",""
"stage10-lesson-143-iterative","Why repeated cycles expose mistakes","assets/diagrams/stage10-infographics/stage10-lesson-143-iterative.jpg","inventory-only","","","inventory-only","143","OPTIONAL / EXTEND",""
"stage10-lesson-143-purpose","Why a lifecycle reduces uncertainty","assets/diagrams/stage10-infographics/stage10-lesson-143-purpose.jpg","inventory-only","","","inventory-only","143","OPTIONAL / EXTEND",""
"stage10-lesson-143-rad","Rapid application development (RAD)","assets/diagrams/stage10-infographics/stage10-lesson-143-rad.jpg","assigned","S12.01","081","whole-course-active","143","CORE / TEACH","Reviewed syllabus visualEvidence contract"
"stage10-lesson-143-stages","How one stage supplies the next","assets/diagrams/stage10-infographics/stage10-lesson-143-stages.jpg","inventory-only","","","inventory-only","143","OPTIONAL / EXTEND",""
"stage10-lesson-143-waterfall","Why sequence helps and resists change","assets/diagrams/stage10-infographics/stage10-lesson-143-waterfall.jpg","inventory-only","","","inventory-only","143","OPTIONAL / EXTEND",""
"stage10-lesson-144-acceptance","Acceptance tests check whether requirements are met","assets/diagrams/stage10-infographics/stage10-lesson-144-acceptance.jpg","inventory-only","","","inventory-only","144","OPTIONAL / EXTEND",""
"stage10-lesson-144-analysis","Analysis turns user needs into a requirements specification","assets/diagrams/stage10-infographics/stage10-lesson-144-analysis.jpg","inventory-only","","","inventory-only","144","OPTIONAL / EXTEND",""
"stage10-lesson-144-criteria-tool","Is the criterion testable?","assets/diagrams/stage10-infographics/stage10-lesson-144-criteria-tool.jpg","inventory-only","","","inventory-only","144","OPTIONAL / EXTEND",""
"stage10-lesson-144-functional","Functional requirements describe what the system must do","assets/diagrams/stage10-infographics/stage10-lesson-144-functional.jpg","inventory-only","","","inventory-only","144","OPTIONAL / EXTEND",""
"stage10-lesson-144-non-functional","Non-functional requirements describe qualities or constraints","assets/diagrams/stage10-infographics/stage10-lesson-144-non-functional.jpg","inventory-only","","","inventory-only","144","OPTIONAL / EXTEND",""
"stage10-lesson-144-rewriter","Turn vague requests into stronger requirements","assets/diagrams/stage10-infographics/stage10-lesson-144-rewriter.jpg","inventory-only","","","inventory-only","144","OPTIONAL / EXTEND",""
"stage10-lesson-144-stakeholders","Different users reveal different requirements","assets/diagrams/stage10-infographics/stage10-lesson-144-stakeholders.jpg","inventory-only","","","inventory-only","144","OPTIONAL / EXTEND",""
"stage10-lesson-144-success","Success criteria make evaluation possible","assets/diagrams/stage10-infographics/stage10-lesson-144-success.jpg","inventory-only","","","inventory-only","144","OPTIONAL / EXTEND",""
"stage10-lesson-145-algorithms","Structure charts, derived pseudocode and state transitions","assets/diagrams/stage10-infographics/stage10-lesson-145-algorithms.jpg","assigned","S12.02;S12.03","082","whole-course-active","144","CORE / TEACH","The visual primarily explains structure charts and derived pseudocode.;Reviewed syllabus visualEvidence contract"
"stage10-lesson-145-dictionary-tool","Inspect a field definition","assets/diagrams/stage10-infographics/stage10-lesson-145-dictionary-tool.jpg","inventory-only","","","inventory-only","145","OPTIONAL / EXTEND",""
"stage10-lesson-145-dictionary","A data dictionary defines each data item consistently","assets/diagrams/stage10-infographics/stage10-lesson-145-dictionary.jpg","inventory-only","","","inventory-only","145","OPTIONAL / EXTEND",""
"stage10-lesson-145-interfaces","Interface designs show how users will enter data and navigate the system","assets/diagrams/stage10-infographics/stage10-lesson-145-interfaces.jpg","inventory-only","","","inventory-only","145","OPTIONAL / EXTEND",""
"stage10-lesson-145-lifecycle","Design documentation supports implementation, testing and maintenance","assets/diagrams/stage10-infographics/stage10-lesson-145-lifecycle.jpg","inventory-only","","","inventory-only","145","OPTIONAL / EXTEND",""
"stage10-lesson-145-purpose","Design documents translate requirements into a buildable plan","assets/diagrams/stage10-infographics/stage10-lesson-145-purpose.jpg","inventory-only","","","inventory-only","145","OPTIONAL / EXTEND",""
"stage10-lesson-145-traceability","Traceability keeps the design connected to the original need","assets/diagrams/stage10-infographics/stage10-lesson-145-traceability.jpg","inventory-only","","","inventory-only","145","OPTIONAL / EXTEND",""
"stage10-lesson-146-changeover","Test strategy and test plan are different documents","assets/diagrams/stage10-infographics/stage10-lesson-146-changeover.jpg","assigned","S12.06","086","whole-course-active","146","CORE / TEACH","Reviewed syllabus visualEvidence contract"
"stage10-lesson-146-data-tool","Classify input for NumberOfStudents, valid range 1 to 30","assets/diagrams/stage10-infographics/stage10-lesson-146-data-tool.jpg","inventory-only","","","inventory-only","146","OPTIONAL / EXTEND",""
"stage10-lesson-146-evaluation","Evaluation uses requirements and measurable success criteria","assets/diagrams/stage10-infographics/stage10-lesson-146-evaluation.jpg","inventory-only","","","inventory-only","146","OPTIONAL / EXTEND",""
"stage10-lesson-146-implementation","Implementation turns the design into a working system","assets/diagrams/stage10-infographics/stage10-lesson-146-implementation.jpg","inventory-only","","","inventory-only","146","OPTIONAL / EXTEND",""
"stage10-lesson-146-maintenance","Maintenance changes a system after it has been delivered","assets/diagrams/stage10-infographics/stage10-lesson-146-maintenance.jpg","assigned","S12.08","088","whole-course-active","146","CORE / TEACH","Reviewed syllabus visualEvidence contract"
"stage10-lesson-146-stage-tool","Which lifecycle stage is being described?","assets/diagrams/stage10-infographics/stage10-lesson-146-stage-tool.jpg","inventory-only","","","inventory-only","146","OPTIONAL / EXTEND",""
"stage10-lesson-146-test-data","Good testing uses different categories of data","assets/diagrams/stage10-infographics/stage10-lesson-146-test-data.jpg","assigned","S12.05","085","whole-course-active","146","CORE / TEACH","Reviewed syllabus visualEvidence contract"
"stage10-lesson-146-testing","Testing is planned evidence that the system behaves as expected","assets/diagrams/stage10-infographics/stage10-lesson-146-testing.jpg","inventory-only","","","inventory-only","146","OPTIONAL / EXTEND",""
"stage10-lesson-147-analysis","From vague request to measurable criteria","assets/diagrams/stage10-infographics/stage10-lesson-147-analysis.jpg","review-only","","","inventory-only","147","OPTIONAL / EXTEND",""
"stage10-lesson-147-answer-tool","Turn a weak line into a mark-worthy line","assets/diagrams/stage10-infographics/stage10-lesson-147-answer-tool.jpg","review-only","","","inventory-only","147","OPTIONAL / EXTEND",""
"stage10-lesson-147-case-tool","Identify the Section 12 concept","assets/diagrams/stage10-infographics/stage10-lesson-147-case-tool.jpg","review-only","","","inventory-only","147","OPTIONAL / EXTEND",""
"stage10-lesson-147-case","School activity sign-up system","assets/diagrams/stage10-infographics/stage10-lesson-147-case.jpg","review-only","","","inventory-only","147","OPTIONAL / EXTEND",""
"stage10-lesson-147-commands","Match response depth to the command","assets/diagrams/stage10-infographics/stage10-lesson-147-commands.jpg","review-only","","","inventory-only","147","OPTIONAL / EXTEND",""
"stage10-lesson-147-design","Design answers must name the artefact","assets/diagrams/stage10-infographics/stage10-lesson-147-design.jpg","review-only","","","inventory-only","147","OPTIONAL / EXTEND",""
"stage10-lesson-147-evaluation","After release, classify changes and judge success with evidence","assets/diagrams/stage10-infographics/stage10-lesson-147-evaluation.jpg","review-only","","","inventory-only","147","OPTIONAL / EXTEND",""
"stage10-lesson-147-lifecycle","One scenario, many stages","assets/diagrams/stage10-infographics/stage10-lesson-147-lifecycle.jpg","review-only","","","inventory-only","147","OPTIONAL / EXTEND",""
"stage10-lesson-147-testing","Test cases need data, expected result and purpose","assets/diagrams/stage10-infographics/stage10-lesson-147-testing.jpg","review-only","","","inventory-only","147","OPTIONAL / EXTEND",""
"stage10-lesson-148-algorithms","Good pseudocode is precise enough to trace","assets/diagrams/stage10-infographics/stage10-lesson-148-algorithms.jpg","review-only","","","inventory-only","148","OPTIONAL / EXTEND",""
"stage10-lesson-148-files","Persistent data needs clear read/write logic","assets/diagrams/stage10-infographics/stage10-lesson-148-files.jpg","review-only","","","inventory-only","148","OPTIONAL / EXTEND",""
"stage10-lesson-148-selection","The reason matters more than the name","assets/diagrams/stage10-infographics/stage10-lesson-148-selection.jpg","review-only","","","inventory-only","148","OPTIONAL / EXTEND",""
"stage10-lesson-148-strategy","Choose the tool before writing the answer","assets/diagrams/stage10-infographics/stage10-lesson-148-strategy.jpg","review-only","","","inventory-only","148","OPTIONAL / EXTEND",""
"stage10-lesson-148-structure-tool","Choose the structure and explain why","assets/diagrams/stage10-infographics/stage10-lesson-148-structure-tool.jpg","review-only","","","inventory-only","148","OPTIONAL / EXTEND",""
"stage10-lesson-148-structures","Choose structures by how the data is used","assets/diagrams/stage10-infographics/stage10-lesson-148-structures.jpg","review-only","","","inventory-only","148","OPTIONAL / EXTEND",""
"stage10-lesson-148-trace-tool","Calculate Total for the selected score list","assets/diagrams/stage10-infographics/stage10-lesson-148-trace-tool.jpg","review-only","","","inventory-only","148","OPTIONAL / EXTEND",""
"stage10-lesson-149-construct-tool","Identify the construct from the scenario","assets/diagrams/stage10-infographics/stage10-lesson-149-construct-tool.jpg","review-only","","","inventory-only","149","OPTIONAL / EXTEND",""
"stage10-lesson-149-constructs","Constructs control the order in which statements run","assets/diagrams/stage10-infographics/stage10-lesson-149-constructs.jpg","review-only","","","inventory-only","149","OPTIONAL / EXTEND",""
"stage10-lesson-149-file-tool","Choose READ, WRITE or APPEND","assets/diagrams/stage10-infographics/stage10-lesson-149-file-tool.jpg","review-only","","","inventory-only","149","OPTIONAL / EXTEND",""
"stage10-lesson-149-files","Open the file in the correct mode, process records, then close it","assets/diagrams/stage10-infographics/stage10-lesson-149-files.jpg","review-only","","","inventory-only","149","OPTIONAL / EXTEND",""
"stage10-lesson-149-iteration","Choose the loop by what is known before the loop starts","assets/diagrams/stage10-infographics/stage10-lesson-149-iteration.jpg","review-only","","","inventory-only","149","OPTIONAL / EXTEND",""
"stage10-lesson-149-selection","Use IF for decisions, CASE for clean multi-way choices","assets/diagrams/stage10-infographics/stage10-lesson-149-selection.jpg","review-only","","","inventory-only","149","OPTIONAL / EXTEND",""
"stage10-lesson-149-subprograms","Subprograms reduce repetition and make code testable","assets/diagrams/stage10-infographics/stage10-lesson-149-subprograms.jpg","review-only","","","inventory-only","149","OPTIONAL / EXTEND",""
"stage10-lesson-149-validation","Validation rejects unsuitable input before it damages the logic","assets/diagrams/stage10-infographics/stage10-lesson-149-validation.jpg","review-only","","","inventory-only","149","OPTIONAL / EXTEND",""
"stage10-lesson-150-constructs","Choose the smallest construct that fits the task","assets/diagrams/stage10-infographics/stage10-lesson-150-constructs.jpg","review-only","","","inventory-only","150","OPTIONAL / EXTEND",""
"stage10-lesson-150-method","The four-pass approach","assets/diagrams/stage10-infographics/stage10-lesson-150-method.jpg","review-only","","","inventory-only","150","OPTIONAL / EXTEND",""
"stage10-lesson-150-quality","Before moving on, ask six questions","assets/diagrams/stage10-infographics/stage10-lesson-150-quality.jpg","review-only","","","inventory-only","150","OPTIONAL / EXTEND",""
"stage10-lesson-150-skeleton-tool","Build the outer shape before details","assets/diagrams/stage10-infographics/stage10-lesson-150-skeleton-tool.jpg","review-only","","","inventory-only","150","OPTIONAL / EXTEND",""
"stage10-lesson-150-timer-tool","Choose a mark value and plan the response","assets/diagrams/stage10-infographics/stage10-lesson-150-timer-tool.jpg","review-only","","","inventory-only","150","OPTIONAL / EXTEND",""
"stage10-lesson-150-timing","Spend time according to marks","assets/diagrams/stage10-infographics/stage10-lesson-150-timing.jpg","review-only","","","inventory-only","150","OPTIONAL / EXTEND",""
"stage10-lesson-151-correction","The four-line correction format","assets/diagrams/stage10-infographics/stage10-lesson-151-correction.jpg","review-only","","","inventory-only","151","OPTIONAL / EXTEND",""
"stage10-lesson-151-marking","Translate feedback into a repeatable checklist","assets/diagrams/stage10-infographics/stage10-lesson-151-marking.jpg","review-only","","","inventory-only","151","OPTIONAL / EXTEND",""
"stage10-lesson-151-sections","Know which skill the mark scheme is testing","assets/diagrams/stage10-infographics/stage10-lesson-151-sections.jpg","review-only","","","inventory-only","151","OPTIONAL / EXTEND",""
"stage10-lesson-151-triage","Sort errors before trying to fix everything","assets/diagrams/stage10-infographics/stage10-lesson-151-triage.jpg","review-only","","","inventory-only","151","OPTIONAL / EXTEND",""
