"lessonNumber","lessonKey","section","syllabusId","objectiveId","atomicObjective","defaultVisibleTeachingEvidence","materialTypes","materialTitles","questionIds","pastPaperReference","reviewStatus","desktopEvidence","mobileEvidence","confidence"
"001","S1-L01","1","S1.01","S1.01.A01","Show understanding of binary magnitudes and the difference between binary prefixes and decimal prefixes","Binary and decimal prefixes use different scales","analogy | table | worked-example | reviewed-visual","Preserve meaning while changing representation | Compare by technical factor | Binary and decimal prefixes use different scales: complete worked route | The storage ladder","V3-Q-L001-01 | V3-Q-L001-02","","reviewed","audits/course-v3-visual-evidence/full-pages/desktop/lesson-001.png","audits/course-v3-visual-evidence/full-pages/mobile-390/lesson-001.png","high"
"001","S1-L01","1","S1.01","S1.01.A02","Understand the difference between and use: kibi and kilo; mebi and mega; gibi and giga; tebi and tera","Binary and decimal prefixes use different scales","analogy | table | worked-example | reviewed-visual","Preserve meaning while changing representation | Compare by technical factor | Binary and decimal prefixes use different scales: complete worked route | The storage ladder","V3-Q-L001-01 | V3-Q-L001-02 | V3-Q-L001-03","","reviewed","audits/course-v3-visual-evidence/full-pages/desktop/lesson-001.png","audits/course-v3-visual-evidence/full-pages/mobile-390/lesson-001.png","high"
"002","S1-L02","1","S1.02","S1.02.A01","Show understanding of different number systems","Bases and signed representations answer different questions","table | worked-example | reviewed-visual","Compare by technical factor | Bases and signed representations answer different questions: complete worked route | Three ways to represent negative binary values","V3-002-S1.02-CHECK","","reviewed","audits/course-v3-visual-evidence/full-pages/desktop/lesson-002.png","audits/course-v3-visual-evidence/full-pages/mobile-390/lesson-002.png","high"
"002","S1-L02","1","S1.02","S1.02.A02","Use the binary, denary, hexadecimal number bases and Binary Coded Decimal (BCD) and one’s and two’s complement representation for binary numbers","Bases and signed representations answer different questions","table | worked-example | reviewed-visual","Compare by technical factor | Bases and signed representations answer different questions: complete worked route | Three ways to represent negative binary values","V3-Q-L002-01 | V3-Q-L002-02 | V3-Q-L002-03","","reviewed","audits/course-v3-visual-evidence/full-pages/desktop/lesson-002.png","audits/course-v3-visual-evidence/full-pages/mobile-390/lesson-002.png","high"
"002","S1-L02","1","S1.03","S1.03.A01","Show understanding of different number systems","Choose the conversion method from the target","flow | worked-example | reviewed-visual","Mechanism in examinable order | Choose the conversion method from the target: complete worked route | Two conversion directions, two reliable methods","V3-002-S1.03-CHECK","","reviewed","audits/course-v3-visual-evidence/full-pages/desktop/lesson-002.png","audits/course-v3-visual-evidence/full-pages/mobile-390/lesson-002.png","high"
"002","S1-L02","1","S1.03","S1.03.A02","Convert an integer value from one number base/representation to another","Choose the conversion method from the target","flow | worked-example | reviewed-visual","Mechanism in examinable order | Choose the conversion method from the target: complete worked route | Two conversion directions, two reliable methods","V3-Q-L002-01","","reviewed","audits/course-v3-visual-evidence/full-pages/desktop/lesson-002.png","audits/course-v3-visual-evidence/full-pages/mobile-390/lesson-002.png","high"
"003","S1-L03","1","S1.04","S1.04.A01","Perform binary addition and subtraction","Signed arithmetic keeps one fixed-width bit pattern","flow | worked-example | reviewed-visual","Mechanism in examinable order | Signed arithmetic keeps one fixed-width bit pattern: complete worked route | 8-bit addition method","V3-Q-L003-02 | V3-Q-L003-03","","reviewed","audits/course-v3-visual-evidence/full-pages/desktop/lesson-003.png","audits/course-v3-visual-evidence/full-pages/mobile-390/lesson-003.png","high"
"003","S1-L03","1","S1.04","S1.04.A02","Using positive and negative binary integers","Signed arithmetic keeps one fixed-width bit pattern","flow | worked-example | reviewed-visual","Mechanism in examinable order | Signed arithmetic keeps one fixed-width bit pattern: complete worked route | 8-bit addition method","V3-Q-L003-02 | V3-Q-L003-03","","reviewed","audits/course-v3-visual-evidence/full-pages/desktop/lesson-003.png","audits/course-v3-visual-evidence/full-pages/mobile-390/lesson-003.png","high"
"003","S1-L03","1","S1.05","S1.05.A01","Perform binary addition and subtraction","Overflow means the true result does not fit","table | worked-example | reviewed-visual","Decision evidence | Overflow means the true result does not fit: complete worked route | Unsigned 8-bit overflow","V3-Q-L003-02 | V3-Q-L003-03","","reviewed","audits/course-v3-visual-evidence/full-pages/desktop/lesson-003.png","audits/course-v3-visual-evidence/full-pages/mobile-390/lesson-003.png","high"
"003","S1-L03","1","S1.05","S1.05.A02","Show understanding of how overflow can occur","Overflow means the true result does not fit","table | worked-example | reviewed-visual","Decision evidence | Overflow means the true result does not fit: complete worked route | Unsigned 8-bit overflow","V3-Q-L003-01 | V3-Q-L003-02 | V3-Q-L003-03","","reviewed","audits/course-v3-visual-evidence/full-pages/desktop/lesson-003.png","audits/course-v3-visual-evidence/full-pages/mobile-390/lesson-003.png","high"
"004","S1-L04","1","S1.06","S1.06.A01","Describe practical applications where Binary Coded Decimal (BCD) and Hexadecimal are used","BCD and hexadecimal suit different real uses","table | worked-example","Compare by technical factor | BCD and hexadecimal suit different real uses: complete worked route","V3-Q-L004-01 | V3-Q-L004-02 | V3-Q-L004-03","","reviewed","audits/course-v3-visual-evidence/full-pages/desktop/lesson-004.png","audits/course-v3-visual-evidence/full-pages/mobile-390/lesson-004.png","high"
"004","S1-L04","1","S1.07","S1.07.A01","Show understanding of and be able to represent character data in its internal binary form, depending on the character set used","Character sets map symbols to binary codes","flow | worked-example | reviewed-visual","Mechanism in examinable order | Character sets map symbols to binary codes: complete worked route | ASCII and extended ASCII","V3-Q-L004-01 | V3-Q-L004-02 | V3-Q-L004-03","","reviewed","audits/course-v3-visual-evidence/full-pages/desktop/lesson-004.png","audits/course-v3-visual-evidence/full-pages/mobile-390/lesson-004.png","high"
"004","S1-L04","1","S1.07","S1.07.A02","Students are expected to be familiar with ASCII (American Standard Code for Information Interchange), extended ASCII and Unicode","Character sets map symbols to binary codes","flow | worked-example | reviewed-visual","Mechanism in examinable order | Character sets map symbols to binary codes: complete worked route | ASCII and extended ASCII","V3-Q-L004-01 | V3-Q-L004-02","","reviewed","audits/course-v3-visual-evidence/full-pages/desktop/lesson-004.png","audits/course-v3-visual-evidence/full-pages/mobile-390/lesson-004.png","high"
"004","S1-L04","1","S1.07","S1.07.A03","Students will not be expected to memorise any particular character codes","Character sets map symbols to binary codes","flow | worked-example | reviewed-visual","Mechanism in examinable order | Character sets map symbols to binary codes: complete worked route | ASCII and extended ASCII","V3-Q-L004-01 | V3-Q-L004-02","","reviewed","audits/course-v3-visual-evidence/full-pages/desktop/lesson-004.png","audits/course-v3-visual-evidence/full-pages/mobile-390/lesson-004.png","high"
"005","S1-L05","1","S1.08","S1.08.A01","Explain how pixels and a file header encode a bitmap.","A bitmap stores metadata plus a grid of pixels","cards | worked-example | reviewed-visual","Structure and relationships | A bitmap stores metadata plus a grid of pixels: complete worked route | Colour depth: bits per pixel","V3-Q-L005-01 | V3-Q-L005-02","","reviewed","audits/course-v3-visual-evidence/full-pages/desktop/lesson-005.png","audits/course-v3-visual-evidence/full-pages/mobile-390/lesson-005.png","high"
"005","S1-L05","1","S1.08","S1.08.A02","Distinguish image resolution from screen resolution.","A bitmap stores metadata plus a grid of pixels","cards | worked-example | reviewed-visual","Structure and relationships | A bitmap stores metadata plus a grid of pixels: complete worked route | Colour depth: bits per pixel","V3-005-S1.08-CHECK","","reviewed","audits/course-v3-visual-evidence/full-pages/desktop/lesson-005.png","audits/course-v3-visual-evidence/full-pages/mobile-390/lesson-005.png","high"
"005","S1-L05","1","S1.08","S1.08.A03","Explain colour depth as bits per pixel and the number of available colours.","A bitmap stores metadata plus a grid of pixels","cards | worked-example | reviewed-visual","Structure and relationships | A bitmap stores metadata plus a grid of pixels: complete worked route | Colour depth: bits per pixel","V3-Q-L005-01 | V3-Q-L005-02 | V3-Q-L005-03","","reviewed","audits/course-v3-visual-evidence/full-pages/desktop/lesson-005.png","audits/course-v3-visual-evidence/full-pages/mobile-390/lesson-005.png","high"
"005","S1-L05","1","S1.08","S1.08.A04","Calculate uncompressed bitmap pixel-data size and convert units.","A bitmap stores metadata plus a grid of pixels","cards | worked-example | reviewed-visual","Structure and relationships | A bitmap stores metadata plus a grid of pixels: complete worked route | Colour depth: bits per pixel","V3-Q-L005-02","","reviewed","audits/course-v3-visual-evidence/full-pages/desktop/lesson-005.png","audits/course-v3-visual-evidence/full-pages/mobile-390/lesson-005.png","high"
"005","S1-L05","1","S1.08","S1.08.A05","Explain how image resolution affects stored detail and file size.","A bitmap stores metadata plus a grid of pixels","cards | worked-example | reviewed-visual","Structure and relationships | A bitmap stores metadata plus a grid of pixels: complete worked route | Colour depth: bits per pixel","V3-Q-L005-03","","reviewed","audits/course-v3-visual-evidence/full-pages/desktop/lesson-005.png","audits/course-v3-visual-evidence/full-pages/mobile-390/lesson-005.png","high"
"005","S1-L05","1","S1.08","S1.08.A06","Explain how colour depth affects colour accuracy and file size.","A bitmap stores metadata plus a grid of pixels","cards | worked-example | reviewed-visual","Structure and relationships | A bitmap stores metadata plus a grid of pixels: complete worked route | Colour depth: bits per pixel","V3-Q-L005-02 | V3-Q-L005-03","","reviewed","audits/course-v3-visual-evidence/full-pages/desktop/lesson-005.png","audits/course-v3-visual-evidence/full-pages/mobile-390/lesson-005.png","high"
"005","S1-L05","1","S1.09","S1.09.A01","Explain a vector drawing list, its drawing objects and their properties.","A vector file stores drawing instructions","cards | worked-example | reviewed-visual","Structure and relationships | A vector file stores drawing instructions: complete worked route | Vector drawing list: objects, properties and redrawing","V3-Q-L005-01 | V3-Q-L005-03","","reviewed","audits/course-v3-visual-evidence/full-pages/desktop/lesson-005.png","audits/course-v3-visual-evidence/full-pages/mobile-390/lesson-005.png","high"
"005","S1-L05","1","S1.09","S1.09.A02","Explain why vector graphics scale without pixelation.","A vector file stores drawing instructions","cards | worked-example | reviewed-visual","Structure and relationships | A vector file stores drawing instructions: complete worked route | Vector drawing list: objects, properties and redrawing","V3-Q-L005-01","","reviewed","audits/course-v3-visual-evidence/full-pages/desktop/lesson-005.png","audits/course-v3-visual-evidence/full-pages/mobile-390/lesson-005.png","high"
"005","S1-L05","1","S1.09","S1.09.A03","Justify bitmap or vector representation for a given task.","A vector file stores drawing instructions","cards | worked-example | reviewed-visual","Structure and relationships | A vector file stores drawing instructions: complete worked route | Vector drawing list: objects, properties and redrawing","V3-005-S1.09-CHECK","","reviewed","audits/course-v3-visual-evidence/full-pages/desktop/lesson-005.png","audits/course-v3-visual-evidence/full-pages/mobile-390/lesson-005.png","high"
"006","S1-L06","1","S1.10","S1.10.A01","Explain sampling of an analogue sound wave.","Sampling measures a wave at discrete moments","flow | worked-example | reviewed-visual","Mechanism in examinable order | Separate the two quality controls | Sampling rate: samples per second","V3-Q-L006-02","","reviewed","audits/course-v3-visual-evidence/full-pages/desktop/lesson-006.png","audits/course-v3-visual-evidence/full-pages/mobile-390/lesson-006.png","high"
"006","S1-L06","1","S1.10","S1.10.A02","Explain quantisation and binary encoding of sample values.","Sampling measures a wave at discrete moments","flow | worked-example | reviewed-visual","Mechanism in examinable order | Separate the two quality controls | Sampling rate: samples per second","V3-Q-L006-02","","reviewed","audits/course-v3-visual-evidence/full-pages/desktop/lesson-006.png","audits/course-v3-visual-evidence/full-pages/mobile-390/lesson-006.png","high"
"006","S1-L06","1","S1.10","S1.10.A03","Explain the effect of sampling rate on time accuracy and file size.","Sampling measures a wave at discrete moments","flow | worked-example | reviewed-visual","Mechanism in examinable order | Separate the two quality controls | Sampling rate: samples per second","V3-Q-L006-02","","reviewed","audits/course-v3-visual-evidence/full-pages/desktop/lesson-006.png","audits/course-v3-visual-evidence/full-pages/mobile-390/lesson-006.png","high"
"006","S1-L06","1","S1.10","S1.10.A04","Explain the effect of sampling resolution on amplitude accuracy and file size.","Sampling measures a wave at discrete moments","flow | worked-example | reviewed-visual","Mechanism in examinable order | Separate the two quality controls | Sampling rate: samples per second","V3-Q-L006-02","","reviewed","audits/course-v3-visual-evidence/full-pages/desktop/lesson-006.png","audits/course-v3-visual-evidence/full-pages/mobile-390/lesson-006.png","high"
"006","S1-L06","1","S1.11","S1.11.A01","Explain why files are compressed.","Compression removes or rewrites repeated information","table | worked-example | reviewed-visual","Decision evidence | Encode and decode a run-length sequence | Choose a method for four file types | Lossless compression: exact reconstruction","V3-006-S1.11-CHECK","","reviewed","audits/course-v3-visual-evidence/full-pages/desktop/lesson-006.png","audits/course-v3-visual-evidence/full-pages/mobile-390/lesson-006.png","high"
"006","S1-L06","1","S1.11","S1.11.A02","Distinguish lossless and lossy compression by reconstruction and information loss.","Compression removes or rewrites repeated information","table | worked-example | reviewed-visual","Decision evidence | Encode and decode a run-length sequence | Choose a method for four file types | Lossless compression: exact reconstruction","V3-Q-L006-01 | V3-Q-L006-03","","reviewed","audits/course-v3-visual-evidence/full-pages/desktop/lesson-006.png","audits/course-v3-visual-evidence/full-pages/mobile-390/lesson-006.png","high"
"006","S1-L06","1","S1.11","S1.11.A03","Encode and decode run-length encoding and judge when it is effective.","Compression removes or rewrites repeated information","table | worked-example | reviewed-visual","Decision evidence | Encode and decode a run-length sequence | Choose a method for four file types | Lossless compression: exact reconstruction","V3-006-S1.11-CHECK","","reviewed","audits/course-v3-visual-evidence/full-pages/desktop/lesson-006.png","audits/course-v3-visual-evidence/full-pages/mobile-390/lesson-006.png","high"
"006","S1-L06","1","S1.11","S1.11.A04","Explain suitable lossless compression for ordinary text.","Compression removes or rewrites repeated information","table | worked-example | reviewed-visual","Decision evidence | Encode and decode a run-length sequence | Choose a method for four file types | Lossless compression: exact reconstruction","V3-Q-L006-01","","reviewed","audits/course-v3-visual-evidence/full-pages/desktop/lesson-006.png","audits/course-v3-visual-evidence/full-pages/mobile-390/lesson-006.png","high"
"006","S1-L06","1","S1.11","S1.11.A05","Explain lossless and lossy compression choices for bitmap images.","Compression removes or rewrites repeated information","table | worked-example | reviewed-visual","Decision evidence | Encode and decode a run-length sequence | Choose a method for four file types | Lossless compression: exact reconstruction","V3-Q-L006-03","","reviewed","audits/course-v3-visual-evidence/full-pages/desktop/lesson-006.png","audits/course-v3-visual-evidence/full-pages/mobile-390/lesson-006.png","high"
"006","S1-L06","1","S1.11","S1.11.A06","Explain lossless storage of repeated vector objects or properties.","Compression removes or rewrites repeated information","table | worked-example | reviewed-visual","Decision evidence | Encode and decode a run-length sequence | Choose a method for four file types | Lossless compression: exact reconstruction","V3-Q-L006-01","","reviewed","audits/course-v3-visual-evidence/full-pages/desktop/lesson-006.png","audits/course-v3-visual-evidence/full-pages/mobile-390/lesson-006.png","high"
"006","S1-L06","1","S1.11","S1.11.A07","Explain lossless and lossy compression choices for sound.","Compression removes or rewrites repeated information","table | worked-example | reviewed-visual","Decision evidence | Encode and decode a run-length sequence | Choose a method for four file types | Lossless compression: exact reconstruction","V3-Q-L006-03","","reviewed","audits/course-v3-visual-evidence/full-pages/desktop/lesson-006.png","audits/course-v3-visual-evidence/full-pages/mobile-390/lesson-006.png","high"
"006","S1-L06","1","S1.11","S1.11.A08","Justify a compression method from fidelity, repetition and intended use.","Compression removes or rewrites repeated information","table | worked-example | reviewed-visual","Decision evidence | Encode and decode a run-length sequence | Choose a method for four file types | Lossless compression: exact reconstruction","V3-Q-L006-01 | V3-Q-L006-03","","reviewed","audits/course-v3-visual-evidence/full-pages/desktop/lesson-006.png","audits/course-v3-visual-evidence/full-pages/mobile-390/lesson-006.png","high"
"007","S2-L01","2","S2.01","S2.01.A01","Explain why devices are networked and link each benefit to a consequence.","Networking creates shared access; LAN and WAN describe scope","analogy | cards","One managed site; several distant sites | Turn a feature into a benefit","S2-L01-Q1","","reviewed","audits/course-v3-visual-evidence/full-pages/desktop/lesson-007.png","audits/course-v3-visual-evidence/full-pages/mobile-390/lesson-007.png","high"
"007","S2-L01","2","S2.01","S2.01.A02","Distinguish a LAN by limited area and organisational control.","Networking creates shared access; LAN and WAN describe scope","analogy | table","One managed site; several distant sites | LAN and WAN: describe scope before performance","S2-L01-Q2","","reviewed","audits/course-v3-visual-evidence/full-pages/desktop/lesson-007.png","audits/course-v3-visual-evidence/full-pages/mobile-390/lesson-007.png","high"
"007","S2-L01","2","S2.01","S2.01.A03","Distinguish a WAN by large area, linked sites and provider infrastructure.","Networking creates shared access; LAN and WAN describe scope","analogy | table","One managed site; several distant sites | LAN and WAN: describe scope before performance","S2-L01-Q2","","reviewed","audits/course-v3-visual-evidence/full-pages/desktop/lesson-007.png","audits/course-v3-visual-evidence/full-pages/mobile-390/lesson-007.png","high"
"007","S2-L01","2","S2.02","S2.02.A01","Explain client and server roles.","Network models describe who requests and who provides","flow","Client-server request cycle | Peer-to-peer exchange","S2-L01-Q2","","reviewed","audits/course-v3-visual-evidence/full-pages/desktop/lesson-007.png","audits/course-v3-visual-evidence/full-pages/mobile-390/lesson-007.png","high"
"007","S2-L01","2","S2.02","S2.02.A02","Compare client-server and peer-to-peer benefits and drawbacks.","Network models describe who requests and who provides","table","Choose the model from the consequence","S2-L01-Q2","","reviewed","audits/course-v3-visual-evidence/full-pages/desktop/lesson-007.png","audits/course-v3-visual-evidence/full-pages/mobile-390/lesson-007.png","high"
"007","S2-L01","2","S2.02","S2.02.A03","Justify a network model from a scenario.","Network models describe who requests and who provides","table","Choose the model from the consequence","S2-L01-Q2","","reviewed","audits/course-v3-visual-evidence/full-pages/desktop/lesson-007.png","audits/course-v3-visual-evidence/full-pages/mobile-390/lesson-007.png","high"
"007","S2-L01","2","S2.03","S2.03.A01","Explain where a thin client performs processing and stores resources.","Thin and thick describe where the client work happens","table","Where processing, storage and maintenance sit","S2-L01-Q3","","reviewed","audits/course-v3-visual-evidence/full-pages/desktop/lesson-007.png","audits/course-v3-visual-evidence/full-pages/mobile-390/lesson-007.png","high"
"007","S2-L01","2","S2.03","S2.03.A02","Explain where a thick client performs processing and stores resources.","Thin and thick describe where the client work happens","table","Where processing, storage and maintenance sit","S2-L01-Q3","","reviewed","audits/course-v3-visual-evidence/full-pages/desktop/lesson-007.png","audits/course-v3-visual-evidence/full-pages/mobile-390/lesson-007.png","high"
"007","S2-L01","2","S2.03","S2.03.A03","Choose a client type from dependence, management and offline-work requirements.","Thin and thick describe where the client work happens","table","Where processing, storage and maintenance sit","S2-L01-Q3","","reviewed","audits/course-v3-visual-evidence/full-pages/desktop/lesson-007.png","audits/course-v3-visual-evidence/full-pages/mobile-390/lesson-007.png","high"
"008","S2-L02","2","S2.04","S2.04.A01","Recognise and explain a bus topology.","The topology is the link pattern","topology-gallery","Count links first; trace the path second","S2-L02-Q1","","reviewed","audits/course-v3-visual-evidence/full-pages/desktop/lesson-008.png","audits/course-v3-visual-evidence/full-pages/mobile-390/lesson-008.png","high"
"008","S2-L02","2","S2.04","S2.04.A02","Recognise and explain a star topology.","The topology is the link pattern","topology-gallery","Count links first; trace the path second","S2-L02-Q1 | S2-L02-Q3","","reviewed","audits/course-v3-visual-evidence/full-pages/desktop/lesson-008.png","audits/course-v3-visual-evidence/full-pages/mobile-390/lesson-008.png","high"
"008","S2-L02","2","S2.04","S2.04.A03","Recognise and explain a mesh topology.","The topology is the link pattern","topology-gallery","Count links first; trace the path second","S2-L02-Q1","","reviewed","audits/course-v3-visual-evidence/full-pages/desktop/lesson-008.png","audits/course-v3-visual-evidence/full-pages/mobile-390/lesson-008.png","high"
"008","S2-L02","2","S2.04","S2.04.A04","Recognise and explain a hybrid topology.","The topology is the link pattern","topology-gallery","Count links first; trace the path second","S2-L02-Q1 | S2-L02-Q2","","reviewed","audits/course-v3-visual-evidence/full-pages/desktop/lesson-008.png","audits/course-v3-visual-evidence/full-pages/mobile-390/lesson-008.png","high"
"008","S2-L02","2","S2.05","S2.05.A01","Trace transmission between two hosts for a given topology.","The topology is the link pattern","topology-gallery","Count links first; trace the path second","S2-L02-Q2","","reviewed","audits/course-v3-visual-evidence/full-pages/desktop/lesson-008.png","audits/course-v3-visual-evidence/full-pages/mobile-390/lesson-008.png","high"
"008","S2-L02","2","S2.05","S2.05.A02","Explain failure effects, traffic and redundancy.","A good choice connects structure to consequence","table","Failure and design trade-offs","S2-L02-Q2 | S2-L02-Q3","","reviewed","audits/course-v3-visual-evidence/full-pages/desktop/lesson-008.png","audits/course-v3-visual-evidence/full-pages/mobile-390/lesson-008.png","high"
"008","S2-L02","2","S2.05","S2.05.A03","Justify a topology for a scenario.","A good choice connects structure to consequence","table | cards","Failure and design trade-offs | Justification checklist","S2-L02-Q3","","reviewed","audits/course-v3-visual-evidence/full-pages/desktop/lesson-008.png","audits/course-v3-visual-evidence/full-pages/mobile-390/lesson-008.png","high"
"009","S2-L03","2","S2.06","S2.06.A01","Explain cloud computing as remote computing resources accessed through a network.","Cloud changes where resources run and who controls the infrastructure","analogy | flow","Shared facility and dedicated facility | One cloud request","S2-L03-Q1","","reviewed","audits/course-v3-visual-evidence/full-pages/desktop/lesson-009.png","audits/course-v3-visual-evidence/full-pages/mobile-390/lesson-009.png","high"
"009","S2-L03","2","S2.06","S2.06.A02","Distinguish public and private cloud control and tenancy.","Cloud changes where resources run and who controls the infrastructure","analogy | table","Shared facility and dedicated facility | Public and private cloud","S2-L03-Q1 | S2-L03-Q3","","reviewed","audits/course-v3-visual-evidence/full-pages/desktop/lesson-009.png","audits/course-v3-visual-evidence/full-pages/mobile-390/lesson-009.png","high"
"009","S2-L03","2","S2.06","S2.06.A03","Explain benefits and drawbacks of cloud computing.","Cloud benefits and risks must be connected to dependence","table","Claim → mechanism → consequence","S2-L03-Q2 | S2-L03-Q3","","reviewed","audits/course-v3-visual-evidence/full-pages/desktop/lesson-009.png","audits/course-v3-visual-evidence/full-pages/mobile-390/lesson-009.png","high"
"009","S2-L03","2","S2.06","S2.06.A04","Justify a cloud choice for a scenario.","Cloud benefits and risks must be connected to dependence","table | cards","Claim → mechanism → consequence | Scenario decision","S2-L03-Q2 | S2-L03-Q3","","reviewed","audits/course-v3-visual-evidence/full-pages/desktop/lesson-009.png","audits/course-v3-visual-evidence/full-pages/mobile-390/lesson-009.png","high"
"010","S2-L04","2","S2.07","S2.07.A01","Compare wired and wireless networks and explain implications.","Wired and wireless create different constraints","table","Wired and wireless implications","S2-L04-Q2 | S2-L04-Q3","","reviewed","audits/course-v3-visual-evidence/full-pages/desktop/lesson-010.png","audits/course-v3-visual-evidence/full-pages/mobile-390/lesson-010.png","high"
"010","S2-L04","2","S2.08","S2.08.A01","Describe copper-cable signal characteristics.","The carrier determines capacity, attenuation and interference","analogy | table","Three carrier mechanisms | Medium selection matrix","S2-L04-Q1","","reviewed","audits/course-v3-visual-evidence/full-pages/desktop/lesson-010.png","audits/course-v3-visual-evidence/full-pages/mobile-390/lesson-010.png","high"
"010","S2-L04","2","S2.08","S2.08.A02","Describe fibre-optic signal characteristics.","The carrier determines capacity, attenuation and interference","analogy | table","Three carrier mechanisms | Medium selection matrix","S2-L04-Q1 | S2-L04-Q3","","reviewed","audits/course-v3-visual-evidence/full-pages/desktop/lesson-010.png","audits/course-v3-visual-evidence/full-pages/mobile-390/lesson-010.png","high"
"010","S2-L04","2","S2.08","S2.08.A03","Describe radio waves including WiFi.","The carrier determines capacity, attenuation and interference","analogy | table","Three carrier mechanisms | Medium selection matrix","S2-L04-Q1 | S2-L04-Q2 | S2-L04-Q3","","reviewed","audits/course-v3-visual-evidence/full-pages/desktop/lesson-010.png","audits/course-v3-visual-evidence/full-pages/mobile-390/lesson-010.png","high"
"010","S2-L04","2","S2.08","S2.08.A04","Describe terrestrial microwave links.","The carrier determines capacity, attenuation and interference","table","Medium selection matrix","S2-L04-Q1","","reviewed","audits/course-v3-visual-evidence/full-pages/desktop/lesson-010.png","audits/course-v3-visual-evidence/full-pages/mobile-390/lesson-010.png","high"
"010","S2-L04","2","S2.08","S2.08.A05","Describe satellite links.","The carrier determines capacity, attenuation and interference","table","Medium selection matrix","S2-L04-Q1","","reviewed","audits/course-v3-visual-evidence/full-pages/desktop/lesson-010.png","audits/course-v3-visual-evidence/full-pages/mobile-390/lesson-010.png","high"
"010","S2-L04","2","S2.08","S2.08.A06","Justify a transmission medium for a scenario.","The carrier determines capacity, attenuation and interference","table | flow","Medium selection matrix | Choose a medium","S2-L04-Q2 | S2-L04-Q3","","reviewed","audits/course-v3-visual-evidence/full-pages/desktop/lesson-010.png","audits/course-v3-visual-evidence/full-pages/mobile-390/lesson-010.png","high"
"011","S2-L05","2","S2.09","S2.09.A01","Describe switch and server roles.","Every LAN device has a specific job","flow | table","One wireless request to a local server | LAN hardware role map","S2-L05-Q1 | S2-L05-Q2 | S2-L05-Q4","","reviewed","audits/course-v3-visual-evidence/full-pages/desktop/lesson-011.png","audits/course-v3-visual-evidence/full-pages/mobile-390/lesson-011.png","high"
"011","S2-L05","2","S2.09","S2.09.A02","Describe NIC and WNIC roles.","Every LAN device has a specific job","flow | table","One wireless request to a local server | LAN hardware role map","S2-L05-Q1 | S2-L05-Q2","","reviewed","audits/course-v3-visual-evidence/full-pages/desktop/lesson-011.png","audits/course-v3-visual-evidence/full-pages/mobile-390/lesson-011.png","high"
"011","S2-L05","2","S2.09","S2.09.A03","Describe WAP and cable roles.","Every LAN device has a specific job","flow | table","One wireless request to a local server | LAN hardware role map","S2-L05-Q1 | S2-L05-Q2","","reviewed","audits/course-v3-visual-evidence/full-pages/desktop/lesson-011.png","audits/course-v3-visual-evidence/full-pages/mobile-390/lesson-011.png","high"
"011","S2-L05","2","S2.09","S2.09.A04","Describe bridge and repeater roles.","Every LAN device has a specific job","table","LAN hardware role map","S2-L05-Q1","","reviewed","audits/course-v3-visual-evidence/full-pages/desktop/lesson-011.png","audits/course-v3-visual-evidence/full-pages/mobile-390/lesson-011.png","high"
"011","S2-L05","2","S2.10","S2.10.A01","Explain how a router forwards packets between networks.","The router crosses a network boundary","flow | table","From LAN to another network | Switch and router boundary","S2-L05-Q2 | S2-L05-Q4","","reviewed","audits/course-v3-visual-evidence/full-pages/desktop/lesson-011.png","audits/course-v3-visual-evidence/full-pages/mobile-390/lesson-011.png","high"
"011","S2-L05","2","S2.10","S2.10.A02","Distinguish router and switch scope.","The router crosses a network boundary","table","Switch and router boundary","S2-L05-Q2 | S2-L05-Q4","","reviewed","audits/course-v3-visual-evidence/full-pages/desktop/lesson-011.png","audits/course-v3-visual-evidence/full-pages/mobile-390/lesson-011.png","high"
"011","S2-L05","2","S2.11","S2.11.A01","Explain Ethernet frames and a shared medium.","CSMA/CD detects a collision, stops, waits and retries","analogy","One shared lane, two simultaneous users","S2-L05-Q3","","reviewed","audits/course-v3-visual-evidence/full-pages/desktop/lesson-011.png","audits/course-v3-visual-evidence/full-pages/mobile-390/lesson-011.png","high"
"011","S2-L05","2","S2.11","S2.11.A02","Describe the complete CSMA/CD sequence.","CSMA/CD detects a collision, stops, waits and retries","flow","CSMA/CD timeline","S2-L05-Q3","","reviewed","audits/course-v3-visual-evidence/full-pages/desktop/lesson-011.png","audits/course-v3-visual-evidence/full-pages/mobile-390/lesson-011.png","high"
"011","S2-L05","2","S2.11","S2.11.A03","Explain why random backoff reduces repeated collisions.","CSMA/CD detects a collision, stops, waits and retries","flow","CSMA/CD timeline","S2-L05-Q3","","reviewed","audits/course-v3-visual-evidence/full-pages/desktop/lesson-011.png","audits/course-v3-visual-evidence/full-pages/mobile-390/lesson-011.png","high"
"012","S2-L06","2","S2.12","S2.12.A01","Explain bit streaming and progressive playback.","Streaming begins before the complete media file arrives","table","Real-time and on-demand","S2-L06-Q1","","reviewed","audits/course-v3-visual-evidence/full-pages/desktop/lesson-012.png","audits/course-v3-visual-evidence/full-pages/mobile-390/lesson-012.png","high"
"012","S2-L06","2","S2.12","S2.12.A02","Distinguish real-time and on-demand streaming.","Streaming begins before the complete media file arrives","table","Real-time and on-demand","S2-L06-Q1","","reviewed","audits/course-v3-visual-evidence/full-pages/desktop/lesson-012.png","audits/course-v3-visual-evidence/full-pages/mobile-390/lesson-012.png","high"
"012","S2-L06","2","S2.12","S2.12.A03","Explain bit rate as bits transmitted/consumed per second.","The buffer level is the difference between two rates over time","reservoir | cards | flow","Reservoir analogy: fill rate, stored level and drain rate | Read the sign of the rate difference | Worked rate example","S2-L06-Q2 | S2-L06-Q3","","reviewed","audits/course-v3-visual-evidence/full-pages/desktop/lesson-012.png","audits/course-v3-visual-evidence/full-pages/mobile-390/lesson-012.png","high"
"012","S2-L06","2","S2.12","S2.12.A04","Explain how a buffer temporarily stores arriving data.","The buffer level is the difference between two rates over time","reservoir","Reservoir analogy: fill rate, stored level and drain rate","S2-L06-Q2 | S2-L06-Q3","","reviewed","audits/course-v3-visual-evidence/full-pages/desktop/lesson-012.png","audits/course-v3-visual-evidence/full-pages/mobile-390/lesson-012.png","high"
"012","S2-L06","2","S2.12","S2.12.A05","Predict buffer change from incoming and playback rates.","The buffer level is the difference between two rates over time","reservoir | cards | flow","Reservoir analogy: fill rate, stored level and drain rate | Read the sign of the rate difference | Worked rate example","S2-L06-Q2 | S2-L06-Q3","","reviewed","audits/course-v3-visual-evidence/full-pages/desktop/lesson-012.png","audits/course-v3-visual-evidence/full-pages/mobile-390/lesson-012.png","high"
"012","S2-L06","2","S2.12","S2.12.A06","Explain why sustained insufficient broadband speed causes adaptation or interruption.","The buffer level is the difference between two rates over time","reservoir | flow","Reservoir analogy: fill rate, stored level and drain rate | Worked rate example","S2-L06-Q3","","reviewed","audits/course-v3-visual-evidence/full-pages/desktop/lesson-012.png","audits/course-v3-visual-evidence/full-pages/mobile-390/lesson-012.png","high"
"013","S2-L07","2","S2.13","S2.13.A01","Explain the internet as a global network of networks.","The internet carries many services; the WWW is one","analogy | table","One infrastructure, several services | Infrastructure or service?","S2-L07-Q1","","reviewed","audits/course-v3-visual-evidence/full-pages/desktop/lesson-013.png","audits/course-v3-visual-evidence/full-pages/mobile-390/lesson-013.png","high"
"013","S2-L07","2","S2.13","S2.13.A02","Explain the WWW as one internet service of linked resources.","The internet carries many services; the WWW is one","analogy | table","One infrastructure, several services | Infrastructure or service?","S2-L07-Q1","","reviewed","audits/course-v3-visual-evidence/full-pages/desktop/lesson-013.png","audits/course-v3-visual-evidence/full-pages/mobile-390/lesson-013.png","high"
"013","S2-L07","2","S2.13","S2.13.A03","Classify non-WWW internet services correctly.","The internet carries many services; the WWW is one","analogy | table","One infrastructure, several services | Infrastructure or service?","S2-L07-Q1","","reviewed","audits/course-v3-visual-evidence/full-pages/desktop/lesson-013.png","audits/course-v3-visual-evidence/full-pages/mobile-390/lesson-013.png","high"
"013","S2-L07","2","S2.14","S2.14.A01","Explain a modem’s role at an access link.","Access infrastructure connects the local router to wider networks","flow | table","From a home device to the internet | Router is not modem","S2-L07-Q2","","reviewed","audits/course-v3-visual-evidence/full-pages/desktop/lesson-013.png","audits/course-v3-visual-evidence/full-pages/mobile-390/lesson-013.png","high"
"013","S2-L07","2","S2.14","S2.14.A02","Describe PSTN connectivity.","Access infrastructure connects the local router to wider networks","table","Connection route and trade-off","S2-L07-Q2","","reviewed","audits/course-v3-visual-evidence/full-pages/desktop/lesson-013.png","audits/course-v3-visual-evidence/full-pages/mobile-390/lesson-013.png","high"
"013","S2-L07","2","S2.14","S2.14.A03","Describe a dedicated line.","Access infrastructure connects the local router to wider networks","table","Connection route and trade-off","S2-L07-Q3","","reviewed","audits/course-v3-visual-evidence/full-pages/desktop/lesson-013.png","audits/course-v3-visual-evidence/full-pages/mobile-390/lesson-013.png","high"
"013","S2-L07","2","S2.14","S2.14.A04","Describe a cell phone/cellular network connection.","Access infrastructure connects the local router to wider networks","table","Connection route and trade-off","S2-L07-Q3","","reviewed","audits/course-v3-visual-evidence/full-pages/desktop/lesson-013.png","audits/course-v3-visual-evidence/full-pages/mobile-390/lesson-013.png","high"
"013","S2-L07","2","S2.14","S2.14.A05","Choose connection infrastructure for a scenario.","Access infrastructure connects the local router to wider networks","table","Connection route and trade-off","S2-L07-Q3","","reviewed","audits/course-v3-visual-evidence/full-pages/desktop/lesson-013.png","audits/course-v3-visual-evidence/full-pages/mobile-390/lesson-013.png","high"
"014","S2-L08","2","S2.15","S2.15.A01","Describe IPv4 format and 32-bit length.","An IP address identifies a network interface for routing","address-demo","Read version and interface separately","S2-L08-Q1","","reviewed","audits/course-v3-visual-evidence/full-pages/desktop/lesson-014.png","audits/course-v3-visual-evidence/full-pages/mobile-390/lesson-014.png","high"
"014","S2-L08","2","S2.15","S2.15.A02","Describe IPv6 format and 128-bit length.","An IP address identifies a network interface for routing","address-demo","Read version and interface separately","S2-L08-Q1","","reviewed","audits/course-v3-visual-evidence/full-pages/desktop/lesson-014.png","audits/course-v3-visual-evidence/full-pages/mobile-390/lesson-014.png","high"
"014","S2-L08","2","S2.15","S2.15.A03","Explain that an IP address is associated with a network interface.","An IP address identifies a network interface for routing","address-demo","Read version and interface separately","S2-L08-Q1","","reviewed","audits/course-v3-visual-evidence/full-pages/desktop/lesson-014.png","audits/course-v3-visual-evidence/full-pages/mobile-390/lesson-014.png","high"
"014","S2-L08","2","S2.15","S2.15.A04","Use subnet information to decide local or routed delivery.","Subnet, public/private and static/dynamic answer different questions","flow","Worked local-or-router decision","S2-L08-Q2","","reviewed","audits/course-v3-visual-evidence/full-pages/desktop/lesson-014.png","audits/course-v3-visual-evidence/full-pages/mobile-390/lesson-014.png","high"
"014","S2-L08","2","S2.15","S2.15.A05","Compare public and private addresses and security implications.","Subnet, public/private and static/dynamic answer different questions","table","Do not mix scope and assignment","S2-L08-Q3","","reviewed","audits/course-v3-visual-evidence/full-pages/desktop/lesson-014.png","audits/course-v3-visual-evidence/full-pages/mobile-390/lesson-014.png","high"
"014","S2-L08","2","S2.15","S2.15.A06","Compare static and dynamic assignment.","Subnet, public/private and static/dynamic answer different questions","table","Do not mix scope and assignment","S2-L08-Q3","","reviewed","audits/course-v3-visual-evidence/full-pages/desktop/lesson-014.png","audits/course-v3-visual-evidence/full-pages/mobile-390/lesson-014.png","high"
"014","S2-L08","2","S2.16","S2.16.A01","Break a URL into scheme, domain and path.","DNS resolves the domain; the browser requests the path","url-demo","Break the URL before resolving it","S2-L08-Q4","","reviewed","audits/course-v3-visual-evidence/full-pages/desktop/lesson-014.png","audits/course-v3-visual-evidence/full-pages/mobile-390/lesson-014.png","high"
"014","S2-L08","2","S2.16","S2.16.A02","Explain DNS domain-to-IP resolution.","DNS resolves the domain; the browser requests the path","flow","DNS and browser sequence","S2-L08-Q4","","reviewed","audits/course-v3-visual-evidence/full-pages/desktop/lesson-014.png","audits/course-v3-visual-evidence/full-pages/mobile-390/lesson-014.png","high"
"014","S2-L08","2","S2.16","S2.16.A03","Trace browser contact and resource request after DNS.","DNS resolves the domain; the browser requests the path","flow","DNS and browser sequence","S2-L08-Q4","","reviewed","audits/course-v3-visual-evidence/full-pages/desktop/lesson-014.png","audits/course-v3-visual-evidence/full-pages/mobile-390/lesson-014.png","high"
"015","S3-L01","3","S3.01","S3.01.A01","Show understanding of the need for input, output, primary memory and secondary (including removable) storage","The need for input, output, primary storage, secondary storage and removable storage","analogy | cards | worked-example | reviewed-visual","Observe, decide and act | Structure and relationships | The need for input, output, primary storage, secondary storage and removable storage: complete worked route | Component roles and examples","V3-Q-L013-01","","reviewed","audits/course-v3-visual-evidence/full-pages/desktop/lesson-015.png","audits/course-v3-visual-evidence/full-pages/mobile-390/lesson-015.png","high"
"015","S3-L01","3","S3.02","S3.02.A01","Show understanding of embedded systems","Embedded systems and their benefits/drawbacks","table | worked-example | reviewed-visual","Compare by technical factor | Embedded systems and their benefits/drawbacks: complete worked route | What is an embedded system?","V3-Q-L013-02 | V3-Q-L013-03","","reviewed","audits/course-v3-visual-evidence/full-pages/desktop/lesson-015.png","audits/course-v3-visual-evidence/full-pages/mobile-390/lesson-015.png","high"
"015","S3-L01","3","S3.02","S3.02.A02","Including: benefits and drawbacks of embedded systems","Embedded systems and their benefits/drawbacks","table | worked-example | reviewed-visual","Compare by technical factor | Embedded systems and their benefits/drawbacks: complete worked route | What is an embedded system?","V3-Q-L013-02 | V3-Q-L013-03","","reviewed","audits/course-v3-visual-evidence/full-pages/desktop/lesson-015.png","audits/course-v3-visual-evidence/full-pages/mobile-390/lesson-015.png","high"
"016","S3-L02","3","S3.03","S3.03.A01","Describe the principal operation of a laser printer.","Describe principal operation of laser printer, 3D printer, microphone, speakers, HDD, flash memory, optical reader/writer, touchscreen and VR headset.","flow | worked-example","Mechanism in examinable order | Trace three different conversions","V3-Q-L014-01 | V3-Q-L014-02 | V3-Q-L014-03","","reviewed","audits/course-v3-visual-evidence/full-pages/desktop/lesson-016.png","audits/course-v3-visual-evidence/full-pages/mobile-390/lesson-016.png","high"
"016","S3-L02","3","S3.03","S3.03.A02","Describe the principal operation of a 3D printer.","Describe principal operation of laser printer, 3D printer, microphone, speakers, HDD, flash memory, optical reader/writer, touchscreen and VR headset.","flow | worked-example","Mechanism in examinable order | Trace three different conversions","V3-Q-L014-01 | V3-Q-L014-02","","reviewed","audits/course-v3-visual-evidence/full-pages/desktop/lesson-016.png","audits/course-v3-visual-evidence/full-pages/mobile-390/lesson-016.png","high"
"016","S3-L02","3","S3.03","S3.03.A03","Describe the principal operation of a microphone.","Describe principal operation of laser printer, 3D printer, microphone, speakers, HDD, flash memory, optical reader/writer, touchscreen and VR headset.","flow | worked-example","Mechanism in examinable order | Trace three different conversions","V3-Q-L014-01","","reviewed","audits/course-v3-visual-evidence/full-pages/desktop/lesson-016.png","audits/course-v3-visual-evidence/full-pages/mobile-390/lesson-016.png","high"
"016","S3-L02","3","S3.03","S3.03.A04","Describe the principal operation of speakers.","Describe principal operation of laser printer, 3D printer, microphone, speakers, HDD, flash memory, optical reader/writer, touchscreen and VR headset.","flow | worked-example","Mechanism in examinable order | Trace three different conversions","V3-Q-L014-01","","reviewed","audits/course-v3-visual-evidence/full-pages/desktop/lesson-016.png","audits/course-v3-visual-evidence/full-pages/mobile-390/lesson-016.png","high"
"016","S3-L02","3","S3.03","S3.03.A05","Describe the principal operation of magnetic hard-disk storage.","Describe principal operation of laser printer, 3D printer, microphone, speakers, HDD, flash memory, optical reader/writer, touchscreen and VR headset.","flow | worked-example","Mechanism in examinable order | Trace three different conversions","V3-Q-L014-02","","reviewed","audits/course-v3-visual-evidence/full-pages/desktop/lesson-016.png","audits/course-v3-visual-evidence/full-pages/mobile-390/lesson-016.png","high"
"016","S3-L02","3","S3.03","S3.03.A06","Describe the principal operation of solid-state flash memory.","Describe principal operation of laser printer, 3D printer, microphone, speakers, HDD, flash memory, optical reader/writer, touchscreen and VR headset.","flow | worked-example","Mechanism in examinable order | Trace three different conversions","V3-Q-L014-02","","reviewed","audits/course-v3-visual-evidence/full-pages/desktop/lesson-016.png","audits/course-v3-visual-evidence/full-pages/mobile-390/lesson-016.png","high"
"016","S3-L02","3","S3.03","S3.03.A07","Describe the principal operation of an optical disc reader/writer.","Describe principal operation of laser printer, 3D printer, microphone, speakers, HDD, flash memory, optical reader/writer, touchscreen and VR headset.","flow | worked-example","Mechanism in examinable order | Trace three different conversions","V3-Q-L014-03","","reviewed","audits/course-v3-visual-evidence/full-pages/desktop/lesson-016.png","audits/course-v3-visual-evidence/full-pages/mobile-390/lesson-016.png","high"
"016","S3-L02","3","S3.03","S3.03.A08","Describe the principal operation of a touchscreen.","Describe principal operation of laser printer, 3D printer, microphone, speakers, HDD, flash memory, optical reader/writer, touchscreen and VR headset.","flow | worked-example","Mechanism in examinable order | Trace three different conversions","V3-Q-L014-03","","reviewed","audits/course-v3-visual-evidence/full-pages/desktop/lesson-016.png","audits/course-v3-visual-evidence/full-pages/mobile-390/lesson-016.png","high"
"016","S3-L02","3","S3.03","S3.03.A09","Describe the principal operation of a virtual-reality headset.","Describe principal operation of laser printer, 3D printer, microphone, speakers, HDD, flash memory, optical reader/writer, touchscreen and VR headset.","flow | worked-example","Mechanism in examinable order | Trace three different conversions","V3-Q-L014-03","","reviewed","audits/course-v3-visual-evidence/full-pages/desktop/lesson-016.png","audits/course-v3-visual-evidence/full-pages/mobile-390/lesson-016.png","high"
"017","S3-L03","3","S3.04","S3.04.A01","Show understanding of the use of buffers","Why buffers are used","flow | worked-example | reviewed-visual","Mechanism in examinable order | Why buffers are used: complete worked route | Why drivers, buffers and queues work together","V3-015-S3.04-CHECK","","reviewed","audits/course-v3-visual-evidence/full-pages/desktop/lesson-017.png","audits/course-v3-visual-evidence/full-pages/mobile-390/lesson-017.png","high"
"017","S3-L03","3","S3.05","S3.05.A01","Explain the differences between Random Access Memory (RAM) and Read Only Memory (ROM)","RAM and ROM","table | worked-example | reviewed-visual","Compare by technical factor | RAM and ROM: complete worked route | Why RAM changes while ROM remains stable","V3-Q-L015-01","","reviewed","audits/course-v3-visual-evidence/full-pages/desktop/lesson-017.png","audits/course-v3-visual-evidence/full-pages/mobile-390/lesson-017.png","high"
"017","S3-L03","3","S3.05","S3.05.A02","Including their use in a range of devices and systems","RAM and ROM","table | worked-example | reviewed-visual","Compare by technical factor | RAM and ROM: complete worked route | Why RAM changes while ROM remains stable","V3-015-S3.05-CHECK","","reviewed","audits/course-v3-visual-evidence/full-pages/desktop/lesson-017.png","audits/course-v3-visual-evidence/full-pages/mobile-390/lesson-017.png","high"
"017","S3-L03","3","S3.06","S3.06.A01","Explain the differences between Static RAM (SRAM) and Dynamic RAM (DRAM)","Uses of SRAM and DRAM and reasons for each use","table | worked-example","Compare by technical factor | Uses of SRAM and DRAM and reasons for each use: complete worked route","V3-Q-L015-01 | V3-Q-L015-03","","reviewed","audits/course-v3-visual-evidence/full-pages/desktop/lesson-017.png","audits/course-v3-visual-evidence/full-pages/mobile-390/lesson-017.png","high"
"017","S3-L03","3","S3.06","S3.06.A02","Including the use of SRAM and DRAM in a range of devices and systems and the reasons for using one instead of the other depending on the device and its use","Uses of SRAM and DRAM and reasons for each use","table | worked-example","Compare by technical factor | Uses of SRAM and DRAM and reasons for each use: complete worked route","V3-Q-L015-01 | V3-Q-L015-03","","reviewed","audits/course-v3-visual-evidence/full-pages/desktop/lesson-017.png","audits/course-v3-visual-evidence/full-pages/mobile-390/lesson-017.png","high"
"017","S3-L03","3","S3.07","S3.07.A01","Explain the difference between Programmable ROM (PROM), Erasable Programmable ROM (EPROM) and Electrically Erasable Programmable ROM (EEPROM)","PROM, EPROM and EEPROM","table | worked-example","Compare by technical factor | PROM, EPROM and EEPROM: complete worked route","V3-Q-L015-01 | V3-Q-L015-02","","reviewed","audits/course-v3-visual-evidence/full-pages/desktop/lesson-017.png","audits/course-v3-visual-evidence/full-pages/mobile-390/lesson-017.png","high"
"018","S3-L04","3","S3.08","S3.08.A01","Show an understanding of monitoring and control systems","Monitoring and control; understand sensors, actuators and feedback","table | worked-example | reviewed-visual","Compare by technical factor | Monitoring and control; understand sensors, actuators and feedback: complete worked route | Control systems use rules and feedback","V3-Q-L016-01 | V3-Q-L016-02 | V3-Q-L016-03","","reviewed","audits/course-v3-visual-evidence/full-pages/desktop/lesson-018.png","audits/course-v3-visual-evidence/full-pages/mobile-390/lesson-018.png","high"
"018","S3-L04","3","S3.08","S3.08.A02","difference between monitoring and control","Monitoring and control; understand sensors, actuators and feedback","table | worked-example | reviewed-visual","Compare by technical factor | Monitoring and control; understand sensors, actuators and feedback: complete worked route | Control systems use rules and feedback","V3-Q-L016-01 | V3-Q-L016-02 | V3-Q-L016-03","","reviewed","audits/course-v3-visual-evidence/full-pages/desktop/lesson-018.png","audits/course-v3-visual-evidence/full-pages/mobile-390/lesson-018.png","high"
"018","S3-L04","3","S3.08","S3.08.A03","use of sensors (including temperature, pressure, infra-red, sound) and actuators","Monitoring and control; understand sensors, actuators and feedback","table | worked-example | reviewed-visual","Compare by technical factor | Monitoring and control; understand sensors, actuators and feedback: complete worked route | Control systems use rules and feedback","V3-Q-L016-01 | V3-Q-L016-03","","reviewed","audits/course-v3-visual-evidence/full-pages/desktop/lesson-018.png","audits/course-v3-visual-evidence/full-pages/mobile-390/lesson-018.png","high"
"018","S3-L04","3","S3.08","S3.08.A04","importance of feedback","Monitoring and control; understand sensors, actuators and feedback","table | worked-example | reviewed-visual","Compare by technical factor | Monitoring and control; understand sensors, actuators and feedback: complete worked route | Control systems use rules and feedback","V3-Q-L016-02","","reviewed","audits/course-v3-visual-evidence/full-pages/desktop/lesson-018.png","audits/course-v3-visual-evidence/full-pages/mobile-390/lesson-018.png","high"
"018","S3-L04","3","S3.09","S3.09.A01","Show an understanding of monitoring and control systems","Temperature, pressure, infrared and sound sensors and appropriate applications","flow | worked-example | reviewed-visual","Mechanism in examinable order | Temperature, pressure, infrared and sound sensors and appropriate applications: complete worked route | Required sensor types and applications","V3-Q-L016-01 | V3-Q-L016-02 | V3-Q-L016-03","","reviewed","audits/course-v3-visual-evidence/full-pages/desktop/lesson-018.png","audits/course-v3-visual-evidence/full-pages/mobile-390/lesson-018.png","high"
"018","S3-L04","3","S3.09","S3.09.A02","use of sensors (including temperature, pressure, infra-red, sound) and actuators","Temperature, pressure, infrared and sound sensors and appropriate applications","flow | worked-example | reviewed-visual","Mechanism in examinable order | Temperature, pressure, infrared and sound sensors and appropriate applications: complete worked route | Required sensor types and applications","V3-016-S3.09-CHECK","","reviewed","audits/course-v3-visual-evidence/full-pages/desktop/lesson-018.png","audits/course-v3-visual-evidence/full-pages/mobile-390/lesson-018.png","high"
"019","S3-L05","3","S3.10","S3.10.A01","Recognise and use the NOT gate symbol and function.","Understand NOT, AND, OR, NAND, NOR and XOR; use symbols/functions/truth tables and convert among problem, expression, circuit and truth table.","flow | worked-example | reviewed-visual","Mechanism in examinable order | Convert a door-alarm rule through four representations | Six symbols, six exact output rules","V3-017-S3.10-CHECK","","reviewed","audits/course-v3-visual-evidence/full-pages/desktop/lesson-019.png","audits/course-v3-visual-evidence/full-pages/mobile-390/lesson-019.png","high"
"019","S3-L05","3","S3.10","S3.10.A02","Recognise and use the AND gate symbol and function.","Understand NOT, AND, OR, NAND, NOR and XOR; use symbols/functions/truth tables and convert among problem, expression, circuit and truth table.","flow | worked-example | reviewed-visual","Mechanism in examinable order | Convert a door-alarm rule through four representations | Six symbols, six exact output rules","V3-017-S3.10-CHECK","","reviewed","audits/course-v3-visual-evidence/full-pages/desktop/lesson-019.png","audits/course-v3-visual-evidence/full-pages/mobile-390/lesson-019.png","high"
"019","S3-L05","3","S3.10","S3.10.A03","Recognise and use the OR gate symbol and function.","Understand NOT, AND, OR, NAND, NOR and XOR; use symbols/functions/truth tables and convert among problem, expression, circuit and truth table.","flow | worked-example | reviewed-visual","Mechanism in examinable order | Convert a door-alarm rule through four representations | Six symbols, six exact output rules","V3-017-S3.10-CHECK","","reviewed","audits/course-v3-visual-evidence/full-pages/desktop/lesson-019.png","audits/course-v3-visual-evidence/full-pages/mobile-390/lesson-019.png","high"
"019","S3-L05","3","S3.10","S3.10.A04","Recognise and use the NAND gate symbol and function.","Understand NOT, AND, OR, NAND, NOR and XOR; use symbols/functions/truth tables and convert among problem, expression, circuit and truth table.","flow | worked-example | reviewed-visual","Mechanism in examinable order | Convert a door-alarm rule through four representations | Six symbols, six exact output rules","V3-Q-L017-03","","reviewed","audits/course-v3-visual-evidence/full-pages/desktop/lesson-019.png","audits/course-v3-visual-evidence/full-pages/mobile-390/lesson-019.png","high"
"019","S3-L05","3","S3.10","S3.10.A05","Recognise and use the NOR gate symbol and function.","Understand NOT, AND, OR, NAND, NOR and XOR; use symbols/functions/truth tables and convert among problem, expression, circuit and truth table.","flow | worked-example | reviewed-visual","Mechanism in examinable order | Convert a door-alarm rule through four representations | Six symbols, six exact output rules","V3-017-S3.10-CHECK","","reviewed","audits/course-v3-visual-evidence/full-pages/desktop/lesson-019.png","audits/course-v3-visual-evidence/full-pages/mobile-390/lesson-019.png","high"
"019","S3-L05","3","S3.10","S3.10.A06","Recognise and use the XOR/EOR gate symbol and function.","Understand NOT, AND, OR, NAND, NOR and XOR; use symbols/functions/truth tables and convert among problem, expression, circuit and truth table.","flow | worked-example | reviewed-visual","Mechanism in examinable order | Convert a door-alarm rule through four representations | Six symbols, six exact output rules","V3-017-S3.10-CHECK","","reviewed","audits/course-v3-visual-evidence/full-pages/desktop/lesson-019.png","audits/course-v3-visual-evidence/full-pages/mobile-390/lesson-019.png","high"
"019","S3-L05","3","S3.10","S3.10.A07","Construct truth tables with one-input NOT and two-input gates.","Understand NOT, AND, OR, NAND, NOR and XOR; use symbols/functions/truth tables and convert among problem, expression, circuit and truth table.","flow | worked-example | reviewed-visual","Mechanism in examinable order | Convert a door-alarm rule through four representations | Six symbols, six exact output rules","V3-Q-L017-01 | V3-Q-L017-02 | V3-Q-L017-03","","reviewed","audits/course-v3-visual-evidence/full-pages/desktop/lesson-019.png","audits/course-v3-visual-evidence/full-pages/mobile-390/lesson-019.png","high"
"019","S3-L05","3","S3.10","S3.10.A08","Construct a logic circuit from a problem statement, expression or truth table.","Understand NOT, AND, OR, NAND, NOR and XOR; use symbols/functions/truth tables and convert among problem, expression, circuit and truth table.","flow | worked-example | reviewed-visual","Mechanism in examinable order | Convert a door-alarm rule through four representations | Six symbols, six exact output rules","V3-Q-L017-01 | V3-Q-L017-02","","reviewed","audits/course-v3-visual-evidence/full-pages/desktop/lesson-019.png","audits/course-v3-visual-evidence/full-pages/mobile-390/lesson-019.png","high"
"019","S3-L05","3","S3.10","S3.10.A09","Construct a truth table from a problem statement, circuit or expression.","Understand NOT, AND, OR, NAND, NOR and XOR; use symbols/functions/truth tables and convert among problem, expression, circuit and truth table.","flow | worked-example | reviewed-visual","Mechanism in examinable order | Convert a door-alarm rule through four representations | Six symbols, six exact output rules","V3-Q-L017-01 | V3-Q-L017-02","","reviewed","audits/course-v3-visual-evidence/full-pages/desktop/lesson-019.png","audits/course-v3-visual-evidence/full-pages/mobile-390/lesson-019.png","high"
"019","S3-L05","3","S3.10","S3.10.A10","Construct a logic expression from a problem statement, circuit or truth table.","Understand NOT, AND, OR, NAND, NOR and XOR; use symbols/functions/truth tables and convert among problem, expression, circuit and truth table.","flow | worked-example | reviewed-visual","Mechanism in examinable order | Convert a door-alarm rule through four representations | Six symbols, six exact output rules","V3-Q-L017-01 | V3-Q-L017-02","","reviewed","audits/course-v3-visual-evidence/full-pages/desktop/lesson-019.png","audits/course-v3-visual-evidence/full-pages/mobile-390/lesson-019.png","high"
"020","S3-L06","3","S3.10","S3.10.A01","Recognise and use the NOT gate symbol and function.","Understand NOT, AND, OR, NAND, NOR and XOR; use symbols/functions/truth tables and convert among problem, expression, circuit and truth table.","flow | worked-example","Mechanism in examinable order | Convert a door-alarm rule through four representations","V3-018-S3.10-CHECK","","reviewed","audits/course-v3-visual-evidence/full-pages/desktop/lesson-020.png","audits/course-v3-visual-evidence/full-pages/mobile-390/lesson-020.png","high"
"020","S3-L06","3","S3.10","S3.10.A02","Recognise and use the AND gate symbol and function.","Understand NOT, AND, OR, NAND, NOR and XOR; use symbols/functions/truth tables and convert among problem, expression, circuit and truth table.","flow | worked-example","Mechanism in examinable order | Convert a door-alarm rule through four representations","V3-018-S3.10-CHECK","","reviewed","audits/course-v3-visual-evidence/full-pages/desktop/lesson-020.png","audits/course-v3-visual-evidence/full-pages/mobile-390/lesson-020.png","high"
"020","S3-L06","3","S3.10","S3.10.A03","Recognise and use the OR gate symbol and function.","Understand NOT, AND, OR, NAND, NOR and XOR; use symbols/functions/truth tables and convert among problem, expression, circuit and truth table.","flow | worked-example","Mechanism in examinable order | Convert a door-alarm rule through four representations","V3-018-S3.10-CHECK","","reviewed","audits/course-v3-visual-evidence/full-pages/desktop/lesson-020.png","audits/course-v3-visual-evidence/full-pages/mobile-390/lesson-020.png","high"
"020","S3-L06","3","S3.10","S3.10.A04","Recognise and use the NAND gate symbol and function.","Understand NOT, AND, OR, NAND, NOR and XOR; use symbols/functions/truth tables and convert among problem, expression, circuit and truth table.","flow | worked-example","Mechanism in examinable order | Convert a door-alarm rule through four representations","V3-Q-L018-02","","reviewed","audits/course-v3-visual-evidence/full-pages/desktop/lesson-020.png","audits/course-v3-visual-evidence/full-pages/mobile-390/lesson-020.png","high"
"020","S3-L06","3","S3.10","S3.10.A05","Recognise and use the NOR gate symbol and function.","Understand NOT, AND, OR, NAND, NOR and XOR; use symbols/functions/truth tables and convert among problem, expression, circuit and truth table.","flow | worked-example","Mechanism in examinable order | Convert a door-alarm rule through four representations","V3-018-S3.10-CHECK","","reviewed","audits/course-v3-visual-evidence/full-pages/desktop/lesson-020.png","audits/course-v3-visual-evidence/full-pages/mobile-390/lesson-020.png","high"
"020","S3-L06","3","S3.10","S3.10.A06","Recognise and use the XOR/EOR gate symbol and function.","Understand NOT, AND, OR, NAND, NOR and XOR; use symbols/functions/truth tables and convert among problem, expression, circuit and truth table.","flow | worked-example","Mechanism in examinable order | Convert a door-alarm rule through four representations","V3-018-S3.10-CHECK","","reviewed","audits/course-v3-visual-evidence/full-pages/desktop/lesson-020.png","audits/course-v3-visual-evidence/full-pages/mobile-390/lesson-020.png","high"
"020","S3-L06","3","S3.10","S3.10.A07","Construct truth tables with one-input NOT and two-input gates.","Understand NOT, AND, OR, NAND, NOR and XOR; use symbols/functions/truth tables and convert among problem, expression, circuit and truth table.","flow | worked-example","Mechanism in examinable order | Convert a door-alarm rule through four representations","V3-Q-L018-01 | V3-Q-L018-03","","reviewed","audits/course-v3-visual-evidence/full-pages/desktop/lesson-020.png","audits/course-v3-visual-evidence/full-pages/mobile-390/lesson-020.png","high"
"020","S3-L06","3","S3.10","S3.10.A08","Construct a logic circuit from a problem statement, expression or truth table.","Understand NOT, AND, OR, NAND, NOR and XOR; use symbols/functions/truth tables and convert among problem, expression, circuit and truth table.","flow | worked-example","Mechanism in examinable order | Convert a door-alarm rule through four representations","V3-Q-L018-01 | V3-Q-L018-02 | V3-Q-L018-03","","reviewed","audits/course-v3-visual-evidence/full-pages/desktop/lesson-020.png","audits/course-v3-visual-evidence/full-pages/mobile-390/lesson-020.png","high"
"020","S3-L06","3","S3.10","S3.10.A09","Construct a truth table from a problem statement, circuit or expression.","Understand NOT, AND, OR, NAND, NOR and XOR; use symbols/functions/truth tables and convert among problem, expression, circuit and truth table.","flow | worked-example","Mechanism in examinable order | Convert a door-alarm rule through four representations","V3-Q-L018-01 | V3-Q-L018-02 | V3-Q-L018-03","","reviewed","audits/course-v3-visual-evidence/full-pages/desktop/lesson-020.png","audits/course-v3-visual-evidence/full-pages/mobile-390/lesson-020.png","high"
"020","S3-L06","3","S3.10","S3.10.A10","Construct a logic expression from a problem statement, circuit or truth table.","Understand NOT, AND, OR, NAND, NOR and XOR; use symbols/functions/truth tables and convert among problem, expression, circuit and truth table.","flow | worked-example","Mechanism in examinable order | Convert a door-alarm rule through four representations","V3-Q-L018-01 | V3-Q-L018-02 | V3-Q-L018-03","","reviewed","audits/course-v3-visual-evidence/full-pages/desktop/lesson-020.png","audits/course-v3-visual-evidence/full-pages/mobile-390/lesson-020.png","high"
"021","S4-L01","4","S4.01","S4.01.A01","Show understanding of the basic Von Neumann model for a computer system and the stored program concept","Von Neumann architecture and the stored-program concept","analogy | cards | worked-example | reviewed-visual","Coordinate stored work through specialised stations | Structure and relationships | Von Neumann architecture and the stored-program concept: complete worked route | Why a CPU divides specialised work","V3-Q-L019-01","","reviewed","audits/course-v3-visual-evidence/full-pages/desktop/lesson-021.png","audits/course-v3-visual-evidence/full-pages/mobile-390/lesson-021.png","high"
"021","S4-L01","4","S4.02","S4.02.A01","Distinguish general-purpose and special-purpose registers.","General- and special-purpose registers: PC, MDR, MAR, ACC, IX, CIR and status register","table | worked-example | reviewed-visual","Compare by technical factor | General- and special-purpose registers: PC, MDR, MAR, ACC, IX, CIR and status register: complete worked route | ACC and status register: execute-stage evidence","V3-019-S4.02-CHECK","","reviewed","audits/course-v3-visual-evidence/full-pages/desktop/lesson-021.png","audits/course-v3-visual-evidence/full-pages/mobile-390/lesson-021.png","high"
"021","S4-L01","4","S4.02","S4.02.A02","Explain the role of the Program Counter.","General- and special-purpose registers: PC, MDR, MAR, ACC, IX, CIR and status register","table | worked-example | reviewed-visual","Compare by technical factor | General- and special-purpose registers: PC, MDR, MAR, ACC, IX, CIR and status register: complete worked route | ACC and status register: execute-stage evidence","V3-019-S4.02-CHECK","","reviewed","audits/course-v3-visual-evidence/full-pages/desktop/lesson-021.png","audits/course-v3-visual-evidence/full-pages/mobile-390/lesson-021.png","high"
"021","S4-L01","4","S4.02","S4.02.A03","Explain the role of the Memory Data Register.","General- and special-purpose registers: PC, MDR, MAR, ACC, IX, CIR and status register","table | worked-example | reviewed-visual","Compare by technical factor | General- and special-purpose registers: PC, MDR, MAR, ACC, IX, CIR and status register: complete worked route | ACC and status register: execute-stage evidence","V3-Q-L019-01 | V3-Q-L019-03","","reviewed","audits/course-v3-visual-evidence/full-pages/desktop/lesson-021.png","audits/course-v3-visual-evidence/full-pages/mobile-390/lesson-021.png","high"
"021","S4-L01","4","S4.02","S4.02.A04","Explain the role of the Memory Address Register.","General- and special-purpose registers: PC, MDR, MAR, ACC, IX, CIR and status register","table | worked-example | reviewed-visual","Compare by technical factor | General- and special-purpose registers: PC, MDR, MAR, ACC, IX, CIR and status register: complete worked route | ACC and status register: execute-stage evidence","V3-Q-L019-01 | V3-Q-L019-03","","reviewed","audits/course-v3-visual-evidence/full-pages/desktop/lesson-021.png","audits/course-v3-visual-evidence/full-pages/mobile-390/lesson-021.png","high"
"021","S4-L01","4","S4.02","S4.02.A05","Explain the role of the Accumulator.","General- and special-purpose registers: PC, MDR, MAR, ACC, IX, CIR and status register","table | worked-example | reviewed-visual","Compare by technical factor | General- and special-purpose registers: PC, MDR, MAR, ACC, IX, CIR and status register: complete worked route | ACC and status register: execute-stage evidence","V3-019-S4.02-CHECK","","reviewed","audits/course-v3-visual-evidence/full-pages/desktop/lesson-021.png","audits/course-v3-visual-evidence/full-pages/mobile-390/lesson-021.png","high"
"021","S4-L01","4","S4.02","S4.02.A06","Explain the role of the Index Register.","General- and special-purpose registers: PC, MDR, MAR, ACC, IX, CIR and status register","table | worked-example | reviewed-visual","Compare by technical factor | General- and special-purpose registers: PC, MDR, MAR, ACC, IX, CIR and status register: complete worked route | ACC and status register: execute-stage evidence","V3-Q-L019-03","","reviewed","audits/course-v3-visual-evidence/full-pages/desktop/lesson-021.png","audits/course-v3-visual-evidence/full-pages/mobile-390/lesson-021.png","high"
"021","S4-L01","4","S4.02","S4.02.A07","Explain the role of the Current Instruction Register.","General- and special-purpose registers: PC, MDR, MAR, ACC, IX, CIR and status register","table | worked-example | reviewed-visual","Compare by technical factor | General- and special-purpose registers: PC, MDR, MAR, ACC, IX, CIR and status register: complete worked route | ACC and status register: execute-stage evidence","V3-Q-L019-01","","reviewed","audits/course-v3-visual-evidence/full-pages/desktop/lesson-021.png","audits/course-v3-visual-evidence/full-pages/mobile-390/lesson-021.png","high"
"021","S4-L01","4","S4.02","S4.02.A08","Explain the role of the Status Register.","General- and special-purpose registers: PC, MDR, MAR, ACC, IX, CIR and status register","table | worked-example | reviewed-visual","Compare by technical factor | General- and special-purpose registers: PC, MDR, MAR, ACC, IX, CIR and status register: complete worked route | ACC and status register: execute-stage evidence","V3-Q-L019-03","","reviewed","audits/course-v3-visual-evidence/full-pages/desktop/lesson-021.png","audits/course-v3-visual-evidence/full-pages/mobile-390/lesson-021.png","high"
"021","S4-L01","4","S4.03","S4.03.A01","Show understanding of the purpose and roles of the Arithmetic and Logic Unit (ALU), Control Unit (CU) and system clock, Immediate Access Store (IAS)","ALU, CU, clock and immediate access store (IAS)","flow | worked-example | reviewed-visual","Mechanism in examinable order | ALU, CU, clock and immediate access store (IAS): complete worked route | How registers, buses and clock stay aligned","V3-Q-L019-02","","reviewed","audits/course-v3-visual-evidence/full-pages/desktop/lesson-021.png","audits/course-v3-visual-evidence/full-pages/mobile-390/lesson-021.png","high"
"022","S4-L02","4","S4.04","S4.04.A01","Show understanding of how data are transferred between various components of the computer system using the address bus, data bus and control bus","Address, data and control buses","flow | worked-example | reviewed-visual","Mechanism in examinable order | Address, data and control buses: complete worked route | The three buses","V3-Q-L020-01 | V3-Q-L020-03","","reviewed","audits/course-v3-visual-evidence/full-pages/desktop/lesson-022.png","audits/course-v3-visual-evidence/full-pages/mobile-390/lesson-022.png","high"
"022","S4-L02","4","S4.05","S4.05.A01","Explain how processor type affects performance.","Processor performance factors: processor type, cores, bus width, clock and cache","flow | worked-example | reviewed-visual","Mechanism in examinable order | Processor performance factors: processor type, cores, bus width, clock and cache: complete worked route | Bus width and addressable locations","V3-Q-L020-02 | V3-Q-L020-03","","reviewed","audits/course-v3-visual-evidence/full-pages/desktop/lesson-022.png","audits/course-v3-visual-evidence/full-pages/mobile-390/lesson-022.png","high"
"022","S4-L02","4","S4.05","S4.05.A02","Explain how the number of processor cores affects suitable workloads.","Processor performance factors: processor type, cores, bus width, clock and cache","flow | worked-example | reviewed-visual","Mechanism in examinable order | Processor performance factors: processor type, cores, bus width, clock and cache: complete worked route | Bus width and addressable locations","V3-Q-L020-01 | V3-Q-L020-02","","reviewed","audits/course-v3-visual-evidence/full-pages/desktop/lesson-022.png","audits/course-v3-visual-evidence/full-pages/mobile-390/lesson-022.png","high"
"022","S4-L02","4","S4.05","S4.05.A03","Explain how data-bus width affects transfer capacity.","Processor performance factors: processor type, cores, bus width, clock and cache","flow | worked-example | reviewed-visual","Mechanism in examinable order | Processor performance factors: processor type, cores, bus width, clock and cache: complete worked route | Bus width and addressable locations","V3-Q-L020-03","","reviewed","audits/course-v3-visual-evidence/full-pages/desktop/lesson-022.png","audits/course-v3-visual-evidence/full-pages/mobile-390/lesson-022.png","high"
"022","S4-L02","4","S4.05","S4.05.A04","Explain how clock speed affects the rate of processor cycles.","Processor performance factors: processor type, cores, bus width, clock and cache","flow | worked-example | reviewed-visual","Mechanism in examinable order | Processor performance factors: processor type, cores, bus width, clock and cache: complete worked route | Bus width and addressable locations","V3-Q-L020-01 | V3-Q-L020-02 | V3-Q-L020-03","","reviewed","audits/course-v3-visual-evidence/full-pages/desktop/lesson-022.png","audits/course-v3-visual-evidence/full-pages/mobile-390/lesson-022.png","high"
"022","S4-L02","4","S4.05","S4.05.A05","Explain how cache memory can reduce slower main-memory access.","Processor performance factors: processor type, cores, bus width, clock and cache","flow | worked-example | reviewed-visual","Mechanism in examinable order | Processor performance factors: processor type, cores, bus width, clock and cache: complete worked route | Bus width and addressable locations","V3-Q-L020-01","","reviewed","audits/course-v3-visual-evidence/full-pages/desktop/lesson-022.png","audits/course-v3-visual-evidence/full-pages/mobile-390/lesson-022.png","high"
"022","S4-L02","4","S4.06","S4.06.A01","Understand how different ports provide connection to peripheral devices","USB, HDMI and VGA ports","flow | worked-example","Mechanism in examinable order | USB, HDMI and VGA ports: complete worked route","V3-020-S4.06-CHECK","","reviewed","audits/course-v3-visual-evidence/full-pages/desktop/lesson-022.png","audits/course-v3-visual-evidence/full-pages/mobile-390/lesson-022.png","high"
"022","S4-L02","4","S4.06","S4.06.A02","Universal Serial Bus (USB)","USB, HDMI and VGA ports","flow | worked-example","Mechanism in examinable order | USB, HDMI and VGA ports: complete worked route","V3-020-S4.06-CHECK","","reviewed","audits/course-v3-visual-evidence/full-pages/desktop/lesson-022.png","audits/course-v3-visual-evidence/full-pages/mobile-390/lesson-022.png","high"
"022","S4-L02","4","S4.06","S4.06.A03","High Definition Multimedia Interface (HDMI)","USB, HDMI and VGA ports","flow | worked-example","Mechanism in examinable order | USB, HDMI and VGA ports: complete worked route","V3-020-S4.06-CHECK","","reviewed","audits/course-v3-visual-evidence/full-pages/desktop/lesson-022.png","audits/course-v3-visual-evidence/full-pages/mobile-390/lesson-022.png","high"
"022","S4-L02","4","S4.06","S4.06.A04","Video Graphics Array (VGA)","USB, HDMI and VGA ports","flow | worked-example","Mechanism in examinable order | USB, HDMI and VGA ports: complete worked route","V3-020-S4.06-CHECK","","reviewed","audits/course-v3-visual-evidence/full-pages/desktop/lesson-022.png","audits/course-v3-visual-evidence/full-pages/mobile-390/lesson-022.png","high"
"023","S4-L03","4","S4.07","S4.07.A01","Describe the stages of the Fetch-Execute (F-E) cycle","The fetch-execute cycle using register transfer notation","flow | worked-example | reviewed-visual","Mechanism in examinable order | The fetch-execute cycle using register transfer notation: complete worked route | Registers and buses: the FDE cycle vocabulary","V3-Q-L021-01","","reviewed","audits/course-v3-visual-evidence/full-pages/desktop/lesson-023.png","audits/course-v3-visual-evidence/full-pages/mobile-390/lesson-023.png","high"
"023","S4-L03","4","S4.07","S4.07.A02","Describe and use ‘register transfer’ notation to describe the F-E cycle","The fetch-execute cycle using register transfer notation","flow | worked-example | reviewed-visual","Mechanism in examinable order | The fetch-execute cycle using register transfer notation: complete worked route | Registers and buses: the FDE cycle vocabulary","V3-Q-L021-01 | V3-Q-L021-02 | V3-Q-L021-03","","reviewed","audits/course-v3-visual-evidence/full-pages/desktop/lesson-023.png","audits/course-v3-visual-evidence/full-pages/mobile-390/lesson-023.png","high"
"024","S4-L04","4","S4.08","S4.08.A01","Show understanding of the purpose of interrupts","Causes/applications of interrupts, ISR, detection and handling","flow | worked-example | reviewed-visual","Mechanism in examinable order | Causes/applications of interrupts, ISR, detection and handling: complete worked route | The interrupt handling cycle","V3-022-S4.08-CHECK","","reviewed","audits/course-v3-visual-evidence/full-pages/desktop/lesson-024.png","audits/course-v3-visual-evidence/full-pages/mobile-390/lesson-024.png","high"
"024","S4-L04","4","S4.08","S4.08.A02","possible causes of interrupts","Causes/applications of interrupts, ISR, detection and handling","flow | worked-example | reviewed-visual","Mechanism in examinable order | Causes/applications of interrupts, ISR, detection and handling: complete worked route | The interrupt handling cycle","V3-022-S4.08-CHECK","","reviewed","audits/course-v3-visual-evidence/full-pages/desktop/lesson-024.png","audits/course-v3-visual-evidence/full-pages/mobile-390/lesson-024.png","high"
"024","S4-L04","4","S4.08","S4.08.A03","applications of interrupts","Causes/applications of interrupts, ISR, detection and handling","flow | worked-example | reviewed-visual","Mechanism in examinable order | Causes/applications of interrupts, ISR, detection and handling: complete worked route | The interrupt handling cycle","V3-022-S4.08-CHECK","","reviewed","audits/course-v3-visual-evidence/full-pages/desktop/lesson-024.png","audits/course-v3-visual-evidence/full-pages/mobile-390/lesson-024.png","high"
"024","S4-L04","4","S4.08","S4.08.A04","use of an Interrupt Service handling Routine (ISR)","Causes/applications of interrupts, ISR, detection and handling","flow | worked-example | reviewed-visual","Mechanism in examinable order | Causes/applications of interrupts, ISR, detection and handling: complete worked route | The interrupt handling cycle","V3-Q-L022-01 | V3-Q-L022-02 | V3-Q-L022-03","","reviewed","audits/course-v3-visual-evidence/full-pages/desktop/lesson-024.png","audits/course-v3-visual-evidence/full-pages/mobile-390/lesson-024.png","high"
"024","S4-L04","4","S4.08","S4.08.A05","when interrupts are detected during the fetch-execute cycle","Causes/applications of interrupts, ISR, detection and handling","flow | worked-example | reviewed-visual","Mechanism in examinable order | Causes/applications of interrupts, ISR, detection and handling: complete worked route | The interrupt handling cycle","V3-Q-L022-01 | V3-Q-L022-03","","reviewed","audits/course-v3-visual-evidence/full-pages/desktop/lesson-024.png","audits/course-v3-visual-evidence/full-pages/mobile-390/lesson-024.png","high"
"024","S4-L04","4","S4.08","S4.08.A06","how interrupts are handled","Causes/applications of interrupts, ISR, detection and handling","flow | worked-example | reviewed-visual","Mechanism in examinable order | Causes/applications of interrupts, ISR, detection and handling: complete worked route | The interrupt handling cycle","V3-022-S4.08-CHECK","","reviewed","audits/course-v3-visual-evidence/full-pages/desktop/lesson-024.png","audits/course-v3-visual-evidence/full-pages/mobile-390/lesson-024.png","high"
"025","S4-L05","4","S4.09","S4.09.A01","Show understanding of the relationship between assembly language and machine code","Assembly language and machine code","table | worked-example | reviewed-visual","Compare by technical factor | Assembly language and machine code: complete worked route | Machine code is binary instructions for the CPU","V3-Q-L023-01 | V3-Q-L023-02 | V3-Q-L023-03","","reviewed","audits/course-v3-visual-evidence/full-pages/desktop/lesson-025.png","audits/course-v3-visual-evidence/full-pages/mobile-390/lesson-025.png","high"
"025","S4-L05","4","S4.10","S4.10.A01","Describe the different stages of the assembly process for a two-pass assembler","And apply the stages of a two-pass assembler","cards | worked-example","Structure and relationships | And apply the stages of a two-pass assembler: complete worked route","V3-Q-L023-01 | V3-Q-L023-02 | V3-Q-L023-03","","reviewed","audits/course-v3-visual-evidence/full-pages/desktop/lesson-025.png","audits/course-v3-visual-evidence/full-pages/mobile-390/lesson-025.png","high"
"025","S4-L05","4","S4.10","S4.10.A02","Apply the two-pass assembler process to a given simple assembly language program","And apply the stages of a two-pass assembler","cards | worked-example","Structure and relationships | And apply the stages of a two-pass assembler: complete worked route","V3-Q-L023-01 | V3-Q-L023-02 | V3-Q-L023-03","","reviewed","audits/course-v3-visual-evidence/full-pages/desktop/lesson-025.png","audits/course-v3-visual-evidence/full-pages/mobile-390/lesson-025.png","high"
"026","S4-L06","4","S4.11","S4.11.A01","Trace a given simple assembly language program","Trace a simple assembly-language program","flow | worked-example","Mechanism in examinable order | Trace a simple assembly-language program: complete worked route","V3-024-S4.11-CHECK","","reviewed","audits/course-v3-visual-evidence/full-pages/desktop/lesson-026.png","audits/course-v3-visual-evidence/full-pages/mobile-390/lesson-026.png","high"
"026","S4-L06","4","S4.12","S4.12.A01","Classify data-movement instructions.","Instruction groups: data movement, input/output, arithmetic, conditional/unconditional branch and compare","flow | worked-example | reviewed-visual","Mechanism in examinable order | Instruction groups: data movement, input/output, arithmetic, conditional/unconditional branch and compare: complete worked route | Instruction groups: data movement, I/O, arithmetic, control and compare","V3-024-S4.12-CHECK","","reviewed","audits/course-v3-visual-evidence/full-pages/desktop/lesson-026.png","audits/course-v3-visual-evidence/full-pages/mobile-390/lesson-026.png","high"
"026","S4-L06","4","S4.12","S4.12.A02","Classify input/output instructions.","Instruction groups: data movement, input/output, arithmetic, conditional/unconditional branch and compare","flow | worked-example | reviewed-visual","Mechanism in examinable order | Instruction groups: data movement, input/output, arithmetic, conditional/unconditional branch and compare: complete worked route | Instruction groups: data movement, I/O, arithmetic, control and compare","V3-Q-L024-01","","reviewed","audits/course-v3-visual-evidence/full-pages/desktop/lesson-026.png","audits/course-v3-visual-evidence/full-pages/mobile-390/lesson-026.png","high"
"026","S4-L06","4","S4.12","S4.12.A03","Classify arithmetic instructions.","Instruction groups: data movement, input/output, arithmetic, conditional/unconditional branch and compare","flow | worked-example | reviewed-visual","Mechanism in examinable order | Instruction groups: data movement, input/output, arithmetic, conditional/unconditional branch and compare: complete worked route | Instruction groups: data movement, I/O, arithmetic, control and compare","V3-Q-L024-01","","reviewed","audits/course-v3-visual-evidence/full-pages/desktop/lesson-026.png","audits/course-v3-visual-evidence/full-pages/mobile-390/lesson-026.png","high"
"026","S4-L06","4","S4.12","S4.12.A04","Classify unconditional and conditional control instructions.","Instruction groups: data movement, input/output, arithmetic, conditional/unconditional branch and compare","flow | worked-example | reviewed-visual","Mechanism in examinable order | Instruction groups: data movement, input/output, arithmetic, conditional/unconditional branch and compare: complete worked route | Instruction groups: data movement, I/O, arithmetic, control and compare","V3-Q-L024-01","","reviewed","audits/course-v3-visual-evidence/full-pages/desktop/lesson-026.png","audits/course-v3-visual-evidence/full-pages/mobile-390/lesson-026.png","high"
"026","S4-L06","4","S4.12","S4.12.A05","Classify compare instructions.","Instruction groups: data movement, input/output, arithmetic, conditional/unconditional branch and compare","flow | worked-example | reviewed-visual","Mechanism in examinable order | Instruction groups: data movement, input/output, arithmetic, conditional/unconditional branch and compare: complete worked route | Instruction groups: data movement, I/O, arithmetic, control and compare","V3-Q-L024-01 | V3-Q-L024-02","","reviewed","audits/course-v3-visual-evidence/full-pages/desktop/lesson-026.png","audits/course-v3-visual-evidence/full-pages/mobile-390/lesson-026.png","high"
"026","S4-L06","4","S4.13","S4.13.A01","Trace data movement using LDM, LDD, LDI, LDX, LDR, MOV and STO.","Use the specified instruction set: LDM, LDD, LDI, LDX, LDR, MOV, STO, ADD, SUB, INC, DEC, JMP, CMP, CMI, JPE, JPN, IN, OUT and END.","cards | worked-example | reviewed-visual","Structure and relationships | Trace load, arithmetic, comparison and output | Official LDR, CMI, JPE and JPN semantics","V3-Q-L024-03","","reviewed","audits/course-v3-visual-evidence/full-pages/desktop/lesson-026.png","audits/course-v3-visual-evidence/full-pages/mobile-390/lesson-026.png","high"
"026","S4-L06","4","S4.13","S4.13.A02","Trace arithmetic using ADD, SUB, INC and DEC.","Use the specified instruction set: LDM, LDD, LDI, LDX, LDR, MOV, STO, ADD, SUB, INC, DEC, JMP, CMP, CMI, JPE, JPN, IN, OUT and END.","cards | worked-example | reviewed-visual","Structure and relationships | Trace load, arithmetic, comparison and output | Official LDR, CMI, JPE and JPN semantics","V3-024-S4.13-CHECK","","reviewed","audits/course-v3-visual-evidence/full-pages/desktop/lesson-026.png","audits/course-v3-visual-evidence/full-pages/mobile-390/lesson-026.png","high"
"026","S4-L06","4","S4.13","S4.13.A03","Trace comparison and branches using CMP, CMI, JPE and JPN.","Use the specified instruction set: LDM, LDD, LDI, LDX, LDR, MOV, STO, ADD, SUB, INC, DEC, JMP, CMP, CMI, JPE, JPN, IN, OUT and END.","cards | worked-example | reviewed-visual","Structure and relationships | Trace load, arithmetic, comparison and output | Official LDR, CMI, JPE and JPN semantics","V3-Q-L024-03","","reviewed","audits/course-v3-visual-evidence/full-pages/desktop/lesson-026.png","audits/course-v3-visual-evidence/full-pages/mobile-390/lesson-026.png","high"
"026","S4-L06","4","S4.13","S4.13.A04","Trace input, output and termination using IN, OUT and END.","Use the specified instruction set: LDM, LDD, LDI, LDX, LDR, MOV, STO, ADD, SUB, INC, DEC, JMP, CMP, CMI, JPE, JPN, IN, OUT and END.","cards | worked-example | reviewed-visual","Structure and relationships | Trace load, arithmetic, comparison and output | Official LDR, CMI, JPE and JPN semantics","V3-Q-L024-03","","reviewed","audits/course-v3-visual-evidence/full-pages/desktop/lesson-026.png","audits/course-v3-visual-evidence/full-pages/mobile-390/lesson-026.png","high"
"026","S4-L06","4","S4.13","S4.13.A05","Interpret immediate, direct, indirect and indexed operands correctly while tracing.","Use the specified instruction set: LDM, LDD, LDI, LDX, LDR, MOV, STO, ADD, SUB, INC, DEC, JMP, CMP, CMI, JPE, JPN, IN, OUT and END.","cards | worked-example | reviewed-visual","Structure and relationships | Trace load, arithmetic, comparison and output | Official LDR, CMI, JPE and JPN semantics","V3-Q-L024-02","","reviewed","audits/course-v3-visual-evidence/full-pages/desktop/lesson-026.png","audits/course-v3-visual-evidence/full-pages/mobile-390/lesson-026.png","high"
"026","S4-L06","4","S4.13","S4.13.A06","Record only executed instructions and the state each one changes.","Use the specified instruction set: LDM, LDD, LDI, LDX, LDR, MOV, STO, ADD, SUB, INC, DEC, JMP, CMP, CMI, JPE, JPN, IN, OUT and END.","cards | worked-example | reviewed-visual","Structure and relationships | Trace load, arithmetic, comparison and output | Official LDR, CMI, JPE and JPN semantics","V3-Q-L024-02 | V3-Q-L024-03","","reviewed","audits/course-v3-visual-evidence/full-pages/desktop/lesson-026.png","audits/course-v3-visual-evidence/full-pages/mobile-390/lesson-026.png","high"
"026","S4-L06","4","S4.14","S4.14.A01","Show understanding of and be able to use different modes of addressing","Immediate, direct, indirect, indexed and relative addressing","cards | worked-example | reviewed-visual","Structure and relationships | Immediate, direct, indirect, indexed and relative addressing: complete worked route | Indexed addressing and arrays","V3-024-S4.14-CHECK","","reviewed","audits/course-v3-visual-evidence/full-pages/desktop/lesson-026.png","audits/course-v3-visual-evidence/full-pages/mobile-390/lesson-026.png","high"
"026","S4-L06","4","S4.14","S4.14.A02","Including immediate, direct, indirect, indexed, relative","Immediate, direct, indirect, indexed and relative addressing","cards | worked-example | reviewed-visual","Structure and relationships | Immediate, direct, indirect, indexed and relative addressing: complete worked route | Indexed addressing and arrays","V3-Q-L024-02","","reviewed","audits/course-v3-visual-evidence/full-pages/desktop/lesson-026.png","audits/course-v3-visual-evidence/full-pages/mobile-390/lesson-026.png","high"
"027","S4-L07","4","S4.15","S4.15.A01","Show understanding of and perform binary shifts","AND, OR, XOR, LSL and LSR for bit manipulation, including testing/setting bits with masks","flow | worked-example | reviewed-visual","Mechanism in examinable order | AND, OR, XOR, LSL and LSR for bit manipulation, including testing/setting bits with masks: complete worked route | Binary shifts: logical, arithmetic, cyclic","V3-025-S4.15-CHECK","","reviewed","audits/course-v3-visual-evidence/full-pages/desktop/lesson-027.png","audits/course-v3-visual-evidence/full-pages/mobile-390/lesson-027.png","high"
"027","S4-L07","4","S4.15","S4.15.A02","Show understanding of how bit manipulation can be used to monitor/control a device","AND, OR, XOR, LSL and LSR for bit manipulation, including testing/setting bits with masks","flow | worked-example | reviewed-visual","Mechanism in examinable order | AND, OR, XOR, LSL and LSR for bit manipulation, including testing/setting bits with masks: complete worked route | Binary shifts: logical, arithmetic, cyclic","V3-Q-L025-01","","reviewed","audits/course-v3-visual-evidence/full-pages/desktop/lesson-027.png","audits/course-v3-visual-evidence/full-pages/mobile-390/lesson-027.png","high"
"027","S4-L07","4","S4.15","S4.15.A03","Logical, arithmetic and cyclic","AND, OR, XOR, LSL and LSR for bit manipulation, including testing/setting bits with masks","flow | worked-example | reviewed-visual","Mechanism in examinable order | AND, OR, XOR, LSL and LSR for bit manipulation, including testing/setting bits with masks: complete worked route | Binary shifts: logical, arithmetic, cyclic","V3-Q-L025-03","","reviewed","audits/course-v3-visual-evidence/full-pages/desktop/lesson-027.png","audits/course-v3-visual-evidence/full-pages/mobile-390/lesson-027.png","high"
"027","S4-L07","4","S4.15","S4.15.A04","Left shift, right shift","AND, OR, XOR, LSL and LSR for bit manipulation, including testing/setting bits with masks","flow | worked-example | reviewed-visual","Mechanism in examinable order | AND, OR, XOR, LSL and LSR for bit manipulation, including testing/setting bits with masks: complete worked route | Binary shifts: logical, arithmetic, cyclic","V3-Q-L025-03","","reviewed","audits/course-v3-visual-evidence/full-pages/desktop/lesson-027.png","audits/course-v3-visual-evidence/full-pages/mobile-390/lesson-027.png","high"
"027","S4-L07","4","S4.15","S4.15.A05","Carry out bit manipulation operations","AND, OR, XOR, LSL and LSR for bit manipulation, including testing/setting bits with masks","flow | worked-example | reviewed-visual","Mechanism in examinable order | AND, OR, XOR, LSL and LSR for bit manipulation, including testing/setting bits with masks: complete worked route | Binary shifts: logical, arithmetic, cyclic","V3-025-S4.15-CHECK","","reviewed","audits/course-v3-visual-evidence/full-pages/desktop/lesson-027.png","audits/course-v3-visual-evidence/full-pages/mobile-390/lesson-027.png","high"
"027","S4-L07","4","S4.15","S4.15.A06","Test and set a bit (using bit masking)","AND, OR, XOR, LSL and LSR for bit manipulation, including testing/setting bits with masks","flow | worked-example | reviewed-visual","Mechanism in examinable order | AND, OR, XOR, LSL and LSR for bit manipulation, including testing/setting bits with masks: complete worked route | Binary shifts: logical, arithmetic, cyclic","V3-Q-L025-01","","reviewed","audits/course-v3-visual-evidence/full-pages/desktop/lesson-027.png","audits/course-v3-visual-evidence/full-pages/mobile-390/lesson-027.png","high"
"027","S4-L07","4","S4.15","S4.15.A07","AND #n / Bn / &n Bitwise AND operation of the contents of ACC with the operand","AND, OR, XOR, LSL and LSR for bit manipulation, including testing/setting bits with masks","flow | worked-example | reviewed-visual","Mechanism in examinable order | AND, OR, XOR, LSL and LSR for bit manipulation, including testing/setting bits with masks: complete worked route | Binary shifts: logical, arithmetic, cyclic","V3-Q-L025-02","","reviewed","audits/course-v3-visual-evidence/full-pages/desktop/lesson-027.png","audits/course-v3-visual-evidence/full-pages/mobile-390/lesson-027.png","high"
"027","S4-L07","4","S4.15","S4.15.A08","AND <address> Bitwise AND operation of the contents of ACC with the contents of <address>","AND, OR, XOR, LSL and LSR for bit manipulation, including testing/setting bits with masks","flow | worked-example | reviewed-visual","Mechanism in examinable order | AND, OR, XOR, LSL and LSR for bit manipulation, including testing/setting bits with masks: complete worked route | Binary shifts: logical, arithmetic, cyclic","V3-Q-L025-02","","reviewed","audits/course-v3-visual-evidence/full-pages/desktop/lesson-027.png","audits/course-v3-visual-evidence/full-pages/mobile-390/lesson-027.png","high"
"027","S4-L07","4","S4.15","S4.15.A09","XOR #n / Bn / &n Bitwise XOR operation of the contents of ACC with the operand","AND, OR, XOR, LSL and LSR for bit manipulation, including testing/setting bits with masks","flow | worked-example | reviewed-visual","Mechanism in examinable order | AND, OR, XOR, LSL and LSR for bit manipulation, including testing/setting bits with masks: complete worked route | Binary shifts: logical, arithmetic, cyclic","V3-Q-L025-02","","reviewed","audits/course-v3-visual-evidence/full-pages/desktop/lesson-027.png","audits/course-v3-visual-evidence/full-pages/mobile-390/lesson-027.png","high"
"027","S4-L07","4","S4.15","S4.15.A10","XOR <address> Bitwise XOR operation of the contents of ACC with the contents of <address>","AND, OR, XOR, LSL and LSR for bit manipulation, including testing/setting bits with masks","flow | worked-example | reviewed-visual","Mechanism in examinable order | AND, OR, XOR, LSL and LSR for bit manipulation, including testing/setting bits with masks: complete worked route | Binary shifts: logical, arithmetic, cyclic","V3-Q-L025-02","","reviewed","audits/course-v3-visual-evidence/full-pages/desktop/lesson-027.png","audits/course-v3-visual-evidence/full-pages/mobile-390/lesson-027.png","high"
"027","S4-L07","4","S4.15","S4.15.A11","OR #n / Bn / &n Bitwise OR operation of the contents of ACC with the operand","AND, OR, XOR, LSL and LSR for bit manipulation, including testing/setting bits with masks","flow | worked-example | reviewed-visual","Mechanism in examinable order | AND, OR, XOR, LSL and LSR for bit manipulation, including testing/setting bits with masks: complete worked route | Binary shifts: logical, arithmetic, cyclic","V3-025-S4.15-CHECK","","reviewed","audits/course-v3-visual-evidence/full-pages/desktop/lesson-027.png","audits/course-v3-visual-evidence/full-pages/mobile-390/lesson-027.png","high"
"027","S4-L07","4","S4.15","S4.15.A12","OR <address> Bitwise OR operation of the contents of ACC with the contents of <address>","AND, OR, XOR, LSL and LSR for bit manipulation, including testing/setting bits with masks","flow | worked-example | reviewed-visual","Mechanism in examinable order | AND, OR, XOR, LSL and LSR for bit manipulation, including testing/setting bits with masks: complete worked route | Binary shifts: logical, arithmetic, cyclic","V3-025-S4.15-CHECK","","reviewed","audits/course-v3-visual-evidence/full-pages/desktop/lesson-027.png","audits/course-v3-visual-evidence/full-pages/mobile-390/lesson-027.png","high"
"027","S4-L07","4","S4.15","S4.15.A13","LSL #n Bits in ACC are shifted logically n places to the left. Zeros are introduced on the right hand end","AND, OR, XOR, LSL and LSR for bit manipulation, including testing/setting bits with masks","flow | worked-example | reviewed-visual","Mechanism in examinable order | AND, OR, XOR, LSL and LSR for bit manipulation, including testing/setting bits with masks: complete worked route | Binary shifts: logical, arithmetic, cyclic","V3-Q-L025-03","","reviewed","audits/course-v3-visual-evidence/full-pages/desktop/lesson-027.png","audits/course-v3-visual-evidence/full-pages/mobile-390/lesson-027.png","high"
"027","S4-L07","4","S4.15","S4.15.A14","LSR #n Bits in ACC are shifted logically n places to the right. Zeros are introduced on the left hand end","AND, OR, XOR, LSL and LSR for bit manipulation, including testing/setting bits with masks","flow | worked-example | reviewed-visual","Mechanism in examinable order | AND, OR, XOR, LSL and LSR for bit manipulation, including testing/setting bits with masks: complete worked route | Binary shifts: logical, arithmetic, cyclic","V3-Q-L025-03","","reviewed","audits/course-v3-visual-evidence/full-pages/desktop/lesson-027.png","audits/course-v3-visual-evidence/full-pages/mobile-390/lesson-027.png","high"
"027","S4-L07","4","S4.15","S4.15.A15","<label>: <opcode> <operand> Labels an instruction","AND, OR, XOR, LSL and LSR for bit manipulation, including testing/setting bits with masks","flow | worked-example | reviewed-visual","Mechanism in examinable order | AND, OR, XOR, LSL and LSR for bit manipulation, including testing/setting bits with masks: complete worked route | Binary shifts: logical, arithmetic, cyclic","V3-025-S4.15-CHECK","","reviewed","audits/course-v3-visual-evidence/full-pages/desktop/lesson-027.png","audits/course-v3-visual-evidence/full-pages/mobile-390/lesson-027.png","high"
"027","S4-L07","4","S4.15","S4.15.A16","<label>: <data> Gives a symbolic address <label> to the memory location with contents <data>","AND, OR, XOR, LSL and LSR for bit manipulation, including testing/setting bits with masks","flow | worked-example | reviewed-visual","Mechanism in examinable order | AND, OR, XOR, LSL and LSR for bit manipulation, including testing/setting bits with masks: complete worked route | Binary shifts: logical, arithmetic, cyclic","V3-025-S4.15-CHECK","","reviewed","audits/course-v3-visual-evidence/full-pages/desktop/lesson-027.png","audits/course-v3-visual-evidence/full-pages/mobile-390/lesson-027.png","high"
"028","S5-L01","5","S5.01","S5.01.A01","Explain why a computer system requires an operating system.","Why an operating system is required and its memory, file, security, hardware and process management roles","analogy | table | worked-example | reviewed-visual","Translate, inspect, link and deliver | Decision evidence | Why an operating system is required and its memory, file, security, hardware and process management roles: complete worked route | Operating system: the main coordinator","V3-Q-L026-01","","reviewed","audits/course-v3-visual-evidence/full-pages/desktop/lesson-028.png","audits/course-v3-visual-evidence/full-pages/mobile-390/lesson-028.png","high"
"028","S5-L01","5","S5.01","S5.01.A02","Explain operating-system memory management.","Why an operating system is required and its memory, file, security, hardware and process management roles","analogy | table | worked-example | reviewed-visual","Translate, inspect, link and deliver | Decision evidence | Why an operating system is required and its memory, file, security, hardware and process management roles: complete worked route | Operating system: the main coordinator","V3-Q-L026-01 | V3-Q-L026-02 | V3-Q-L026-03","","reviewed","audits/course-v3-visual-evidence/full-pages/desktop/lesson-028.png","audits/course-v3-visual-evidence/full-pages/mobile-390/lesson-028.png","high"
"028","S5-L01","5","S5.01","S5.01.A03","Explain operating-system file management.","Why an operating system is required and its memory, file, security, hardware and process management roles","analogy | table | worked-example | reviewed-visual","Translate, inspect, link and deliver | Decision evidence | Why an operating system is required and its memory, file, security, hardware and process management roles: complete worked route | Operating system: the main coordinator","V3-Q-L026-01 | V3-Q-L026-02 | V3-Q-L026-03","","reviewed","audits/course-v3-visual-evidence/full-pages/desktop/lesson-028.png","audits/course-v3-visual-evidence/full-pages/mobile-390/lesson-028.png","high"
"028","S5-L01","5","S5.01","S5.01.A04","Explain operating-system security management.","Why an operating system is required and its memory, file, security, hardware and process management roles","analogy | table | worked-example | reviewed-visual","Translate, inspect, link and deliver | Decision evidence | Why an operating system is required and its memory, file, security, hardware and process management roles: complete worked route | Operating system: the main coordinator","V3-Q-L026-01 | V3-Q-L026-02 | V3-Q-L026-03","","reviewed","audits/course-v3-visual-evidence/full-pages/desktop/lesson-028.png","audits/course-v3-visual-evidence/full-pages/mobile-390/lesson-028.png","high"
"028","S5-L01","5","S5.01","S5.01.A05","Explain operating-system hardware and peripheral management.","Why an operating system is required and its memory, file, security, hardware and process management roles","analogy | table | worked-example | reviewed-visual","Translate, inspect, link and deliver | Decision evidence | Why an operating system is required and its memory, file, security, hardware and process management roles: complete worked route | Operating system: the main coordinator","V3-Q-L026-02","","reviewed","audits/course-v3-visual-evidence/full-pages/desktop/lesson-028.png","audits/course-v3-visual-evidence/full-pages/mobile-390/lesson-028.png","high"
"028","S5-L01","5","S5.01","S5.01.A06","Explain operating-system process management.","Why an operating system is required and its memory, file, security, hardware and process management roles","analogy | table | worked-example | reviewed-visual","Translate, inspect, link and deliver | Decision evidence | Why an operating system is required and its memory, file, security, hardware and process management roles: complete worked route | Operating system: the main coordinator","V3-Q-L026-03","","reviewed","audits/course-v3-visual-evidence/full-pages/desktop/lesson-028.png","audits/course-v3-visual-evidence/full-pages/mobile-390/lesson-028.png","high"
"029","S5-L02","5","S5.02","S5.02.A01","Explain the purpose of a disk formatter.","Disk formatter, antivirus, defragmentation, disk analysis/repair, compression and backup utilities","cards | worked-example | reviewed-visual","Structure and relationships | Disk formatter, antivirus, defragmentation, disk analysis/repair, compression and backup utilities: complete worked route | Choose the required utility by its operation","V3-Q-L027-02 | V3-Q-L027-03","","reviewed","audits/course-v3-visual-evidence/full-pages/desktop/lesson-029.png","audits/course-v3-visual-evidence/full-pages/mobile-390/lesson-029.png","high"
"029","S5-L02","5","S5.02","S5.02.A02","Explain the purpose of a virus checker.","Disk formatter, antivirus, defragmentation, disk analysis/repair, compression and backup utilities","cards | worked-example | reviewed-visual","Structure and relationships | Disk formatter, antivirus, defragmentation, disk analysis/repair, compression and backup utilities: complete worked route | Choose the required utility by its operation","V3-Q-L027-02 | V3-Q-L027-03","","reviewed","audits/course-v3-visual-evidence/full-pages/desktop/lesson-029.png","audits/course-v3-visual-evidence/full-pages/mobile-390/lesson-029.png","high"
"029","S5-L02","5","S5.02","S5.02.A03","Explain the purpose of defragmentation software.","Disk formatter, antivirus, defragmentation, disk analysis/repair, compression and backup utilities","cards | worked-example | reviewed-visual","Structure and relationships | Disk formatter, antivirus, defragmentation, disk analysis/repair, compression and backup utilities: complete worked route | Choose the required utility by its operation","V3-Q-L027-01 | V3-Q-L027-02","","reviewed","audits/course-v3-visual-evidence/full-pages/desktop/lesson-029.png","audits/course-v3-visual-evidence/full-pages/mobile-390/lesson-029.png","high"
"029","S5-L02","5","S5.02","S5.02.A04","Explain the purpose of disk analysis and repair software.","Disk formatter, antivirus, defragmentation, disk analysis/repair, compression and backup utilities","cards | worked-example | reviewed-visual","Structure and relationships | Disk formatter, antivirus, defragmentation, disk analysis/repair, compression and backup utilities: complete worked route | Choose the required utility by its operation","V3-Q-L027-01 | V3-Q-L027-02","","reviewed","audits/course-v3-visual-evidence/full-pages/desktop/lesson-029.png","audits/course-v3-visual-evidence/full-pages/mobile-390/lesson-029.png","high"
"029","S5-L02","5","S5.02","S5.02.A05","Explain the purpose of file-compression utilities.","Disk formatter, antivirus, defragmentation, disk analysis/repair, compression and backup utilities","cards | worked-example | reviewed-visual","Structure and relationships | Disk formatter, antivirus, defragmentation, disk analysis/repair, compression and backup utilities: complete worked route | Choose the required utility by its operation","V3-027-S5.02-CHECK","","reviewed","audits/course-v3-visual-evidence/full-pages/desktop/lesson-029.png","audits/course-v3-visual-evidence/full-pages/mobile-390/lesson-029.png","high"
"029","S5-L02","5","S5.02","S5.02.A06","Explain the purpose of backup software.","Disk formatter, antivirus, defragmentation, disk analysis/repair, compression and backup utilities","cards | worked-example | reviewed-visual","Structure and relationships | Disk formatter, antivirus, defragmentation, disk analysis/repair, compression and backup utilities: complete worked route | Choose the required utility by its operation","V3-027-S5.02-CHECK","","reviewed","audits/course-v3-visual-evidence/full-pages/desktop/lesson-029.png","audits/course-v3-visual-evidence/full-pages/mobile-390/lesson-029.png","high"
"029","S5-L02","5","S5.03","S5.03.A01","Show understanding of program libraries","Libraries and benefits of dynamically linked library files","flow | worked-example | reviewed-visual","Mechanism in examinable order | Libraries and benefits of dynamically linked library files: complete worked route | Libraries provide reusable routines and modules","V3-Q-L027-01","","reviewed","audits/course-v3-visual-evidence/full-pages/desktop/lesson-029.png","audits/course-v3-visual-evidence/full-pages/mobile-390/lesson-029.png","high"
"029","S5-L02","5","S5.03","S5.03.A02","software under development is often constructed using existing code from program libraries","Libraries and benefits of dynamically linked library files","flow | worked-example | reviewed-visual","Mechanism in examinable order | Libraries and benefits of dynamically linked library files: complete worked route | Libraries provide reusable routines and modules","V3-Q-L027-01 | V3-Q-L027-03","","reviewed","audits/course-v3-visual-evidence/full-pages/desktop/lesson-029.png","audits/course-v3-visual-evidence/full-pages/mobile-390/lesson-029.png","high"
"029","S5-L02","5","S5.03","S5.03.A03","the benefits to the developer of software constructed using library files, including Dynamic Link Library (DLL) files","Libraries and benefits of dynamically linked library files","flow | worked-example | reviewed-visual","Mechanism in examinable order | Libraries and benefits of dynamically linked library files: complete worked route | Libraries provide reusable routines and modules","V3-Q-L027-03","","reviewed","audits/course-v3-visual-evidence/full-pages/desktop/lesson-029.png","audits/course-v3-visual-evidence/full-pages/mobile-390/lesson-029.png","high"
"030","S5-L03","5","S5.04","S5.04.A01","Show understanding of the need for: assembler software for the translation of an assembly language program; a compiler for the translation of a high-level language program; an interpreter for translation and execution of a high-level language program","Why assembler, compiler and interpreter are needed","cards | worked-example | reviewed-visual","Structure and relationships | Why assembler, compiler and interpreter are needed: complete worked route | An assembler translates assembly language into machine code","V3-Q-L028-01 | V3-Q-L028-02 | V3-Q-L028-03","","reviewed","audits/course-v3-visual-evidence/full-pages/desktop/lesson-030.png","audits/course-v3-visual-evidence/full-pages/mobile-390/lesson-030.png","high"
"031","S5-L04","5","S5.05","S5.05.A01","Explain the benefits and drawbacks of using either a compiler or interpreter and justify the use of each","Compare compiler and interpreter advantages/disadvantages and justify use","table | worked-example | reviewed-visual","Compare by technical factor | Compare compiler and interpreter advantages/disadvantages and justify use: complete worked route | A compiler translates the whole high-level program before execution","V3-Q-L029-01 | V3-Q-L029-02","","reviewed","audits/course-v3-visual-evidence/full-pages/desktop/lesson-031.png","audits/course-v3-visual-evidence/full-pages/mobile-390/lesson-031.png","high"
"031","S5-L04","5","S5.06","S5.06.A01","Show awareness that high-level language programs may be partially compiled and partially interpreted, such as Java (console mode)","That Java is partly compiled and partly interpreted","cards | worked-example","Structure and relationships | That Java is partly compiled and partly interpreted: complete worked route","V3-Q-L029-01 | V3-Q-L029-02 | V3-Q-L029-03","","reviewed","audits/course-v3-visual-evidence/full-pages/desktop/lesson-031.png","audits/course-v3-visual-evidence/full-pages/mobile-390/lesson-031.png","high"
"032","S5-L05","5","S5.07","S5.07.A01","Explain context-sensitive coding prompts.","IDE features: context-sensitive prompts, dynamic syntax checking, prettyprint, expand/collapse, single-step, breakpoints, variable/expression inspection and report window","flow | worked-example | reviewed-visual","Mechanism in examinable order | IDE features: context-sensitive prompts, dynamic syntax checking, prettyprint, expand/collapse, single-step, breakpoints, variable/expression inspection and report window: complete worked route | A breakpoint pauses execution at a chosen line","V3-Q-L030-03","","reviewed","audits/course-v3-visual-evidence/full-pages/desktop/lesson-032.png","audits/course-v3-visual-evidence/full-pages/mobile-390/lesson-032.png","high"
"032","S5-L05","5","S5.07","S5.07.A02","Explain dynamic syntax checking.","IDE features: context-sensitive prompts, dynamic syntax checking, prettyprint, expand/collapse, single-step, breakpoints, variable/expression inspection and report window","flow | worked-example | reviewed-visual","Mechanism in examinable order | IDE features: context-sensitive prompts, dynamic syntax checking, prettyprint, expand/collapse, single-step, breakpoints, variable/expression inspection and report window: complete worked route | A breakpoint pauses execution at a chosen line","V3-Q-L030-03","","reviewed","audits/course-v3-visual-evidence/full-pages/desktop/lesson-032.png","audits/course-v3-visual-evidence/full-pages/mobile-390/lesson-032.png","high"
"032","S5-L05","5","S5.07","S5.07.A03","Explain pretty-printing.","IDE features: context-sensitive prompts, dynamic syntax checking, prettyprint, expand/collapse, single-step, breakpoints, variable/expression inspection and report window","flow | worked-example | reviewed-visual","Mechanism in examinable order | IDE features: context-sensitive prompts, dynamic syntax checking, prettyprint, expand/collapse, single-step, breakpoints, variable/expression inspection and report window: complete worked route | A breakpoint pauses execution at a chosen line","V3-030-S5.07-CHECK","","reviewed","audits/course-v3-visual-evidence/full-pages/desktop/lesson-032.png","audits/course-v3-visual-evidence/full-pages/mobile-390/lesson-032.png","high"
"032","S5-L05","5","S5.07","S5.07.A04","Explain expanding and collapsing code blocks.","IDE features: context-sensitive prompts, dynamic syntax checking, prettyprint, expand/collapse, single-step, breakpoints, variable/expression inspection and report window","flow | worked-example | reviewed-visual","Mechanism in examinable order | IDE features: context-sensitive prompts, dynamic syntax checking, prettyprint, expand/collapse, single-step, breakpoints, variable/expression inspection and report window: complete worked route | A breakpoint pauses execution at a chosen line","V3-Q-L030-01 | V3-Q-L030-03","","reviewed","audits/course-v3-visual-evidence/full-pages/desktop/lesson-032.png","audits/course-v3-visual-evidence/full-pages/mobile-390/lesson-032.png","high"
"032","S5-L05","5","S5.07","S5.07.A05","Use single stepping to trace execution.","IDE features: context-sensitive prompts, dynamic syntax checking, prettyprint, expand/collapse, single-step, breakpoints, variable/expression inspection and report window","flow | worked-example | reviewed-visual","Mechanism in examinable order | IDE features: context-sensitive prompts, dynamic syntax checking, prettyprint, expand/collapse, single-step, breakpoints, variable/expression inspection and report window: complete worked route | A breakpoint pauses execution at a chosen line","V3-Q-L030-02 | V3-Q-L030-03","","reviewed","audits/course-v3-visual-evidence/full-pages/desktop/lesson-032.png","audits/course-v3-visual-evidence/full-pages/mobile-390/lesson-032.png","high"
"032","S5-L05","5","S5.07","S5.07.A06","Use breakpoints to pause at selected statements.","IDE features: context-sensitive prompts, dynamic syntax checking, prettyprint, expand/collapse, single-step, breakpoints, variable/expression inspection and report window","flow | worked-example | reviewed-visual","Mechanism in examinable order | IDE features: context-sensitive prompts, dynamic syntax checking, prettyprint, expand/collapse, single-step, breakpoints, variable/expression inspection and report window: complete worked route | A breakpoint pauses execution at a chosen line","V3-030-S5.07-CHECK","","reviewed","audits/course-v3-visual-evidence/full-pages/desktop/lesson-032.png","audits/course-v3-visual-evidence/full-pages/mobile-390/lesson-032.png","high"
"032","S5-L05","5","S5.07","S5.07.A07","Inspect variables and expressions during debugging.","IDE features: context-sensitive prompts, dynamic syntax checking, prettyprint, expand/collapse, single-step, breakpoints, variable/expression inspection and report window","flow | worked-example | reviewed-visual","Mechanism in examinable order | IDE features: context-sensitive prompts, dynamic syntax checking, prettyprint, expand/collapse, single-step, breakpoints, variable/expression inspection and report window: complete worked route | A breakpoint pauses execution at a chosen line","V3-030-S5.07-CHECK","","reviewed","audits/course-v3-visual-evidence/full-pages/desktop/lesson-032.png","audits/course-v3-visual-evidence/full-pages/mobile-390/lesson-032.png","high"
"032","S5-L05","5","S5.07","S5.07.A08","Use a report or diagnostic window.","IDE features: context-sensitive prompts, dynamic syntax checking, prettyprint, expand/collapse, single-step, breakpoints, variable/expression inspection and report window","flow | worked-example | reviewed-visual","Mechanism in examinable order | IDE features: context-sensitive prompts, dynamic syntax checking, prettyprint, expand/collapse, single-step, breakpoints, variable/expression inspection and report window: complete worked route | A breakpoint pauses execution at a chosen line","V3-030-S5.07-CHECK","","reviewed","audits/course-v3-visual-evidence/full-pages/desktop/lesson-032.png","audits/course-v3-visual-evidence/full-pages/mobile-390/lesson-032.png","high"
"033","S6-L01","6","S6.01","S6.01.A01","Explain the difference between the terms security, privacy and integrity of data","Data security, privacy and integrity","analogy | table | worked-example | reviewed-visual","Protection works in layers | Decision evidence | Data security, privacy and integrity: complete worked route | Integrity protects data from unauthorised or accidental alteration","V3-Q-L031-01 | V3-Q-L031-02 | V3-Q-L031-03","","reviewed","audits/course-v3-visual-evidence/full-pages/desktop/lesson-033.png","audits/course-v3-visual-evidence/full-pages/mobile-390/lesson-033.png","high"
"033","S6-L01","6","S6.02","S6.02.A01","Show appreciation of the need for both the security of data and the security of the computer system","The need for data and computer-system security","table | worked-example | reviewed-visual","Decision evidence | The need for data and computer-system security: complete worked route | Use the risk chain before naming a control","V3-Q-L031-01 | V3-Q-L031-02 | V3-Q-L031-03","","reviewed","audits/course-v3-visual-evidence/full-pages/desktop/lesson-033.png","audits/course-v3-visual-evidence/full-pages/mobile-390/lesson-033.png","high"
"034","S6-L02","6","S6.03","S6.03.A01","Explain user accounts and passwords as access controls.","User accounts/passwords, digital signatures, biometrics, firewall, antivirus, anti-spyware and encryption as security measures","table | worked-example | reviewed-visual","Decision evidence | User accounts/passwords, digital signatures, biometrics, firewall, antivirus, anti-spyware and encryption as security measures: complete worked route | Biometrics: convenient identity evidence from physical or behavioural features","V3-Q-L033-01 | V3-Q-L033-02 | V3-Q-L033-03","","reviewed","audits/course-v3-visual-evidence/full-pages/desktop/lesson-034.png","audits/course-v3-visual-evidence/full-pages/mobile-390/lesson-034.png","high"
"034","S6-L02","6","S6.03","S6.03.A02","Explain digital signatures as an authentication technique.","User accounts/passwords, digital signatures, biometrics, firewall, antivirus, anti-spyware and encryption as security measures","table | worked-example | reviewed-visual","Decision evidence | User accounts/passwords, digital signatures, biometrics, firewall, antivirus, anti-spyware and encryption as security measures: complete worked route | Biometrics: convenient identity evidence from physical or behavioural features","V3-Q-L033-01 | V3-Q-L033-02 | V3-Q-L033-03","","reviewed","audits/course-v3-visual-evidence/full-pages/desktop/lesson-034.png","audits/course-v3-visual-evidence/full-pages/mobile-390/lesson-034.png","high"
"034","S6-L02","6","S6.03","S6.03.A03","Explain biometric authentication.","User accounts/passwords, digital signatures, biometrics, firewall, antivirus, anti-spyware and encryption as security measures","table | worked-example | reviewed-visual","Decision evidence | User accounts/passwords, digital signatures, biometrics, firewall, antivirus, anti-spyware and encryption as security measures: complete worked route | Biometrics: convenient identity evidence from physical or behavioural features","V3-Q-L033-01 | V3-Q-L033-02 | V3-Q-L033-03","","reviewed","audits/course-v3-visual-evidence/full-pages/desktop/lesson-034.png","audits/course-v3-visual-evidence/full-pages/mobile-390/lesson-034.png","high"
"034","S6-L02","6","S6.03","S6.03.A04","Explain the role of a firewall.","User accounts/passwords, digital signatures, biometrics, firewall, antivirus, anti-spyware and encryption as security measures","table | worked-example | reviewed-visual","Decision evidence | User accounts/passwords, digital signatures, biometrics, firewall, antivirus, anti-spyware and encryption as security measures: complete worked route | Biometrics: convenient identity evidence from physical or behavioural features","V3-Q-L033-01","","reviewed","audits/course-v3-visual-evidence/full-pages/desktop/lesson-034.png","audits/course-v3-visual-evidence/full-pages/mobile-390/lesson-034.png","high"
"034","S6-L02","6","S6.03","S6.03.A05","Explain anti-virus protection.","User accounts/passwords, digital signatures, biometrics, firewall, antivirus, anti-spyware and encryption as security measures","table | worked-example | reviewed-visual","Decision evidence | User accounts/passwords, digital signatures, biometrics, firewall, antivirus, anti-spyware and encryption as security measures: complete worked route | Biometrics: convenient identity evidence from physical or behavioural features","V3-033-S6.03-CHECK","","reviewed","audits/course-v3-visual-evidence/full-pages/desktop/lesson-034.png","audits/course-v3-visual-evidence/full-pages/mobile-390/lesson-034.png","high"
"034","S6-L02","6","S6.03","S6.03.A06","Explain anti-spyware protection.","User accounts/passwords, digital signatures, biometrics, firewall, antivirus, anti-spyware and encryption as security measures","table | worked-example | reviewed-visual","Decision evidence | User accounts/passwords, digital signatures, biometrics, firewall, antivirus, anti-spyware and encryption as security measures: complete worked route | Biometrics: convenient identity evidence from physical or behavioural features","V3-033-S6.03-CHECK","","reviewed","audits/course-v3-visual-evidence/full-pages/desktop/lesson-034.png","audits/course-v3-visual-evidence/full-pages/mobile-390/lesson-034.png","high"
"034","S6-L02","6","S6.03","S6.03.A07","Explain encryption as protection for data.","User accounts/passwords, digital signatures, biometrics, firewall, antivirus, anti-spyware and encryption as security measures","table | worked-example | reviewed-visual","Decision evidence | User accounts/passwords, digital signatures, biometrics, firewall, antivirus, anti-spyware and encryption as security measures: complete worked route | Biometrics: convenient identity evidence from physical or behavioural features","V3-033-S6.03-CHECK","","reviewed","audits/course-v3-visual-evidence/full-pages/desktop/lesson-034.png","audits/course-v3-visual-evidence/full-pages/mobile-390/lesson-034.png","high"
"034","S6-L02","6","S6.03","S6.03.A08","Select layered controls for a stated system.","User accounts/passwords, digital signatures, biometrics, firewall, antivirus, anti-spyware and encryption as security measures","table | worked-example | reviewed-visual","Decision evidence | User accounts/passwords, digital signatures, biometrics, firewall, antivirus, anti-spyware and encryption as security measures: complete worked route | Biometrics: convenient identity evidence from physical or behavioural features","V3-033-S6.03-CHECK","","reviewed","audits/course-v3-visual-evidence/full-pages/desktop/lesson-034.png","audits/course-v3-visual-evidence/full-pages/mobile-390/lesson-034.png","high"
"035","S6-L03","6","S6.04","S6.04.A01","Explain the threat posed by a computer virus.","Virus, spyware, hackers, phishing and pharming threats","table | worked-example | reviewed-visual","Decision evidence | Virus, spyware, hackers, phishing and pharming threats: complete worked route | Spyware secretly monitors activity or collects data","V3-Q-L032-01 | V3-Q-L032-02 | V3-Q-L032-03","","reviewed","audits/course-v3-visual-evidence/full-pages/desktop/lesson-035.png","audits/course-v3-visual-evidence/full-pages/mobile-390/lesson-035.png","high"
"035","S6-L03","6","S6.04","S6.04.A02","Explain the threat posed by spyware.","Virus, spyware, hackers, phishing and pharming threats","table | worked-example | reviewed-visual","Decision evidence | Virus, spyware, hackers, phishing and pharming threats: complete worked route | Spyware secretly monitors activity or collects data","V3-Q-L032-01 | V3-Q-L032-02 | V3-Q-L032-03","","reviewed","audits/course-v3-visual-evidence/full-pages/desktop/lesson-035.png","audits/course-v3-visual-evidence/full-pages/mobile-390/lesson-035.png","high"
"035","S6-L03","6","S6.04","S6.04.A03","Explain the threat posed by unauthorised hacking.","Virus, spyware, hackers, phishing and pharming threats","table | worked-example | reviewed-visual","Decision evidence | Virus, spyware, hackers, phishing and pharming threats: complete worked route | Spyware secretly monitors activity or collects data","V3-Q-L032-01 | V3-Q-L032-02 | V3-Q-L032-03","","reviewed","audits/course-v3-visual-evidence/full-pages/desktop/lesson-035.png","audits/course-v3-visual-evidence/full-pages/mobile-390/lesson-035.png","high"
"035","S6-L03","6","S6.04","S6.04.A04","Explain phishing and why it can deceive a user.","Virus, spyware, hackers, phishing and pharming threats","table | worked-example | reviewed-visual","Decision evidence | Virus, spyware, hackers, phishing and pharming threats: complete worked route | Spyware secretly monitors activity or collects data","V3-Q-L032-03","","reviewed","audits/course-v3-visual-evidence/full-pages/desktop/lesson-035.png","audits/course-v3-visual-evidence/full-pages/mobile-390/lesson-035.png","high"
"035","S6-L03","6","S6.04","S6.04.A05","Explain pharming and why it can redirect a user.","Virus, spyware, hackers, phishing and pharming threats","table | worked-example | reviewed-visual","Decision evidence | Virus, spyware, hackers, phishing and pharming threats: complete worked route | Spyware secretly monitors activity or collects data","V3-032-S6.04-CHECK","","reviewed","audits/course-v3-visual-evidence/full-pages/desktop/lesson-035.png","audits/course-v3-visual-evidence/full-pages/mobile-390/lesson-035.png","high"
"035","S6-L03","6","S6.05","S6.05.A01","Describe methods that can be used to restrict the risks posed by threats","Restriction of access to data and computer systems as a risk-reduction method","table | worked-example | reviewed-visual","Decision evidence | Restriction of access to data and computer systems as a risk-reduction method: complete worked route | Access control decides what authenticated users may do","V3-Q-L032-01","","reviewed","audits/course-v3-visual-evidence/full-pages/desktop/lesson-035.png","audits/course-v3-visual-evidence/full-pages/mobile-390/lesson-035.png","high"
"036","S6-L04","6","S6.06","S6.06.A01","Describe security methods designed to protect the security of data","How encryption and access rights protect data","table | worked-example | reviewed-visual","Decision evidence | How encryption and access rights protect data: complete worked route | One control can support more than one goal, but not every goal","V3-Q-L033-01","","reviewed","audits/course-v3-visual-evidence/full-pages/desktop/lesson-036.png","audits/course-v3-visual-evidence/full-pages/mobile-390/lesson-036.png","high"
"036","S6-L04","6","S6.06","S6.06.A02","Including encryption, access rights","How encryption and access rights protect data","table | worked-example | reviewed-visual","Decision evidence | How encryption and access rights protect data: complete worked route | One control can support more than one goal, but not every goal","V3-Q-L033-01 | V3-Q-L033-02 | V3-Q-L033-03","","reviewed","audits/course-v3-visual-evidence/full-pages/desktop/lesson-036.png","audits/course-v3-visual-evidence/full-pages/mobile-390/lesson-036.png","high"
"037","S6-L05","6","S6.07","S6.07.A01","Distinguish validation from verification.","Describe how data validation and data verification help protect the integrity of data; describe and use methods of data validation.","table | worked-example | reviewed-visual","Decision evidence | How data validation and data verification help protect the integrity of data; describe and use methods: complete worked route | Common validation checks","V3-Q-L034-01 | V3-Q-L034-02 | V3-Q-L034-03","","reviewed","audits/course-v3-visual-evidence/full-pages/desktop/lesson-037.png","audits/course-v3-visual-evidence/full-pages/mobile-390/lesson-037.png","high"
"037","S6-L05","6","S6.07","S6.07.A02","Use range, format, length, presence, existence and limit checks.","Describe how data validation and data verification help protect the integrity of data; describe and use methods of data validation.","table | worked-example | reviewed-visual","Decision evidence | How data validation and data verification help protect the integrity of data; describe and use methods: complete worked route | Common validation checks","V3-Q-L034-02","","reviewed","audits/course-v3-visual-evidence/full-pages/desktop/lesson-037.png","audits/course-v3-visual-evidence/full-pages/mobile-390/lesson-037.png","high"
"037","S6-L05","6","S6.07","S6.07.A03","Use and explain a check digit.","Describe how data validation and data verification help protect the integrity of data; describe and use methods of data validation.","table | worked-example | reviewed-visual","Decision evidence | How data validation and data verification help protect the integrity of data; describe and use methods: complete worked route | Common validation checks","V3-Q-L034-02","","reviewed","audits/course-v3-visual-evidence/full-pages/desktop/lesson-037.png","audits/course-v3-visual-evidence/full-pages/mobile-390/lesson-037.png","high"
"037","S6-L05","6","S6.07","S6.07.A04","Explain how validation protects integrity without proving truth.","Describe how data validation and data verification help protect the integrity of data; describe and use methods of data validation.","table | worked-example | reviewed-visual","Decision evidence | How data validation and data verification help protect the integrity of data; describe and use methods: complete worked route | Common validation checks","V3-Q-L034-01 | V3-Q-L034-02","","reviewed","audits/course-v3-visual-evidence/full-pages/desktop/lesson-037.png","audits/course-v3-visual-evidence/full-pages/mobile-390/lesson-037.png","high"
"037","S6-L05","6","S6.08","S6.08.A01","Use a visual check during data entry.","Verification: visual and double entry; parity byte/block and checksum","cards | worked-example | reviewed-visual","Structure and relationships | Verification: visual and double entry; parity byte/block and checksum: complete worked route | Verification checks accuracy against the source","V3-Q-L034-03","","reviewed","audits/course-v3-visual-evidence/full-pages/desktop/lesson-037.png","audits/course-v3-visual-evidence/full-pages/mobile-390/lesson-037.png","high"
"037","S6-L05","6","S6.08","S6.08.A02","Use double entry during data entry.","Verification: visual and double entry; parity byte/block and checksum","cards | worked-example | reviewed-visual","Structure and relationships | Verification: visual and double entry; parity byte/block and checksum: complete worked route | Verification checks accuracy against the source","V3-Q-L034-03","","reviewed","audits/course-v3-visual-evidence/full-pages/desktop/lesson-037.png","audits/course-v3-visual-evidence/full-pages/mobile-390/lesson-037.png","high"
"037","S6-L05","6","S6.08","S6.08.A03","Use byte and block parity during data transfer.","Verification: visual and double entry; parity byte/block and checksum","cards | worked-example | reviewed-visual","Structure and relationships | Verification: visual and double entry; parity byte/block and checksum: complete worked route | Verification checks accuracy against the source","V3-Q-L034-01 | V3-Q-L034-03","","reviewed","audits/course-v3-visual-evidence/full-pages/desktop/lesson-037.png","audits/course-v3-visual-evidence/full-pages/mobile-390/lesson-037.png","high"
"037","S6-L05","6","S6.08","S6.08.A04","Use a checksum during data transfer.","Verification: visual and double entry; parity byte/block and checksum","cards | worked-example | reviewed-visual","Structure and relationships | Verification: visual and double entry; parity byte/block and checksum: complete worked route | Verification checks accuracy against the source","V3-034-S6.08-CHECK","","reviewed","audits/course-v3-visual-evidence/full-pages/desktop/lesson-037.png","audits/course-v3-visual-evidence/full-pages/mobile-390/lesson-037.png","high"
"037","S6-L05","6","S6.08","S6.08.A05","Explain how verification detects copying or transfer errors.","Verification: visual and double entry; parity byte/block and checksum","cards | worked-example | reviewed-visual","Structure and relationships | Verification: visual and double entry; parity byte/block and checksum: complete worked route | Verification checks accuracy against the source","V3-Q-L034-01","","reviewed","audits/course-v3-visual-evidence/full-pages/desktop/lesson-037.png","audits/course-v3-visual-evidence/full-pages/mobile-390/lesson-037.png","high"
"038","S7-L01","7","S7.01","S7.01.A01","Show understanding of the need for and purpose of ethics as a computing professional","The need for and purpose of ethics as a computing professional","analogy | table | worked-example | reviewed-visual","A technical decision affects more than its developer | Decision evidence | The need for and purpose of ethics as a computing professional: complete worked route | Ethics is about responsible decision-making","V3-Q-L035-01 | V3-Q-L035-02 | V3-Q-L035-03","","reviewed","audits/course-v3-visual-evidence/full-pages/desktop/lesson-038.png","audits/course-v3-visual-evidence/full-pages/mobile-390/lesson-038.png","high"
"038","S7-L01","7","S7.02","S7.02.A01","Show understanding of the need for and purpose of ethics as a computing professional","The importance of joining a professional ethical body, including BCS and IEEE","table | worked-example","Decision evidence | The importance of joining a professional ethical body, including BCS and IEEE: complete worked route","V3-Q-L035-01 | V3-Q-L035-02 | V3-Q-L035-03","","reviewed","audits/course-v3-visual-evidence/full-pages/desktop/lesson-038.png","audits/course-v3-visual-evidence/full-pages/mobile-390/lesson-038.png","high"
"038","S7-L01","7","S7.02","S7.02.A02","Understand the importance of joining a professional ethical body including BCS (British Computer Society), IEEE (Institute of Electrical and Electronic Engineers)","The importance of joining a professional ethical body, including BCS and IEEE","table | worked-example","Decision evidence | The importance of joining a professional ethical body, including BCS and IEEE: complete worked route","V3-Q-L035-01 | V3-Q-L035-02 | V3-Q-L035-03","","reviewed","audits/course-v3-visual-evidence/full-pages/desktop/lesson-038.png","audits/course-v3-visual-evidence/full-pages/mobile-390/lesson-038.png","high"
"039","S7-L02","7","S7.03","S7.03.A01","Show understanding of the need to act ethically and the impact of acting ethically or unethically for a given situation","Explain the need to act ethically and the impact of acting ethically or unethically for a given situation.","table | worked-example | reviewed-visual","Decision evidence | The need to act ethically and the impact of acting ethically or unethically for a given: complete worked route | Ethical answers start with stakeholders","V3-Q-L036-01 | V3-Q-L036-02 | V3-Q-L036-03","","reviewed","audits/course-v3-visual-evidence/full-pages/desktop/lesson-039.png","audits/course-v3-visual-evidence/full-pages/mobile-390/lesson-039.png","high"
"040","S7-L03","7","S7.04","S7.04.A01","Show understanding of the need for copyright legislation","The need for copyright legislation for software","table | worked-example | reviewed-visual","Decision evidence | The need for copyright legislation for software: complete worked route | Copyright protects expression, including software code","V3-Q-L037-01 | V3-Q-L037-02","","reviewed","audits/course-v3-visual-evidence/full-pages/desktop/lesson-040.png","audits/course-v3-visual-evidence/full-pages/mobile-390/lesson-040.png","high"
"040","S7-L03","7","S7.05","S7.05.A01","Explain the Free Software Foundation licensing model.","Different software licensing types and justify a licence for a given situation","table | worked-example | reviewed-visual","Decision evidence | Different software licensing types and justify a licence for a given situation: complete worked route | A licence grants permission under conditions","V3-Q-L037-01 | V3-Q-L037-02 | V3-Q-L037-03","","reviewed","audits/course-v3-visual-evidence/full-pages/desktop/lesson-040.png","audits/course-v3-visual-evidence/full-pages/mobile-390/lesson-040.png","high"
"040","S7-L03","7","S7.05","S7.05.A02","Explain open-source licensing.","Different software licensing types and justify a licence for a given situation","table | worked-example | reviewed-visual","Decision evidence | Different software licensing types and justify a licence for a given situation: complete worked route | A licence grants permission under conditions","V3-Q-L037-01 | V3-Q-L037-02","","reviewed","audits/course-v3-visual-evidence/full-pages/desktop/lesson-040.png","audits/course-v3-visual-evidence/full-pages/mobile-390/lesson-040.png","high"
"040","S7-L03","7","S7.05","S7.05.A03","Explain shareware licensing.","Different software licensing types and justify a licence for a given situation","table | worked-example | reviewed-visual","Decision evidence | Different software licensing types and justify a licence for a given situation: complete worked route | A licence grants permission under conditions","V3-Q-L037-03","","reviewed","audits/course-v3-visual-evidence/full-pages/desktop/lesson-040.png","audits/course-v3-visual-evidence/full-pages/mobile-390/lesson-040.png","high"
"040","S7-L03","7","S7.05","S7.05.A04","Explain commercial software licensing.","Different software licensing types and justify a licence for a given situation","table | worked-example | reviewed-visual","Decision evidence | Different software licensing types and justify a licence for a given situation: complete worked route | A licence grants permission under conditions","V3-Q-L037-01 | V3-Q-L037-02 | V3-Q-L037-03","","reviewed","audits/course-v3-visual-evidence/full-pages/desktop/lesson-040.png","audits/course-v3-visual-evidence/full-pages/mobile-390/lesson-040.png","high"
"040","S7-L03","7","S7.05","S7.05.A05","Justify a licence for a given situation.","Different software licensing types and justify a licence for a given situation","table | worked-example | reviewed-visual","Decision evidence | Different software licensing types and justify a licence for a given situation: complete worked route | A licence grants permission under conditions","V3-037-S7.05-CHECK","","reviewed","audits/course-v3-visual-evidence/full-pages/desktop/lesson-040.png","audits/course-v3-visual-evidence/full-pages/mobile-390/lesson-040.png","high"
"041","S7-L04","7","S7.06","S7.06.A01","Show understanding of Artificial Intelligence (AI)","Artificial intelligence, its applications and its social, economic and environmental impacts","table | worked-example | reviewed-visual","Decision evidence | Artificial intelligence, its applications and its social, economic and environmental impacts: complete worked route | Environmental impacts include energy use and resource consumption","V3-Q-L038-02","","reviewed","audits/course-v3-visual-evidence/full-pages/desktop/lesson-041.png","audits/course-v3-visual-evidence/full-pages/mobile-390/lesson-041.png","high"
"041","S7-L04","7","S7.06","S7.06.A02","Understand the impact of AI including social, economic and environmental issues","Artificial intelligence, its applications and its social, economic and environmental impacts","table | worked-example | reviewed-visual","Decision evidence | Artificial intelligence, its applications and its social, economic and environmental impacts: complete worked route | Environmental impacts include energy use and resource consumption","V3-Q-L038-01 | V3-Q-L038-02 | V3-Q-L038-03","","reviewed","audits/course-v3-visual-evidence/full-pages/desktop/lesson-041.png","audits/course-v3-visual-evidence/full-pages/mobile-390/lesson-041.png","high"
"041","S7-L04","7","S7.06","S7.06.A03","Understand the applications of AI","Artificial intelligence, its applications and its social, economic and environmental impacts","table | worked-example | reviewed-visual","Decision evidence | Artificial intelligence, its applications and its social, economic and environmental impacts: complete worked route | Environmental impacts include energy use and resource consumption","V3-038-S7.06-CHECK","","reviewed","audits/course-v3-visual-evidence/full-pages/desktop/lesson-041.png","audits/course-v3-visual-evidence/full-pages/mobile-390/lesson-041.png","high"
"042","S8-L01","8","S8.01","S8.01.A01","Show understanding of the limitations of using a file-based approach for the storage and retrieval of data","Limitations of file-based systems and how relational databases address them","analogy | cards | worked-example | reviewed-visual","Move from isolated files to managed relationships | Structure and relationships | Limitations of file-based systems and how relational databases address them: complete worked route | Flat-file vs relational comparison","V3-Q-L039-01","","reviewed","audits/course-v3-visual-evidence/full-pages/desktop/lesson-042.png","audits/course-v3-visual-evidence/full-pages/mobile-390/lesson-042.png","high"
"042","S8-L01","8","S8.01","S8.01.A02","Describe the features of a relational database that address the limitations of a file-based approach","Limitations of file-based systems and how relational databases address them","analogy | cards | worked-example | reviewed-visual","Move from isolated files to managed relationships | Structure and relationships | Limitations of file-based systems and how relational databases address them: complete worked route | Flat-file vs relational comparison","V3-Q-L039-01 | V3-Q-L039-02 | V3-Q-L039-03","","reviewed","audits/course-v3-visual-evidence/full-pages/desktop/lesson-042.png","audits/course-v3-visual-evidence/full-pages/mobile-390/lesson-042.png","high"
"042","S8-L01","8","S8.02","S8.02.A01","Use entity, table, record/tuple and field/attribute terminology.","Entity/table, record/tuple, field/attribute, primary/candidate/secondary/foreign key, relationships, referential integrity and indexing","flow | worked-example | reviewed-visual","Mechanism in examinable order | Entity/table, record/tuple, field/attribute, primary/candidate/secondary/foreign key, relationships, referential integrity and indexing: complete worked route | Referential integrity","V3-039-S8.02-CHECK","","reviewed","audits/course-v3-visual-evidence/full-pages/desktop/lesson-042.png","audits/course-v3-visual-evidence/full-pages/mobile-390/lesson-042.png","high"
"042","S8-L01","8","S8.02","S8.02.A02","Distinguish primary, candidate, secondary and foreign keys.","Entity/table, record/tuple, field/attribute, primary/candidate/secondary/foreign key, relationships, referential integrity and indexing","flow | worked-example | reviewed-visual","Mechanism in examinable order | Entity/table, record/tuple, field/attribute, primary/candidate/secondary/foreign key, relationships, referential integrity and indexing: complete worked route | Referential integrity","V3-Q-L039-01 | V3-Q-L039-02 | V3-Q-L039-03","","reviewed","audits/course-v3-visual-evidence/full-pages/desktop/lesson-042.png","audits/course-v3-visual-evidence/full-pages/mobile-390/lesson-042.png","high"
"042","S8-L01","8","S8.02","S8.02.A03","Explain one-to-one, one-to-many and many-to-many relationships.","Entity/table, record/tuple, field/attribute, primary/candidate/secondary/foreign key, relationships, referential integrity and indexing","flow | worked-example | reviewed-visual","Mechanism in examinable order | Entity/table, record/tuple, field/attribute, primary/candidate/secondary/foreign key, relationships, referential integrity and indexing: complete worked route | Referential integrity","V3-039-S8.02-CHECK","","reviewed","audits/course-v3-visual-evidence/full-pages/desktop/lesson-042.png","audits/course-v3-visual-evidence/full-pages/mobile-390/lesson-042.png","high"
"042","S8-L01","8","S8.02","S8.02.A04","Explain referential integrity.","Entity/table, record/tuple, field/attribute, primary/candidate/secondary/foreign key, relationships, referential integrity and indexing","flow | worked-example | reviewed-visual","Mechanism in examinable order | Entity/table, record/tuple, field/attribute, primary/candidate/secondary/foreign key, relationships, referential integrity and indexing: complete worked route | Referential integrity","V3-Q-L039-01 | V3-Q-L039-02","","reviewed","audits/course-v3-visual-evidence/full-pages/desktop/lesson-042.png","audits/course-v3-visual-evidence/full-pages/mobile-390/lesson-042.png","high"
"042","S8-L01","8","S8.02","S8.02.A05","Explain the purpose of indexing.","Entity/table, record/tuple, field/attribute, primary/candidate/secondary/foreign key, relationships, referential integrity and indexing","flow | worked-example | reviewed-visual","Mechanism in examinable order | Entity/table, record/tuple, field/attribute, primary/candidate/secondary/foreign key, relationships, referential integrity and indexing: complete worked route | Referential integrity","V3-039-S8.02-CHECK","","reviewed","audits/course-v3-visual-evidence/full-pages/desktop/lesson-042.png","audits/course-v3-visual-evidence/full-pages/mobile-390/lesson-042.png","high"
"043","S8-L02","8","S8.03","S8.03.A01","Use an entity-relationship (E-R) diagram to document a database design","Entity-relationship diagrams","cards | worked-example | reviewed-visual","Structure and relationships | Entity-relationship diagrams: complete worked route | Cardinality describes how many records may be linked","V3-Q-L040-01 | V3-Q-L040-02 | V3-Q-L040-03","","reviewed","audits/course-v3-visual-evidence/full-pages/desktop/lesson-043.png","audits/course-v3-visual-evidence/full-pages/mobile-390/lesson-043.png","high"
"043","S8-L02","8","S8.04","S8.04.A01","Explain First Normal Form.","1NF, 2NF and 3NF; explain 3NF and produce a normalised design","cards | worked-example | reviewed-visual","Structure and relationships | 1NF, 2NF and 3NF; explain 3NF and produce a normalised design: complete worked route | How normal forms remove dependency problems","V3-Q-L040-01 | V3-Q-L040-02 | V3-Q-L040-03","","reviewed","audits/course-v3-visual-evidence/full-pages/desktop/lesson-043.png","audits/course-v3-visual-evidence/full-pages/mobile-390/lesson-043.png","high"
"043","S8-L02","8","S8.04","S8.04.A02","Explain Second Normal Form.","1NF, 2NF and 3NF; explain 3NF and produce a normalised design","cards | worked-example | reviewed-visual","Structure and relationships | 1NF, 2NF and 3NF; explain 3NF and produce a normalised design: complete worked route | How normal forms remove dependency problems","V3-Q-L040-01","","reviewed","audits/course-v3-visual-evidence/full-pages/desktop/lesson-043.png","audits/course-v3-visual-evidence/full-pages/mobile-390/lesson-043.png","high"
"043","S8-L02","8","S8.04","S8.04.A03","Explain Third Normal Form.","1NF, 2NF and 3NF; explain 3NF and produce a normalised design","cards | worked-example | reviewed-visual","Structure and relationships | 1NF, 2NF and 3NF; explain 3NF and produce a normalised design: complete worked route | How normal forms remove dependency problems","V3-040-S8.04-CHECK","","reviewed","audits/course-v3-visual-evidence/full-pages/desktop/lesson-043.png","audits/course-v3-visual-evidence/full-pages/mobile-390/lesson-043.png","high"
"043","S8-L02","8","S8.04","S8.04.A04","Judge whether tables are in 3NF.","1NF, 2NF and 3NF; explain 3NF and produce a normalised design","cards | worked-example | reviewed-visual","Structure and relationships | 1NF, 2NF and 3NF; explain 3NF and produce a normalised design: complete worked route | How normal forms remove dependency problems","V3-040-S8.04-CHECK","","reviewed","audits/course-v3-visual-evidence/full-pages/desktop/lesson-043.png","audits/course-v3-visual-evidence/full-pages/mobile-390/lesson-043.png","high"
"043","S8-L02","8","S8.04","S8.04.A05","Produce a normalised database design from a description or data.","1NF, 2NF and 3NF; explain 3NF and produce a normalised design","cards | worked-example | reviewed-visual","Structure and relationships | 1NF, 2NF and 3NF; explain 3NF and produce a normalised design: complete worked route | How normal forms remove dependency problems","V3-Q-L040-01","","reviewed","audits/course-v3-visual-evidence/full-pages/desktop/lesson-043.png","audits/course-v3-visual-evidence/full-pages/mobile-390/lesson-043.png","high"
"044","S8-L03","8","S8.05","S8.05.A01","Explain DBMS data management and the role of a data dictionary.","DBMS features: data dictionary, data modelling, logical schema, integrity, security, backup and access rights","table | worked-example | reviewed-visual","Decision evidence | DBMS features: data dictionary, data modelling, logical schema, integrity, security, backup and access rights: complete worked route | What does a DBMS provide?","V3-Q-L041-01 | V3-Q-L041-02","","reviewed","audits/course-v3-visual-evidence/full-pages/desktop/lesson-044.png","audits/course-v3-visual-evidence/full-pages/mobile-390/lesson-044.png","high"
"044","S8-L03","8","S8.05","S8.05.A02","Explain database data modelling.","DBMS features: data dictionary, data modelling, logical schema, integrity, security, backup and access rights","table | worked-example | reviewed-visual","Decision evidence | DBMS features: data dictionary, data modelling, logical schema, integrity, security, backup and access rights: complete worked route | What does a DBMS provide?","V3-Q-L041-01 | V3-Q-L041-02","","reviewed","audits/course-v3-visual-evidence/full-pages/desktop/lesson-044.png","audits/course-v3-visual-evidence/full-pages/mobile-390/lesson-044.png","high"
"044","S8-L03","8","S8.05","S8.05.A03","Explain the purpose of a logical schema.","DBMS features: data dictionary, data modelling, logical schema, integrity, security, backup and access rights","table | worked-example | reviewed-visual","Decision evidence | DBMS features: data dictionary, data modelling, logical schema, integrity, security, backup and access rights: complete worked route | What does a DBMS provide?","V3-041-S8.05-CHECK","","reviewed","audits/course-v3-visual-evidence/full-pages/desktop/lesson-044.png","audits/course-v3-visual-evidence/full-pages/mobile-390/lesson-044.png","high"
"044","S8-L03","8","S8.05","S8.05.A04","Explain how a DBMS enforces data integrity.","DBMS features: data dictionary, data modelling, logical schema, integrity, security, backup and access rights","table | worked-example | reviewed-visual","Decision evidence | DBMS features: data dictionary, data modelling, logical schema, integrity, security, backup and access rights: complete worked route | What does a DBMS provide?","V3-Q-L041-01 | V3-Q-L041-02 | V3-Q-L041-03","","reviewed","audits/course-v3-visual-evidence/full-pages/desktop/lesson-044.png","audits/course-v3-visual-evidence/full-pages/mobile-390/lesson-044.png","high"
"044","S8-L03","8","S8.05","S8.05.A05","Explain DBMS data security using individual or group access rights.","DBMS features: data dictionary, data modelling, logical schema, integrity, security, backup and access rights","table | worked-example | reviewed-visual","Decision evidence | DBMS features: data dictionary, data modelling, logical schema, integrity, security, backup and access rights: complete worked route | What does a DBMS provide?","V3-Q-L041-01 | V3-Q-L041-02 | V3-Q-L041-03","","reviewed","audits/course-v3-visual-evidence/full-pages/desktop/lesson-044.png","audits/course-v3-visual-evidence/full-pages/mobile-390/lesson-044.png","high"
"044","S8-L03","8","S8.05","S8.05.A06","Explain database backup and recovery procedures.","DBMS features: data dictionary, data modelling, logical schema, integrity, security, backup and access rights","table | worked-example | reviewed-visual","Decision evidence | DBMS features: data dictionary, data modelling, logical schema, integrity, security, backup and access rights: complete worked route | What does a DBMS provide?","V3-041-S8.05-CHECK","","reviewed","audits/course-v3-visual-evidence/full-pages/desktop/lesson-044.png","audits/course-v3-visual-evidence/full-pages/mobile-390/lesson-044.png","high"
"044","S8-L03","8","S8.06","S8.06.A01","Explain how a DBMS developer interface is used in practice.","The developer interface and query processor","flow | worked-example","Mechanism in examinable order | The developer interface and query processor: complete worked route","V3-Q-L041-03","","reviewed","audits/course-v3-visual-evidence/full-pages/desktop/lesson-044.png","audits/course-v3-visual-evidence/full-pages/mobile-390/lesson-044.png","high"
"044","S8-L03","8","S8.06","S8.06.A02","Explain how a DBMS query processor is used in practice.","The developer interface and query processor","flow | worked-example","Mechanism in examinable order | The developer interface and query processor: complete worked route","V3-Q-L041-03","","reviewed","audits/course-v3-visual-evidence/full-pages/desktop/lesson-044.png","audits/course-v3-visual-evidence/full-pages/mobile-390/lesson-044.png","high"
"045","S8-L04","8","S8.07","S8.07.A01","Show understanding that the DBMS carries out all creation / modification of the database structure using its Data Definition Language (DDL)","DDL creates/modifies structure, DML queries/maintains data, and SQL is an industry-standard language","cards | worked-example | reviewed-visual","Structure and relationships | DDL creates/modifies structure, DML queries/maintains data, and SQL is an industry-standard language: complete worked route | INSERT, UPDATE and DELETE are data manipulation commands","V3-Q-L042-01 | V3-Q-L042-02 | V3-Q-L042-03","","reviewed","audits/course-v3-visual-evidence/full-pages/desktop/lesson-045.png","audits/course-v3-visual-evidence/full-pages/mobile-390/lesson-045.png","high"
"045","S8-L04","8","S8.07","S8.07.A02","Show understanding that the DBMS carries out all queries and maintenance of data using its DML","DDL creates/modifies structure, DML queries/maintains data, and SQL is an industry-standard language","cards | worked-example | reviewed-visual","Structure and relationships | DDL creates/modifies structure, DML queries/maintains data, and SQL is an industry-standard language: complete worked route | INSERT, UPDATE and DELETE are data manipulation commands","V3-Q-L042-01 | V3-Q-L042-03","","reviewed","audits/course-v3-visual-evidence/full-pages/desktop/lesson-045.png","audits/course-v3-visual-evidence/full-pages/mobile-390/lesson-045.png","high"
"045","S8-L04","8","S8.07","S8.07.A03","Show understanding that the industry standard for both DDL and DML is Structured Query Language (SQL)","DDL creates/modifies structure, DML queries/maintains data, and SQL is an industry-standard language","cards | worked-example | reviewed-visual","Structure and relationships | DDL creates/modifies structure, DML queries/maintains data, and SQL is an industry-standard language: complete worked route | INSERT, UPDATE and DELETE are data manipulation commands","V3-Q-L042-01 | V3-Q-L042-02 | V3-Q-L042-03","","reviewed","audits/course-v3-visual-evidence/full-pages/desktop/lesson-045.png","audits/course-v3-visual-evidence/full-pages/mobile-390/lesson-045.png","high"
"046","S8-L05","8","S8.08","S8.08.A01","Understand given SQL (DDL) statements and be able to write simple SQL (DDL) statements using a sub-set of statements","A given SQL statement and explain the semantics of its clauses, identifiers, operators and values","cards | worked-example | reviewed-visual","Structure and relationships | A given SQL statement and explain the semantics of its clauses, identifiers, operators and values: complete worked route | The three foundation clauses","V3-Q-L043-01 | V3-Q-L043-02 | V3-Q-L043-03","","reviewed","audits/course-v3-visual-evidence/full-pages/desktop/lesson-046.png","audits/course-v3-visual-evidence/full-pages/mobile-390/lesson-046.png","high"
"046","S8-L05","8","S8.08","S8.08.A02","Understand a given SQL statement","A given SQL statement and explain the semantics of its clauses, identifiers, operators and values","cards | worked-example | reviewed-visual","Structure and relationships | A given SQL statement and explain the semantics of its clauses, identifiers, operators and values: complete worked route | The three foundation clauses","V3-Q-L043-01 | V3-Q-L043-02 | V3-Q-L043-03","","reviewed","audits/course-v3-visual-evidence/full-pages/desktop/lesson-046.png","audits/course-v3-visual-evidence/full-pages/mobile-390/lesson-046.png","high"
"046","S8-L05","8","S8.09","S8.09.A01","Write a CREATE DATABASE statement.","DDL: CREATE DATABASE, CREATE TABLE with CHARACTER/VARCHAR/BOOLEAN/INTEGER/REAL/DATE/TIME, ALTER TABLE, primary and foreign keys","cards | worked-example","Structure and relationships | DDL: CREATE DATABASE, CREATE TABLE with CHARACTER/VARCHAR/BOOLEAN/INTEGER/REAL/DATE/TIME, ALTER TABLE, primary and foreign keys: complete worked route","V3-Q-L044-01","","reviewed","audits/course-v3-visual-evidence/full-pages/desktop/lesson-046.png","audits/course-v3-visual-evidence/full-pages/mobile-390/lesson-046.png","high"
"046","S8-L05","8","S8.09","S8.09.A02","Write CREATE TABLE with appropriate CHARACTER, VARCHAR, BOOLEAN, INTEGER, REAL, DATE and TIME types.","DDL: CREATE DATABASE, CREATE TABLE with CHARACTER/VARCHAR/BOOLEAN/INTEGER/REAL/DATE/TIME, ALTER TABLE, primary and foreign keys","cards | worked-example","Structure and relationships | DDL: CREATE DATABASE, CREATE TABLE with CHARACTER/VARCHAR/BOOLEAN/INTEGER/REAL/DATE/TIME, ALTER TABLE, primary and foreign keys: complete worked route","V3-Q-L044-01","","reviewed","audits/course-v3-visual-evidence/full-pages/desktop/lesson-046.png","audits/course-v3-visual-evidence/full-pages/mobile-390/lesson-046.png","high"
"046","S8-L05","8","S8.09","S8.09.A03","Write an ALTER TABLE statement.","DDL: CREATE DATABASE, CREATE TABLE with CHARACTER/VARCHAR/BOOLEAN/INTEGER/REAL/DATE/TIME, ALTER TABLE, primary and foreign keys","cards | worked-example","Structure and relationships | DDL: CREATE DATABASE, CREATE TABLE with CHARACTER/VARCHAR/BOOLEAN/INTEGER/REAL/DATE/TIME, ALTER TABLE, primary and foreign keys: complete worked route","V3-Q-L044-01","","reviewed","audits/course-v3-visual-evidence/full-pages/desktop/lesson-046.png","audits/course-v3-visual-evidence/full-pages/mobile-390/lesson-046.png","high"
"046","S8-L05","8","S8.09","S8.09.A04","Declare a PRIMARY KEY in a table definition.","DDL: CREATE DATABASE, CREATE TABLE with CHARACTER/VARCHAR/BOOLEAN/INTEGER/REAL/DATE/TIME, ALTER TABLE, primary and foreign keys","cards | worked-example","Structure and relationships | DDL: CREATE DATABASE, CREATE TABLE with CHARACTER/VARCHAR/BOOLEAN/INTEGER/REAL/DATE/TIME, ALTER TABLE, primary and foreign keys: complete worked route","V3-043-S8.09-CHECK","","reviewed","audits/course-v3-visual-evidence/full-pages/desktop/lesson-046.png","audits/course-v3-visual-evidence/full-pages/mobile-390/lesson-046.png","high"
"046","S8-L05","8","S8.09","S8.09.A05","Declare a FOREIGN KEY with REFERENCES.","DDL: CREATE DATABASE, CREATE TABLE with CHARACTER/VARCHAR/BOOLEAN/INTEGER/REAL/DATE/TIME, ALTER TABLE, primary and foreign keys","cards | worked-example","Structure and relationships | DDL: CREATE DATABASE, CREATE TABLE with CHARACTER/VARCHAR/BOOLEAN/INTEGER/REAL/DATE/TIME, ALTER TABLE, primary and foreign keys: complete worked route","V3-Q-L044-01","","reviewed","audits/course-v3-visual-evidence/full-pages/desktop/lesson-046.png","audits/course-v3-visual-evidence/full-pages/mobile-390/lesson-046.png","high"
"047","S8-L06","8","S8.10","S8.10.A01","Write SELECT and FROM clauses.","Use DML on at most two tables: SELECT, FROM, WHERE, ORDER BY, GROUP BY, INNER JOIN, SUM, COUNT and AVG.","cards | worked-example | reviewed-visual","Structure and relationships | DML on at most two tables: SELECT, FROM, WHERE, ORDER BY, GROUP BY, INNER JOIN, SUM,: complete worked route | Two-table INNER JOIN with ON","V3-Q-L043-01 | V3-Q-L043-02","","reviewed","audits/course-v3-visual-evidence/full-pages/desktop/lesson-047.png","audits/course-v3-visual-evidence/full-pages/mobile-390/lesson-047.png","high"
"047","S8-L06","8","S8.10","S8.10.A02","Use WHERE to filter rows.","Use DML on at most two tables: SELECT, FROM, WHERE, ORDER BY, GROUP BY, INNER JOIN, SUM, COUNT and AVG.","cards | worked-example | reviewed-visual","Structure and relationships | DML on at most two tables: SELECT, FROM, WHERE, ORDER BY, GROUP BY, INNER JOIN, SUM,: complete worked route | Two-table INNER JOIN with ON","V3-Q-L043-01 | V3-Q-L043-02","","reviewed","audits/course-v3-visual-evidence/full-pages/desktop/lesson-047.png","audits/course-v3-visual-evidence/full-pages/mobile-390/lesson-047.png","high"
"047","S8-L06","8","S8.10","S8.10.A03","Use ORDER BY to sort results.","Use DML on at most two tables: SELECT, FROM, WHERE, ORDER BY, GROUP BY, INNER JOIN, SUM, COUNT and AVG.","cards | worked-example | reviewed-visual","Structure and relationships | DML on at most two tables: SELECT, FROM, WHERE, ORDER BY, GROUP BY, INNER JOIN, SUM,: complete worked route | Two-table INNER JOIN with ON","V3-043-S8.10-CHECK","","reviewed","audits/course-v3-visual-evidence/full-pages/desktop/lesson-047.png","audits/course-v3-visual-evidence/full-pages/mobile-390/lesson-047.png","high"
"047","S8-L06","8","S8.10","S8.10.A04","Use GROUP BY for grouped results.","Use DML on at most two tables: SELECT, FROM, WHERE, ORDER BY, GROUP BY, INNER JOIN, SUM, COUNT and AVG.","cards | worked-example | reviewed-visual","Structure and relationships | DML on at most two tables: SELECT, FROM, WHERE, ORDER BY, GROUP BY, INNER JOIN, SUM,: complete worked route | Two-table INNER JOIN with ON","V3-043-S8.10-CHECK","","reviewed","audits/course-v3-visual-evidence/full-pages/desktop/lesson-047.png","audits/course-v3-visual-evidence/full-pages/mobile-390/lesson-047.png","high"
"047","S8-L06","8","S8.10","S8.10.A05","Use INNER JOIN across at most two tables.","Use DML on at most two tables: SELECT, FROM, WHERE, ORDER BY, GROUP BY, INNER JOIN, SUM, COUNT and AVG.","cards | worked-example | reviewed-visual","Structure and relationships | DML on at most two tables: SELECT, FROM, WHERE, ORDER BY, GROUP BY, INNER JOIN, SUM,: complete worked route | Two-table INNER JOIN with ON","V3-Q-L043-03","","reviewed","audits/course-v3-visual-evidence/full-pages/desktop/lesson-047.png","audits/course-v3-visual-evidence/full-pages/mobile-390/lesson-047.png","high"
"047","S8-L06","8","S8.10","S8.10.A06","Use SUM, COUNT and AVG aggregate functions.","Use DML on at most two tables: SELECT, FROM, WHERE, ORDER BY, GROUP BY, INNER JOIN, SUM, COUNT and AVG.","cards | worked-example | reviewed-visual","Structure and relationships | DML on at most two tables: SELECT, FROM, WHERE, ORDER BY, GROUP BY, INNER JOIN, SUM,: complete worked route | Two-table INNER JOIN with ON","V3-043-S8.10-CHECK","","reviewed","audits/course-v3-visual-evidence/full-pages/desktop/lesson-047.png","audits/course-v3-visual-evidence/full-pages/mobile-390/lesson-047.png","high"
"047","S8-L06","8","S8.11","S8.11.A01","Write INSERT INTO to add a row.","INSERT, DELETE and UPDATE to maintain data","table | worked-example | reviewed-visual","Compare by technical factor | Maintain one Student record safely | DELETE FROM removes records","V3-Q-L044-02","","reviewed","audits/course-v3-visual-evidence/full-pages/desktop/lesson-047.png","audits/course-v3-visual-evidence/full-pages/mobile-390/lesson-047.png","high"
"047","S8-L06","8","S8.11","S8.11.A02","Write UPDATE with SET and a safe WHERE condition.","INSERT, DELETE and UPDATE to maintain data","table | worked-example | reviewed-visual","Compare by technical factor | Maintain one Student record safely | DELETE FROM removes records","V3-Q-L044-02 | V3-Q-L044-03","","reviewed","audits/course-v3-visual-evidence/full-pages/desktop/lesson-047.png","audits/course-v3-visual-evidence/full-pages/mobile-390/lesson-047.png","high"
"047","S8-L06","8","S8.11","S8.11.A03","Write DELETE FROM with a safe WHERE condition.","INSERT, DELETE and UPDATE to maintain data","table | worked-example | reviewed-visual","Compare by technical factor | Maintain one Student record safely | DELETE FROM removes records","V3-Q-L044-02 | V3-Q-L044-03","","reviewed","audits/course-v3-visual-evidence/full-pages/desktop/lesson-047.png","audits/course-v3-visual-evidence/full-pages/mobile-390/lesson-047.png","high"
"048","REV-P1","Review","S1.01.R","S1.01.R","Diagnose and connect S1.01 in an integrated response.","Section 1: Information representation","","","","","reviewed","audits/course-v3-visual-evidence/full-pages/desktop/lesson-048.png","audits/course-v3-visual-evidence/full-pages/mobile-390/lesson-048.png","high"
"048","REV-P1","Review","S1.02.R","S1.02.R","Diagnose and connect S1.02 in an integrated response.","Section 2: Communication","","","","","reviewed","audits/course-v3-visual-evidence/full-pages/desktop/lesson-048.png","audits/course-v3-visual-evidence/full-pages/mobile-390/lesson-048.png","high"
"048","REV-P1","Review","S1.03.R","S1.03.R","Diagnose and connect S1.03 in an integrated response.","Section 3: Hardware","","","","","reviewed","audits/course-v3-visual-evidence/full-pages/desktop/lesson-048.png","audits/course-v3-visual-evidence/full-pages/mobile-390/lesson-048.png","high"
"048","REV-P1","Review","S1.04.R","S1.04.R","Diagnose and connect S1.04 in an integrated response.","Section 4: Processor fundamentals","","","","","reviewed","audits/course-v3-visual-evidence/full-pages/desktop/lesson-048.png","audits/course-v3-visual-evidence/full-pages/mobile-390/lesson-048.png","high"
"048","REV-P1","Review","S1.05.R","S1.05.R","Diagnose and connect S1.05 in an integrated response.","Section 5: System software","","","","","reviewed","audits/course-v3-visual-evidence/full-pages/desktop/lesson-048.png","audits/course-v3-visual-evidence/full-pages/mobile-390/lesson-048.png","high"
"048","REV-P1","Review","S1.06.R","S1.06.R","Diagnose and connect S1.06 in an integrated response.","Section 6: Security, privacy and data integrity","","","","","reviewed","audits/course-v3-visual-evidence/full-pages/desktop/lesson-048.png","audits/course-v3-visual-evidence/full-pages/mobile-390/lesson-048.png","high"
"048","REV-P1","Review","S1.07.R","S1.07.R","Diagnose and connect S1.07 in an integrated response.","Section 7: Ethics and ownership","","","","","reviewed","audits/course-v3-visual-evidence/full-pages/desktop/lesson-048.png","audits/course-v3-visual-evidence/full-pages/mobile-390/lesson-048.png","high"
"048","REV-P1","Review","S1.08.R","S1.08.R","Diagnose and connect S1.08 in an integrated response.","Section 8: Databases","","","","","reviewed","audits/course-v3-visual-evidence/full-pages/desktop/lesson-048.png","audits/course-v3-visual-evidence/full-pages/mobile-390/lesson-048.png","high"
"048","REV-P1","Review","S1.09.R","S1.09.R","Diagnose and connect S1.09 in an integrated response.","Section 1: Information representation","","","","","reviewed","audits/course-v3-visual-evidence/full-pages/desktop/lesson-048.png","audits/course-v3-visual-evidence/full-pages/mobile-390/lesson-048.png","high"
"048","REV-P1","Review","S1.10.R","S1.10.R","Diagnose and connect S1.10 in an integrated response.","Section 2: Communication","","","","","reviewed","audits/course-v3-visual-evidence/full-pages/desktop/lesson-048.png","audits/course-v3-visual-evidence/full-pages/mobile-390/lesson-048.png","high"
"048","REV-P1","Review","S1.11.R","S1.11.R","Diagnose and connect S1.11 in an integrated response.","Section 3: Hardware","","","","","reviewed","audits/course-v3-visual-evidence/full-pages/desktop/lesson-048.png","audits/course-v3-visual-evidence/full-pages/mobile-390/lesson-048.png","high"
"048","REV-P1","Review","S2.01.R","S2.01.R","Diagnose and connect S2.01 in an integrated response.","Section 4: Processor fundamentals","","","","","reviewed","audits/course-v3-visual-evidence/full-pages/desktop/lesson-048.png","audits/course-v3-visual-evidence/full-pages/mobile-390/lesson-048.png","high"
"048","REV-P1","Review","S2.02.R","S2.02.R","Diagnose and connect S2.02 in an integrated response.","Section 5: System software","","","","","reviewed","audits/course-v3-visual-evidence/full-pages/desktop/lesson-048.png","audits/course-v3-visual-evidence/full-pages/mobile-390/lesson-048.png","high"
"048","REV-P1","Review","S2.03.R","S2.03.R","Diagnose and connect S2.03 in an integrated response.","Section 6: Security, privacy and data integrity","","","","","reviewed","audits/course-v3-visual-evidence/full-pages/desktop/lesson-048.png","audits/course-v3-visual-evidence/full-pages/mobile-390/lesson-048.png","high"
"048","REV-P1","Review","S2.04.R","S2.04.R","Diagnose and connect S2.04 in an integrated response.","Section 7: Ethics and ownership","","","","","reviewed","audits/course-v3-visual-evidence/full-pages/desktop/lesson-048.png","audits/course-v3-visual-evidence/full-pages/mobile-390/lesson-048.png","high"
"048","REV-P1","Review","S2.05.R","S2.05.R","Diagnose and connect S2.05 in an integrated response.","Section 8: Databases","","","","","reviewed","audits/course-v3-visual-evidence/full-pages/desktop/lesson-048.png","audits/course-v3-visual-evidence/full-pages/mobile-390/lesson-048.png","high"
"048","REV-P1","Review","S2.06.R","S2.06.R","Diagnose and connect S2.06 in an integrated response.","Section 1: Information representation","","","","","reviewed","audits/course-v3-visual-evidence/full-pages/desktop/lesson-048.png","audits/course-v3-visual-evidence/full-pages/mobile-390/lesson-048.png","high"
"048","REV-P1","Review","S2.07.R","S2.07.R","Diagnose and connect S2.07 in an integrated response.","Section 2: Communication","","","","","reviewed","audits/course-v3-visual-evidence/full-pages/desktop/lesson-048.png","audits/course-v3-visual-evidence/full-pages/mobile-390/lesson-048.png","high"
"048","REV-P1","Review","S2.08.R","S2.08.R","Diagnose and connect S2.08 in an integrated response.","Section 3: Hardware","","","","","reviewed","audits/course-v3-visual-evidence/full-pages/desktop/lesson-048.png","audits/course-v3-visual-evidence/full-pages/mobile-390/lesson-048.png","high"
"048","REV-P1","Review","S2.09.R","S2.09.R","Diagnose and connect S2.09 in an integrated response.","Section 4: Processor fundamentals","","","","","reviewed","audits/course-v3-visual-evidence/full-pages/desktop/lesson-048.png","audits/course-v3-visual-evidence/full-pages/mobile-390/lesson-048.png","high"
"048","REV-P1","Review","S2.10.R","S2.10.R","Diagnose and connect S2.10 in an integrated response.","Section 5: System software","","","","","reviewed","audits/course-v3-visual-evidence/full-pages/desktop/lesson-048.png","audits/course-v3-visual-evidence/full-pages/mobile-390/lesson-048.png","high"
"048","REV-P1","Review","S2.11.R","S2.11.R","Diagnose and connect S2.11 in an integrated response.","Section 6: Security, privacy and data integrity","","","","","reviewed","audits/course-v3-visual-evidence/full-pages/desktop/lesson-048.png","audits/course-v3-visual-evidence/full-pages/mobile-390/lesson-048.png","high"
"048","REV-P1","Review","S2.12.R","S2.12.R","Diagnose and connect S2.12 in an integrated response.","Section 7: Ethics and ownership","","","","","reviewed","audits/course-v3-visual-evidence/full-pages/desktop/lesson-048.png","audits/course-v3-visual-evidence/full-pages/mobile-390/lesson-048.png","high"
"048","REV-P1","Review","S2.13.R","S2.13.R","Diagnose and connect S2.13 in an integrated response.","Section 8: Databases","","","","","reviewed","audits/course-v3-visual-evidence/full-pages/desktop/lesson-048.png","audits/course-v3-visual-evidence/full-pages/mobile-390/lesson-048.png","high"
"048","REV-P1","Review","S2.14.R","S2.14.R","Diagnose and connect S2.14 in an integrated response.","Section 1: Information representation","","","","","reviewed","audits/course-v3-visual-evidence/full-pages/desktop/lesson-048.png","audits/course-v3-visual-evidence/full-pages/mobile-390/lesson-048.png","high"
"048","REV-P1","Review","S2.15.R","S2.15.R","Diagnose and connect S2.15 in an integrated response.","Section 2: Communication","","","","","reviewed","audits/course-v3-visual-evidence/full-pages/desktop/lesson-048.png","audits/course-v3-visual-evidence/full-pages/mobile-390/lesson-048.png","high"
"048","REV-P1","Review","S2.16.R","S2.16.R","Diagnose and connect S2.16 in an integrated response.","Section 3: Hardware","","","","","reviewed","audits/course-v3-visual-evidence/full-pages/desktop/lesson-048.png","audits/course-v3-visual-evidence/full-pages/mobile-390/lesson-048.png","high"
"048","REV-P1","Review","S3.01.R","S3.01.R","Diagnose and connect S3.01 in an integrated response.","Section 4: Processor fundamentals","","","","","reviewed","audits/course-v3-visual-evidence/full-pages/desktop/lesson-048.png","audits/course-v3-visual-evidence/full-pages/mobile-390/lesson-048.png","high"
"048","REV-P1","Review","S3.02.R","S3.02.R","Diagnose and connect S3.02 in an integrated response.","Section 5: System software","","","","","reviewed","audits/course-v3-visual-evidence/full-pages/desktop/lesson-048.png","audits/course-v3-visual-evidence/full-pages/mobile-390/lesson-048.png","high"
"048","REV-P1","Review","S3.03.R","S3.03.R","Diagnose and connect S3.03 in an integrated response.","Section 6: Security, privacy and data integrity","","","","","reviewed","audits/course-v3-visual-evidence/full-pages/desktop/lesson-048.png","audits/course-v3-visual-evidence/full-pages/mobile-390/lesson-048.png","high"
"048","REV-P1","Review","S3.04.R","S3.04.R","Diagnose and connect S3.04 in an integrated response.","Section 7: Ethics and ownership","","","","","reviewed","audits/course-v3-visual-evidence/full-pages/desktop/lesson-048.png","audits/course-v3-visual-evidence/full-pages/mobile-390/lesson-048.png","high"
"048","REV-P1","Review","S3.05.R","S3.05.R","Diagnose and connect S3.05 in an integrated response.","Section 8: Databases","","","","","reviewed","audits/course-v3-visual-evidence/full-pages/desktop/lesson-048.png","audits/course-v3-visual-evidence/full-pages/mobile-390/lesson-048.png","high"
"048","REV-P1","Review","S3.06.R","S3.06.R","Diagnose and connect S3.06 in an integrated response.","Section 1: Information representation","","","","","reviewed","audits/course-v3-visual-evidence/full-pages/desktop/lesson-048.png","audits/course-v3-visual-evidence/full-pages/mobile-390/lesson-048.png","high"
"048","REV-P1","Review","S3.07.R","S3.07.R","Diagnose and connect S3.07 in an integrated response.","Section 2: Communication","","","","","reviewed","audits/course-v3-visual-evidence/full-pages/desktop/lesson-048.png","audits/course-v3-visual-evidence/full-pages/mobile-390/lesson-048.png","high"
"048","REV-P1","Review","S3.08.R","S3.08.R","Diagnose and connect S3.08 in an integrated response.","Section 3: Hardware","","","","","reviewed","audits/course-v3-visual-evidence/full-pages/desktop/lesson-048.png","audits/course-v3-visual-evidence/full-pages/mobile-390/lesson-048.png","high"
"048","REV-P1","Review","S3.09.R","S3.09.R","Diagnose and connect S3.09 in an integrated response.","Section 4: Processor fundamentals","","","","","reviewed","audits/course-v3-visual-evidence/full-pages/desktop/lesson-048.png","audits/course-v3-visual-evidence/full-pages/mobile-390/lesson-048.png","high"
"048","REV-P1","Review","S3.10.R","S3.10.R","Diagnose and connect S3.10 in an integrated response.","Section 5: System software","","","","","reviewed","audits/course-v3-visual-evidence/full-pages/desktop/lesson-048.png","audits/course-v3-visual-evidence/full-pages/mobile-390/lesson-048.png","high"
"048","REV-P1","Review","S4.01.R","S4.01.R","Diagnose and connect S4.01 in an integrated response.","Section 6: Security, privacy and data integrity","","","","","reviewed","audits/course-v3-visual-evidence/full-pages/desktop/lesson-048.png","audits/course-v3-visual-evidence/full-pages/mobile-390/lesson-048.png","high"
"048","REV-P1","Review","S4.02.R","S4.02.R","Diagnose and connect S4.02 in an integrated response.","Section 7: Ethics and ownership","","","","","reviewed","audits/course-v3-visual-evidence/full-pages/desktop/lesson-048.png","audits/course-v3-visual-evidence/full-pages/mobile-390/lesson-048.png","high"
"048","REV-P1","Review","S4.03.R","S4.03.R","Diagnose and connect S4.03 in an integrated response.","Section 8: Databases","","","","","reviewed","audits/course-v3-visual-evidence/full-pages/desktop/lesson-048.png","audits/course-v3-visual-evidence/full-pages/mobile-390/lesson-048.png","high"
"048","REV-P1","Review","S4.04.R","S4.04.R","Diagnose and connect S4.04 in an integrated response.","Section 1: Information representation","","","","","reviewed","audits/course-v3-visual-evidence/full-pages/desktop/lesson-048.png","audits/course-v3-visual-evidence/full-pages/mobile-390/lesson-048.png","high"
"048","REV-P1","Review","S4.05.R","S4.05.R","Diagnose and connect S4.05 in an integrated response.","Section 2: Communication","","","","","reviewed","audits/course-v3-visual-evidence/full-pages/desktop/lesson-048.png","audits/course-v3-visual-evidence/full-pages/mobile-390/lesson-048.png","high"
"048","REV-P1","Review","S4.06.R","S4.06.R","Diagnose and connect S4.06 in an integrated response.","Section 3: Hardware","","","","","reviewed","audits/course-v3-visual-evidence/full-pages/desktop/lesson-048.png","audits/course-v3-visual-evidence/full-pages/mobile-390/lesson-048.png","high"
"048","REV-P1","Review","S4.07.R","S4.07.R","Diagnose and connect S4.07 in an integrated response.","Section 4: Processor fundamentals","","","","","reviewed","audits/course-v3-visual-evidence/full-pages/desktop/lesson-048.png","audits/course-v3-visual-evidence/full-pages/mobile-390/lesson-048.png","high"
"048","REV-P1","Review","S4.08.R","S4.08.R","Diagnose and connect S4.08 in an integrated response.","Section 5: System software","","","","","reviewed","audits/course-v3-visual-evidence/full-pages/desktop/lesson-048.png","audits/course-v3-visual-evidence/full-pages/mobile-390/lesson-048.png","high"
"048","REV-P1","Review","S4.09.R","S4.09.R","Diagnose and connect S4.09 in an integrated response.","Section 6: Security, privacy and data integrity","","","","","reviewed","audits/course-v3-visual-evidence/full-pages/desktop/lesson-048.png","audits/course-v3-visual-evidence/full-pages/mobile-390/lesson-048.png","high"
"048","REV-P1","Review","S4.10.R","S4.10.R","Diagnose and connect S4.10 in an integrated response.","Section 7: Ethics and ownership","","","","","reviewed","audits/course-v3-visual-evidence/full-pages/desktop/lesson-048.png","audits/course-v3-visual-evidence/full-pages/mobile-390/lesson-048.png","high"
"048","REV-P1","Review","S4.11.R","S4.11.R","Diagnose and connect S4.11 in an integrated response.","Section 8: Databases","","","","","reviewed","audits/course-v3-visual-evidence/full-pages/desktop/lesson-048.png","audits/course-v3-visual-evidence/full-pages/mobile-390/lesson-048.png","high"
"048","REV-P1","Review","S4.12.R","S4.12.R","Diagnose and connect S4.12 in an integrated response.","Section 1: Information representation","","","","","reviewed","audits/course-v3-visual-evidence/full-pages/desktop/lesson-048.png","audits/course-v3-visual-evidence/full-pages/mobile-390/lesson-048.png","high"
"048","REV-P1","Review","S4.13.R","S4.13.R","Diagnose and connect S4.13 in an integrated response.","Section 2: Communication","","","","","reviewed","audits/course-v3-visual-evidence/full-pages/desktop/lesson-048.png","audits/course-v3-visual-evidence/full-pages/mobile-390/lesson-048.png","high"
"048","REV-P1","Review","S4.14.R","S4.14.R","Diagnose and connect S4.14 in an integrated response.","Section 3: Hardware","","","","","reviewed","audits/course-v3-visual-evidence/full-pages/desktop/lesson-048.png","audits/course-v3-visual-evidence/full-pages/mobile-390/lesson-048.png","high"
"048","REV-P1","Review","S4.15.R","S4.15.R","Diagnose and connect S4.15 in an integrated response.","Section 4: Processor fundamentals","","","","","reviewed","audits/course-v3-visual-evidence/full-pages/desktop/lesson-048.png","audits/course-v3-visual-evidence/full-pages/mobile-390/lesson-048.png","high"
"048","REV-P1","Review","S5.01.R","S5.01.R","Diagnose and connect S5.01 in an integrated response.","Section 5: System software","","","","","reviewed","audits/course-v3-visual-evidence/full-pages/desktop/lesson-048.png","audits/course-v3-visual-evidence/full-pages/mobile-390/lesson-048.png","high"
"048","REV-P1","Review","S5.02.R","S5.02.R","Diagnose and connect S5.02 in an integrated response.","Section 6: Security, privacy and data integrity","","","","","reviewed","audits/course-v3-visual-evidence/full-pages/desktop/lesson-048.png","audits/course-v3-visual-evidence/full-pages/mobile-390/lesson-048.png","high"
"048","REV-P1","Review","S5.03.R","S5.03.R","Diagnose and connect S5.03 in an integrated response.","Section 7: Ethics and ownership","","","","","reviewed","audits/course-v3-visual-evidence/full-pages/desktop/lesson-048.png","audits/course-v3-visual-evidence/full-pages/mobile-390/lesson-048.png","high"
"048","REV-P1","Review","S5.04.R","S5.04.R","Diagnose and connect S5.04 in an integrated response.","Section 8: Databases","","","","","reviewed","audits/course-v3-visual-evidence/full-pages/desktop/lesson-048.png","audits/course-v3-visual-evidence/full-pages/mobile-390/lesson-048.png","high"
"048","REV-P1","Review","S5.05.R","S5.05.R","Diagnose and connect S5.05 in an integrated response.","Section 1: Information representation","","","","","reviewed","audits/course-v3-visual-evidence/full-pages/desktop/lesson-048.png","audits/course-v3-visual-evidence/full-pages/mobile-390/lesson-048.png","high"
"048","REV-P1","Review","S5.06.R","S5.06.R","Diagnose and connect S5.06 in an integrated response.","Section 2: Communication","","","","","reviewed","audits/course-v3-visual-evidence/full-pages/desktop/lesson-048.png","audits/course-v3-visual-evidence/full-pages/mobile-390/lesson-048.png","high"
"048","REV-P1","Review","S5.07.R","S5.07.R","Diagnose and connect S5.07 in an integrated response.","Section 3: Hardware","","","","","reviewed","audits/course-v3-visual-evidence/full-pages/desktop/lesson-048.png","audits/course-v3-visual-evidence/full-pages/mobile-390/lesson-048.png","high"
"048","REV-P1","Review","S6.01.R","S6.01.R","Diagnose and connect S6.01 in an integrated response.","Section 4: Processor fundamentals","","","","","reviewed","audits/course-v3-visual-evidence/full-pages/desktop/lesson-048.png","audits/course-v3-visual-evidence/full-pages/mobile-390/lesson-048.png","high"
"048","REV-P1","Review","S6.02.R","S6.02.R","Diagnose and connect S6.02 in an integrated response.","Section 5: System software","","","","","reviewed","audits/course-v3-visual-evidence/full-pages/desktop/lesson-048.png","audits/course-v3-visual-evidence/full-pages/mobile-390/lesson-048.png","high"
"048","REV-P1","Review","S6.03.R","S6.03.R","Diagnose and connect S6.03 in an integrated response.","Section 6: Security, privacy and data integrity","","","","","reviewed","audits/course-v3-visual-evidence/full-pages/desktop/lesson-048.png","audits/course-v3-visual-evidence/full-pages/mobile-390/lesson-048.png","high"
"048","REV-P1","Review","S6.04.R","S6.04.R","Diagnose and connect S6.04 in an integrated response.","Section 7: Ethics and ownership","","","","","reviewed","audits/course-v3-visual-evidence/full-pages/desktop/lesson-048.png","audits/course-v3-visual-evidence/full-pages/mobile-390/lesson-048.png","high"
"048","REV-P1","Review","S6.05.R","S6.05.R","Diagnose and connect S6.05 in an integrated response.","Section 8: Databases","","","","","reviewed","audits/course-v3-visual-evidence/full-pages/desktop/lesson-048.png","audits/course-v3-visual-evidence/full-pages/mobile-390/lesson-048.png","high"
"048","REV-P1","Review","S6.06.R","S6.06.R","Diagnose and connect S6.06 in an integrated response.","Section 1: Information representation","","","","","reviewed","audits/course-v3-visual-evidence/full-pages/desktop/lesson-048.png","audits/course-v3-visual-evidence/full-pages/mobile-390/lesson-048.png","high"
"048","REV-P1","Review","S6.07.R","S6.07.R","Diagnose and connect S6.07 in an integrated response.","Section 2: Communication","","","","","reviewed","audits/course-v3-visual-evidence/full-pages/desktop/lesson-048.png","audits/course-v3-visual-evidence/full-pages/mobile-390/lesson-048.png","high"
"048","REV-P1","Review","S6.08.R","S6.08.R","Diagnose and connect S6.08 in an integrated response.","Section 3: Hardware","","","","","reviewed","audits/course-v3-visual-evidence/full-pages/desktop/lesson-048.png","audits/course-v3-visual-evidence/full-pages/mobile-390/lesson-048.png","high"
"048","REV-P1","Review","S7.01.R","S7.01.R","Diagnose and connect S7.01 in an integrated response.","Section 4: Processor fundamentals","","","","","reviewed","audits/course-v3-visual-evidence/full-pages/desktop/lesson-048.png","audits/course-v3-visual-evidence/full-pages/mobile-390/lesson-048.png","high"
"048","REV-P1","Review","S7.02.R","S7.02.R","Diagnose and connect S7.02 in an integrated response.","Section 5: System software","","","","","reviewed","audits/course-v3-visual-evidence/full-pages/desktop/lesson-048.png","audits/course-v3-visual-evidence/full-pages/mobile-390/lesson-048.png","high"
"048","REV-P1","Review","S7.03.R","S7.03.R","Diagnose and connect S7.03 in an integrated response.","Section 6: Security, privacy and data integrity","","","","","reviewed","audits/course-v3-visual-evidence/full-pages/desktop/lesson-048.png","audits/course-v3-visual-evidence/full-pages/mobile-390/lesson-048.png","high"
"048","REV-P1","Review","S7.04.R","S7.04.R","Diagnose and connect S7.04 in an integrated response.","Section 7: Ethics and ownership","","","","","reviewed","audits/course-v3-visual-evidence/full-pages/desktop/lesson-048.png","audits/course-v3-visual-evidence/full-pages/mobile-390/lesson-048.png","high"
"048","REV-P1","Review","S7.05.R","S7.05.R","Diagnose and connect S7.05 in an integrated response.","Section 8: Databases","","","","","reviewed","audits/course-v3-visual-evidence/full-pages/desktop/lesson-048.png","audits/course-v3-visual-evidence/full-pages/mobile-390/lesson-048.png","high"
"048","REV-P1","Review","S7.06.R","S7.06.R","Diagnose and connect S7.06 in an integrated response.","Section 1: Information representation","","","","","reviewed","audits/course-v3-visual-evidence/full-pages/desktop/lesson-048.png","audits/course-v3-visual-evidence/full-pages/mobile-390/lesson-048.png","high"
"048","REV-P1","Review","S8.01.R","S8.01.R","Diagnose and connect S8.01 in an integrated response.","Section 2: Communication","","","","","reviewed","audits/course-v3-visual-evidence/full-pages/desktop/lesson-048.png","audits/course-v3-visual-evidence/full-pages/mobile-390/lesson-048.png","high"
"048","REV-P1","Review","S8.02.R","S8.02.R","Diagnose and connect S8.02 in an integrated response.","Section 3: Hardware","","","","","reviewed","audits/course-v3-visual-evidence/full-pages/desktop/lesson-048.png","audits/course-v3-visual-evidence/full-pages/mobile-390/lesson-048.png","high"
"048","REV-P1","Review","S8.03.R","S8.03.R","Diagnose and connect S8.03 in an integrated response.","Section 4: Processor fundamentals","","","","","reviewed","audits/course-v3-visual-evidence/full-pages/desktop/lesson-048.png","audits/course-v3-visual-evidence/full-pages/mobile-390/lesson-048.png","high"
"048","REV-P1","Review","S8.04.R","S8.04.R","Diagnose and connect S8.04 in an integrated response.","Section 5: System software","","","","","reviewed","audits/course-v3-visual-evidence/full-pages/desktop/lesson-048.png","audits/course-v3-visual-evidence/full-pages/mobile-390/lesson-048.png","high"
"048","REV-P1","Review","S8.05.R","S8.05.R","Diagnose and connect S8.05 in an integrated response.","Section 6: Security, privacy and data integrity","","","","","reviewed","audits/course-v3-visual-evidence/full-pages/desktop/lesson-048.png","audits/course-v3-visual-evidence/full-pages/mobile-390/lesson-048.png","high"
"048","REV-P1","Review","S8.06.R","S8.06.R","Diagnose and connect S8.06 in an integrated response.","Section 7: Ethics and ownership","","","","","reviewed","audits/course-v3-visual-evidence/full-pages/desktop/lesson-048.png","audits/course-v3-visual-evidence/full-pages/mobile-390/lesson-048.png","high"
"048","REV-P1","Review","S8.07.R","S8.07.R","Diagnose and connect S8.07 in an integrated response.","Section 8: Databases","","","","","reviewed","audits/course-v3-visual-evidence/full-pages/desktop/lesson-048.png","audits/course-v3-visual-evidence/full-pages/mobile-390/lesson-048.png","high"
"048","REV-P1","Review","S8.08.R","S8.08.R","Diagnose and connect S8.08 in an integrated response.","Section 1: Information representation","","","","","reviewed","audits/course-v3-visual-evidence/full-pages/desktop/lesson-048.png","audits/course-v3-visual-evidence/full-pages/mobile-390/lesson-048.png","high"
"048","REV-P1","Review","S8.09.R","S8.09.R","Diagnose and connect S8.09 in an integrated response.","Section 2: Communication","","","","","reviewed","audits/course-v3-visual-evidence/full-pages/desktop/lesson-048.png","audits/course-v3-visual-evidence/full-pages/mobile-390/lesson-048.png","high"
"048","REV-P1","Review","S8.10.R","S8.10.R","Diagnose and connect S8.10 in an integrated response.","Section 3: Hardware","","","","","reviewed","audits/course-v3-visual-evidence/full-pages/desktop/lesson-048.png","audits/course-v3-visual-evidence/full-pages/mobile-390/lesson-048.png","high"
"048","REV-P1","Review","S8.11.R","S8.11.R","Diagnose and connect S8.11 in an integrated response.","Section 4: Processor fundamentals","","","","","reviewed","audits/course-v3-visual-evidence/full-pages/desktop/lesson-048.png","audits/course-v3-visual-evidence/full-pages/mobile-390/lesson-048.png","high"
"049","S9-L01","9","S9.01","S9.01.A01","Show an understanding of abstraction","Abstraction, its purpose/benefits and creation of an abstract model","analogy | flow | worked-example | reviewed-visual","Reduce a complex problem to a teachable model | Mechanism in examinable order | Abstraction, its purpose/benefits and creation of an abstract model: complete worked route | Abstraction: keep the details that affect the algorithm","V3-Q-L046-02 | V3-Q-L046-03","","reviewed","audits/course-v3-visual-evidence/full-pages/desktop/lesson-049.png","audits/course-v3-visual-evidence/full-pages/mobile-390/lesson-049.png","high"
"049","S9-L01","9","S9.01","S9.01.A02","Need for and benefits of using abstraction","Abstraction, its purpose/benefits and creation of an abstract model","analogy | flow | worked-example | reviewed-visual","Reduce a complex problem to a teachable model | Mechanism in examinable order | Abstraction, its purpose/benefits and creation of an abstract model: complete worked route | Abstraction: keep the details that affect the algorithm","V3-Q-L046-03","","reviewed","audits/course-v3-visual-evidence/full-pages/desktop/lesson-049.png","audits/course-v3-visual-evidence/full-pages/mobile-390/lesson-049.png","high"
"049","S9-L01","9","S9.01","S9.01.A03","Describe the purpose of abstraction","Abstraction, its purpose/benefits and creation of an abstract model","analogy | flow | worked-example | reviewed-visual","Reduce a complex problem to a teachable model | Mechanism in examinable order | Abstraction, its purpose/benefits and creation of an abstract model: complete worked route | Abstraction: keep the details that affect the algorithm","V3-Q-L046-03","","reviewed","audits/course-v3-visual-evidence/full-pages/desktop/lesson-049.png","audits/course-v3-visual-evidence/full-pages/mobile-390/lesson-049.png","high"
"049","S9-L01","9","S9.01","S9.01.A04","Produce an abstract model of a system by only including essential details","Abstraction, its purpose/benefits and creation of an abstract model","analogy | flow | worked-example | reviewed-visual","Reduce a complex problem to a teachable model | Mechanism in examinable order | Abstraction, its purpose/benefits and creation of an abstract model: complete worked route | Abstraction: keep the details that affect the algorithm","V3-Q-L046-01 | V3-Q-L046-02 | V3-Q-L046-03","","reviewed","audits/course-v3-visual-evidence/full-pages/desktop/lesson-049.png","audits/course-v3-visual-evidence/full-pages/mobile-390/lesson-049.png","high"
"050","S9-L02","9","S9.02","S9.02.A01","Describe and use decomposition","Decomposition and express a problem as modules: Decomposition and modular problem solving","flow | worked-example | reviewed-visual","Mechanism in examinable order | Decomposition and express a problem as modules: Decomposition and modular problem solving: complete worked route | Decomposition: split the problem into sub-problems","V3-Q-L047-01","","reviewed","audits/course-v3-visual-evidence/full-pages/desktop/lesson-050.png","audits/course-v3-visual-evidence/full-pages/mobile-390/lesson-050.png","high"
"050","S9-L02","9","S9.02","S9.02.A02","Break down problems into sub-problems leading to the concept of a program module (procedure / function)","Decomposition and express a problem as modules: Decomposition and modular problem solving","flow | worked-example | reviewed-visual","Mechanism in examinable order | Decomposition and express a problem as modules: Decomposition and modular problem solving: complete worked route | Decomposition: split the problem into sub-problems","V3-Q-L047-01 | V3-Q-L047-02 | V3-Q-L047-03","","reviewed","audits/course-v3-visual-evidence/full-pages/desktop/lesson-050.png","audits/course-v3-visual-evidence/full-pages/mobile-390/lesson-050.png","high"
"051","S9-L03","9","S9.03","S9.03.A01","Show understanding that an algorithm is a solution to a problem expressed as a sequence of defined steps","What an algorithm is","flow | worked-example | reviewed-visual","Mechanism in examinable order | What an algorithm is: complete worked route | An algorithm is a solution expressed as defined steps","V3-Q-L048-01 | V3-Q-L048-02 | V3-Q-L048-03","","reviewed","audits/course-v3-visual-evidence/full-pages/desktop/lesson-051.png","audits/course-v3-visual-evidence/full-pages/mobile-390/lesson-051.png","high"
"051","S9-L03","9","S9.04","S9.04.A01","Use suitable identifier names for the representation of data used by a problem and represent these using an identifier table","Choose meaningful identifier names and construct an identifier table","flow | worked-example | reviewed-visual","Mechanism in examinable order | Choose meaningful identifier names and construct an identifier table: complete worked route | Readable notation earns marks more easily","V3-Q-L048-01 | V3-Q-L048-02 | V3-Q-L048-03","","reviewed","audits/course-v3-visual-evidence/full-pages/desktop/lesson-051.png","audits/course-v3-visual-evidence/full-pages/mobile-390/lesson-051.png","high"
"052","S9-L04","9","S9.05","S9.05.A01","Write pseudocode that contains input, process and output","Input-process-output to design pseudocode solutions: Input-process-output solution design","flow | worked-example | reviewed-visual","Mechanism in examinable order | Input-process-output to design pseudocode solutions: Input-process-output solution design: complete worked route | Turn paragraphs into a design table","V3-Q-L049-01 | V3-Q-L049-02 | V3-Q-L049-03","","reviewed","audits/course-v3-visual-evidence/full-pages/desktop/lesson-052.png","audits/course-v3-visual-evidence/full-pages/mobile-390/lesson-052.png","high"
"053","S9-L05","9","S9.06","S9.06.A01","Write pseudocode using the three basic constructs of sequence, selection and iteration (repetition)","And use sequence, selection and iteration","flow | worked-example | reviewed-visual","Mechanism in examinable order | And use sequence, selection and iteration: complete worked route | Real algorithms usually combine the three structures","V3-Q-L050-01 | V3-Q-L050-02 | V3-Q-L050-03","","reviewed","audits/course-v3-visual-evidence/full-pages/desktop/lesson-053.png","audits/course-v3-visual-evidence/full-pages/mobile-390/lesson-053.png","high"
"054","S9-L06","9","S9.07","S9.07.A01","Document a simple algorithm using a structured English description, a flowchart or pseudocode","Structured English, flowcharts and pseudocode; convert between representations","flow | worked-example | reviewed-visual","Mechanism in examinable order | Structured English, flowcharts and pseudocode; convert between representations: complete worked route | Flowcharts use symbols to show control flow","V3-Q-L051-01 | V3-Q-L051-02 | V3-Q-L051-03","","reviewed","audits/course-v3-visual-evidence/full-pages/desktop/lesson-054.png","audits/course-v3-visual-evidence/full-pages/mobile-390/lesson-054.png","high"
"054","S9-L06","9","S9.07","S9.07.A02","Write pseudocode from: a structured English description; a flowchart","Structured English, flowcharts and pseudocode; convert between representations","flow | worked-example | reviewed-visual","Mechanism in examinable order | Structured English, flowcharts and pseudocode; convert between representations: complete worked route | Flowcharts use symbols to show control flow","V3-Q-L051-01 | V3-Q-L051-02 | V3-Q-L051-03","","reviewed","audits/course-v3-visual-evidence/full-pages/desktop/lesson-054.png","audits/course-v3-visual-evidence/full-pages/mobile-390/lesson-054.png","high"
"054","S9-L06","9","S9.07","S9.07.A03","Draw a flowchart from: a structured English description; pseudocode","Structured English, flowcharts and pseudocode; convert between representations","flow | worked-example | reviewed-visual","Mechanism in examinable order | Structured English, flowcharts and pseudocode; convert between representations: complete worked route | Flowcharts use symbols to show control flow","V3-Q-L051-01 | V3-Q-L051-02 | V3-Q-L051-03","","reviewed","audits/course-v3-visual-evidence/full-pages/desktop/lesson-054.png","audits/course-v3-visual-evidence/full-pages/mobile-390/lesson-054.png","high"
"055","S9-L07","9","S9.08","S9.08.A01","Describe and use the process of stepwise refinement to express an algorithm to a level of detail from which the task may be programmed","Stepwise refinement to develop an algorithm: Stepwise refinement","flow | worked-example","Mechanism in examinable order | Stepwise refinement to develop an algorithm: Stepwise refinement: complete worked route","V3-Q-L052-01 | V3-Q-L052-02 | V3-Q-L052-03","","reviewed","audits/course-v3-visual-evidence/full-pages/desktop/lesson-055.png","audits/course-v3-visual-evidence/full-pages/mobile-390/lesson-055.png","high"
"056","S9-L08","9","S9.09","S9.09.A01","Use logic statements to define parts of an algorithm solution","Logic statements","flow | worked-example | reviewed-visual","Mechanism in examinable order | Construct and test an eligibility condition | A diamond becomes IF...THEN...ELSE","V3-Q-L053-01 | V3-Q-L053-02 | V3-Q-L053-03","","reviewed","audits/course-v3-visual-evidence/full-pages/desktop/lesson-056.png","audits/course-v3-visual-evidence/full-pages/mobile-390/lesson-056.png","high"
"057","S9-L09","9","S9.02","S9.02.A01","Describe and use decomposition","Decomposition and express a problem as modules: Integrated algorithm design from a word problem","flow | worked-example","Mechanism in examinable order | Decomposition and express a problem as modules: Integrated algorithm design from a word problem: complete worked route","V3-Q-L054-01 | V3-Q-L054-02","","reviewed","audits/course-v3-visual-evidence/full-pages/desktop/lesson-057.png","audits/course-v3-visual-evidence/full-pages/mobile-390/lesson-057.png","high"
"057","S9-L09","9","S9.02","S9.02.A02","Break down problems into sub-problems leading to the concept of a program module (procedure / function)","Decomposition and express a problem as modules: Integrated algorithm design from a word problem","flow | worked-example","Mechanism in examinable order | Decomposition and express a problem as modules: Integrated algorithm design from a word problem: complete worked route","V3-Q-L054-01 | V3-Q-L054-02 | V3-Q-L054-03","","reviewed","audits/course-v3-visual-evidence/full-pages/desktop/lesson-057.png","audits/course-v3-visual-evidence/full-pages/mobile-390/lesson-057.png","high"
"057","S9-L09","9","S9.05","S9.05.A01","Write pseudocode that contains input, process and output","Input-process-output to design pseudocode solutions: Integrated algorithm design from a word problem","flow | worked-example","Mechanism in examinable order | Input-process-output to design pseudocode solutions: Integrated algorithm design from a word problem: complete worked route","V3-Q-L054-02 | V3-Q-L054-03","","reviewed","audits/course-v3-visual-evidence/full-pages/desktop/lesson-057.png","audits/course-v3-visual-evidence/full-pages/mobile-390/lesson-057.png","high"
"057","S9-L09","9","S9.08","S9.08.A01","Describe and use the process of stepwise refinement to express an algorithm to a level of detail from which the task may be programmed","Stepwise refinement to develop an algorithm: Integrated algorithm design from a word problem","flow | worked-example | reviewed-visual","Mechanism in examinable order | Stepwise refinement to develop an algorithm: Integrated algorithm design from a word problem: complete worked route | Stepwise refinement turns a high-level algorithm into implementable modules","V3-Q-L054-02 | V3-Q-L054-03","","reviewed","audits/course-v3-visual-evidence/full-pages/desktop/lesson-057.png","audits/course-v3-visual-evidence/full-pages/mobile-390/lesson-057.png","high"
"058","S10-L01","10","S10.01","S10.01.A01","Select and use INTEGER.","Integer, real, char, string, Boolean and date types and Cambridge pseudocode type names","analogy | flow | worked-example | reviewed-visual","Choose a structure from the operations it must support | Mechanism in examinable order | Integer, real, char, string, Boolean and date types and Cambridge pseudocode type names: complete worked route | The eight Cambridge pseudocode type names","V3-Q-L055-01 | V3-Q-L055-02","","reviewed","audits/course-v3-visual-evidence/full-pages/desktop/lesson-058.png","audits/course-v3-visual-evidence/full-pages/mobile-390/lesson-058.png","high"
"058","S10-L01","10","S10.01","S10.01.A02","Select and use REAL.","Integer, real, char, string, Boolean and date types and Cambridge pseudocode type names","analogy | flow | worked-example | reviewed-visual","Choose a structure from the operations it must support | Mechanism in examinable order | Integer, real, char, string, Boolean and date types and Cambridge pseudocode type names: complete worked route | The eight Cambridge pseudocode type names","V3-Q-L055-01 | V3-Q-L055-02 | V3-Q-L055-03","","reviewed","audits/course-v3-visual-evidence/full-pages/desktop/lesson-058.png","audits/course-v3-visual-evidence/full-pages/mobile-390/lesson-058.png","high"
"058","S10-L01","10","S10.01","S10.01.A03","Select and use CHAR and STRING.","Integer, real, char, string, Boolean and date types and Cambridge pseudocode type names","analogy | flow | worked-example | reviewed-visual","Choose a structure from the operations it must support | Mechanism in examinable order | Integer, real, char, string, Boolean and date types and Cambridge pseudocode type names: complete worked route | The eight Cambridge pseudocode type names","V3-Q-L055-01 | V3-Q-L055-02","","reviewed","audits/course-v3-visual-evidence/full-pages/desktop/lesson-058.png","audits/course-v3-visual-evidence/full-pages/mobile-390/lesson-058.png","high"
"058","S10-L01","10","S10.01","S10.01.A04","Select and use BOOLEAN.","Integer, real, char, string, Boolean and date types and Cambridge pseudocode type names","analogy | flow | worked-example | reviewed-visual","Choose a structure from the operations it must support | Mechanism in examinable order | Integer, real, char, string, Boolean and date types and Cambridge pseudocode type names: complete worked route | The eight Cambridge pseudocode type names","V3-055-S10.01-CHECK","","reviewed","audits/course-v3-visual-evidence/full-pages/desktop/lesson-058.png","audits/course-v3-visual-evidence/full-pages/mobile-390/lesson-058.png","high"
"058","S10-L01","10","S10.01","S10.01.A05","Select and use DATE.","Integer, real, char, string, Boolean and date types and Cambridge pseudocode type names","analogy | flow | worked-example | reviewed-visual","Choose a structure from the operations it must support | Mechanism in examinable order | Integer, real, char, string, Boolean and date types and Cambridge pseudocode type names: complete worked route | The eight Cambridge pseudocode type names","V3-055-S10.01-CHECK","","reviewed","audits/course-v3-visual-evidence/full-pages/desktop/lesson-058.png","audits/course-v3-visual-evidence/full-pages/mobile-390/lesson-058.png","high"
"058","S10-L01","10","S10.01","S10.01.A06","Recognise ARRAY and FILE as Cambridge pseudocode types.","Integer, real, char, string, Boolean and date types and Cambridge pseudocode type names","analogy | flow | worked-example | reviewed-visual","Choose a structure from the operations it must support | Mechanism in examinable order | Integer, real, char, string, Boolean and date types and Cambridge pseudocode type names: complete worked route | The eight Cambridge pseudocode type names","V3-Q-L055-01 | V3-Q-L055-02","","reviewed","audits/course-v3-visual-evidence/full-pages/desktop/lesson-058.png","audits/course-v3-visual-evidence/full-pages/mobile-390/lesson-058.png","high"
"059","S10-L02","10","S10.02","S10.02.A01","Show understanding of the purpose of a record structure to hold a set of data of different data types under one identifier","Record purpose and define, read and save record data","flow | worked-example | reviewed-visual","Mechanism in examinable order | Record purpose and define, read and save record data: complete worked route | Define a record, then save and read named fields","V3-Q-L056-01 | V3-Q-L056-02 | V3-Q-L056-03","","reviewed","audits/course-v3-visual-evidence/full-pages/desktop/lesson-059.png","audits/course-v3-visual-evidence/full-pages/mobile-390/lesson-059.png","high"
"059","S10-L02","10","S10.02","S10.02.A02","Write pseudocode to define a record structure","Record purpose and define, read and save record data","flow | worked-example | reviewed-visual","Mechanism in examinable order | Record purpose and define, read and save record data: complete worked route | Define a record, then save and read named fields","V3-Q-L056-01 | V3-Q-L056-02 | V3-Q-L056-03","","reviewed","audits/course-v3-visual-evidence/full-pages/desktop/lesson-059.png","audits/course-v3-visual-evidence/full-pages/mobile-390/lesson-059.png","high"
"059","S10-L02","10","S10.02","S10.02.A03","Write pseudocode to read data from a record structure and save data to a record structure","Record purpose and define, read and save record data","flow | worked-example | reviewed-visual","Mechanism in examinable order | Record purpose and define, read and save record data: complete worked route | Define a record, then save and read named fields","V3-Q-L056-01 | V3-Q-L056-02 | V3-Q-L056-03","","reviewed","audits/course-v3-visual-evidence/full-pages/desktop/lesson-059.png","audits/course-v3-visual-evidence/full-pages/mobile-390/lesson-059.png","high"
"060","S10-L03","10","S10.03","S10.03.A01","Use the technical terms associated with arrays","Array, index, lower bound and upper bound terminology","flow | worked-example | reviewed-visual","Mechanism in examinable order | Array, index, lower bound and upper bound terminology: complete worked route | The index points to exactly one element","V3-Q-L057-01 | V3-Q-L057-02","","reviewed","audits/course-v3-visual-evidence/full-pages/desktop/lesson-060.png","audits/course-v3-visual-evidence/full-pages/mobile-390/lesson-060.png","high"
"060","S10-L03","10","S10.03","S10.03.A02","Including index, upper and lower bound","Array, index, lower bound and upper bound terminology","flow | worked-example | reviewed-visual","Mechanism in examinable order | Array, index, lower bound and upper bound terminology: complete worked route | The index points to exactly one element","V3-Q-L057-01 | V3-Q-L057-02 | V3-Q-L057-03","","reviewed","audits/course-v3-visual-evidence/full-pages/desktop/lesson-060.png","audits/course-v3-visual-evidence/full-pages/mobile-390/lesson-060.png","high"
"061","S10-L04","10","S10.04","S10.04.A01","Select a suitable data structure (1D or 2D array) to use for a given task","Select one- or two-dimensional arrays for a scenario: Selecting and using one-dimensional arrays","flow | worked-example | reviewed-visual","Mechanism in examinable order | Select one- or two-dimensional arrays for a scenario: Selecting and using one-dimensional arrays: complete worked route | A one-dimensional array is a linear collection","V3-Q-L058-01 | V3-Q-L058-02 | V3-Q-L058-03","","reviewed","audits/course-v3-visual-evidence/full-pages/desktop/lesson-061.png","audits/course-v3-visual-evidence/full-pages/mobile-390/lesson-061.png","high"
"061","S10-L04","10","S10.05","S10.05.A01","Write pseudocode for 1D and 2D arrays","Pseudocode using one- and two-dimensional arrays: Selecting and using one-dimensional arrays","flow | worked-example | reviewed-visual","Mechanism in examinable order | Pseudocode using one- and two-dimensional arrays: Selecting and using one-dimensional arrays: complete worked route | Cambridge bounds and Java indexes are not the same habit","V3-Q-L058-01 | V3-Q-L058-02","","reviewed","audits/course-v3-visual-evidence/full-pages/desktop/lesson-061.png","audits/course-v3-visual-evidence/full-pages/mobile-390/lesson-061.png","high"
"062","S10-L05","10","S10.04","S10.04.A01","Select a suitable data structure (1D or 2D array) to use for a given task","Select one- or two-dimensional arrays for a scenario: Selecting and using two-dimensional arrays","flow | worked-example","Mechanism in examinable order | Select one- or two-dimensional arrays for a scenario: Selecting and using two-dimensional arrays: complete worked route","V3-Q-L059-01 | V3-Q-L059-02 | V3-Q-L059-03","","reviewed","audits/course-v3-visual-evidence/full-pages/desktop/lesson-062.png","audits/course-v3-visual-evidence/full-pages/mobile-390/lesson-062.png","high"
"062","S10-L05","10","S10.05","S10.05.A01","Write pseudocode for 1D and 2D arrays","Pseudocode using one- and two-dimensional arrays: Selecting and using two-dimensional arrays","flow | worked-example","Mechanism in examinable order | Pseudocode using one- and two-dimensional arrays: Selecting and using two-dimensional arrays: complete worked route","V3-Q-L059-01 | V3-Q-L059-02 | V3-Q-L059-03","","reviewed","audits/course-v3-visual-evidence/full-pages/desktop/lesson-062.png","audits/course-v3-visual-evidence/full-pages/mobile-390/lesson-062.png","high"
"063","S10-L06","10","S10.06","S10.06.A01","Write and trace a bounded linear search.","Bubble sort and linear search algorithms: Linear search using arrays","flow | worked-example | reviewed-visual","Mechanism in examinable order | Write a bounded linear search | Write and trace an ascending bubble sort | Linear search checks each item in order","V3-Q-L060-01 | V3-Q-L060-02 | V3-Q-L060-03","","reviewed","audits/course-v3-visual-evidence/full-pages/desktop/lesson-063.png","audits/course-v3-visual-evidence/full-pages/mobile-390/lesson-063.png","high"
"063","S10-L06","10","S10.06","S10.06.A02","Write and trace an ascending bubble sort using adjacent comparisons and a complete swap.","Bubble sort and linear search algorithms: Linear search using arrays","flow | worked-example | reviewed-visual","Mechanism in examinable order | Write a bounded linear search | Write and trace an ascending bubble sort | Linear search checks each item in order","V3-Q-L060-01 | V3-Q-L060-02 | V3-Q-L060-03","","reviewed","audits/course-v3-visual-evidence/full-pages/desktop/lesson-063.png","audits/course-v3-visual-evidence/full-pages/mobile-390/lesson-063.png","high"
"064","S10-L07","10","S10.06","S10.06.A01","Write and trace a bounded linear search.","Bubble sort and linear search algorithms: Bubble sort using arrays","flow | worked-example","Mechanism in examinable order | Write and trace an ascending bubble sort | Write and test a bounded linear search","V3-Q-L061-01 | V3-Q-L061-02","","reviewed","audits/course-v3-visual-evidence/full-pages/desktop/lesson-064.png","audits/course-v3-visual-evidence/full-pages/mobile-390/lesson-064.png","high"
"064","S10-L07","10","S10.06","S10.06.A02","Write and trace an ascending bubble sort using adjacent comparisons and a complete swap.","Bubble sort and linear search algorithms: Bubble sort using arrays","flow | worked-example","Mechanism in examinable order | Write and trace an ascending bubble sort | Write and test a bounded linear search","V3-Q-L061-01 | V3-Q-L061-02 | V3-Q-L061-03","","reviewed","audits/course-v3-visual-evidence/full-pages/desktop/lesson-064.png","audits/course-v3-visual-evidence/full-pages/mobile-390/lesson-064.png","high"
"065","S10-L08","10","S10.07","S10.07.A01","Show understanding of why files are needed","The need for files and use text-file pseudocode","flow | worked-example | reviewed-visual","Mechanism in examinable order | The need for files and use text-file pseudocode: complete worked route | Cambridge pseudocode is the exam answer format","V3-Q-L062-01 | V3-Q-L062-02 | V3-Q-L062-03","","reviewed","audits/course-v3-visual-evidence/full-pages/desktop/lesson-065.png","audits/course-v3-visual-evidence/full-pages/mobile-390/lesson-065.png","high"
"065","S10-L08","10","S10.07","S10.07.A02","Write pseudocode to handle text files that consist of one or more lines","The need for files and use text-file pseudocode","flow | worked-example | reviewed-visual","Mechanism in examinable order | The need for files and use text-file pseudocode: complete worked route | Cambridge pseudocode is the exam answer format","V3-Q-L062-01 | V3-Q-L062-02 | V3-Q-L062-03","","reviewed","audits/course-v3-visual-evidence/full-pages/desktop/lesson-065.png","audits/course-v3-visual-evidence/full-pages/mobile-390/lesson-065.png","high"
"066","S10-L09","10","S10.08","S10.08.A01","Show understanding that an ADT is a collection of data and a set of operations on those data","The definition and purpose of an abstract data type","flow | worked-example | reviewed-visual","Mechanism in examinable order | The definition and purpose of an abstract data type: complete worked route | An ADT is data together with permitted operations","V3-Q-L063-01 | V3-Q-L063-02 | V3-Q-L063-03","","reviewed","audits/course-v3-visual-evidence/full-pages/desktop/lesson-066.png","audits/course-v3-visual-evidence/full-pages/mobile-390/lesson-066.png","high"
"067","S10-L10","10","S10.09","S10.09.A01","Explain stack LIFO behaviour and justify a stack.","Stack, queue and linked-list features; justify a structure: Stacks and LIFO operations","flow | worked-example | reviewed-visual","Mechanism in examinable order | Stack, queue and linked-list features; justify a structure: Stacks and LIFO operations: complete worked route | Why two ends create FIFO","V3-Q-L064-02","","reviewed","audits/course-v3-visual-evidence/full-pages/desktop/lesson-067.png","audits/course-v3-visual-evidence/full-pages/mobile-390/lesson-067.png","high"
"067","S10-L10","10","S10.09","S10.09.A02","Explain queue FIFO behaviour and justify a queue.","Stack, queue and linked-list features; justify a structure: Stacks and LIFO operations","flow | worked-example | reviewed-visual","Mechanism in examinable order | Stack, queue and linked-list features; justify a structure: Stacks and LIFO operations: complete worked route | Why two ends create FIFO","V3-Q-L064-01","","reviewed","audits/course-v3-visual-evidence/full-pages/desktop/lesson-067.png","audits/course-v3-visual-evidence/full-pages/mobile-390/lesson-067.png","high"
"067","S10-L10","10","S10.09","S10.09.A03","Explain linked-list nodes and links and justify a linked list.","Stack, queue and linked-list features; justify a structure: Stacks and LIFO operations","flow | worked-example | reviewed-visual","Mechanism in examinable order | Stack, queue and linked-list features; justify a structure: Stacks and LIFO operations: complete worked route | Why two ends create FIFO","V3-064-S10.09-CHECK","","reviewed","audits/course-v3-visual-evidence/full-pages/desktop/lesson-067.png","audits/course-v3-visual-evidence/full-pages/mobile-390/lesson-067.png","high"
"067","S10-L10","10","S10.10","S10.10.A01","Add, edit and delete data while preserving stack behaviour.","Add, edit and delete data in the ADTs and implement them using arrays; pseudocode for operations is not required by the syllabus.","flow | worked-example | reviewed-visual","Mechanism in examinable order | Add, edit and delete data in the ADTs and implement them using arrays; pseudocode for operations: complete worked route | Implement stack, queue and linked list using arrays","V3-Q-L064-02 | V3-Q-L064-03","","reviewed","audits/course-v3-visual-evidence/full-pages/desktop/lesson-067.png","audits/course-v3-visual-evidence/full-pages/mobile-390/lesson-067.png","high"
"067","S10-L10","10","S10.10","S10.10.A02","Add, edit and delete data while preserving queue behaviour.","Add, edit and delete data in the ADTs and implement them using arrays; pseudocode for operations is not required by the syllabus.","flow | worked-example | reviewed-visual","Mechanism in examinable order | Add, edit and delete data in the ADTs and implement them using arrays; pseudocode for operations: complete worked route | Implement stack, queue and linked list using arrays","V3-Q-L064-01 | V3-Q-L064-03","","reviewed","audits/course-v3-visual-evidence/full-pages/desktop/lesson-067.png","audits/course-v3-visual-evidence/full-pages/mobile-390/lesson-067.png","high"
"067","S10-L10","10","S10.10","S10.10.A03","Add, edit and delete data while preserving linked-list links.","Add, edit and delete data in the ADTs and implement them using arrays; pseudocode for operations is not required by the syllabus.","flow | worked-example | reviewed-visual","Mechanism in examinable order | Add, edit and delete data in the ADTs and implement them using arrays; pseudocode for operations: complete worked route | Implement stack, queue and linked list using arrays","V3-Q-L064-03","","reviewed","audits/course-v3-visual-evidence/full-pages/desktop/lesson-067.png","audits/course-v3-visual-evidence/full-pages/mobile-390/lesson-067.png","high"
"067","S10-L10","10","S10.10","S10.10.A04","Describe array implementations of a stack, queue and linked list.","Add, edit and delete data in the ADTs and implement them using arrays; pseudocode for operations is not required by the syllabus.","flow | worked-example | reviewed-visual","Mechanism in examinable order | Add, edit and delete data in the ADTs and implement them using arrays; pseudocode for operations: complete worked route | Implement stack, queue and linked list using arrays","V3-Q-L064-01 | V3-Q-L064-02 | V3-Q-L064-03","","reviewed","audits/course-v3-visual-evidence/full-pages/desktop/lesson-067.png","audits/course-v3-visual-evidence/full-pages/mobile-390/lesson-067.png","high"
"068","S10-L11","10","S10.09","S10.09.A01","Explain stack LIFO behaviour and justify a stack.","Stack, queue and linked-list features; justify a structure: Queues and FIFO operations","flow | worked-example","Mechanism in examinable order | Stack, queue and linked-list features; justify a structure: Queues and FIFO operations: complete worked route","V3-Q-L065-01 | V3-Q-L065-02","","reviewed","audits/course-v3-visual-evidence/full-pages/desktop/lesson-068.png","audits/course-v3-visual-evidence/full-pages/mobile-390/lesson-068.png","high"
"068","S10-L11","10","S10.09","S10.09.A02","Explain queue FIFO behaviour and justify a queue.","Stack, queue and linked-list features; justify a structure: Queues and FIFO operations","flow | worked-example","Mechanism in examinable order | Stack, queue and linked-list features; justify a structure: Queues and FIFO operations: complete worked route","V3-Q-L065-01","","reviewed","audits/course-v3-visual-evidence/full-pages/desktop/lesson-068.png","audits/course-v3-visual-evidence/full-pages/mobile-390/lesson-068.png","high"
"068","S10-L11","10","S10.09","S10.09.A03","Explain linked-list nodes and links and justify a linked list.","Stack, queue and linked-list features; justify a structure: Queues and FIFO operations","flow | worked-example","Mechanism in examinable order | Stack, queue and linked-list features; justify a structure: Queues and FIFO operations: complete worked route","V3-Q-L065-01","","reviewed","audits/course-v3-visual-evidence/full-pages/desktop/lesson-068.png","audits/course-v3-visual-evidence/full-pages/mobile-390/lesson-068.png","high"
"068","S10-L11","10","S10.10","S10.10.A01","Add, edit and delete data while preserving stack behaviour.","Add, edit and delete data in the ADTs and implement them using arrays; pseudocode for operations is not required by the syllabus.","flow | worked-example","Mechanism in examinable order | Add, edit and delete data in the ADTs and implement them using arrays; pseudocode for operations: complete worked route","V3-Q-L065-02 | V3-Q-L065-03","","reviewed","audits/course-v3-visual-evidence/full-pages/desktop/lesson-068.png","audits/course-v3-visual-evidence/full-pages/mobile-390/lesson-068.png","high"
"068","S10-L11","10","S10.10","S10.10.A02","Add, edit and delete data while preserving queue behaviour.","Add, edit and delete data in the ADTs and implement them using arrays; pseudocode for operations is not required by the syllabus.","flow | worked-example","Mechanism in examinable order | Add, edit and delete data in the ADTs and implement them using arrays; pseudocode for operations: complete worked route","V3-Q-L065-03","","reviewed","audits/course-v3-visual-evidence/full-pages/desktop/lesson-068.png","audits/course-v3-visual-evidence/full-pages/mobile-390/lesson-068.png","high"
"068","S10-L11","10","S10.10","S10.10.A03","Add, edit and delete data while preserving linked-list links.","Add, edit and delete data in the ADTs and implement them using arrays; pseudocode for operations is not required by the syllabus.","flow | worked-example","Mechanism in examinable order | Add, edit and delete data in the ADTs and implement them using arrays; pseudocode for operations: complete worked route","V3-Q-L065-03","","reviewed","audits/course-v3-visual-evidence/full-pages/desktop/lesson-068.png","audits/course-v3-visual-evidence/full-pages/mobile-390/lesson-068.png","high"
"068","S10-L11","10","S10.10","S10.10.A04","Describe array implementations of a stack, queue and linked list.","Add, edit and delete data in the ADTs and implement them using arrays; pseudocode for operations is not required by the syllabus.","flow | worked-example","Mechanism in examinable order | Add, edit and delete data in the ADTs and implement them using arrays; pseudocode for operations: complete worked route","V3-Q-L065-01 | V3-Q-L065-02 | V3-Q-L065-03","","reviewed","audits/course-v3-visual-evidence/full-pages/desktop/lesson-068.png","audits/course-v3-visual-evidence/full-pages/mobile-390/lesson-068.png","high"
"069","S10-L12","10","S10.09","S10.09.A01","Explain stack LIFO behaviour and justify a stack.","Stack, queue and linked-list features; justify a structure: Linked-list features and operations","flow | worked-example","Mechanism in examinable order | Stack, queue and linked-list features; justify a structure: Linked-list features and operations: complete worked route","V3-066-S10.09-CHECK","","reviewed","audits/course-v3-visual-evidence/full-pages/desktop/lesson-069.png","audits/course-v3-visual-evidence/full-pages/mobile-390/lesson-069.png","high"
"069","S10-L12","10","S10.09","S10.09.A02","Explain queue FIFO behaviour and justify a queue.","Stack, queue and linked-list features; justify a structure: Linked-list features and operations","flow | worked-example","Mechanism in examinable order | Stack, queue and linked-list features; justify a structure: Linked-list features and operations: complete worked route","V3-066-S10.09-CHECK","","reviewed","audits/course-v3-visual-evidence/full-pages/desktop/lesson-069.png","audits/course-v3-visual-evidence/full-pages/mobile-390/lesson-069.png","high"
"069","S10-L12","10","S10.09","S10.09.A03","Explain linked-list nodes and links and justify a linked list.","Stack, queue and linked-list features; justify a structure: Linked-list features and operations","flow | worked-example","Mechanism in examinable order | Stack, queue and linked-list features; justify a structure: Linked-list features and operations: complete worked route","V3-Q-L066-01","","reviewed","audits/course-v3-visual-evidence/full-pages/desktop/lesson-069.png","audits/course-v3-visual-evidence/full-pages/mobile-390/lesson-069.png","high"
"069","S10-L12","10","S10.10","S10.10.A01","Add, edit and delete data while preserving stack behaviour.","Add, edit and delete data in the ADTs and implement them using arrays; pseudocode for operations is not required by the syllabus.","flow | worked-example","Mechanism in examinable order | Add, edit and delete data in the ADTs and implement them using arrays; pseudocode for operations: complete worked route","V3-Q-L066-01 | V3-Q-L066-02 | V3-Q-L066-03","","reviewed","audits/course-v3-visual-evidence/full-pages/desktop/lesson-069.png","audits/course-v3-visual-evidence/full-pages/mobile-390/lesson-069.png","high"
"069","S10-L12","10","S10.10","S10.10.A02","Add, edit and delete data while preserving queue behaviour.","Add, edit and delete data in the ADTs and implement them using arrays; pseudocode for operations is not required by the syllabus.","flow | worked-example","Mechanism in examinable order | Add, edit and delete data in the ADTs and implement them using arrays; pseudocode for operations: complete worked route","V3-Q-L066-01 | V3-Q-L066-02 | V3-Q-L066-03","","reviewed","audits/course-v3-visual-evidence/full-pages/desktop/lesson-069.png","audits/course-v3-visual-evidence/full-pages/mobile-390/lesson-069.png","high"
"069","S10-L12","10","S10.10","S10.10.A03","Add, edit and delete data while preserving linked-list links.","Add, edit and delete data in the ADTs and implement them using arrays; pseudocode for operations is not required by the syllabus.","flow | worked-example","Mechanism in examinable order | Add, edit and delete data in the ADTs and implement them using arrays; pseudocode for operations: complete worked route","V3-Q-L066-02 | V3-Q-L066-03","","reviewed","audits/course-v3-visual-evidence/full-pages/desktop/lesson-069.png","audits/course-v3-visual-evidence/full-pages/mobile-390/lesson-069.png","high"
"069","S10-L12","10","S10.10","S10.10.A04","Describe array implementations of a stack, queue and linked list.","Add, edit and delete data in the ADTs and implement them using arrays; pseudocode for operations is not required by the syllabus.","flow | worked-example","Mechanism in examinable order | Add, edit and delete data in the ADTs and implement them using arrays; pseudocode for operations: complete worked route","V3-Q-L066-01 | V3-Q-L066-02 | V3-Q-L066-03","","reviewed","audits/course-v3-visual-evidence/full-pages/desktop/lesson-069.png","audits/course-v3-visual-evidence/full-pages/mobile-390/lesson-069.png","high"
"070","S10-L13","10","S10.10","S10.10.A01","Add, edit and delete data while preserving stack behaviour.","Add, edit and delete data in the ADTs and implement them using arrays; pseudocode for operations is not required by the syllabus.","flow | worked-example","Mechanism in examinable order | Add, edit and delete data in the ADTs and implement them using arrays; pseudocode for operations: complete worked route","V3-Q-L067-01 | V3-Q-L067-02 | V3-Q-L067-03","","reviewed","audits/course-v3-visual-evidence/full-pages/desktop/lesson-070.png","audits/course-v3-visual-evidence/full-pages/mobile-390/lesson-070.png","high"
"070","S10-L13","10","S10.10","S10.10.A02","Add, edit and delete data while preserving queue behaviour.","Add, edit and delete data in the ADTs and implement them using arrays; pseudocode for operations is not required by the syllabus.","flow | worked-example","Mechanism in examinable order | Add, edit and delete data in the ADTs and implement them using arrays; pseudocode for operations: complete worked route","V3-Q-L067-01 | V3-Q-L067-02 | V3-Q-L067-03","","reviewed","audits/course-v3-visual-evidence/full-pages/desktop/lesson-070.png","audits/course-v3-visual-evidence/full-pages/mobile-390/lesson-070.png","high"
"070","S10-L13","10","S10.10","S10.10.A03","Add, edit and delete data while preserving linked-list links.","Add, edit and delete data in the ADTs and implement them using arrays; pseudocode for operations is not required by the syllabus.","flow | worked-example","Mechanism in examinable order | Add, edit and delete data in the ADTs and implement them using arrays; pseudocode for operations: complete worked route","V3-Q-L067-02 | V3-Q-L067-03","","reviewed","audits/course-v3-visual-evidence/full-pages/desktop/lesson-070.png","audits/course-v3-visual-evidence/full-pages/mobile-390/lesson-070.png","high"
"070","S10-L13","10","S10.10","S10.10.A04","Describe array implementations of a stack, queue and linked list.","Add, edit and delete data in the ADTs and implement them using arrays; pseudocode for operations is not required by the syllabus.","flow | worked-example","Mechanism in examinable order | Add, edit and delete data in the ADTs and implement them using arrays; pseudocode for operations: complete worked route","V3-Q-L067-01 | V3-Q-L067-02 | V3-Q-L067-03","","reviewed","audits/course-v3-visual-evidence/full-pages/desktop/lesson-070.png","audits/course-v3-visual-evidence/full-pages/mobile-390/lesson-070.png","high"
"071","S10-L14","10","S10.04","S10.04.A01","Select a suitable data structure (1D or 2D array) to use for a given task","Select one- or two-dimensional arrays for a scenario: Choosing and combining data structures","flow | worked-example","Mechanism in examinable order | Select one- or two-dimensional arrays for a scenario: Choosing and combining data structures: complete worked route","V3-Q-L068-01 | V3-Q-L068-02 | V3-Q-L068-03","","reviewed","audits/course-v3-visual-evidence/full-pages/desktop/lesson-071.png","audits/course-v3-visual-evidence/full-pages/mobile-390/lesson-071.png","high"
"071","S10-L14","10","S10.09","S10.09.A01","Explain stack LIFO behaviour and justify a stack.","Stack, queue and linked-list features; justify a structure: Choosing and combining data structures","flow | worked-example","Mechanism in examinable order | Stack, queue and linked-list features; justify a structure: Choosing and combining data structures: complete worked route","V3-Q-L068-02 | V3-Q-L068-03","","reviewed","audits/course-v3-visual-evidence/full-pages/desktop/lesson-071.png","audits/course-v3-visual-evidence/full-pages/mobile-390/lesson-071.png","high"
"071","S10-L14","10","S10.09","S10.09.A02","Explain queue FIFO behaviour and justify a queue.","Stack, queue and linked-list features; justify a structure: Choosing and combining data structures","flow | worked-example","Mechanism in examinable order | Stack, queue and linked-list features; justify a structure: Choosing and combining data structures: complete worked route","V3-Q-L068-02 | V3-Q-L068-03","","reviewed","audits/course-v3-visual-evidence/full-pages/desktop/lesson-071.png","audits/course-v3-visual-evidence/full-pages/mobile-390/lesson-071.png","high"
"071","S10-L14","10","S10.09","S10.09.A03","Explain linked-list nodes and links and justify a linked list.","Stack, queue and linked-list features; justify a structure: Choosing and combining data structures","flow | worked-example","Mechanism in examinable order | Stack, queue and linked-list features; justify a structure: Choosing and combining data structures: complete worked route","V3-Q-L068-02 | V3-Q-L068-03","","reviewed","audits/course-v3-visual-evidence/full-pages/desktop/lesson-071.png","audits/course-v3-visual-evidence/full-pages/mobile-390/lesson-071.png","high"
"072","S11-L01","11","S11.01","S11.01.A01","Implement and write pseudocode from a given design presented as either a program flowchart or structured English","Pseudocode from a flowchart or structured-English description: Translating descriptions into Cambridge pseudocode","analogy | flow | worked-example | reviewed-visual","Build a program from clear interfaces | Mechanism in examinable order | Translate structured English into a complete selection | Translate a flowchart or structured English into pseudocode","V3-Q-L069-01 | V3-Q-L069-02 | V3-Q-L069-03","","reviewed","audits/course-v3-visual-evidence/full-pages/desktop/lesson-072.png","audits/course-v3-visual-evidence/full-pages/mobile-390/lesson-072.png","high"
"073","S11-L02","11","S11.02","S11.02.A01","Declare and initialise constants.","Declarations, constants, variables, assignment, arithmetic/logical operations and input/output: Declarations, assignment and input/output","flow | worked-example | reviewed-visual","Mechanism in examinable order | Declare, input, calculate and output without losing an operator | The symbol changes, the update idea does not","V3-Q-L070-01 | V3-Q-L070-03","","reviewed","audits/course-v3-visual-evidence/full-pages/desktop/lesson-073.png","audits/course-v3-visual-evidence/full-pages/mobile-390/lesson-073.png","high"
"073","S11-L02","11","S11.02","S11.02.A02","Declare variables with Cambridge data types.","Declarations, constants, variables, assignment, arithmetic/logical operations and input/output: Declarations, assignment and input/output","flow | worked-example | reviewed-visual","Mechanism in examinable order | Declare, input, calculate and output without losing an operator | The symbol changes, the update idea does not","V3-Q-L070-01 | V3-Q-L070-03","","reviewed","audits/course-v3-visual-evidence/full-pages/desktop/lesson-073.png","audits/course-v3-visual-evidence/full-pages/mobile-390/lesson-073.png","high"
"073","S11-L02","11","S11.02","S11.02.A03","Assign expression values to variables.","Declarations, constants, variables, assignment, arithmetic/logical operations and input/output: Declarations, assignment and input/output","flow | worked-example | reviewed-visual","Mechanism in examinable order | Declare, input, calculate and output without losing an operator | The symbol changes, the update idea does not","V3-070-S11.02-CHECK","","reviewed","audits/course-v3-visual-evidence/full-pages/desktop/lesson-073.png","audits/course-v3-visual-evidence/full-pages/mobile-390/lesson-073.png","high"
"073","S11-L02","11","S11.02","S11.02.A04","Use arithmetic and logical operators in expressions.","Declarations, constants, variables, assignment, arithmetic/logical operations and input/output: Declarations, assignment and input/output","flow | worked-example | reviewed-visual","Mechanism in examinable order | Declare, input, calculate and output without losing an operator | The symbol changes, the update idea does not","V3-Q-L070-03","","reviewed","audits/course-v3-visual-evidence/full-pages/desktop/lesson-073.png","audits/course-v3-visual-evidence/full-pages/mobile-390/lesson-073.png","high"
"073","S11-L02","11","S11.02","S11.02.A05","Read keyboard input and write console output.","Declarations, constants, variables, assignment, arithmetic/logical operations and input/output: Declarations, assignment and input/output","flow | worked-example | reviewed-visual","Mechanism in examinable order | Declare, input, calculate and output without losing an operator | The symbol changes, the update idea does not","V3-Q-L070-01 | V3-Q-L070-02 | V3-Q-L070-03","","reviewed","audits/course-v3-visual-evidence/full-pages/desktop/lesson-073.png","audits/course-v3-visual-evidence/full-pages/mobile-390/lesson-073.png","high"
"074","S11-L03","11","S11.02","S11.02.A01","Declare and initialise constants.","Declarations, constants, variables, assignment, arithmetic/logical operations and input/output: Arithmetic and logical expressions","flow | worked-example","Mechanism in examinable order | Declare, input, calculate and output without losing an operator","V3-071-S11.02-CHECK","","reviewed","audits/course-v3-visual-evidence/full-pages/desktop/lesson-074.png","audits/course-v3-visual-evidence/full-pages/mobile-390/lesson-074.png","high"
"074","S11-L03","11","S11.02","S11.02.A02","Declare variables with Cambridge data types.","Declarations, constants, variables, assignment, arithmetic/logical operations and input/output: Arithmetic and logical expressions","flow | worked-example","Mechanism in examinable order | Declare, input, calculate and output without losing an operator","V3-Q-L071-03","","reviewed","audits/course-v3-visual-evidence/full-pages/desktop/lesson-074.png","audits/course-v3-visual-evidence/full-pages/mobile-390/lesson-074.png","high"
"074","S11-L03","11","S11.02","S11.02.A03","Assign expression values to variables.","Declarations, constants, variables, assignment, arithmetic/logical operations and input/output: Arithmetic and logical expressions","flow | worked-example","Mechanism in examinable order | Declare, input, calculate and output without losing an operator","V3-Q-L071-01","","reviewed","audits/course-v3-visual-evidence/full-pages/desktop/lesson-074.png","audits/course-v3-visual-evidence/full-pages/mobile-390/lesson-074.png","high"
"074","S11-L03","11","S11.02","S11.02.A04","Use arithmetic and logical operators in expressions.","Declarations, constants, variables, assignment, arithmetic/logical operations and input/output: Arithmetic and logical expressions","flow | worked-example","Mechanism in examinable order | Declare, input, calculate and output without losing an operator","V3-Q-L071-01 | V3-Q-L071-02 | V3-Q-L071-03","","reviewed","audits/course-v3-visual-evidence/full-pages/desktop/lesson-074.png","audits/course-v3-visual-evidence/full-pages/mobile-390/lesson-074.png","high"
"074","S11-L03","11","S11.02","S11.02.A05","Read keyboard input and write console output.","Declarations, constants, variables, assignment, arithmetic/logical operations and input/output: Arithmetic and logical expressions","flow | worked-example","Mechanism in examinable order | Declare, input, calculate and output without losing an operator","V3-Q-L071-02","","reviewed","audits/course-v3-visual-evidence/full-pages/desktop/lesson-074.png","audits/course-v3-visual-evidence/full-pages/mobile-390/lesson-074.png","high"
"075","S11-L04","11","S11.03","S11.03.A01","Use built-in functions and library routines","Built-in/library and string functions","flow | worked-example | reviewed-visual","Mechanism in examinable order | Built-in/library and string functions: complete worked route | Use the string-function definition supplied in the question","V3-Q-L072-01","","reviewed","audits/course-v3-visual-evidence/full-pages/desktop/lesson-075.png","audits/course-v3-visual-evidence/full-pages/mobile-390/lesson-075.png","high"
"075","S11-L04","11","S11.03","S11.03.A02","Any functions not given in the pseudocode guide will be provided","Built-in/library and string functions","flow | worked-example | reviewed-visual","Mechanism in examinable order | Built-in/library and string functions: complete worked route | Use the string-function definition supplied in the question","V3-Q-L072-01","","reviewed","audits/course-v3-visual-evidence/full-pages/desktop/lesson-075.png","audits/course-v3-visual-evidence/full-pages/mobile-390/lesson-075.png","high"
"075","S11-L04","11","S11.03","S11.03.A03","String manipulation functions will always be given","Built-in/library and string functions","flow | worked-example | reviewed-visual","Mechanism in examinable order | Built-in/library and string functions: complete worked route | Use the string-function definition supplied in the question","V3-Q-L072-01 | V3-Q-L072-02 | V3-Q-L072-03","","reviewed","audits/course-v3-visual-evidence/full-pages/desktop/lesson-075.png","audits/course-v3-visual-evidence/full-pages/mobile-390/lesson-075.png","high"
"076","S11-L05","11","S11.04","S11.04.A01","Write IF, ELSE and nested IF statements.","IF/ELSE/nested selection, CASE, count-controlled loops, post-condition and pre-condition loops: IF, ELSE and CASE selection","flow | worked-example","Mechanism in examinable order | Choose and trace the right loop","V3-Q-L073-02","","reviewed","audits/course-v3-visual-evidence/full-pages/desktop/lesson-076.png","audits/course-v3-visual-evidence/full-pages/mobile-390/lesson-076.png","high"
"076","S11-L05","11","S11.04","S11.04.A02","Write a CASE structure.","IF/ELSE/nested selection, CASE, count-controlled loops, post-condition and pre-condition loops: IF, ELSE and CASE selection","flow | worked-example","Mechanism in examinable order | Choose and trace the right loop","V3-Q-L073-01 | V3-Q-L073-03","","reviewed","audits/course-v3-visual-evidence/full-pages/desktop/lesson-076.png","audits/course-v3-visual-evidence/full-pages/mobile-390/lesson-076.png","high"
"076","S11-L05","11","S11.04","S11.04.A03","Write a count-controlled FOR loop.","IF/ELSE/nested selection, CASE, count-controlled loops, post-condition and pre-condition loops: IF, ELSE and CASE selection","flow | worked-example","Mechanism in examinable order | Choose and trace the right loop","V3-073-S11.04-CHECK","","reviewed","audits/course-v3-visual-evidence/full-pages/desktop/lesson-076.png","audits/course-v3-visual-evidence/full-pages/mobile-390/lesson-076.png","high"
"076","S11-L05","11","S11.04","S11.04.A04","Write a pre-condition WHILE loop.","IF/ELSE/nested selection, CASE, count-controlled loops, post-condition and pre-condition loops: IF, ELSE and CASE selection","flow | worked-example","Mechanism in examinable order | Choose and trace the right loop","V3-Q-L073-03","","reviewed","audits/course-v3-visual-evidence/full-pages/desktop/lesson-076.png","audits/course-v3-visual-evidence/full-pages/mobile-390/lesson-076.png","high"
"076","S11-L05","11","S11.04","S11.04.A05","Write a post-condition REPEAT loop.","IF/ELSE/nested selection, CASE, count-controlled loops, post-condition and pre-condition loops: IF, ELSE and CASE selection","flow | worked-example","Mechanism in examinable order | Choose and trace the right loop","V3-073-S11.04-CHECK","","reviewed","audits/course-v3-visual-evidence/full-pages/desktop/lesson-076.png","audits/course-v3-visual-evidence/full-pages/mobile-390/lesson-076.png","high"
"077","S11-L06","11","S11.04","S11.04.A01","Write IF, ELSE and nested IF statements.","IF/ELSE/nested selection, CASE, count-controlled loops, post-condition and pre-condition loops: Count-controlled iteration","flow | worked-example","Mechanism in examinable order | Choose and trace the right loop","V3-Q-L074-02 | V3-Q-L074-03","","reviewed","audits/course-v3-visual-evidence/full-pages/desktop/lesson-077.png","audits/course-v3-visual-evidence/full-pages/mobile-390/lesson-077.png","high"
"077","S11-L06","11","S11.04","S11.04.A02","Write a CASE structure.","IF/ELSE/nested selection, CASE, count-controlled loops, post-condition and pre-condition loops: Count-controlled iteration","flow | worked-example","Mechanism in examinable order | Choose and trace the right loop","V3-Q-L074-02 | V3-Q-L074-03","","reviewed","audits/course-v3-visual-evidence/full-pages/desktop/lesson-077.png","audits/course-v3-visual-evidence/full-pages/mobile-390/lesson-077.png","high"
"077","S11-L06","11","S11.04","S11.04.A03","Write a count-controlled FOR loop.","IF/ELSE/nested selection, CASE, count-controlled loops, post-condition and pre-condition loops: Count-controlled iteration","flow | worked-example","Mechanism in examinable order | Choose and trace the right loop","V3-Q-L074-01 | V3-Q-L074-02 | V3-Q-L074-03","","reviewed","audits/course-v3-visual-evidence/full-pages/desktop/lesson-077.png","audits/course-v3-visual-evidence/full-pages/mobile-390/lesson-077.png","high"
"077","S11-L06","11","S11.04","S11.04.A04","Write a pre-condition WHILE loop.","IF/ELSE/nested selection, CASE, count-controlled loops, post-condition and pre-condition loops: Count-controlled iteration","flow | worked-example","Mechanism in examinable order | Choose and trace the right loop","V3-Q-L074-01 | V3-Q-L074-02 | V3-Q-L074-03","","reviewed","audits/course-v3-visual-evidence/full-pages/desktop/lesson-077.png","audits/course-v3-visual-evidence/full-pages/mobile-390/lesson-077.png","high"
"077","S11-L06","11","S11.04","S11.04.A05","Write a post-condition REPEAT loop.","IF/ELSE/nested selection, CASE, count-controlled loops, post-condition and pre-condition loops: Count-controlled iteration","flow | worked-example","Mechanism in examinable order | Choose and trace the right loop","V3-Q-L074-01","","reviewed","audits/course-v3-visual-evidence/full-pages/desktop/lesson-077.png","audits/course-v3-visual-evidence/full-pages/mobile-390/lesson-077.png","high"
"078","S11-L07","11","S11.04","S11.04.A01","Write IF, ELSE and nested IF statements.","IF/ELSE/nested selection, CASE, count-controlled loops, post-condition and pre-condition loops: Pre-condition and post-condition loops","flow | worked-example","Mechanism in examinable order | Choose and trace the right loop","V3-Q-L075-01 | V3-Q-L075-02 | V3-Q-L075-03","","reviewed","audits/course-v3-visual-evidence/full-pages/desktop/lesson-078.png","audits/course-v3-visual-evidence/full-pages/mobile-390/lesson-078.png","high"
"078","S11-L07","11","S11.04","S11.04.A02","Write a CASE structure.","IF/ELSE/nested selection, CASE, count-controlled loops, post-condition and pre-condition loops: Pre-condition and post-condition loops","flow | worked-example","Mechanism in examinable order | Choose and trace the right loop","V3-Q-L075-01","","reviewed","audits/course-v3-visual-evidence/full-pages/desktop/lesson-078.png","audits/course-v3-visual-evidence/full-pages/mobile-390/lesson-078.png","high"
"078","S11-L07","11","S11.04","S11.04.A03","Write a count-controlled FOR loop.","IF/ELSE/nested selection, CASE, count-controlled loops, post-condition and pre-condition loops: Pre-condition and post-condition loops","flow | worked-example","Mechanism in examinable order | Choose and trace the right loop","V3-Q-L075-01 | V3-Q-L075-02 | V3-Q-L075-03","","reviewed","audits/course-v3-visual-evidence/full-pages/desktop/lesson-078.png","audits/course-v3-visual-evidence/full-pages/mobile-390/lesson-078.png","high"
"078","S11-L07","11","S11.04","S11.04.A04","Write a pre-condition WHILE loop.","IF/ELSE/nested selection, CASE, count-controlled loops, post-condition and pre-condition loops: Pre-condition and post-condition loops","flow | worked-example","Mechanism in examinable order | Choose and trace the right loop","V3-Q-L075-01 | V3-Q-L075-02 | V3-Q-L075-03","","reviewed","audits/course-v3-visual-evidence/full-pages/desktop/lesson-078.png","audits/course-v3-visual-evidence/full-pages/mobile-390/lesson-078.png","high"
"078","S11-L07","11","S11.04","S11.04.A05","Write a post-condition REPEAT loop.","IF/ELSE/nested selection, CASE, count-controlled loops, post-condition and pre-condition loops: Pre-condition and post-condition loops","flow | worked-example","Mechanism in examinable order | Choose and trace the right loop","V3-Q-L075-02 | V3-Q-L075-03","","reviewed","audits/course-v3-visual-evidence/full-pages/desktop/lesson-078.png","audits/course-v3-visual-evidence/full-pages/mobile-390/lesson-078.png","high"
"079","S11-L08","11","S11.05","S11.05.A01","Justify why one loop structure may be better suited to solve a problem than the others","A suitable loop structure","flow | worked-example | reviewed-visual","Mechanism in examinable order | A suitable loop structure: complete worked route | The difference is when the condition is tested","V3-Q-L076-01 | V3-Q-L076-02 | V3-Q-L076-03","","reviewed","audits/course-v3-visual-evidence/full-pages/desktop/lesson-079.png","audits/course-v3-visual-evidence/full-pages/mobile-390/lesson-079.png","high"
"080","S11-L09","11","S11.06","S11.06.A01","Define and call a procedure.","And use procedures with parameters passed by reference and by value: Procedures and parameter passing","flow | worked-example | reviewed-visual","Mechanism in examinable order | Contrast BYVAL and BYREF | Same procedure body, different final result","V3-Q-L077-01 | V3-Q-L077-02 | V3-Q-L077-03","","reviewed","audits/course-v3-visual-evidence/full-pages/desktop/lesson-080.png","audits/course-v3-visual-evidence/full-pages/mobile-390/lesson-080.png","high"
"080","S11-L09","11","S11.06","S11.06.A02","Explain when a procedure is appropriate.","And use procedures with parameters passed by reference and by value: Procedures and parameter passing","flow | worked-example | reviewed-visual","Mechanism in examinable order | Contrast BYVAL and BYREF | Same procedure body, different final result","V3-Q-L077-02 | V3-Q-L077-03","","reviewed","audits/course-v3-visual-evidence/full-pages/desktop/lesson-080.png","audits/course-v3-visual-evidence/full-pages/mobile-390/lesson-080.png","high"
"080","S11-L09","11","S11.06","S11.06.A03","Define a procedure with none, one or several parameters.","And use procedures with parameters passed by reference and by value: Procedures and parameter passing","flow | worked-example | reviewed-visual","Mechanism in examinable order | Contrast BYVAL and BYREF | Same procedure body, different final result","V3-Q-L077-01 | V3-Q-L077-02 | V3-Q-L077-03","","reviewed","audits/course-v3-visual-evidence/full-pages/desktop/lesson-080.png","audits/course-v3-visual-evidence/full-pages/mobile-390/lesson-080.png","high"
"080","S11-L09","11","S11.06","S11.06.A04","Pass a parameter by value.","And use procedures with parameters passed by reference and by value: Procedures and parameter passing","flow | worked-example | reviewed-visual","Mechanism in examinable order | Contrast BYVAL and BYREF | Same procedure body, different final result","V3-Q-L077-01 | V3-Q-L077-02","","reviewed","audits/course-v3-visual-evidence/full-pages/desktop/lesson-080.png","audits/course-v3-visual-evidence/full-pages/mobile-390/lesson-080.png","high"
"080","S11-L09","11","S11.06","S11.06.A05","Pass a parameter by reference and trace the caller change.","And use procedures with parameters passed by reference and by value: Procedures and parameter passing","flow | worked-example | reviewed-visual","Mechanism in examinable order | Contrast BYVAL and BYREF | Same procedure body, different final result","V3-Q-L077-01 | V3-Q-L077-03","","reviewed","audits/course-v3-visual-evidence/full-pages/desktop/lesson-080.png","audits/course-v3-visual-evidence/full-pages/mobile-390/lesson-080.png","high"
"081","S11-L10","11","S11.07","S11.07.A01","Define a typed function with RETURN.","And use functions, including return values in expressions: Functions, interfaces and return values","flow | worked-example | reviewed-visual","Mechanism in examinable order | Use a returned value in an expression | Function calls can appear where a value is needed","V3-Q-L078-01 | V3-Q-L078-03","","reviewed","audits/course-v3-visual-evidence/full-pages/desktop/lesson-081.png","audits/course-v3-visual-evidence/full-pages/mobile-390/lesson-081.png","high"
"081","S11-L10","11","S11.07","S11.07.A02","Call a function with arguments.","And use functions, including return values in expressions: Functions, interfaces and return values","flow | worked-example | reviewed-visual","Mechanism in examinable order | Use a returned value in an expression | Function calls can appear where a value is needed","V3-078-S11.07-CHECK","","reviewed","audits/course-v3-visual-evidence/full-pages/desktop/lesson-081.png","audits/course-v3-visual-evidence/full-pages/mobile-390/lesson-081.png","high"
"081","S11-L10","11","S11.07","S11.07.A03","Use the returned value inside an expression.","And use functions, including return values in expressions: Functions, interfaces and return values","flow | worked-example | reviewed-visual","Mechanism in examinable order | Use a returned value in an expression | Function calls can appear where a value is needed","V3-Q-L078-01 | V3-Q-L078-02 | V3-Q-L078-03","","reviewed","audits/course-v3-visual-evidence/full-pages/desktop/lesson-081.png","audits/course-v3-visual-evidence/full-pages/mobile-390/lesson-081.png","high"
"081","S11-L10","11","S11.07","S11.07.A04","Explain when a function is appropriate.","And use functions, including return values in expressions: Functions, interfaces and return values","flow | worked-example | reviewed-visual","Mechanism in examinable order | Use a returned value in an expression | Function calls can appear where a value is needed","V3-Q-L078-02 | V3-Q-L078-03","","reviewed","audits/course-v3-visual-evidence/full-pages/desktop/lesson-081.png","audits/course-v3-visual-evidence/full-pages/mobile-390/lesson-081.png","high"
"081","S11-L10","11","S11.08","S11.08.A01","Identify a procedure or function header.","Precise terminology: procedure/function header, interface, parameter, argument and return value","flow | worked-example | reviewed-visual","Mechanism in examinable order | Precise terminology: procedure/function header, interface, parameter, argument and return value: complete worked route | A subprogram interface connects caller and header","V3-Q-L078-02","","reviewed","audits/course-v3-visual-evidence/full-pages/desktop/lesson-081.png","audits/course-v3-visual-evidence/full-pages/mobile-390/lesson-081.png","high"
"081","S11-L10","11","S11.08","S11.08.A02","Explain a subprogram interface.","Precise terminology: procedure/function header, interface, parameter, argument and return value","flow | worked-example | reviewed-visual","Mechanism in examinable order | Precise terminology: procedure/function header, interface, parameter, argument and return value: complete worked route | A subprogram interface connects caller and header","V3-Q-L078-01","","reviewed","audits/course-v3-visual-evidence/full-pages/desktop/lesson-081.png","audits/course-v3-visual-evidence/full-pages/mobile-390/lesson-081.png","high"
"081","S11-L10","11","S11.08","S11.08.A03","Distinguish a parameter from an argument.","Precise terminology: procedure/function header, interface, parameter, argument and return value","flow | worked-example | reviewed-visual","Mechanism in examinable order | Precise terminology: procedure/function header, interface, parameter, argument and return value: complete worked route | A subprogram interface connects caller and header","V3-078-S11.08-CHECK","","reviewed","audits/course-v3-visual-evidence/full-pages/desktop/lesson-081.png","audits/course-v3-visual-evidence/full-pages/mobile-390/lesson-081.png","high"
"081","S11-L10","11","S11.08","S11.08.A04","Explain a function return value.","Precise terminology: procedure/function header, interface, parameter, argument and return value","flow | worked-example | reviewed-visual","Mechanism in examinable order | Precise terminology: procedure/function header, interface, parameter, argument and return value: complete worked route | A subprogram interface connects caller and header","V3-Q-L078-01 | V3-Q-L078-02 | V3-Q-L078-03","","reviewed","audits/course-v3-visual-evidence/full-pages/desktop/lesson-081.png","audits/course-v3-visual-evidence/full-pages/mobile-390/lesson-081.png","high"
"082","S11-L11","11","S11.09","S11.09.A01","Write efficient pseudocode","Clear and efficient Cambridge pseudocode","flow | worked-example | reviewed-visual","Mechanism in examinable order | Clear and efficient Cambridge pseudocode: complete worked route | Java methods can model modularity, but Cambridge pseudocode remains the exam format","V3-Q-L079-01 | V3-Q-L079-02 | V3-Q-L079-03","","reviewed","audits/course-v3-visual-evidence/full-pages/desktop/lesson-082.png","audits/course-v3-visual-evidence/full-pages/mobile-390/lesson-082.png","high"
"083","S11-L12","11","S11.01","S11.01.A01","Implement and write pseudocode from a given design presented as either a program flowchart or structured English","Pseudocode from a flowchart or structured-English description: Writing complete program fragments","flow | worked-example","Mechanism in examinable order | Translate structured English into a complete selection","V3-Q-L080-02","","reviewed","audits/course-v3-visual-evidence/full-pages/desktop/lesson-083.png","audits/course-v3-visual-evidence/full-pages/mobile-390/lesson-083.png","high"
"083","S11-L12","11","S11.04","S11.04.A01","Write IF, ELSE and nested IF statements.","IF/ELSE/nested selection, CASE, count-controlled loops, post-condition and pre-condition loops: Writing complete program fragments","flow | worked-example | reviewed-visual","Mechanism in examinable order | Choose and trace the right loop | Use CASE for clear values of one expression","V3-080-S11.04-CHECK","","reviewed","audits/course-v3-visual-evidence/full-pages/desktop/lesson-083.png","audits/course-v3-visual-evidence/full-pages/mobile-390/lesson-083.png","high"
"083","S11-L12","11","S11.04","S11.04.A02","Write a CASE structure.","IF/ELSE/nested selection, CASE, count-controlled loops, post-condition and pre-condition loops: Writing complete program fragments","flow | worked-example | reviewed-visual","Mechanism in examinable order | Choose and trace the right loop | Use CASE for clear values of one expression","V3-080-S11.04-CHECK","","reviewed","audits/course-v3-visual-evidence/full-pages/desktop/lesson-083.png","audits/course-v3-visual-evidence/full-pages/mobile-390/lesson-083.png","high"
"083","S11-L12","11","S11.04","S11.04.A03","Write a count-controlled FOR loop.","IF/ELSE/nested selection, CASE, count-controlled loops, post-condition and pre-condition loops: Writing complete program fragments","flow | worked-example | reviewed-visual","Mechanism in examinable order | Choose and trace the right loop | Use CASE for clear values of one expression","V3-080-S11.04-CHECK","","reviewed","audits/course-v3-visual-evidence/full-pages/desktop/lesson-083.png","audits/course-v3-visual-evidence/full-pages/mobile-390/lesson-083.png","high"
"083","S11-L12","11","S11.04","S11.04.A04","Write a pre-condition WHILE loop.","IF/ELSE/nested selection, CASE, count-controlled loops, post-condition and pre-condition loops: Writing complete program fragments","flow | worked-example | reviewed-visual","Mechanism in examinable order | Choose and trace the right loop | Use CASE for clear values of one expression","V3-080-S11.04-CHECK","","reviewed","audits/course-v3-visual-evidence/full-pages/desktop/lesson-083.png","audits/course-v3-visual-evidence/full-pages/mobile-390/lesson-083.png","high"
"083","S11-L12","11","S11.04","S11.04.A05","Write a post-condition REPEAT loop.","IF/ELSE/nested selection, CASE, count-controlled loops, post-condition and pre-condition loops: Writing complete program fragments","flow | worked-example | reviewed-visual","Mechanism in examinable order | Choose and trace the right loop | Use CASE for clear values of one expression","V3-080-S11.04-CHECK","","reviewed","audits/course-v3-visual-evidence/full-pages/desktop/lesson-083.png","audits/course-v3-visual-evidence/full-pages/mobile-390/lesson-083.png","high"
"083","S11-L12","11","S11.06","S11.06.A01","Define and call a procedure.","And use procedures with parameters passed by reference and by value: Writing complete program fragments","flow | worked-example","Mechanism in examinable order | Contrast BYVAL and BYREF","V3-080-S11.06-CHECK","","reviewed","audits/course-v3-visual-evidence/full-pages/desktop/lesson-083.png","audits/course-v3-visual-evidence/full-pages/mobile-390/lesson-083.png","high"
"083","S11-L12","11","S11.06","S11.06.A02","Explain when a procedure is appropriate.","And use procedures with parameters passed by reference and by value: Writing complete program fragments","flow | worked-example","Mechanism in examinable order | Contrast BYVAL and BYREF","V3-080-S11.06-CHECK","","reviewed","audits/course-v3-visual-evidence/full-pages/desktop/lesson-083.png","audits/course-v3-visual-evidence/full-pages/mobile-390/lesson-083.png","high"
"083","S11-L12","11","S11.06","S11.06.A03","Define a procedure with none, one or several parameters.","And use procedures with parameters passed by reference and by value: Writing complete program fragments","flow | worked-example","Mechanism in examinable order | Contrast BYVAL and BYREF","V3-080-S11.06-CHECK","","reviewed","audits/course-v3-visual-evidence/full-pages/desktop/lesson-083.png","audits/course-v3-visual-evidence/full-pages/mobile-390/lesson-083.png","high"
"083","S11-L12","11","S11.06","S11.06.A04","Pass a parameter by value.","And use procedures with parameters passed by reference and by value: Writing complete program fragments","flow | worked-example","Mechanism in examinable order | Contrast BYVAL and BYREF","V3-Q-L080-01","","reviewed","audits/course-v3-visual-evidence/full-pages/desktop/lesson-083.png","audits/course-v3-visual-evidence/full-pages/mobile-390/lesson-083.png","high"
"083","S11-L12","11","S11.06","S11.06.A05","Pass a parameter by reference and trace the caller change.","And use procedures with parameters passed by reference and by value: Writing complete program fragments","flow | worked-example","Mechanism in examinable order | Contrast BYVAL and BYREF","V3-Q-L080-01","","reviewed","audits/course-v3-visual-evidence/full-pages/desktop/lesson-083.png","audits/course-v3-visual-evidence/full-pages/mobile-390/lesson-083.png","high"
"083","S11-L12","11","S11.07","S11.07.A01","Define a typed function with RETURN.","And use functions, including return values in expressions: Writing complete program fragments","flow | worked-example","Mechanism in examinable order | Use a returned value in an expression","V3-Q-L080-03","","reviewed","audits/course-v3-visual-evidence/full-pages/desktop/lesson-083.png","audits/course-v3-visual-evidence/full-pages/mobile-390/lesson-083.png","high"
"083","S11-L12","11","S11.07","S11.07.A02","Call a function with arguments.","And use functions, including return values in expressions: Writing complete program fragments","flow | worked-example","Mechanism in examinable order | Use a returned value in an expression","V3-Q-L080-03","","reviewed","audits/course-v3-visual-evidence/full-pages/desktop/lesson-083.png","audits/course-v3-visual-evidence/full-pages/mobile-390/lesson-083.png","high"
"083","S11-L12","11","S11.07","S11.07.A03","Use the returned value inside an expression.","And use functions, including return values in expressions: Writing complete program fragments","flow | worked-example","Mechanism in examinable order | Use a returned value in an expression","V3-Q-L080-03","","reviewed","audits/course-v3-visual-evidence/full-pages/desktop/lesson-083.png","audits/course-v3-visual-evidence/full-pages/mobile-390/lesson-083.png","high"
"083","S11-L12","11","S11.07","S11.07.A04","Explain when a function is appropriate.","And use functions, including return values in expressions: Writing complete program fragments","flow | worked-example","Mechanism in examinable order | Use a returned value in an expression","V3-Q-L080-03","","reviewed","audits/course-v3-visual-evidence/full-pages/desktop/lesson-083.png","audits/course-v3-visual-evidence/full-pages/mobile-390/lesson-083.png","high"
"084","S12-L01","12","S12.01","S12.01.A01","Explain the purpose of a development life cycle.","Why a program-development lifecycle is used; compare waterfall, iterative and RAD models and their stages","analogy | table | worked-example | reviewed-visual","Development is a controlled evidence cycle | Compare by technical factor | Why a program-development lifecycle is used; compare waterfall, iterative and RAD models and their stages: complete worked route | Rapid application development (RAD)","V3-Q-L081-01 | V3-Q-L081-02 | V3-Q-L081-03","","reviewed","audits/course-v3-visual-evidence/full-pages/desktop/lesson-084.png","audits/course-v3-visual-evidence/full-pages/mobile-390/lesson-084.png","high"
"084","S12-L01","12","S12.01","S12.01.A02","Describe analysis, design, coding, testing and maintenance stages.","Why a program-development lifecycle is used; compare waterfall, iterative and RAD models and their stages","analogy | table | worked-example | reviewed-visual","Development is a controlled evidence cycle | Compare by technical factor | Why a program-development lifecycle is used; compare waterfall, iterative and RAD models and their stages: complete worked route | Rapid application development (RAD)","V3-Q-L081-01 | V3-Q-L081-02 | V3-Q-L081-03","","reviewed","audits/course-v3-visual-evidence/full-pages/desktop/lesson-084.png","audits/course-v3-visual-evidence/full-pages/mobile-390/lesson-084.png","high"
"084","S12-L01","12","S12.01","S12.01.A03","Explain waterfall principles, benefits and drawbacks.","Why a program-development lifecycle is used; compare waterfall, iterative and RAD models and their stages","analogy | table | worked-example | reviewed-visual","Development is a controlled evidence cycle | Compare by technical factor | Why a program-development lifecycle is used; compare waterfall, iterative and RAD models and their stages: complete worked route | Rapid application development (RAD)","V3-Q-L081-01","","reviewed","audits/course-v3-visual-evidence/full-pages/desktop/lesson-084.png","audits/course-v3-visual-evidence/full-pages/mobile-390/lesson-084.png","high"
"084","S12-L01","12","S12.01","S12.01.A04","Explain iterative-development principles, benefits and drawbacks.","Why a program-development lifecycle is used; compare waterfall, iterative and RAD models and their stages","analogy | table | worked-example | reviewed-visual","Development is a controlled evidence cycle | Compare by technical factor | Why a program-development lifecycle is used; compare waterfall, iterative and RAD models and their stages: complete worked route | Rapid application development (RAD)","V3-081-S12.01-CHECK","","reviewed","audits/course-v3-visual-evidence/full-pages/desktop/lesson-084.png","audits/course-v3-visual-evidence/full-pages/mobile-390/lesson-084.png","high"
"084","S12-L01","12","S12.01","S12.01.A05","Explain RAD principles, benefits and drawbacks.","Why a program-development lifecycle is used; compare waterfall, iterative and RAD models and their stages","analogy | table | worked-example | reviewed-visual","Development is a controlled evidence cycle | Compare by technical factor | Why a program-development lifecycle is used; compare waterfall, iterative and RAD models and their stages: complete worked route | Rapid application development (RAD)","V3-081-S12.01-CHECK","","reviewed","audits/course-v3-visual-evidence/full-pages/desktop/lesson-084.png","audits/course-v3-visual-evidence/full-pages/mobile-390/lesson-084.png","high"
"084","S12-L01","12","S12.01","S12.01.A06","Choose a lifecycle from the program context.","Why a program-development lifecycle is used; compare waterfall, iterative and RAD models and their stages","analogy | table | worked-example | reviewed-visual","Development is a controlled evidence cycle | Compare by technical factor | Why a program-development lifecycle is used; compare waterfall, iterative and RAD models and their stages: complete worked route | Rapid application development (RAD)","V3-Q-L081-01","","reviewed","audits/course-v3-visual-evidence/full-pages/desktop/lesson-084.png","audits/course-v3-visual-evidence/full-pages/mobile-390/lesson-084.png","high"
"085","S12-L02","12","S12.02","S12.02.A01","Use a structure chart to decompose a problem into sub-tasks and express the parameters passed between the various modules / procedures / functions which are part of the algorithm design","Understand, construct and use structure charts, including parameters, and derive pseudocode","flow | worked-example | reviewed-visual","Mechanism in examinable order | Understand, construct and use structure charts, including parameters, and derive pseudocode: complete worked route | Structure charts, derived pseudocode and state transitions","V3-Q-L082-01 | V3-Q-L082-02 | V3-Q-L082-03","","reviewed","audits/course-v3-visual-evidence/full-pages/desktop/lesson-085.png","audits/course-v3-visual-evidence/full-pages/mobile-390/lesson-085.png","high"
"085","S12-L02","12","S12.02","S12.02.A02","Describe the purpose of a structure chart","Understand, construct and use structure charts, including parameters, and derive pseudocode","flow | worked-example | reviewed-visual","Mechanism in examinable order | Understand, construct and use structure charts, including parameters, and derive pseudocode: complete worked route | Structure charts, derived pseudocode and state transitions","V3-Q-L082-01 | V3-Q-L082-02","","reviewed","audits/course-v3-visual-evidence/full-pages/desktop/lesson-085.png","audits/course-v3-visual-evidence/full-pages/mobile-390/lesson-085.png","high"
"085","S12-L02","12","S12.02","S12.02.A03","Construct a structure chart for a given problem","Understand, construct and use structure charts, including parameters, and derive pseudocode","flow | worked-example | reviewed-visual","Mechanism in examinable order | Understand, construct and use structure charts, including parameters, and derive pseudocode: complete worked route | Structure charts, derived pseudocode and state transitions","V3-Q-L082-01 | V3-Q-L082-02","","reviewed","audits/course-v3-visual-evidence/full-pages/desktop/lesson-085.png","audits/course-v3-visual-evidence/full-pages/mobile-390/lesson-085.png","high"
"085","S12-L02","12","S12.02","S12.02.A04","Derive equivalent pseudocode from a structure chart","Understand, construct and use structure charts, including parameters, and derive pseudocode","flow | worked-example | reviewed-visual","Mechanism in examinable order | Understand, construct and use structure charts, including parameters, and derive pseudocode: complete worked route | Structure charts, derived pseudocode and state transitions","V3-Q-L082-01 | V3-Q-L082-02 | V3-Q-L082-03","","reviewed","audits/course-v3-visual-evidence/full-pages/desktop/lesson-085.png","audits/course-v3-visual-evidence/full-pages/mobile-390/lesson-085.png","high"
"086","S12-L03","12","S12.03","S12.03.A01","Show understanding of the purpose of state-transition diagrams to document an algorithm","The purpose of state-transition diagrams to document an algorithm","flow | worked-example","Mechanism in examinable order | The purpose of state-transition diagrams to document an algorithm: complete worked route","V3-Q-L083-01 | V3-Q-L083-02 | V3-Q-L083-03","","reviewed","audits/course-v3-visual-evidence/full-pages/desktop/lesson-086.png","audits/course-v3-visual-evidence/full-pages/mobile-390/lesson-086.png","high"
"087","S12-L04","12","S12.04","S12.04.A01","Explain ways to expose and avoid faults.","Syntax, logic and runtime errors","cards | worked-example | reviewed-visual","Structure and relationships | Correct a boundary logic error | Logic errors make the program do the wrong thing","V3-Q-L084-03","","reviewed","audits/course-v3-visual-evidence/full-pages/desktop/lesson-087.png","audits/course-v3-visual-evidence/full-pages/mobile-390/lesson-087.png","high"
"087","S12-L04","12","S12.04","S12.04.A02","Identify a syntax error.","Syntax, logic and runtime errors","cards | worked-example | reviewed-visual","Structure and relationships | Correct a boundary logic error | Logic errors make the program do the wrong thing","V3-Q-L084-02 | V3-Q-L084-03","","reviewed","audits/course-v3-visual-evidence/full-pages/desktop/lesson-087.png","audits/course-v3-visual-evidence/full-pages/mobile-390/lesson-087.png","high"
"087","S12-L04","12","S12.04","S12.04.A03","Identify a logic error.","Syntax, logic and runtime errors","cards | worked-example | reviewed-visual","Structure and relationships | Correct a boundary logic error | Logic errors make the program do the wrong thing","V3-Q-L084-01 | V3-Q-L084-02 | V3-Q-L084-03","","reviewed","audits/course-v3-visual-evidence/full-pages/desktop/lesson-087.png","audits/course-v3-visual-evidence/full-pages/mobile-390/lesson-087.png","high"
"087","S12-L04","12","S12.04","S12.04.A04","Identify a run-time error.","Syntax, logic and runtime errors","cards | worked-example | reviewed-visual","Structure and relationships | Correct a boundary logic error | Logic errors make the program do the wrong thing","V3-Q-L084-02 | V3-Q-L084-03","","reviewed","audits/course-v3-visual-evidence/full-pages/desktop/lesson-087.png","audits/course-v3-visual-evidence/full-pages/mobile-390/lesson-087.png","high"
"087","S12-L04","12","S12.04","S12.04.A05","Locate the cause of an error.","Syntax, logic and runtime errors","cards | worked-example | reviewed-visual","Structure and relationships | Correct a boundary logic error | Logic errors make the program do the wrong thing","V3-Q-L084-02","","reviewed","audits/course-v3-visual-evidence/full-pages/desktop/lesson-087.png","audits/course-v3-visual-evidence/full-pages/mobile-390/lesson-087.png","high"
"087","S12-L04","12","S12.04","S12.04.A06","Correct an identified error and retest.","Syntax, logic and runtime errors","cards | worked-example | reviewed-visual","Structure and relationships | Correct a boundary logic error | Logic errors make the program do the wrong thing","V3-084-S12.04-CHECK","","reviewed","audits/course-v3-visual-evidence/full-pages/desktop/lesson-087.png","audits/course-v3-visual-evidence/full-pages/mobile-390/lesson-087.png","high"
"088","S12-L05","12","S12.05","S12.05.A01","Use a dry run to trace a program manually.","Dry run, walkthrough, white-box, black-box, integration, alpha, beta, acceptance and stub testing","table | worked-example | reviewed-visual","Compare by technical factor | Dry run, walkthrough, white-box, black-box, integration, alpha, beta, acceptance and stub testing: complete worked route | Good testing uses different categories of data","V3-Q-L085-02","","reviewed","audits/course-v3-visual-evidence/full-pages/desktop/lesson-088.png","audits/course-v3-visual-evidence/full-pages/mobile-390/lesson-088.png","high"
"088","S12-L05","12","S12.05","S12.05.A02","Use a walkthrough to review a program collaboratively.","Dry run, walkthrough, white-box, black-box, integration, alpha, beta, acceptance and stub testing","table | worked-example | reviewed-visual","Compare by technical factor | Dry run, walkthrough, white-box, black-box, integration, alpha, beta, acceptance and stub testing: complete worked route | Good testing uses different categories of data","V3-Q-L085-02","","reviewed","audits/course-v3-visual-evidence/full-pages/desktop/lesson-088.png","audits/course-v3-visual-evidence/full-pages/mobile-390/lesson-088.png","high"
"088","S12-L05","12","S12.05","S12.05.A03","Explain white-box testing.","Dry run, walkthrough, white-box, black-box, integration, alpha, beta, acceptance and stub testing","table | worked-example | reviewed-visual","Compare by technical factor | Dry run, walkthrough, white-box, black-box, integration, alpha, beta, acceptance and stub testing: complete worked route | Good testing uses different categories of data","V3-Q-L085-01 | V3-Q-L085-02 | V3-Q-L085-03","","reviewed","audits/course-v3-visual-evidence/full-pages/desktop/lesson-088.png","audits/course-v3-visual-evidence/full-pages/mobile-390/lesson-088.png","high"
"088","S12-L05","12","S12.05","S12.05.A04","Explain black-box testing.","Dry run, walkthrough, white-box, black-box, integration, alpha, beta, acceptance and stub testing","table | worked-example | reviewed-visual","Compare by technical factor | Dry run, walkthrough, white-box, black-box, integration, alpha, beta, acceptance and stub testing: complete worked route | Good testing uses different categories of data","V3-Q-L085-01 | V3-Q-L085-02 | V3-Q-L085-03","","reviewed","audits/course-v3-visual-evidence/full-pages/desktop/lesson-088.png","audits/course-v3-visual-evidence/full-pages/mobile-390/lesson-088.png","high"
"088","S12-L05","12","S12.05","S12.05.A05","Explain integration testing and a stub.","Dry run, walkthrough, white-box, black-box, integration, alpha, beta, acceptance and stub testing","table | worked-example | reviewed-visual","Compare by technical factor | Dry run, walkthrough, white-box, black-box, integration, alpha, beta, acceptance and stub testing: complete worked route | Good testing uses different categories of data","V3-Q-L085-01 | V3-Q-L085-03","","reviewed","audits/course-v3-visual-evidence/full-pages/desktop/lesson-088.png","audits/course-v3-visual-evidence/full-pages/mobile-390/lesson-088.png","high"
"088","S12-L05","12","S12.05","S12.05.A06","Explain alpha testing.","Dry run, walkthrough, white-box, black-box, integration, alpha, beta, acceptance and stub testing","table | worked-example | reviewed-visual","Compare by technical factor | Dry run, walkthrough, white-box, black-box, integration, alpha, beta, acceptance and stub testing: complete worked route | Good testing uses different categories of data","V3-085-S12.05-CHECK","","reviewed","audits/course-v3-visual-evidence/full-pages/desktop/lesson-088.png","audits/course-v3-visual-evidence/full-pages/mobile-390/lesson-088.png","high"
"088","S12-L05","12","S12.05","S12.05.A07","Explain beta testing.","Dry run, walkthrough, white-box, black-box, integration, alpha, beta, acceptance and stub testing","table | worked-example | reviewed-visual","Compare by technical factor | Dry run, walkthrough, white-box, black-box, integration, alpha, beta, acceptance and stub testing: complete worked route | Good testing uses different categories of data","V3-Q-L085-03","","reviewed","audits/course-v3-visual-evidence/full-pages/desktop/lesson-088.png","audits/course-v3-visual-evidence/full-pages/mobile-390/lesson-088.png","high"
"088","S12-L05","12","S12.05","S12.05.A08","Explain acceptance testing.","Dry run, walkthrough, white-box, black-box, integration, alpha, beta, acceptance and stub testing","table | worked-example | reviewed-visual","Compare by technical factor | Dry run, walkthrough, white-box, black-box, integration, alpha, beta, acceptance and stub testing: complete worked route | Good testing uses different categories of data","V3-085-S12.05-CHECK","","reviewed","audits/course-v3-visual-evidence/full-pages/desktop/lesson-088.png","audits/course-v3-visual-evidence/full-pages/mobile-390/lesson-088.png","high"
"088","S12-L05","12","S12.05","S12.05.A09","Select a testing method for a scenario.","Dry run, walkthrough, white-box, black-box, integration, alpha, beta, acceptance and stub testing","table | worked-example | reviewed-visual","Compare by technical factor | Dry run, walkthrough, white-box, black-box, integration, alpha, beta, acceptance and stub testing: complete worked route | Good testing uses different categories of data","V3-Q-L085-01","","reviewed","audits/course-v3-visual-evidence/full-pages/desktop/lesson-088.png","audits/course-v3-visual-evidence/full-pages/mobile-390/lesson-088.png","high"
"089","S12-L06","12","S12.06","S12.06.A01","Show understanding of the need for a test strategy and test plan and their likely contents","The need for a test strategy and test plan and their likely contents","flow | worked-example | reviewed-visual","Mechanism in examinable order | The need for a test strategy and test plan and their likely contents: complete worked route | Test strategy and test plan are different documents","V3-Q-L086-01 | V3-Q-L086-02 | V3-Q-L086-03","","reviewed","audits/course-v3-visual-evidence/full-pages/desktop/lesson-089.png","audits/course-v3-visual-evidence/full-pages/mobile-390/lesson-089.png","high"
"090","S12-L07","12","S12.07","S12.07.A01","Choose appropriate test data for a test plan","Select normal, abnormal and extreme/boundary test data","table | worked-example | reviewed-visual","Compare by technical factor | Select normal, abnormal and extreme/boundary test data: complete worked route | Extreme or boundary data uses valid values at accepted limits","V3-Q-L087-03","","reviewed","audits/course-v3-visual-evidence/full-pages/desktop/lesson-090.png","audits/course-v3-visual-evidence/full-pages/mobile-390/lesson-090.png","high"
"090","S12-L07","12","S12.07","S12.07.A02","Including normal, abnormal and extreme/boundary","Select normal, abnormal and extreme/boundary test data","table | worked-example | reviewed-visual","Compare by technical factor | Select normal, abnormal and extreme/boundary test data: complete worked route | Extreme or boundary data uses valid values at accepted limits","V3-Q-L087-01 | V3-Q-L087-02 | V3-Q-L087-03","","reviewed","audits/course-v3-visual-evidence/full-pages/desktop/lesson-090.png","audits/course-v3-visual-evidence/full-pages/mobile-390/lesson-090.png","high"
"091","S12-L08","12","S12.08","S12.08.A01","Explain why continuing maintenance is required.","Perfective, adaptive and corrective maintenance","table | worked-example | reviewed-visual","Compare by technical factor | Perfective, adaptive and corrective maintenance: complete worked route | Maintenance changes a system after it has been delivered","V3-Q-L088-01 | V3-Q-L088-02 | V3-Q-L088-03","","reviewed","audits/course-v3-visual-evidence/full-pages/desktop/lesson-091.png","audits/course-v3-visual-evidence/full-pages/mobile-390/lesson-091.png","high"
"091","S12-L08","12","S12.08","S12.08.A02","Classify and explain corrective maintenance.","Perfective, adaptive and corrective maintenance","table | worked-example | reviewed-visual","Compare by technical factor | Perfective, adaptive and corrective maintenance: complete worked route | Maintenance changes a system after it has been delivered","V3-Q-L088-01 | V3-Q-L088-02 | V3-Q-L088-03","","reviewed","audits/course-v3-visual-evidence/full-pages/desktop/lesson-091.png","audits/course-v3-visual-evidence/full-pages/mobile-390/lesson-091.png","high"
"091","S12-L08","12","S12.08","S12.08.A03","Classify and explain adaptive maintenance.","Perfective, adaptive and corrective maintenance","table | worked-example | reviewed-visual","Compare by technical factor | Perfective, adaptive and corrective maintenance: complete worked route | Maintenance changes a system after it has been delivered","V3-Q-L088-01 | V3-Q-L088-02 | V3-Q-L088-03","","reviewed","audits/course-v3-visual-evidence/full-pages/desktop/lesson-091.png","audits/course-v3-visual-evidence/full-pages/mobile-390/lesson-091.png","high"
"091","S12-L08","12","S12.08","S12.08.A04","Classify and explain perfective maintenance.","Perfective, adaptive and corrective maintenance","table | worked-example | reviewed-visual","Compare by technical factor | Perfective, adaptive and corrective maintenance: complete worked route | Maintenance changes a system after it has been delivered","V3-Q-L088-01 | V3-Q-L088-02 | V3-Q-L088-03","","reviewed","audits/course-v3-visual-evidence/full-pages/desktop/lesson-091.png","audits/course-v3-visual-evidence/full-pages/mobile-390/lesson-091.png","high"
"092","S12-L09","12","S12.09","S12.09.A01","Analyse an existing program and make amendments to enhance functionality","Analyse and amend an existing program","flow | worked-example | reviewed-visual","Mechanism in examinable order | Analyse and amend an existing program: complete worked route | Analyse and amend an existing program","V3-Q-L089-01 | V3-Q-L089-02 | V3-Q-L089-03","","reviewed","audits/course-v3-visual-evidence/full-pages/desktop/lesson-092.png","audits/course-v3-visual-evidence/full-pages/mobile-390/lesson-092.png","high"
"093","REV-P2","Review","S9.01.R","S9.01.R","Diagnose and connect S9.01 in an integrated response.","Section 9: Algorithm design and problem-solving","","","","","reviewed","audits/course-v3-visual-evidence/full-pages/desktop/lesson-093.png","audits/course-v3-visual-evidence/full-pages/mobile-390/lesson-093.png","high"
"093","REV-P2","Review","S9.02.R","S9.02.R","Diagnose and connect S9.02 in an integrated response.","Section 10: Data types and structures","","","","","reviewed","audits/course-v3-visual-evidence/full-pages/desktop/lesson-093.png","audits/course-v3-visual-evidence/full-pages/mobile-390/lesson-093.png","high"
"093","REV-P2","Review","S9.03.R","S9.03.R","Diagnose and connect S9.03 in an integrated response.","Section 11: Programming","","","","","reviewed","audits/course-v3-visual-evidence/full-pages/desktop/lesson-093.png","audits/course-v3-visual-evidence/full-pages/mobile-390/lesson-093.png","high"
"093","REV-P2","Review","S9.04.R","S9.04.R","Diagnose and connect S9.04 in an integrated response.","Section 12: Software development","","","","","reviewed","audits/course-v3-visual-evidence/full-pages/desktop/lesson-093.png","audits/course-v3-visual-evidence/full-pages/mobile-390/lesson-093.png","high"
"093","REV-P2","Review","S9.05.R","S9.05.R","Diagnose and connect S9.05 in an integrated response.","Section 9: Algorithm design and problem-solving","","","","","reviewed","audits/course-v3-visual-evidence/full-pages/desktop/lesson-093.png","audits/course-v3-visual-evidence/full-pages/mobile-390/lesson-093.png","high"
"093","REV-P2","Review","S9.06.R","S9.06.R","Diagnose and connect S9.06 in an integrated response.","Section 10: Data types and structures","","","","","reviewed","audits/course-v3-visual-evidence/full-pages/desktop/lesson-093.png","audits/course-v3-visual-evidence/full-pages/mobile-390/lesson-093.png","high"
"093","REV-P2","Review","S9.07.R","S9.07.R","Diagnose and connect S9.07 in an integrated response.","Section 11: Programming","","","","","reviewed","audits/course-v3-visual-evidence/full-pages/desktop/lesson-093.png","audits/course-v3-visual-evidence/full-pages/mobile-390/lesson-093.png","high"
"093","REV-P2","Review","S9.08.R","S9.08.R","Diagnose and connect S9.08 in an integrated response.","Section 12: Software development","","","","","reviewed","audits/course-v3-visual-evidence/full-pages/desktop/lesson-093.png","audits/course-v3-visual-evidence/full-pages/mobile-390/lesson-093.png","high"
"093","REV-P2","Review","S9.09.R","S9.09.R","Diagnose and connect S9.09 in an integrated response.","Section 9: Algorithm design and problem-solving","","","","","reviewed","audits/course-v3-visual-evidence/full-pages/desktop/lesson-093.png","audits/course-v3-visual-evidence/full-pages/mobile-390/lesson-093.png","high"
"093","REV-P2","Review","S10.01.R","S10.01.R","Diagnose and connect S10.01 in an integrated response.","Section 10: Data types and structures","","","","","reviewed","audits/course-v3-visual-evidence/full-pages/desktop/lesson-093.png","audits/course-v3-visual-evidence/full-pages/mobile-390/lesson-093.png","high"
"093","REV-P2","Review","S10.02.R","S10.02.R","Diagnose and connect S10.02 in an integrated response.","Section 11: Programming","","","","","reviewed","audits/course-v3-visual-evidence/full-pages/desktop/lesson-093.png","audits/course-v3-visual-evidence/full-pages/mobile-390/lesson-093.png","high"
"093","REV-P2","Review","S10.03.R","S10.03.R","Diagnose and connect S10.03 in an integrated response.","Section 12: Software development","","","","","reviewed","audits/course-v3-visual-evidence/full-pages/desktop/lesson-093.png","audits/course-v3-visual-evidence/full-pages/mobile-390/lesson-093.png","high"
"093","REV-P2","Review","S10.04.R","S10.04.R","Diagnose and connect S10.04 in an integrated response.","Section 9: Algorithm design and problem-solving","","","","","reviewed","audits/course-v3-visual-evidence/full-pages/desktop/lesson-093.png","audits/course-v3-visual-evidence/full-pages/mobile-390/lesson-093.png","high"
"093","REV-P2","Review","S10.05.R","S10.05.R","Diagnose and connect S10.05 in an integrated response.","Section 10: Data types and structures","","","","","reviewed","audits/course-v3-visual-evidence/full-pages/desktop/lesson-093.png","audits/course-v3-visual-evidence/full-pages/mobile-390/lesson-093.png","high"
"093","REV-P2","Review","S10.06.R","S10.06.R","Diagnose and connect S10.06 in an integrated response.","Section 11: Programming","","","","","reviewed","audits/course-v3-visual-evidence/full-pages/desktop/lesson-093.png","audits/course-v3-visual-evidence/full-pages/mobile-390/lesson-093.png","high"
"093","REV-P2","Review","S10.07.R","S10.07.R","Diagnose and connect S10.07 in an integrated response.","Section 12: Software development","","","","","reviewed","audits/course-v3-visual-evidence/full-pages/desktop/lesson-093.png","audits/course-v3-visual-evidence/full-pages/mobile-390/lesson-093.png","high"
"093","REV-P2","Review","S10.08.R","S10.08.R","Diagnose and connect S10.08 in an integrated response.","Section 9: Algorithm design and problem-solving","","","","","reviewed","audits/course-v3-visual-evidence/full-pages/desktop/lesson-093.png","audits/course-v3-visual-evidence/full-pages/mobile-390/lesson-093.png","high"
"093","REV-P2","Review","S10.09.R","S10.09.R","Diagnose and connect S10.09 in an integrated response.","Section 10: Data types and structures","","","","","reviewed","audits/course-v3-visual-evidence/full-pages/desktop/lesson-093.png","audits/course-v3-visual-evidence/full-pages/mobile-390/lesson-093.png","high"
"093","REV-P2","Review","S10.10.R","S10.10.R","Diagnose and connect S10.10 in an integrated response.","Section 11: Programming","","","","","reviewed","audits/course-v3-visual-evidence/full-pages/desktop/lesson-093.png","audits/course-v3-visual-evidence/full-pages/mobile-390/lesson-093.png","high"
"093","REV-P2","Review","S11.01.R","S11.01.R","Diagnose and connect S11.01 in an integrated response.","Section 12: Software development","","","","","reviewed","audits/course-v3-visual-evidence/full-pages/desktop/lesson-093.png","audits/course-v3-visual-evidence/full-pages/mobile-390/lesson-093.png","high"
"093","REV-P2","Review","S11.02.R","S11.02.R","Diagnose and connect S11.02 in an integrated response.","Section 9: Algorithm design and problem-solving","","","","","reviewed","audits/course-v3-visual-evidence/full-pages/desktop/lesson-093.png","audits/course-v3-visual-evidence/full-pages/mobile-390/lesson-093.png","high"
"093","REV-P2","Review","S11.03.R","S11.03.R","Diagnose and connect S11.03 in an integrated response.","Section 10: Data types and structures","","","","","reviewed","audits/course-v3-visual-evidence/full-pages/desktop/lesson-093.png","audits/course-v3-visual-evidence/full-pages/mobile-390/lesson-093.png","high"
"093","REV-P2","Review","S11.04.R","S11.04.R","Diagnose and connect S11.04 in an integrated response.","Section 11: Programming","","","","","reviewed","audits/course-v3-visual-evidence/full-pages/desktop/lesson-093.png","audits/course-v3-visual-evidence/full-pages/mobile-390/lesson-093.png","high"
"093","REV-P2","Review","S11.05.R","S11.05.R","Diagnose and connect S11.05 in an integrated response.","Section 12: Software development","","","","","reviewed","audits/course-v3-visual-evidence/full-pages/desktop/lesson-093.png","audits/course-v3-visual-evidence/full-pages/mobile-390/lesson-093.png","high"
"093","REV-P2","Review","S11.06.R","S11.06.R","Diagnose and connect S11.06 in an integrated response.","Section 9: Algorithm design and problem-solving","","","","","reviewed","audits/course-v3-visual-evidence/full-pages/desktop/lesson-093.png","audits/course-v3-visual-evidence/full-pages/mobile-390/lesson-093.png","high"
"093","REV-P2","Review","S11.07.R","S11.07.R","Diagnose and connect S11.07 in an integrated response.","Section 10: Data types and structures","","","","","reviewed","audits/course-v3-visual-evidence/full-pages/desktop/lesson-093.png","audits/course-v3-visual-evidence/full-pages/mobile-390/lesson-093.png","high"
"093","REV-P2","Review","S11.08.R","S11.08.R","Diagnose and connect S11.08 in an integrated response.","Section 11: Programming","","","","","reviewed","audits/course-v3-visual-evidence/full-pages/desktop/lesson-093.png","audits/course-v3-visual-evidence/full-pages/mobile-390/lesson-093.png","high"
"093","REV-P2","Review","S11.09.R","S11.09.R","Diagnose and connect S11.09 in an integrated response.","Section 12: Software development","","","","","reviewed","audits/course-v3-visual-evidence/full-pages/desktop/lesson-093.png","audits/course-v3-visual-evidence/full-pages/mobile-390/lesson-093.png","high"
"093","REV-P2","Review","S12.01.R","S12.01.R","Diagnose and connect S12.01 in an integrated response.","Section 9: Algorithm design and problem-solving","","","","","reviewed","audits/course-v3-visual-evidence/full-pages/desktop/lesson-093.png","audits/course-v3-visual-evidence/full-pages/mobile-390/lesson-093.png","high"
"093","REV-P2","Review","S12.02.R","S12.02.R","Diagnose and connect S12.02 in an integrated response.","Section 10: Data types and structures","","","","","reviewed","audits/course-v3-visual-evidence/full-pages/desktop/lesson-093.png","audits/course-v3-visual-evidence/full-pages/mobile-390/lesson-093.png","high"
"093","REV-P2","Review","S12.03.R","S12.03.R","Diagnose and connect S12.03 in an integrated response.","Section 11: Programming","","","","","reviewed","audits/course-v3-visual-evidence/full-pages/desktop/lesson-093.png","audits/course-v3-visual-evidence/full-pages/mobile-390/lesson-093.png","high"
"093","REV-P2","Review","S12.04.R","S12.04.R","Diagnose and connect S12.04 in an integrated response.","Section 12: Software development","","","","","reviewed","audits/course-v3-visual-evidence/full-pages/desktop/lesson-093.png","audits/course-v3-visual-evidence/full-pages/mobile-390/lesson-093.png","high"
"093","REV-P2","Review","S12.05.R","S12.05.R","Diagnose and connect S12.05 in an integrated response.","Section 9: Algorithm design and problem-solving","","","","","reviewed","audits/course-v3-visual-evidence/full-pages/desktop/lesson-093.png","audits/course-v3-visual-evidence/full-pages/mobile-390/lesson-093.png","high"
"093","REV-P2","Review","S12.06.R","S12.06.R","Diagnose and connect S12.06 in an integrated response.","Section 10: Data types and structures","","","","","reviewed","audits/course-v3-visual-evidence/full-pages/desktop/lesson-093.png","audits/course-v3-visual-evidence/full-pages/mobile-390/lesson-093.png","high"
"093","REV-P2","Review","S12.07.R","S12.07.R","Diagnose and connect S12.07 in an integrated response.","Section 11: Programming","","","","","reviewed","audits/course-v3-visual-evidence/full-pages/desktop/lesson-093.png","audits/course-v3-visual-evidence/full-pages/mobile-390/lesson-093.png","high"
"093","REV-P2","Review","S12.08.R","S12.08.R","Diagnose and connect S12.08 in an integrated response.","Section 12: Software development","","","","","reviewed","audits/course-v3-visual-evidence/full-pages/desktop/lesson-093.png","audits/course-v3-visual-evidence/full-pages/mobile-390/lesson-093.png","high"
"093","REV-P2","Review","S12.09.R","S12.09.R","Diagnose and connect S12.09 in an integrated response.","Section 9: Algorithm design and problem-solving","","","","","reviewed","audits/course-v3-visual-evidence/full-pages/desktop/lesson-093.png","audits/course-v3-visual-evidence/full-pages/mobile-390/lesson-093.png","high"
