kind,id,path,sha256,bytes
assessment-set,monthly:020,scripts/stage3-assessments-data.mjs,c077c68cf553af80d2089661dfa99bd1077c56b8e8d16e77518b31571e65deb6,3014
assessment-set,monthly:040,scripts/stage3-assessments-data.mjs,eb39e6eafda4e39d17f5af3dcf7270a467a07a51bc5c0cf72be42219513e4ab5,3084
assessment-set,monthly:060,scripts/stage3-assessments-data.mjs,7cb6b8e4cb65a28f51e33471b951e78a3d06441dc2628c37d71b6517f01c28e6,2750
assessment-set,monthly:080,scripts/stage3-assessments-data.mjs,78444e6721d86847ddd5b3d8b0cf085f2bafd8ebb9a01c08a389b11e634225f9,3566
assessment-set,monthly:100,scripts/stage3-assessments-data.mjs,a61bf4d5511c9010b2b9ccd9b54262fcd12752564521a9d4396054222e9c56e9,2860
assessment-set,monthly:120,scripts/stage3-assessments-data.mjs,3c91708eb28718a2205b97c4cff910b540b30d7a180793a820951392b7f3b698,3336
assessment-set,monthly:140,scripts/stage3-assessments-data.mjs,8f92ba622f7b699060514a891731d57f2e401bfaeb2cdfc798383cbf4e08f382,3259
assessment-set,quiz:005,scripts/stage3-assessments-data.mjs,38d3113a835294353e0b904969ea62de4f3d69a81f5cef140746db1fa18500d0,1187
assessment-set,quiz:010,scripts/stage3-assessments-data.mjs,1f7b72d8808d52dea56dc15378ca5c3980dd16e4d4d341993b0d25337493e8ea,1935
assessment-set,quiz:015,scripts/stage3-assessments-data.mjs,bc531e1faf69a6113d966feabc7b183c3e53ee50a9a918cdc316d65db0d52d1e,1589
assessment-set,quiz:020,scripts/stage3-assessments-data.mjs,78853d4e8d35939a545d54aadaefc8921992da4102bd2d6a69b789c2c96723f7,1896
assessment-set,quiz:025,scripts/stage3-assessments-data.mjs,7361ea96df8de98d5d045ccfea1d5f4b66e870b85b4bb464b8f074bd53925518,1835
assessment-set,quiz:030,scripts/stage3-assessments-data.mjs,f988d3997d7c858081b3c720433d6943c61a26a11a1b0230759d4574c5d3e32e,1850
assessment-set,quiz:035,scripts/stage3-assessments-data.mjs,81118708f9df610bd94d13bfeec1f0c32d4b875f4332a448cbcd887f24b1d688,1803
assessment-set,quiz:040,scripts/stage3-assessments-data.mjs,a6ab9fe135f469deda0fb75d638acac4a5bc0162bf85e7c4987c2919bfbc702d,1696
assessment-set,quiz:045,scripts/stage3-assessments-data.mjs,d855ed6fb4e6fd5ee5ba41e67a9200fbc41ef51c7822a3f502c91f324a90606b,2125
assessment-set,quiz:050,scripts/stage3-assessments-data.mjs,13c0438609bdbe018fad844b5ff583620c0657f47817ed9a999b754cff4a4ac0,1866
assessment-set,quiz:055,scripts/stage3-assessments-data.mjs,11ce579a5fe4f82de1a0b210a282c1191583b493b37829d3f5a5177b16d8a64b,1833
assessment-set,quiz:060,scripts/stage3-assessments-data.mjs,d1f506eb9886603a22589f16f48282e4ab4f0fb5b1b7ff123f0cf12af85b700a,2002
assessment-set,quiz:065,scripts/stage3-assessments-data.mjs,10b3577e1c534d77083fb99917dd45f11f966da547e3a540fc4313309505ace9,1690
assessment-set,quiz:070,scripts/stage3-assessments-data.mjs,dd2d6166c587116a0b52db7b2e07af5b0b5a5dd2c29bd0a0074a1ce132dabce5,1778
assessment-set,quiz:075,scripts/stage3-assessments-data.mjs,1f82146ade29e082926c549706fb51258821de8fbeb49ac1e0880e386111bdb9,1763
assessment-set,quiz:080,scripts/stage3-assessments-data.mjs,9a312edc39186138abb50494693eaa5d2808b6ba9ccbd8dfc8db976fe6d13f21,1822
assessment-set,quiz:085,scripts/stage3-assessments-data.mjs,f15bece016742c2f654cf7853db439a9de4d2b03ea6c3865c1015ab2243ee2a1,1666
assessment-set,quiz:090,scripts/stage3-assessments-data.mjs,25783d67e765386eab6dfb89fcb283ba97dbdb2b5abd342a38036ea0881e2f2a,1544
assessment-set,quiz:095,scripts/stage3-assessments-data.mjs,b0c496e3e3d308d2d942758b879c94a661e4c3d012f8caed7ca55b2912dc08ff,1587
assessment-set,quiz:100,scripts/stage3-assessments-data.mjs,9afcd672ca295e3390dc97ba6dd328a4fd6a3aa78413ea199545284a10b66591,2042
assessment-set,quiz:105,scripts/stage3-assessments-data.mjs,457774570281dd9cda4ff1c2b9a211b843d48eae2282758f074f8a214d23079e,1669
assessment-set,quiz:110,scripts/stage3-assessments-data.mjs,ab645ad10de69d297cb459e0e96d17e49e67526d85abdbc651210a8312821240,1661
assessment-set,quiz:115,scripts/stage3-assessments-data.mjs,81524a1e8b11676b72e9b0fbe68de898acf1e2e20fc3a4beab72d4f56ab14610,1673
assessment-set,quiz:120,scripts/stage3-assessments-data.mjs,e5b25711999eb356fa9495a88d54fd77cb5e83b14aceea600bcc893ba517eec9,1931
assessment-set,quiz:125,scripts/stage3-assessments-data.mjs,54316501940dec25319a689ab2c9df7aa5bbcc4e11f551ad03aa330a20501d6e,1715
assessment-set,quiz:130,scripts/stage3-assessments-data.mjs,947a087622133a18b8b8ee26d234df535fc4920300fec70d390673c7e691d8bf,1837
assessment-set,quiz:135,scripts/stage3-assessments-data.mjs,ba7beffc0c6accf41b7ff146442fad4dcb7be9e442efd501a6f2dadbb4b37869,1562
assessment-set,quiz:140,scripts/stage3-assessments-data.mjs,082317e568a35b67ed2c7b0d539bb4382de6fdacc42fedb33fa3cec384942c01,1520
assessment-set,quiz:145,scripts/stage3-assessments-data.mjs,e878fa36b69e750d035ce4ba45fb583ab20e59917c5a35bf2f815af2f6112777,2385
assessment-set,quiz:150,scripts/stage3-assessments-data.mjs,a9500a209fb88869bcbdc91b8813f8d121a5d678a3795f40aa19999752c4374c,1627
assessment-set,review:015,scripts/stage3-assessments-data.mjs,77088edb1674d1f8555b4a11268589e3ac61d18b388b61daa346bffec8a9050e,1810
assessment-set,review:026,scripts/stage3-assessments-data.mjs,dd0a96aff0afc57ac192201252647f63f8b2c727877efa4d7a794cd58b13880e,1683
assessment-set,review:040,scripts/stage3-assessments-data.mjs,549989ff1ae37c1ce9ce6c77b95d2ce31d4a1f92402b071dacd9d21565013303,1556
assessment-set,review:051,scripts/stage3-assessments-data.mjs,96a940a306c53b0eeeff0ba736b5f68e9b320e6a990208092bcc6f90083af0fe,1837
assessment-set,review:061,scripts/stage3-assessments-data.mjs,4b7a62064029bf5673fa6fc925346f584287119d882735cb8c41eee6526cd5e1,1683
assessment-set,review:071,scripts/stage3-assessments-data.mjs,b32661af524707e6a760a479972cf7a8210c4f19cd4c1504c66c8984b174da52,2052
assessment-set,review:077,scripts/stage3-assessments-data.mjs,a8a4d08d74660d8b6081abe78d57186cbdde1020b8cd2a0e34ac26e7f5990306,1951
assessment-set,review:089,scripts/stage3-assessments-data.mjs,f69d5147a38e03128cc4058100ce9703716ae79186f43b2b8879788fdd20bf68,1585
assessment-set,review:097,scripts/stage3-assessments-data.mjs,dda19b3f90ebd028400a26813034eae0aedb3215ae5babf2620fac0a01c44e34,1788
assessment-set,review:112,scripts/stage3-assessments-data.mjs,ee2519f87e88c4425f187ca286c71b1853ab0ab7cc851553d6ea4e7d4d9d54bd,1758
assessment-set,review:125,scripts/stage3-assessments-data.mjs,96cb5190e24a79ee158c177be77c008a845c32830c92af3f961c304598927cc8,2059
assessment-set,review:141,scripts/stage3-assessments-data.mjs,c3f15173e9da49008e20850ac77566a97795004becfd2dca48952178857f1864,1643
assessment-set,review:146,scripts/stage3-assessments-data.mjs,9065b2a5cf175adad400572b56d592e3d40fc4c22c1ea3d6f3a78dd5c8c21d60,1699
assessment-set,review:150,scripts/stage3-assessments-data.mjs,1a415fcf0b3a646cce7d737eafc2aae90ad653290bf94ed52b87d6475e4247d6,1863
generator,apply-cie-wording.mjs,scripts/apply-cie-wording.mjs,80677fce8be93f02523b68a4f1bfdc609c665430303189a59c5fb732d75abf56,15332
generator,apply-classroom-delivery.mjs,scripts/apply-classroom-delivery.mjs,69d60ed8d4fa5a8084d1c3f5381924a4f1bfb079c991c8a1c80ab95c271ed0ca,9185
generator,apply-stage10-explanations.mjs,scripts/apply-stage10-explanations.mjs,171bab0149e575b34340aebc2613102c764453d53ba86538ca68aa21a9ef626f,6798
generator,apply-stage2-repairs.mjs,scripts/apply-stage2-repairs.mjs,f7e4b4d6db472cf4539ad52d815d80fe69704703498d1005f181374e66ca80d6,7736
generator,apply-student-navigation.mjs,scripts/apply-student-navigation.mjs,eccb4e3dfe45e60dd9bbb3e064a234b9a0280258bc94490cbb59941d00f57680,1010
generator,build-stage10-rollout-jobs.mjs,scripts/build-stage10-rollout-jobs.mjs,5c485c72124fcffae7e7e68a2b72a7878d5bb7ac46ea0c720a02ed640ffd42a3,7522
generator,build-stage8-release.py,scripts/build-stage8-release.py,41471233271bce727e601db254f38af505149e722b14d1c2400946b804b9f3d5,3530
generator,build-visual-semantic-remediation-ledger.mjs,scripts/build-visual-semantic-remediation-ledger.mjs,5f9867680247fec556270eee5f6657ede6b0bdfaa05bbbd92ebfb02ef85f63b5,5576
generator,generate-assessments.mjs,scripts/generate-assessments.mjs,3fade79af3c15538432d60201cd1efd42a715ded6a203ff992596487021c1cb0,19908
generator,generate-cie-wording-register.mjs,scripts/generate-cie-wording-register.mjs,ef2e78892755b24b60a38683bdea1d16440c67b15ca509418076b22cfe71cfc8,2031
generator,generate-course-catalog.mjs,scripts/generate-course-catalog.mjs,0ca0a294ca2d91f828732a9b7f0cab6d5e4b20b19292748329cf5339c31e8188,1606
generator,generate-curriculum-sequence-audit.mjs,scripts/generate-curriculum-sequence-audit.mjs,a866f3d9c124ca9501669e1766b7aaeed2e9602929c5e32faca739c6492b26a6,551
generator,generate-question-ao-contract.mjs,scripts/generate-question-ao-contract.mjs,8bfe6629321afc2bb526aa7e1a26d6eb6962771bc520336eb8422d908e6f459c,3532
generator,generate-resource-hub.mjs,scripts/generate-resource-hub.mjs,167f6a8b2975d7b1319e229e4ea73c78a69c7eb3258c9fb88ab61ead02299e5f,6609
generator,generate-scientific-audit.mjs,scripts/generate-scientific-audit.mjs,3501ee2424c8f112b9f4cda201937856a1bfb3fdc5f286680d5d171f64f8f746,51193
generator,generate-scientific-final-audit.mjs,scripts/generate-scientific-final-audit.mjs,4d6450c963a0aca4fd02070ce76b50f23db7b1540439ddb33fe8f12fe185622a,14102
generator,generate-stage10-audits.mjs,scripts/generate-stage10-audits.mjs,76e70c6a51435e3e8e30dc51e82c49772db0e72263f8f345f15092a804c11034,17523
generator,generate-stage10-semantic-audit.mjs,scripts/generate-stage10-semantic-audit.mjs,6289819635c4e795d9e9f68fa5d64e4b3ee06a5af9649822ea9124aae4b52f5d,9755
generator,generate-stage5-review-register.mjs,scripts/generate-stage5-review-register.mjs,ad66254b4961c5059f136376a08b1507f083afb225bea37b6acb34b91136c4c7,5052
generator,generate-stage6-page-review-register.mjs,scripts/generate-stage6-page-review-register.mjs,e17a80f6a932ac876ea8ccfefd80ccac92df3fc3b8a583535fae307f1d2573c0,692
generator,generate-stage7-accessibility-register.mjs,scripts/generate-stage7-accessibility-register.mjs,b8c25900e5640af84074597c8e3805b1219b8877545a805bee3bd60dc884367f,686
generator,generate-syllabus-audit.mjs,scripts/generate-syllabus-audit.mjs,cc963ce9df34b07bbb56f110fba3cfada2c3cff51e0a1643cf3d06dadd43141f,4017
generator,generate-syllabus-gate-remediation.mjs,scripts/generate-syllabus-gate-remediation.mjs,b6184c16937013e656f9003d6b91fc31861497597b04aa4ac6f3a8967f04741b,4761
generator,normalise-stage5-lesson-ms.mjs,scripts/normalise-stage5-lesson-ms.mjs,3eb3a7d78a2d266026e40d921832648f24e1f94132fc7dec8972469ae404f2ab,11119
generator,render-stage10-critical-repairs.py,scripts/render-stage10-critical-repairs.py,ae7ec2aff7242974e93c80a71f6c18136c31395a0ec8df7dba68228036686b80,78696
lesson,001,lessons/001-bits-bytes-nibbles-and-storage-units.md,4f0d5c8851e7fd5d96b833dd77ae1d9e5f10b874cace095416445cc9e6c75b29,6123
lesson,002,lessons/002-binary-place-value-and-denary-conversion.md,a4505e4535ef5140bf82488fc5eb56bc5036db3b25d00371f7c6a5b73d0d6385,6930
lesson,003,lessons/003-hexadecimal-notation-and-binary-grouping.md,dd1902dc1ea1a334bb41bf84edf98026df1d4d084f0efcbf6c895ac483919eee,6603
lesson,004,lessons/004-binary-addition-carries-and-overflow.md,84b750f8de05ec53a5a648fa4ea28050e75faee34cb5c38593b89274bca06173,7403
lesson,005,lessons/005-signed-binary-sign-and-magnitude-and-twos-complement.md,fca9243422e8ad42f18e77704facb39316c697f2306393f950cc400493c78af6,7458
lesson,006,lessons/006-binary-fractions-and-precision-limits.md,b2ef8568c32a47871d91b46a63c3c82133d4c304adbe5173d96c1096b52a0f57,7244
lesson,007,lessons/007-character-sets-ascii-unicode-and-why-emojis-are-not-magic.md,c412475ba00c3f244582fce07c86f97636abd9f97b17e7892f2fa5e3d0a053ce,8607
lesson,008,lessons/008-bitmap-images-pixels-resolution-and-colour-depth.md,6aa5ae7e1085a7abce8445ce69384bd4de543a58fc08e9270634635ba199c8bd,7806
lesson,009,lessons/009-image-file-size-calculations-and-metadata.md,35f52f30a2449df90c045e373264570fe55605d2901f2237026f8a06c0bb62d5,7310
lesson,010,lessons/010-digital-sound-sampling-rate-sample-resolution-and-duration.md,37018e34e39a10ad4d1132552937ec838ac56bf3a49cae4dd4c535c24a244f0d,8962
lesson,011,lessons/011-sound-file-size-calculations.md,c4c979d1645fe4b974efe4251f180219b89ec26620f0cc5d5cc5784ba71a5220,5708
lesson,012,lessons/012-compression-lossless-vs-lossy.md,7a97024636b0ede09942f1bad21ac90bc4bdf93690d25ad5855ae67de937b629,9347
lesson,013,lessons/013-run-length-encoding-and-dictionary-style-compression.md,8597e65f7be404c481bfdb3721dd05ad968bacc8c664e5a18f8abb8d89616a8e,5423
lesson,014,lessons/014-choosing-data-representation-for-a-real-system.md,0d583435842d5fa3a6abee002fb3645884f8ae265a56383abd7740de0d9f5ad7,5558
lesson,015,lessons/015-section-1-review-representation-calculations-under-exam-timing.md,3760bffe72fd4b1214006f700d072ce5a31490a7de51d7863b84bc8f195b9783,5984
lesson,016,lessons/016-network-purposes-lan-wan-and-network-topologies.md,4a1a63c60fd7872a23b63b7fba4beee31b6fc891384b07053bd33220353ed625,9587
lesson,017,lessons/017-client-server-and-peer-to-peer-models.md,30570bb88861ec39ae98d1d7720bd6cb90e786fdcb39cd4aeebbe1a8eba8d688,10378
lesson,018,lessons/018-packet-switching-routing-and-packet-structure.md,553eb0572a7e66077552413d02dd6411cc4cb2bd8787b5cd7d06b9def8c59a22,9178
lesson,019,lessons/019-protocols-and-layered-communication.md,55d468bdf15dc1a798cfba75afb1d5d3fc816c6149b7139dd4972bb8a7971535,7490
lesson,020,lessons/020-ip-addresses-mac-addresses-dns-and-urls.md,5a46ed67582a90b1c24a94cc32191a8dfb0ca5eecb830ba6bd2a7bbf771b2e82,10014
lesson,021,lessons/021-http-https-ftp-smtp-pop3-and-imap-in-context.md,0f6daca26abb7eadc3f489301e13c59fc37e1c59cefac4a17cf7d4b275307500,5681
lesson,022,lessons/022-wired-and-wireless-transmission-media.md,10c96c4f32ab1d691d8b37e003766437c103ba759f29151a0790f37c5807fb1b,10466
lesson,023,lessons/023-network-hardware-switches-routers-access-points-and-gateways.md,ec0ea4b50b011bda2b65875ec7b01421b0dd702a994f2340fd03e5b4220ad63e,10358
lesson,024,lessons/024-internet-intranet-extranet-and-cloud-services.md,18e5a45de835be7fdf4d43c5f47a7b9db5787a3c76e56703c441c03bbdc3d102,8691
lesson,025,lessons/025-network-performance-latency-bandwidth-and-congestion.md,eae16f1b69d0b75006c6c1a3dfcfaa298928e14839f7e2312e4019d9b49b4b48,7848
lesson,026,lessons/026-section-2-review-explaining-communication-with-precision.md,f67ccfe33e304565629d09a0b3c5be6e26e888566b213e8205747274faa1dd3d,5028
lesson,027,lessons/027-computer-system-overview-input-output-storage-processor-and-memory.md,c062e576769f3052c6b56cf114bb4303337c10c2faf7505a81b447849d463db4,8241
lesson,028,lessons/028-input-devices-and-data-capture.md,02f3e50024712e49b26533e99d2a01c0deac24ad2037a1ce553dc48ea3fccd27,7192
lesson,029,lessons/029-output-devices-and-user-feedback.md,33e1032d0449a9071ae57fbf3461dfa5eee6120f875bab2f96af14251dc39bd7,7255
lesson,030,lessons/030-primary-storage-ram-rom-cache-and-virtual-memory.md,979e60e0c3d2adbcbb0f7e5ae63901f8d8a5ec7aeb92dd9a03f5b4adc0422d55,8044
lesson,031,lessons/031-secondary-storage-magnetic-optical-and-solid-state-media.md,6f5af551f37482890b1acab1807762f74799d1599afb9f656c2ad307bad69555,7974
lesson,032,lessons/032-storage-characteristics-capacity-speed-durability-portability-and-cost.md,116aba88afc9a757c52a8f7e2fc93a609c8e48e56012e09a6bd2dc5a03c119e8,5902
lesson,033,lessons/033-embedded-systems-and-microcontrollers.md,466e2a602e1a29aab1770faa1cbc80c9cc6615a11a486e93631a88a008988bdc,7701
lesson,034,lessons/034-sensors-actuators-and-control-systems.md,47a6a852aa59cbadbeac70eaf898afce429ae877e67a794d82bf839c00ae320b,8717
lesson,035,lessons/035-logic-gates-not-and-or-nand-nor-xor.md,69bc4345a9c879e65bd312ae1a97039ac1ba2878cede6a90f0d05d0388cf555f,5981
lesson,036,lessons/036-truth-tables-and-boolean-expressions.md,43adab5582357bf6cb3f667adb0924161836302287e21b2a14bbe64b60da5219,5472
lesson,037,lessons/037-building-logic-circuits-from-requirements.md,88df69e8c49eb27e7a3469bbb6b675349c1eaeb97453ef7d7d39a67523ba90c5,7786
lesson,038,lessons/038-hardware-selection-for-different-users.md,36565d4676cd823c27bd246891a320e35dd946260f794668ce3f992ca53f59d4,5734
lesson,039,lessons/039-environmental-and-reliability-considerations-in-hardware.md,0a30e62d2fce4859127f625cc473167a5eee261db332a5b0b6c28e7b1b5fac03,5786
lesson,040,lessons/040-section-3-review-compare-justify-calculate.md,9133478b9d4672bf4160e96cc144d6b4de4f0cb7b8a7a82f52d36668dd3b4bec,5625
lesson,041,lessons/041-cpu-architecture-alu-cu-registers-buses-and-clock.md,3ffa826db5425bb536262ecccf2532c09e93747c92f87d814685bc7538c58707,9215
lesson,042,lessons/042-the-fetch-decode-execute-cycle.md,5e482e5d38f5533d27cdf413b0dbf74e849bf4bce80f5ada04bc589531c05da8,9581
lesson,043,lessons/043-registers-pc-cir-mar-mdr-acc-and-status-register.md,e567a0a65c28bc705362ccc5bde794a40823ed1fa90011889254e833d32d884b,9225
lesson,044,lessons/044-system-buses-address-data-and-control.md,5a1fb8d829b333a7d3cfcb318fea86f1677724c1a3d7af5a8a313f8e496c3dcc,8980
lesson,045,lessons/045-instruction-sets-and-machine-code.md,8e6e64b3be560a6ce4e4b11e4730d0d9a36e73ff9cae24f6f9e440daa9a0de47,9324
lesson,046,lessons/046-assembly-language-basics-and-mnemonics.md,d897821846d400eb6b8c94a68a839ba4816037f782ef656658bc1152fb7f4194,11209
lesson,047,lessons/047-addressing-modes-and-operand-interpretation.md,e684526967b282acd53965dcab0f2422d66b2bc87caf828795ff5785a7c073b0,9159
lesson,048,lessons/048-interrupts-and-interrupt-service-routines.md,d77db5b80847a1bd4a2852673947dfd9f5dd59eeec1ed87be0c55a93e38065ce,10637
lesson,049,lessons/049-performance-factors-cores-cache-clock-speed-and-word-length.md,24f806b2020026f490af041723886d0e3ba6104616129a79c59188ea25185c63,10602
lesson,050,lessons/050-bit-manipulation-masks-and-binary-shifts.md,2847239aa033eac5e44981c9712c2300b6cd74635c876ead25b9348229c8fb11,11018
lesson,051,lessons/051-section-4-review-tracing-processor-behaviour.md,0e3f6b66ce68db3fe49569233fea1862169d785ca7b221ade0a3c66ec0b62923,8707
lesson,052,lessons/052-system-software-overview-operating-systems-utility-software-and-transl.md,059954e38ce4f027caa51c90dacea04eecaa30b5131e73eb9cff4a0242c08c9c,8043
lesson,053,lessons/053-operating-system-roles-process-memory-file-and-device-management.md,18c964ca577a69a6ccfc03d499093c289fab0bdb52c82fb59702fa9864012201,10144
lesson,054,lessons/054-user-interfaces-command-line-graphical-menu-driven-and-natural-languag.md,5c79033b1f5411fa8e7bb8c711f910474dc0b55248efb231a863a25de33a4d14,7733
lesson,055,lessons/055-utility-software-backup-compression-encryption-defragmentation-and-ant.md,dff67739414c7cce111792ca60682ac032dc2dd9d68adfc838c975337ab79efa,10239
lesson,056,lessons/056-compilers-interpreters-and-assemblers.md,390c4d2050c1aa710935ab4ca1e34060be92195e385aeb44f23eaa76f5b8f636,10873
lesson,057,lessons/057-compilation-stages-lexical-analysis-to-object-code.md,20c37c861c8c6eb04dcd9ab03dfa912a1539e19cca55a460c63ff0b60fb24ed0,7234
lesson,058,lessons/058-linkers-loaders-and-libraries.md,c907e210d39c5bd56cc6b96ddd17dc02a7d2b3235737ee25c68a1acbe98fc131,9576
lesson,059,lessons/059-error-types-syntax-logic-runtime-and-translation-diagnostics.md,d5bed9d9f42b2c43752b20cf5dcb1614a1ab4008cf3e9588ee2c4cf4fc16d6aa,10600
lesson,060,lessons/060-choosing-translation-approaches-for-development-and-deployment.md,091501cebcfe86be22b8b22d9a3173f23f4e041ae3e908f2a81646e32fb6b369,10836
lesson,061,lessons/061-section-5-review-precise-software-comparisons.md,d17104ed649dd0469b62b7ad9efaec5a13d6fcaebde2a892304fa151f093c14f,5763
lesson,062,lessons/062-security-goals-confidentiality-integrity-availability-and-authenticity.md,62e24d6ca7404821723213e13f9d044f6c01a3944c5935fe2c2be14bc799cd96,10616
lesson,063,lessons/063-malware-types-and-social-engineering.md,776db17ad77521e1c65eefdeff4d9fac9b967408d3f17b9dd2f2489eae063e39,10893
lesson,064,lessons/064-hacking-phishing-pharming-and-denial-of-service-attacks.md,fc9ea0883acbcf73661957aea0b55d7bb4280eb8ddf6ed5798b77d78f793dee9,11657
lesson,065,lessons/065-authentication-passwords-biometrics-tokens-and-multi-factor-authentica.md,a7597ebad91754c67a907cc6f2959ea8f58b7d7bce930ac01ad77430cf043c89,11881
lesson,066,lessons/066-access-rights-permissions-and-least-privilege.md,e94918bb652287dc3fc2583e3f3be71dc5cc93f6d2eec48fdec6121577c78e0e,10052
lesson,067,lessons/067-encryption-hashing-and-digital-certificates.md,5245d501a0c87c79ecbdce9f2ad54d245fb9cffeeb751e3db3ae7bc092b1d9b8,10498
lesson,068,lessons/068-firewalls-proxies-and-network-monitoring.md,d45fbef040ec614937c06a2acb26c14e8718644bc2ce1dd44394547bbfb8f6de,10489
lesson,069,lessons/069-data-validation-and-verification.md,41924fa1072a5d34bc812959e39c20e8f449b9eda661644e3aa1f6960b40a9bf,11517
lesson,070,lessons/070-backup-strategies-disaster-recovery-and-audit-trails.md,a9bf87a5dedf60f85c018adde941a22e2811020b50fc3a03c11dc7de3c8432a6,7968
lesson,071,lessons/071-section-6-review-matching-risks-to-controls.md,96269ca2507b80c42ab906632d98f1c63b57ff4fe2cee9292633058c9deb0623,7117
lesson,072,lessons/072-ethical-issues-in-computer-science-decisions.md,f4548d8d203a9fde7800c319ffebaa4871208531538be4c0fad9b8f4e9c70e2b,10583
lesson,073,lessons/073-privacy-surveillance-and-data-protection.md,e37a281ba15bae17b655d7acff1a3ec9beed6f993b9121b1d1888ddd89792907,7786
lesson,074,lessons/074-intellectual-property-copyright-patents-and-licensing.md,f5dac1161e500cd3289f5daf820be1574df8a12be72c14455d8297293008bdb3,11643
lesson,075,lessons/075-open-source-proprietary-software-and-ownership-trade-offs.md,dfb4c3a04027905259aacfc2744c9613281cd4f24bfef21f2de073808edeb2ad,9456
lesson,076,lessons/076-environmental-and-social-impacts-of-computing.md,1d9b06b46b0f13f40481cb5b0bbb75a35aa144a30838e5faff59fd03a18dc293,9264
lesson,077,lessons/077-section-7-review-balanced-evaluation-answers.md,cdbe178d45f1844e8d3dd364e7eb6f5e2a902bc37a98b135fba798e7b79b7e3a,10343
lesson,078,lessons/078-data-information-databases-and-dbms-roles.md,6f746f6405a752cd0b1c0ccbf694c3c53b9d338ced5ad58498eedd61d3e16000,10630
lesson,079,lessons/079-flat-file-databases-vs-relational-databases.md,17b1dd83f0502a23efe45326293c36f98e8df4b0f655757745081bf432b309ea,9128
lesson,080,lessons/080-tables-records-fields-data-types-and-constraints.md,f4927bb39849de0a7f00252665414c6816d69ffe7e7d132c6657f008d56e67a0,10578
lesson,081,lessons/081-primary-keys-foreign-keys-and-relationships.md,7e60f801d5735def11dfe604ba982b14b12ad77e040fc377e9850567ef70ecd5,9120
lesson,082,lessons/082-entity-relationship-modelling.md,676fdd5f348014480085284911bd9a5225642d55f6b989d9435137d2158f114d,9265
lesson,083,lessons/083-normalisation-avoiding-duplication-and-update-problems.md,5a663c5cbded4378ad4bf32c03435e370b66baea5af1bc4573e8065bc918461f,8329
lesson,084,lessons/084-sql-select-from-where.md,57ed4006f18e77caaee43611ead889ec6a3f749549ac8607d44e5874b2a6fb8e,7247
lesson,085,lessons/085-sql-order-by-aggregate-functions-and-group-by.md,9209b04992f548c6926240ed6e51833c97e68a2641554129e9ad82f20f07f5b9,5123
lesson,086,lessons/086-sql-joins-using-related-tables.md,ad4903e53fa840d37eeab5cb04b5562d4ce7edd54370977501ff92b4748b0fc8,7014
lesson,087,lessons/087-sql-insert-update-and-delete.md,f95ae192ef79e62feee0101dcf531423ca8ae5cc524e3278dbedb7cb57ee3218,8199
lesson,088,lessons/088-validation-verification-security-and-backup-in-databases.md,882c680c500aebda09fa3801b27c9aafad6ce1910eeab71934cf1d1681c2e7cb,6320
lesson,089,lessons/089-section-8-review-designing-and-querying-relational-data.md,d1d3502c746c58e7770fdbf8ab6b14017d50f30c7191d5c6e2c8f2050b11ddb5,9429
lesson,090,lessons/090-paper-1-review-representation-and-communication.md,7aa1a431bd35ef0c05e14893ddd4c6be94c503620fc88bc9595f34f3abb32c9d,6079
lesson,091,lessons/091-paper-1-review-hardware-and-processor-fundamentals.md,d5d295294c72d9dd3961904d2d2a824193c6860b51e898f826fa270ece29be43,6149
lesson,092,lessons/092-paper-1-review-system-software-and-security.md,86bdf9d069adf991187cbe2b19f652204a7101d9a0e9ae85be128c9767f1b981,6262
lesson,093,lessons/093-paper-1-review-ethics-and-databases.md,b47abff0edb815ac5a713a77c8e8160eb37bcfe298ec59ef310d18a500caaa46,6536
lesson,094,lessons/094-paper-1-mixed-question-strategy.md,b77371fa5d607ec8e22896e707d8e526508675204691f0bb882ccf3f94a19692,6743
lesson,095,lessons/095-paper-1-timed-short-answer-practice.md,fcf84e955bcc1bf4d83e6ba5082cb31baf43b60f52f0aac3dcc3f2d1a44bbc5e,6987
lesson,096,lessons/096-paper-1-extended-response-practice.md,f6ba738e09660d71b6ad3c831f81ba98958f57854e07ca1508ab3d98eeaee53f,6631
lesson,097,lessons/097-paper-1-mock-review-and-correction-clinic.md,86342959b2f4af5d816eaa90ed4adf17df5aaf831cf5b5d55d5f554b528f2e48,7317
lesson,098,lessons/098-algorithmic-thinking-inputs-outputs-and-constraints.md,3def22870214235caea425384beab0b3b491c4f4f196bea6a11ee1716bcebdd0,7920
lesson,099,lessons/099-decomposition-and-abstraction.md,a0398f7f4951ebac09612b5a391fae40c3b914bca8571e5f74e191073515186e,8573
lesson,100,lessons/100-sequence-selection-and-iteration.md,f259f07fa5e7af75fed9a24787eea819a909ddc0de048b5d8f09b0ce2d67b409,8286
lesson,101,lessons/101-flowcharts-and-pseudocode-notation.md,a88b6624240a3399669de36536bdeabfb31471bb57a2030d5209be09ca6c96d5,8701
lesson,102,lessons/102-trace-tables-and-dry-runs.md,f52c35edfe8ea82fb786b85fb6d7ac7bcd519beb8872e771352f5a252dbaed0e,8577
lesson,103,lessons/103-validation-algorithms-and-defensive-input-handling.md,83e08fe82e8a6bfb4c388fabee61c3df097ff64846dda6914de0521002465109,6401
lesson,104,lessons/104-linear-search-and-binary-search.md,23e1d4cfd8644eca633762fc7617013ea359dfb21608a3f00f68a5f0cdb1ae8d,9160
lesson,105,lessons/105-bubble-sort-and-insertion-sort.md,9f7c54a55f2cc2458c47a09bcd300dd64fdaf8e4337f16f6ffd45d1eb913252c,9558
lesson,106,lessons/106-finding-maximum-minimum-count-and-total.md,c5480d6b01e0951f2505d1f0d7d7f004a20813ddc1de43ccfb11c60b85bfb7eb,7490
lesson,107,lessons/107-string-processing-algorithms.md,e102e72ecd72adaf26ee1fdcec421c8226233023b807299670400b715aba832b,6958
lesson,108,lessons/108-nested-loops-and-table-style-problems.md,cd423f7ed954d5c1161d2f9065ddcf317f7c1638785223a57408a436e02a0857,6922
lesson,109,lessons/109-algorithm-efficiency-at-as-level.md,3b6168271e425ed3911ca7e5d828ea911b2ac2b43b5e8ddb4c3670374ae6b705,7198
lesson,110,lessons/110-cambridge-pseudocode-conventions-and-exam-readability.md,5b4ec01a01d09cd892a83f926354046e0fa70df89adef4b232c5385bc8f35c63,6965
lesson,111,lessons/111-designing-algorithms-from-word-problems.md,9b4d0feec4e01e598ac794a1d508e32afbb23949e018726c892bab4df3d791d4,9286
lesson,112,lessons/112-section-9-review-from-scenario-to-pseudocode.md,21c54ae259d638a76020caac0c505651b875505a00eaf4d9761afa7a5f92554f,9466
lesson,113,lessons/113-data-types-integer-real-boolean-char-string-date-and-user-defined-type.md,e4b2306d8f61414a6050e02793b2d2ca2a791eebbdb81b686650f639dc75935c,9168
lesson,114,lessons/114-constants-variables-and-assignment.md,f6b6e7c7f277ffa34424701c55dd9c6e32956f1898bc2d724084764602ddb190,8993
lesson,115,lessons/115-one-dimensional-arrays.md,7f7ccc45477c91451cf1ed20c6f632cf0e71351898f34f80abf1e4c6dab054e8,9354
lesson,116,lessons/116-two-dimensional-arrays.md,ff9f1b53c9fae6a9d43969719d9fc79a027286444253d47c425b96ff81f63dc0,9026
lesson,117,lessons/117-array-algorithms-traversal-update-search-and-count.md,9a5b459ab1ae22fb16a3ba2bd4f98918f3b2b6b8db86341aa1a2b8d7a4b6d649,7411
lesson,118,lessons/118-records-and-composite-data.md,4cd5d9296d67ad6b6bbc88d6014e87668e110905a577af008c52e2b308cc5e2f,8684
lesson,119,lessons/119-arrays-of-records.md,0f56ec12429f7ed73c09d7b3c9f02037f240ac756b4a0722e7a5eb97dfaec476,7074
lesson,120,lessons/120-text-files-reading-writing-and-appending.md,4297f540fbd3115e6fab2bf0d777e8ff9d08609ad928267d8ecc8fb46093e8c2,10692
lesson,121,lessons/121-csv-style-structured-text-files.md,1abaff84a28146a1390dc38b5b75c358a24f511a4d989d12c24042029998fea4,7598
lesson,122,lessons/122-stacks-and-queues-as-abstract-data-types.md,550daadf657198893132d7ce8f0caad84ebb4f86678fecbefb0aa70f39d9ad6f,11299
lesson,123,lessons/123-choosing-appropriate-data-structures.md,ec428dd3b4eeaa47a152a0e3dc3fddbbeeaeac92c6145e2a3ab979b341ace507,9200
lesson,124,lessons/124-pseudocode-data-declarations-vs-java-declarations.md,93dcb012a659908e9b9747e0a0249ae5e62d6fc2ec4c6a611118343db1a85879,7460
lesson,125,lessons/125-section-10-review-data-modelling-in-algorithms.md,99056fe089c2ea99b8ef4cd69ea0ad5eb04c2acf42ac75d9210099c5810cc400,7593
lesson,126,lessons/126-programming-constructs-sequence-selection-and-iteration.md,bf8de96ce15f874e9149997af468785d0824ec99fde47a2213837c03473352c3,6657
lesson,127,lessons/127-if-case-and-nested-selection.md,98378be35fbcf119ca875d0a99c8edfd8c7049e1ccf34389b47d615ced1e06cb,8538
lesson,128,lessons/128-count-controlled-loops.md,83af8f963ee2495f873ffe6bb584627a3baf9e0ddd5b4bddd00200acda17025b,8406
lesson,129,lessons/129-condition-controlled-loops.md,2e10bda70647081a31c101032cd64eedd13ac5fc7b4c2dd90b4419341cf7c55a,9193
lesson,130,lessons/130-procedures-and-functions.md,12b54054620a0d0104e05ae5311f3314136424fdd6ee20cd2250e0bd4913a50d,11105
lesson,131,lessons/131-parameters-by-value-and-by-reference-in-pseudocode.md,390b929c27087ff42e3e81d31d52a442ac5b643f7203ba62fff3a24925d73f05,7688
lesson,132,lessons/132-scope-lifetime-and-local-global-variables.md,0f82adacc0eb6cd88a7f52611817271f725a43542060376e6517e703a9e96870,8007
lesson,133,lessons/133-string-handling-and-built-in-functions.md,969834e02f265b574bacc9e227b14923433cd47cd5966145e8983c587414fba6,10568
lesson,134,lessons/134-arithmetic-operators-integer-division-and-mod.md,1095d8732e27b7767ed3a0a946728f7a8e548d17006af88521ec68fe3c59497d,7877
lesson,135,lessons/135-input-and-output-formatting.md,e6a9c71e43dad86cfe60229ae2dcfff650497dfeb8844dc2a1b683e8dda4d0b9,7952
lesson,136,lessons/136-file-handling-patterns-in-pseudocode-and-java.md,579cb8b630fdae230c0feabaebb4979f4331f529ee179bd33e5513c2151bdadc,8437
lesson,137,lessons/137-testing-with-normal-boundary-and-erroneous-data.md,94b8cbf930573fb403be7d987b3106d59a3ca8b9c9cb09e5359accd4bcd6ea1e,8002
lesson,138,lessons/138-debugging-using-traces-and-breakpoints.md,2c82023a4f09a7ff77f020006ff251d2ac5cba8686f1cda6a1ae02990dd01856,9999
lesson,139,lessons/139-robust-program-design-validation-and-modularity.md,fb5ae9cdda20a80d8ef601c09a11a76d148f8aa794d2fc9ce87a256ad98569cc,8124
lesson,140,lessons/140-converting-java-habits-into-cambridge-pseudocode.md,de96fa3d92fd7ceefbe85d1c85295fd27d5ddc42cf664bb30141b2a90ece6dcd,10121
lesson,141,lessons/141-section-11-review-writing-complete-program-fragments.md,b07ee937c4652c5449552d13d9dc54c362d47a3d21f66a3a8e7b350791cf4b3a,10626
lesson,142,lessons/142-software-development-lifecycle-models.md,15f64c81f9d1115529a7b23bab456d47ea52ebc598ce57c563740fd3a2e539b0,10868
lesson,143,lessons/143-requirements-analysis-and-success-criteria.md,398a36be8e93857098c2add08bd1b225cee38fba23ab5abc8ca8ed8dee3d0cb2,7696
lesson,144,lessons/144-design-documentation-algorithms-data-dictionaries-and-interfaces.md,d7832141a4770bc025310c44b02d4dccae6d2646f638ab4a02ec01ee9f42391e,11293
lesson,145,lessons/145-testing-implementation-maintenance-and-evaluation.md,fe6e6f8d5a5de46ffd740cbd1c150c33d6f991546be7c96d3dbe8021138b72e8,10584
lesson,146,lessons/146-section-12-review-software-development-case-study.md,837fde4c38365aed107633e900830f885b4d804a338df9fbcee85ca41c1aa7fd,11199
lesson,147,lessons/147-paper-2-review-algorithm-design-and-data-structures.md,aa9bb32ff3dc90a4069975329a8713dda948f9da63a50b1ffde08712f3bddd21,6962
lesson,148,lessons/148-paper-2-review-programming-constructs-and-file-handling.md,09b7f9dd4a978ca844c203a7a3a097b58c767a4cf27381979f848c1ed74aa9ed,8058
lesson,149,lessons/149-paper-2-timed-pseudocode-practice.md,942dcda8ae179efc0e5b8868c0e38d706d3bdd288b971a175bb425abe4c36354,6692
lesson,150,lessons/150-paper-2-mock-review-and-correction-clinic.md,8fab7fbfc88afb8f273f5b8dbc8314d3cc6b703fe73901c691a80d0f54b3902b,6229
page,assessments/index.html,web/assessments/index.html,aab66c057279c5f1dfdc951cc76784fc85ce7d16a70908c7993f216fcacb3004,146144
page,index.html,web/index.html,53565d57fd5ae8e9f53b14dd2fd8a52d8ae93bce0a52defdf95726e2111b5cb6,4417
page,lesson-001/index.html,web/lesson-001/index.html,dd4ea30292ad4a818f57e67b783f7abcefa4bbce4a3e733ce19d2d9c4ab1151f,22174
page,lesson-002/index.html,web/lesson-002/index.html,89768458de269843da207ab4584b84540b67912fe034a21a704c4789a88b8049,24421
page,lesson-003/index.html,web/lesson-003/index.html,689e0346c00ff948aef46cdec546d2c0eead47b9e01d6184d053570732687e3c,24025
page,lesson-004/index.html,web/lesson-004/index.html,e50fcc96e1245bfdb586febc58d1428bfb2c8a00d469f2a84e73825d3de1eed3,23807
page,lesson-005/index.html,web/lesson-005/index.html,a6a6b242f72d0b6bc78f4834574863aff1adfd22b509701efcedfcc22072306a,24391
page,lesson-006/index.html,web/lesson-006/index.html,ec9c6c8792610b15efa76dbbd5e35289e62b068dc899bb5eb49116848f359ac0,24581
page,lesson-007/index.html,web/lesson-007/index.html,c8aae8f0a7c5d3dc2ff2842de4f0bf6f9cbe7a2516acb82566d0bba31796d00b,28214
page,lesson-008/index.html,web/lesson-008/index.html,d8eb818f0232a493a932608e8f67be2083cf156933f5b60ea02853dc0622619d,25761
page,lesson-009/index.html,web/lesson-009/index.html,8677329877422203f65e3fb4a7370a7830639d0b28252681cef3d830db5f2b6a,23312
page,lesson-010/index.html,web/lesson-010/index.html,ad053b5940f489bed7a93a0cbbd85686add0e466523f4b9271afa75847eef6e5,28390
page,lesson-011/index.html,web/lesson-011/index.html,e46b3172e461006354ff406bd996c9962a775a1f13b5d8c9e330a749b5c48962,21795
page,lesson-012/index.html,web/lesson-012/index.html,ca223f1fcc05eb180b56c573baee311b49d3424e76b4498444e9e15086d83d01,26817
page,lesson-013/index.html,web/lesson-013/index.html,1e3f64c84d3fee88b7ed2c7d99f28b4bf8381abdcbe17033f599bb91beda526b,18990
page,lesson-014/index.html,web/lesson-014/index.html,46ea78f6e0b8525d8126ca1f8ef514a3ebb5d1eff4a62b122f23b9a531a27635,19327
page,lesson-015/index.html,web/lesson-015/index.html,fe47a5610779462f8ae8ddf569eba0ab2da048b146b13efc6fc248c9fe0e8cf5,21165
page,lesson-016/index.html,web/lesson-016/index.html,6ff5ae6c15d3e615cb3ccf90f5be6418c8e3c8602f93bceb32137d13d731ec4f,31284
page,lesson-017/index.html,web/lesson-017/index.html,9a95e0bc41cef7b00bfac8b856178fc8223918925da9d4429e9b83fa1fb06863,34451
page,lesson-018/index.html,web/lesson-018/index.html,a576c93c6761cccf4fcb06a147666255b411098811b2a48a1754f939f3fec2f5,31505
page,lesson-019/index.html,web/lesson-019/index.html,00489f62d184fd8a9ab3e7afe4df69994a794b4f4471d975fd6fc362a70b02c8,23405
page,lesson-020/index.html,web/lesson-020/index.html,fcca5308efa3af3430c4b787bcaaf895bd7903a5abb244de1340898c221b9ad2,33871
page,lesson-021/index.html,web/lesson-021/index.html,d1cb090728afacf949370f41c2805a6f2ce4c9907cb9f55385716ec30d5c3c81,19389
page,lesson-022/index.html,web/lesson-022/index.html,d0dfe03de13596da63698b5f0499d477d4b81e3a1ce8c5a1e290f4519c4503d2,30800
page,lesson-023/index.html,web/lesson-023/index.html,9829e53deb6e9dab55bca8cccc6e5d26228b5d493d35740db8f7331648fc7e26,32895
page,lesson-024/index.html,web/lesson-024/index.html,6f74fca962d843899464d9858923a46833d23970c620d3d23aab75c794e9c3f5,28390
page,lesson-025/index.html,web/lesson-025/index.html,a238ccfddece45bd590238eb816f83907341178dbb88ab68a5718d514072c87f,25483
page,lesson-026/index.html,web/lesson-026/index.html,2f2037dbb4cd01acd880786d96095b3976a6574c8eb7e21a5d708697e7a27396,19323
page,lesson-027/index.html,web/lesson-027/index.html,c52ba0dbbdb48dd7396db1e7100849254a2cb5df9ffa1373e2adeb93c7a01102,26705
page,lesson-028/index.html,web/lesson-028/index.html,3b343b724c6e90c7171487ba568ed38e0d76f0e23dcca886582ffdbdfcc92af6,26069
page,lesson-029/index.html,web/lesson-029/index.html,bc080800bced50f325eef1716ceab0ba7a98ed081405a47408df539c1ef2be61,26133
page,lesson-030/index.html,web/lesson-030/index.html,97a5d77c39ed9d5a5f4dbe0059799af2b9bae1b36bed4c2ba22fe5aea7f726be,26384
page,lesson-031/index.html,web/lesson-031/index.html,2622af3c0d130b4af4995a3ac1b31060777a4cda2a58ec80b02b3e689e8bf6fd,30745
page,lesson-032/index.html,web/lesson-032/index.html,dc461aa3261aec1170babbe6af464a272185edb369cf94c32758fa3a8fbf5642,22569
page,lesson-033/index.html,web/lesson-033/index.html,62ae150adc689b1d1b0b9b500f80884d10e32a47030db510ab3d5404719de3a0,23585
page,lesson-034/index.html,web/lesson-034/index.html,4e0988748bc1f4e627d9cda97f231ab1538db4d8b3d0fdddc9d5431ac8b47784,30668
page,lesson-035/index.html,web/lesson-035/index.html,e6012cda18828711114b057238414fee3665e86bb3df19ed68008c4e833f81f6,26921
page,lesson-036/index.html,web/lesson-036/index.html,169f3eb9fb2014c5647a0d9b3be376cce62665e1c58f680d6bab2bd86c37b4d5,21337
page,lesson-037/index.html,web/lesson-037/index.html,aa8074fb7ec8fe15e089ab2ba2146f8199f1112042b05b8e7f6649e78dcc76e3,25709
page,lesson-038/index.html,web/lesson-038/index.html,7bb119462b72feebb30817e2fa5bcc9bd4dfa14bd4ef047885c8040138cea828,22510
page,lesson-039/index.html,web/lesson-039/index.html,a26fe23836262737964b52f59fa636e1f509379699fb4012ecb8ae93b75f96ef,23187
page,lesson-040/index.html,web/lesson-040/index.html,bec53999bd4110e87c2d48e47d8bf8052fea2cf278ad2900f486c5a9420ca82f,22357
page,lesson-041/index.html,web/lesson-041/index.html,17589534070599a23ce4bf7d885157388415aebfb22cb1d1656a699b053d8ec4,32602
page,lesson-042/index.html,web/lesson-042/index.html,f8611b435431c1543392ecd01856fd6fbac2270751d02fc0650c67301adc3799,36587
page,lesson-043/index.html,web/lesson-043/index.html,34b66831ba50dae2ed14948cd9bebd4c3f556883bb20b74fc9f1ac601aeb72ea,27761
page,lesson-044/index.html,web/lesson-044/index.html,67ea166da11c7854e8fcc0f761ece43495a91af20539b94c25b1815ea281d7e1,28539
page,lesson-045/index.html,web/lesson-045/index.html,86f10402acdd5fd1310311a1319de434d795608c13569aec69d3f64e1c1b9644,29914
page,lesson-046/index.html,web/lesson-046/index.html,e939cb93d94466d26be979201f21be2efad2aabd8be9d86d7ca27d1947c0f184,31517
page,lesson-047/index.html,web/lesson-047/index.html,4485167bf5db3927711ffb11cada33345699dfbe5bfaa909d626ba8d9a6bf714,29510
page,lesson-048/index.html,web/lesson-048/index.html,ab70629c439e0c859568373db624fb64d233a4d314c8b7c9d318d69ceb6be4b4,33503
page,lesson-049/index.html,web/lesson-049/index.html,17afc3d75af2009c3504f652eafcdff973667f83ee2617d77ba2bfdb008fdded,34068
page,lesson-050/index.html,web/lesson-050/index.html,c83f1cbc8b47b08086a40d8688cee1996106e00c534d17d20c6cea9b260094e7,36993
page,lesson-051/index.html,web/lesson-051/index.html,197358dd4c4907c50a008ef6a48214eb4bdc89e9aed13e74e24b2c86c59611d8,31208
page,lesson-052/index.html,web/lesson-052/index.html,0cef170ddb90628f229a30da1f2ab820d0d385bfb2038c7aba301bc80a8bf9db,30439
page,lesson-053/index.html,web/lesson-053/index.html,cd67973277972e9396741a01f6881722eb16e00d62aace180dbe0e552cb06b3a,33346
page,lesson-054/index.html,web/lesson-054/index.html,a439c9c5f6d489354173fad0026b562b652bd1b802b92eeb6b0819b78e4ffbf5,28034
page,lesson-055/index.html,web/lesson-055/index.html,a4ef1c7292ad9300e2b8f8dd200c468f1757706c0ea9f49eac8c18cf496f9780,35271
page,lesson-056/index.html,web/lesson-056/index.html,405f0e8437c41bdb49a09bba529901fcbb16530cfb3369e215c27da44621b685,32093
page,lesson-057/index.html,web/lesson-057/index.html,f1b7184a141a67c185dcd03e178125d2f7db6bdb6d26f1dfb26cd99e457949ec,26751
page,lesson-058/index.html,web/lesson-058/index.html,0560c76dedf5ce3a942e0e98de18b300fd7c39d90fe9afcb1e5456c8056c852e,32700
page,lesson-059/index.html,web/lesson-059/index.html,1a00b432eb0eda312620c5d1c4dd299230a7a03f3fb6e92743fe091a9fd30854,33151
page,lesson-060/index.html,web/lesson-060/index.html,3bb1cd71276d882f575e3efc31138536fba99b142853904b23ff83530fc9c852,33662
page,lesson-061/index.html,web/lesson-061/index.html,8fd6ccd2613fafa0755352771ed2d15b02c546ee0c0edeff61b255e3fc047e88,21997
page,lesson-062/index.html,web/lesson-062/index.html,e2054c188c3ab4abdcd840aa9f94c2162a593f0ec4fbb0a851c7103489d43329,34218
page,lesson-063/index.html,web/lesson-063/index.html,ec0cef1600fe6b0610d09712e6ed60752018e6e6298df4951821a7e05ff5dd48,36893
page,lesson-064/index.html,web/lesson-064/index.html,e047cc348b35242edfdb7224969bf10227f6bd3872ee116f25aad755cf494cf8,36839
page,lesson-065/index.html,web/lesson-065/index.html,13282ac606d2c22d074d3234c1dc59bd1cad912c1610bb264044d554a0572ce9,38665
page,lesson-066/index.html,web/lesson-066/index.html,a0ada44fc00cfb77abdfee2137221179a7fbb065849edcf19a800fa8a717f7d5,32698
page,lesson-067/index.html,web/lesson-067/index.html,15fed35e9179290d86ce882bc9234c8f4650ac1eaeceeca55638ea3b29477ad2,36323
page,lesson-068/index.html,web/lesson-068/index.html,cc93f971656b2d4a51f115d89aa0465307a9447fb347982cb5d43f8cbe924971,35056
page,lesson-069/index.html,web/lesson-069/index.html,319c70bafe80ce2fbc18f02b97af4b40f00711c7f53774c6e682c84a7bc15b2c,38271
page,lesson-070/index.html,web/lesson-070/index.html,e7af9edc301b491b2d3bad9c4009393871b9e2404cbca4b7fb75e857c58a92c9,30919
page,lesson-071/index.html,web/lesson-071/index.html,8d0ab7cdcddf8c8bd3586a7ccee0f282284b1cbdd1957730789edb3e57a919cf,30768
page,lesson-072/index.html,web/lesson-072/index.html,749d76f314dc6293546f8c25db31f4630efffc746c0a66a8ca21eca6ef4bbd0c,32869
page,lesson-073/index.html,web/lesson-073/index.html,b1f7a75101582eda4b03136b02058ea5278f94da8b25eefba34265282af9051b,32493
page,lesson-074/index.html,web/lesson-074/index.html,f39f8a36074c965e38ef75b635d741addb8195e292c28e97b1cfb3808d03dd6b,36323
page,lesson-075/index.html,web/lesson-075/index.html,961b00c8da13fa8c6e6d99b48540ae85b9b3eb0e572ab4035dd8649e9236ea61,32977
page,lesson-076/index.html,web/lesson-076/index.html,fd43c50f2cf77b1df020a3557d4c8d50217411fe45d4f7946db4c95a4dbf01fd,33054
page,lesson-077/index.html,web/lesson-077/index.html,6f00735aed79630b3c2f3ca6d918b07d2444e125a8fa872ae39a8af789f28ff8,33467
page,lesson-078/index.html,web/lesson-078/index.html,e0f895222aba21e12712dfe5e47cd0a494adafdb8a6204ff6263768fe003bbb9,36167
page,lesson-079/index.html,web/lesson-079/index.html,ac804706298b47917488fcea3320ce1a4b541bd92211165745636c077e3f8084,31265
page,lesson-080/index.html,web/lesson-080/index.html,f6e8058e3e5983e36b80409455171042c86988dfd34162e8f4d8298f27a6e28f,36414
page,lesson-081/index.html,web/lesson-081/index.html,cbd208e6ee49f5b4a216b7e463a1503d8fa62a4d9b098f33defcf083977fa61c,31547
page,lesson-082/index.html,web/lesson-082/index.html,d2591a2ab2a517b406375232e166b5d3ac4560a03b8fe8fa002128895132ae6b,30794
page,lesson-083/index.html,web/lesson-083/index.html,3b2807645ff2a687fa7b083282eadd52cbe6a90719684eca84c97935159c2554,28444
page,lesson-084/index.html,web/lesson-084/index.html,4f2d1c4d76d5c5d3bcf98e22ddf60a8ae33aebdd3265a99f0ddd3a21a69cdbf7,26737
page,lesson-085/index.html,web/lesson-085/index.html,39b31a8a1233b7a9104e30572cd95e6222d48e83e5a8845eb2e67fbd869b9a49,21657
page,lesson-086/index.html,web/lesson-086/index.html,d78259b5f3589626cb143f705d87ba769e61c641a8da7b3b81a71686f7cdfa36,25596
page,lesson-087/index.html,web/lesson-087/index.html,65b7fec87dd516b05c13d702149f2f70ac940eba4bc3a9b064e91e7cb1dc6daf,27711
page,lesson-088/index.html,web/lesson-088/index.html,1ea548e0362b5e66273c64e019159063f6e2a97c5d9e651fa047011dfe59e665,24505
page,lesson-089/index.html,web/lesson-089/index.html,c27fd4efdeb1b2ca08367b57844551d8003abb5baf1a2949bf6d931a8eed01ea,30366
page,lesson-090/index.html,web/lesson-090/index.html,88b202c72f28b1c86c694f2536c35871783996d96e7aa031760b27560a79d57f,22592
page,lesson-091/index.html,web/lesson-091/index.html,b1bdca5c46b6b2690a7f41c4f1c32fbea9373b8d6076d914ab29ca51d4aabf72,23504
page,lesson-092/index.html,web/lesson-092/index.html,55052aaff7d26fe16bc61e082c15bb68d3164f0f5e8614e1ed3ad3e880504123,25034
page,lesson-093/index.html,web/lesson-093/index.html,f58324d8ad84ae81025f83a7018c524cca916c68f1859afc5dec4cdcc90cad58,28174
page,lesson-094/index.html,web/lesson-094/index.html,ff0a8470df8753cfe5e0b6188ab06d8cc4594b1695fb54dc4e8b41a46db60a33,28280
page,lesson-095/index.html,web/lesson-095/index.html,acbb3c95796145516d2fea726a3ef8b5effbfef1af64bd0681646bed2b7453e7,28302
page,lesson-096/index.html,web/lesson-096/index.html,7853ec2a3ff067ec83e44f9f7b1717e4f2bafb624b8b9502d9348ae771e7e0a2,27190
page,lesson-097/index.html,web/lesson-097/index.html,809088f091d6b864e975cef499ea98812f96761bf068810d808ec8218f7528fb,29948
page,lesson-098/index.html,web/lesson-098/index.html,ac64304d3cd8f3377b79330628e23f4e82031456691989ceeb4018e1609839ad,25031
page,lesson-099/index.html,web/lesson-099/index.html,06712cf8651b4b15862f3d2b5c6659ce25b7f36fe867004233a122c4ccd6c05e,28109
page,lesson-100/index.html,web/lesson-100/index.html,7acc7265544ffb03732172ef8446a0e418df6ec85267b13637bdfb46a8c8a586,28754
page,lesson-101/index.html,web/lesson-101/index.html,05f0f037422be5dc48688c44ae8485584b713097818e06438c4838038100df13,30980
page,lesson-102/index.html,web/lesson-102/index.html,c74fd1429a350134199ffc15feb5c2aeb82009ce33c7dcff44737fc46e80abe6,29513
page,lesson-103/index.html,web/lesson-103/index.html,b578cb0e857a318d718b110f0411997cda0813e34be3dd9f3df1961ffb96a659,24225
page,lesson-104/index.html,web/lesson-104/index.html,ebac46e8c85e6b81f77c83e1f19792f2842ef9ba99321d48217cfd4ffce61d3e,30054
page,lesson-105/index.html,web/lesson-105/index.html,8597e967901ef7ee454c1fb98e0419193a93dcc8b8da9c09834cdbc83c118f95,28800
page,lesson-106/index.html,web/lesson-106/index.html,b16ebf85655bb8dca921db97fc2558cb2e6000b1d78cc6fdf9b1193734142044,28359
page,lesson-107/index.html,web/lesson-107/index.html,55b78b01804e9e0b40e227c60b488258afdf9b599d5ef4123facf138fb9d6cdc,27155
page,lesson-108/index.html,web/lesson-108/index.html,018171766c21abdf21fce900ca380b5f8b790cacc88f09e147897393d7a15628,26339
page,lesson-109/index.html,web/lesson-109/index.html,bf10e7efbb3139e66f113ebacbca4e21d7d64253bc308c66ae882376c6e8f4f4,29108
page,lesson-110/index.html,web/lesson-110/index.html,21cb3eb428935786149f0a59268af52863ddc2f75c4890bf7336226299188060,27867
page,lesson-111/index.html,web/lesson-111/index.html,5420253f9b3c18eaa476d69a33e51d5646762757050ae944ed912ba0641ba04a,31847
page,lesson-112/index.html,web/lesson-112/index.html,ce2f32f27660c8b533323c764ac5dc414b96470ad93e91a2ced20b0e037fc597,34443
page,lesson-113/index.html,web/lesson-113/index.html,498a732fcdd073c0ed48245519108a12fcb9d37c684c801aa42d66624857ae70,31234
page,lesson-114/index.html,web/lesson-114/index.html,842f56f727b69c00f475722d24d1b6abaa4a7984dea8a7ea7c5a9026c96ba1b6,32412
page,lesson-115/index.html,web/lesson-115/index.html,cadf91af71480bee76836e9ef6e8f3010436adfa420cfce9adf5bffcf8488307,32812
page,lesson-116/index.html,web/lesson-116/index.html,f1c4f46114c7215caed9d5ef6c2fc3cd5d97337254241add3d08bcf5028dfea8,32459
page,lesson-117/index.html,web/lesson-117/index.html,ed5724a581617e78cb9770842a1f696384ff3efbb8e0443ef46bd17f5518deb4,28202
page,lesson-118/index.html,web/lesson-118/index.html,b8ec97d1d21f8f1b76958356be1dc71aec40e5b96337aaf3e3abeb9c3e2454ba,31295
page,lesson-119/index.html,web/lesson-119/index.html,e87c683b96e12ff745936071b2fb4b1deee23bec3f6217d9cb7b063ee080b276,28346
page,lesson-120/index.html,web/lesson-120/index.html,268ec77e4cc3c2bc6b1d38e3d12fb83236c8648cecd939ef5c4819d2f2f2e444,36883
page,lesson-121/index.html,web/lesson-121/index.html,05271eb5458ffeeb6c78662c9090de60e374d86cc1b76b4e8b4bb8f11382ca01,29686
page,lesson-122/index.html,web/lesson-122/index.html,e565f43fe33d3bbf35aeed3c965b14eb4ce61f8d935ab52e0ee4ad39b142d082,34565
page,lesson-123/index.html,web/lesson-123/index.html,b151be9458fe15af8e643afc1549e264d81f310852d18d3072c0fc2abd1c7193,35189
page,lesson-124/index.html,web/lesson-124/index.html,364190bb9f1af2b79b4b69f81a055f09c550c1393f9f7684c2194cf50834de3f,32008
page,lesson-125/index.html,web/lesson-125/index.html,50ae0c8c15c9bee5d26cdc6d73f7d2e5060969fbb3628e682f6d4233876cb9de,29772
page,lesson-126/index.html,web/lesson-126/index.html,1e1f3142fe228669a1f07808c6c4bda8c144fb5cfa7446e31f94a0aab2c5292e,25773
page,lesson-127/index.html,web/lesson-127/index.html,149fee185d3d8ad56008b628b4ccd46bdc12fbd42acd7e4053e5707c59f23918,30390
page,lesson-128/index.html,web/lesson-128/index.html,5f79915999922eb76cdfe0dab6237fcb020fcb035ad93289d89bacb3f0fa1567,29310
page,lesson-129/index.html,web/lesson-129/index.html,eeaaa485cb531ce99377e255cd801150a4a9540bbf6435542493632fe10aca17,30740
page,lesson-130/index.html,web/lesson-130/index.html,9c7eccdfb0b19daa59eacdf777dc370448430babe0423488e8079b4609f5d28c,34004
page,lesson-131/index.html,web/lesson-131/index.html,8cbf056b6559e741da611183d2044682f53eb985a56a0a064f1c0ebd64339da3,31018
page,lesson-132/index.html,web/lesson-132/index.html,04ee7f337c50485ad81d5eb9e03bf42f04c227fee3917195d7b53754a312130c,31903
page,lesson-133/index.html,web/lesson-133/index.html,816fb359dbd431e2a14636dd48a50cf80de0e6433123251e6d2faca1ad7b960d,36274
page,lesson-134/index.html,web/lesson-134/index.html,1389f9a634192a332d7a4657166911a2bfd05ca429d8d3a52fc0d71e93c809a6,31130
page,lesson-135/index.html,web/lesson-135/index.html,4e901b9c0c1b038a14fe0de79c4935beedcbb0f473c82c93c027bb86f8090586,31638
page,lesson-136/index.html,web/lesson-136/index.html,9ba1a240e17d8808bc9cf45631476ac87c48840dc4cc565b9d625007aeab0e45,32933
page,lesson-137/index.html,web/lesson-137/index.html,bec8066ad50ee2031da829b16dc8461396ced062ad7d36c526558ad6f3b54071,30558
page,lesson-138/index.html,web/lesson-138/index.html,67a6c2ec872e6719231ef1b53760afce72ed0c64586d236ece6df7ed104ce192,32575
page,lesson-139/index.html,web/lesson-139/index.html,aed32fce6fb05eea5142f2a52ee48b464d1dbc5b7d5c4e4d6cee600f671eb3b6,32107
page,lesson-140/index.html,web/lesson-140/index.html,e0ce8c0cbccc67c44a008b46d01a27f412c3efcb00f2d1efe45f3489c76df562,36868
page,lesson-141/index.html,web/lesson-141/index.html,603f1d2d6da0dffd1ea5e323c1c3d8e46a387190d90be3dae089583283d97201,35969
page,lesson-142/index.html,web/lesson-142/index.html,9500f94adb9634dcdf3033e71749086f73d8d2a8ffba29dc61e770368e581e16,36535
page,lesson-143/index.html,web/lesson-143/index.html,6bb45a87b6281577ca9da8cf620535095157802f3e70e09e41b17e86ec204e54,29911
page,lesson-144/index.html,web/lesson-144/index.html,8c009b98baae2df440b20c60fbf37985d6b640f5e9a021ae22cbefc089e21654,35916
page,lesson-145/index.html,web/lesson-145/index.html,a5f74bd1dee9e4cac72259b85f9a5b84d9c17aad65346b202008af1cfa79ea00,36220
page,lesson-146/index.html,web/lesson-146/index.html,5f61987ca33d13369d549f68239e1d104420ccfc11bc47f30b40b699f7840b9c,38268
page,lesson-147/index.html,web/lesson-147/index.html,fe02c92931ed42cb6fb76681ad186dbdb68e0107da978455e0bb4ccb14041a4d,28551
page,lesson-148/index.html,web/lesson-148/index.html,919c439b53bf3211fbb9cce5df38029004398d3bf73d673653eb1e6b3b8fc384,31013
page,lesson-149/index.html,web/lesson-149/index.html,576e677a396f3adfd6a57208fda4f8045f98e19e88d6a1e8c1b3a46f4d8be734,25724
page,lesson-150/index.html,web/lesson-150/index.html,28ee449f21c0a53c2f8a6baed88e6322504069b98ead477edb8e4f43332406c6,23335
page,resources/index.html,web/resources/index.html,b32175855cc6399803060e9e1060a549ed7c806c4cce921421420fc132bd7cb8,11413
question,AM020-Q1,monthly,f53465a16407deeefd5999209ea0ad5a3b6a3a200b45bb4f9d34c7f09e63578b,374
question,AM020-Q2,monthly,08afa6a3de7e65606c266c5acfe321601693cfdd47e0e3e5a9b6d72b28e8b8f0,675
question,AM020-Q3,monthly,6a9522e87994f60ed610a3a746e0cc25ee70018ad60568ac4f1e655cfb82258c,1033
question,AM020-Q4,monthly,140a04e40590e0e7be23a7fc4410c4a5e9e65a88d7cdfb24934ccc67106d734b,1087
question,AM020-Q5,monthly,2b6bf0fa356c57f63d6bb9845085ab76483acf3c55cf8f5ed84e606e93c05805,1182
question,AM040-Q1,monthly,d83dba56437b196fe1932af9856cdee0340d4dd6948610473289dfe43fabcaf0,674
question,AM040-Q2,monthly,086a6daa38708683075be183d7af8e374ee7e352d73d38acf250e5a2588b9218,734
question,AM040-Q3,monthly,1244bd9de039719a36cb95f122c3aacdf5575eb52bc3fc3e050ce88691331892,887
question,AM040-Q4,monthly,8b0954f5535f0eab174516780c92ab76b8e13c0b88337e3b799674606d11e00c,1330
question,AM040-Q5,monthly,a733efd1f334e4e523a6a5ed1abc45490fa502fbfb7b05292b8499f9a752eec8,982
question,AM060-Q1,monthly,7341979d3181a07c8f4e2c123cb1c8a55cd7ef9a13b7b8059ceafff5980c9d52,555
question,AM060-Q2,monthly,7c9cdee2952a21ee3424a80cf98f4a2b21d145ee2558df816c7363317672720c,584
question,AM060-Q3,monthly,0eebe2c62f239d5fdb3aea35337a33489fb1c504b63f9ce1a4ad6a05a4cc3575,821
question,AM060-Q4,monthly,a2b83a1889c7f33215068ec2abb1ca8a676023fd91d712f4e891d77153c7ca56,1096
question,AM060-Q5,monthly,6e32579331cddb55bb99cfc7e524c2293a18cfb9123d83733d326642fae6a22c,899
question,AM080-Q1,monthly,f818ceb94cfbdd177e1447d5ed5ccf8af2d0405b37f01df1b82093b58d4b9671,674
question,AM080-Q2,monthly,ad43a9359e5a92ff9c91589615258bb8bda62e7b0b8ccc9b86f305f24f6eb5e8,779
question,AM080-Q3,monthly,2e34d8518b8e07a14ab5e67dc05692ecb646666f920a851f29ba6caa8aa8ee6a,1260
question,AM080-Q4,monthly,b173e15ed1754a857cf7777decade92e8a44ddbf9cd7a1095a33a0847671f67e,1591
question,AM080-Q5,monthly,5613ab972b6e1bd1feaf6c35f9087f32f41a96fb3d34fdfc75315342e55f2f8f,1281
question,AM100-Q1,monthly,1b342c1006cce5b6f2b95e3eb84458889544ddcabb871e2cc2ec52c830e93b47,527
question,AM100-Q2,monthly,26ec64ac92d2148a8b78d29b47106a0a32480e8ed2728bd0ecba435bb15391f1,690
question,AM100-Q3,monthly,6781eccf74087ebd012fdd31e6804cd9b3e5b9974306a5deae9653885d7ada06,740
question,AM100-Q4,monthly,6de974126fdde8deed0cc8724b58f485ee1ffd43a73b874d6ea0247dccab13d8,1118
question,AM100-Q5,monthly,3b81ee415e790841de109b2a05182d925149bc47eb330612e9ecb8df3c2a55a4,1044
question,AM120-Q1,monthly,f4ae7474b95d0dcd011033f5398ecd87ead164a665a817edfc7ab33dbfec0d2c,653
question,AM120-Q2,monthly,d8418320066b6e04389db8522789441eed67538a6dc2ba09c99e9a266cd11035,1095
question,AM120-Q3,monthly,e0a5f85fc962b0d87e95a574dd301303ba15d49bef53a2991533279c9f84d6af,1232
question,AM120-Q4,monthly,af45eb27e441c6ae3f4e104e3afcc727dbff23e562eb74dc036ab7494c1c2757,1091
question,AM120-Q5,monthly,995dc24949f06c46e944252d19593878a5e5ce875cb2d71d216e5a6c316d39f1,898
question,AM140-Q1,monthly,478599a3741ca4224bc5ea4d0db797ccb63a7fcc26f7adfadb77090c620f4b90,511
question,AM140-Q2,monthly,635d9394dece87a45b44553cc680fa5a82fbf4128cca9c7750a9a5596ce42233,698
question,AM140-Q3,monthly,607719dce54f2a887b186e1964b9dae77f8d1b0a06651af28fad8f0f638548b7,934
question,AM140-Q4,monthly,9be05a8d31be51b70cc2e9981a2893de10cb64566000dc5058e37d877cdf7db2,1744
question,AM140-Q5,monthly,c77e067a5dcc6204d38d2c172e35f79b9e0033da356f9203e342ea1644c3aba3,964
question,AQ005-Q1,quiz,2f4a15fe2cf09b659de787e36d3a0d8ed3018537a1f1f3209598b11b768db85e,199
question,AQ005-Q2,quiz,5f9c92a4565e2b4738b9d3185b29882f90392c9074b8e57cfc94d807fdbe891e,204
question,AQ005-Q3,quiz,fa4d1c4b0ced073ffc7ee6669c4fce4c8ce9ee1635b5570c5b1230348c131c4e,183
question,AQ005-Q4,quiz,8e5674b1c0b0c06317c32d7809a4041a6aa67e96113321c8c7972c5a4a073067,408
question,AQ005-Q5,quiz,295f43037f6a7a702d4b1724fe4e184d12d102e639a5c03ff661bfccb928f570,249
question,AQ010-Q1,quiz,8ae2fa7014eb5cde654c5a0623342c2918da50b0b54e886466dde27d22fb8308,478
question,AQ010-Q2,quiz,89bd5c9705ae86669bb15ce17c4d831a879f12811ab8698503892d8036b32851,467
question,AQ010-Q3,quiz,240ca45b60da253a5b88139392275c0d8272cb32d00263f27c22a897ab612880,645
question,AQ010-Q4,quiz,cc93b69a407f54231b5b33e3c503305ccf2c905673ccaea66876efeb16d06c61,443
question,AQ010-Q5,quiz,9b3287c12a51f36b37e4eadd453ec3f3115a70ed478137daa5bbf9a9cfd0810f,401
question,AQ015-Q1,quiz,714ea779291c193a674446cee5f89e17c1bdcd478dc0fff04da891d07b3a9b59,278
question,AQ015-Q2,quiz,e851d5f3ab3888aee004d40d42b065cd62f3e1fcec419004b42922ab4fe9fd82,390
question,AQ015-Q3,quiz,03e25856d7892d74e05ca494bad11783e2fb15923f95149d6c69e93219f8db89,351
question,AQ015-Q4,quiz,09c760aa9ae157e7a08cbfe03c151789b4daa691d0b5c413ac15e8148a699535,339
question,AQ015-Q5,quiz,195b70fb08d2730db7e5bffde18ee7a58165d9e1f72621955aa8b9ca6576dcb0,444
question,AQ020-Q1,quiz,c308650e0e94182f6181610fa1cce21fedc13e4160603be94e78145e173d3de5,430
question,AQ020-Q2,quiz,30d716186f5a0af3a10354a610e7e33dbaf6c42831ad3171f1314798711406cf,418
question,AQ020-Q3,quiz,99379fc578c91ec54b0d11c5fd93340a97c55dd83d4cacf5777d2480c9ad5f49,682
question,AQ020-Q4,quiz,7e0eb654a1f242b57f943e37fe1b0f51167af92f78c1a7e2b77c2623205d6a7a,415
question,AQ020-Q5,quiz,a5cfe8bb82248fcee62161bdb00de2a5f48bb97fe0bd943339ca36817a97c03a,481
question,AQ025-Q1,quiz,ac4203c6c37ca8394899e92061079063808ff1f6ffbffb7e0cca79da863a2b4c,614
question,AQ025-Q2,quiz,a88625f80bd2dc0a49262b34d85a2a5ad4fb052ff1d7a740440f30b212e385ac,409
question,AQ025-Q3,quiz,b194c775f9ac70f6695ed4216ac5ec9d277f3d24c4ec04fdff5fa5008cfb57d8,408
question,AQ025-Q4,quiz,2f3307922ba56d8e8d4f69402c57fefff9ff5ea7b0e40e844417dd8528554993,450
question,AQ025-Q5,quiz,d528ab85d01102ca21597a2e4c525e4a43aec3c48bec5eb49520e550be7461f9,453
question,AQ030-Q1,quiz,6d2e60a3d86250c8c4fcb352dfa16aef65ac1d87de660860c337629d7f831043,560
question,AQ030-Q2,quiz,df8ab413ca3376741e983f9834d7dc09bfc07cfab0b07ab72d8f9a638830f76e,478
question,AQ030-Q3,quiz,fb3aadc4df2b6e8577c67c710f1a463567d8820ffd6c555f28f581d7bde5b1e0,520
question,AQ030-Q4,quiz,8e944e95bc55790adbc6c3c3c19c3791452244b36ef4a93cdd962090df4f5828,379
question,AQ030-Q5,quiz,2433a49590082d4fa224a926a34ab25c96ccc5180a65f43a5eb60c4cd5692f3a,384
question,AQ035-Q1,quiz,1ad2d79e400f796f81ffe56c8da99bf5f79a23b6f8aec0599536aa46cf504846,429
question,AQ035-Q2,quiz,8c3400fcf23d435b52acb6f04db6ac8e257620101004858d460c8d452107a2fd,475
question,AQ035-Q3,quiz,feeb1c8fba07138c06d29137a2ff57ff4c295364646861510b2ece2e803955ef,635
question,AQ035-Q4,quiz,b19eba701cc5357b3e3c64f92e784d8110e08596a875de8c12e8afb6eb3eb630,406
question,AQ035-Q5,quiz,031b93cf289b3322249f7bc65399476143e652f6683d79e0c9f11b271383c708,228
question,AQ040-Q1,quiz,423c2c9abb20bc66049e0987fe8dfd9c48a9844c50ec43fa51d96509d8fd33b5,267
question,AQ040-Q2,quiz,4031b1c1ae9a1cebbdd0b1f975dec8ea6b0ff702ecd867e2027b79f55e856c92,457
question,AQ040-Q3,quiz,909d867d9012e7e6c3cbbc179359f1976ae9324d3c94390d39c4773fcdd6ed6d,391
question,AQ040-Q4,quiz,c8c0b7a4505e26c98677baf14dce85aeab94b84786e9f59414b1924b573cf396,463
question,AQ040-Q5,quiz,176c95d245dd62a3d996a5e11d2c6f7861d906593b297d591067adea8edb7296,380
question,AQ045-Q1,quiz,8187fb7bf673a2a69d70686e1bf07c23d8d33178d8dc769126ec928052d9bad0,384
question,AQ045-Q2,quiz,ad82baca85c59911e3b66d1aeda3d64c9b59e44a1b24ee4d937f7cc815472957,282
question,AQ045-Q3,quiz,5a1dc4041c6afd3083da2e702e2f809dc5aa385d514209a95a665039f7ff5a39,592
question,AQ045-Q4,quiz,2c78aca131a44aab5000fb48fcf62f78fcad1cf073e4f34ed122c9af06591aaa,556
question,AQ045-Q5,quiz,a78de21e002a4d4dde7dd27729406c671931d59ca661545b66eb1345a3b5caee,864
question,AQ050-Q1,quiz,73d219a943d46734c80b4600cb43ef750d55177e75ffa0ec70552c80e7938501,397
question,AQ050-Q2,quiz,90946db55da663406a7e5484d3ab6e8de716281282a6054ac73f53549c8652e1,453
question,AQ050-Q3,quiz,cbafc4525a3573b6d99d46233092ebdea51849403aeeab66588ab71d455e0273,492
question,AQ050-Q4,quiz,f5f7b3bb1bd25366ea83a549d8983d198968c2908e552f0309612a0119884712,602
question,AQ050-Q5,quiz,e5a597b89421ee2a72194371e8f8c2174cf129eb0bb20e113fcfcfc765ab5a3a,286
question,AQ055-Q1,quiz,6cbd2976dc08a5cdfd61f765bb78c4e6b6a9796bce4a4f0cbe76ea1187ea9eb3,415
question,AQ055-Q2,quiz,51f64bc2cdbb8804e4969f98ddfecbb2f99fcdf62324c48a29a130cca606a4e9,434
question,AQ055-Q3,quiz,edb9bea4b108ae6da36931a54f3b20be3323c287d75874063d6f421b2269c500,357
question,AQ055-Q4,quiz,8647fc42817c89a821eb70504a277e9fe57fd3c48cc6d3ad424574333d79d11e,450
question,AQ055-Q5,quiz,255038bee58b3e197263f7ee2842b6021f658ce55676d0ab99f448dd4cc88999,587
question,AQ060-Q1,quiz,2580912c9e76ee3db693f4b9cd323348317caef4370e9dbc03205d8bc0b7a8f3,432
question,AQ060-Q2,quiz,2fd645802fffea45c15401acbc71e1bd47875e2414793c136ee9e07b09afaaa1,860
question,AQ060-Q3,quiz,dd4f2fa479c1c8e68b1e7ee7a98522973074ff76013f2164d8840607531e892c,451
question,AQ060-Q4,quiz,263dfe890902eb48982010d074165828a495cf05c04488c512408b1ae49f3127,444
question,AQ060-Q5,quiz,9615bde773858331f010d644ba440f9ea02bb87afb63ff69aad9fb800c85d22d,383
question,AQ065-Q1,quiz,31df165b9cb6d788fe9b593762b0acd589b59351672538a7f06d53b890cf1c94,400
question,AQ065-Q2,quiz,7c81c7ba515efe96f5d6297c6540569569cac122d89a1dae11f1f81558ab4430,508
question,AQ065-Q3,quiz,2261a70dacb64dfd68126db079d55ee1c61bb65f9a3e0cf738430542724efba7,406
question,AQ065-Q4,quiz,9b54338ca3fae16baac4a14753aafe478f0da6d6f0a39709b5af06cc6496028b,347
question,AQ065-Q5,quiz,b0272da3fb441ed31992788afdf54feead7f181ff2964ec209a90e3febe3e692,523
question,AQ070-Q1,quiz,f546527f823be557de3909fc235e10a777911789bc8642a3b0da8fbd37dcd449,424
question,AQ070-Q2,quiz,9c02ba21c55031118c92a70609ffb053cfd2e46dccf31f91e43866759ea749a8,404
question,AQ070-Q3,quiz,5f9f63f6d6ac43adf9dbc0ef5350bcd1593733b804f495a1dd27a171e2b8bb13,466
question,AQ070-Q4,quiz,88e3024d9e5f8a21d911313eda559152c631556cc3a77825320883f1f3fab232,396
question,AQ070-Q5,quiz,f34b7d0fe7c5a6ce9b79afc0e4d2487fd4b0620795dccb41ebc403d3985fe5f3,608
question,AQ075-Q1,quiz,59e41557e85937219c48d0b7f50f753419ecc71120b8defe417ca5ea172ff6b1,473
question,AQ075-Q2,quiz,5ea38d9f8fda08b2d64022cc4d6592cc69222e3be887de1a2e1c9cd8be512318,420
question,AQ075-Q3,quiz,dca791f9a616c200848891d50c43b70d58bbbe224811802d6660266dce210417,437
question,AQ075-Q4,quiz,fcd85a32e9fa613eab652b8cb4d2a17ce14546673141177ffd8f4588a8c54739,418
question,AQ075-Q5,quiz,29fa6fe1c6f662594db23d3273d2add4619b60e61d1c6e852e023c77ecc761ec,466
question,AQ080-Q1,quiz,d2cb586b4793e8979a71c6030cf775037c9eca403156bb6a8982d1929cef8b1b,438
question,AQ080-Q2,quiz,d318e9da6748cd2e7edffd7bbc8774d0ac3ca7102daaeef7b7a4ba3cb02aa02d,450
question,AQ080-Q3,quiz,7da253d862da57f82c5cb2e6220c54239d2f100c983bf078d3e6ccc4ab6179af,594
question,AQ080-Q4,quiz,80d8d61253b5d9ea3dd4648d85f7af45299cd7911196bfef887f1c00ade04ea2,345
question,AQ080-Q5,quiz,d9dd7ee55e668f73a40886d01936d86eba3b9fc60c64b8b56b93db242b0f05ca,493
question,AQ085-Q1,quiz,05df6162164f6d25260dde85e933bbf62cc2ef3011294f9d7c3e361188bb5762,364
question,AQ085-Q2,quiz,eb59159cc99966aa7a30cd2055abea637f2598114fd16608cfc94c1aff111070,353
question,AQ085-Q3,quiz,e06f62ae2a07b2537c87e94a84183d9d9d9be7f098d447a16458f9fb76636cb0,475
question,AQ085-Q4,quiz,cb4e97d9ebe3bdd7dee8aafa5b9e43ba95c616d1d54c6cc84f07b0665a6a8958,265
question,AQ085-Q5,quiz,ed8073c0f172f4a504afc8d7e5c019a68e3234f1b7535a6db0a23db6b8ebe049,537
question,AQ090-Q1,quiz,4e17fe7869f7cae54314a93584cc7bb9f167f313edd81a6f124a0eaf3a12293e,414
question,AQ090-Q2,quiz,f0aa37f89c68ec0b66a8497666afd65a3811ebed79e445b18e6e691ad76e9fea,322
question,AQ090-Q3,quiz,ef4d35cb9271a9108a02531ccb6cd5b5b11c4592f4b45d880208705cc5882eab,406
question,AQ090-Q4,quiz,d31b7b681dc516f3fa433970c066e9773e45cf1994e4fc927ee228c053f53fdb,171
question,AQ090-Q5,quiz,96eae4ce0116745515ca9bcad0c1ada31fea4c215d05da758a142c84d6e3eb28,487
question,AQ095-Q1,quiz,85e57fd2ab3a885927050ef2db0f41236e1e0343be03e54d769ea0195f0d32d1,386
question,AQ095-Q2,quiz,f5a715de7534e4317adec4d8fd1c33ba2553673222a89578ab776715decb9f38,300
question,AQ095-Q3,quiz,0810ddaf9373fad0a53186b15be23651c3e566647e8c2b252ef25be1a2893663,398
question,AQ095-Q4,quiz,0ba295401080f345dc777a10dcdab1b8f45c23bfec5d86b048f49cfe5586ef8a,441
question,AQ095-Q5,quiz,c58f7f46986fcc9c7f3a8d7630c0b3a43e44701dbd1cb41a66cce0090c70c876,440
question,AQ100-Q1,quiz,f47b462e6dc37a7decdf4c7977617b70d0a999cef3b8c5778fe7665a9b9e7231,466
question,AQ100-Q2,quiz,2fe3ee89042bfe52e2cad299108fe9f8beda5fa4b5a2e1af312ab7c3de0a5948,449
question,AQ100-Q3,quiz,1572d2d43185bc71da1a81c797ad4a3d8835137f0aa6620bb906dbdbd752b367,595
question,AQ100-Q4,quiz,eccd26e82c6df68a083001c9f37d86ed8cca3f53346743f8827c1822a2965d2b,666
question,AQ100-Q5,quiz,4c03b61e26ceb340e40bd5544f2fbd59ca15db65d9281e8c2013c51e07be388f,396
question,AQ105-Q1,quiz,56436acf0cc6a44f772d627342074459910fd1b2ff18b86fc6d23a562010f2be,428
question,AQ105-Q2,quiz,3ad5dec48ddc0a4a721615379f4b5808dacbd68037868c1788359d39eeb76f6d,371
question,AQ105-Q3,quiz,c4ba5b3b057e5a19e9c6d17a786d2693eef7f36112ce71215311817264868e49,238
question,AQ105-Q4,quiz,88ba7ba7cdf04f20521df531636ed8b0f84cec97e072619fa9c6499103c9d30c,292
question,AQ105-Q5,quiz,3e65957c46999ebde128188b414e9e87f4738d57fb9b8f91a0f666b59b48d7d7,419
question,AQ110-Q1,quiz,3d5e12a954a21fa97069dee7402cc28a74135d32e7f6bfe68456b1906832528f,297
question,AQ110-Q2,quiz,eb1813d76b3ea32a538e5ab7cbf91fc77d5373396e20f3dd4b07b29fff050057,423
question,AQ110-Q3,quiz,bfadb960d31ee12537353cbc383b44fe87b22085bdf3dd26526c56bdd1515edc,413
question,AQ110-Q4,quiz,cd4cb432682f8f8621ca439be3e553846061441d0f2dde31dff2f3b63061f4da,464
question,AQ110-Q5,quiz,2b4a2279b07061939e80b7766d9e4212d0e7cd8100f0b6dea11d0c99312ab517,299
question,AQ115-Q1,quiz,0b8424189f71d4aa2b0b55eb7cacf50d6dc3f10ac7c3ae5ed76f7b0cb97caa60,416
question,AQ115-Q2,quiz,7243fad1c7040160d99a7c13341cd825fa899fffeb17c8297acfe76cd2cda8ec,442
question,AQ115-Q3,quiz,a8e584ad59694c26d4dd76bcc6584daf773861420b4fd67907b22a7aa78fbaec,422
question,AQ115-Q4,quiz,abcf304852ead45ea6626a41e7c410a3da22452e703ab3bab773e5e7de5751dc,329
question,AQ115-Q5,quiz,c58c3be3df9c37909bdc8bf9b56034f24fd821949d62d7f647c2e61e6233216d,278
question,AQ120-Q1,quiz,7f3a337d5bb8b64e14414233997d47046afd55cda5d9e28970a0e3d66757a46f,661
question,AQ120-Q2,quiz,58f7228330c8f321869979b22af8e9c334d05753f53a99968ab707105676c247,348
question,AQ120-Q3,quiz,8747f1d6ffa6fe041d8420202c014a0f3f0cd0a440a9a63c29b0642464c41a8f,421
question,AQ120-Q4,quiz,47ab57d5dea76948b5adf408c06a50cbabcaac2a8246087102b3b4535c1ba6e2,532
question,AQ120-Q5,quiz,318719e29b54626b941cad3fede44406511b12371a14f1f2d24819553567440a,351
question,AQ125-Q1,quiz,feea0b4de408d19e01256c0e6c9baac21daf19be4b0220c05a938c36e0b05ae8,443
question,AQ125-Q2,quiz,ae87e62703c19290ac309f57d9495bda4233ce7453ece4fcd3ada9bd2f3ad5a9,287
question,AQ125-Q3,quiz,9bd6757f77192a868e93d51b571f7b2d8953a2b21aa90b5a3703f4a537be1fce,478
question,AQ125-Q4,quiz,6290c71e7c2b8402225e994a0f4f289bf172d179579fb02fa8704c1f756a4327,392
question,AQ125-Q5,quiz,deeabd25d9f29fb1766843f399783a218bf2ae02d1af63edf83aae24273f120f,307
question,AQ130-Q1,quiz,42fcde8a604fed894249ccc0d7b7789451185bb8f64bb384a651612b55ccce76,294
question,AQ130-Q2,quiz,f452343518a485d3dbc9c50b71f6aa6804e3866f5b38f646fd3e8ea6a2d9d0d8,382
question,AQ130-Q3,quiz,627edb0ed4c3ac2bb4cfe2d9d8f38d42123585e5be3060f2a7abea750fa9b653,266
question,AQ130-Q4,quiz,afcfd91dca0467e5a0071be099b13f1c5168e812b51b7b00c082ff66b744ee43,465
question,AQ130-Q5,quiz,29f98a83b27c1a1001b2cd41653a682b948ed7f18117408cefcd49d2acd7f801,676
question,AQ135-Q1,quiz,bfac68fe89ce66985b10287f0c4fe3a74b75844af9875ea29f230653cade63fb,365
question,AQ135-Q2,quiz,34ccb17c86d5cb51e4a32cb21c53de864a7fa7dbdfcaca5c2e7dd1f9ee9274f0,401
question,AQ135-Q3,quiz,26e42bc056ba0b76918462928018eba2ea61062e2522bf6e03eec5b6e68c1e33,449
question,AQ135-Q4,quiz,45fc79fb68045fcc3294e1a1482a3cd88ccd775c37215c7008c988133436e23c,216
question,AQ135-Q5,quiz,085395f56fe2ce35adb958873bd6c4c201309674da9f7005e7e3583eac040e86,320
question,AQ140-Q1,quiz,b607badf8951d219e294f6f95e45d834afdd2bd1d272961b55c4f2a7c11df84f,273
question,AQ140-Q2,quiz,42085c0ad3a5227cf20df8812e990ec55a91b92ca735b5705017777c8602adfe,345
question,AQ140-Q3,quiz,5df3393f90576dd1a0bb429c3098a97b560ad780effa3816784ea5a1086d69a5,428
question,AQ140-Q4,quiz,a34f249685467bcb0a23c0e3c349645a8cff276e6e211c35b3bc05c41e23026d,243
question,AQ140-Q5,quiz,cc3e79ea6fa5e5fbfbad78ab3db22146fb265b0842e390b4578442a74ce3e03e,365
question,AQ145-Q1,quiz,46a37e0eb1628600a6f348528666ef42dc091b397f941813ef977ab928531a7f,848
question,AQ145-Q2,quiz,26d8a903714121082cbd6b9ee3cc35b9a1777159a3b56492295ffa4fa0ad175b,746
question,AQ145-Q3,quiz,c98b6888beda34c5dbafc328550eb9f20eb9d0e5b8afbe44078e670c2248939d,426
question,AQ145-Q4,quiz,387192ec4d97af1f2ee3c7f0ca88b69a11fa5158dbfc97f9ecdb5345e986aae2,761
question,AQ145-Q5,quiz,6ad1bb72318aa19e8bd128841e40089d8014f175929331122462d034dc0e88ef,409
question,AQ150-Q1,quiz,057a77600a482f57aa106f240492bea8767b1ee123c04888c60f772874326e9d,428
question,AQ150-Q2,quiz,1d14d65b1e9c5bfe6c41fbe0873f4ca87820d2337c3e66e39b48c41e4895f8f8,238
question,AQ150-Q3,quiz,5b5130e78c285f456bb324568f3342a6b273814c45d122fb10f9e2ec61a4cdd9,430
question,AQ150-Q4,quiz,21b8cbf3776139ffe725b74b6329afdfd2050d0261e9244dc219abbdc1f1816c,405
question,AQ150-Q5,quiz,b3d58d6881fc0d471a7104b861e4b0b5f65d9029f015af83a69448c27edcfe4b,452
question,AR015-Q1,review,92ae056a5192ea629a590cf19888ec7feff5be5b052d3ecf50fdf966ddfc0e9c,417
question,AR015-Q2,review,9533eb1f9e8186ed2c1a44788710c59b6cc42af17df369ef842652d8778f5883,728
question,AR026-Q1,review,dfa250986292e27dfb339aa4b00297340db95582f6881ec6630a888170b4643d,389
question,AR026-Q2,review,161efc83e7f6f61dad0e0d650207b832b792b295778a5362fea7e7b9a9b9f386,815
question,AR040-Q1,review,ac4a509e73004e1b9c7a11ac9768d0228130b6be16a8694021bf8865e7ae26a9,285
question,AR040-Q2,review,b9d2d755e428ebf857ab83a0046247fb9270b9a404fed48987486b64ebeb8462,806
question,AR051-Q1,review,760269fc311626a07ff900e26ef7155c4f35434b8ed291b8110df43e3c904315,634
question,AR051-Q2,review,5c74e0a289fbfbe3ab375f883e745c1425aef6161a672ed2864db79a062f3769,539
question,AR061-Q1,review,dc7d1c6faf7998b37a43855ff2d014adf82277c1143ee38872a2abec78b9143f,462
question,AR061-Q2,review,8a8265c9732922bb1ea209613f4d87099eb0a8faadf18bcb9a53630bf2c69def,719
question,AR071-Q1,review,7a6e0f1e7efc1d579578ace96b4e8893e769217d485f4ebc9d483333a2428a77,1131
question,AR071-Q2,review,05420757a99c043ba4aaee81b030bc332e241699f0e1e1bc10a63acc0d899a39,717
question,AR077-Q1,review,3aac21d14f114d10f6653ff4d5de411e6a1e30f628baa8faac9f4bd7ca2f9fe8,795
question,AR077-Q2,review,3ce9bded47d464cb7b717b6999edd83d7d9d275f7e2d0afc8bbe2219b8cdf349,952
question,AR089-Q1,review,5063905f2d071fe665a99a741ec84497e7408f9aa4b532a0c8b2af977ec4c9b7,540
question,AR089-Q2,review,c9dbb73b496cdb899a78624119e43da30be4ce297b0b62073fd45e66826be4e5,568
question,AR097-Q1,review,2ed03b12d7deb074d76d1d85c35b72a7c17e985647464f7997bf355c9a3a5535,568
question,AR097-Q2,review,ddca1efae2cf9e9adb081d82693db8afbeb1cf5f18d3ca6512f51f525c4897be,920
question,AR112-Q1,review,ac54d50f98feb6b3efebba663fc3a73c2ced3d3d958557d609a95582fd18747d,698
question,AR112-Q2,review,d7f67d47c4d88ecdb305017c68477c1cf38d70e64183a9783652fdd2c705ff85,629
question,AR125-Q1,review,bcebb58a25e31ebc46b0ef6e62906593cc37404cf6e7d09245c2d07264668388,535
question,AR125-Q2,review,4ac24d2aef855b27e2f6fd5dcf60d5ed391779a6efd95cc9f88b8035e0e87da3,1545
question,AR141-Q1,review,ac7d20e6770e6566413143f2e3091dc00563b27043261f36c2839f42a88cfc71,475
question,AR141-Q2,review,76b117e5a5e89d49053638f33da0004a1fa26a93268d3ad2f43fdb8840aba528,695
question,AR146-Q1,review,1d1db414315415a04444819a1e24638e26f4e191f28fedca2713285480728255,612
question,AR146-Q2,review,30a833a42e53f5b363788dedf6779ec9021ba491d7216013574e35c427b24bcd,631
question,AR150-Q1,review,c105e6e66625b129b98e02f29f292b4a40d2a7bb46bddf6bfb9c4446ec68f0cd,510
question,AR150-Q2,review,d63e2f8f3938a89198e31a65a6396cd4f4e83ecf3c626c3563ca8ca15df911da,811
question,L001-Q1,lesson-001,ec1fb10b37017e330b5b3cc5d7a662a5a5c603a33b24e34c3fed2b9f14e3ab02,646
question,L001-Q2,lesson-001,dad862e575fe7effbcdb3712aa7389a8cdae107cd552f092dfb4e60fa755b1ae,768
question,L001-Q3,lesson-001,638299bdec4f1b764cc9688e6fc1399a728b43e3b76a43e38738487243abfac7,592
question,L001-Q4,lesson-001,d413574befb835adb4f33783823a3c12b2fd3e7f7d38266c30b6ae012be1bfd4,1049
question,L001-Q5,lesson-001,d95342f56e5b058bd75f6b6ff4799a9f5569123c1c77a7865dd2e856816f891f,462
question,L002-Q1,lesson-002,f48a4466dc6b7497cfc384ee2915ddf30167cc0e186c42aa88afd094393ac503,517
question,L002-Q2,lesson-002,a23bd1cf52301df9c40bf28e12a8f79b931d5c2d5a27542ca53e72471e2a4b62,639
question,L002-Q3,lesson-002,8d1d12aa13b65205883b829118d15459091e73791d523a497b3a55418ee6026a,499
question,L002-Q4,lesson-002,6e794675e371a5506aa359a0ba6654406428a23384e78599b765427e48ee3508,791
question,L002-Q5,lesson-002,c2a5c377cbf9b9c8a8a4404462e0db4635a51d373dc0d21ec2f354e61bbe528f,698
question,L003-Q1,lesson-003,2bc2d130aaf954570cf790e877fa8404f8a1df5349c2bfa0cbac92ed7ab1c777,566
question,L003-Q2,lesson-003,967f0bb1460b36b47b513344249527b9bae5cec8501429fbd89f9fcdfe305ac5,451
question,L003-Q3,lesson-003,b3e2e8b5b109484e24864e674b4ffdd219a21867d16d25c1abce3dfc429fffb0,502
question,L003-Q4,lesson-003,ac7d53a086295309c1d169c077057389f36a5b90dc16ceae65176a4907266238,595
question,L003-Q5,lesson-003,02485c2a3c5eeb7d07d2cd0e65ccbf4bd30daab8c6e5812a59878d305248c0f4,667
question,L004-Q1,lesson-004,713ce535943603241af216a88e3381a0287fafb961489b21931ded8a4bb59219,473
question,L004-Q2,lesson-004,f5be0847b3bcbe6b3e23093e6c2c458c5bb4bc4a0d5721cc67a08a8cf45a5cbb,759
question,L004-Q3,lesson-004,1d2064da66765645233bb9f2bc24fb13795b3341f7bba3cf013b7cd2a5bee1cd,774
question,L004-Q4,lesson-004,27f5c848df001a357b1af72308784851de4573f28402e494fe07097a8b4ce28b,777
question,L004-Q5,lesson-004,b9c55ee83f3dcf40dc00a3b42602614f875e4ba2dfc134c9425ef8c451573603,757
question,L005-Q1,lesson-005,4cca9502f4265037a18a0747acd7a2a1a7106b5b8d5e286a63a6ff9d13cffb8e,597
question,L005-Q2,lesson-005,6e6a89fdebdb6ff00f387c2ec96f56a107343f9638c64df62c354bef65d14890,564
question,L005-Q3,lesson-005,b388918e8c004458c70be1a2bf69868486e169b4c485fe71f27811468ee192bd,522
question,L005-Q4,lesson-005,00475a46a6e8ca2f6f9ac276dcea0d7c143a93dc68c8a28859986e2e673f8f6a,810
question,L005-Q5,lesson-005,3f212fd77328dc8e19ac6bae760d08227f5049aa65119f8e6d4783895cc23bb8,644
question,L006-Q1,lesson-006,8f679f944a8400df7d9dbc616f0f1bdaca8fbc23a318514d926e0d8da2bbedea,478
question,L006-Q2,lesson-006,1c2aef5bb03b6229a00696d82b019149d909ca64b4ccd2c6dcb11c226cdcc668,475
question,L006-Q3,lesson-006,a09abec856b0afc978e6eaa44116c51438b293ff7a463ed1c0444e62299b2b8e,955
question,L006-Q4,lesson-006,75413544a93d2cd33cf8e0569aea82c7118828500b8597b86097ff87d2d64d8f,547
question,L006-Q5,lesson-006,90fe2b052d68f5eac2b7e26ac891fe9227cfed3fe8f6f88ab1b2cb8ba1c10ccd,738
question,L007-Q1,lesson-007,6eb9b4e4dc820e6dd0b6e25fa91588437f8bd4b22223a840b3c31cf9be078fe4,633
question,L007-Q2,lesson-007,b1c749898e975a8f7bbde99a07262d3e9d58ba44e4c9e8999e7e12be0b19e049,621
question,L007-Q3,lesson-007,cca3b925d95602cdaf62583aac556a984439d445bd3b2e06a83ec3a5f1fd16ea,898
question,L007-Q4,lesson-007,875b5fbfa937346bb3571460a6fcfed65fbe0e13b63c701077865b5035f42574,652
question,L007-Q5,lesson-007,c396291d11d3c5219889ea5471cda86070fdc40c7ab4b5d84878530db33e9f7a,798
question,L008-Q1,lesson-008,7c79f337bc367961aff7d3f05a88c1b2160555f382af309c7c2648d5f82fbca9,664
question,L008-Q2,lesson-008,24825f8ef55564fcee5a8d8738594d60c673b3334fc100cb1a9b25660373dd32,767
question,L008-Q3,lesson-008,9217c3ed23ce3a5a99267e6bfddc8a52b41156e79406afe0f4a268ac2338b058,599
question,L008-Q4,lesson-008,2882db674237591be0bd85658a73300427ef373f867d6bc8adc84eb22ae56281,794
question,L008-Q5,lesson-008,5291a0b91efe02eea106532b018f36d0fe7cec69884f4f5b3aa904fd3bbd3215,560
question,L009-Q1,lesson-009,4a963a5ffdc50a51b850c1c2ef10c5ec312dbdea28a51e06ffc42e787bd443d6,608
question,L009-Q2,lesson-009,65d5c936c328cbebb0957bc7f8b7926e8921aeb84c33d7150b0feeb68b986053,625
question,L009-Q3,lesson-009,bf08473a4b6a896c03c40f3ccbebd68fbb9f4e19f4e94c08c959ed2ff8958e38,549
question,L009-Q4,lesson-009,eef7d8ce86682df313757144e4232d96315c7333b3055b03d3b2eaddd14b7bbe,727
question,L009-Q5,lesson-009,254420778be2996cea7bc259e57e22be2cd7d93b2661a2819970735de991445c,814
question,L010-Q1,lesson-010,796c04c0ddf9ea938ff0e74e03f609117edaf45b3c10d60468c077bfc0293997,575
question,L010-Q2,lesson-010,3c4b35064e2154e935ea30bf025a19918e30b4a4297b3d1a3193250101c93718,712
question,L010-Q3,lesson-010,84162a1b502a2c13644f7a43444bdd44a2e06385cdfb8c746febb8ce5a4c15e9,694
question,L010-Q4,lesson-010,8211359d92df38d09156abe3527415b84d721f1a4feb1ea976c0d0ad3ca82edf,587
question,L010-Q5,lesson-010,2bb90b9d8c168c3aa1109243640e55f827b36459c613cb9b3b3c57ca965693e8,775
question,L011-Q1,lesson-011,c496a542664ad54e774ff5000c5f38d4029522c091a95ab26df9be57012b858a,526
question,L011-Q2,lesson-011,e25143aba41ddf32279a11f9a6a4cdf4f7e174b5501b21cb3f30e58222968c80,371
question,L011-Q3,lesson-011,ae2453d2f46d6521e72ba006c9c633d32a403585274158c9eeb6ef351246b947,757
question,L011-Q4,lesson-011,774f6239b1ac4b8c73450029234d1e2e0c38514c2c0e899385eed09fc66689f8,695
question,L011-Q5,lesson-011,a0e52fc05a42881b98c13e08a1439c3fa95ed1e239186a680a386bb06b191d73,958
question,L012-Q1,lesson-012,83145d5df899bbae29b720470ef9710b024dad98f88511db2497f2115fc43feb,761
question,L012-Q2,lesson-012,0593e503953d48f6a4c596ccaff572b326c044414f85b9b16ca21905f8931f88,740
question,L012-Q3,lesson-012,59e35368d4086ad03a8e5190a13993d8a5c579b0292d7ee1521d65dca78dafe1,704
question,L012-Q4,lesson-012,90cc80faab1e362d0754398b2c48739dd8d463a2d3d4d66f1c4d2f383bd383eb,728
question,L012-Q5,lesson-012,d4c5eea7794753a59ef80d88d7574aab76613c45f52ecb38530d7640da1c60fd,1450
question,L013-Q1,lesson-013,f528a3b19940fbeec26f9fd762d853b1652be31fa4a750759b93eb00cbe5184d,520
question,L013-Q2,lesson-013,7a7f55fc9c31abca71747e5cd37eef05c6aa9dc4128b68f30f16ff3d9a42e02a,474
question,L013-Q3,lesson-013,522eac01e27d9cf294db41f66a19d4c7606001c7a0a6c69531bd7354ba42295f,896
question,L013-Q4,lesson-013,a4b7c35c4471e97f92fd7cc12226fa3b2657eecb4e03bb2fec5cf9f444b0d437,809
question,L013-Q5,lesson-013,3fbdfd20d4312afd37f9a3e076281fd5799109d3ebe421d7bf9cf3b8a2b75cbf,703
question,L014-Q1,lesson-014,b725bb89899420a17d7363769fdae8aeb4539be16f93895c2bb05e1cdef0f3ff,768
question,L014-Q2,lesson-014,6a0760002aa61cbe33d8c02b744674722d431862d37e48da3ad59d1d1571161b,769
question,L014-Q3,lesson-014,01cad1cd685936df8263293ae41e53dc25a439853fffcefb4d645e58cb950652,889
question,L014-Q4,lesson-014,1d90d00c546c185458dc63934376120ae747159ba92f10109fe1125c9a68fae0,1076
question,L014-Q5,lesson-014,efe4a4dc6014c616f0c305f6715c8002e5516b5ce5bb2bf76feb5adeaccddbbb,722
question,L015-Q1,lesson-015,8dbf6f111d44748efed39e9dd5ba876a6537f7debbc4993fd072a23cad6c33ff,634
question,L015-Q2,lesson-015,37a309a4961191a1ea1e2df77429de22dd8ea380add701e36be52039eca87a5a,488
question,L015-Q3,lesson-015,17718fd29ee83cdf9ce7f933445fbba5c7ba6fcc3674a973e872053dc498a8f1,372
question,L015-Q4,lesson-015,5783627785ba48cef7377a00d686b8bbd6bd7d3b57631a132a8c16c6817eba57,911
question,L015-Q5,lesson-015,fa4f8efc81e69937042cf9c857e59401e7cdd6751bd4b18b64b43417388bb2b0,1221
question,L016-Q1,lesson-016,ec7d30b9cdc50a25dab9b9e42e08443ee8efa1a0e0b8f67dbececd41c3816db2,927
question,L016-Q2,lesson-016,78e4a51700b88976b5710a713e55123252d560967f87a3275156242522bfe9c6,806
question,L016-Q3,lesson-016,96da383a046d99199a3e18ae6f85474d4c9a7522d269a012e1741806bbf9ea5a,994
question,L016-Q4,lesson-016,865bd07362565889be0f9675781c16a9ced434d4bd6bf9e90385b2cb1c4d8824,869
question,L016-Q5,lesson-016,ec7c4990e777095394b8f722f500042d08c51bcc1393f82c3254790a19234b0a,686
question,L017-Q1,lesson-017,f369d3a538e3719279b686eea42f9c2ddcff2472ebb37f83419a36a8ea1a0aba,717
question,L017-Q2,lesson-017,0ce8afcd2aa611e01c9b6945340f0759e554e4bfd62463b2e6f3b0207a628e35,964
question,L017-Q3,lesson-017,353cc30a2ebe5e172a7012c348f9263be8792a17ad0e17b13fc0a27926884404,1087
question,L017-Q4,lesson-017,efc76fff3875e22bae2b80b870eda89bbef2a60653221afb6d1734a2811264f7,954
question,L017-Q5,lesson-017,1088ebdc97ed52c91b99b20bb6b78d867bf2f54105c9e566d4c688ee0fde8b3a,792
question,L018-Q1,lesson-018,527aee06a75068992c0828ed558b0380d1d1632e06635f96ed5c5cb2b78cc1ee,850
question,L018-Q2,lesson-018,321b7a93a7d8b05faa2801dc5ebc181bfa7a6f4296f575f1cea2364a8a9ef5b3,815
question,L018-Q3,lesson-018,a3bc470de4fda178a712c932df7b81974639f4218f90fc502c7952ae75bfe057,859
question,L018-Q4,lesson-018,a94f3985409c81760eaa09e5063eb21450e7374e142f9ed7bc4045179f3912db,757
question,L018-Q5,lesson-018,a7f00d5c9fe97031e582cf311d8400b0fbe5882f7d422aac0fe9379b1ef85577,988
question,L019-Q1,lesson-019,e9f5fd980f396fd0dcead46fb1dfa29a050f6f9d65267d9309265b19c78ba67e,869
question,L019-Q2,lesson-019,0d81cce0f152c13f03ebb829d60fc09c3c8c410c175a432bfbba0d573febef65,804
question,L019-Q3,lesson-019,5a6f1dd1e23d3d4d9358ffb029b4e5fe17cb29085362c8b4e4ddf0521ad103f9,867
question,L019-Q4,lesson-019,8aaab7618dc2d0450b6c432119297e4de9fac067560b1520ea1d41a91b5bff3c,1037
question,L019-Q5,lesson-019,2effbc515ae6f4fe2c2d9cdb75cd19714f0e5359375bbe163f3783698f6a4361,830
question,L020-Q1,lesson-020,894bd3e2ed8a380076217a2c9b50248a02babcaa60f1dae9baad7f8271eaad16,799
question,L020-Q2,lesson-020,348723f3c256331ae172d9257103b1b0c763d233b344c16e0d813587eb306de6,942
question,L020-Q3,lesson-020,920f825bcb987a21b0396ad9266c46a1281d7ef400efba875c1674e999bf5c50,942
question,L020-Q4,lesson-020,04e97a1fde47ee27be5955651ef9fb108e7db84ab6f3ddcc4d0a7beec6999400,553
question,L020-Q5,lesson-020,e2a17f98a0f32c604defbecacd337135b3b7768c99451e8660d19bda0cf8ec26,1022
question,L021-Q1,lesson-021,583ed60dbeaac30c84e80af3855ee8b3fe957c6f987a36f6dc5d6f103209e552,840
question,L021-Q2,lesson-021,849a5f2b9a8625b1a0e5d2df6cf8c794c28052647b499ac8998d69097ae65dc5,936
question,L021-Q3,lesson-021,74f3364aab7dab0dcb86b0630000b2c8695bc3044931125a6cbb7ab4d812670a,908
question,L021-Q4,lesson-021,d72d6d686e35274b3a587f52472e2217915d0950cdc6ca62c96a146bda15ed4b,705
question,L021-Q5,lesson-021,21713f269e12aefb8c92a834ac642e048a27bbdaf311fc1ec6621dd372637567,967
question,L022-Q1,lesson-022,06d53016feef6ebb7c155cd9015ce8425fb65066c6a9298296f618b7099c8ee3,861
question,L022-Q2,lesson-022,629113321829d06d72a1b45cd7d09a15d9efff5c23d5a73b99941c340e4a49de,1089
question,L022-Q3,lesson-022,6337c6c5de484a13558703e6f5ec28bef1943867632cf934eadb15aaa0a5ebd2,996
question,L022-Q4,lesson-022,b3041ae5ecfa7237a6318d9b2b8672cde77d6af1ac99d59e025cdbbc23dcbf95,833
question,L022-Q5,lesson-022,a01dd591ea463e4fb1004d0acdf3085a880d0671dea62d51ed48a8920f070c8b,1016
question,L023-Q1,lesson-023,705255232b4733a32057b62236569297aa47bd31e444036cbef184f49cae5c9f,752
question,L023-Q2,lesson-023,9a1fd593ff6c913bae57f1804a1b2bbfdebd9c8d00ae3b6f1fc44a995cdbfa89,829
question,L023-Q3,lesson-023,d5f840793546bc483e38102878a74767656abc17de8081a7e866acec1cc93690,1174
question,L023-Q4,lesson-023,94fa364180473b09c2e9949f9927ce92d3aa88e48795537923921ce0ba93cd14,1303
question,L023-Q5,lesson-023,6f4f03d3505ee3f543091c835a79e2846a8ecfa8425b219ea62a2fc82cf54757,919
question,L024-Q1,lesson-024,410a89f5402f7f904b9b7786fdb480afa5cedfb6b2fb661e1bb7c5fe65b96b8e,840
question,L024-Q2,lesson-024,853406607e7b1c5b528027f4d22eb9bea8fd8e164b81f6dd4323cb6086c8136d,876
question,L024-Q3,lesson-024,13a75dc309c8c15e7280d1b133b24443ff9ba60c7f1d631e46637143dabb2352,1069
question,L024-Q4,lesson-024,13889ebfca86ccb7966cfb46e05a9c343b510dba5f5a5403f6bc6dd9b44066dd,872
question,L024-Q5,lesson-024,d0608662fc09231e927532aa83a7b762c9e3947f6fc62d82ec2dfa8eb1677dd5,1381
question,L025-Q1,lesson-025,d9d3328386a45a299bccfdc43fda98929d686606c8342cc1a69a57fbe5a5a47e,814
question,L025-Q2,lesson-025,7ac2cfce93cec16cd573d9acca348c3405ebe10d4cfd82b97011eae3fed9d902,549
question,L025-Q3,lesson-025,3f736a7476842f58397b2cb7a54d181de702eeb48ed996cfb036387a616d5538,959
question,L025-Q4,lesson-025,0ae2db43d411e5ced163215bdda72c9b460325da976b60c8cc33a90b31c72bf7,1197
question,L025-Q5,lesson-025,ea732780c0c1628fd36e4138c444f229ef78ef0bad2f7b32f26fc97eb929f7af,1016
question,L026-Q1,lesson-026,5c93c21c7d938a5851b17701d3fdbcd7bb3b7dd54cc8cbb16ba9dcc9a20545e7,996
question,L026-Q2,lesson-026,3c54f0d51645889dfcfaa911bc0a0b0f423d51541aa9d7b403281af988eb316a,1104
question,L026-Q3,lesson-026,70485fc39593946519ff86872ed1d5b22635ad71f32c1216abf641981e553c6a,1092
question,L026-Q4,lesson-026,3d1ab13b889e46f4e7d6bc02a9dd6a576ce6d218f50f36970c2e573526501ae4,1100
question,L026-Q5,lesson-026,664d96a120547d55b67cf87d4edb7bcc86a571725c72a16cfd62912fbcba5805,1016
question,L027-Q1,lesson-027,183a75911ef7bfe679a3df44d1afa8811778d3a343f7bab3ce782c91a0ea7311,750
question,L027-Q2,lesson-027,439f73ed2233762a5363ae32723a973adf754bbb283e22913a8e6feb33c806d8,1200
question,L027-Q3,lesson-027,068614a72b6730dec9ff3edb8810f6e555de67888446e9c84f5f745fe9d37a20,773
question,L027-Q4,lesson-027,14add0d96cb8e9e688941d9b29282937ced2a0be1f643b32b75adc4b1ea520a6,802
question,L027-Q5,lesson-027,8c0972c5bb8d6c90c5d2d2d78097f014e5a472d72fb54e4530890f0937ed2082,1074
question,L028-Q1,lesson-028,b4091d328766d9367c5c8af9304be754d5cef3574a724985d862e914c91c1c9a,947
question,L028-Q2,lesson-028,c739967a353eaf771c7c79a73affacc78f07f5b04bd101ca4e292bdf1c35c262,984
question,L028-Q3,lesson-028,1cc265f55b8ffa1351816f0baca98c62fe1ce1dedb214b24dccdee48dcb783ef,937
question,L028-Q4,lesson-028,2b5a4e243531919a3cc6bd88e159f8848c6f89f3200c7c620b3f574794104ef3,894
question,L028-Q5,lesson-028,e7db7e96175cec228e48fee46409fb82b164d6d6fc8cc7deebb9189f4f798a18,1309
question,L029-Q1,lesson-029,cd6732fd8c0e86850e102afc26eb98ab833cf31de50d404639e0ca16f7f4719f,986
question,L029-Q2,lesson-029,94a31218e93cbf85a118f133dc12d774b4db509df7bad5a245ae98b11060ba2b,1114
question,L029-Q3,lesson-029,9c30ab7f262cfa0ea74fec3ea1a2e0674fb7c37fa993a97203a3ef693718b6f0,792
question,L029-Q4,lesson-029,3321e20619ed668352e10f12b3445b2e2eb42123d807037c7993aa49020f5cf4,871
question,L029-Q5,lesson-029,10d4b6ae4f1271e89c959e861956aea8eb61dec85d47ce8d3771f92ca056391c,981
question,L030-Q1,lesson-030,edbb273884b797bddeaca2131d3f74be8631f12455496a16c9d637868bc46fa7,783
question,L030-Q2,lesson-030,b23e73c9131b476f4643631b47d74ccd537bef389497f4b4847815c059029386,777
question,L030-Q3,lesson-030,adc9e5fa0a95e94219b451ed3f19391b0b4e09805f7007769566bc2b95a925b2,954
question,L030-Q4,lesson-030,dc6cc4ad44b3e4ee81061349c63773db4e30339061fb2aff8a418e56543b5c0a,915
question,L030-Q5,lesson-030,3864b60631b22acfa72099439e321e423d790fc61c421c41f1cfa0014411d69f,1136
question,L031-Q1,lesson-031,c96454c434222d2fa4ef533e765e9ad6d88be9a15fd857f58d37a495d63d42a3,1155
question,L031-Q2,lesson-031,aaa97088d4180dc5f5b863b548f0632f351c2779a2368ae448690bfbf02c0265,878
question,L031-Q3,lesson-031,29adb679f1ced8e513e61cf4f4569182d9994d74f2fecf9495da1ad5d12efd0d,905
question,L031-Q4,lesson-031,8e375fd4b3d7309861a17a1494c0585bddfb40d0138fcca0b0e4d9db7f2c582f,1241
question,L031-Q5,lesson-031,ec12c2503d626bb2b57c3f7323839faf8fcae5bca98ba467edb9c9b8a0542063,1179
question,L032-Q1,lesson-032,00b13ce64587d7481670c6c36e723968b045db553800ff60f7137bab441b836e,1012
question,L032-Q2,lesson-032,175a56488b8c2eccae9d0b2c555d5ca44fa0a4571e58f5c5b4955670c6dba177,876
question,L032-Q3,lesson-032,25aea3d29295252de8431573e4fb7e4f06781d316a48d6ab41b1763592699d51,996
question,L032-Q4,lesson-032,66957619f95de883f85b4a5e5e1271e5be67dcbb6a9a5335f36e7a2757ec840c,1046
question,L032-Q5,lesson-032,172c19881e10519d834f16ed6a68bb5188e4d7f3d1846f4683d70594df2c3cf2,1304
question,L033-Q1,lesson-033,c8da933aeb67f080f82b62485060cd628d1763a76ddad6d9ab6bdb371127f410,600
question,L033-Q2,lesson-033,1c3414aacf15675c3fa68f788c0b15840dffc1bc7d8cd7e2bda8621573b5bd83,627
question,L033-Q3,lesson-033,37e9652007b2f0dacb5ea5a0e0cba695c3e2832623f95db74adfb36ffc6301bd,682
question,L033-Q4,lesson-033,c5aa095f68b56877faca8a2bdefc85397fdfae3d2b53f75c6a97c556a74589eb,1265
question,L033-Q5,lesson-033,c2882bcda8b95187f5cac184fb31c1ef6af00c7942870a212d583c7544551523,850
question,L034-Q1,lesson-034,e4df5948d9d582eaf07b503cd831d9adc665dcea947a9b0c43642b2c7ed9df8c,965
question,L034-Q2,lesson-034,bae57f3ebeb49e55b1605f175781be01494bc66d4beb0f85bec2dae02cc2cbac,775
question,L034-Q3,lesson-034,0c217e77c5cf4b030859a7d1d69be6e1ff72ee01acb6d58edc74a348f4ff9f8a,869
question,L034-Q4,lesson-034,6af7a9fcd2c2daeeae8a470bb6a61eb43f2a18fd2b14d6f65715a5f72102bc1e,796
question,L034-Q5,lesson-034,db1ff3a0cb43b3ecd1ffbc8d0bf5b497d13681e07372b37458cfaea56b6c5b40,1144
question,L035-Q1,lesson-035,910d2677e2b45eeafaf0dac70049054da928d112a89729bd0711b31bf2453751,478
question,L035-Q2,lesson-035,a0813285935a01f892c8abc40582aedd98accb613139d55e0c9fb88a3d5fefb1,615
question,L035-Q3,lesson-035,57e527d5f6df30ac92c1abca35cb0fc803e589fa7354387ac235984d0bd4ddc3,581
question,L035-Q4,lesson-035,7129fb0e569b719e9f0e81dff1388f88cc3e9df3567094ed9594c1ff886e6d11,427
question,L035-Q5,lesson-035,91dbd0314c969c91b0820938ad04b126cf02a469197cc32b84064e0bd78ec30c,770
question,L036-Q1,lesson-036,8a8e54f456dbfecd081a8da6112d983fbdcd68aa4b3a52f290c77d0188c55c57,691
question,L036-Q2,lesson-036,fc6098002dd302c1e172f11df126e3a9262e2cd85037ec2cd5b1f61e86217bad,841
question,L036-Q3,lesson-036,66a38e84aea4a1d6548a5e83c66fb1325132588c7b4cd32af69f9a475699a65a,732
question,L036-Q4,lesson-036,c1d012d3ddfb6e045c62fd67792226a98bf0bb042ebf84f9c33747b978f49585,600
question,L036-Q5,lesson-036,2f15afd4accd1a9517b4943d4abd9cbbe9cca1eb1b74f7ea708d3087b366a3de,802
question,L037-Q1,lesson-037,474518adbe5acdf2ab77429f881ddf06d9666575d46ff1828642a1709c4e58d4,706
question,L037-Q2,lesson-037,97f0491120a0d89419e9ea9ea762a0d5df1c491cff48a2647689b0a8118a9962,666
question,L037-Q3,lesson-037,66ff561fe39ce7b909d91b033615dad3558bd29b830d70d25d044b44fca4c93c,638
question,L037-Q4,lesson-037,edc2fb2f37a791140fc0e8b2d3b1c6de902cb43cd9d86a6585b5263563725573,688
question,L037-Q5,lesson-037,30946c649414b5809a0531556a960f52b311e17eb1343b9156c03940a730b6c9,612
question,L038-Q1,lesson-038,1649a9a1082d3a17e3684d7eca7ffbe2aefd37376854e25e3eadab2754dba9dd,962
question,L038-Q2,lesson-038,a04345bb0b23651211732edb2e433719fa2e13dac076c012caf53bd0f1285092,893
question,L038-Q3,lesson-038,02e24abae482e8ebdab0114206853fca673622a7d060234de5dd5de606a3ffc7,753
question,L038-Q4,lesson-038,23d383594871a074ca86330a3848b9c6a8dad43e13c2d450de87f41e91970779,1051
question,L038-Q5,lesson-038,e65a9aeab118b8bc00b8e29d36dbaf0062058dd52cffcb41df4d1addf0387946,774
question,L039-Q1,lesson-039,9a2cab5151a097c104401c7825177be2f86fc7c4486f7188264358753d63c1fc,1231
question,L039-Q2,lesson-039,eea75a6885682d707f9f43110da57074804e71c5f4440a2eb134a2d9db1d2a4a,1014
question,L039-Q3,lesson-039,a75f728a67552d6184cc5e2fb290ab55ab84df41a5d10bc57dd51aee89366545,907
question,L039-Q4,lesson-039,4208e9e59bf252521782b9d3be165430504277f6a516dc69ab4222dc5928a038,929
question,L039-Q5,lesson-039,837ba4b714291127289afd6a083dbd831a77955726bc971e4ecbc0fe26d89e56,965
question,L040-Q1,lesson-040,11b215138ffe972e14696abe205b5feaf9b307e5d3dbedd36751e746cd5c0d2c,916
question,L040-Q2,lesson-040,812b10f164f731726e0e6ed1084105dcd18d47e90635f77f3d4ff22475355fcc,891
question,L040-Q3,lesson-040,8e5de46e1d03d548bca20a6335e73fb01596ff068c0d8ae8a4d994c46082053b,585
question,L040-Q4,lesson-040,ab6247bcdc63fc305043cb98f636e059047baf72fba58be30f73b892f062c106,1043
question,L040-Q5,lesson-040,b8f2fdf630d9d00c29153798dbec63ad34eb94c07267dd08683ce3ed1a2dd940,1383
question,L041-Q1,lesson-041,e6178fe9a98b9d2353f53f36f4ee87935a9fe7e5bfa2324828527246159b291e,795
question,L041-Q2,lesson-041,eeb5e1aa784d8d2d58e044067d6d255dadfec502ca9a578a7ae9566a628d84a1,837
question,L041-Q3,lesson-041,4ee2f8c760354d40983321e6c24ec9575674420e344571355207a2429cf1106a,1098
question,L041-Q4,lesson-041,a567562b111f07059ca8db7f0d4350bac77e4f8002e971d60f7d0941ae275b3c,1140
question,L041-Q5,lesson-041,ab75bc8f699ce20896b74d36b80453e0fe9280abec99d75e877aecb1f324763f,1097
question,L042-Q1,lesson-042,60293b8659bc4f1a0e3971261d213ab5079ad0c1062765f41e8e8fd911d0d3be,871
question,L042-Q2,lesson-042,d16ded42f88bee208d318b5ff879847e533fa6d42fd63ba11884123687d05d4f,848
question,L042-Q3,lesson-042,f02cab09a775988b5713bc3fe4b724a44be81377a753b9deb04736c198ac9c42,961
question,L042-Q4,lesson-042,7020a7eaee8613137c096eb3e4fd682496b02bfd922317d4f7512ce3ace5ed32,1121
question,L042-Q5,lesson-042,88a4f832c25bd2a9b06208552bfa5f88c083e4055c12d363de9ea6df4bb5fb9d,1044
question,L043-Q1,lesson-043,35811ee737eef121eb8bad9a256952cd7bf81915179741ad520ec714a9f22b1c,1066
question,L043-Q2,lesson-043,bbc2eae1b8f55d30bf556105ea8f30312ee1f724d0c3fcf2f5dab440ead7a00a,782
question,L043-Q3,lesson-043,21176650658d7f0d791bc50ffc466be9bd978890776539c40fd981cc6f3034f9,985
question,L043-Q4,lesson-043,076df1b88cce83e46c34802bf851991b2322353680eac4b4372199223c55c499,1012
question,L043-Q5,lesson-043,84d1a7f02076c6692cf3ae2cd46320e90d41d1c16b7a009bba2d62490e062f2d,1285
question,L044-Q1,lesson-044,2b2969423a4ba56aad187de2c82c49a47b2f72db7c255bd58083572f178a52c1,1047
question,L044-Q2,lesson-044,4c4c4bcd533ec07c4f77be69bac44af882cf1a8de74e44cc1fc3571583dea137,800
question,L044-Q3,lesson-044,4f636e9652e7e953d30f5d704120bab41a5e35dcffd320b75d17e429e27a43cb,777
question,L044-Q4,lesson-044,f74592288cad4e9633f720f0126dbacd3ea97dc08ea2d4fa1d342fe64eb77d25,563
question,L044-Q5,lesson-044,f2e7bfea9ec285fc92d355bd0b88079e8fc0d11c4dec33e5174daf03a1206861,1126
question,L045-Q1,lesson-045,c652bc6dec1be5a7c68c61ec1ad884ed193eb9cd0e21459bef9b346fcc1673e1,681
question,L045-Q2,lesson-045,6ec0f56334742979a7eb2994d9388365e53d685b239913eab2d40df9af1a0952,884
question,L045-Q3,lesson-045,60da871a09fd9dc8127e37e586efddb5f54f5094a45c6a3269706a88d6586c46,878
question,L045-Q4,lesson-045,1e4fabb67e300e531abd21748d63c6546921d61079092270c11e3dfb8c55aee1,1034
question,L045-Q5,lesson-045,467054db5a4c1f0595b4e339dd654506fcc391af503b9e963aa345b2a70836c6,1116
question,L046-Q1,lesson-046,33e845f778647f7801778e37cfd6238777ab2ca6c16772ee4b337c7903276b74,784
question,L046-Q2,lesson-046,c438108321ca7940bd7a6e309ee7880f441a37bb60cea9d0b986a60eedec7640,778
question,L046-Q3,lesson-046,395e1fce4c758013cf0500d17c760cf47a0dafc6b264b43f45087ffa68e25413,704
question,L046-Q4,lesson-046,21062d45c55f241e772f920927ff7d8e5d7eb8b49b964d790a689caddd6c5f89,990
question,L046-Q5,lesson-046,c7dd70ccde90093687d2a812f48af81f30fb1d545b3f1f645144d82ffbcaffff,834
question,L047-Q1,lesson-047,567030226aa967810d7f6c339e59fa15a084f20d857722a42915145ff766ef96,848
question,L047-Q2,lesson-047,52c39fb0ca2f1b745600966671f27cf005de5029f8d3760d4772079b90c217dc,943
question,L047-Q3,lesson-047,522cfb1e16262f6727f6356649f20e4c5f4e535a992f9755b5797bf544b2f03e,960
question,L047-Q4,lesson-047,1de34ca36c87ac574b8e92f525cfb3cc615df3d985e7b8447cb442fde7449734,977
question,L047-Q5,lesson-047,ae672e4efe94c5a8caf811568d178b8ca02e6a0d0be202c68e04a3b83536d3a9,1089
question,L048-Q1,lesson-048,11b569b7f0918edacf43eb1de4d6b21fed9b1ba72dc00be81091a56c45f33975,1036
question,L048-Q2,lesson-048,68aded99a70799bac9119257aceea77818b6b18b7428cb1ad282773e9626b097,1047
question,L048-Q3,lesson-048,693729da77fb35180535e1a545cd0ac5199c327e92527d1db645164b1f0e1e0d,1167
question,L048-Q4,lesson-048,7da09266025ee89098dbc0d8b7369c50cd4689c8cc3d008ca3aaf5813daf638d,955
question,L048-Q5,lesson-048,7d46c00aef4db82d62ca076442c4f91e3ec6f4e79d03126e0d4b5729f76a5854,1178
question,L049-Q1,lesson-049,50877d1909d4b6127e51ddb77214126c209a8df5262f90d5baed013c534f649a,1226
question,L049-Q2,lesson-049,f6c2edda9328eb8975c62460801a707ea0695f967a6c38f421242666654cc964,982
question,L049-Q3,lesson-049,6520e90324e47109425c13a0e6877675463ae9138cf168c4378f60915fc5029e,1031
question,L049-Q4,lesson-049,29c9afd51487fad9b20553072d0e2a5294586ccfb6b0e2aa71810722eaa75b39,1065
question,L049-Q5,lesson-049,fe50999df0c5d93242faaa14ca7925ff0553b400d3199a76730f2f36d9001665,1624
question,L050-Q1,lesson-050,4a0cae2c9cd3cd81bb81dcce1b77b3c0a07b1a2ce9909ea50a6f1cd0d229dd1d,641
question,L050-Q2,lesson-050,1ea18841aa3252d4f94b3ec288d5361b0e349da6a87fc2269b4e1dbd972114f2,724
question,L050-Q3,lesson-050,8173b3ab81852afb522f069cb30cdfe478909d48a731267eeec9dc4c53738f32,621
question,L050-Q4,lesson-050,4d2751bd9a62489045512e55060e6a47b487773e9a4f21b88ed2027de0128588,477
question,L050-Q5,lesson-050,a570f6ca30316828b505808b30f9703f57152af47d637f0b869a6810ef11074f,866
question,L051-Q1,lesson-051,10a9edd8dfbf2ded7ef0e2fa0900252d7db12ac3bd2befa0f5c4c5cacbd97595,1033
question,L051-Q2,lesson-051,22584e56966793944354c5388776d39c0b3735833452cc778bc72671ff39f9e0,1060
question,L051-Q3,lesson-051,9ef8ff7f1b0e99a792344580527e996dcc627ed5b62c4537b044d039beb10d1d,1024
question,L051-Q4,lesson-051,76d46feb6ca3e66d000440bacfb75252727bd4869730445a53dc6914a1875184,1229
question,L051-Q5,lesson-051,9097f858706ed7475c00a731a8193f830be46a3cc94f1138bae454798de81004,1218
question,L052-Q1,lesson-052,17e0cb12ce817907c469f5f5c8e87128943e7e7091dcb52ecc8debd966816078,968
question,L052-Q2,lesson-052,21751c7b5c068bc6f67b00703acf830e6d65cba0a4decbed6cf5b4e1aa626e25,1212
question,L052-Q3,lesson-052,68dd2f471c181824b4b71a2a03207ca205c7d8769565024a1ce88cac960ab1cb,1090
question,L052-Q4,lesson-052,cf8eda8ebca939518e2f8443f0ad09b7d46a050362af91b9af765b46b05a5eca,998
question,L052-Q5,lesson-052,4946f0d30ae392021dc866d7abc79e52235da771edede61819722878a5295494,1445
question,L053-Q1,lesson-053,f50f647f0d0990bdb8bcb89e616f1ff49dbd3b2f4f5ff916615badb993bbca41,1023
question,L053-Q2,lesson-053,58bcadad31da4091a89b2574466f744f24ea54805721d60a4f04efb16438e328,955
question,L053-Q3,lesson-053,77e20c04f6a612007aad9a9c9fd9fec298f0a19b53332b09bad4d16e6ee995c3,1031
question,L053-Q4,lesson-053,eceb3b37e8d53fd80e7bc3d21e816f4c0aaf4c23e89d49cc1984bfa964c2b4ac,1286
question,L053-Q5,lesson-053,2754b50d3333def7f492230e54d42c046559dbaf8e6dbc7395add5d02dc77524,1421
question,L054-Q1,lesson-054,1ff8b8307bb21262a2e8ef49787143027e3bd9bfeda225e80606307069f8e454,1108
question,L054-Q2,lesson-054,60e83e10b526be88762e6bc7aff7e4f13b95849698ce7db0cbcd6744c9ddb7ec,942
question,L054-Q3,lesson-054,1851063440ab183e70959b8d73ea53be5fc4257b11a3605e428252b51c6b581d,1060
question,L054-Q4,lesson-054,931bc76c950de1b30b0e928610c82a3720d3b49b49676739d2ae4b67156daf33,959
question,L054-Q5,lesson-054,2b6587aa7be731bed9ab710a958c78ad89577b1ea4e9edd5b97513980ef4487f,1291
question,L055-Q1,lesson-055,ee86416334a836eb0fa36073425d030dbfbe1e81eed08a2a2da15ec8d7dc0078,993
question,L055-Q2,lesson-055,0c62c2eec31a6ec6977fa724e82e7e91e75ae431ba1daff29bdf232cc4d03c15,896
question,L055-Q3,lesson-055,95474a3b2de4aa614b33b181d58c03fa022aad88174e54c5a9812d912124a077,1128
question,L055-Q4,lesson-055,2ff92fe3725fd287e37976a9663ca5629f5fa5a7b04fb4237d131ea55888400c,972
question,L055-Q5,lesson-055,6b5f0e945d001847d8f20eb3f37f7eeecd0afd3ecea6cc7db992bbb101ef24cc,1234
question,L056-Q1,lesson-056,5b73e0abb5f5e33dfd3fb4422b23522e526803731c68bea9f861e8213c500474,1171
question,L056-Q2,lesson-056,adb6dbc475c001b243ed9c84a7046a058beff5e1d043ac6546a2dca1ebdc600d,1011
question,L056-Q3,lesson-056,274e269131bd60f439ceac1b52a8e741127ba976e8f736144d006e95bfbd59e0,866
question,L056-Q4,lesson-056,a76295b8924d7e310cea0f21382cd91e27cab78f5e643bb4b5ddedf01c646792,1233
question,L056-Q5,lesson-056,01749439acdb17419339640d837c2d2859af533ed491b40723a5aa57011c0d0a,1329
question,L057-Q1,lesson-057,014988b398c97bdcce1f93a198ed4ed14aeb1766a793052d3231f59286009f21,909
question,L057-Q2,lesson-057,72c4c9869d3b9f6e2989ff1524c7ab5e38a6db9ad26a1d163d9747339eaa0fc5,1024
question,L057-Q3,lesson-057,c999b62405264bdbd536f42906004a1b25af48389cbab345a585a7b986a35bb8,1017
question,L057-Q4,lesson-057,4d5cdcfcccbbf4534cc3832eadae66348639ea47d7bc3402c8110c5601cfd333,1117
question,L057-Q5,lesson-057,981068f0eba5483cba531f480814360a01bd65b8dab6b6a720dacb1970689612,1198
question,L058-Q1,lesson-058,61a6422c639de05f3824953e7776070504595ab3e06294f5d30ed647c2e9940a,1000
question,L058-Q2,lesson-058,aec521637097d823b52da9439540284114e747c3540aee7210f2db8623400609,838
question,L058-Q3,lesson-058,9bfb1fa2d6d2b30f23b76a86052df6b938ceb21d3ab8d85561f72624977f143e,976
question,L058-Q4,lesson-058,f7ca03a497600f518a1f724d71959a51eae6f4cdcf5cccf3d973a251df0af339,1154
question,L058-Q5,lesson-058,b4575de52dc462d5c91de345bd3b52a3e174c37f2ec87e0cc9b22ed2b728c1ca,1220
question,L059-Q1,lesson-059,62aa75a076c232991e88cd9e574e5099392a1ed83e50bfd7a6b3e8b738c5b8ef,1050
question,L059-Q2,lesson-059,43ee7107750d47fd18bd4e6cd6916d1560633f68e188e7e6155144404c378357,865
question,L059-Q3,lesson-059,6a1fdd052899d3cd6a80ba6a9915d103d07e858a1cdca1f2e8d918feac216305,1097
question,L059-Q4,lesson-059,67fd5c59f51c8acac60fc9c11c20048ff6b36312b5394b4a7d4415719eeebedc,1146
question,L059-Q5,lesson-059,ad3cbe8510a959bb10267a4986be94d922ca9556fda12eca2e11d48a5ac24392,1355
question,L060-Q1,lesson-060,be1e6b1406e15cfe9f4f3f7923042c70aadc1219a0ff4da362599544a8e405d7,1462
question,L060-Q2,lesson-060,893e1b849ea5d0acc90088b55b6767335da4ec4bcfd9b99aa307a95840dbfcc3,1090
question,L060-Q3,lesson-060,d51baafc7c2fd4b776c26be35492b7ee97b72c1331a372796a3cc070d5639c95,1044
question,L060-Q4,lesson-060,6df08e8e8311cc85499b17c55c85e892ac43a4770f5b1e3bef0c0c39a998cba3,1566
question,L060-Q5,lesson-060,f74fea91abf5add75b0d24e7c8abce99a99a3ba86e2b6491d0fe798969da32d2,1442
question,L061-Q1,lesson-061,a4722b89ead69739c9191002b6699f73a9b8a4a2be32260d2b79e8bbd0c778ea,1287
question,L061-Q2,lesson-061,28413fc2eb9a822a91099b3b9dee08c0853342608bcdf01cb0a98d6bcdb25e95,1356
question,L061-Q3,lesson-061,c8bad7c7dcc0322e45a1649c834ba218db8e70858a51d0d61f8ef72c3cc0828f,1063
question,L061-Q4,lesson-061,65b562b9118c27313bb88a4f4f4baf8747c55e1c55ba5815cf461c86dadab6b9,1117
question,L061-Q5,lesson-061,566c4147f7c6cf2b4d9a1cb16ef2da2380f39cb626dad6f3e20e9b72fff2fe65,1139
question,L062-Q1,lesson-062,067a20554d80dc544db155e0b1e0fd30df8a7204a2c3fb61b9cc5bedceabadcb,957
question,L062-Q2,lesson-062,e4b6eacaec4a72a035065b9ccc790d1d8bdb6c3a112886f52f62d9d8625173b8,1510
question,L062-Q3,lesson-062,d008673e6ec86727c9ff65764ca904ab81c4433be365249dd9047a975ea8e01c,1081
question,L062-Q4,lesson-062,896a627cee586aa6688cc21278c928a19ba08ab785edbe360168366df63b715d,1086
question,L062-Q5,lesson-062,d01c0a47287ae6e49e3e8c21c3945c4ab9a752cc1a075aa4060a9cf66c3ac90e,1347
question,L063-Q1,lesson-063,00fb4bbb3a18c80c4d383f170ceabdd4d6cef17893e0188518e6de0098dc8338,899
question,L063-Q2,lesson-063,cbde3e58be69237af02d5627d04441994a7b82242f2477d643b88a9571463fbf,857
question,L063-Q3,lesson-063,2843b6ddf520c8fdbaf59d0e35cae2be3828f9a4b1d3eb69faed4b54817cd2f9,1077
question,L063-Q4,lesson-063,687d67dae1192a4ee1489dd8d34d86c5efd1823ed32f6dffa6019bd18f665920,1129
question,L063-Q5,lesson-063,848cad040c6cfed61383dea7084e22964ef1b85e360a5574a14001d4bfd5cef2,1363
question,L064-Q1,lesson-064,73c7e316c7e36c165c9cc520fc3df16ed3c64287640becad963766dc328e6347,1060
question,L064-Q2,lesson-064,4b5049769cc809a62bb25a5a4587339167ed7db7f7ae59d0ff12e1701ecab160,950
question,L064-Q3,lesson-064,9af314045214865d7bdde11fc42d6e8f008597becac81eb06ac9b9e316883fd1,1137
question,L064-Q4,lesson-064,a65575d0fe8679f56fc70fbe5025f24a33975a40ea8d83e687b3ef96abedc064,971
question,L064-Q5,lesson-064,d5b38013db59b60bce1a2f17a2ffadfc9e4918db304f31b4462af004287c4ed4,1305
question,L065-Q1,lesson-065,de39d986b7f0151f94a11cf0449dedd1d6d76a59ad70cbc61f3ef411fe412480,1137
question,L065-Q2,lesson-065,2f3bf76758cfd47adda2a3b66398f16d03672856bfc9a88b3d6d9f409d46da91,1222
question,L065-Q3,lesson-065,aba6a283e107654b4efbae18cfcfe463eee7981c7fc1fd8f15414e412aa56b1a,1020
question,L065-Q4,lesson-065,09272ad367cc5616089aab674af5820559d551bffc7ca2c0c5617fc017aa1a02,1129
question,L065-Q5,lesson-065,ef91300405ed4e6ba9a7c43f890ca8a43b2e2bce8675c3cce8b78ebba2495ec8,1225
question,L066-Q1,lesson-066,4519b2d46afedcd33eeb5b76c43ce177db24836ca4c2697d3bd713d7321c7259,993
question,L066-Q2,lesson-066,dcfaf6707ee1064f6fe6ffb68d83f04fb3945e3d348f93b1b93805abcc4a2a8b,1329
question,L066-Q3,lesson-066,107f0176a1efd4413e54c0ea7bcba53af34bcb51398e22e401918387f50f96b3,925
question,L066-Q4,lesson-066,24ed0f062a0ae705c4cb879df806210a9ba2385ba53a37b231f6f71ade11cc7d,1073
question,L066-Q5,lesson-066,41e8cbeddc65a4045d0fdf65197c3e19f1e4bba43bdcca4f443551ccfabcd1c5,1206
question,L067-Q1,lesson-067,57b1d3554192032b44130c7aa403264c47b4d53e04b1c77c358f98d312c2df0f,1098
question,L067-Q2,lesson-067,7dc582a2d9bf888d9bb962932ab8fd6e83a1f0548fe7c170221e66a5adb30b33,1010
question,L067-Q3,lesson-067,cd7fb0c0b63f5b1bdc4d3cdfa66c4318756215e29fa9b177826941c20d307a0a,1038
question,L067-Q4,lesson-067,a642de0964c12e111522586da1359b916dcfafa0bdc0690e44c09db5c6a317ec,1094
question,L067-Q5,lesson-067,a3050d648cf1d9d478b277987882fa9c54568801ee4c667a94cee0a2d9dbfd8e,1001
question,L068-Q1,lesson-068,d75b40faad434ac758096d569351671791377e575b4d992bce60c098efb0f026,995
question,L068-Q2,lesson-068,2cce63242d1641caca30968539a897df17a1308e22fbf4b9b52011202c6d007e,1038
question,L068-Q3,lesson-068,65d52ede603c19a701134928dfd03fee1a73609dbc4a6edd88ced6dcf5347b3c,1155
question,L068-Q4,lesson-068,a245a27dc3e4ebe828400518a396b6701e8eec7d29752e580676e0cd2d240f25,1275
question,L068-Q5,lesson-068,cdccccfe69a6f88c7d53d92e16bf6b67c5eaa72dbd7cafa67dbe5942222454c2,1338
question,L069-Q1,lesson-069,c3f53de6f42976d2f42fdc5cf4d33eb20b1441861f67c8e68908dacf46019dda,1111
question,L069-Q2,lesson-069,6e8552d971874560b9d28df97ff68fe343d45d4c3df6e55ac555a8e1bcbf17ca,1494
question,L069-Q3,lesson-069,81d7466a1df32beee7a0738f1a0830147e8f9ca8612cf5e6afb4f9c716dfae0f,910
question,L069-Q4,lesson-069,e5823f8fefe5f5c3c9e924e1ca6349b65246892afb80e79a326423485c22b887,1048
question,L069-Q5,lesson-069,dc9c19041dfed80b665cf96668801225540ceab74fc5c61da5e00c5421dde7a2,1418
question,L070-Q1,lesson-070,453d30ccf486ac2fe473a816a584de7c06d491df5187a9db4ad57a334eb59b83,962
question,L070-Q2,lesson-070,d8a255e6d43d5b51358b0fafe10a7b2c15040891eda9cd4020555fbdf1f380b0,998
question,L070-Q3,lesson-070,f25a7b333c7bef8b15e827c20492196ddbe4298daa70a2a367fabd6f3795e7e0,1160
question,L070-Q4,lesson-070,2a2b723487338b0a444d5573d52d4937c3e3ff423c67e3fb06006b1b102c5bda,972
question,L070-Q5,lesson-070,e34b11a94cfe122a19abca1c249120f54b6a1901658533bc7d45da40d8e6782c,1212
question,L071-Q1,lesson-071,e6b09c827cf210c3d51c2534785ad16e17636c59830ae80f4f354cd79c5bf92a,1142
question,L071-Q2,lesson-071,ed7842fce4def6be304d85b518e8beb0b9b315372a31b4c8b3f28b91d6b6672a,1178
question,L071-Q3,lesson-071,c39d81f0203c6edba69e2d7a1664938ddda84c26e212d5efa9ca361d70776416,1199
question,L071-Q4,lesson-071,c574fcda28c7be391ec54868557b453d28cda781fc544f947f5cfcd753e4b0c7,1058
question,L071-Q5,lesson-071,f6b450bf8178e33067bda00c2037195c22f9fe0e5acbe9b3da04729ce9f4a212,1716
question,L072-Q1,lesson-072,11644a83678d8069fa9801e979663988150d63b7e4efa30444ff91da39fcf40c,1515
question,L072-Q2,lesson-072,94f1b0553ac43c484ffe7dd65e1c854ab3ae9e2f72ab7b4a0a205883aad45ee3,1103
question,L072-Q3,lesson-072,aee2c8369e6547474a49ac8c7fa462f5afefa4634acc17192f76b7be75fe7fda,1285
question,L072-Q4,lesson-072,dfc04185b2d70e45bac41141135f49d5d2775ed58556309f1f691f568fad4958,1222
question,L072-Q5,lesson-072,24466e9c5f76f92b73bd06bd839db4d67aa6d61894764e8b8fc2f4486a73c0c0,1694
question,L073-Q1,lesson-073,fd950d15fe7b21c5b92ec7ae2f4e900a20619c6e4122676e375e92c1532e19be,1331
question,L073-Q2,lesson-073,81b1e4515f661c31f97cc524b05b84f435ec43e3aa71045560fa028098233d4a,991
question,L073-Q3,lesson-073,107e072794abbde7e58b8f6ae5ef7c22d98165a9ffccd26f7fffe59336b2e6f7,1531
question,L073-Q4,lesson-073,c914edbb88a53ec8f106157341b5f83d3fd721d56293230ec9fa9924b34f9c5d,1055
question,L073-Q5,lesson-073,3448a4dabfdc143540f78492c8ff753ee5208f1e435ccef12a12dd34c6d8eb38,1707
question,L074-Q1,lesson-074,c8a8e6ede8fb1e29decefe462ba0a26159bfd4ceffb56bbf1305c500525fa1a6,1243
question,L074-Q2,lesson-074,3d9dae4b6c8e18de30120651f688ae48ea47cc648e1d04448a0a5f39d48a6e81,1131
question,L074-Q3,lesson-074,9ce5c17658fd392561d8a908d797b5b3d3be494727211d79597fd62511cf4d0a,1094
question,L074-Q4,lesson-074,0ab8b8e3e016ec0efd83f3f9c252d70dd729b54126961b95e52f70423da9398b,1114
question,L074-Q5,lesson-074,348e07233115897cfb6cd866bea67f3654eb8dbc1e4fd673fa1ad9b51c48f9b7,1274
question,L075-Q1,lesson-075,33d8cfbd249a76adbe0799b58dca8a92473a523f6afa9762ed5a665509915f63,1412
question,L075-Q2,lesson-075,6149db96b6ccde8c71838d2150268f133d282592ce22c919a9fcc459e2fdf784,965
question,L075-Q3,lesson-075,3c2cea0d81fcf738ad86b3f83508aff813cd5163d05b7976764134dd5572adc0,1428
question,L075-Q4,lesson-075,723dfb1100b7417923df744eb290e117f5b9d742cd18e04f0536432375396c3c,975
question,L075-Q5,lesson-075,f66b45aa452f45992c16f7d00fae52e49e9f16f0742dd65e31d017785b0cdf18,1364
question,L076-Q1,lesson-076,114672d8b54d3502bde04d3a6d34f6090f18321f52e960c7a9ba00c87c412315,1315
question,L076-Q2,lesson-076,3f85b94da158c2016a17b3c7e496611963b977cf2a97ad5d58347f847130d764,1086
question,L076-Q3,lesson-076,7490d961e75ed757896f04cb0bec83805ffc2e0d46164c7655a706ff95e83904,1257
question,L076-Q4,lesson-076,b645c59d161e0d3137f4907bfefe14e115956bc51353d299e5f452a6be61c27c,1119
question,L076-Q5,lesson-076,01450b8c7b02bb0a7e5fb6b6773c78eb8fb0f5fed2347334a634ca5f5cc113db,2230
question,L077-Q1,lesson-077,42456412dcd735d9dd1750115167c8c8cd6018004747cd2bac89ee9c9fd459b6,1568
question,L077-Q2,lesson-077,37bcc0782b1425111392214ea73a056c29b77716b4bdd5ae553c69be7faf78e4,1099
question,L077-Q3,lesson-077,1a3944235b4972de32ec1d5c51f91d877d9b7e2c9971718e8a4d0fdb5862b85f,1303
question,L077-Q4,lesson-077,4578815b4cf4e52d3fb6978e238f4eb1fc5e67fa297cb1f010d3229c0594c39a,1389
question,L077-Q5,lesson-077,f5ce7c28b94256dcd64fca8a8c443ac5d44263458e9071664a6af8b0fa0e613f,1692
question,L078-Q1,lesson-078,5731bfaa8f8fa1890df04d0f68b38de434761ba8303828e81bfebbea92bb84cd,917
question,L078-Q2,lesson-078,c1c4c6176a9788c5367369cf9fe22cf05d6cbfadb82d4993459ade1dc7678f4c,770
question,L078-Q3,lesson-078,4059c0d28b727ce66d9696da1ee4a106ea75b67913175d4464a99e972b8264dc,1250
question,L078-Q4,lesson-078,070c3649a1bfd51dc3c16d9e8a53531b1cd3f0e7669cc3d0af23f1ddd90cfeee,959
question,L078-Q5,lesson-078,300b05741c564bf03736fa2eb06213a81a6e2675e36046a2f35dc82e929e69b7,1211
question,L079-Q1,lesson-079,aab5bec1aaec0c8e23773d56a945fce620074b5a1fec6f7a783eeb57c8663022,915
question,L079-Q2,lesson-079,a04b19eed9ff688dd0fa0f09e8620293108552eedbbb5d748fed6f0949183ad7,1287
question,L079-Q3,lesson-079,8f713de217cc045c6a1333bb65d90247b298e5d768bf360fa20ca02dc92a073d,1036
question,L079-Q4,lesson-079,4e8130d841ba87fe75d3ce59f3d3862ec2f82f4209fa70266ffea8774c92f1b0,1160
question,L079-Q5,lesson-079,cb4a24a8c71ac664d3c595fbcc2c86059e65c1e4079e71b5e0623bb54992c6c9,1471
question,L080-Q1,lesson-080,82d0529c0acf5953d3ae64a9d576c8b44ae51508773ce46316d713c34e41d8f9,741
question,L080-Q2,lesson-080,5ce2ffb293bbaea83052a46e010d876dffb1fccf8058e691611e69531a7ce1f0,1118
question,L080-Q3,lesson-080,66374dac1e1cc93b3bf7eb7f8625a171790ab47711faeceee905ec586bc337c0,961
question,L080-Q4,lesson-080,c60b58fe8df61b7fa1f97147384135d14512d239798cde05ea14f684f7efd207,961
question,L080-Q5,lesson-080,538bb67b92610dcc33ad11f2da156585d5daf3f804d80a6f69aecaf593806b48,1094
question,L081-Q1,lesson-081,be2dce5a26250ad386056006e04f3fb5f283d908cc59e4cc0f0c960a8459bcf1,778
question,L081-Q2,lesson-081,eaa8c90930cd1059a66edd5f6797f6ab9ca4ef0dd07c8000591abe34164c15de,1190
question,L081-Q3,lesson-081,2dd0fe9c6456ae4c8dc37cbc328867937283cb51d4deed6caa3a6881c0014ea5,948
question,L081-Q4,lesson-081,85b60314eef28f4653dd57d0b214059448722fed43e192c120a0e29d0ec9beba,1098
question,L081-Q5,lesson-081,1c97dd17cb20e3374594de1c71937c349bb15d1b94e65a514efee2b511ed09da,1110
question,L082-Q1,lesson-082,17973fe700db5e1676821a54eadd880fcd1ee983858042f12946050a231af627,754
question,L082-Q2,lesson-082,e07eb87fd40505d64d34b8f130f93dd7a28e6e636242175fdaaa16b71034149e,797
question,L082-Q3,lesson-082,e1ef4474a6127ea3cc49f38526b16782600c1a34e809eb416346f2d8c9de7009,801
question,L082-Q4,lesson-082,fe1cea8658f46f69e079c6a5a3ccc09a0759fe0de1c289f8cb62710b76ea059e,1024
question,L082-Q5,lesson-082,fa71e7e7e3fa302d06513a7abe6e6f7848a82c0688036edd786f4e084ead3f2f,1398
question,L083-Q1,lesson-083,7f1ab6e7c34cc4494a9a24d273816f6639ef289923aa2bfdd9a84695f53414b7,729
question,L083-Q2,lesson-083,5a2ceccfbf1ca40dba94c72c4553e2f76e8e7abc06151d891cb0d5cdb6e64832,1241
question,L083-Q3,lesson-083,1e8a482350259bdcfbae6a3616ee19c377a6633a53d9c2eb1cf141bdfd8110e4,1100
question,L083-Q4,lesson-083,87886a2a192a2dd394e228e3d1f07ed6a7fc552edd486f32298a567a6d9948c9,962
question,L083-Q5,lesson-083,dc061fb055033376e89b5fa11d6d6b4d29895550a5ae653c7d963db7967381ab,1151
question,L084-Q1,lesson-084,5835a57e185dfa0be81771ca37298101b70ecb6c1ef843a064f2016577768f35,484
question,L084-Q2,lesson-084,e3b1c492450a851b444d0a0293a93699656efa5147666f87cdef054b4fa82efd,628
question,L084-Q3,lesson-084,206fdc06cbe23f0164a0d7c4de00f14446d2d8e2a0669a35f2c0c97406cf33cb,517
question,L084-Q4,lesson-084,a3c1a67928b96e652937dc471b74e9f4f071955576bf2ff3bdc92865eaa19675,604
question,L084-Q5,lesson-084,8f98c66334155f7622db31b0eac285604b45178e83430d2eb1c120c8b24c9f3c,892
question,L085-Q1,lesson-085,919c63f16de46c86d8e4c9e9613454d38fd4f8dbc8b44fea0ffd81ae1448a961,631
question,L085-Q2,lesson-085,9f7d06df99c194a2efd56b4a85f343c1f534c347f3aa62b1605ca21b7a31c4e9,401
question,L085-Q3,lesson-085,86088e444e4c4c5cd706221ed8e22c81d385a07d1ab49d6fc48cbe78e5e790f2,436
question,L085-Q4,lesson-085,5307f76431b2be051c1d74fbd66b993278ae3cd74b22c71f1500990e23b311fd,538
question,L085-Q5,lesson-085,d9d71621917eac67e6985d91eaa3993dafca9a2fd8626196c23fc3ad550efbfa,828
question,L086-Q1,lesson-086,98c4be3e3b2401683e65e4c78c53af44106eebdcf65ecb7af7b2ed52ef20e866,534
question,L086-Q2,lesson-086,4aa6196300c963e68f994e0fa50f066caa6e6760a266c3b4004b1319c2120bb1,544
question,L086-Q3,lesson-086,b5ffc8ef37d1958fadea61116736b508ce4b907dcdeaa5038738002ec6d57650,533
question,L086-Q4,lesson-086,1df5f5265125f1b07fbdb8e717ecfbe71cb525d804d66c599f41dffa4e5a988b,414
question,L086-Q5,lesson-086,8910457af367b7b53fb72036551024048ff79f421e689cf2892e86d5b8ceb05f,491
question,L087-Q1,lesson-087,eb63b4dbac81d8b8c8550dacb8a9e64372e660ba65681398bb82be147174ddd3,724
question,L087-Q2,lesson-087,337188b183f23b9c38b938025c05bb76198c361bdb0a01f737d6082155b692a0,511
question,L087-Q3,lesson-087,a90f2ac58b05fb960e7ccd078d3db9412d6fd58e49179ece7c1a755b5ad2c7c1,590
question,L087-Q4,lesson-087,4e5391082eaef6a017c9006bc672bd18bc044d6ba420ff0b538860d34cff3e93,803
question,L087-Q5,lesson-087,c37cdb4816b1291ae905f8694e755934484b0f71c386545694efb2a6763a5fd3,979
question,L088-Q1,lesson-088,717db85583dac41850246d105022fa2e699c726ee3f7cf34c8c296e9c66e556e,805
question,L088-Q2,lesson-088,08f9e346abd2c7eb1103fe40b9521c64db7e93c71cc4c0688891d9a8103dddc5,782
question,L088-Q3,lesson-088,bc9ea6d808e39c156ac7027f43bf393beefcc53e267d1c325d906bf398164b01,928
question,L088-Q4,lesson-088,01a81b4d757d94fff12122b860194e43a1bcce44f3a52cf959bcdb9e3b784421,844
question,L088-Q5,lesson-088,923cbd80d726aa1ca11128d54f2e4530bddc65fe423f11081c43d68adbaa53af,1043
question,L089-Q1,lesson-089,8afbbe84b95fc55d9eceaa5ecf6d6492f985e701bcf0a9b3ae5dabcc8feff343,1068
question,L089-Q2,lesson-089,fa52f7dd2d60baa47e2d5b98dc41af0b2383025a8228768f5d29226f5a667095,542
question,L089-Q3,lesson-089,3cbce5590b0704dc026cadda3b17b60277b92579ae08b6e8077a995be8199026,716
question,L089-Q4,lesson-089,0bf62d94502d4088f272155e1a73d6d90f6aaee775cfda6778709832d50ba6e7,982
question,L089-Q5,lesson-089,16e2910d3e4695d587acfc318edc7c308e5b1be0f200a55564694c2af3172702,884
question,L090-Q1,lesson-090,85f60250f5add2272134f120b5e54106a77e867706a05885e69d8cd97bf218d7,731
question,L090-Q2,lesson-090,6c0c442a4a210ea6f1123df12917d26d78633fdb24f393499e33f0ba47b19bde,656
question,L090-Q3,lesson-090,9f7aa520b1546c0306c6fc35d664e883be7f78acb7e60ba9f33b4f4616322c54,810
question,L090-Q4,lesson-090,84a3680b9415d495284969e2a2ec8458ba1d0437d8c0f721627be31faeadc685,921
question,L090-Q5,lesson-090,ad9e9f14f6d2d4f19e9a4dcafd395ee70f3548143e1385bbd5c7e7f5bceb998b,991
question,L091-Q1,lesson-091,95be539406e45172e935021126ccda23f48362e0b59c23495395f86d45551165,804
question,L091-Q2,lesson-091,96386ca2f5138ba7f3db80b2ae2945caba62f668f289906f413e177291583227,891
question,L091-Q3,lesson-091,9a33f77b6a67542f1baeb5e7cf5b3f2d08b0d065a45807b3407ed370e2533960,882
question,L091-Q4,lesson-091,0623b1172df4e0360f40beea681a480694d0238620d8eb74b989dbfa9af88a82,596
question,L091-Q5,lesson-091,d5fa37fb3a6478c6b7cab801dba7d14fa35b10f90c662abb390f78cac5ee985e,1179
question,L092-Q1,lesson-092,7b0527c4037e111295d80e6bf87d35a2339b011b8bc5b0931991614f2f3d2fde,889
question,L092-Q2,lesson-092,6d78e1077af4d2b82329f2c3690c7c532184b0209dbb9e67956a932a60d629a5,958
question,L092-Q3,lesson-092,cbb21f7fda44486a9c2e1ed421cfe4d347b387a76d9f9210979717b0f6b831b9,916
question,L092-Q4,lesson-092,e6020ed6bf8c9f4513c38aa94948107c1437438445a30a9afb7c71e0a6451324,958
question,L092-Q5,lesson-092,71f7e6591abdd453d0deca95cd61d2b4ef82796cec6e7d7317efc918dd571624,1147
question,L093-Q1,lesson-093,8951bee2c5de2bb8d8a7c44f99ab762dc42ee5e8e74d480c9c4cd950af270a9e,1406
question,L093-Q2,lesson-093,978c1c0f022c1199510dda5f15cdd733bd34fd737198fa2c3beeab1514e2a879,1008
question,L093-Q3,lesson-093,cadd91873312da2ce807e134eeff03fdf062023424b79d2d1e03a567f5cc716c,1220
question,L093-Q4,lesson-093,cb326be26007d161940a30917788adc247e40e10c9d88a746bc0ee9a7c0bc9e7,521
question,L093-Q5,lesson-093,71f57b5350d869ee60fa9f3c5b102fb90525d3729c27a58f5b2a23d5536e5241,1236
question,L094-Q1,lesson-094,31760c1de2a46c9ffe1cf2b68909f345a8b47e246ba9ae806c194f9349e1ce3f,809
question,L094-Q2,lesson-094,7317a834f2932171625d051e6f17e90e2472b561b11a100774fa5e2548fecbf1,955
question,L094-Q3,lesson-094,9a9f6c7e7f5e05c556f8c101ab9b850e551b6450f34ed6e534c4650ddda50883,1020
question,L094-Q4,lesson-094,6d97fb286e9f685f2b7d8a1d25088583d31ccc73789af0190e2741cc2997cd2c,547
question,L094-Q5,lesson-094,c608d0c8070c0c69e06e02dd48df7e76ae545308f681e11418fff4d164821f4d,1245
question,L095-Q1,lesson-095,00bb7f30be7a84315c43910e3dad2affbf81d75d8e66bb6b0620e485faa8ca4f,828
question,L095-Q2,lesson-095,6a1661ad57af7b09e69d120ea7e603c9e2a34ef14efd226aae09c67bd2e18996,626
question,L095-Q3,lesson-095,cbc933154413b9f0d5945ef291ab73c7c7785306d3f9be5ca89d49480182bb96,894
question,L095-Q4,lesson-095,a0db4d6fa6d33c145deb450df7f374493300efb7c804729a01f8c26f8ba25a6d,898
question,L095-Q5,lesson-095,067715c263b8fe183ac9fec70f9b3b7305d50c2c8aa2990180723d5d12d07c06,1111
question,L096-Q1,lesson-096,9c50ec1a14ddd8a57640c612449ce58697144241b1a50506ad5ca3b7afb300f9,1111
question,L096-Q2,lesson-096,fa94ffbc750b96090e7eeb929021000171d8e4d2ed7a1b08fd2960a9155208d1,1198
question,L096-Q3,lesson-096,dd0230c973b6ed4b3726968e10f10d80bc9021fed0da3fa94428499bb254a6c4,1502
question,L096-Q4,lesson-096,76df0aac68a27dc8cb89047aae3067d47e5d3eb8ae4b50cf9e8f47e8f61f06f9,1206
question,L096-Q5,lesson-096,0b38090a8b5077f00fb916a309f2618aa5e9f06aede021cc8291e72d8c553169,1183
question,L097-Q1,lesson-097,4db134e9691119fe53ab5fefe5f70dae831eb0739cd22da6c86d08186a37f60c,880
question,L097-Q2,lesson-097,394498edf7730daa065049ccc4c8c08bbb0e519455845a3052b143197b71a79f,1011
question,L097-Q3,lesson-097,046259f7751b62d5648ac55a53d09340be03d15c6868792cf263204269133b5d,1056
question,L097-Q4,lesson-097,45f52fd723df737d8b17bcdc6be99fb5e9f11ea41716ddad07bcfded8ff74a4e,886
question,L097-Q5,lesson-097,8f8fc2e09fb99f7ff08575a8bb8e0fa89aae912a73071553af42a38e5b846686,1418
question,L098-Q1,lesson-098,13045262aec8e1fd938659d748442414203f300d517ade10dce1ac58ae51756c,665
question,L098-Q2,lesson-098,f56534ec5f91a0a327e41e37ef9c333882fe13d596a844b861834c5666a11c16,617
question,L098-Q3,lesson-098,edc4958dce87f0a8a5285dcbc7a1df0224b9b7b822f603add726523fe8b126ac,717
question,L098-Q4,lesson-098,04f59853b9d62b1132cbdc6e413696b74eccd4ad0b15728cac8aa08bd7e21554,846
question,L098-Q5,lesson-098,62dbe181d6097af405c33f3f991d671632a58a937f35b7be8841a9654b2c438c,946
question,L099-Q1,lesson-099,f6d122789c26e948067e6ff2516249b1f2b96b29939f9260cb01523c3d7f15c8,941
question,L099-Q2,lesson-099,7b9ee64a31a100b060be209dc7df83958329e302a7de1aac5c1733b6758fc09f,1245
question,L099-Q3,lesson-099,cb751c7f284184d320ec22055614d1113744021c685ff917148200fe4ac85b38,1178
question,L099-Q4,lesson-099,3672728ef555608f21806d9eadd1c17fa0d11faca44310e1502bfbb262aa3b80,1062
question,L099-Q5,lesson-099,603754649d3fd24b85d359ecc4fc951c7a8e5de923467dc78ed35cd96ddb760b,709
question,L100-Q1,lesson-100,ca29cc25767e72ba15252e36ad4eaab7b7aae24c0b98a795a5d1eeb3ae521647,966
question,L100-Q2,lesson-100,0a1ee038a89619bd07739ea564e30a534d89000ae5c6207cc88af6b2231e910c,752
question,L100-Q3,lesson-100,f07c9ad805082d4fdbef78531f976b7deb700a2db316e6864095f65a50a95186,807
question,L100-Q4,lesson-100,a35873e9abcdb49cea6e689374488cfad375183a9125f567745308877784325e,923
question,L100-Q5,lesson-100,dd35c22da508648e7e046b3a1143319ce15917cd19e6fe4a2a78b6d53221596a,938
question,L101-Q1,lesson-101,4f1e588655273a286eb41b842b0cf9386df746ed8e6821d4fe3af7234b01d900,857
question,L101-Q2,lesson-101,3bc37e94477e269ad506d6b8adbed0cecb133d4b633c0abf73fb28f2d98c953e,788
question,L101-Q3,lesson-101,4e55a26c6da6e059727bafb78734832ae55581f88513f24e6c501f33a9ca5695,931
question,L101-Q4,lesson-101,ff8d009c9fdaa5ff73573515ce28007a91a3ed860886a3f8ff89ac210298647d,982
question,L101-Q5,lesson-101,146a50a162b7dfea0697add0f32005d8be6a88c4a78fcb560d91e2ab04f0e0d3,1242
question,L102-Q1,lesson-102,a593c602ebf2e1f4364f5588466b019fba95a2f67e554aad9776504d32bce839,901
question,L102-Q2,lesson-102,c06ad28b00db289a846be1f990625ca9dbbbe375cb2176ee0701ac713d2b403c,819
question,L102-Q3,lesson-102,4f80c9d50d2fce0635191edcc2f4cb93de5484e135b9ea638358d0ddf018e8f4,886
question,L102-Q4,lesson-102,57bababd225ea33417f30fc002567411c3e90f52a535ad15c6fbab770d0adc33,920
question,L102-Q5,lesson-102,47c470cfda36de549bd42ba1479f8762441029ca4b514c8ca08903ed0d102309,1004
question,L103-Q1,lesson-103,1b4b8a7e73cec8e6a3e4bf6b9140fe62ab0060f9a0d5ac07f881427d9a298028,603
question,L103-Q2,lesson-103,396e684d3aacc2d48a041306c52bc4dfba623ac033487051fbf09a8189eee60b,803
question,L103-Q3,lesson-103,026074d4bfa017811ba5867f685ec16652c3a14298ffe3cb7b51a7fc014ef2c0,722
question,L103-Q4,lesson-103,5ecb684b414ce8f0698bff5773a722fa6acc1e5399f9d6056b0b650f33fb722f,781
question,L103-Q5,lesson-103,0b0c7695b9473d05dc0fbc1dd4959c5f9f073a9a717c9420dc0f5d7fc5654d76,857
question,L104-Q1,lesson-104,130260cc690293d1dba5987cea5efe7a345cbdb99f69836459cb6815e7d6c634,793
question,L104-Q2,lesson-104,a35fb10c24df9209658c42ba78471fd60dd07cdb8ba7fcab62b9d247a1c9ac5a,960
question,L104-Q3,lesson-104,4e22ad0c0ddb929612cefd368946290c9d76b0248ed94ea9920a7d2bc2b010c4,742
question,L104-Q4,lesson-104,b6bd45da22c2a54c61560f70a5520eb7078c81b88a4d32f9e803c5debee71d95,770
question,L104-Q5,lesson-104,a07f31426b824ac1701ace18f341dec1453574ad9f23a59c6b539ed66fa6e1ed,992
question,L105-Q1,lesson-105,23dab214253451f67058a7a5b0d4c96da6f975c1b00a9bd583a0922c7b93bfe9,654
question,L105-Q2,lesson-105,05275a242f910be8629b0e2f5099ac79165e165512c9395acb549d5392731d51,690
question,L105-Q3,lesson-105,6b2c7bf1348f20aff38d67d71a8fb6a6efc80c0dd610da2bece6f05f0dfdaba1,911
question,L105-Q4,lesson-105,d9e33e66344ef9b3828189e84518430612af27a45498af06b95e3527bef2b898,693
question,L105-Q5,lesson-105,45a2e6f7c48a4d5a3061648132b6f5fe79baf1b21fd075001e038d1fb23b583a,932
question,L106-Q1,lesson-106,9bce227a7a0c6abf8d5d470c0f3798f1f4c231b8f82484dd31773cfc8d7a3081,1013
question,L106-Q2,lesson-106,d396a32e9ef9bdef5c004914e6318c2520d4ecadc1c263eb4c603b4f5d874db1,863
question,L106-Q3,lesson-106,348d90a1007bad7b5c84039e4c9f08d30923dbb88b67396053a4b90302dcd596,1029
question,L106-Q4,lesson-106,41e37d5d0940a5da95ef4d4a3e010fe56ec943f9f6ef8d16dc542ea95be22a35,1071
question,L106-Q5,lesson-106,d09198aaaa65b84d85b7281b74031efcf30921030295e1f42b240bc1d1bb0f49,1087
question,L107-Q1,lesson-107,043ebd27ef6f0600058f62fe9ecd1a8100b9b31ba054cda0994d40bb63e6fda4,910
question,L107-Q2,lesson-107,67330b4f70f1b6ef9190e9c85c2b983a07ac453936922a9c3c11086993a32c75,1000
question,L107-Q3,lesson-107,3db6df3b669e80cfdac15917841cc3fb9001a7a4fdbfee3894f3609d6bf06525,884
question,L107-Q4,lesson-107,db920ef19f3a7410f8aef3e92b26b1bcb695fcd50a572e700a8c078de70bc314,887
question,L107-Q5,lesson-107,e9932e23b21fdff2870a557e644613f48f34d2ff4ce8f3846a325d2b2db743c8,1014
question,L108-Q1,lesson-108,ebcde03e7fddd2ad02d77470e5cde1d9e5d638bad0b1d2ce860a78ec4ef35eb1,778
question,L108-Q2,lesson-108,5ebae8e7bd9e326f37084ba81c1c9e5ac07e201f6838488860cf842cda2e3d31,899
question,L108-Q3,lesson-108,348fa0e7b0ea0aed44503097e6dd494d15e75cdd69d0c4ec5300e248dfc0e271,911
question,L108-Q4,lesson-108,6a5a272787c9b0ee4c6aaaab8c6fa4e81f5817c7bbceab4c7a338ccd1a0bf1b6,949
question,L108-Q5,lesson-108,e5847afd9785b281956969c4bfec128fb89ebfc0ed5802a342f5d0e1dd23e102,1070
question,L109-Q1,lesson-109,516799180730cc63ef9d72f948f2a748533c9b68052c3666b4dda07611e8d5c0,1051
question,L109-Q2,lesson-109,1d528b53a438ae72d819dfb6216f08c2670e627266f3440fdadbf13ab9be6930,718
question,L109-Q3,lesson-109,6544b967b1fec3b3e7f52209bb6ea2be834bd61860a82b5edfde8230127a9826,790
question,L109-Q4,lesson-109,64736df8e831a6483ff57159b744fe93d463bbcc0d4f549ecafadfb2c46440f3,913
question,L109-Q5,lesson-109,7b1ee1740a5a506f44803725653b47f1069cedc20e2ebfff1cdcc9180d7591b6,1162
question,L110-Q1,lesson-110,8cbea658fb35a0ce67ded6ea616fdb718fb6a38c883abe7e222fae47f2d62d81,505
question,L110-Q2,lesson-110,60d96775592210486788219106cfe788ae6ddc36091d27d792753f9e24e59a9c,704
question,L110-Q3,lesson-110,e76cee9dfcab77b667813dbe219e89535d85989f58fc6bbeb75a8c876c70189f,696
question,L110-Q4,lesson-110,fabeb7a326812c474b16c3dfaa9d327786f8305811834a5bc08afad7d0bf2cb6,856
question,L110-Q5,lesson-110,dfa5ef6c4c8f5d09eefab891595d416c87a25020d6b7c76e393d047dcc789b69,1085
question,L111-Q1,lesson-111,1212728932fa627921cb97c06b8e51bc3d14552f1841ebdebaa95efb42658cfc,874
question,L111-Q2,lesson-111,6ac3bed31369aa788c36da4f43fd9de8c9e81590afa0bf9262abbba5205a427c,870
question,L111-Q3,lesson-111,1d3c3e66c67c640c2d681b4db20d3ae0cd5d622229c4c5299b2fb58f13665054,1087
question,L111-Q4,lesson-111,63a5bd1931f7941de6e9571dfd33d7b65ab6cf5862f045ff98b73e4694929a03,940
question,L111-Q5,lesson-111,b2194763943c50ccb64f4e322185432a2c766140279fb9fa8ca213e773007550,1008
question,L112-Q1,lesson-112,e06f07713ff74769740767753d42d3b30d9b79bef6ea50ad027baae806a07aea,933
question,L112-Q2,lesson-112,acdecaf3669e6fb51cf69b90301c4f93cfc97f4ffb581d89e8d7fd28bd58ebba,1012
question,L112-Q3,lesson-112,019777a7a95995d62cbea091484a24e91e226d07b6adb4f806c88dec8af0fbe5,1076
question,L112-Q4,lesson-112,0c9f8ca773407331cafaed401804e742ab656be9babb0f19a0e07d5a8ff2d1c0,1072
question,L112-Q5,lesson-112,49e2b63000cfd654f2fb435626f046950cc929b4120afab43a35628e58cfca03,1307
question,L113-Q1,lesson-113,70bc4532de6c860577facd67690796afcea224d83cf380e786e3599ed74bf8a0,857
question,L113-Q2,lesson-113,4b872946c54788c523ffa1175d0704eb154291f01dd0b988b37fee26c7da2ef6,814
question,L113-Q3,lesson-113,71184e36e0a8929eb3f592a187aab40b17818b9697004c95291e93e27a490264,724
question,L113-Q4,lesson-113,c44cdd00ec5770218894197ccb0403d82b8edbf400d0916a36a8479b8d3e5bdb,669
question,L113-Q5,lesson-113,45562ff9edf86bd62db9791522ebb2ca23f9edcd9ac6d46d0610282ea286b117,986
question,L114-Q1,lesson-114,3e243d2c6d7a62832edd10546e9ed65e687e74657f9409f6af18472429ae9536,847
question,L114-Q2,lesson-114,3594a033b1a1633eb06646965a02106b6b24c1a9204a7308c62c813ce7480710,1046
question,L114-Q3,lesson-114,4631e69d35e2628ec9c4d185cc211aba3e8b6c6d3df5b6883d30bdc329070094,819
question,L114-Q4,lesson-114,8cc39da9506f4dff7c5c1876d4db09779e2bd92917d27cfd25ce950abf1b9d96,938
question,L114-Q5,lesson-114,e30ca4c7ac3bc682e3dd8ea2d9781dacbab31b6394eaab2c83b9d8444dad6d33,824
question,L115-Q1,lesson-115,96458aac1fb28cd4a855bfd0ca1788284e0cf1dbe453ef386354c9b919d8a205,762
question,L115-Q2,lesson-115,fbd4ca14f7bb9ab92150b35aafb7c7d7690d04fbd0162c4dbf5adf45634a9287,932
question,L115-Q3,lesson-115,a099efe40b33e66c141bc6eb4d7a9790afe91b70a26008f8b8d466faff203d87,743
question,L115-Q4,lesson-115,9caff361563492984dd6ca575350a37468565663505497f3a568fc96bcb80bde,952
question,L115-Q5,lesson-115,3f87de2210274ebed3a198d26be691fd872d150c5c21cb4b75e30fada0f51243,860
question,L116-Q1,lesson-116,86417fc993a09c51edcffd1955da4fb5e414233d8a8c0b085a916c0a89646f0b,889
question,L116-Q2,lesson-116,e19656e7e7fe0e23697d60429359c52a104d257bb970cb456fc9647ae43e7cc3,930
question,L116-Q3,lesson-116,385530437fd5faa1466463896ac8669a73ead7a18a5990d33dd23a3360feb9f0,804
question,L116-Q4,lesson-116,207870965367573b8cab594209fa6d27fd2f2dcf8a68111e4941f575ad860dc5,717
question,L116-Q5,lesson-116,3ef4b2e4c5ac50d35da69fea8965eedcbb424d32199e3c562cf3a85fc0342654,942
question,L117-Q1,lesson-117,bca6bcc241d7a6672e9920dc33a2a06f6074249a579481e8c22ffd83de0939bc,753
question,L117-Q2,lesson-117,c9ce6de27b2eb28e13f0bf78e2ef5b53b6a411359f0ce2bb2846a18121682b74,811
question,L117-Q3,lesson-117,77da56079b304d8c6ddbcc24c65cce5acade3d3a5083babe31e6d7eca7bd895c,873
question,L117-Q4,lesson-117,dd730a624cdaafc9b9b0440c8ac86b15f2b01d1ad4947f5c721ebf4ee6573d21,689
question,L117-Q5,lesson-117,ae9ff7c4e7a0f361565e3d1117033226714288a3fa7764185678ea7a87779172,971
question,L118-Q1,lesson-118,3031a1498fa5c8140c3b5564bd649ec989874d55ed86ca4638ba052774422171,773
question,L118-Q2,lesson-118,bb60c6305038aa255ad9914a03207fca8f45b210020c3edf105960d3536e9634,696
question,L118-Q3,lesson-118,b1af5815271efc1cc2dfa873e3669c8cfcf75c78cdf4518c78e833a2a66ee9f9,1056
question,L118-Q4,lesson-118,1e8ceefe8009c818fa378ceac91341af8bf9ab3da51ffbf556d36b66299a40f8,790
question,L118-Q5,lesson-118,265dcff94232d6964839d5e6a62ef2d5a20e5fbfe2df7ee9b7c054d3fbeffa05,1047
question,L119-Q1,lesson-119,4caa64f595bae5e92b4ce68fa93bd4b729d19075a3198ca455fa349547d231df,879
question,L119-Q2,lesson-119,f4f2282844db436186074ebaf4605ed9b251fd7dc262801e413f035246c357bb,730
question,L119-Q3,lesson-119,2bdb77e3490c1aa5a6050597d9fc6918160b609e46db6986985ce5039c8b4b5e,759
question,L119-Q4,lesson-119,c10739ab78bb8bf27bdf2299072daf6ebd2c19b0527080973dd9c57bc91ff360,884
question,L119-Q5,lesson-119,b2a15192c9aaaff5f45aaf8989c7f15245f46f18622ab1df3e8d220c5e739db5,1074
question,L120-Q1,lesson-120,d4ee1674837d757532561a7ea44d1d195b11775d3814561a74da19cd521be221,700
question,L120-Q2,lesson-120,5bf34171b7a804835b985c4b57bbdaab123cbd5601ebc3380d70f02aaa74d6a3,628
question,L120-Q3,lesson-120,23eef065cd504aeb3eeb9d53a137a8d1b3ae2b524078e4815e31c5dc91a1b99e,833
question,L120-Q4,lesson-120,3dedf093f35bab1cd660f38860ae3e8aef545f516e7c3e4be9cd352466061692,833
question,L120-Q5,lesson-120,4d8adfb504e7b29bf580d4b7fb1b5b7ca9fe1e6f57645d714c2cea4ee7cfb043,1038
question,L121-Q1,lesson-121,3d2106743e792cb4d753170de48cddad10ce833f27d4a58d85537f7a56415fb8,857
question,L121-Q2,lesson-121,9a0108a0693426a150bd47606fb0135eab61fd810d6e4e272a0847177d7f52d0,968
question,L121-Q3,lesson-121,b1f5967e0bec438aacd1474e244e4b78a2e0fc8e65230efd0583d4d4482d4fb7,932
question,L121-Q4,lesson-121,26723862bf3e8829a8fbcce80cbafa784e8c33b0606759e7307482e130767e5c,857
question,L121-Q5,lesson-121,3fd636713aa95a15b2b2a3ae0b6c8fad0f12c22636499c93ff9aaae58daa9ddd,846
question,L122-Q1,lesson-122,f71383c81c801ba632cd1ea159b39dc9cd57ea060c11b26c525fbc27ee71c434,968
question,L122-Q2,lesson-122,c53d400f7305e2e800579274636d0abd2cbfa7a7bb84f8b008f8171104a3459b,828
question,L122-Q3,lesson-122,f762dee0b0c7a8b9fed2291b4b7b0d31d19edbb5758fde95f4096203aff5aba9,870
question,L122-Q4,lesson-122,9d0415456b7476c13f5ee8096f649bc76cb56037a5864497e856835531c98598,896
question,L122-Q5,lesson-122,e512b996d11b06b2d3a994615e5c34e21a968dcfb4014ca4e9023e604d46f782,884
question,L123-Q1,lesson-123,2a8bdd3d5802cf13c05c987b9faaedb1f8968612d2bc34058a3a0f5e6af0a873,917
question,L123-Q2,lesson-123,c5ff453d8cd82c08cd9b55db0be272929808815e245735d71997b463833b9770,1096
question,L123-Q3,lesson-123,8791f214a2d51004d12d04832198a606111e22fde1b1770481b3c6a684e976f4,947
question,L123-Q4,lesson-123,27fd9a637a03dd124f95ae1de90dade4e1780371865cad28e4b35299e5e4ad48,887
question,L123-Q5,lesson-123,fd362a10c612226cb026f53de5b4845ff41831c21022b144ac21e06be924a255,1084
question,L124-Q1,lesson-124,92d249e4576f0107a2371cf18ee14817b92515a6db0de458ec6962b6b1d69947,783
question,L124-Q2,lesson-124,fc5d3fd83f483f0500845a8caee821f4884995f8c7be2ad1aadc9517b0aebc3d,739
question,L124-Q3,lesson-124,5d06f7f9337b98af6579131cebc3a5709595b3fe61103b53b4c0246d77bd9c98,779
question,L124-Q4,lesson-124,6dcd46739a64a48c49a33558efb99a0d20d3edc7f4b79387025c009d346408a3,854
question,L124-Q5,lesson-124,af376fb3785c76364d2d4eaa9877d4997ea88c3f58bd61a9beef4227b6507b9c,902
question,L125-Q1,lesson-125,c61056a5e6e55354c8878b3a63f3ab18afabf492eea0240f801be6033edeaa03,829
question,L125-Q2,lesson-125,b95b9d867d6d76924ee22cf7297c06cab26e7623f88961f6cdcba1338cbe15c5,1047
question,L125-Q3,lesson-125,6250f6291e5e16f0d55b32918d6a1329d37cace9cc5d575ec64600acc68fce24,942
question,L125-Q4,lesson-125,bc24c42f38d4aaa3b1fbf3220d6eee8d02b8ff4e0160ddffe9e3226d6d2b0b9b,810
question,L125-Q5,lesson-125,0a7fd787d41b7341be836294046706ec1f85c1990fe58b9cc80d6df86ab37c14,851
question,L126-Q1,lesson-126,7f80d9766eb0a0a94d8f4597a6a33f7c83af29ef40bbf26a23d1c65d87543b41,791
question,L126-Q2,lesson-126,ae418c4e2640b0141ced15d226f4312e1d90f367bb4620abeaf44da776b46d77,860
question,L126-Q3,lesson-126,16b05007ab995b3dc448e3ec2b392f0f72cbacd8d0e25297eb19c4fd2f59e1f6,799
question,L126-Q4,lesson-126,a54f9d93d7a3dd7e97d57f100c80d58efe3c51736044e33063851279e071bb02,1124
question,L126-Q5,lesson-126,a5cbf32889e3f601593bf99ce345440569f560b10b438ddeab275fbc6cb12baf,857
question,L127-Q1,lesson-127,6cea5571c910a47ce9a87375832a2f9ebbaf48f95abb9a1f347c762d4e88810d,915
question,L127-Q2,lesson-127,466f08212729c5a7b8480d9d3cf69667bcdc50c5a4845c15111e44cd6fcca87f,792
question,L127-Q3,lesson-127,73bf656b5131b7c125c4834b05c91168ce1702acb20a1dc590c0ae33c0269637,1021
question,L127-Q4,lesson-127,bdd4cccae4c53e7770da787df09da76a6477f6993b479b28090b2b8f6ae7f0fb,932
question,L127-Q5,lesson-127,533a12cd5b4997cfb01700a974a86585f4abbc75a78bac63383151fd4341d74d,838
question,L128-Q1,lesson-128,5d23af7330c9d9faea6c4d19b706f50d00c3595d10e0dc5274f821d27269f7f6,684
question,L128-Q2,lesson-128,d651fad6f88640fd3e4d0f5f9385abca728d628dea047f5be36bb4cf03bebf27,915
question,L128-Q3,lesson-128,c677824fce480a9f5d60084af7ceb5367394e403ef81356d7e3184b7b1d7b4d5,842
question,L128-Q4,lesson-128,d7efdf5ec9ca7ea25055122250d8a200ecab22f57ffedb827f1fdfc199c5284f,1001
question,L128-Q5,lesson-128,df6932c00e4bed65a431bb038434456cf8ee78a3d5e48b3e639c777bca5e70ce,749
question,L129-Q1,lesson-129,6bdffb3ce67bb2b0ed55b4938be7028e8cb593ffb7f25003c383f66274b1911f,914
question,L129-Q2,lesson-129,608b4287cc7a1e1e405fda2455e19bf482e5c43140439ac8fb85fd2c958bd7a4,723
question,L129-Q3,lesson-129,a91a5bc21ec0e81c30bbcb8f5bc06088fb796a5c709ebd3ccee5d485a8b5c9b9,938
question,L129-Q4,lesson-129,b01552ba184d078c1ba74f4971ae76a680f95852d1168ec8dbebe2eec342eecd,727
question,L129-Q5,lesson-129,8bcd63080906a8db974807d5bab245ebe37ba80323147b4e1089bd220cf24680,1022
question,L130-Q1,lesson-130,1ac7c3202b94341748068057fee8f788e226b4d53768a03ff89a6e0e9eb0c5e2,840
question,L130-Q2,lesson-130,54ad13efcf982b23e8a4355c01c3a6b596027d76b9a5b0baa283535453400313,856
question,L130-Q3,lesson-130,41336592313c8843a22e7057547871a5f56a8ee12e674d0e059ce6c30fe17329,841
question,L130-Q4,lesson-130,696fc41ff9369f137e053823e4637be8b849cfe178ad5bf48b7ca39b5699f92d,968
question,L130-Q5,lesson-130,ccc1df5b14897efded517b7baf5d8dca5f421e176e072762aea3d6eb3bfce654,871
question,L131-Q1,lesson-131,5094e5975db6bea24441853eedccbe8f88941ca2f0b144b7344ed520724a088d,818
question,L131-Q2,lesson-131,a6c8aed9ac7c8841d9cb28c57e0d3ea710cec61c257163a1f427d1fe64adbdb7,938
question,L131-Q3,lesson-131,2fa0b1cb37f2dcd223fc7b8d4d40f684dd239903cdf21ed7c093f630f6ac55b9,899
question,L131-Q4,lesson-131,25b5915dd2098308ff6f5a6eb1303df46770a398abbf5f939ae39f4514564d8a,1120
question,L131-Q5,lesson-131,c0f1b4c3b3e36356686caff5274f02bbf599fc08372845f59ee85a42a938e029,955
question,L132-Q1,lesson-132,795f5f0984b57092ef74780288b066a4cc8945b28be61abc161f210655c5049d,792
question,L132-Q2,lesson-132,8f145017e308161995e8c7053681bb85d51e4e5a3c78ed851ee5e2674a3be329,840
question,L132-Q3,lesson-132,d9864330b0bfa90552dccb90fc1096e285b76c0173d5e2ac33f57cddc6242631,1014
question,L132-Q4,lesson-132,f6d6d11aac78bcfa7e3109471c25519589edb9c96eb39042a6776371554254e7,1286
question,L132-Q5,lesson-132,d939b2929388716f49a6d308583501638965390219b8f7603ac7081cb458c60c,1096
question,L133-Q1,lesson-133,b5f91cb3c2e95c70b0b8c2caf6b6dab55ded4218851952821a574a035d307899,613
question,L133-Q2,lesson-133,199d0261a777423eac9b5f78b8bc8888e3c00fb32d884d637c13b6bc1e5387e3,957
question,L133-Q3,lesson-133,d82a10321ec19a250508b75a4aa2e36f60002bea84d7801bd143d40a50b4a4a6,767
question,L133-Q4,lesson-133,f7232680d218b08c0ccb0d7db6d2bd90cce36dbf68252ea0ea02c02e93dcbe0b,851
question,L133-Q5,lesson-133,e5d9f18b91500d124535f30b3f3d148b753a369a10af258fcbade6a7288ec783,1028
question,L134-Q1,lesson-134,77c54e1f7536726787513c699e5dfdd7f8b0d2c6f572dc879f4640ec4a95f45b,682
question,L134-Q2,lesson-134,5778a98dbb647e4574c3293911aa865756df16c8681c7f07dc7eefe617a82ee1,807
question,L134-Q3,lesson-134,557c494dbfcad026ce19241e0f56609dea94d20c67348753cba05805206fded7,931
question,L134-Q4,lesson-134,f1f036af9138e499bff08ebbb7113d7cf57066941fa4beb842247e72b07f74a2,746
question,L134-Q5,lesson-134,8340deaf4efffcb57dda6ea593fcec79ced77aca69783defe129632570ca7817,802
question,L135-Q1,lesson-135,007b1713bee99fb46f762c500ab0e1c20f4516ce70665455cd4287b9254895cd,711
question,L135-Q2,lesson-135,34bc642003b1419b946bae4e011d29698747a1f74748c9a25bed132406b0838a,740
question,L135-Q3,lesson-135,3fa985aede17355bc03efaec1e9acf54ce072bf0bfd20ffe6d7771ef9906a953,808
question,L135-Q4,lesson-135,c1bc46d810b3f2b63d703abfbc6e669e80295bd109a2a1050fdbb85edd324d5b,907
question,L135-Q5,lesson-135,d2d5226e73548eb587d6438ddc78cdb4e226a4f47bf45d3826af93104e2bade3,913
question,L136-Q1,lesson-136,aa9e39c1636004c741cdd9020ccde27efcb58c1ff19b00ed08db1dc2d21f5beb,755
question,L136-Q2,lesson-136,4e2f43fe5e4a99d984b37be8622eb07d74c6ff85ce4e22157e55d2e7a45875c6,851
question,L136-Q3,lesson-136,a33b2af4cf3af45a88318c76769f08f1decacc5af724c2bff2a0021328545644,709
question,L136-Q4,lesson-136,cbc0cfce8fdc0097734e39c5773df4ddbab1a475ffe9fb7f897755fe792e27f5,938
question,L136-Q5,lesson-136,5a0b17be04ac40a9c1288119fabcf7a2b4a09dd2e20dd8e2c78958dd6f090e92,897
question,L137-Q1,lesson-137,8636434ea8a79fbcd3f0bf5149ef39ad9aecc723fd8cb76a5fdfddb59f0b5304,990
question,L137-Q2,lesson-137,8a48b7b2453c8de51ec0bc6fe4eb462994bc5b570a350b7ad536c43c5e1f57d7,998
question,L137-Q3,lesson-137,45280c35958f42d0a93160e357a44e237d875ac0adc726d2ac67a20d36bce793,969
question,L137-Q4,lesson-137,9735ae56b99b108f42223db17493ac11416db82bbda2fcbb1c5ba761232f041a,755
question,L137-Q5,lesson-137,27927d321192dcb3bec5fb37a4ad5e66aad9f5651711f5b44ffca7c7edd2444a,859
question,L138-Q1,lesson-138,b3e1dc2b3da7c64b99702df8739c9f5bb26d0f4f02a3fb687698bf7257211b53,1370
question,L138-Q2,lesson-138,54a12cd10fcafe1052a9169f5f9bcf68387461ddfc1c91a688be693399c8f5d7,1081
question,L138-Q3,lesson-138,eace8cda5a1b90138b242300a2812f2876041a4d15657354e75ac5c2f4316782,990
question,L138-Q4,lesson-138,c935ec3c46d27e43212b255407ce9b03526da93b567e27ed157bc43c87e22913,944
question,L138-Q5,lesson-138,4e8387c6fb2e2133e94f9753a3eebae8827768dfd636adf28b8387310ce39b0f,1159
question,L139-Q1,lesson-139,83645f8dcda5b488dfdfea3a7c149d85c20d3f87e43c980f98f555c776867e54,1100
question,L139-Q2,lesson-139,ca9994b954f2062c2fe47ae485565d4888a4425f416fb9a89f5e2743c8ed5e0b,936
question,L139-Q3,lesson-139,bc26c787d4fd45ac0bea3ec6af5820ba37b2098c63d5d5971b8ca3014de27eee,1051
question,L139-Q4,lesson-139,6fbcd3f8709d37e0f54bfa4e0e1164650d92386bdc5be73f3a68b1ebba507d5f,939
question,L139-Q5,lesson-139,5dcad9694cb6c90fb314849d765d5251d3df7b61828471ed22c436acf8c7af68,1107
question,L140-Q1,lesson-140,11c2ef68d9a66466fc0d204cc7f609e54a2a57c664d8ae452f4135e27c5f37cb,861
question,L140-Q2,lesson-140,6e1cc4fadbb4c5c927ce6332c7e812348c67ddf588c263cb17e9abcd2c382812,770
question,L140-Q3,lesson-140,1b28f424f84f3e13ae491bcc381fc7e1f16409640d8c2a2e695161684610a8a0,1201
question,L140-Q4,lesson-140,ec3c47a1bcad2f4aead6a4246d0594114bf92e2f655a013cccae1d90dbb18214,964
question,L140-Q5,lesson-140,eb33d297f03fb42d72ae6b320a085b1265da71a3c94b36b95ea554aa393fc574,936
question,L141-Q1,lesson-141,c1fa65e5bda0d1fadfced673a9d668df9a19a9c65e060c794ccb0d54c6962f46,873
question,L141-Q2,lesson-141,5a3f89753540b05f26c9fed27b0538cb43d628d1642c25999f6dba738a7771ca,920
question,L141-Q3,lesson-141,e097f945ea0edb5b37c67cdd8a0bc57287806962b3e9413cd507373d346af79d,677
question,L141-Q4,lesson-141,266a5cf4f8113a22e26f5c7f000b26d3d5234069ef9a2baada28aa0638437e2a,673
question,L141-Q5,lesson-141,f05f40dd57245d834b59010bee8ad705faf9f13b9a469f83331641d826218560,1232
question,L142-Q1,lesson-142,a4899f5b702a4b7e3dc0bd5f7412674c42bc0df6838c7ea1139f349051131e82,1086
question,L142-Q2,lesson-142,1d0cd69513aea265bb21dfda850c90e0ca8c75fffad6eed7b2cbea9376ec2dbd,1327
question,L142-Q3,lesson-142,3994aa1cfbe24dd78eaab1c21ca4714090f93fbfc50b2400afdd721cfb8c418a,944
question,L142-Q4,lesson-142,0e232c99805f780694b006778eeaf8fa51d6f3ceed68aa2c70b28bc2dc5aa943,946
question,L142-Q5,lesson-142,1b8557ff86895a0862810e14ea811bc4f392895d6a16b8566b1c9ddb6e02f325,1137
question,L143-Q1,lesson-143,06be7716aaec3996dcd69b3e67ccf726f24aa306f859459032f31438c7bb94ed,1036
question,L143-Q2,lesson-143,1575fd3b810676c20b902aa93a5cfbfbc01ad536f0288b0e785cfd4f36c3694f,997
question,L143-Q3,lesson-143,2008de8cd2716ce4ef165bf139880b2940966a3892ebc3be3872074bc19a3366,964
question,L143-Q4,lesson-143,00991b514a5ffbad38ffe02f97e477e3dbcd595c7c445aef962d442a671f4e71,836
question,L143-Q5,lesson-143,98339d94fa8d28e30f2997d0bcd11512fcd5d4ce3186a88ed05b7be9bad15a92,1051
question,L144-Q1,lesson-144,973099ba4c444090e94ea4ad8c81d305659dabd738a8379e68c996ea4a225530,1439
question,L144-Q2,lesson-144,3909ffef09851ac92d4bcd2d92ab92630faf8f2a46acaccc7118becb5d0b100b,1051
question,L144-Q3,lesson-144,e7b43537aa3615ad1f0b5b0002810f8079935f98a74bdc96caed0db464579539,1238
question,L144-Q4,lesson-144,96143385420e09d9eec1234882a6de22d4f9665ac76df391c7166d9390d466d1,1204
question,L144-Q5,lesson-144,aa6c9882349679d1f8039004e933ea4806699fbcd626149fa2b5618d03a67054,1310
question,L145-Q1,lesson-145,9f642b254d286a63f3c3aa773b400585d6da7431729b1777680b42f7fa909513,1209
question,L145-Q2,lesson-145,8a4c936439d072a4b185ee22dbb7749495b0e0dab824c9d49266da95c334c512,1075
question,L145-Q3,lesson-145,dfbb850c754210d0e8802229cfe92356b3bb2521a83ca72eb0073ad1accf2f64,1189
question,L145-Q4,lesson-145,a19f059f73fd0c1ad19be84cf1c613c0b637bf135d1d80b6e9edeedb3f9f73a3,1100
question,L145-Q5,lesson-145,00ba36efa03e64fe4369e39967196dd43af92ad51ddf13ad9f2798f619d8073c,1187
question,L146-Q1,lesson-146,165f81ec33e09a3e290533572efb98bb0552c5e2b10806cb0534b62991463d09,1130
question,L146-Q2,lesson-146,ed32017618c454d7163ec637f632c289e1ff63ee893786cbe7bf03e23baa4a11,1026
question,L146-Q3,lesson-146,cc4da5c686e5cde34320dccbf1d15c8f3370b4c8427602d559c8db599fd64908,1121
question,L146-Q4,lesson-146,b681d66e2168079ac74e3a2ef5a2d97b4ac9e92a6f898ffcb50c43b94adce475,1077
question,L146-Q5,lesson-146,fa9ceda82d9782f7ca66401991ad7bbf7c3e7d24ca038743aeb02fc8a6311706,1110
question,L147-Q1,lesson-147,7f890e8b587dfd1b3225f35fa3683a30575305b4ed22158aa9cf6a2e2550e3c8,1048
question,L147-Q2,lesson-147,675b1fb1ea0ad264706ece8e5ef129ec207393ad2da0fc6ae8c1bb3a1f0804f3,971
question,L147-Q3,lesson-147,07ccb4a66dba4cdddb64927871d3b33f2332abd35c5e3aa8cc38e22b968da384,868
question,L147-Q4,lesson-147,597c7f5adb4de8b681fd2306799368378385588cc91abb6518ef6ef1e3d1fc7c,867
question,L147-Q5,lesson-147,7b61151acf45554c8842c79f4721ba1d43e080e141eec1662be70b38ff96c4cc,1020
question,L148-Q1,lesson-148,0d5853bebc0a6c958f3020f72c8d47ab65d959fa072b10443f55052cd3683280,863
question,L148-Q2,lesson-148,a4cc8aed95b67db94593a784e0c4630f9c96674010964d5029cd913d80a8ea4a,974
question,L148-Q3,lesson-148,00feb6bba02732fb25b0b987a5898655c528b1a06093eccc87d3e1e4f0b26cf7,806
question,L148-Q4,lesson-148,aba630cf0f13a9826d4b185f3cec05d280e27e9472ce1cb9b74d2072a848f37e,954
question,L148-Q5,lesson-148,c8320311558de07053b9519d21335ebcfada5b347b6a4ec2612efbe592e1640f,977
question,L149-Q1,lesson-149,d8b6ca7830fb7e03ba8f1fe477dc067d0173b5a21eb629aa42b3d552995729b6,796
question,L149-Q2,lesson-149,b4cd410f4ad15d536bf14729a54a08052720afd5054fc45b84e3241840b72fe6,880
question,L149-Q3,lesson-149,8adbf2d3b011c1dbab73414e2d9037990d79ddc756b964b8577943ee6bb5884d,909
question,L149-Q4,lesson-149,038117ab2dc7dd18111ffa8b8f0f4aa6533ce002536e21cd22ed51c5bda1e338,950
question,L149-Q5,lesson-149,19f93097bdda812438c0dba48b0efbcefe462b80f0231e9c75b53f8e2671e50f,1053
question,L150-Q1,lesson-150,c39a6c91410d93bebe3a6b0b790a5eb4eee5866b168d2fce85b3a534cf752505,924
question,L150-Q2,lesson-150,b17fed57e33d6d31314d4c963fc2e54d974de00da97478953604a101e2352e27,904
question,L150-Q3,lesson-150,1334eef3f54114a9123960e43a088be82c39977d97de4b9853545f1e60bb729f,969
question,L150-Q4,lesson-150,754ccc738338429d691e6c6c93706ffd8e6127fdb8202c98074293dc79a8b5e2,1025
question,L150-Q5,lesson-150,d70f7644e6cc8ef89d19f61d117a8b49f3369ca6648abaff264f5d88f80aab48,946
stage10-image,stage10-lesson-001-knowledge.jpg,web/assets/diagrams/stage10-infographics/stage10-lesson-001-knowledge.jpg,a8eac65925fca8e202c510dec4cf8b435d5f80771e5439d43da054dab764c3a8,284557
stage10-image,stage10-lesson-002-knowledge.jpg,web/assets/diagrams/stage10-infographics/stage10-lesson-002-knowledge.jpg,294cc7b75d075d694bcb942518f60443445111bcee1e5cca3e7b84fac8047e28,326674
stage10-image,stage10-lesson-002-methods.jpg,web/assets/diagrams/stage10-infographics/stage10-lesson-002-methods.jpg,47d16a625601cbc745e43635fa36b5cdfb1f3f5650448c7338ebde7432f21683,413452
stage10-image,stage10-lesson-002-range.jpg,web/assets/diagrams/stage10-infographics/stage10-lesson-002-range.jpg,4c03a775775245c6f8f71bac2a78439c409f42fe67b8b2c4fd137dfa6f03b0a0,389422
stage10-image,stage10-lesson-003-digits.jpg,web/assets/diagrams/stage10-infographics/stage10-lesson-003-digits.jpg,d620e79a9eb54738ad093e608f4c86e7c8c468ffd256f84d875138f09ea0bc88,273590
stage10-image,stage10-lesson-003-grouping.jpg,web/assets/diagrams/stage10-infographics/stage10-lesson-003-grouping.jpg,7906bf56a5785db18539f84545a990f778d3826c0bc97263a306600db7171649,385496
stage10-image,stage10-lesson-003-padding.jpg,web/assets/diagrams/stage10-infographics/stage10-lesson-003-padding.jpg,61e2276376ab7031ba452a92f8d4405784ec0a437c23a444897890e6ec5fcd53,376542
stage10-image,stage10-lesson-004-method.jpg,web/assets/diagrams/stage10-infographics/stage10-lesson-004-method.jpg,ca06437cf65c3da6b8de283f8222341f37c2d6a5d93bb0ed90c2949171c80ce2,181240
stage10-image,stage10-lesson-004-overflow.jpg,web/assets/diagrams/stage10-infographics/stage10-lesson-004-overflow.jpg,fd8f320852226154d700ae888d16533ae2f1c85bb3e6ed8f966bde0f0d63150a,296646
stage10-image,stage10-lesson-004-rules.jpg,web/assets/diagrams/stage10-infographics/stage10-lesson-004-rules.jpg,71640384064d685a6de9bbcf50f95d6a4e772fc46366712f6a630da10d63b108,137300
stage10-image,stage10-lesson-005-range.jpg,web/assets/diagrams/stage10-infographics/stage10-lesson-005-range.jpg,35c760ef0bfc91e644ed31a6455aad425cbd8eea7d025f4c62021ecddcfd7b9c,179581
stage10-image,stage10-lesson-005-systems.jpg,web/assets/diagrams/stage10-infographics/stage10-lesson-005-systems.jpg,aedf915e9275aeb252a537780785d5e980b3b85987b55c40a23d85ae953befda,169410
stage10-image,stage10-lesson-005-twos.jpg,web/assets/diagrams/stage10-infographics/stage10-lesson-005-twos.jpg,f30543c06666642cce6af361ec57739c7945d6830de34746b1dacea9a2997e85,137472
stage10-image,stage10-lesson-006-convert.jpg,web/assets/diagrams/stage10-infographics/stage10-lesson-006-convert.jpg,dd553641cf1e220f95eebd62ad1340f5bfde24ef7a55a5b4a7d9ccb6b8350bfa,133572
stage10-image,stage10-lesson-006-point.jpg,web/assets/diagrams/stage10-infographics/stage10-lesson-006-point.jpg,2d02efa15f5517ba2ec216bf50e6bbd62e73f1a41168008460f2834214991206,309042
stage10-image,stage10-lesson-006-precision.jpg,web/assets/diagrams/stage10-infographics/stage10-lesson-006-precision.jpg,c1bb0080cb88c318cb2239dcb1fb7396dc96ab5ff133f284279afb34f199157f,161189
stage10-image,stage10-lesson-007-ascii.jpg,web/assets/diagrams/stage10-infographics/stage10-lesson-007-ascii.jpg,c170c76b262ee5a7e810ac4cfac6fb7e1ef690752cf33e6f42abc2de8c261890,414829
stage10-image,stage10-lesson-007-concept.jpg,web/assets/diagrams/stage10-infographics/stage10-lesson-007-concept.jpg,24c791fd8103217cf3edbc30a83b5fb0479769c9fa109caeb03fa5efa2b2bf22,359468
stage10-image,stage10-lesson-007-encoding.jpg,web/assets/diagrams/stage10-infographics/stage10-lesson-007-encoding.jpg,5b2aab28e0cc9ca819dd975132084558cf3b71ce750210de6e5707cf987a0319,406991
stage10-image,stage10-lesson-007-unicode.jpg,web/assets/diagrams/stage10-infographics/stage10-lesson-007-unicode.jpg,edfdb73a5dbfa36879eebce6190bee063c84857bb49c9d0d403523dfc7b4248e,430731
stage10-image,stage10-lesson-008-depth.jpg,web/assets/diagrams/stage10-infographics/stage10-lesson-008-depth.jpg,b91226bf0996cfcbbe122a3a179bdb322cf3a9cdc36d1a628a9077ec04e4224c,350981
stage10-image,stage10-lesson-008-formula.jpg,web/assets/diagrams/stage10-infographics/stage10-lesson-008-formula.jpg,1e108a3dd30e537343ed4f8b6fcc3c128abc28a452200ff594f5a3e144ec7ba9,321152
stage10-image,stage10-lesson-008-pixels.jpg,web/assets/diagrams/stage10-infographics/stage10-lesson-008-pixels.jpg,6e3bddc8542753aae2e4b838386fbe8c3a15ef976d4af252c3f13be0ff6a8afa,298798
stage10-image,stage10-lesson-008-resolution.jpg,web/assets/diagrams/stage10-infographics/stage10-lesson-008-resolution.jpg,bc74a73a45d29e3c7f3dbd05a412963e55ea55df29052f4525b4585d49e65ce3,419320
stage10-image,stage10-lesson-009-chain.jpg,web/assets/diagrams/stage10-infographics/stage10-lesson-009-chain.jpg,1cb6e5efac7117c2f70dc7639d17704a5f6a02190f6dcd474bdaae0b6c00cb33,348969
stage10-image,stage10-lesson-009-metadata.jpg,web/assets/diagrams/stage10-infographics/stage10-lesson-009-metadata.jpg,3532e96646dab1dd0229bb8334524d8b37adc635ec2b6cf190f990324690a8e2,399517
stage10-image,stage10-lesson-009-units.jpg,web/assets/diagrams/stage10-infographics/stage10-lesson-009-units.jpg,1f55246f80108015a7297919bc6d64d7b46e21a64b1d8fa1eda428ccf4d05de4,146452
stage10-image,stage10-lesson-010-duration.jpg,web/assets/diagrams/stage10-infographics/stage10-lesson-010-duration.jpg,ca3bbbd3ebe1e20fcb30fee80f65d2e5d4c8df6c735661393544d19b5563c420,387323
stage10-image,stage10-lesson-010-formula.jpg,web/assets/diagrams/stage10-infographics/stage10-lesson-010-formula.jpg,9567fccb19e7a9ce8c15c91693eeff9477fd3d080e115e354f23dbf3a0f69b6e,331113
stage10-image,stage10-lesson-010-rate.jpg,web/assets/diagrams/stage10-infographics/stage10-lesson-010-rate.jpg,82a8b6c41ac6d9595f2b6ebea64c01226dabc9cb50b2bc32a71e6971d968deda,340188
stage10-image,stage10-lesson-010-resolution.jpg,web/assets/diagrams/stage10-infographics/stage10-lesson-010-resolution.jpg,948f61f47cdc18bf76bba2c8a1b0d06440b2fa774c94f41d110592ab8da1c9db,364975
stage10-image,stage10-lesson-010-sampling.jpg,web/assets/diagrams/stage10-infographics/stage10-lesson-010-sampling.jpg,df8834baad882a14f20ec4eb0e62def8863697163e17ae8bec8c88c54adca56c,310998
stage10-image,stage10-lesson-011-channels.jpg,web/assets/diagrams/stage10-infographics/stage10-lesson-011-channels.jpg,e96a3526bc35e9d7e83ab17893478728031aaac8044e51b6a0efe954ef08ab89,325447
stage10-image,stage10-lesson-011-formula.jpg,web/assets/diagrams/stage10-infographics/stage10-lesson-011-formula.jpg,848d18b7bf728fdf001957b54983bf353e1b6f3d28e383778a47b2311522418e,373130
stage10-image,stage10-lesson-011-tradeoffs.jpg,web/assets/diagrams/stage10-infographics/stage10-lesson-011-tradeoffs.jpg,24bde262dd9bcd7ac08e208c9fa9c2eff490d246afb41e0a4c0dfb3da4532ea6,400092
stage10-image,stage10-lesson-011-units.jpg,web/assets/diagrams/stage10-infographics/stage10-lesson-011-units.jpg,53fba7ba379a2ebc50a7a2584ef7b5c9a47deea4d8da44c1598bda567dbf4d97,340136
stage10-image,stage10-lesson-012-lossless.jpg,web/assets/diagrams/stage10-infographics/stage10-lesson-012-lossless.jpg,e86a77b7ffd53cf5d9e615e898f0c7d4d0321e41dadea51be5e05adabde8cae2,359139
stage10-image,stage10-lesson-012-lossy.jpg,web/assets/diagrams/stage10-infographics/stage10-lesson-012-lossy.jpg,66fca9026e860da87739942c3cb0ff93b384e6a4391c156d201727b2032c8a43,377494
stage10-image,stage10-lesson-012-purpose.jpg,web/assets/diagrams/stage10-infographics/stage10-lesson-012-purpose.jpg,7f6631f56ccda965b3c4a1d964b7e8756af4b23094265747bb343873450550f2,362311
stage10-image,stage10-lesson-012-ratio.jpg,web/assets/diagrams/stage10-infographics/stage10-lesson-012-ratio.jpg,43a23f5394de9062d23db83316ee3301e5d5af6ab85612c851e6e4da57395249,313808
stage10-image,stage10-lesson-013-dictionary.jpg,web/assets/diagrams/stage10-infographics/stage10-lesson-013-dictionary.jpg,3561b421833209b4b1fd07e8b318058366428c7b8e3b51d1dbcbf07eb78e053c,331069
stage10-image,stage10-lesson-013-effectiveness.jpg,web/assets/diagrams/stage10-infographics/stage10-lesson-013-effectiveness.jpg,aaa59408e430bfcaedd1346e6c4e936207a66477ca2374c48d6659f4a9cf11c3,387933
stage10-image,stage10-lesson-013-rle.jpg,web/assets/diagrams/stage10-infographics/stage10-lesson-013-rle.jpg,1a4db5fa88e2f833219067ce3337ffbf9000cccb342d81ba06cacc3f64007286,343976
stage10-image,stage10-lesson-014-cases.jpg,web/assets/diagrams/stage10-infographics/stage10-lesson-014-cases.jpg,fd31baa94a5fb0d4bf3f0ce4c15f812c970eddd3a66ea5dc03ffc048b18d65e2,420862
stage10-image,stage10-lesson-014-framework.jpg,web/assets/diagrams/stage10-infographics/stage10-lesson-014-framework.jpg,21f793d4ab19beeba0de730f166428eeccfb96f5ababfc7579f2d1acac9df2fa,380101
stage10-image,stage10-lesson-014-tradeoffs.jpg,web/assets/diagrams/stage10-infographics/stage10-lesson-014-tradeoffs.jpg,9e21b8500d107905b2a619a5970163bf8a88097bb17977b0a6ec0fe09f9b4a3a,146349
stage10-image,stage10-lesson-015-methods.jpg,web/assets/diagrams/stage10-infographics/stage10-lesson-015-methods.jpg,b85d0cd43d7597c5f57db1516b987912a7bd75168e96557efb38f168d2fa1f6c,377194
stage10-image,stage10-lesson-015-sprint.jpg,web/assets/diagrams/stage10-infographics/stage10-lesson-015-sprint.jpg,1d2a234becfa667ba841d90f9ee123458fbc3c1e9965373d7702cbd8257909aa,427151
stage10-image,stage10-lesson-015-triage.jpg,web/assets/diagrams/stage10-infographics/stage10-lesson-015-triage.jpg,921c6d277a7f6c4537d516c2532b34248f3d25ced807396ec41cc6e5dbde7f1b,434342
stage10-image,stage10-lesson-016-lanwan.jpg,web/assets/diagrams/stage10-infographics/stage10-lesson-016-lanwan.jpg,3796002973b7bd985c4c9fdd36279cf3c3dded8042c1fcf8323bdd8374bde14c,475540
stage10-image,stage10-lesson-016-purpose.jpg,web/assets/diagrams/stage10-infographics/stage10-lesson-016-purpose.jpg,a13d2eaf40908171259627b8e984394945637717eb8eb7c6a138030d7d936edd,354986
stage10-image,stage10-lesson-016-topologies.jpg,web/assets/diagrams/stage10-infographics/stage10-lesson-016-topologies.jpg,b913d35bcd591a2b0ab3066e15fc95a7ada15b9f80c1c43f1ed9dcb4cafbbb65,142507
stage10-image,stage10-lesson-017-compare.jpg,web/assets/diagrams/stage10-infographics/stage10-lesson-017-compare.jpg,e1aea4d3e7a55451e2b542fa55ce7addc647715b09104489265d347731af4762,422566
stage10-image,stage10-lesson-017-model-visual.jpg,web/assets/diagrams/stage10-infographics/stage10-lesson-017-model-visual.jpg,5f77d0e72c83e9fe86f9b79d69c9a36701bd39c0cb3864bd105f26a3251a6591,435419
stage10-image,stage10-lesson-017-roles.jpg,web/assets/diagrams/stage10-infographics/stage10-lesson-017-roles.jpg,6b8b01502a1aaf91c9a96154ce77713cca1ad5bd5644ae7f1491dd03d91ac5df,409055
stage10-image,stage10-lesson-017-usecases.jpg,web/assets/diagrams/stage10-infographics/stage10-lesson-017-usecases.jpg,5639c41a0bb141c5f82f03de53907bddef6a85536fc2b8475298ecc7c6df6c8b,424782
stage10-image,stage10-lesson-018-packet-journey.jpg,web/assets/diagrams/stage10-infographics/stage10-lesson-018-packet-journey.jpg,cc12a9c2d64916068da3958cdabfbf9d80906fd16adb2e6722f66429128fffa2,430546
stage10-image,stage10-lesson-018-routing.jpg,web/assets/diagrams/stage10-infographics/stage10-lesson-018-routing.jpg,e7d7ce501263b4cdee7c82293c314233e13a42909b030c72e71c585f07e574fa,402004
stage10-image,stage10-lesson-018-structure.jpg,web/assets/diagrams/stage10-infographics/stage10-lesson-018-structure.jpg,fee285df50a458cd9203222f1c2f23d5a6828c9a25f515549da262f5bf5647ad,421674
stage10-image,stage10-lesson-018-switching.jpg,web/assets/diagrams/stage10-infographics/stage10-lesson-018-switching.jpg,8a0b03d122f7a82bc6a70db58c53e7f5b65ef50559891036528db6fe97e4b9c9,379646
stage10-image,stage10-lesson-019-layers.jpg,web/assets/diagrams/stage10-infographics/stage10-lesson-019-layers.jpg,d56bba7eeae42ccc0731bfb7b01caf4fffa169b8029d4028f4b577bab8d733a8,380515
stage10-image,stage10-lesson-019-protocols.jpg,web/assets/diagrams/stage10-infographics/stage10-lesson-019-protocols.jpg,52264a5f2b9805f3a9af2f8b550d2f925019c1bb1a06388ab75ca58611a2ecac,360430
stage10-image,stage10-lesson-019-rules.jpg,web/assets/diagrams/stage10-infographics/stage10-lesson-019-rules.jpg,a9ade100287c2b65cb2d4cf2c55c9ac9380645d1b9b9c400f06f41099c1d1295,153885
stage10-image,stage10-lesson-020-address-journey.jpg,web/assets/diagrams/stage10-infographics/stage10-lesson-020-address-journey.jpg,ebf5e8eac9db6168eef06accc2b3ab2b5842d66890f1efe5bdbe22df6064bb60,209416
stage10-image,stage10-lesson-020-addresses.jpg,web/assets/diagrams/stage10-infographics/stage10-lesson-020-addresses.jpg,af96d4a297c32bf102d9181859923d71a86e2d536fa133025b3b3f8fce0cbe58,196192
stage10-image,stage10-lesson-020-checkpoint.jpg,web/assets/diagrams/stage10-infographics/stage10-lesson-020-checkpoint.jpg,182cbdea7e900878eed786c6d08899e704026ba4c474b70dced3f18c6312b3a5,386065
stage10-image,stage10-lesson-020-dns.jpg,web/assets/diagrams/stage10-infographics/stage10-lesson-020-dns.jpg,1d67844c1ea613140e4d07725be97fcf945b6c0f225af4757d2a9c68a0b480b6,357353
stage10-image,stage10-lesson-020-urls.jpg,web/assets/diagrams/stage10-infographics/stage10-lesson-020-urls.jpg,145810bc45341bd122533f24a3176eac407dfba83cda0b94fd5fcc293fa2d4a6,346972
stage10-image,stage10-lesson-021-email.jpg,web/assets/diagrams/stage10-infographics/stage10-lesson-021-email.jpg,48fbd564c75afd37c9d0da91068b419b0686ac09e9f78abb0837c26d0a05e5ed,411867
stage10-image,stage10-lesson-021-file.jpg,web/assets/diagrams/stage10-infographics/stage10-lesson-021-file.jpg,ba5c1d38a1af7f0d59d715d9932b449b71017e41a99320cea18c7b652a0ee604,353024
stage10-image,stage10-lesson-021-web.jpg,web/assets/diagrams/stage10-infographics/stage10-lesson-021-web.jpg,fc343a497574092811a3f458305c7443d9737114a799cf9c4ef5897518b7aafa,348935
stage10-image,stage10-lesson-022-compare.jpg,web/assets/diagrams/stage10-infographics/stage10-lesson-022-compare.jpg,bf3c285b1d00bdf9ce81a74af5f05c6be0541ed76d0abced8abdc955b7959bd6,427420
stage10-image,stage10-lesson-022-wired.jpg,web/assets/diagrams/stage10-infographics/stage10-lesson-022-wired.jpg,9b1592406381c3454e5e96e31579dcf2048f192afed5ea6b8d84f79addcaa17b,442901
stage10-image,stage10-lesson-022-wireless.jpg,web/assets/diagrams/stage10-infographics/stage10-lesson-022-wireless.jpg,289011a21d72807bdd40ed4717ac2df26828dd38062d34479c92f64a81ae26c6,382702
stage10-image,stage10-lesson-023-compare.jpg,web/assets/diagrams/stage10-infographics/stage10-lesson-023-compare.jpg,f167a9795005d9ed9997b210fff5ca79a4bccc9983c98aa8438c79e0d957247e,155343
stage10-image,stage10-lesson-023-gateway.jpg,web/assets/diagrams/stage10-infographics/stage10-lesson-023-gateway.jpg,6d7e75e97a6040fa53c422709fade36cb33175a74be7b15ab775d9d6bf4c1b0c,387432
stage10-image,stage10-lesson-023-lan.jpg,web/assets/diagrams/stage10-infographics/stage10-lesson-023-lan.jpg,0081ed412e739ef570961994f123ff78efbeda37808157ba065c186bc60a59e0,415641
stage10-image,stage10-lesson-023-routing.jpg,web/assets/diagrams/stage10-infographics/stage10-lesson-023-routing.jpg,4e3a8a4b1d9b24665e680292c25aa41344039637d4da61db5f18cbbcb80b5695,397717
stage10-image,stage10-lesson-023-wireless.jpg,web/assets/diagrams/stage10-infographics/stage10-lesson-023-wireless.jpg,ddca965ae6b226f0f06eb30be9b14a834694bd9c292de1b6e3caf37259fae3c7,365944
stage10-image,stage10-lesson-024-cloud.jpg,web/assets/diagrams/stage10-infographics/stage10-lesson-024-cloud.jpg,83782e5317cfb88bba614e578b785e78ee782b6a6d1e68abd1defbcd43458e8a,438039
stage10-image,stage10-lesson-024-compare.jpg,web/assets/diagrams/stage10-infographics/stage10-lesson-024-compare.jpg,fe640156195ad42daa15afba074c32db1f5719d5d8d1103870dd79e7e7d89bbf,464723
stage10-image,stage10-lesson-024-networks.jpg,web/assets/diagrams/stage10-infographics/stage10-lesson-024-networks.jpg,7444541c313ff7e8f118e3f4f0277332793669dff3d7eaf0e2f3044a9fe49de6,470670
stage10-image,stage10-lesson-025-calculation.jpg,web/assets/diagrams/stage10-infographics/stage10-lesson-025-calculation.jpg,39b8e55f13e8c12fa91dbd34125536d9135d37a8886b660bdfafc95ad45174c3,355626
stage10-image,stage10-lesson-025-concepts.jpg,web/assets/diagrams/stage10-infographics/stage10-lesson-025-concepts.jpg,ec6cbecd5c14c2d2dc21d9ef6bc6fc903204e51ea5f195d8f306684d07fd1332,147753
stage10-image,stage10-lesson-025-factors.jpg,web/assets/diagrams/stage10-infographics/stage10-lesson-025-factors.jpg,b1dfe4e08b04c49ce9ae3e525073c27dff870c50a2faf3c5db0896347a5dd036,480745
stage10-image,stage10-lesson-026-map.jpg,web/assets/diagrams/stage10-infographics/stage10-lesson-026-map.jpg,34f7ece8bf465010c6d8900033ccf07d9f4ed39ffa2f0de244bb486fd6e5d04c,134331
stage10-image,stage10-lesson-026-precision.jpg,web/assets/diagrams/stage10-infographics/stage10-lesson-026-precision.jpg,cac32002c62400d0979f2c1a9c6d0c36ed6b7882582a39583c478119352f92d3,457170
stage10-image,stage10-lesson-027-components.jpg,web/assets/diagrams/stage10-infographics/stage10-lesson-027-components.jpg,7c684c82168655ef2b60b43df6ffa9059fdd3a7ca4ebaf0032ffbcbf6b4fcdac,434681
stage10-image,stage10-lesson-027-flow.jpg,web/assets/diagrams/stage10-infographics/stage10-lesson-027-flow.jpg,4c671673801386a2bc298461fb13f6e7624821f47fa9af5595000842c4d87c37,143313
stage10-image,stage10-lesson-027-memory-storage.jpg,web/assets/diagrams/stage10-infographics/stage10-lesson-027-memory-storage.jpg,fc3965af264c464cfe4d729ccb349f1e9603ac1b4ba4bb54736ae9df5ae69120,388583
stage10-image,stage10-lesson-028-automatic.jpg,web/assets/diagrams/stage10-infographics/stage10-lesson-028-automatic.jpg,0232a2ca3a20e41dea098f64208eeb944a1b1ac6e7f36d0838949df850933006,405168
stage10-image,stage10-lesson-028-capture.jpg,web/assets/diagrams/stage10-infographics/stage10-lesson-028-capture.jpg,55b13e8380becd9b1e8663c5a63cf8c95aca63d8df1c527d2b8c2829e564dd1b,340550
stage10-image,stage10-lesson-028-devices.jpg,web/assets/diagrams/stage10-infographics/stage10-lesson-028-devices.jpg,bf9d68a66e973eeb0f50781462ce7894a26d0bb4790d4a26e827525f49c8c0e3,408153
stage10-image,stage10-lesson-029-devices.jpg,web/assets/diagrams/stage10-infographics/stage10-lesson-029-devices.jpg,248d5979f95488fe0ab6ed94742b2048ef63b3ffd7bd3be2e6d5b956f1c97c39,385652
stage10-image,stage10-lesson-029-feedback.jpg,web/assets/diagrams/stage10-infographics/stage10-lesson-029-feedback.jpg,bc7bb4f2049ccf6d9973378e6a58ca760e346719991233782cb1ad413c92cd79,158718
stage10-image,stage10-lesson-029-purpose.jpg,web/assets/diagrams/stage10-infographics/stage10-lesson-029-purpose.jpg,e86d2b9049e1484825b62b1fb1cfe3c21ecf9d5cd1464d077d3c91029948b7dd,351633
stage10-image,stage10-lesson-030-cache-vm.jpg,web/assets/diagrams/stage10-infographics/stage10-lesson-030-cache-vm.jpg,fb9ec089b8d5f95406490fba517d6e347078a36e9b8da54b01c35684d91b31e4,155274
stage10-image,stage10-lesson-030-primary.jpg,web/assets/diagrams/stage10-infographics/stage10-lesson-030-primary.jpg,58a1686eadfb8952e7381701894e135092e62003702ca21b20699df7c5e36199,439608
stage10-image,stage10-lesson-030-ram-rom.jpg,web/assets/diagrams/stage10-infographics/stage10-lesson-030-ram-rom.jpg,e6171b0f5ca2acdf5e402e21646069baf80af0cb65a2efa41125c5d5a582da06,437617
stage10-image,stage10-lesson-031-compare.jpg,web/assets/diagrams/stage10-infographics/stage10-lesson-031-compare.jpg,1e59f868321a05e171b9650221de572d591e36520accaa185fc2b98ae3843b07,156720
stage10-image,stage10-lesson-031-media.jpg,web/assets/diagrams/stage10-infographics/stage10-lesson-031-media.jpg,d7389df254a10e0d8b8c9f41c07f995d324e6c36614630898a494f8b3b751a4e,154486
stage10-image,stage10-lesson-031-purpose.jpg,web/assets/diagrams/stage10-infographics/stage10-lesson-031-purpose.jpg,7006935ea5f9b2dc3619d061a2a97bf70f220152a50982ac0723789176b345d2,374775
stage10-image,stage10-lesson-031-storage-visual.jpg,web/assets/diagrams/stage10-infographics/stage10-lesson-031-storage-visual.jpg,32a625f96348fb78a3a7fe3ab3ca5b5ee7145daa274d11e4c52ebb94bbbb0e11,455416
stage10-image,stage10-lesson-032-answer.jpg,web/assets/diagrams/stage10-infographics/stage10-lesson-032-answer.jpg,f200b5a84f9a4563143737923f357a46234ac1c75800c9d942d122e3f567fbaa,375083
stage10-image,stage10-lesson-032-criteria.jpg,web/assets/diagrams/stage10-infographics/stage10-lesson-032-criteria.jpg,57506028ddf3ae2802771a73230be63f368411a69744850c9dc0540b7631b8ed,391983
stage10-image,stage10-lesson-032-tradeoffs.jpg,web/assets/diagrams/stage10-infographics/stage10-lesson-032-tradeoffs.jpg,78806bdce1e2c47c6cebef2450c92111596599aec32029dabe577c586d84b16a,423853
stage10-image,stage10-lesson-033-embedded.jpg,web/assets/diagrams/stage10-infographics/stage10-lesson-033-embedded.jpg,e47c48ad29de4ec44865ff07e417c06a7cfc7d30e6b18f134a40702d879c6e23,160707
stage10-image,stage10-lesson-033-microcontroller.jpg,web/assets/diagrams/stage10-infographics/stage10-lesson-033-microcontroller.jpg,620082820f4db153097a3a53a8a34859260741caa3ef8ce788547616b4c4f742,441647
stage10-image,stage10-lesson-034-actuators.jpg,web/assets/diagrams/stage10-infographics/stage10-lesson-034-actuators.jpg,515216ace94056cc417314b77067da9e0c235a0804ed363daf0040592ec27ec2,390899
stage10-image,stage10-lesson-034-control.jpg,web/assets/diagrams/stage10-infographics/stage10-lesson-034-control.jpg,bc67bceff41dded0fc2eecd6860047bce30a3c3ff00436b6c7c781194903e49d,371602
stage10-image,stage10-lesson-034-sensors.jpg,web/assets/diagrams/stage10-infographics/stage10-lesson-034-sensors.jpg,098ad0c5f4c676797cdec4abcb96de1e936239a7a8347e533b81c11afc357d1e,387277
stage10-image,stage10-lesson-035-gate-visual.jpg,web/assets/diagrams/stage10-infographics/stage10-lesson-035-gate-visual.jpg,4b6fcf25636f05476d798940d4eec2482d20e3d8cdc2d7619b76e89624ca5443,395063
stage10-image,stage10-lesson-035-gates.jpg,web/assets/diagrams/stage10-infographics/stage10-lesson-035-gates.jpg,0adb0b42a4c86d78a5f1ab0dc2c037a147418efa7149041feb2d0bf5e884c58a,154980
stage10-image,stage10-lesson-035-signals.jpg,web/assets/diagrams/stage10-infographics/stage10-lesson-035-signals.jpg,04ba675f8b8d711dba31e4a8f161dc69fd9260786f2ad6c20e625ff30ac3d1f1,132720
stage10-image,stage10-lesson-035-symbols.jpg,web/assets/diagrams/stage10-infographics/stage10-lesson-035-symbols.jpg,c2ce3799b6f4c441f9889c40655f1ff0d4fdfcc806c6db48e97dce247fb7e17f,405872
stage10-image,stage10-lesson-036-expressions.jpg,web/assets/diagrams/stage10-infographics/stage10-lesson-036-expressions.jpg,ae38aecf9da37e0e90ff1a37b45f578b0d70314f1c83ababf0db73ec234d9e4b,358374
stage10-image,stage10-lesson-036-precedence.jpg,web/assets/diagrams/stage10-infographics/stage10-lesson-036-precedence.jpg,4e28793926da3d26c29a549733b7c1e40b1cd0208bdd5e46f880b2f3a7e28a0d,406856
stage10-image,stage10-lesson-036-table-method.jpg,web/assets/diagrams/stage10-infographics/stage10-lesson-036-table-method.jpg,bd9f7240869fc11f15810183b570367850d23f096e575ac0b8b4ee72795f4755,410440
stage10-image,stage10-lesson-037-design.jpg,web/assets/diagrams/stage10-infographics/stage10-lesson-037-design.jpg,692b994af9ae76d6bd96ab6994edddf9ee0cf8f872792d27721fba5daa4ac0b5,411869
stage10-image,stage10-lesson-037-diagram.jpg,web/assets/diagrams/stage10-infographics/stage10-lesson-037-diagram.jpg,ea5f04b6698c678a17c39d4826646f6706088897dc1d01a5a7ecf9a0c2ff2ac7,338607
stage10-image,stage10-lesson-037-parse.jpg,web/assets/diagrams/stage10-infographics/stage10-lesson-037-parse.jpg,2cd3e30a35dbaf6b4270b90c34c506c700cb33c323329955a7092219dc693b4e,150620
stage10-image,stage10-lesson-038-categories.jpg,web/assets/diagrams/stage10-infographics/stage10-lesson-038-categories.jpg,156bbec3a82b8d727e844b42b0ac03506696a72dead5f0c73794ec6912e931fe,139880
stage10-image,stage10-lesson-038-criteria.jpg,web/assets/diagrams/stage10-infographics/stage10-lesson-038-criteria.jpg,102c0dafc3368e124507ea623687732b3330b75d7a39bb33fc7e978d8106f6e7,426909
stage10-image,stage10-lesson-038-users.jpg,web/assets/diagrams/stage10-infographics/stage10-lesson-038-users.jpg,d9db2b77f29de2ec124803475068807b6715433c1b710da614902bd76df98b45,453408
stage10-image,stage10-lesson-039-environment.jpg,web/assets/diagrams/stage10-infographics/stage10-lesson-039-environment.jpg,432ce33425a38c02ea5ae3e612ce8e4f6cd65bcd6630ee5959180f7cf5c3b7c4,457421
stage10-image,stage10-lesson-039-mitigation.jpg,web/assets/diagrams/stage10-infographics/stage10-lesson-039-mitigation.jpg,9d40e6cfffe8bfe3e8b27c34bc2fd23890230cbdba14bb8aa608971ca19bbad3,461040
stage10-image,stage10-lesson-039-reliability.jpg,web/assets/diagrams/stage10-infographics/stage10-lesson-039-reliability.jpg,552fe646a9c7c68306527541d0b7a999445c2078d8a155ee36d24b68d3621ccb,155018
stage10-image,stage10-lesson-040-checkpoint.jpg,web/assets/diagrams/stage10-infographics/stage10-lesson-040-checkpoint.jpg,d16f1e9812b3f03e93aaa45024acfab437c82ac4766982599a4170a4c01e0e4f,387404
stage10-image,stage10-lesson-040-map.jpg,web/assets/diagrams/stage10-infographics/stage10-lesson-040-map.jpg,9f5ae8e76ace6737d7e24fc0f94fe855dc10701e4b0d15b18a2a6cac5326a4b1,138632
stage10-image,stage10-lesson-040-skills.jpg,web/assets/diagrams/stage10-infographics/stage10-lesson-040-skills.jpg,06de7a5caa3b55cba5a2577b0b2a0b13982c36ced46a36a1675762bb59797b3b,493767
stage10-image,stage10-lesson-041-alu-cu.jpg,web/assets/diagrams/stage10-infographics/stage10-lesson-041-alu-cu.jpg,67e3ec710846657c072636ef4599564f4bf1a548f82641c36930b18cba6955ae,362508
stage10-image,stage10-lesson-041-architecture.jpg,web/assets/diagrams/stage10-infographics/stage10-lesson-041-architecture.jpg,0d8550d939c22cc803a3a3a12c10cb281aa0e0897f459d016d5ccab8f5b25861,430629
stage10-image,stage10-lesson-041-cpu-map.jpg,web/assets/diagrams/stage10-infographics/stage10-lesson-041-cpu-map.jpg,5cb82317b80820f192c93476c001f5ee8482b7d41ad009b9bc22e327142a25ab,156187
stage10-image,stage10-lesson-041-registers.jpg,web/assets/diagrams/stage10-infographics/stage10-lesson-041-registers.jpg,1d951e4474fea198998e495eaf043b7a407709002465e93c55ef802d3e8c63c0,490731
stage10-image,stage10-lesson-042-cycle-visual.jpg,web/assets/diagrams/stage10-infographics/stage10-lesson-042-cycle-visual.jpg,825ef273377349c2ec6025669062db673b2d9eac87ecd552d492fc5b6d4685b9,192530
stage10-image,stage10-lesson-042-cycle.jpg,web/assets/diagrams/stage10-infographics/stage10-lesson-042-cycle.jpg,65bef4c4c4689fbf6b9ac9ab47a3845b26eb6e7948144eb844bac4e73a6b05b4,358354
stage10-image,stage10-lesson-042-decode.jpg,web/assets/diagrams/stage10-infographics/stage10-lesson-042-decode.jpg,0a4d472907ba5bfb738867073e71227a42e65b4e42e899cf71df8e963480a809,455841
stage10-image,stage10-lesson-042-fetch.jpg,web/assets/diagrams/stage10-infographics/stage10-lesson-042-fetch.jpg,5f347b2420cc6c88a97dd9c8a06d2a6f0f4c6f9e75e1559e976a7a0dc08021a5,351038
stage10-image,stage10-lesson-042-registers.jpg,web/assets/diagrams/stage10-infographics/stage10-lesson-042-registers.jpg,c13589c860970606a3f709d276aba4c8f63d495f378a8883c5dc4dfbf0c5f0b2,394149
stage10-image,stage10-lesson-043-acc-status.jpg,web/assets/diagrams/stage10-infographics/stage10-lesson-043-acc-status.jpg,38c67550079675c81b5a8fe4f250f1ceabab8f465ecd217d46fdbb4db9d33161,432320
stage10-image,stage10-lesson-043-main-registers.jpg,web/assets/diagrams/stage10-infographics/stage10-lesson-043-main-registers.jpg,7bcc1f99f1fa97f14a2225b1fa1e26b4f93ed75fb52930b301ce942258c1f9c6,482913
stage10-image,stage10-lesson-043-purpose.jpg,web/assets/diagrams/stage10-infographics/stage10-lesson-043-purpose.jpg,8663898363f6450314939620263873aa922b4b08c8db886cec682444c08c4c35,375460
stage10-image,stage10-lesson-044-concept.jpg,web/assets/diagrams/stage10-infographics/stage10-lesson-044-concept.jpg,2710c16c3db049e04c50387e0ed7dc455eeaab092f397f2c2a38dc88e02fc597,454614
stage10-image,stage10-lesson-044-read-write.jpg,web/assets/diagrams/stage10-infographics/stage10-lesson-044-read-write.jpg,347c8f3a704e0fa172fa2790cb00122198530dc1f5e25581ff6c4ae3e7c49e7e,406058
stage10-image,stage10-lesson-044-three-buses.jpg,web/assets/diagrams/stage10-infographics/stage10-lesson-044-three-buses.jpg,1313c8cae9133105fe0461838ac9a59c2f7825b47569870160503f7a10256ae0,143747
stage10-image,stage10-lesson-044-width.jpg,web/assets/diagrams/stage10-infographics/stage10-lesson-044-width.jpg,18aa778b14c3e034e55baecf7fb73628eb13614c305e0f79c2ab969e1196b787,413267
stage10-image,stage10-lesson-045-compatibility.jpg,web/assets/diagrams/stage10-infographics/stage10-lesson-045-compatibility.jpg,294d487a39402a402fc090a86278e841a0a1c2297518e0cd372f524a124756c0,404009
stage10-image,stage10-lesson-045-instruction-set.jpg,web/assets/diagrams/stage10-infographics/stage10-lesson-045-instruction-set.jpg,faba9ee2de5038518dbb01a07e3061ea0e4ad4a1690a040f3ad2f9cca6ce3654,446622
stage10-image,stage10-lesson-045-machine-code.jpg,web/assets/diagrams/stage10-infographics/stage10-lesson-045-machine-code.jpg,a68a84d4f6c681210d584b39baa60fc9044be84a1d1ba2354b737379aa4a5caa,486361
stage10-image,stage10-lesson-045-opcode.jpg,web/assets/diagrams/stage10-infographics/stage10-lesson-045-opcode.jpg,f13866c3fd15f0b99314ba5593a1dac09bf31106cacf111f528e5c2148754324,446924
stage10-image,stage10-lesson-046-assembler.jpg,web/assets/diagrams/stage10-infographics/stage10-lesson-046-assembler.jpg,01be57fef6a28367f7e62c13d0bf579599130bd8468998acbfab6d0a67df9277,202802
stage10-image,stage10-lesson-046-assembly.jpg,web/assets/diagrams/stage10-infographics/stage10-lesson-046-assembly.jpg,22f962bf930125c866fa896b24adb553f6c4dcdd96df974205b56823c660553b,385811
stage10-image,stage10-lesson-046-mnemonics.jpg,web/assets/diagrams/stage10-infographics/stage10-lesson-046-mnemonics.jpg,1d67e70f99a116c64bf29d41f7d5fdd247557c23d7e633bab6231ba57e6449d2,421005
stage10-image,stage10-lesson-046-structure.jpg,web/assets/diagrams/stage10-infographics/stage10-lesson-046-structure.jpg,1b4f22ce21eab56f2e2f286700ba5b954c36af54168b9ede24b3e64b641c7bf6,341932
stage10-image,stage10-lesson-047-arrays.jpg,web/assets/diagrams/stage10-infographics/stage10-lesson-047-arrays.jpg,a24b2b957aac8b971c28ac8e8e75c03157740f8d3446095ba3ffd682ff7e1712,393952
stage10-image,stage10-lesson-047-concept.jpg,web/assets/diagrams/stage10-infographics/stage10-lesson-047-concept.jpg,7e22a3983cbd6e8b9fcfbcbf2f245750eedfb4b964a3de8ea55af0989dda63cb,379211
stage10-image,stage10-lesson-047-effective.jpg,web/assets/diagrams/stage10-infographics/stage10-lesson-047-effective.jpg,03caa1367987d2aab9ef7b788ca841e7429fcf0d2e84a895f610c4d12f0cee4b,350930
stage10-image,stage10-lesson-047-modes.jpg,web/assets/diagrams/stage10-infographics/stage10-lesson-047-modes.jpg,122981e1ab1877938934ff8b69fa8dae6c90731fc1144c8ad72696a1d3943bfe,427235
stage10-image,stage10-lesson-048-concept.jpg,web/assets/diagrams/stage10-infographics/stage10-lesson-048-concept.jpg,e5971aa55dc29cdaf19ffb01683bedbb0b1b0a8aa6a7c1c25872d0734a372f0c,374570
stage10-image,stage10-lesson-048-cycle.jpg,web/assets/diagrams/stage10-infographics/stage10-lesson-048-cycle.jpg,641f2ba93b688f0b7ca44f309c68f80771491256c5eea3e4a8a1083f0aaa91e5,380856
stage10-image,stage10-lesson-048-polling.jpg,web/assets/diagrams/stage10-infographics/stage10-lesson-048-polling.jpg,b3d9494e930fa761f837a6c0cfb4053ebdc6a5def69bea9a822c1107b7cf823d,367739
stage10-image,stage10-lesson-048-priority.jpg,web/assets/diagrams/stage10-infographics/stage10-lesson-048-priority.jpg,1f9503ae4babb6566af3654488a05377a164242959c519718afb37c597c1c041,383937
stage10-image,stage10-lesson-048-sources.jpg,web/assets/diagrams/stage10-infographics/stage10-lesson-048-sources.jpg,1cc667e8a7782e148508e2fb2420720ab72506d98f4871d4bb8a548596c8e515,416819
stage10-image,stage10-lesson-049-cache.jpg,web/assets/diagrams/stage10-infographics/stage10-lesson-049-cache.jpg,a1d312201a1eaeb78f12fc19af97243672acd0fd7ad41f6a655f03ddd2c5c612,361395
stage10-image,stage10-lesson-049-clock.jpg,web/assets/diagrams/stage10-infographics/stage10-lesson-049-clock.jpg,10b1e839312a48daa87d9fa9ed2b5e2148b4c39f42a843cff18818aa44882145,419356
stage10-image,stage10-lesson-049-concept.jpg,web/assets/diagrams/stage10-infographics/stage10-lesson-049-concept.jpg,628a3761d47fecebd2ce6e7cd661737334d6e477147d9351d3d88cd622e40a93,423504
stage10-image,stage10-lesson-049-cores.jpg,web/assets/diagrams/stage10-infographics/stage10-lesson-049-cores.jpg,0e2a8233569fe0e80965fa0a68c3818969e345711971340be37009097b5a5b4f,150099
stage10-image,stage10-lesson-049-limits.jpg,web/assets/diagrams/stage10-infographics/stage10-lesson-049-limits.jpg,0e8907491b8d18c0c483bee57a80f0d27d1172d791d4fb524429a53871042ae2,419387
stage10-image,stage10-lesson-049-word.jpg,web/assets/diagrams/stage10-infographics/stage10-lesson-049-word.jpg,5318d12bbe5a00ce6b485e16c30b6a3c1fb5ede66b679356ec0f2f13f2d656e3,436797
stage10-image,stage10-lesson-050-compare.jpg,web/assets/diagrams/stage10-infographics/stage10-lesson-050-compare.jpg,23cb01e6230f7a1394816fa414c6ec3f0c4325abfe8d9620d245f2e446154a00,148015
stage10-image,stage10-lesson-050-concept.jpg,web/assets/diagrams/stage10-infographics/stage10-lesson-050-concept.jpg,66b83aede34dc0304c59c98d3b3790149230252a25fbfb355e04953ef0d05aa8,288468
stage10-image,stage10-lesson-050-device-bits.jpg,web/assets/diagrams/stage10-infographics/stage10-lesson-050-device-bits.jpg,03c9b0238134678d08a19a7da006ae5f9d5bc5cdfdb462a436b15fe082ccd529,408430
stage10-image,stage10-lesson-050-hazards.jpg,web/assets/diagrams/stage10-infographics/stage10-lesson-050-hazards.jpg,f68afee72a4b21e81b8c4420e4feac2e3793dec202a0a4fda20b6a529b1d8d4a,440558
stage10-image,stage10-lesson-050-masks.jpg,web/assets/diagrams/stage10-infographics/stage10-lesson-050-masks.jpg,30eee09435bd6723113a31352cd6446044672d1205002fc0cf4c28e9c94a6147,394720
stage10-image,stage10-lesson-050-shifts.jpg,web/assets/diagrams/stage10-infographics/stage10-lesson-050-shifts.jpg,6718dcd7781e600e2adc4c2aeba7dc7c06f402ee769e2dbc5b3cef4585266ea7,179539
stage10-image,stage10-lesson-050-stalls.jpg,web/assets/diagrams/stage10-infographics/stage10-lesson-050-stalls.jpg,111021fa8d8b1a14d49601c1a88abefbe42332042efcb4d74acd84482f667e04,464320
stage10-image,stage10-lesson-050-timing.jpg,web/assets/diagrams/stage10-infographics/stage10-lesson-050-timing.jpg,96980c1891bc9919745dbd1a9147e4000b426ac64e6d236f6386458b4cc4b17b,160255
stage10-image,stage10-lesson-051-clinic.jpg,web/assets/diagrams/stage10-infographics/stage10-lesson-051-clinic.jpg,ebb7d5ccd223d9379c162e135aac1c23bc71da5782b252c722063cf423c4b897,418125
stage10-image,stage10-lesson-051-compare.jpg,web/assets/diagrams/stage10-infographics/stage10-lesson-051-compare.jpg,ac690c80b6da4aad556da522d3c01bb370b2c0688beb43d1035aaeb782a67f1e,427345
stage10-image,stage10-lesson-051-map.jpg,web/assets/diagrams/stage10-infographics/stage10-lesson-051-map.jpg,fad90f48e6d3c3995552ade4004c05c11048004ac9a6ed32282097193bfc06db,146894
stage10-image,stage10-lesson-051-retrieval.jpg,web/assets/diagrams/stage10-infographics/stage10-lesson-051-retrieval.jpg,be5dd86761326b4deaeacc5e24130fc3b56c6b62eb883f9111828831842dfb0e,180864
stage10-image,stage10-lesson-051-timed.jpg,web/assets/diagrams/stage10-infographics/stage10-lesson-051-timed.jpg,df96eb137f1dd2259255de878fd53956eaf698c3d4a9497c7cf0155dab3dee92,477214
stage10-image,stage10-lesson-052-categories.jpg,web/assets/diagrams/stage10-infographics/stage10-lesson-052-categories.jpg,2bf86f6c0ce7d0ba900ffb60868306a25b43135151d48969e1d786c8d14c4717,347708
stage10-image,stage10-lesson-052-concept.jpg,web/assets/diagrams/stage10-infographics/stage10-lesson-052-concept.jpg,3fba7799c8fffeab4436498200d466194f7ffb0bbe5d7f1de75fd51ba333baad,430240
stage10-image,stage10-lesson-052-os.jpg,web/assets/diagrams/stage10-infographics/stage10-lesson-052-os.jpg,969cecfc4670204d064ccaf9a8ea8896ecb6918d6bafdebf9975a7ac28dd08e3,452835
stage10-image,stage10-lesson-052-pathway.jpg,web/assets/diagrams/stage10-infographics/stage10-lesson-052-pathway.jpg,2f2732ee8e5f0c2061ae6229df247bde88d147ba77b302e31bfabfda7cb7dbc1,350724
stage10-image,stage10-lesson-052-translators.jpg,web/assets/diagrams/stage10-infographics/stage10-lesson-052-translators.jpg,595e973bf337f8810ab57702dfce846ae65b902bf7c898fb1199a71ad8c3a400,392879
stage10-image,stage10-lesson-052-utility.jpg,web/assets/diagrams/stage10-infographics/stage10-lesson-052-utility.jpg,4bec7bea26fe25cec00ed634d7766ede2eccfaf64372292174bed976e0b3a541,420816
stage10-image,stage10-lesson-053-concept.jpg,web/assets/diagrams/stage10-infographics/stage10-lesson-053-concept.jpg,b7414cd04ab22ae09da268383c728a98fd039d7a7c0ef7187a3ba4b64870eae1,441794
stage10-image,stage10-lesson-053-device.jpg,web/assets/diagrams/stage10-infographics/stage10-lesson-053-device.jpg,581e02ec92ea5ceff2972645e502237d7f0b78a8e2d62c293da85a4ab4bee58e,473087
stage10-image,stage10-lesson-053-file.jpg,web/assets/diagrams/stage10-infographics/stage10-lesson-053-file.jpg,452c5845bfcb5094890588d0778073982cfe67a9e24c69257004f9b2ca1278b4,457692
stage10-image,stage10-lesson-053-memory.jpg,web/assets/diagrams/stage10-infographics/stage10-lesson-053-memory.jpg,d1678b6566b972d10ff0ea55f74ee53bd9b8f36d518a44090dd8cedcc9fbf5cc,446331
stage10-image,stage10-lesson-053-process.jpg,web/assets/diagrams/stage10-infographics/stage10-lesson-053-process.jpg,2a75c24619e71c205cdef53db2daf58726b226e1e5592e85ba878aa45d564f28,403490
stage10-image,stage10-lesson-053-services.jpg,web/assets/diagrams/stage10-infographics/stage10-lesson-053-services.jpg,3fdc9b7d1328e2391f67fd8dbd03827bb8b52b7894854f3d31b1a46f823fa472,537445
stage10-image,stage10-lesson-054-cli.jpg,web/assets/diagrams/stage10-infographics/stage10-lesson-054-cli.jpg,79e1b6841590f0237f666f1f411613379c77452047cd4ace734f27909d173e2e,343728
stage10-image,stage10-lesson-054-compare.jpg,web/assets/diagrams/stage10-infographics/stage10-lesson-054-compare.jpg,aabd7dccd473cdd803e4f7f0ca293a2d5ea899596b13e0d8f413c91d7e7dd9d9,445401
stage10-image,stage10-lesson-054-concept.jpg,web/assets/diagrams/stage10-infographics/stage10-lesson-054-concept.jpg,e6d6f960f95d44c7cd4e8777c084d5e53504141086977416a93ba4ae04c0f36b,420049
stage10-image,stage10-lesson-054-gui.jpg,web/assets/diagrams/stage10-infographics/stage10-lesson-054-gui.jpg,c36619d36495140f0a02715e91215fc288b132505d921020785575b00be40751,404454
stage10-image,stage10-lesson-054-menu.jpg,web/assets/diagrams/stage10-infographics/stage10-lesson-054-menu.jpg,bd2ac296cb3fa3674a05381f4bd00b1ac33e84ea36cb0953c47f539fb02f8317,364673
stage10-image,stage10-lesson-054-natural.jpg,web/assets/diagrams/stage10-infographics/stage10-lesson-054-natural.jpg,f1d59b82784bb08be1244e2f4c778871109c782612d34daf3c8b0ae95ed58f4c,388949
stage10-image,stage10-lesson-055-antivirus.jpg,web/assets/diagrams/stage10-infographics/stage10-lesson-055-antivirus.jpg,82dbd2a4c1c2f3f4427655bbd95076d31aa0d23e2bae36cbe4a1dc3d1760327d,371446
stage10-image,stage10-lesson-055-backup.jpg,web/assets/diagrams/stage10-infographics/stage10-lesson-055-backup.jpg,677059123e10244628c098a87eed0ce0480788d5610950c8f8e2a2ce91543f7f,347875
stage10-image,stage10-lesson-055-compare.jpg,web/assets/diagrams/stage10-infographics/stage10-lesson-055-compare.jpg,cab75a286396b161d448a3e81463396b75284ad528a9a506c4ccd49297109c28,367810
stage10-image,stage10-lesson-055-compression.jpg,web/assets/diagrams/stage10-infographics/stage10-lesson-055-compression.jpg,469dc0d160124953318a414a65b470354f9410e9dbe873ec1509d50449b7a9c0,372246
stage10-image,stage10-lesson-055-concept.jpg,web/assets/diagrams/stage10-infographics/stage10-lesson-055-concept.jpg,2c63fdc8da1b391d4eb4110cf9999387215d5cc4111d7b01c70fcef21ff37c6e,429849
stage10-image,stage10-lesson-055-defrag.jpg,web/assets/diagrams/stage10-infographics/stage10-lesson-055-defrag.jpg,9ff9e8fc7474f7984952d22dd7699bdb0aa5e133a3a52fc048f09c9eda664e9e,452845
stage10-image,stage10-lesson-055-encryption.jpg,web/assets/diagrams/stage10-infographics/stage10-lesson-055-encryption.jpg,482f489e281f1b5168aed691fba2d4074271b98c7e0b85512c853b3d04e1244d,383633
stage10-image,stage10-lesson-056-assembler.jpg,web/assets/diagrams/stage10-infographics/stage10-lesson-056-assembler.jpg,428023a6cdd7387bec9f0352c40004ecdc1196daa7cc0c49106a1d247380cb5c,395158
stage10-image,stage10-lesson-056-compare.jpg,web/assets/diagrams/stage10-infographics/stage10-lesson-056-compare.jpg,44fc73141aaec2857ddd3f3d64ac507c70823c410164c519157c6305bfdf2461,459089
stage10-image,stage10-lesson-056-compiler.jpg,web/assets/diagrams/stage10-infographics/stage10-lesson-056-compiler.jpg,1adb54f931b5304038f143578faac13d1e396316b14a6a9be0d4ec3edcce6578,383091
stage10-image,stage10-lesson-056-concept.jpg,web/assets/diagrams/stage10-infographics/stage10-lesson-056-concept.jpg,d006f9da12de4283048f2ede80eb5713d19bf8c3beeb0c6b955af93e52d41e13,177653
stage10-image,stage10-lesson-056-interpreter.jpg,web/assets/diagrams/stage10-infographics/stage10-lesson-056-interpreter.jpg,c3e0eb6e91b5be28a8b70381ca083e6f377c1a6fddc7407c1408bb9d5f68f525,383289
stage10-image,stage10-lesson-057-generation.jpg,web/assets/diagrams/stage10-infographics/stage10-lesson-057-generation.jpg,4173bc9e536f56bcb56a8f6222383e8bfdfec02a391e6aabe44b93931e9d3b67,370486
stage10-image,stage10-lesson-057-lexical.jpg,web/assets/diagrams/stage10-infographics/stage10-lesson-057-lexical.jpg,0886aac27752ee9c3233e7c5e8e4071adc002e1db5e6f295d117816d01f5140f,146973
stage10-image,stage10-lesson-057-optimisation.jpg,web/assets/diagrams/stage10-infographics/stage10-lesson-057-optimisation.jpg,3c7f30a13e0bfee074a876b3e9fc814a311436c7a55c5d5e2ca06d4c9457d511,360185
stage10-image,stage10-lesson-057-pipeline.jpg,web/assets/diagrams/stage10-infographics/stage10-lesson-057-pipeline.jpg,c3c009ad4297cdcfeaea08745ece783a5760b74e9ca969baf2b9b2ba478bb2b0,398034
stage10-image,stage10-lesson-057-semantic.jpg,web/assets/diagrams/stage10-infographics/stage10-lesson-057-semantic.jpg,64b9e0aa892ecf316915afb681851fe4561fddcaa5cc2ce48ed0cc14e0634d32,384063
stage10-image,stage10-lesson-057-syntax.jpg,web/assets/diagrams/stage10-infographics/stage10-lesson-057-syntax.jpg,6d77a3afb6459c5ca1ebbd725cdd832d132f930da3e6703b8fea8bd55c82ea81,377812
stage10-image,stage10-lesson-058-compare.jpg,web/assets/diagrams/stage10-infographics/stage10-lesson-058-compare.jpg,e7193c5820ca2b2208ae5e1aa5ba4df9349cf848fac24215f07447fad3fbb9cf,425699
stage10-image,stage10-lesson-058-concept.jpg,web/assets/diagrams/stage10-infographics/stage10-lesson-058-concept.jpg,6f5da5d06521ec6175deebe1a857f67aba650d9c33687db0b62805763a0ea1d4,402830
stage10-image,stage10-lesson-058-libraries.jpg,web/assets/diagrams/stage10-infographics/stage10-lesson-058-libraries.jpg,9052c55da48e8cdba3fec8d63095766526f86ff2f4c35da990828cf14a4c9860,394709
stage10-image,stage10-lesson-058-linkers.jpg,web/assets/diagrams/stage10-infographics/stage10-lesson-058-linkers.jpg,8554bf73163a046674c44174ec74ab08db7e2b4a0bc54aaff0274b6e9a65de53,400783
stage10-image,stage10-lesson-058-loaders.jpg,web/assets/diagrams/stage10-infographics/stage10-lesson-058-loaders.jpg,af2fbc95124819f531b401bf921f9ab225e2ad6a6da3db1629eb46a11478eed4,324140
stage10-image,stage10-lesson-058-static-dynamic.jpg,web/assets/diagrams/stage10-infographics/stage10-lesson-058-static-dynamic.jpg,772b2a00a0c76767c6e95032d228282f85b09f94d1cecce8d5ba61297ed85b8d,392973
stage10-image,stage10-lesson-059-compare.jpg,web/assets/diagrams/stage10-infographics/stage10-lesson-059-compare.jpg,3ecde04ecdce6be59053deddc5183c4142c95ee067150911dc7a0b4a0c3821bd,425271
stage10-image,stage10-lesson-059-concept.jpg,web/assets/diagrams/stage10-infographics/stage10-lesson-059-concept.jpg,664c982905f5599f353aa905dd92d883dea3dd8b795cd749aefce99ee747438b,404806
stage10-image,stage10-lesson-059-diagnostics.jpg,web/assets/diagrams/stage10-infographics/stage10-lesson-059-diagnostics.jpg,32a5800d0e589f23bee73aecd62ed2f483bc9971cb17fc09b0a3079fb839424c,368511
stage10-image,stage10-lesson-059-logic.jpg,web/assets/diagrams/stage10-infographics/stage10-lesson-059-logic.jpg,ef988e007251f1935575cd7143031f841824f2c3a94ebeb7e7dc5d677f5c620f,369203
stage10-image,stage10-lesson-059-runtime.jpg,web/assets/diagrams/stage10-infographics/stage10-lesson-059-runtime.jpg,8d10f2bcc610c85906baf1d278f15fc1f1a9e3b280119977a1fc01481ee1d801,381121
stage10-image,stage10-lesson-059-syntax.jpg,web/assets/diagrams/stage10-infographics/stage10-lesson-059-syntax.jpg,5c254d328fba1298e187cf15f49d4e8ee6cf02c76f12838e37d027f03a21227a,398048
stage10-image,stage10-lesson-060-decision.jpg,web/assets/diagrams/stage10-infographics/stage10-lesson-060-decision.jpg,192f4cab9f85cf22f0baf16003b15a6c4616dd4816896e6c848e4da09236d253,396748
stage10-image,stage10-lesson-060-deployment.jpg,web/assets/diagrams/stage10-infographics/stage10-lesson-060-deployment.jpg,9007aa0a18ff9a616991638a2d726a156d2b74507c9d19a9652196123939ae80,380977
stage10-image,stage10-lesson-060-development.jpg,web/assets/diagrams/stage10-infographics/stage10-lesson-060-development.jpg,298fdccebaf26a1bbe62e1a967ed5e7379af0ae563458dc1e269e1551e87eab1,405629
stage10-image,stage10-lesson-060-diagnostics.jpg,web/assets/diagrams/stage10-infographics/stage10-lesson-060-diagnostics.jpg,2a89e1a2813d9a47d511506d7f75e682f09518be8a41cf08b3e42d36f59d1ad2,417447
stage10-image,stage10-lesson-060-lowlevel.jpg,web/assets/diagrams/stage10-infographics/stage10-lesson-060-lowlevel.jpg,87746f48340cad8fea37cc9ff65208f025398aaf4cf813df7ee9ff4d8889cb33,352233
stage10-image,stage10-lesson-060-pipeline.jpg,web/assets/diagrams/stage10-infographics/stage10-lesson-060-pipeline.jpg,fa338a01a7f1de07e2980d1c4275af2aa4962be51af2e9bc684f8513bb3d4aed,174120
stage10-image,stage10-lesson-061-compare.jpg,web/assets/diagrams/stage10-infographics/stage10-lesson-061-compare.jpg,666951b25ae687e7e986d30e581a6895a4c13acc04967ed32a2bc9da26a8e48a,433459
stage10-image,stage10-lesson-061-precision.jpg,web/assets/diagrams/stage10-infographics/stage10-lesson-061-precision.jpg,26041a28fccf829b1c8bb97e04fc9244d5d3a223037a88b83fa7a534f3d5c22d,409506
stage10-image,stage10-lesson-061-retrieval.jpg,web/assets/diagrams/stage10-infographics/stage10-lesson-061-retrieval.jpg,50d31ca50eb8320dde1f2ddd091ac01d93aeb0afc4881314579f04eabacaadfc,158501
stage10-image,stage10-lesson-062-authenticity.jpg,web/assets/diagrams/stage10-infographics/stage10-lesson-062-authenticity.jpg,f7352d5c75951e7839b9b10b5b75537c4585fcfe2e92e1586b493d66aa1757a5,379453
stage10-image,stage10-lesson-062-availability.jpg,web/assets/diagrams/stage10-infographics/stage10-lesson-062-availability.jpg,9173910f14d630ca6bd36bfc2f86382a9f8ec0e93ac8668afadbf82c4cbe5973,443637
stage10-image,stage10-lesson-062-confidentiality.jpg,web/assets/diagrams/stage10-infographics/stage10-lesson-062-confidentiality.jpg,80b7e68de1425961d16fb7f70c5f0186d6c27522b8d825bda3e334a0f06780d7,424507
stage10-image,stage10-lesson-062-controls.jpg,web/assets/diagrams/stage10-infographics/stage10-lesson-062-controls.jpg,1bdf2417bb11b5f0f61ba58f5d37323b37834cb069b2242cb9daeb8afe6f63dd,393723
stage10-image,stage10-lesson-062-integrity.jpg,web/assets/diagrams/stage10-infographics/stage10-lesson-062-integrity.jpg,a681dd5000456c9a2b58fd858a293e0ad1be584aaf79d9f0861d18457d791421,529222
stage10-image,stage10-lesson-062-risk-chain.jpg,web/assets/diagrams/stage10-infographics/stage10-lesson-062-risk-chain.jpg,885f2a2d318d73986ac8e0c4c8d966a1e48ddf6ec1c8ee8ad6e04098699b0cac,365114
stage10-image,stage10-lesson-063-concept.jpg,web/assets/diagrams/stage10-infographics/stage10-lesson-063-concept.jpg,e02ef92126a95a570c0f993b682aae5e39ab28096b037403a413a8da5ac69636,444881
stage10-image,stage10-lesson-063-controls.jpg,web/assets/diagrams/stage10-infographics/stage10-lesson-063-controls.jpg,1ad4aa6c77990af576f79b00d35fe3cd98f17c5cbed136e517c47cec729e5b68,478112
stage10-image,stage10-lesson-063-ransomware.jpg,web/assets/diagrams/stage10-infographics/stage10-lesson-063-ransomware.jpg,cd145077d647b611c320f1e69654615fae42bfbb587255349ab3b3bba59e2ab1,430369
stage10-image,stage10-lesson-063-social.jpg,web/assets/diagrams/stage10-infographics/stage10-lesson-063-social.jpg,60f92db84381e805fb78415225f50ffe3baa8cf042ca3bfcb751b21d02c3417f,381546
stage10-image,stage10-lesson-063-spyware.jpg,web/assets/diagrams/stage10-infographics/stage10-lesson-063-spyware.jpg,ea11428f2bca810377b6c5514a7e10ea13e92745181f8e8dda9e9611bbe17558,455065
stage10-image,stage10-lesson-063-trojan.jpg,web/assets/diagrams/stage10-infographics/stage10-lesson-063-trojan.jpg,db74753b625d074bb03a21ab7270a1d78f350220f7de365f9f21d6e293d8167b,427299
stage10-image,stage10-lesson-063-virus.jpg,web/assets/diagrams/stage10-infographics/stage10-lesson-063-virus.jpg,3d6e717e38413e8613f0b67125bafc71dadb9a055ff35b2d7fbeb59a74ab74e4,394099
stage10-image,stage10-lesson-064-compare.jpg,web/assets/diagrams/stage10-infographics/stage10-lesson-064-compare.jpg,d071c4ce710b521adbec71d225f67b08199c418bfbe5aa66037257de68da104d,437057
stage10-image,stage10-lesson-064-controls.jpg,web/assets/diagrams/stage10-infographics/stage10-lesson-064-controls.jpg,304b191e90c5af78b44e60a1394116af330139c29d28818dc0b218f379bd5ad9,439799
stage10-image,stage10-lesson-064-core.jpg,web/assets/diagrams/stage10-infographics/stage10-lesson-064-core.jpg,3c895ecf83552c397cf4ad3d92888acbfde9f550e73de7f4a3e6ac3ae58e068a,347074
stage10-image,stage10-lesson-064-dos.jpg,web/assets/diagrams/stage10-infographics/stage10-lesson-064-dos.jpg,fdb9b92f1a0d2a94d9e1dc6fb3ab412d6f87baec52321c866ceae889172835c3,439938
stage10-image,stage10-lesson-064-hacking.jpg,web/assets/diagrams/stage10-infographics/stage10-lesson-064-hacking.jpg,8341cd2dcbd8abb08ca48d3b6707462760291e44189e9ab5834bfe1822ff3140,421660
stage10-image,stage10-lesson-064-pharming.jpg,web/assets/diagrams/stage10-infographics/stage10-lesson-064-pharming.jpg,85488f46ac85872bf3ba0d955a86555df5669f74f6ea21096b11a0bc8af81b24,398622
stage10-image,stage10-lesson-064-phishing.jpg,web/assets/diagrams/stage10-infographics/stage10-lesson-064-phishing.jpg,1f374fdae2f756a17f40f0b7a272473a1df71100f6e08be27ba0c1f9ee8f6831,412277
stage10-image,stage10-lesson-065-biometrics.jpg,web/assets/diagrams/stage10-infographics/stage10-lesson-065-biometrics.jpg,b2aa2cdc8d1d88503ea3d11f9079e02d6f088e8e7d3c2bb6bb7915d7014401ef,455098
stage10-image,stage10-lesson-065-compare.jpg,web/assets/diagrams/stage10-infographics/stage10-lesson-065-compare.jpg,243af2a23ac64fce7579c1f5a5b9938d16920134b5e7e8910ab417b54c0cb822,434983
stage10-image,stage10-lesson-065-core.jpg,web/assets/diagrams/stage10-infographics/stage10-lesson-065-core.jpg,3ac183b4d9a4dc89b79f75af07598a023c5b006b8bb092425db30c5bf6b2774d,427463
stage10-image,stage10-lesson-065-factors.jpg,web/assets/diagrams/stage10-infographics/stage10-lesson-065-factors.jpg,b0c2e8abc6e28df0bb7269c6af94fa5625b8104ad747aa05299848cdada86f12,430351
stage10-image,stage10-lesson-065-mfa.jpg,web/assets/diagrams/stage10-infographics/stage10-lesson-065-mfa.jpg,8f79451e76b15bbe84a29d7f700a2aae4fd684ce8b230f3b335c8414378b96eb,396820
stage10-image,stage10-lesson-065-password-tool.jpg,web/assets/diagrams/stage10-infographics/stage10-lesson-065-password-tool.jpg,6c98a3c3ce3171582fdbe7e1731d39ee947445377c59e33d7ae2c44d72d8c86c,345823
stage10-image,stage10-lesson-065-passwords.jpg,web/assets/diagrams/stage10-infographics/stage10-lesson-065-passwords.jpg,975251137e6330ee96a20e0e551dedacf56c835f2df974f4f8bafb0cfc3c1abe,450275
stage10-image,stage10-lesson-065-tokens.jpg,web/assets/diagrams/stage10-infographics/stage10-lesson-065-tokens.jpg,bf6b20e62d36f34d8a892597222b9d85e75d5176cb62278a55193cc3fb21a0ab,388252
stage10-image,stage10-lesson-066-core.jpg,web/assets/diagrams/stage10-infographics/stage10-lesson-066-core.jpg,717608c3979f9846d236181e59a8f7bad8740f21fe2ac964566e7b8ebef2f2db,397448
stage10-image,stage10-lesson-066-least.jpg,web/assets/diagrams/stage10-infographics/stage10-lesson-066-least.jpg,a1ee54fd047ba457897c2365ef0b884ee71b72032efe69a76581766cf1dc94ee,436337
stage10-image,stage10-lesson-066-matrix.jpg,web/assets/diagrams/stage10-infographics/stage10-lesson-066-matrix.jpg,8fceadc33340068908d9e291350dd4bc52ea2294250e037c6a20bae9e520e8e1,394211
stage10-image,stage10-lesson-066-review.jpg,web/assets/diagrams/stage10-infographics/stage10-lesson-066-review.jpg,239ac7b77ced35fa667083e3ba8970a95a00e2e644cda904f8846e58a453af22,424145
stage10-image,stage10-lesson-066-rights.jpg,web/assets/diagrams/stage10-infographics/stage10-lesson-066-rights.jpg,7f13ecc8a73f6dcf24655625c33259ec412de5cc77c377952f7bc69c55206ee6,416977
stage10-image,stage10-lesson-066-users.jpg,web/assets/diagrams/stage10-infographics/stage10-lesson-066-users.jpg,1caed43d0bcddb03381d77cb506f8ad9d56fb400be1a722f259b5ca56aa69181,427209
stage10-image,stage10-lesson-067-certificates.jpg,web/assets/diagrams/stage10-infographics/stage10-lesson-067-certificates.jpg,a6a12235be5adfa5887f602c1582bde729fa41e0fed0cd80a6a8bce6f3597d86,404400
stage10-image,stage10-lesson-067-compare.jpg,web/assets/diagrams/stage10-infographics/stage10-lesson-067-compare.jpg,e7b4f1d179549ff35227b171d55b65b01776f33fb637d512016a9119caae81bb,263160
stage10-image,stage10-lesson-067-core.jpg,web/assets/diagrams/stage10-infographics/stage10-lesson-067-core.jpg,7c9bf7b9044de3ef715fdd880e832b43ba42b58aea31d25354c842932461237f,488574
stage10-image,stage10-lesson-067-encryption.jpg,web/assets/diagrams/stage10-infographics/stage10-lesson-067-encryption.jpg,afafc04375c5609d3af7c9bf7347ef7ebf69747b72f3f989e0b2d9f46036abe1,407638
stage10-image,stage10-lesson-067-hashing.jpg,web/assets/diagrams/stage10-infographics/stage10-lesson-067-hashing.jpg,3e96cadceff2a2f43d6858f27595dbfb02308d91dee6a3facab7625c7ee7b3dc,412491
stage10-image,stage10-lesson-067-https.jpg,web/assets/diagrams/stage10-infographics/stage10-lesson-067-https.jpg,b6d828a3720364040dc81f37c9a27ea37e4db22a482c9af01d511822fa70f01e,448180
stage10-image,stage10-lesson-067-keys.jpg,web/assets/diagrams/stage10-infographics/stage10-lesson-067-keys.jpg,023eabb1d6bcf5984c307d5a10f127b9a55378390c71eaa86407199b75ca73e3,409401
stage10-image,stage10-lesson-068-core.jpg,web/assets/diagrams/stage10-infographics/stage10-lesson-068-core.jpg,c2d7c084b2510d1e9251fa33db8ede395269226f8301205ca5992d25872776e1,348649
stage10-image,stage10-lesson-068-event-tool.jpg,web/assets/diagrams/stage10-infographics/stage10-lesson-068-event-tool.jpg,4dd41a027fa53b50f510427178b9bac18af8d13603c5466ac3771fb380432427,316037
stage10-image,stage10-lesson-068-firewall.jpg,web/assets/diagrams/stage10-infographics/stage10-lesson-068-firewall.jpg,4c54176635ccc3398f03582670b650bfb9c113d35dd268f607a5057c6e44aed7,391119
stage10-image,stage10-lesson-068-limits.jpg,web/assets/diagrams/stage10-infographics/stage10-lesson-068-limits.jpg,5688568b1e4654fa88776c5a19ff2e6a55d9a34186a6d63241da5de9322ef3bb,407918
stage10-image,stage10-lesson-068-monitoring.jpg,web/assets/diagrams/stage10-infographics/stage10-lesson-068-monitoring.jpg,5abaa1977e11cc7f5244aec3dc1cde8df8eafe6b8d35bbe563a16e1eab10b4ca,433850
stage10-image,stage10-lesson-068-proxy.jpg,web/assets/diagrams/stage10-infographics/stage10-lesson-068-proxy.jpg,c36663dab448705041a6636251e142214e34a7cfb04daa3223c306253bb3bd21,350191
stage10-image,stage10-lesson-068-rules.jpg,web/assets/diagrams/stage10-infographics/stage10-lesson-068-rules.jpg,b729cc79fd4aa5ccd073003f87393b31943a6369d36ac4a386f45f934e760717,423080
stage10-image,stage10-lesson-069-checks.jpg,web/assets/diagrams/stage10-infographics/stage10-lesson-069-checks.jpg,10e346902b009f7aa45f256d734ce85511fb65272f937bbf3ae1f46432909a49,378896
stage10-image,stage10-lesson-069-compare.jpg,web/assets/diagrams/stage10-infographics/stage10-lesson-069-compare.jpg,12e3f2d7e9f229bec2250a6698d9c22a58710703f2a14da2f8b440c6bf8bc84d,395630
stage10-image,stage10-lesson-069-core.jpg,web/assets/diagrams/stage10-infographics/stage10-lesson-069-core.jpg,36d4a698258a8d54a33f1265659507936b7b76449882745e7c5fd84eb53a8379,357950
stage10-image,stage10-lesson-069-limits.jpg,web/assets/diagrams/stage10-infographics/stage10-lesson-069-limits.jpg,597f9bbbd7eb7dcf04c0f051d2d1ef12c6d39abbfbf27ff5aca7d335e1f594b8,360609
stage10-image,stage10-lesson-069-validation.jpg,web/assets/diagrams/stage10-infographics/stage10-lesson-069-validation.jpg,afc05efc945d2dd06e3abf3dd49fef532db527867a4b9d7dc19c166ac313a8d4,370910
stage10-image,stage10-lesson-069-verification.jpg,web/assets/diagrams/stage10-infographics/stage10-lesson-069-verification.jpg,19e3d24db87a35eb289afc7573f9e8ab5c9968d1dda0bf837e6b404e55197e19,509711
stage10-image,stage10-lesson-069-verify-tool.jpg,web/assets/diagrams/stage10-infographics/stage10-lesson-069-verify-tool.jpg,48a21c36772fcf620e11858586f7cb738f348f260d9a49a4d603fb13505e5847,404206
stage10-image,stage10-lesson-070-audit-trails.jpg,web/assets/diagrams/stage10-infographics/stage10-lesson-070-audit-trails.jpg,8ce1a41ed67b7c2129de6b20b5f534bcbdee629fb3c8f9a3186a5c92128bf911,360979
stage10-image,stage10-lesson-070-backups.jpg,web/assets/diagrams/stage10-infographics/stage10-lesson-070-backups.jpg,4c736a160f3a0921b874061f61fb14f07f78b329d1c6242f3211c4f482121c9b,459477
stage10-image,stage10-lesson-070-compare.jpg,web/assets/diagrams/stage10-infographics/stage10-lesson-070-compare.jpg,3972cad4feebad9c1f354a384d99c9a3f4ff183a07002244cf8f583e11102ac7,450419
stage10-image,stage10-lesson-070-core.jpg,web/assets/diagrams/stage10-infographics/stage10-lesson-070-core.jpg,6128ffe09f04da7db25642f7672f5197d106a48f6f88f28f66103ee49ff798a8,421065
stage10-image,stage10-lesson-070-recovery.jpg,web/assets/diagrams/stage10-infographics/stage10-lesson-070-recovery.jpg,f47ade1ce30aa853abb34998b699e9e00065fadbb4bfc1b4095a13a4f082f70f,402778
stage10-image,stage10-lesson-070-rpo-tool.jpg,web/assets/diagrams/stage10-infographics/stage10-lesson-070-rpo-tool.jpg,862ed5b335f3f6af5560f8dc9c159818d3c7c8add7349af52f69bedaa4c6e4e9,351588
stage10-image,stage10-lesson-070-strategy.jpg,web/assets/diagrams/stage10-infographics/stage10-lesson-070-strategy.jpg,80f3d955b730e8a763776040fc4bd4b37ae4831083aabcaa6992e18ad170b2e0,420583
stage10-image,stage10-lesson-071-compare.jpg,web/assets/diagrams/stage10-infographics/stage10-lesson-071-compare.jpg,7d7691035943c3d7efdb635d86c90924783017933e66c84ecf50895262840552,506879
stage10-image,stage10-lesson-071-controls.jpg,web/assets/diagrams/stage10-infographics/stage10-lesson-071-controls.jpg,df62a461edbe1faf2d97f57ee6cbe08318277881cce8528610d03026c84e7d9d,143431
stage10-image,stage10-lesson-071-diagnostic.jpg,web/assets/diagrams/stage10-infographics/stage10-lesson-071-diagnostic.jpg,0e815296e2cb8b6ea5524a3222bc0c3e30496f01c5105a6ffa0fb2c580d8965d,386714
stage10-image,stage10-lesson-071-matcher.jpg,web/assets/diagrams/stage10-infographics/stage10-lesson-071-matcher.jpg,10df7b567e068df302cdddfa4a0d22db8f2c601666bd859c3759417cb3e62af5,383630
stage10-image,stage10-lesson-071-method.jpg,web/assets/diagrams/stage10-infographics/stage10-lesson-071-method.jpg,4cbb1cb629faf874bd3d51de5f3f6de36852493119c4e806f44ba8ebcaf54bef,386757
stage10-image,stage10-lesson-071-review-map.jpg,web/assets/diagrams/stage10-infographics/stage10-lesson-071-review-map.jpg,91cfef4be0efda5c1347c1a3744a9e2a17091b9f7b0ce25fc0435dd7f28b675b,386274
stage10-image,stage10-lesson-072-ethics.jpg,web/assets/diagrams/stage10-infographics/stage10-lesson-072-ethics.jpg,961b467683f8c07b320cff74aee75f9cba1dadd2333920d978d151459a2192c1,395419
stage10-image,stage10-lesson-072-mapper.jpg,web/assets/diagrams/stage10-infographics/stage10-lesson-072-mapper.jpg,a5753f4205bcfee90ceb0e8e58661ba44a090479c2ad1c02d26bcd27a99d23a9,341519
stage10-image,stage10-lesson-072-method.jpg,web/assets/diagrams/stage10-infographics/stage10-lesson-072-method.jpg,7641ce2a8d76820a88635ed02cfa4ed4b6ad6820e34a567d536daf731fb59a4e,370739
stage10-image,stage10-lesson-072-stakeholders.jpg,web/assets/diagrams/stage10-infographics/stage10-lesson-072-stakeholders.jpg,62c4461d6ba8a8dd8755476c43a90bb72d975d1be2abdb5e42edf72e8be3d6b1,379903
stage10-image,stage10-lesson-072-tradeoffs.jpg,web/assets/diagrams/stage10-infographics/stage10-lesson-072-tradeoffs.jpg,15982c7298c3371561d443bf026c9baca1666f8e3f0aa74b94e81c3c7da03277,460422
stage10-image,stage10-lesson-073-checklist.jpg,web/assets/diagrams/stage10-infographics/stage10-lesson-073-checklist.jpg,3961f4bcfc3dbd1bcc26cf622e1821589de6f2fd42459d3833e861bbc7ea5c04,352422
stage10-image,stage10-lesson-073-method.jpg,web/assets/diagrams/stage10-infographics/stage10-lesson-073-method.jpg,351672a1cefaf4fce80911470d86f73e793665448e5f781b92655ff936d17c52,405867
stage10-image,stage10-lesson-073-principles.jpg,web/assets/diagrams/stage10-infographics/stage10-lesson-073-principles.jpg,d9947e987b6c89689bbca9f70e8251ae37151391be8a2ef21536709bd9ec3146,425209
stage10-image,stage10-lesson-073-privacy.jpg,web/assets/diagrams/stage10-infographics/stage10-lesson-073-privacy.jpg,c11d56b2e7698e0ee434f3e2005a6e6da06054fe5bfe284ee9a17cf2de3c46ca,415293
stage10-image,stage10-lesson-073-protection.jpg,web/assets/diagrams/stage10-infographics/stage10-lesson-073-protection.jpg,43e6378f20d50423d2bbb6841e29de6c6dfbff7f75b7e7fca581cbce413659f2,464449
stage10-image,stage10-lesson-073-scanner.jpg,web/assets/diagrams/stage10-infographics/stage10-lesson-073-scanner.jpg,6b3501506fa67aa41865fe9ab3b61ab0fe39aa4632a644bce2463ab68efada26,358877
stage10-image,stage10-lesson-073-surveillance.jpg,web/assets/diagrams/stage10-infographics/stage10-lesson-073-surveillance.jpg,dda9638079579a4ae6ac7c7fb2e4c49b0f71f1c60b55e8ba871cc688b372abd3,452836
stage10-image,stage10-lesson-074-compare.jpg,web/assets/diagrams/stage10-infographics/stage10-lesson-074-compare.jpg,eeca8466f8f52e6b51cf7d3ee52e0f4dee4e7d03fc6ec8d41f56887cc80a178b,446020
stage10-image,stage10-lesson-074-copyright.jpg,web/assets/diagrams/stage10-infographics/stage10-lesson-074-copyright.jpg,48c374a3bc0b66beee5dad80a596c545ff2ade4a50c3076da42e4e0f7b894f16,406745
stage10-image,stage10-lesson-074-ip.jpg,web/assets/diagrams/stage10-infographics/stage10-lesson-074-ip.jpg,e5b6372923ad9e75d62e61be56c0deab3064dbcc6e2d848cd86f231544caf99f,155071
stage10-image,stage10-lesson-074-licensing.jpg,web/assets/diagrams/stage10-infographics/stage10-lesson-074-licensing.jpg,b75db11ba6041f7db8bfbf5ad003bd27bcb6681e4711feeb2d36171c7e480b59,445708
stage10-image,stage10-lesson-074-matcher.jpg,web/assets/diagrams/stage10-infographics/stage10-lesson-074-matcher.jpg,76379225c0f0997161bf7e5738cfe44f72dc097fa36f01d2fff3e183352e19a4,366357
stage10-image,stage10-lesson-074-patents.jpg,web/assets/diagrams/stage10-infographics/stage10-lesson-074-patents.jpg,2439c9c23d999441fca7c4556c333ef4c9522e330facb07beae5f9e55f556cf5,412636
stage10-image,stage10-lesson-075-advisor.jpg,web/assets/diagrams/stage10-infographics/stage10-lesson-075-advisor.jpg,8807a00c4ee60fa8dede87fffa9b7d3afbc0e0908868e24be18d9e39fe83d6b3,337265
stage10-image,stage10-lesson-075-method.jpg,web/assets/diagrams/stage10-infographics/stage10-lesson-075-method.jpg,fd3a8240683f2f1821b644d50797843829fc6c657b3f0839238418d280594be5,409272
stage10-image,stage10-lesson-075-open-source.jpg,web/assets/diagrams/stage10-infographics/stage10-lesson-075-open-source.jpg,dbe4502550267cb62e7cb945f93717389ac10bcc94be6f505776ff1ff970d386,416353
stage10-image,stage10-lesson-075-ownership.jpg,web/assets/diagrams/stage10-infographics/stage10-lesson-075-ownership.jpg,5a118011739e44bca9541746500a1a1457b11397a5938762858187fbbd3b65b7,413214
stage10-image,stage10-lesson-075-proprietary.jpg,web/assets/diagrams/stage10-infographics/stage10-lesson-075-proprietary.jpg,e01244ebcd0c64eba111d51996c9f7e847e113dc70182d449d222d903752b9bf,369698
stage10-image,stage10-lesson-075-tradeoffs.jpg,web/assets/diagrams/stage10-infographics/stage10-lesson-075-tradeoffs.jpg,480b9da8d3e30a9166f1c41a7c8aec75da4da201bc09fbd662ea4dea0b8a5cc5,437319
stage10-image,stage10-lesson-076-analyser.jpg,web/assets/diagrams/stage10-infographics/stage10-lesson-076-analyser.jpg,26427fad831b9d7913a3e25b47fc817ef24c016185fbc9c28727cc25ad9aaa2b,335780
stage10-image,stage10-lesson-076-digital-divide.jpg,web/assets/diagrams/stage10-infographics/stage10-lesson-076-digital-divide.jpg,55240b7647cee80878233a0f94b1ed47b2916a982eb16ebeeb5d6a9e9509b60c,469666
stage10-image,stage10-lesson-076-environment.jpg,web/assets/diagrams/stage10-infographics/stage10-lesson-076-environment.jpg,c5564551ca6f025c23518584467b255dd0ddd11c4c48e4e67ff86725a3bcb266,436894
stage10-image,stage10-lesson-076-ewaste.jpg,web/assets/diagrams/stage10-infographics/stage10-lesson-076-ewaste.jpg,3c21347b0f07329d7fd664a0689595746513f47391dfb2abc8767ab004b73687,443723
stage10-image,stage10-lesson-076-method.jpg,web/assets/diagrams/stage10-infographics/stage10-lesson-076-method.jpg,e2f7093cad4a800361a6625f674d6756b8a9be6e504b85711b5181a822050db5,350261
stage10-image,stage10-lesson-076-social.jpg,web/assets/diagrams/stage10-infographics/stage10-lesson-076-social.jpg,fb769cc0954782feec7e91ab245e37892e3591bd6abdc53f04b9a68e4234aa9e,416545
stage10-image,stage10-lesson-077-compare.jpg,web/assets/diagrams/stage10-infographics/stage10-lesson-077-compare.jpg,7e6331574368d54da9ad4b50360c2d859322422ac13d83510dc91b47e3d307ba,498125
stage10-image,stage10-lesson-077-map.jpg,web/assets/diagrams/stage10-infographics/stage10-lesson-077-map.jpg,3854c8d4ae4b86717bd61683bf40b790eb191e871a076d99ea785097dbb8a7da,417854
stage10-image,stage10-lesson-077-marking.jpg,web/assets/diagrams/stage10-infographics/stage10-lesson-077-marking.jpg,17dc5d3e11ff9adb1204e0dd43b7f5ffb324283069f59a3be3d1426dfa061243,414665
stage10-image,stage10-lesson-077-structure.jpg,web/assets/diagrams/stage10-infographics/stage10-lesson-077-structure.jpg,7c0aa85752b72850ac7ce01231cc8bc647cbbff3ae3d7f52d4dc25c00e1b5710,390938
stage10-image,stage10-lesson-078-data-info.jpg,web/assets/diagrams/stage10-infographics/stage10-lesson-078-data-info.jpg,ac9bae173e670ca5cfbf94282ee06c119b683d8cf075577eee7a5f76ccffa648,372950
stage10-image,stage10-lesson-078-database.jpg,web/assets/diagrams/stage10-infographics/stage10-lesson-078-database.jpg,2e8566d02abc399b6152f5ba3942950c22ef3ea7e32556682358fb280a7147e8,425907
stage10-image,stage10-lesson-078-dbms.jpg,web/assets/diagrams/stage10-infographics/stage10-lesson-078-dbms.jpg,d23e5ff712edf4021002075ef9f1d816702c8484182880e123e676d0f1c2eb0a,446554
stage10-image,stage10-lesson-078-scenario.jpg,web/assets/diagrams/stage10-infographics/stage10-lesson-078-scenario.jpg,43f8d8af5528d1ca3281173c9b7a481d7d5920cf1f2d9936393e9c25f6e5d5fb,333683
stage10-image,stage10-lesson-078-sorter.jpg,web/assets/diagrams/stage10-infographics/stage10-lesson-078-sorter.jpg,2ec20bc163e16b15aa33ec446bbdce8672882d888a0a695c95c62e6bb47976b5,346739
stage10-image,stage10-lesson-078-terms.jpg,web/assets/diagrams/stage10-infographics/stage10-lesson-078-terms.jpg,ed70b6b75817d6014207965479f7433fe30526e9d42e2f2d0c85a7e1d3a74ab6,380070
stage10-image,stage10-lesson-079-anomalies.jpg,web/assets/diagrams/stage10-infographics/stage10-lesson-079-anomalies.jpg,8f742a02c89eeef557cc1ffa7d8dd4d008f5f7a3ca4c553f14abce7939aa6892,447674
stage10-image,stage10-lesson-079-compare.jpg,web/assets/diagrams/stage10-infographics/stage10-lesson-079-compare.jpg,634108a073be37aa61273c1bf264a9cc662f85eb7608d5125ddec583b1aba036,405296
stage10-image,stage10-lesson-079-flat.jpg,web/assets/diagrams/stage10-infographics/stage10-lesson-079-flat.jpg,4ed7b2007722392f488823da77b5204fe4c8c86767543321f83c9abf8aed2405,325608
stage10-image,stage10-lesson-079-relational.jpg,web/assets/diagrams/stage10-infographics/stage10-lesson-079-relational.jpg,a57f12242cc4035ae954902a8114caef24f8ee379596ebff97cfde85a25b3f46,405410
stage10-image,stage10-lesson-080-checkpoint.jpg,web/assets/diagrams/stage10-infographics/stage10-lesson-080-checkpoint.jpg,8b0d270f8e60b9071977187cc6ded32ebcb3730e25876176c0b42c5207ba288b,439611
stage10-image,stage10-lesson-080-constraint-tool.jpg,web/assets/diagrams/stage10-infographics/stage10-lesson-080-constraint-tool.jpg,4860f139930ea2ed230a9d0482a5f3c742f4367a774db3e35ecdbddf43dfca63,330757
stage10-image,stage10-lesson-080-constraints.jpg,web/assets/diagrams/stage10-infographics/stage10-lesson-080-constraints.jpg,767eba86cd6d28e512d7b8db9cd1522c44b241a0c0465942af16d3da57ec9508,419606
stage10-image,stage10-lesson-080-fields.jpg,web/assets/diagrams/stage10-infographics/stage10-lesson-080-fields.jpg,b08329d5ecc450038b3dfdad96135a2e163079b847c78d56cb076e98259ee9ac,412665
stage10-image,stage10-lesson-080-terms.jpg,web/assets/diagrams/stage10-infographics/stage10-lesson-080-terms.jpg,1473db3fe051e59fb2e11d35ea774e0af024b94e2d0ae768b7be8d798e7ac5ac,365364
stage10-image,stage10-lesson-080-type-tool.jpg,web/assets/diagrams/stage10-infographics/stage10-lesson-080-type-tool.jpg,1b71de75f13f50d7e496c770cc0b3c01e5bf78f90353016f38e8f323692bea15,329052
stage10-image,stage10-lesson-080-types.jpg,web/assets/diagrams/stage10-infographics/stage10-lesson-080-types.jpg,57f060cafa1560414d96c7d0e2d952ec7e7dd4e002105b317583388d70a53dd8,359360
stage10-image,stage10-lesson-081-foreign.jpg,web/assets/diagrams/stage10-infographics/stage10-lesson-081-foreign.jpg,614d1734e7a572ee9160a3c8bab13f7a479569c7d583ebc44c042cb0de86dfd7,372950
stage10-image,stage10-lesson-081-key-picker.jpg,web/assets/diagrams/stage10-infographics/stage10-lesson-081-key-picker.jpg,69a3f5ec141a129262512655c611b0b7f9a28b82c5b1de0f9b18610db808fc4a,378905
stage10-image,stage10-lesson-081-primary.jpg,web/assets/diagrams/stage10-infographics/stage10-lesson-081-primary.jpg,ac3d7d8c60db6bc72700a87566de15fc055988002a60bbae402721a03ee6818b,151627
stage10-image,stage10-lesson-081-referential.jpg,web/assets/diagrams/stage10-infographics/stage10-lesson-081-referential.jpg,3d04428f7c2b27fe8b73dcb0cc1f85a0f74448277bcbacf9fc7316fdcf5dc95b,376898
stage10-image,stage10-lesson-081-relationship-tool.jpg,web/assets/diagrams/stage10-infographics/stage10-lesson-081-relationship-tool.jpg,303a8da31bddb87e1e5ee2cc1304bc0f69d1b27d7f3f031f86199fbbae77907f,353967
stage10-image,stage10-lesson-081-relationships.jpg,web/assets/diagrams/stage10-infographics/stage10-lesson-081-relationships.jpg,4a560a4786b4c408de34c4f2cbfde42d7f8d58277022e8116ef3063fabca4501,435954
stage10-image,stage10-lesson-082-attributes.jpg,web/assets/diagrams/stage10-infographics/stage10-lesson-082-attributes.jpg,75bc870256a17a605899836281cf8a32b6ac97c86a47a218924eddc7e9ef453f,394299
stage10-image,stage10-lesson-082-cardinality.jpg,web/assets/diagrams/stage10-infographics/stage10-lesson-082-cardinality.jpg,2ee6c6e7550525f935ace02f21b34ceaddc300e733c6f98894dafb8182b15eb4,438698
stage10-image,stage10-lesson-082-entities.jpg,web/assets/diagrams/stage10-infographics/stage10-lesson-082-entities.jpg,3532e54697fc0ac345ce6f75b7093af6794d7ce99bcfb4fcbe0a9b5bfebc7acf,400207
stage10-image,stage10-lesson-082-parser.jpg,web/assets/diagrams/stage10-infographics/stage10-lesson-082-parser.jpg,fd6284e98665edd6658ebfa20623584bf82ecb7875f5f177dc0cc80442cf9bc0,322695
stage10-image,stage10-lesson-082-participation.jpg,web/assets/diagrams/stage10-infographics/stage10-lesson-082-participation.jpg,9e1e049854b85bf12108016dfe05f75030a56f03fb2d8ff4ff157a792cbdcb20,438045
stage10-image,stage10-lesson-083-anomalies.jpg,web/assets/diagrams/stage10-infographics/stage10-lesson-083-anomalies.jpg,cbee6969a61c3339b1d9ed2a6239f6d263805131b05c8fc51020911f7e188813,515965
stage10-image,stage10-lesson-083-normal-forms.jpg,web/assets/diagrams/stage10-infographics/stage10-lesson-083-normal-forms.jpg,a895afae0535755bc051f186bed2e76a547b7d75875aa6664da5b02a2a5a1f89,182607
stage10-image,stage10-lesson-083-purpose.jpg,web/assets/diagrams/stage10-infographics/stage10-lesson-083-purpose.jpg,761a61ba8a2164707cbf0cff7907ece406470d5be018ef96a8e56ac5bbbc9aab,442504
stage10-image,stage10-lesson-083-redundancy.jpg,web/assets/diagrams/stage10-infographics/stage10-lesson-083-redundancy.jpg,71431f79af9066323cbddb62240d1bf494dad5396c321597a78a7c54030cf6d6,454110
stage10-image,stage10-lesson-084-clauses.jpg,web/assets/diagrams/stage10-infographics/stage10-lesson-084-clauses.jpg,7131441b5f7cc875c117661a3e515f73baa3b425d19d423f0f0d2da54c3dcff3,361024
stage10-image,stage10-lesson-084-conditions.jpg,web/assets/diagrams/stage10-infographics/stage10-lesson-084-conditions.jpg,700b45553308f5e608aeb30cadaa8ed249bbd7007dc5beebbf2803f7e4c45e77,395371
stage10-image,stage10-lesson-084-strings.jpg,web/assets/diagrams/stage10-infographics/stage10-lesson-084-strings.jpg,4a70d9e2ef41d9702c7cf5af562a8bf790c2d1b5d13fb05123bd98d2cdb6f19e,376110
stage10-image,stage10-lesson-085-aggregates.jpg,web/assets/diagrams/stage10-infographics/stage10-lesson-085-aggregates.jpg,738a17f6ff6c3ce7887bf008a54592bffa9209461affef00a1f5771f58841903,154525
stage10-image,stage10-lesson-085-groupby.jpg,web/assets/diagrams/stage10-infographics/stage10-lesson-085-groupby.jpg,bcc82b3ad4712900e2a0a20e38e0cb454f06a343a3fd59e99f207bca367cbf42,377413
stage10-image,stage10-lesson-085-orderby.jpg,web/assets/diagrams/stage10-infographics/stage10-lesson-085-orderby.jpg,bd3561fe982a1fbd36260e2c54bd058c3f9cc653f892716a37818750be933d6c,351819
stage10-image,stage10-lesson-086-aliases.jpg,web/assets/diagrams/stage10-infographics/stage10-lesson-086-aliases.jpg,9cc31d8ed4fabd6e83321728164a05fe4856e3b5649097ded7d25bc841bc35cc,381027
stage10-image,stage10-lesson-086-join.jpg,web/assets/diagrams/stage10-infographics/stage10-lesson-086-join.jpg,4aa3e5e2bf7e03194cf19991b899b90baa36ce283031152ee16e42537060c817,290689
stage10-image,stage10-lesson-086-relationships.jpg,web/assets/diagrams/stage10-infographics/stage10-lesson-086-relationships.jpg,4258af959184685bf6b099bab7c23587bc310a44cb19e655bd147321ec393d11,389996
stage10-image,stage10-lesson-087-delete.jpg,web/assets/diagrams/stage10-infographics/stage10-lesson-087-delete.jpg,06889144fb817b703a20125518fefdbc41513c3bfafb77e7cbf1223008a32e15,360363
stage10-image,stage10-lesson-087-dml.jpg,web/assets/diagrams/stage10-infographics/stage10-lesson-087-dml.jpg,69eb4a10218024b591e0c590e04ddec293ac01f22b87bc54e82c7fcb5f12c24c,374486
stage10-image,stage10-lesson-087-insert.jpg,web/assets/diagrams/stage10-infographics/stage10-lesson-087-insert.jpg,3323195708d94d6816a1adc132404fb258cc10be4c504d8246c2db0d877b1392,305667
stage10-image,stage10-lesson-087-update.jpg,web/assets/diagrams/stage10-infographics/stage10-lesson-087-update.jpg,e594f9d2dfeeb2015f24e09b9a18b90845a86c7b9b60a032133734128c9d6e8e,392493
stage10-image,stage10-lesson-088-backup.jpg,web/assets/diagrams/stage10-infographics/stage10-lesson-088-backup.jpg,cfd05527dea6bbae0036463a4b20c37086f97b50ed1e806088dadadb337a5b7f,441814
stage10-image,stage10-lesson-088-security.jpg,web/assets/diagrams/stage10-infographics/stage10-lesson-088-security.jpg,b13dc259e8357deef810debf9c45de3e06d8c0fe1ee6798dbfd3e5865d9f5990,395859
stage10-image,stage10-lesson-088-validation.jpg,web/assets/diagrams/stage10-infographics/stage10-lesson-088-validation.jpg,5f67dfe4af6499a45568d2980ee8ca8d9258e96faf325043c93c6c74632c4303,414454
stage10-image,stage10-lesson-088-verification.jpg,web/assets/diagrams/stage10-infographics/stage10-lesson-088-verification.jpg,b0a1105344858fc5ad47abd1b9c5ebe0355a0cf5465b7ba8dbf42743a4744c58,377519
stage10-image,stage10-lesson-089-design.jpg,web/assets/diagrams/stage10-infographics/stage10-lesson-089-design.jpg,ad36a2faea2ae43b7ba35d2c33372ff449e4895a8c061033f2927b82a96acd89,441253
stage10-image,stage10-lesson-089-map.jpg,web/assets/diagrams/stage10-infographics/stage10-lesson-089-map.jpg,cc7446008b008847be320acb3b4ce8fc9fb04ddc7da4afae27bbfde08baaa892,494679
stage10-image,stage10-lesson-089-protection.jpg,web/assets/diagrams/stage10-infographics/stage10-lesson-089-protection.jpg,dc6b6252b1fd7de21b087b513df044f0c13a81b8f9f6f1af49bdd7414e9a94e5,419270
stage10-image,stage10-lesson-089-sql.jpg,web/assets/diagrams/stage10-infographics/stage10-lesson-089-sql.jpg,a069a586815c55082e5b57c544474d729cbac3b4fa8bfe2d445910d9bf5dacac,202036
stage10-image,stage10-lesson-089-tracer.jpg,web/assets/diagrams/stage10-infographics/stage10-lesson-089-tracer.jpg,8069c28f321fea94e42408aef9fcadb8ab2a9aebdbae04c8e05b016ef10e5d68,318699
stage10-image,stage10-lesson-090-calculator.jpg,web/assets/diagrams/stage10-infographics/stage10-lesson-090-calculator.jpg,8ca6b7e739030d587f32911bc5984cbdbd0269f537bcaebdd0e0b992e4b7103a,388740
stage10-image,stage10-lesson-090-communication.jpg,web/assets/diagrams/stage10-infographics/stage10-lesson-090-communication.jpg,660eb529260182286a3436b658e863d4917900fe59886fcb43f9d12d622d3971,482935
stage10-image,stage10-lesson-090-map.jpg,web/assets/diagrams/stage10-infographics/stage10-lesson-090-map.jpg,fba19dd8ba8cd7e39d14cfb694322526b0ff280ca39c7b9127713ca589e04af5,429875
stage10-image,stage10-lesson-090-representation.jpg,web/assets/diagrams/stage10-infographics/stage10-lesson-090-representation.jpg,a9116189cafb681a829080d164132a20e21b593884163c1a4574bf2dacec8a20,408427
stage10-image,stage10-lesson-091-hardware.jpg,web/assets/diagrams/stage10-infographics/stage10-lesson-091-hardware.jpg,8da5d02667fb246a4c85aa891e3551123b6e9725e74a9da0f41ee09daaa0ae88,426771
stage10-image,stage10-lesson-091-logic.jpg,web/assets/diagrams/stage10-infographics/stage10-lesson-091-logic.jpg,844b340e3333905ca27ea2b12bc02a2cc47d662fe787ddc159d6b29b71d940d6,492504
stage10-image,stage10-lesson-091-map.jpg,web/assets/diagrams/stage10-infographics/stage10-lesson-091-map.jpg,49b8b4294f35e692732db654c53dd9808ab02b742e475c4229b4083ba9111091,513715
stage10-image,stage10-lesson-091-processor.jpg,web/assets/diagrams/stage10-infographics/stage10-lesson-091-processor.jpg,e1f97530a6e6ac6c98f668c015216e90dcace93f6b6fd5d56d70f3f32bda3970,378610
stage10-image,stage10-lesson-092-map.jpg,web/assets/diagrams/stage10-infographics/stage10-lesson-092-map.jpg,d4a474e6efe9fabd34f2a174c089ddd19d50342d70e09354d6c4e45900971419,153929
stage10-image,stage10-lesson-092-matcher.jpg,web/assets/diagrams/stage10-infographics/stage10-lesson-092-matcher.jpg,73c77b29a9ca9bde25b63a46f6566d8d31073d307ec448152f26ebdeec5b14a4,313723
stage10-image,stage10-lesson-092-security.jpg,web/assets/diagrams/stage10-infographics/stage10-lesson-092-security.jpg,3e97700c395eadc2aa121260eccab4103ea8b3f59ba93f830f76b3f8f030fee7,391025
stage10-image,stage10-lesson-092-software.jpg,web/assets/diagrams/stage10-infographics/stage10-lesson-092-software.jpg,67f59373455a558ca5b67f036e12f607db051b43ef47337662460b4d5a0985a7,438937
stage10-image,stage10-lesson-092-translators.jpg,web/assets/diagrams/stage10-infographics/stage10-lesson-092-translators.jpg,3e423bf6cc145ebb26a2c17e8dfad3cdb46994b1345908065bc3c7c8a9b5806f,394750
stage10-image,stage10-lesson-093-databases.jpg,web/assets/diagrams/stage10-infographics/stage10-lesson-093-databases.jpg,ba04d9281d0c8b4b18cde607e0986e8e8349c02b43e0cf962a299d5048be24d1,155545
stage10-image,stage10-lesson-093-ethics.jpg,web/assets/diagrams/stage10-infographics/stage10-lesson-093-ethics.jpg,051b52cc2b35c52c0f6239a0c9c4ea0e92a08946787093f163fb5e13d842ae9a,515001
stage10-image,stage10-lesson-093-map.jpg,web/assets/diagrams/stage10-infographics/stage10-lesson-093-map.jpg,337124644c1e7953cb821031a0e6b7d0a4aa2a13b29af2e54bf83b8bfafd68e7,423407
stage10-image,stage10-lesson-093-sql.jpg,web/assets/diagrams/stage10-infographics/stage10-lesson-093-sql.jpg,8136a6cb9157aa6858dfbbf94af1c3435a91ae197491d88e7f65f7b1f2f2a6d9,203625
stage10-image,stage10-lesson-093-tracer.jpg,web/assets/diagrams/stage10-infographics/stage10-lesson-093-tracer.jpg,987e6dcf3789ac80cdfac51c771c50bab20cf1f727950b68e71826e8fb0ab95f,267578
stage10-image,stage10-lesson-094-answer.jpg,web/assets/diagrams/stage10-infographics/stage10-lesson-094-answer.jpg,40212cd3e1b7890276b2aa8966c069f8ee497b82578fcf2ad332feca94a60fa5,418223
stage10-image,stage10-lesson-094-commands.jpg,web/assets/diagrams/stage10-infographics/stage10-lesson-094-commands.jpg,7eb32d84048b2dc7fa3fae6186f8a4f1ff7f14937d57f15086cfef69dcf14b25,339907
stage10-image,stage10-lesson-094-decoder.jpg,web/assets/diagrams/stage10-infographics/stage10-lesson-094-decoder.jpg,f2d50976f417f7ef9732817d20c94d0867e389e2763fd449d6fe237abf926bcf,335025
stage10-image,stage10-lesson-094-map.jpg,web/assets/diagrams/stage10-infographics/stage10-lesson-094-map.jpg,76e7dc43ff68b3992abad3299b4f79750f5093fb68f84c3303cac401e02d18df,502210
stage10-image,stage10-lesson-094-strategy.jpg,web/assets/diagrams/stage10-infographics/stage10-lesson-094-strategy.jpg,7cc36e7388a8d46ddee882a3d598dc10531467c81cc9ab0da390c07ae57997ee,435839
stage10-image,stage10-lesson-095-marking.jpg,web/assets/diagrams/stage10-infographics/stage10-lesson-095-marking.jpg,812349edf8083a0ef137c68656c279acbcdbb24650ce7fa204afc3b2151e58b7,410333
stage10-image,stage10-lesson-095-planner.jpg,web/assets/diagrams/stage10-infographics/stage10-lesson-095-planner.jpg,6579124a494125b3d1653230a15adaffbf55f8b7ce5ec78f02c91d96fb4504b9,355223
stage10-image,stage10-lesson-095-quiz.jpg,web/assets/diagrams/stage10-infographics/stage10-lesson-095-quiz.jpg,f8149634d596333e64165e78dc6f235d12b1167e7adae2e69cbc9a191a220f0e,359490
stage10-image,stage10-lesson-095-short.jpg,web/assets/diagrams/stage10-infographics/stage10-lesson-095-short.jpg,41964e6e1f7ea17532d7864cd54b121dc8420342eb831b6d59386f0c69223f88,451884
stage10-image,stage10-lesson-095-timer.jpg,web/assets/diagrams/stage10-infographics/stage10-lesson-095-timer.jpg,474031248c5f0dfdf25d2a7f3a5dfe76f2cc24a8ccb67bc70b612648dc48cb5f,328230
stage10-image,stage10-lesson-095-timing.jpg,web/assets/diagrams/stage10-infographics/stage10-lesson-095-timing.jpg,6a26385c1c1716453cad3d6f40f9a142360f2df96e73b3bdf8d671e84076185c,211127
stage10-image,stage10-lesson-095-triage.jpg,web/assets/diagrams/stage10-infographics/stage10-lesson-095-triage.jpg,69945f5de94c7bd1030d96222f3d185bf30c0cd3f7631a61e56eb0a9358ed65d,381486
stage10-image,stage10-lesson-096-balance.jpg,web/assets/diagrams/stage10-infographics/stage10-lesson-096-balance.jpg,94e29bcd0f51221df37b625c1e7b51159530b97934992e0e9fb4ede2f68a7f16,522082
stage10-image,stage10-lesson-096-map.jpg,web/assets/diagrams/stage10-infographics/stage10-lesson-096-map.jpg,2d6d44c78f42aac521aff4452710e4c8754472dd1edfd32fb4c772d83fc110f2,442057
stage10-image,stage10-lesson-096-marking.jpg,web/assets/diagrams/stage10-infographics/stage10-lesson-096-marking.jpg,28c8422ce66b6517f6a10230b05f3e6c96a411fddda6e8a80259d15884dcfbbd,366953
stage10-image,stage10-lesson-096-planner.jpg,web/assets/diagrams/stage10-infographics/stage10-lesson-096-planner.jpg,f6eb3c9bc21ee80c497f6b076466fc83cdb05777e2580c890d4c79f66ccfb304,319842
stage10-image,stage10-lesson-096-structure.jpg,web/assets/diagrams/stage10-infographics/stage10-lesson-096-structure.jpg,4af1079752c6ddd8e286492702c0aa3db5c500e32d9d2c864c089492a41c6048,427060
stage10-image,stage10-lesson-097-clinic.jpg,web/assets/diagrams/stage10-infographics/stage10-lesson-097-clinic.jpg,b65f0aff67ef1491c15101bb5506ef6ab841c7e20b9ef4377e685fc799d71b22,412616
stage10-image,stage10-lesson-097-coverage.jpg,web/assets/diagrams/stage10-infographics/stage10-lesson-097-coverage.jpg,59ccf79ceab07a75e23323234aae6f94b4131848420dfb52e91bfeebc5a31995,474689
stage10-image,stage10-lesson-097-diagnosis.jpg,web/assets/diagrams/stage10-infographics/stage10-lesson-097-diagnosis.jpg,d6dc87f64ba2824243647f0cf1bca6a9610bc76a8af369150e6ff3cc680e0cc7,399380
stage10-image,stage10-lesson-097-error.jpg,web/assets/diagrams/stage10-infographics/stage10-lesson-097-error.jpg,70c17d82add3aa7e075c95251b77a0fdb9cc26e123b8a7e7435301c3c2eb7b00,346760
stage10-image,stage10-lesson-097-rewrite.jpg,web/assets/diagrams/stage10-infographics/stage10-lesson-097-rewrite.jpg,92a247fbfeb6a7a7fc1c2832f252ec36dc8310934445e518b500b5cd19e0d07f,364705
stage10-image,stage10-lesson-097-routine.jpg,web/assets/diagrams/stage10-infographics/stage10-lesson-097-routine.jpg,9090cd435e42aff2b8e5136def04eeca86b1fbd5e7008838f962586ce6ef1843,365034
stage10-image,stage10-lesson-097-score.jpg,web/assets/diagrams/stage10-infographics/stage10-lesson-097-score.jpg,ae2253924f84754671ca2077bd734434306c0035f8ba5e50c191098b5854b959,336029
stage10-image,stage10-lesson-098-concept.jpg,web/assets/diagrams/stage10-infographics/stage10-lesson-098-concept.jpg,77bef204919b8d2e1fcd92582bf8a00eb2ceb4b7bdcc03c2b5ab29f47bfbe28f,155812
stage10-image,stage10-lesson-098-constraints.jpg,web/assets/diagrams/stage10-infographics/stage10-lesson-098-constraints.jpg,21f9770d26dfdfb26e6bd12aa702fcf1031a6a640b2cb708f9f7b5a6e567622b,152841
stage10-image,stage10-lesson-098-model.jpg,web/assets/diagrams/stage10-infographics/stage10-lesson-098-model.jpg,eef2197e66f58b683e1bc076acecabcd3173b536cc38ceba31f39a964fbd4fad,153556
stage10-image,stage10-lesson-099-abstraction.jpg,web/assets/diagrams/stage10-infographics/stage10-lesson-099-abstraction.jpg,fa21e3e6d7e21a30f9a28fdc835bc3e2466f35f707296eb4ee5e2fa3a3114375,157515
stage10-image,stage10-lesson-099-decomposition.jpg,web/assets/diagrams/stage10-infographics/stage10-lesson-099-decomposition.jpg,02fbdba23992067462216245bb5e3747f8bfe1b2b50146f2fed967fb6f6d7030,163133
stage10-image,stage10-lesson-099-filter.jpg,web/assets/diagrams/stage10-infographics/stage10-lesson-099-filter.jpg,85aeb42df1b1661ac4c501ad6282d57996d31f58358722f7b55c670d66e7a698,345719
stage10-image,stage10-lesson-099-pattern.jpg,web/assets/diagrams/stage10-infographics/stage10-lesson-099-pattern.jpg,65e208ee753368c28bc798dbf586638cda297ad896475066e882542ad1d9e329,421614
stage10-image,stage10-lesson-099-sorter.jpg,web/assets/diagrams/stage10-infographics/stage10-lesson-099-sorter.jpg,9c80d8a0a5331cef4e7274e530c3c634e2ac25a51d2620db4dc301fd903656dc,332362
stage10-image,stage10-lesson-100-combining.jpg,web/assets/diagrams/stage10-infographics/stage10-lesson-100-combining.jpg,61c6ac54eee9f74a7c44749f9449ddefcfb39b864f028d05424efe3195240da9,404054
stage10-image,stage10-lesson-100-iteration.jpg,web/assets/diagrams/stage10-infographics/stage10-lesson-100-iteration.jpg,301f06e466cc307882b9dd53159ca2dcf800ee6721c84c5a9a5eb9bd933569a1,356417
stage10-image,stage10-lesson-100-pseudocode.jpg,web/assets/diagrams/stage10-infographics/stage10-lesson-100-pseudocode.jpg,475033d7d823acc5ee2665c19f9aeddbc3125db278d24217a2cd98a0d665a4bf,156690
stage10-image,stage10-lesson-100-selection.jpg,web/assets/diagrams/stage10-infographics/stage10-lesson-100-selection.jpg,a82085662a26bd2d2eb095c90e6e7ec3d5df1fecfe12fb33bf2d37082654a6a0,297987
stage10-image,stage10-lesson-100-sequence.jpg,web/assets/diagrams/stage10-infographics/stage10-lesson-100-sequence.jpg,09837905dacfb9bb43ca0bd42ccf42d090624a6ee38fba39dfea71383f184ef2,289461
stage10-image,stage10-lesson-101-equivalence.jpg,web/assets/diagrams/stage10-infographics/stage10-lesson-101-equivalence.jpg,ad4144ca08389925990f8aecd9815a3a0f7d004059fb886a3afeceb974a5c0a7,159992
stage10-image,stage10-lesson-101-flowcharts.jpg,web/assets/diagrams/stage10-infographics/stage10-lesson-101-flowcharts.jpg,577416e9696ac9b35146dbfd0a946933616720439ec667838fa16c193f6200bf,187384
stage10-image,stage10-lesson-101-notation.jpg,web/assets/diagrams/stage10-infographics/stage10-lesson-101-notation.jpg,8998a2b99aefdbb4edb9310c80b7c25de4fb5f9dcf6c56e5cd2f956f7ec63d44,424075
stage10-image,stage10-lesson-101-pseudocode.jpg,web/assets/diagrams/stage10-infographics/stage10-lesson-101-pseudocode.jpg,498a079fe9ed0befd9b2e1d152235fa154948cab720e33f27d0ca4928c68c049,350174
stage10-image,stage10-lesson-101-structure-tool.jpg,web/assets/diagrams/stage10-infographics/stage10-lesson-101-structure-tool.jpg,11b257941f7a4544c77aeb13445ad21a4bbfaaffc86cc562a9fce438950defa1,326644
stage10-image,stage10-lesson-101-symbol-tool.jpg,web/assets/diagrams/stage10-infographics/stage10-lesson-101-symbol-tool.jpg,93b17a9e183ff74099ab50b4179ddd4ef2eac44d56f6d6c0927ae14f15537abf,303550
stage10-image,stage10-lesson-102-dry-run.jpg,web/assets/diagrams/stage10-infographics/stage10-lesson-102-dry-run.jpg,bb6b85bc48edb21a6c121154a02f91272f805fa18e08d4eaf9c171cfedff5e97,396317
stage10-image,stage10-lesson-102-loops.jpg,web/assets/diagrams/stage10-infographics/stage10-lesson-102-loops.jpg,67e0a83dbbb2c190f87cb40d8eed02b88bc869af4507f0e911237a9fc9ed2e18,452272
stage10-image,stage10-lesson-102-predictor.jpg,web/assets/diagrams/stage10-infographics/stage10-lesson-102-predictor.jpg,6b1e3e5ffd1ca944521106e754b7dcc12869259819f3093fd1268c0a089b8ef7,292285
stage10-image,stage10-lesson-102-pseudocode.jpg,web/assets/diagrams/stage10-infographics/stage10-lesson-102-pseudocode.jpg,6cbaffbd1b2deed5cda1026498c406c4f3a404d6734bba9548fb5080ae0c40f3,166334
stage10-image,stage10-lesson-102-trace-table.jpg,web/assets/diagrams/stage10-infographics/stage10-lesson-102-trace-table.jpg,6d9d2ff36bdeaae5250b8e2fe86c462a3c8cd16a654cc6d2e057373b81619a83,352318
stage10-image,stage10-lesson-103-checks.jpg,web/assets/diagrams/stage10-infographics/stage10-lesson-103-checks.jpg,5b106d34e0d77259c5e6c4fe19321fb5f5813b2e74da0595b7144a614bdf7ef9,197678
stage10-image,stage10-lesson-103-defensive.jpg,web/assets/diagrams/stage10-infographics/stage10-lesson-103-defensive.jpg,1943a8cdb8ef5f8d68c26f53903ad3bc2acf31e8792aba2a30d153fe56336429,297323
stage10-image,stage10-lesson-103-pseudocode.jpg,web/assets/diagrams/stage10-infographics/stage10-lesson-103-pseudocode.jpg,1492d948633689603fe6f506bb7e7ba8205321a2dfc8d3f84754cef322955675,167998
stage10-image,stage10-lesson-103-tester.jpg,web/assets/diagrams/stage10-infographics/stage10-lesson-103-tester.jpg,d7cdde26784c1be1e9d6f726bbaa8a5ab210581ada8a3b1cfd08308a45efd5be,318975
stage10-image,stage10-lesson-103-validation.jpg,web/assets/diagrams/stage10-infographics/stage10-lesson-103-validation.jpg,bd390529c2b005e07ab5ee86ea380c2aaf1278dd1fd1a71c811048e5138fd521,398821
stage10-image,stage10-lesson-104-binary-tool.jpg,web/assets/diagrams/stage10-infographics/stage10-lesson-104-binary-tool.jpg,17e240e727487e9a56beeafaab36e7ff67690f04e1ad7b5c2ec36053d5db4197,331298
stage10-image,stage10-lesson-104-binary.jpg,web/assets/diagrams/stage10-infographics/stage10-lesson-104-binary.jpg,a93f10031844cdddfe18df0a42b4dbff0027bef9afaff49a27c4fa6066097103,149930
stage10-image,stage10-lesson-104-compare.jpg,web/assets/diagrams/stage10-infographics/stage10-lesson-104-compare.jpg,4ba3fa1e720fee58c1670eac90281de6ab7875c7e1157edf1492a0f04e7da53d,342337
stage10-image,stage10-lesson-104-linear-tool.jpg,web/assets/diagrams/stage10-infographics/stage10-lesson-104-linear-tool.jpg,5378584539690891cb9f89d5fb9bd35eee3c4c591a98b44964d96dd575fc346e,308299
stage10-image,stage10-lesson-104-linear.jpg,web/assets/diagrams/stage10-infographics/stage10-lesson-104-linear.jpg,3a38ac64255cd7ffc87d3874c48574fe795b0ab70e971e1ce3410139bba4dec4,354622
stage10-image,stage10-lesson-104-pseudocode.jpg,web/assets/diagrams/stage10-infographics/stage10-lesson-104-pseudocode.jpg,e695f67bf159732486e52da61751aaecb48085bff6a60deba142e6321bbc6be3,165636
stage10-image,stage10-lesson-105-bubble.jpg,web/assets/diagrams/stage10-infographics/stage10-lesson-105-bubble.jpg,801f53eb0922da02f494c9bbf01b85cc3836fce94170d3df5058d496c369565f,143563
stage10-image,stage10-lesson-105-compare.jpg,web/assets/diagrams/stage10-infographics/stage10-lesson-105-compare.jpg,55d68db6d7f54da2de8fb38a98a553bf29ad21304a6c9ad2f3cb25ac2dc339ca,480616
stage10-image,stage10-lesson-105-insertion.jpg,web/assets/diagrams/stage10-infographics/stage10-lesson-105-insertion.jpg,4195ef07a49cc2846c050da67b811aa869cb32027379f2948b554e4997847701,361464
stage10-image,stage10-lesson-105-pseudocode.jpg,web/assets/diagrams/stage10-infographics/stage10-lesson-105-pseudocode.jpg,48f152d5ea72e210c566260757d4b8db1ba09216d233008e12984f84b44692ae,437135
stage10-image,stage10-lesson-106-fixed.jpg,web/assets/diagrams/stage10-infographics/stage10-lesson-106-fixed.jpg,cc9a58798ccfd25cbdfddbb421926c2648fb868c3985f48c0ee2808116a92de8,391620
stage10-image,stage10-lesson-106-initialise.jpg,web/assets/diagrams/stage10-infographics/stage10-lesson-106-initialise.jpg,6c31a392c9b6250fc005f069ada40e97bd67c01edfce11599065d17020944ed8,200272
stage10-image,stage10-lesson-106-patterns.jpg,web/assets/diagrams/stage10-infographics/stage10-lesson-106-patterns.jpg,57b59e52f11e69f566c251fdf0699bcf3030756eaab1db0cef1a6c94123cc1c0,369646
stage10-image,stage10-lesson-106-pseudocode.jpg,web/assets/diagrams/stage10-infographics/stage10-lesson-106-pseudocode.jpg,d28744191eaa72909bf7406f76b1349d480a828c93804ed53dc08aa688b29740,168057
stage10-image,stage10-lesson-106-sentinel.jpg,web/assets/diagrams/stage10-infographics/stage10-lesson-106-sentinel.jpg,c8aed695e647fc9fc0f8c2173de7f46e1b4d0af7a0ef23a1cfd128bf803ef623,167277
stage10-image,stage10-lesson-106-trace-tool.jpg,web/assets/diagrams/stage10-infographics/stage10-lesson-106-trace-tool.jpg,ccee92c13c6cdb2cc9698aa5f3a81c042439e23aa9fc73d9d6dcdc1ab66dd46f,329695
stage10-image,stage10-lesson-107-build.jpg,web/assets/diagrams/stage10-infographics/stage10-lesson-107-build.jpg,2972a9b0c37696c0b15fffefb8990d29cd33326525465b44cf5e55b734c44295,369323
stage10-image,stage10-lesson-107-model.jpg,web/assets/diagrams/stage10-infographics/stage10-lesson-107-model.jpg,2b1b1629dbc613d24dec7487425345e417d92e7cb97744b0659a59e50ac7e348,366501
stage10-image,stage10-lesson-107-patterns.jpg,web/assets/diagrams/stage10-infographics/stage10-lesson-107-patterns.jpg,8193a75c121622e510d71deaab61a612168a79a83821b7d1d83bad31ac439ce9,411936
stage10-image,stage10-lesson-107-pseudocode.jpg,web/assets/diagrams/stage10-infographics/stage10-lesson-107-pseudocode.jpg,322be03f2847f0c950b9c8932e6595481965725a2155854eb93d179b5b69e0b2,167892
stage10-image,stage10-lesson-107-scanner.jpg,web/assets/diagrams/stage10-infographics/stage10-lesson-107-scanner.jpg,91d1c7cba33b28c5cb51a61beceea322ef338005f1069e2243a0415ca432057a,287882
stage10-image,stage10-lesson-108-counting.jpg,web/assets/diagrams/stage10-infographics/stage10-lesson-108-counting.jpg,5576cfa8db357acbcbf1ac5b99b555625244d003987b35b4ed594bbf7e8b9658,348789
stage10-image,stage10-lesson-108-model.jpg,web/assets/diagrams/stage10-infographics/stage10-lesson-108-model.jpg,c02e907d65fee93d7c3462b165f3b7b133bac5c9cfca4781029fde793b3d0451,200258
stage10-image,stage10-lesson-108-pseudocode.jpg,web/assets/diagrams/stage10-infographics/stage10-lesson-108-pseudocode.jpg,aeb82eb51d5d1c4361729d5982d0ff34beac579cfd4766c65f2390dbc3b510cb,162594
stage10-image,stage10-lesson-108-reset.jpg,web/assets/diagrams/stage10-infographics/stage10-lesson-108-reset.jpg,4f12d5aa9c6902da54d14700a4bbdeb193b44d98199c5ea454bc6167d8073bf2,365020
stage10-image,stage10-lesson-108-table.jpg,web/assets/diagrams/stage10-infographics/stage10-lesson-108-table.jpg,fb364398c01920fa57485fd81d4880797798457521ca78b623db1f375ca7f2c5,419232
stage10-image,stage10-lesson-109-cases.jpg,web/assets/diagrams/stage10-infographics/stage10-lesson-109-cases.jpg,4c93ab616507c7102d1775ea0d088a7eecb06778d04806202adef60b9314b325,407845
stage10-image,stage10-lesson-109-estimator.jpg,web/assets/diagrams/stage10-infographics/stage10-lesson-109-estimator.jpg,eacb046f9683b02f92e9baaafd68ade7cdd982d7f51b6543578d1c5b12597472,303129
stage10-image,stage10-lesson-109-loops.jpg,web/assets/diagrams/stage10-infographics/stage10-lesson-109-loops.jpg,7876dbf6d72d843208c98d2d3b3aa829537e01e827589f50662fd84fb2432eb9,357857
stage10-image,stage10-lesson-109-measure.jpg,web/assets/diagrams/stage10-infographics/stage10-lesson-109-measure.jpg,e679f8afab5c2d034d7fcaaf44efbd058033c0ef684fdd8cede6bf7ced99780b,455681
stage10-image,stage10-lesson-109-pseudocode.jpg,web/assets/diagrams/stage10-infographics/stage10-lesson-109-pseudocode.jpg,a1d853b4851afb494a2bba56a34ddda84a4e7cab347e99f4d69ec05f07e790f5,167157
stage10-image,stage10-lesson-109-search.jpg,web/assets/diagrams/stage10-infographics/stage10-lesson-109-search.jpg,99178f43aa168ddaabd28cf3fd2ae5d23cd1b8b38d6a0b97b38c3f483b268ad2,394077
stage10-image,stage10-lesson-110-cleaner.jpg,web/assets/diagrams/stage10-infographics/stage10-lesson-110-cleaner.jpg,2927d037ed1f0cf1202e74ba670a53f36419e149ce2128ea5219ff7143f76cab,299307
stage10-image,stage10-lesson-110-conversion.jpg,web/assets/diagrams/stage10-infographics/stage10-lesson-110-conversion.jpg,103c61e4ce97f3aea17e2b343396ec7723ebcc480e1c4e4ef9af08db3d69f836,182389
stage10-image,stage10-lesson-110-java.jpg,web/assets/diagrams/stage10-infographics/stage10-lesson-110-java.jpg,ad8e23887c4e7e165a885342934d46fa6271b952007c80fa13c66c0f2caa90b6,165215
stage10-image,stage10-lesson-110-notation.jpg,web/assets/diagrams/stage10-infographics/stage10-lesson-110-notation.jpg,3127696d550a467883fd5ddf5b202a4b17a212b1d6c7cdf6964a89c08dbbae24,409787
stage10-image,stage10-lesson-110-readability.jpg,web/assets/diagrams/stage10-infographics/stage10-lesson-110-readability.jpg,6787504ef480ffe44b9c6417c2dfe8337ee18139056f5d05a97780d689846157,391930
stage10-image,stage10-lesson-110-structure.jpg,web/assets/diagrams/stage10-infographics/stage10-lesson-110-structure.jpg,cdb4a85165e090d2e0c89ac1bcb8e906a0fe7f17fa00d5754e4d0d48e34cbacf,362364
stage10-image,stage10-lesson-111-analyser.jpg,web/assets/diagrams/stage10-infographics/stage10-lesson-111-analyser.jpg,047e1c4bc3996d54c3d648e87dfecc0b53de055f538df2644602c6f68d509474,209019
stage10-image,stage10-lesson-111-ipoc.jpg,web/assets/diagrams/stage10-infographics/stage10-lesson-111-ipoc.jpg,67aeb005bb4fc3912b914d59ea62a697f586b25b4969cbbbe4a6df3c6135a4da,339464
stage10-image,stage10-lesson-111-pseudocode.jpg,web/assets/diagrams/stage10-infographics/stage10-lesson-111-pseudocode.jpg,60a5070834184f170e45740e773aae50568389cf48aa73a8373e183fc5988081,170329
stage10-image,stage10-lesson-111-requirements.jpg,web/assets/diagrams/stage10-infographics/stage10-lesson-111-requirements.jpg,9a8a3364128f98d4bff36f20728728ac3c95e8cbbb37aa661fdbe4ed47f31749,382623
stage10-image,stage10-lesson-111-structures.jpg,web/assets/diagrams/stage10-infographics/stage10-lesson-111-structures.jpg,e07afad73b012d42a0e0b5277ea9bf7e345c6695ba5c4d94daaa2c89cbdf5dd2,377571
stage10-image,stage10-lesson-112-fixer.jpg,web/assets/diagrams/stage10-infographics/stage10-lesson-112-fixer.jpg,0286503a9c03f58980ebfc3a9ae9b5099d64e33ffac9c4d43424dc9d10fb0047,323692
stage10-image,stage10-lesson-112-patterns.jpg,web/assets/diagrams/stage10-infographics/stage10-lesson-112-patterns.jpg,4ce815ab743850b73126318c8160773e5fb47051c8160000c10d94986da63463,406143
stage10-image,stage10-lesson-112-pseudocode.jpg,web/assets/diagrams/stage10-infographics/stage10-lesson-112-pseudocode.jpg,114cad011f35001e523bcfed5a15bdbb06b6d002f23b6ea7146d62f92f475075,196673
stage10-image,stage10-lesson-112-retrieval.jpg,web/assets/diagrams/stage10-infographics/stage10-lesson-112-retrieval.jpg,97fcb6b2443b6a3d9d2e028c0a6523890c3c2401247834f1c0d756f62efe67ec,507491
stage10-image,stage10-lesson-112-triage.jpg,web/assets/diagrams/stage10-infographics/stage10-lesson-112-triage.jpg,bea0ad1d8e5997e1ad84daec1484c7e9504fc50d38c9aa1e789b9e30e0f0ffda,361549
stage10-image,stage10-lesson-113-built-in.jpg,web/assets/diagrams/stage10-infographics/stage10-lesson-113-built-in.jpg,cc8ae10fa3855bb90c32ce23a718f336af72bed964e97f4afe003db5c5b4ddfe,412357
stage10-image,stage10-lesson-113-choose.jpg,web/assets/diagrams/stage10-infographics/stage10-lesson-113-choose.jpg,14f819aca9b50c29c6c4d7d1d78447af2a7f7d3bbc201f6745d9b0bbc49db6c4,155851
stage10-image,stage10-lesson-113-pseudocode.jpg,web/assets/diagrams/stage10-infographics/stage10-lesson-113-pseudocode.jpg,3c1aacb603bde122781778735917c85c855c05e16869970a5f203f6a74c02c72,162017
stage10-image,stage10-lesson-113-user-defined.jpg,web/assets/diagrams/stage10-infographics/stage10-lesson-113-user-defined.jpg,fc0ce1da7b4720d6faff43737d6256cc8d190d61a710050a138a34aa536854f3,154979
stage10-image,stage10-lesson-113-why-types.jpg,web/assets/diagrams/stage10-infographics/stage10-lesson-113-why-types.jpg,284d8ccddb596ab7313609e35dd9b60c5236e3c33038f2a1fde27d553fff0ae5,170119
stage10-image,stage10-lesson-114-assignment.jpg,web/assets/diagrams/stage10-infographics/stage10-lesson-114-assignment.jpg,f993ccaa4b7ddbe589df600440c354c19f3d6a84c4affd7f1df243dc185ad09d,372588
stage10-image,stage10-lesson-114-constants.jpg,web/assets/diagrams/stage10-infographics/stage10-lesson-114-constants.jpg,c1b9d7589e1a747d6d826722897b9818179d859f94339ffded47e0f42f64ffeb,350717
stage10-image,stage10-lesson-114-declare.jpg,web/assets/diagrams/stage10-infographics/stage10-lesson-114-declare.jpg,e8d349f09c85e68c7f7e1a903a49ef1512a95f18abf8f7047098c213108fc1b5,373364
stage10-image,stage10-lesson-114-model.jpg,web/assets/diagrams/stage10-infographics/stage10-lesson-114-model.jpg,487d7c2ef0aaf9f814e06e768c8769ea5b5df863c67957c643b160d4164420e2,393409
stage10-image,stage10-lesson-114-pseudocode.jpg,web/assets/diagrams/stage10-infographics/stage10-lesson-114-pseudocode.jpg,4a022be33e5cad2219261bf64299a666da254047f7185054179681db714c2896,395762
stage10-image,stage10-lesson-115-access.jpg,web/assets/diagrams/stage10-infographics/stage10-lesson-115-access.jpg,eb21a0bfea4408f30cc12735b9dec3a31b61a0f327e4e671dfd296afca8d5c15,149306
stage10-image,stage10-lesson-115-declare.jpg,web/assets/diagrams/stage10-infographics/stage10-lesson-115-declare.jpg,0ed4389d58f7e3050f136fb86aed98efe58961796b9b27acbf112a719bbba92c,374097
stage10-image,stage10-lesson-115-lookup.jpg,web/assets/diagrams/stage10-infographics/stage10-lesson-115-lookup.jpg,68eda7eeb1d4ff4e51a4f41138117693433424854afbe30030f295aa2aa8dcd7,257491
stage10-image,stage10-lesson-115-model.jpg,web/assets/diagrams/stage10-infographics/stage10-lesson-115-model.jpg,d7b9206278bcc562a106d14e72083686ca8efd5e5c586622eb04a0aec6d8f7ec,327809
stage10-image,stage10-lesson-115-pseudocode.jpg,web/assets/diagrams/stage10-infographics/stage10-lesson-115-pseudocode.jpg,439019c55df11933c79ef448c57984b79d76ffa2e19f24e5f9c9d077e2808ea8,389291
stage10-image,stage10-lesson-115-traversal.jpg,web/assets/diagrams/stage10-infographics/stage10-lesson-115-traversal.jpg,1ee10febee88562a2c5249a0069b4c3de597a233f7104801d564b8869cccf14f,337826
stage10-image,stage10-lesson-116-access.jpg,web/assets/diagrams/stage10-infographics/stage10-lesson-116-access.jpg,90fe2954b55886d3bb83047d62d1f8ea2faf55affc4591e483a7101ef9f4b63f,361842
stage10-image,stage10-lesson-116-declare.jpg,web/assets/diagrams/stage10-infographics/stage10-lesson-116-declare.jpg,75ecb302d81c2fe9ff267b43d1ecbe9e14dfaf1c1cfa2b84efa0152c91e01670,396032
stage10-image,stage10-lesson-116-lookup.jpg,web/assets/diagrams/stage10-infographics/stage10-lesson-116-lookup.jpg,4cc06d48b5415cd068a2883f9eee59eaacf7c056f35350d6f21937456da4a69a,301829
stage10-image,stage10-lesson-116-model.jpg,web/assets/diagrams/stage10-infographics/stage10-lesson-116-model.jpg,f0fb0b1c4ee580471523cf5d822f314d564319590926c422f117ae524c0f3e44,354452
stage10-image,stage10-lesson-116-nested.jpg,web/assets/diagrams/stage10-infographics/stage10-lesson-116-nested.jpg,a624a502afa2d45e3ca08077a4a22eb5c882fc2af5204689f736699e885bfe3f,373917
stage10-image,stage10-lesson-116-pseudocode.jpg,web/assets/diagrams/stage10-infographics/stage10-lesson-116-pseudocode.jpg,3dddd27806e9565cf6835b5cd678ee29bf3c0de15951e3d96c3519f2899d9652,168283
stage10-image,stage10-lesson-117-count.jpg,web/assets/diagrams/stage10-infographics/stage10-lesson-117-count.jpg,57429e31220c85fb807c25e5d2522fa8d9250f900660b916d46b02a4d4d10a22,151636
stage10-image,stage10-lesson-117-patterns.jpg,web/assets/diagrams/stage10-infographics/stage10-lesson-117-patterns.jpg,9742e32b684a9d8582eb0cdb5e172144a9514ca11ebd001819f54ef5ae2b2745,407747
stage10-image,stage10-lesson-117-pseudocode.jpg,web/assets/diagrams/stage10-infographics/stage10-lesson-117-pseudocode.jpg,d67b2be3b137bfbc413d0f4b2ffc5ca03f88bcf2670a52fe3c9a473a8bbc14e8,175599
stage10-image,stage10-lesson-117-search.jpg,web/assets/diagrams/stage10-infographics/stage10-lesson-117-search.jpg,180db534a8664c48cd9ab21673ed40f57714866b5cc2e0e9d887f49eb4591ba7,158546
stage10-image,stage10-lesson-117-selector.jpg,web/assets/diagrams/stage10-infographics/stage10-lesson-117-selector.jpg,a26176d2d77a5c4c1484cb2b902e452a2f7ffe65cdd06dd7859942c3e9abe5c7,315622
stage10-image,stage10-lesson-117-traversal.jpg,web/assets/diagrams/stage10-infographics/stage10-lesson-117-traversal.jpg,323a92cce2ef6373baca8b99ffa3442fd22a8a5d2b30d1cb7bcd92e11b4f0da3,336769
stage10-image,stage10-lesson-117-update.jpg,web/assets/diagrams/stage10-infographics/stage10-lesson-117-update.jpg,9a3eb9f368d2c1c32680b55dd82447eae49f016c816dc9eff6d2c9d4255beb11,141380
stage10-image,stage10-lesson-118-access.jpg,web/assets/diagrams/stage10-infographics/stage10-lesson-118-access.jpg,d3a4543873c374e0e1891d2da966ec366dae58b0ada3315c34a41d71e5658558,314010
stage10-image,stage10-lesson-118-array-vs-record.jpg,web/assets/diagrams/stage10-infographics/stage10-lesson-118-array-vs-record.jpg,60657174955e06e923bebb1d3c9a62188f025fbb7b46bb77fd8dd58415508c3d,351074
stage10-image,stage10-lesson-118-concept.jpg,web/assets/diagrams/stage10-infographics/stage10-lesson-118-concept.jpg,e8cc8ae9dc64e72a46dba8fdc8b14bc79b2641b1b5c6ad8d318faf0a404e02a5,383329
stage10-image,stage10-lesson-118-declare.jpg,web/assets/diagrams/stage10-infographics/stage10-lesson-118-declare.jpg,55ddf0f94d561a23d5c946f51d0fa6c933e5f94f40a0ebc4bde66f383fdaff03,144911
stage10-image,stage10-lesson-118-lookup.jpg,web/assets/diagrams/stage10-infographics/stage10-lesson-118-lookup.jpg,218ba77bb629b923d3ed661cb41a2c58b0b7a817b923cd909fc7f1dbdaf2c80d,294198
stage10-image,stage10-lesson-118-pseudocode.jpg,web/assets/diagrams/stage10-infographics/stage10-lesson-118-pseudocode.jpg,38f88cbf46661eb83b04dc4f47f70c034130d409f7231ffd2a01c0cd24064489,141956
stage10-image,stage10-lesson-119-access.jpg,web/assets/diagrams/stage10-infographics/stage10-lesson-119-access.jpg,488191df8bff2cdd1718d2a70aacb5e8020a7c972846c708cb81063f89f1fe73,392775
stage10-image,stage10-lesson-119-concept.jpg,web/assets/diagrams/stage10-infographics/stage10-lesson-119-concept.jpg,4579b42c1b9ed11453b676cf5f88be512bc1f504bdfdc5926b09a1fed582a14e,143220
stage10-image,stage10-lesson-119-declare.jpg,web/assets/diagrams/stage10-infographics/stage10-lesson-119-declare.jpg,db79c5925bdb87879ccaba15907a1c77e5bacf6318fe3de6a7741348a13eb2b1,152409
stage10-image,stage10-lesson-119-explorer.jpg,web/assets/diagrams/stage10-infographics/stage10-lesson-119-explorer.jpg,e142aca8b502809cf8b40bfd01e081e4a5abdd6b47c1764e72a36da4898bebf5,307012
stage10-image,stage10-lesson-119-operations.jpg,web/assets/diagrams/stage10-infographics/stage10-lesson-119-operations.jpg,2d5759e762ca59a927a21930837db74eb424a1c27b24f26412a699d6403ddaae,161782
stage10-image,stage10-lesson-119-pseudocode.jpg,web/assets/diagrams/stage10-infographics/stage10-lesson-119-pseudocode.jpg,0d6c7eaafb01495a7c7e87fd9e5370a7f4e39d4a11f964b809fdf95562d20b9c,354618
stage10-image,stage10-lesson-119-traversal.jpg,web/assets/diagrams/stage10-infographics/stage10-lesson-119-traversal.jpg,0b1c4e7a784459034c6ee4565e62d20f87c28cd3b8b5a70231de2e6786c3fb50,159700
stage10-image,stage10-lesson-120-concept.jpg,web/assets/diagrams/stage10-infographics/stage10-lesson-120-concept.jpg,dbdc207be7a3a692997632497d574b61e9aaf44a5661a1c188f472592681a8fe,416205
stage10-image,stage10-lesson-120-lifecycle.jpg,web/assets/diagrams/stage10-infographics/stage10-lesson-120-lifecycle.jpg,839d7322c5adc2f3774455115df165a85335fd861f7d3e02af77ef9f5934d905,342560
stage10-image,stage10-lesson-120-mode-lab.jpg,web/assets/diagrams/stage10-infographics/stage10-lesson-120-mode-lab.jpg,d4b79f6391bd22f6ef0c129a58e43ac59bd34ae381d6d8076443b3c151c6ca50,311893
stage10-image,stage10-lesson-120-modes.jpg,web/assets/diagrams/stage10-infographics/stage10-lesson-120-modes.jpg,c7a60ee96212080ab0687705e3bfc5a638b6897a164d66e7c0a81425ac5e2804,385687
stage10-image,stage10-lesson-120-pseudocode.jpg,web/assets/diagrams/stage10-infographics/stage10-lesson-120-pseudocode.jpg,e9b08c34a1b6f4a06eacd8e6de9a5ae563333a154c019920344559e13dcec3e4,377685
stage10-image,stage10-lesson-120-read.jpg,web/assets/diagrams/stage10-infographics/stage10-lesson-120-read.jpg,21501f8b2f760544011ecc2581c7b1c3203b967a5e98cc870f50e4a74c2426fb,330878
stage10-image,stage10-lesson-120-reader.jpg,web/assets/diagrams/stage10-infographics/stage10-lesson-120-reader.jpg,a657198a291c88b51e2b41d867f74f4cfd7482e4d895ddea77b1a5b841e626c4,168491
stage10-image,stage10-lesson-120-records.jpg,web/assets/diagrams/stage10-infographics/stage10-lesson-120-records.jpg,692e841e6517d2e791f897bc760a8ed4ff0a23c9e67b661852800dda85ce9359,318085
stage10-image,stage10-lesson-120-write.jpg,web/assets/diagrams/stage10-infographics/stage10-lesson-120-write.jpg,f3bece65457bff4ca0beafddb91e73d424ec8c9f8de1aa2c889beaab7b7e0fc9,356156
stage10-image,stage10-lesson-121-concept.jpg,web/assets/diagrams/stage10-infographics/stage10-lesson-121-concept.jpg,c7b11a17f57bc3664c9931b7c1a67f0bdbfda2896cd9c778f39c08db38f37030,346380
stage10-image,stage10-lesson-121-format.jpg,web/assets/diagrams/stage10-infographics/stage10-lesson-121-format.jpg,4b1ebb916066ea50817a009556a1dfffd21cd074cd4ba98097f24f0a84971832,330669
stage10-image,stage10-lesson-121-parse.jpg,web/assets/diagrams/stage10-infographics/stage10-lesson-121-parse.jpg,007d5ee4c45dc43ab7168634f3eade277808c1ad39ae6dffa3eac3aaff8120c5,332419
stage10-image,stage10-lesson-121-parser.jpg,web/assets/diagrams/stage10-infographics/stage10-lesson-121-parser.jpg,52372e53117d66a32bd7965d3176e01458d94300191f25a39fce7d8bf94b76f5,252195
stage10-image,stage10-lesson-121-pseudocode.jpg,web/assets/diagrams/stage10-infographics/stage10-lesson-121-pseudocode.jpg,3b070eafaf3441a8c11cda6fda0a172a4e2dad7a7005aa573bfc7e164ee06ea1,429717
stage10-image,stage10-lesson-121-types.jpg,web/assets/diagrams/stage10-infographics/stage10-lesson-121-types.jpg,7bd1382f3ab40be0baf8eb3a076a30093ffee292652dbd08524f404cb4a33c87,159286
stage10-image,stage10-lesson-121-validate.jpg,web/assets/diagrams/stage10-infographics/stage10-lesson-121-validate.jpg,16eb1a5a2d0d43cfdeace48b84989c69e1f940e1def18f2b9f41112f31166b57,400883
stage10-image,stage10-lesson-121-validator.jpg,web/assets/diagrams/stage10-infographics/stage10-lesson-121-validator.jpg,7ae512e093b1f0ef1922bdf103a4e9d014e746a71833f82a8da6ff88dd98d86c,294583
stage10-image,stage10-lesson-122-concept.jpg,web/assets/diagrams/stage10-infographics/stage10-lesson-122-concept.jpg,343d4d1a598d46bcf9d8838c876a5eded5e5735e636ded92e2e33bc362c49bc9,151854
stage10-image,stage10-lesson-122-errors.jpg,web/assets/diagrams/stage10-infographics/stage10-lesson-122-errors.jpg,7de64ce7330045dd05feab9aa14a5550f19ff95281426e7e5c4c130757fd2b8d,451479
stage10-image,stage10-lesson-122-implementation.jpg,web/assets/diagrams/stage10-infographics/stage10-lesson-122-implementation.jpg,90eb3aab845f820138289664e61ee24ce3dcd94088fa2ee86834f572a4c77d76,164047
stage10-image,stage10-lesson-122-operations.jpg,web/assets/diagrams/stage10-infographics/stage10-lesson-122-operations.jpg,d192b96c20ff83840ddef591da3dfda405e1b6b0f3cba690625547a4a0d4d79b,433865
stage10-image,stage10-lesson-122-pseudocode.jpg,web/assets/diagrams/stage10-infographics/stage10-lesson-122-pseudocode.jpg,15b413d349081b0766adfa442e5fb78bfee8b7666e097945a4113f858ff2ad09,425553
stage10-image,stage10-lesson-122-queue.jpg,web/assets/diagrams/stage10-infographics/stage10-lesson-122-queue.jpg,ee4e49e73df2ea28b0d79144177a6122c81540c761a5d80ebd909b195de4cf2f,357038
stage10-image,stage10-lesson-122-stack.jpg,web/assets/diagrams/stage10-infographics/stage10-lesson-122-stack.jpg,51958dacc695c355f049c92ee3d78947b50c4b668363096bd2bad9aba5428ec1,363671
stage10-image,stage10-lesson-123-adt.jpg,web/assets/diagrams/stage10-infographics/stage10-lesson-123-adt.jpg,2a12a7bf1e3a231fea020ac9b15dfd1a627ca4cef57daf4627a9dd911b96617e,399458
stage10-image,stage10-lesson-123-array.jpg,web/assets/diagrams/stage10-infographics/stage10-lesson-123-array.jpg,fd94455b7c49728f2623e51fdd7dd26098ec74d7044fcf107bd486f6de9789af,144354
stage10-image,stage10-lesson-123-criteria.jpg,web/assets/diagrams/stage10-infographics/stage10-lesson-123-criteria.jpg,f282a8a3bcdc6df6a67d5603a906dca9c98ac18420f213234714e6387a19cd98,385871
stage10-image,stage10-lesson-123-decision.jpg,web/assets/diagrams/stage10-infographics/stage10-lesson-123-decision.jpg,7d5892546843638947d2f2506a5340f260a835a916df3c3479e36209df16ab9e,172506
stage10-image,stage10-lesson-123-file.jpg,web/assets/diagrams/stage10-infographics/stage10-lesson-123-file.jpg,d212ef55564344e89a80d0ea42a1187713e08415ec1842bb79698c5ae0359513,368090
stage10-image,stage10-lesson-123-pseudocode.jpg,web/assets/diagrams/stage10-infographics/stage10-lesson-123-pseudocode.jpg,c12536f09bb0c72ad29ca8dd3b7abb9cddb22cffac7d13bf53a744ce850c4b9b,153434
stage10-image,stage10-lesson-123-ranker.jpg,web/assets/diagrams/stage10-infographics/stage10-lesson-123-ranker.jpg,a3a07ed2af55092154e22eaa7baccc09d1de05223f14f32ab85a1b62751c10f7,282343
stage10-image,stage10-lesson-123-record.jpg,web/assets/diagrams/stage10-infographics/stage10-lesson-123-record.jpg,0051deac6aef180c88ddcd15aca152afddae85f0cd3a84d10dff59e8236b783a,156065
stage10-image,stage10-lesson-124-arrays.jpg,web/assets/diagrams/stage10-infographics/stage10-lesson-124-arrays.jpg,ce72392bbd3a382cb0e99ca4cf9c1f808fbef87165cf37df09101c9305e72f01,361396
stage10-image,stage10-lesson-124-assignment.jpg,web/assets/diagrams/stage10-infographics/stage10-lesson-124-assignment.jpg,e1d1a665e9066c79d3cdb67c90af14b98a7b11d821576c7ebb57d8fc5ba228f6,387233
stage10-image,stage10-lesson-124-constants.jpg,web/assets/diagrams/stage10-infographics/stage10-lesson-124-constants.jpg,4eeb158bfee2498330a71391bca44f31b05782125c4a7e390a601e8026f7104d,431857
stage10-image,stage10-lesson-124-principle.jpg,web/assets/diagrams/stage10-infographics/stage10-lesson-124-principle.jpg,462f7d97135b5d908f884456b51a81f2cc6df90dbb8b19afaa104104198b0ae3,406536
stage10-image,stage10-lesson-124-records.jpg,web/assets/diagrams/stage10-infographics/stage10-lesson-124-records.jpg,f94e197fab8ab8259ba508dd51371c39ef682e1f0973d9f7af357e996ab928c8,363290
stage10-image,stage10-lesson-124-sorter.jpg,web/assets/diagrams/stage10-infographics/stage10-lesson-124-sorter.jpg,9b75c64910e48e6efa990f4824a8a17306540c9da261e8ce1e199568b7a6352e,326527
stage10-image,stage10-lesson-124-types.jpg,web/assets/diagrams/stage10-infographics/stage10-lesson-124-types.jpg,3ece9c49c507bcd00ae279ccaabac9dde184e95becf3011c206565a0c9bfe499,347456
stage10-image,stage10-lesson-124-variables.jpg,web/assets/diagrams/stage10-infographics/stage10-lesson-124-variables.jpg,6622318d7b229d06487163284367889fe5730aee2cefe5469f2c10d37dc9d888,347370
stage10-image,stage10-lesson-125-adts.jpg,web/assets/diagrams/stage10-infographics/stage10-lesson-125-adts.jpg,0c8c2506efb4eaa807d20bee6e00b48bebb7a943b6b837dcc6fac61e1b12fe68,394759
stage10-image,stage10-lesson-125-decision.jpg,web/assets/diagrams/stage10-infographics/stage10-lesson-125-decision.jpg,426d342b3e6e2baa537a9862f626dcfe868726b581912a6c97c16482270f7753,431555
stage10-image,stage10-lesson-125-declare.jpg,web/assets/diagrams/stage10-infographics/stage10-lesson-125-declare.jpg,665b0a4109feebc9a4548cc698e312f963f72b860f46e037b3bf7997645c548a,154033
stage10-image,stage10-lesson-125-files.jpg,web/assets/diagrams/stage10-infographics/stage10-lesson-125-files.jpg,f09647c12f384772483eb287307629393044d21018133eedf4eb171b4cebb3fc,158136
stage10-image,stage10-lesson-125-improver.jpg,web/assets/diagrams/stage10-infographics/stage10-lesson-125-improver.jpg,5703d1b00a0c65070884c3a6e25f13d6d196e6aed65844398b693f716459e024,336627
stage10-image,stage10-lesson-125-map.jpg,web/assets/diagrams/stage10-infographics/stage10-lesson-125-map.jpg,71cb36d6353cc797cf594a41697edcf9c66bec6cc0cd04c9acb12b910e51c875,449436
stage10-image,stage10-lesson-125-marks.jpg,web/assets/diagrams/stage10-infographics/stage10-lesson-125-marks.jpg,c9aa219a278592937b413a7e46b035867c5ab632ab37e8519834a2bfc6dd290d,453610
stage10-image,stage10-lesson-126-constructs.jpg,web/assets/diagrams/stage10-infographics/stage10-lesson-126-constructs.jpg,075e1ee3b2ae16ceee4b313185c94dedb947054acf87f72b1c30eed59900e12b,175928
stage10-image,stage10-lesson-126-iteration.jpg,web/assets/diagrams/stage10-infographics/stage10-lesson-126-iteration.jpg,1d3a93438befc82cc3a5456f64aa5d3ce4571dcc1ee3ea6fea5a3ffffb14e12c,191588
stage10-image,stage10-lesson-126-java.jpg,web/assets/diagrams/stage10-infographics/stage10-lesson-126-java.jpg,dd3c066ef28ff9886891469d71864e6a6d6e362da6d47fdac132eccb6cf0937f,158917
stage10-image,stage10-lesson-126-selection.jpg,web/assets/diagrams/stage10-infographics/stage10-lesson-126-selection.jpg,5946e6c7c44e1307dfc8e79cfe7ccc360a720a24d7b8347069c21ce5cc514b23,150822
stage10-image,stage10-lesson-126-sequence.jpg,web/assets/diagrams/stage10-infographics/stage10-lesson-126-sequence.jpg,7bd1033ee3b839eb718c8d071e495dd70db06e900fdd9944e843c20e7b7af653,307634
stage10-image,stage10-lesson-126-tracer.jpg,web/assets/diagrams/stage10-infographics/stage10-lesson-126-tracer.jpg,948debec34563d4013bc41acdd9408cee8e894974dcdff6665fe930fd72a897d,315341
stage10-image,stage10-lesson-127-case.jpg,web/assets/diagrams/stage10-infographics/stage10-lesson-127-case.jpg,13cf0055126a4752540b930d4150102364c7d11f0b852c9e1d1290c7c67c2786,163379
stage10-image,stage10-lesson-127-choice.jpg,web/assets/diagrams/stage10-infographics/stage10-lesson-127-choice.jpg,a83a0ccf6fc95db3e93702db54187e56214f02e7b1237b0fe4cc972e0e16886f,408948
stage10-image,stage10-lesson-127-if.jpg,web/assets/diagrams/stage10-infographics/stage10-lesson-127-if.jpg,722f56632b4e7e246c40ff1684f3477a26f3b2a3117b194e77f7d61f1000bf8f,351574
stage10-image,stage10-lesson-127-java.jpg,web/assets/diagrams/stage10-infographics/stage10-lesson-127-java.jpg,71828d7873bef5c8f6e21b0f1c17af79e7b7e61f82317471e2bc5cb541017f67,163774
stage10-image,stage10-lesson-127-nested.jpg,web/assets/diagrams/stage10-infographics/stage10-lesson-127-nested.jpg,248775365f020115847b8893ed8096eec0a1884e5c670e3e8f42a7a707344215,332360
stage10-image,stage10-lesson-127-path.jpg,web/assets/diagrams/stage10-infographics/stage10-lesson-127-path.jpg,18e3826b9fec27a9bfb7113d0a25880953fdab533012301f359f6da5f32955d4,303092
stage10-image,stage10-lesson-128-arrays.jpg,web/assets/diagrams/stage10-infographics/stage10-lesson-128-arrays.jpg,9f696e61d45ed3d17eb9632852e74507093b9aae50485da610499356313833c1,393209
stage10-image,stage10-lesson-128-bounds.jpg,web/assets/diagrams/stage10-infographics/stage10-lesson-128-bounds.jpg,fba7595f100e774a3408f8c92bfe2017410d2494acb7ad673ced0dbe4bd57f8b,370287
stage10-image,stage10-lesson-128-counter.jpg,web/assets/diagrams/stage10-infographics/stage10-lesson-128-counter.jpg,bd9dba48e0fefecba5a1dbf1711d66808976b2ae872475684d1286150f29c6e4,361836
stage10-image,stage10-lesson-128-for.jpg,web/assets/diagrams/stage10-infographics/stage10-lesson-128-for.jpg,0ef620da6459ae733ed35f4d9a1ec1645de0da8a8d59eef92dca1ff8701d6df7,356837
stage10-image,stage10-lesson-128-java.jpg,web/assets/diagrams/stage10-infographics/stage10-lesson-128-java.jpg,49de08f3225bed7a2895eb13b29fdef22e30051ea5e4066cb1ddae92e5197fab,323699
stage10-image,stage10-lesson-129-compare.jpg,web/assets/diagrams/stage10-infographics/stage10-lesson-129-compare.jpg,a24ab8b01ba432546fd3cbb77a8dd9ddae1b2018b3555f8219536ba5ec52cfd6,351514
stage10-image,stage10-lesson-129-java.jpg,web/assets/diagrams/stage10-infographics/stage10-lesson-129-java.jpg,d206e9607ad030cf1b25a405460b4e60dadc71f422b29504e54d99b061b61205,340343
stage10-image,stage10-lesson-129-repeat.jpg,web/assets/diagrams/stage10-infographics/stage10-lesson-129-repeat.jpg,fa31828822e122c297d48d55a1691f62fe0ac64043581f8f935a0b679a999a71,146354
stage10-image,stage10-lesson-129-sentinel.jpg,web/assets/diagrams/stage10-infographics/stage10-lesson-129-sentinel.jpg,3c53ba760ab9df9d03f8ee4a206e965a3a6a9a2c4a9694b7bc0390ab74515612,156768
stage10-image,stage10-lesson-129-validation.jpg,web/assets/diagrams/stage10-infographics/stage10-lesson-129-validation.jpg,b3d1dd38dbd6c9c9b3b85cf4cc21c210680c4db7c2399c393abdf4ca2d9eb0f9,354210
stage10-image,stage10-lesson-129-while.jpg,web/assets/diagrams/stage10-infographics/stage10-lesson-129-while.jpg,edef10ffb0328ccb5717e13c689e8ab9215932974d4f89ec37c0f2e8548833b1,167014
stage10-image,stage10-lesson-130-calls.jpg,web/assets/diagrams/stage10-infographics/stage10-lesson-130-calls.jpg,f6d9a9e2e20e2028c44cf23900caa6777e226b1395e1c159d8669f8d731a461f,402592
stage10-image,stage10-lesson-130-compare.jpg,web/assets/diagrams/stage10-infographics/stage10-lesson-130-compare.jpg,c8a7d6ccbe768786db9fa9dadcc763a71b8725b8a4b8ea0951f499214952fd9a,382843
stage10-image,stage10-lesson-130-function.jpg,web/assets/diagrams/stage10-infographics/stage10-lesson-130-function.jpg,5cd2c853e615c392d0088046fd5d114d432191635aa76439383423baf9f106af,348987
stage10-image,stage10-lesson-130-java.jpg,web/assets/diagrams/stage10-infographics/stage10-lesson-130-java.jpg,bf3e9cd52cd91362e98a0dfe91537ec80ca2237a9c5ca194393860c4f0953f97,334876
stage10-image,stage10-lesson-130-parameters.jpg,web/assets/diagrams/stage10-infographics/stage10-lesson-130-parameters.jpg,8f439b2b82370dd9dc3acad9688bbf3355504957b36733e874473eb6cff5b252,274063
stage10-image,stage10-lesson-130-procedure.jpg,web/assets/diagrams/stage10-infographics/stage10-lesson-130-procedure.jpg,9d3145713204d0baa396560f4912c73b3c478b8bbb611bf5c93962a6e2cb6517,146175
stage10-image,stage10-lesson-130-returner.jpg,web/assets/diagrams/stage10-infographics/stage10-lesson-130-returner.jpg,068442332c09cf4ee5d8f5a95c16a74232ac3cafddd467c77fb62d06f6aefdcc,270124
stage10-image,stage10-lesson-131-compare.jpg,web/assets/diagrams/stage10-infographics/stage10-lesson-131-compare.jpg,d482f70a2f2c77162b08d32cd1c9b8d551ad18aea1f1ab29d23d839017090c37,389354
stage10-image,stage10-lesson-131-java.jpg,web/assets/diagrams/stage10-infographics/stage10-lesson-131-java.jpg,484c90bdfb3c4313f7ee3167634cb5aec132db83a5264080e4e94ff0c3e50b14,368494
stage10-image,stage10-lesson-131-reference.jpg,web/assets/diagrams/stage10-infographics/stage10-lesson-131-reference.jpg,0606efacfe02668fb4af55ce65027843b39d65239fd23facf1392c12be2defa3,369144
stage10-image,stage10-lesson-131-terms.jpg,web/assets/diagrams/stage10-infographics/stage10-lesson-131-terms.jpg,2472bf617823216a9e49cd812e29a8bd2713b69949334c698d582e3840716c9b,354789
stage10-image,stage10-lesson-131-use.jpg,web/assets/diagrams/stage10-infographics/stage10-lesson-131-use.jpg,cfeff3c827d0cd317a5bf6aadb810cf24a26fd96e804920ea7aeb2530ed53340,405262
stage10-image,stage10-lesson-131-value.jpg,web/assets/diagrams/stage10-infographics/stage10-lesson-131-value.jpg,2c82a526f943559a942fee69eb56808f64fb9f541ff8cd711cfd43da0967eb65,348615
stage10-image,stage10-lesson-132-compare.jpg,web/assets/diagrams/stage10-infographics/stage10-lesson-132-compare.jpg,4bb5dd0dababbe897d00b2d554a76ede2d2f4067ef550ba61325d4db798ab48c,407505
stage10-image,stage10-lesson-132-global.jpg,web/assets/diagrams/stage10-infographics/stage10-lesson-132-global.jpg,ca9e5c7d7948a42ed97b1e1a7f0e8cae990390fd76dd9f447fef0d1a3f73ead1,382868
stage10-image,stage10-lesson-132-java.jpg,web/assets/diagrams/stage10-infographics/stage10-lesson-132-java.jpg,51c6ee363c40d35e12168d8201bfc7fabe6b45e1be49f6a0dcb9f7b440f51d3e,349123
stage10-image,stage10-lesson-132-lifetime.jpg,web/assets/diagrams/stage10-infographics/stage10-lesson-132-lifetime.jpg,9b2e538422179bf89302bd66d65a75cec3aeda154c5428248782c2c2287911f4,429985
stage10-image,stage10-lesson-132-local.jpg,web/assets/diagrams/stage10-infographics/stage10-lesson-132-local.jpg,b50f58c802450e74e9c4de43b8599b232f47d90a6826e742533ed76acf595d40,408336
stage10-image,stage10-lesson-132-scope.jpg,web/assets/diagrams/stage10-infographics/stage10-lesson-132-scope.jpg,63501f88968f0a20ce6889661008f887076b03ad1924d478f1c9f33c6b114238,374891
stage10-image,stage10-lesson-132-shadowing.jpg,web/assets/diagrams/stage10-infographics/stage10-lesson-132-shadowing.jpg,52ec447e48a634f17d906c463a2bb8680b493f3647dfad4b3dce842838f415e2,178830
stage10-image,stage10-lesson-133-case.jpg,web/assets/diagrams/stage10-infographics/stage10-lesson-133-case.jpg,b6679b0110ff76a57b6e8ec483234f459a02eea44489b73014fa2cfe914817d7,160049
stage10-image,stage10-lesson-133-concat.jpg,web/assets/diagrams/stage10-infographics/stage10-lesson-133-concat.jpg,e8d73908c22ef634365dfbbf1af121ae78dcf6405b82fa1c177c05e3821b8403,351214
stage10-image,stage10-lesson-133-java.jpg,web/assets/diagrams/stage10-infographics/stage10-lesson-133-java.jpg,405903cd9d35a5a0a4614ceda6d5e691ece7120b6a680c6b7db5b0c863f154fd,383188
stage10-image,stage10-lesson-133-lab.jpg,web/assets/diagrams/stage10-infographics/stage10-lesson-133-lab.jpg,118b6cee403ef7ca4cc894ddcbedd7682520c2c0971bc81199fd1be4d14587ae,310813
stage10-image,stage10-lesson-133-length.jpg,web/assets/diagrams/stage10-infographics/stage10-lesson-133-length.jpg,fd907f327957c7ac9c150779a3eaee603eacaa399f9c2b8e9f24dd53df0a79e5,300021
stage10-image,stage10-lesson-133-position.jpg,web/assets/diagrams/stage10-infographics/stage10-lesson-133-position.jpg,cd14919c60829466ce60cc4d6ef76a4847bf2451a73743cc665bd172e4871e4d,379829
stage10-image,stage10-lesson-133-strings.jpg,web/assets/diagrams/stage10-infographics/stage10-lesson-133-strings.jpg,144b8093410b78983952ed7c5e5565f277e2766fe2f72253450a35bf3848e948,342013
stage10-image,stage10-lesson-133-substring.jpg,web/assets/diagrams/stage10-infographics/stage10-lesson-133-substring.jpg,126859fc4b6a47f7f44664557bafa9736fc86fc533ae9c68af4ad2e246a3a388,163925
stage10-image,stage10-lesson-134-calculator.jpg,web/assets/diagrams/stage10-infographics/stage10-lesson-134-calculator.jpg,09e764c3a0ddef6bd78cc2b844f17755de717c54a74e461b701db4466f64e6e9,340182
stage10-image,stage10-lesson-134-division.jpg,web/assets/diagrams/stage10-infographics/stage10-lesson-134-division.jpg,31ea09da6208fc267b2c6c795446e45fd8b8f8a5d4547c250a82c4fbd58bda2d,331858
stage10-image,stage10-lesson-134-java.jpg,web/assets/diagrams/stage10-infographics/stage10-lesson-134-java.jpg,28f19fd1e712f04976c8a24a9f7a63418346d3167852a0de9e7fcffe4c435371,399814
stage10-image,stage10-lesson-134-mod.jpg,web/assets/diagrams/stage10-infographics/stage10-lesson-134-mod.jpg,6b5d13ed685d0a8ea4578dfb51e75a79a7261be49deacf87a91c59a10e4a47e3,312599
stage10-image,stage10-lesson-134-operators.jpg,web/assets/diagrams/stage10-infographics/stage10-lesson-134-operators.jpg,d5bdaec752f4c2b124985ea4ce0181e35456aaefc50daae2f78cc6bfed7191a6,310595
stage10-image,stage10-lesson-134-patterns.jpg,web/assets/diagrams/stage10-infographics/stage10-lesson-134-patterns.jpg,98850c25c283e9a4afb0c3d053230e02ca111a91530efcae8da8ca6087731e23,352452
stage10-image,stage10-lesson-134-precedence.jpg,web/assets/diagrams/stage10-infographics/stage10-lesson-134-precedence.jpg,df255144042a1688079285ec026697db5cc97bd8d4fa01f9b12eb4c758d40300,343156
stage10-image,stage10-lesson-134-relationship.jpg,web/assets/diagrams/stage10-infographics/stage10-lesson-134-relationship.jpg,5ce95bc9b4dcfcf00b7b5e6972fc98875863423e7cb5fc02327bf65a20b70c39,365925
stage10-image,stage10-lesson-135-formatter.jpg,web/assets/diagrams/stage10-infographics/stage10-lesson-135-formatter.jpg,af9bea7801ebaeef9c2fb579c519cbb17be5776c9de7e5aefd6fe7a37ac165d5,319167
stage10-image,stage10-lesson-135-formatting.jpg,web/assets/diagrams/stage10-infographics/stage10-lesson-135-formatting.jpg,385488b70b5ad9f9cd7e65ce9cc5a0ace0bf658c9c8ae7bb1bd535ae9baa7823,329536
stage10-image,stage10-lesson-135-input.jpg,web/assets/diagrams/stage10-infographics/stage10-lesson-135-input.jpg,f57d8b6cf052f1e0233d9c6d5424c4ce75b78814795a4139834e0cd22d2bb75f,312925
stage10-image,stage10-lesson-135-java.jpg,web/assets/diagrams/stage10-infographics/stage10-lesson-135-java.jpg,b47d6cf13aaaf3a355aa179f3cc2ee3c602134d47af1a9dad5646e8c29719a3b,350834
stage10-image,stage10-lesson-135-output.jpg,web/assets/diagrams/stage10-infographics/stage10-lesson-135-output.jpg,17cf5d6b42c101aecbb43b69b06a2faeb4ae196cd034474188c0dae764f735ef,334940
stage10-image,stage10-lesson-135-prompts.jpg,web/assets/diagrams/stage10-infographics/stage10-lesson-135-prompts.jpg,b8594dd16708ef91e276f80b964886dd16e45e278b78d5e62a5f809d9d69f49a,369361
stage10-image,stage10-lesson-135-tables.jpg,web/assets/diagrams/stage10-infographics/stage10-lesson-135-tables.jpg,81605c24aed3cd9b321f094db95454d1be1668353355254a562c0f367ccd4912,320002
stage10-image,stage10-lesson-135-types.jpg,web/assets/diagrams/stage10-infographics/stage10-lesson-135-types.jpg,93e86d450f1986e2f2c500a331efbc121e1b7dec23d4cf784b2edee4dc9697d7,359445
stage10-image,stage10-lesson-136-append.jpg,web/assets/diagrams/stage10-infographics/stage10-lesson-136-append.jpg,aa68b46c85af13aecbe610f05e9eaf92d2f12f4e72b2da9fef3282ed70971ad9,342576
stage10-image,stage10-lesson-136-close.jpg,web/assets/diagrams/stage10-infographics/stage10-lesson-136-close.jpg,5876d4362d2603a414a0b4a217744788dcc0221f5727dd415a0beba04ab28dd2,339527
stage10-image,stage10-lesson-136-eof.jpg,web/assets/diagrams/stage10-infographics/stage10-lesson-136-eof.jpg,a0ac3e42d444adf897ad08b0b2a0a6d4289358e78a6cbafdda4267ae322ec08d,364325
stage10-image,stage10-lesson-136-java.jpg,web/assets/diagrams/stage10-infographics/stage10-lesson-136-java.jpg,fc3274a1f48258ddf976a9a158b2dc09ac8e634cdb7e57c06ae053724303e4b6,360110
stage10-image,stage10-lesson-136-modes.jpg,web/assets/diagrams/stage10-infographics/stage10-lesson-136-modes.jpg,4f009c37915e996adf9c0d3bdfed31be022999477809743e25c6ef4cd2e0fbb3,406197
stage10-image,stage10-lesson-136-purpose.jpg,web/assets/diagrams/stage10-infographics/stage10-lesson-136-purpose.jpg,9e41a3d70a5534058cd878d3efaceba5531847a053083ba22a095a21ead6686f,375019
stage10-image,stage10-lesson-136-read.jpg,web/assets/diagrams/stage10-infographics/stage10-lesson-136-read.jpg,6c5fbc2936b8aabaad68a4176aa6d13b714f857b524b7d5c79f7155e0f42b60c,351959
stage10-image,stage10-lesson-136-write.jpg,web/assets/diagrams/stage10-infographics/stage10-lesson-136-write.jpg,d023d096eba15e1b9994753d1ca259f032f6a23dc09a498585b36310802150cf,418532
stage10-image,stage10-lesson-137-boundary.jpg,web/assets/diagrams/stage10-infographics/stage10-lesson-137-boundary.jpg,b48c89432ef8606573327b77951e0780a09ec1fe5af5ce40885b88449f6092b7,424590
stage10-image,stage10-lesson-137-erroneous.jpg,web/assets/diagrams/stage10-infographics/stage10-lesson-137-erroneous.jpg,0f6ea9280fbd43db3b4f141d8f5179de10f230569b95146b90a959bc6a9c3b27,422548
stage10-image,stage10-lesson-137-java.jpg,web/assets/diagrams/stage10-infographics/stage10-lesson-137-java.jpg,d3d71ae665b8b819286fe57be3570c6b4ee4f7d3c5569f9603d8b4cd75fed69a,378827
stage10-image,stage10-lesson-137-normal.jpg,web/assets/diagrams/stage10-infographics/stage10-lesson-137-normal.jpg,fa8cfbd193739678a64e50b728ea5a6182445f795bbdc19098fbb6e06e9c66f2,372372
stage10-image,stage10-lesson-137-purpose.jpg,web/assets/diagrams/stage10-infographics/stage10-lesson-137-purpose.jpg,072babf7647510496fc3ec67bfe8496607fa723ed7edeb09f94b043504a9fded,305911
stage10-image,stage10-lesson-137-table.jpg,web/assets/diagrams/stage10-infographics/stage10-lesson-137-table.jpg,0c79b42f7a22f5b51ade83e0ee057111758a9f686734e174aa54f4b75e444589,430836
stage10-image,stage10-lesson-137-validation.jpg,web/assets/diagrams/stage10-infographics/stage10-lesson-137-validation.jpg,d2c360ee2e045cd4accf7c6f88abf512a418cf14488f0b15337639a42e809f9b,309788
stage10-image,stage10-lesson-138-breakpoint.jpg,web/assets/diagrams/stage10-infographics/stage10-lesson-138-breakpoint.jpg,44ef5a61cb0c2bc8639472beeaee0f404a245308debe5cb1919e6c98177e1fcf,390895
stage10-image,stage10-lesson-138-bug.jpg,web/assets/diagrams/stage10-infographics/stage10-lesson-138-bug.jpg,1eecb2abfa32436af864a2f84576117dc697202ace416402b8a3e491d45045a2,162120
stage10-image,stage10-lesson-138-java.jpg,web/assets/diagrams/stage10-infographics/stage10-lesson-138-java.jpg,a8ceb1453e08b9c8b3131d43a266997f302517a2b9e1279706c3e967536c5e76,333125
stage10-image,stage10-lesson-138-purpose.jpg,web/assets/diagrams/stage10-infographics/stage10-lesson-138-purpose.jpg,e5d7686b90e0742d91a1211febbdd929679646511ffbe976243c48a7466f1f41,149100
stage10-image,stage10-lesson-138-stepping.jpg,web/assets/diagrams/stage10-infographics/stage10-lesson-138-stepping.jpg,fbef68946b3644a1fc02edd31f6cf4bbab1229b74950202475eaa6463f904070,417085
stage10-image,stage10-lesson-138-watch.jpg,web/assets/diagrams/stage10-infographics/stage10-lesson-138-watch.jpg,f6cfe7fc12b2619eb0a6cf349fda83314f3b957dca0b0eb22a73c1ebd4fbdba9,366586
stage10-image,stage10-lesson-139-checks.jpg,web/assets/diagrams/stage10-infographics/stage10-lesson-139-checks.jpg,725b96c693d7f3904caa50e57b71088bcece569eec0cf938d4cf3ef2c59203a4,369482
stage10-image,stage10-lesson-139-integration.jpg,web/assets/diagrams/stage10-infographics/stage10-lesson-139-integration.jpg,8e56f135745d22d5472b21edbd5491ca6688038856f8ba10b57498b5fde2b9df,160395
stage10-image,stage10-lesson-139-java.jpg,web/assets/diagrams/stage10-infographics/stage10-lesson-139-java.jpg,f5a8fdef26683846fb30a2762a079fd268bddc20ccd716730a3709a5eaed3d84,412444
stage10-image,stage10-lesson-139-modularity.jpg,web/assets/diagrams/stage10-infographics/stage10-lesson-139-modularity.jpg,edad854ac9893ff68783cd32e4595b22e0038ce08b14bba53e8abf4c63f6abfc,347106
stage10-image,stage10-lesson-139-module-tool.jpg,web/assets/diagrams/stage10-infographics/stage10-lesson-139-module-tool.jpg,b983783e8c61aac30eb9888c5d47488dd4deb40ea8fa88a91f8da46d2bfc8a1f,348744
stage10-image,stage10-lesson-139-parameters.jpg,web/assets/diagrams/stage10-infographics/stage10-lesson-139-parameters.jpg,e2402d4b1df34a592b8ebb280f1e78decc28682af672ea1b516ba84d1b8d4079,183548
stage10-image,stage10-lesson-139-robust.jpg,web/assets/diagrams/stage10-infographics/stage10-lesson-139-robust.jpg,69b33f362e2f5e49e11f01a495a5ecfeb0d19fc0a2f88ff92629251869d23cfb,401951
stage10-image,stage10-lesson-139-validation.jpg,web/assets/diagrams/stage10-infographics/stage10-lesson-139-validation.jpg,7b8b1083eabea03b2b3ba71445391c007b5fc220db1ecd2aee18f5b4b98bba0b,164640
stage10-image,stage10-lesson-139-validator.jpg,web/assets/diagrams/stage10-infographics/stage10-lesson-139-validator.jpg,41580a74940f8baab0f3dc6dd83a9c57027a47a773e2b7069da139c8b5a3242e,342562
stage10-image,stage10-lesson-140-arrays.jpg,web/assets/diagrams/stage10-infographics/stage10-lesson-140-arrays.jpg,6c9b0f184bc7f2364c0cfff7ec403ea43dbeada8e19ad62ed785afeec5353ece,388820
stage10-image,stage10-lesson-140-assignment.jpg,web/assets/diagrams/stage10-infographics/stage10-lesson-140-assignment.jpg,16a674b1b993bf12c31b8c572c2ea3dff7aa15bb83304bb223f29c324f7298bf,343533
stage10-image,stage10-lesson-140-checkpoint.jpg,web/assets/diagrams/stage10-infographics/stage10-lesson-140-checkpoint.jpg,7a00764089ee6562c9e0d2b136a0c417d6ebb9809b3df916d3cf856c54dbcbcc,367669
stage10-image,stage10-lesson-140-io.jpg,web/assets/diagrams/stage10-infographics/stage10-lesson-140-io.jpg,0fea35dca1d98cc12d3321310b238720db8dad22ee5a9dce79741bebf1b1c985,360497
stage10-image,stage10-lesson-140-loops.jpg,web/assets/diagrams/stage10-infographics/stage10-lesson-140-loops.jpg,060f2d7984a7a34f8b3153ed85804dd5738890e74bc4d025389bd5f665340350,181725
stage10-image,stage10-lesson-140-selection.jpg,web/assets/diagrams/stage10-infographics/stage10-lesson-140-selection.jpg,f68ac8e59dda5b30cba7bc2f81883cea5da0baa901ad19d51231b0cf9f1da53d,302450
stage10-image,stage10-lesson-140-spotter.jpg,web/assets/diagrams/stage10-infographics/stage10-lesson-140-spotter.jpg,65be82d696bd4ec38e12487a17ce474259f6626e6f29d0c16c0a581fcd7f704c,340648
stage10-image,stage10-lesson-140-standard.jpg,web/assets/diagrams/stage10-infographics/stage10-lesson-140-standard.jpg,999f9c28a0070d1dfd5dac66452a33a268570ce52ab5578a85475af35bb19077,169845
stage10-image,stage10-lesson-140-subroutines.jpg,web/assets/diagrams/stage10-infographics/stage10-lesson-140-subroutines.jpg,f15a1c051b3c8b58f073590164f3cdee9c50530b9363d24142ca57bfbf65f1f1,347240
stage10-image,stage10-lesson-141-arrays.jpg,web/assets/diagrams/stage10-infographics/stage10-lesson-141-arrays.jpg,bb4ca37d32ac3d3239cdd9df9e3f92a519b95f705220aff24d88b3a1101966a0,450101
stage10-image,stage10-lesson-141-checklist.jpg,web/assets/diagrams/stage10-infographics/stage10-lesson-141-checklist.jpg,c76b67162c5e73b6dd820317adce7adcc6dbf738c8eeb399b2f62020635e3942,399380
stage10-image,stage10-lesson-141-debugging.jpg,web/assets/diagrams/stage10-infographics/stage10-lesson-141-debugging.jpg,bc233063004c1d3600cfb42e6c449d04b681c382ecbf217afc1eb1405a5468e0,405762
stage10-image,stage10-lesson-141-files.jpg,web/assets/diagrams/stage10-infographics/stage10-lesson-141-files.jpg,2f27d3ddba8ca117f7a5891152ba3a81b2f00d37812ba9001a3cdd2a0bc57eaa,364236
stage10-image,stage10-lesson-141-fragment.jpg,web/assets/diagrams/stage10-infographics/stage10-lesson-141-fragment.jpg,ba574762816caee586a35f27d641670cf6c2ffa797ce873611c2216f3bf6d791,166993
stage10-image,stage10-lesson-141-java.jpg,web/assets/diagrams/stage10-infographics/stage10-lesson-141-java.jpg,643fc3ce27226e1276b5d88861ada7f17b0d1d2ab10f22db2b455ca64f16e388,165160
stage10-image,stage10-lesson-141-review-map.jpg,web/assets/diagrams/stage10-infographics/stage10-lesson-141-review-map.jpg,e93559b2d8ddb455c29d51524a76e1b81ab32b4b43fbff13effedc55d4f42040,415870
stage10-image,stage10-lesson-141-subroutines.jpg,web/assets/diagrams/stage10-infographics/stage10-lesson-141-subroutines.jpg,82229e4839eb000855ed775069322abd748e7978bd8ea131b388796af150baaa,171405
stage10-image,stage10-lesson-141-validation.jpg,web/assets/diagrams/stage10-infographics/stage10-lesson-141-validation.jpg,c8d877e526b3dd15e2d66e5faf715093bdf7358cf58d7ab116d655a2840366d9,159326
stage10-image,stage10-lesson-142-agile.jpg,web/assets/diagrams/stage10-infographics/stage10-lesson-142-agile.jpg,e229cf6b45cf4ae0233729faed5b8f28948cd87baf54c49cf572442012c7a949,539137
stage10-image,stage10-lesson-142-artefacts.jpg,web/assets/diagrams/stage10-infographics/stage10-lesson-142-artefacts.jpg,0e5a67a798ca6fd98e512bd20c7c3500bfd694912b704772c24e9dfb75005359,428311
stage10-image,stage10-lesson-142-compare.jpg,web/assets/diagrams/stage10-infographics/stage10-lesson-142-compare.jpg,d103f38d5fdc44fa9479a908552d9b83d9073c95bb9001babe39e838d20fbcdc,478832
stage10-image,stage10-lesson-142-iterative.jpg,web/assets/diagrams/stage10-infographics/stage10-lesson-142-iterative.jpg,cf3b17b41c0149ad2a7a045280a6f92663441433f714a7d55862e278958c5775,397012
stage10-image,stage10-lesson-142-purpose.jpg,web/assets/diagrams/stage10-infographics/stage10-lesson-142-purpose.jpg,54441a2a14bed6854ba50d34e7d47fc51405767ad72150eb984ea5376ba02248,443122
stage10-image,stage10-lesson-142-rad.jpg,web/assets/diagrams/stage10-infographics/stage10-lesson-142-rad.jpg,9026ce096e5f396838c5f03288eaff93b012d7e494a4fdc2c4cb9926809fd87c,474709
stage10-image,stage10-lesson-142-stages.jpg,web/assets/diagrams/stage10-infographics/stage10-lesson-142-stages.jpg,6d6c86e9f245c2a837288fd9ca48c33d5770dc6aaf1f904fad0d926f875804ad,443764
stage10-image,stage10-lesson-142-waterfall.jpg,web/assets/diagrams/stage10-infographics/stage10-lesson-142-waterfall.jpg,19700e264634dbb279cdc3d7258208e336772bcb71ee9160acf3ebee1e6e67f9,480415
stage10-image,stage10-lesson-143-acceptance.jpg,web/assets/diagrams/stage10-infographics/stage10-lesson-143-acceptance.jpg,df8c6ae3554703f08dd8bba44bf55aa7b1bf2bae9a9225478af277e29896d393,422481
stage10-image,stage10-lesson-143-analysis.jpg,web/assets/diagrams/stage10-infographics/stage10-lesson-143-analysis.jpg,008cf72ea64c44850628f9b1e869d97fa4131bb1a0152c7c1b2aff632dcd2b52,359338
stage10-image,stage10-lesson-143-criteria-tool.jpg,web/assets/diagrams/stage10-infographics/stage10-lesson-143-criteria-tool.jpg,695366cd380efb66301dbb6635fadabf3225d3a964513ce1ea06be9e4bb97029,302862
stage10-image,stage10-lesson-143-functional.jpg,web/assets/diagrams/stage10-infographics/stage10-lesson-143-functional.jpg,ee651787d7914e3d84ebdff7c7f3c3bca80cdf4bab1e680f9766bb981ff7c10c,399712
stage10-image,stage10-lesson-143-non-functional.jpg,web/assets/diagrams/stage10-infographics/stage10-lesson-143-non-functional.jpg,a3abfbb23969798f75d3000108add444eca8e759136536c63d33b8463c4275c4,403854
stage10-image,stage10-lesson-143-rewriter.jpg,web/assets/diagrams/stage10-infographics/stage10-lesson-143-rewriter.jpg,db9d3f5af565dc21d512d4ac5fe61ac777223293326b78774744a5ad40d02ff3,300766
stage10-image,stage10-lesson-143-stakeholders.jpg,web/assets/diagrams/stage10-infographics/stage10-lesson-143-stakeholders.jpg,17e826a3f3292673180906a0d805f564e6d351586e3632e0b611fa807abb0fd6,406386
stage10-image,stage10-lesson-143-success.jpg,web/assets/diagrams/stage10-infographics/stage10-lesson-143-success.jpg,dccf293db36a8c74a64d6013a9eba0b6c3cceffca99fcf47dbab1e7ae9287d5f,390763
stage10-image,stage10-lesson-144-algorithms.jpg,web/assets/diagrams/stage10-infographics/stage10-lesson-144-algorithms.jpg,d11acdef5331cfd769016abc8583241275207674210f2ad57bfae4263aa13688,175447
stage10-image,stage10-lesson-144-dictionary-tool.jpg,web/assets/diagrams/stage10-infographics/stage10-lesson-144-dictionary-tool.jpg,df59e440245c46e45d091e7fd1c93b261d33079c409d3c668fff20c3043f8048,312911
stage10-image,stage10-lesson-144-dictionary.jpg,web/assets/diagrams/stage10-infographics/stage10-lesson-144-dictionary.jpg,33315f511a4c02921df266bf8b2164cc89533b430bc796a4baee826c41bef6e2,398569
stage10-image,stage10-lesson-144-interfaces.jpg,web/assets/diagrams/stage10-infographics/stage10-lesson-144-interfaces.jpg,e65d2019642c363744eec047bb60e1cba4881a16b1742c5d0d133f4fac53fcfe,380336
stage10-image,stage10-lesson-144-lifecycle.jpg,web/assets/diagrams/stage10-infographics/stage10-lesson-144-lifecycle.jpg,ff9e4e83101cc671fc6ee3ca76ebdff60572343ea5a93f8bef827d15dd82cb9a,406519
stage10-image,stage10-lesson-144-purpose.jpg,web/assets/diagrams/stage10-infographics/stage10-lesson-144-purpose.jpg,3d4a23d11a43af5efb7f8ffb3bb0547cf07e6fce3f7312d16f4f632b48b0885e,413733
stage10-image,stage10-lesson-144-traceability.jpg,web/assets/diagrams/stage10-infographics/stage10-lesson-144-traceability.jpg,e9e3350b02af5d6bb6d21387815cea057df3959fa6a68635c4d120d9af0e35d9,437352
stage10-image,stage10-lesson-145-changeover.jpg,web/assets/diagrams/stage10-infographics/stage10-lesson-145-changeover.jpg,01dc581fb36aaea4dcad72fce747338b290ca16c213422d858b9f3fce97e2aa1,170677
stage10-image,stage10-lesson-145-data-tool.jpg,web/assets/diagrams/stage10-infographics/stage10-lesson-145-data-tool.jpg,b74b9600cfd3ff0d258d99a786f10ea3f80e181c76e67ad27a02ab4b41d640f1,290123
stage10-image,stage10-lesson-145-evaluation.jpg,web/assets/diagrams/stage10-infographics/stage10-lesson-145-evaluation.jpg,6632a954fbe2c097a58f17b1c8503d0039d501a35e83ccc253c6a0aae2e7cc5a,150148
stage10-image,stage10-lesson-145-implementation.jpg,web/assets/diagrams/stage10-infographics/stage10-lesson-145-implementation.jpg,937750402be8a92fbea3df415f5cf4c34c8018aead698e67a34b22ef4ca7af6c,375802
stage10-image,stage10-lesson-145-maintenance.jpg,web/assets/diagrams/stage10-infographics/stage10-lesson-145-maintenance.jpg,e17c59940ced6699dc69d9eb3decd9f8b13314ac4db0038fefaf2203fb43b6cf,387458
stage10-image,stage10-lesson-145-stage-tool.jpg,web/assets/diagrams/stage10-infographics/stage10-lesson-145-stage-tool.jpg,e3cdfb9a79c33f4e6e743b8e9c731d8be4ada051fa26732046e4caaf691c7db6,333863
stage10-image,stage10-lesson-145-test-data.jpg,web/assets/diagrams/stage10-infographics/stage10-lesson-145-test-data.jpg,d3b76a8e3456869455353686e28d7d7d5a2bacb74f98a436005921108877c987,405807
stage10-image,stage10-lesson-145-testing.jpg,web/assets/diagrams/stage10-infographics/stage10-lesson-145-testing.jpg,c8b410acdbec3c59d4b85ab27f14ebbd640428e99e12f9171e8bb7541ed0dea6,422256
stage10-image,stage10-lesson-146-analysis.jpg,web/assets/diagrams/stage10-infographics/stage10-lesson-146-analysis.jpg,0b5e39cd5a88dd111ebd80afc0432c5535ae11c60d5e6f380fd0805a0897b362,413199
stage10-image,stage10-lesson-146-answer-tool.jpg,web/assets/diagrams/stage10-infographics/stage10-lesson-146-answer-tool.jpg,9bf1f4ee373467b543d9faacf4719f6cdc8e36fc4e7a1bd58c318e3d51a2f25f,363177
stage10-image,stage10-lesson-146-case-tool.jpg,web/assets/diagrams/stage10-infographics/stage10-lesson-146-case-tool.jpg,47353bb3307ec73b659d4528b23e74bf984e838bcd89b1786445074e5df2aaad,339024
stage10-image,stage10-lesson-146-case.jpg,web/assets/diagrams/stage10-infographics/stage10-lesson-146-case.jpg,574ab40c5afa7a4adf89f32aab8fc85646f25b6ccafc095e023cf6d68c8e1a2a,431339
stage10-image,stage10-lesson-146-commands.jpg,web/assets/diagrams/stage10-infographics/stage10-lesson-146-commands.jpg,c453e67b5520e84399dc118ddf3b93dacfcaba508007963758adab61a4d612a8,149857
stage10-image,stage10-lesson-146-design.jpg,web/assets/diagrams/stage10-infographics/stage10-lesson-146-design.jpg,8d289c5bf8d4d209a17e996342fbe92d658c1bb4f5ca25356812c15e6911890d,444521
stage10-image,stage10-lesson-146-evaluation.jpg,web/assets/diagrams/stage10-infographics/stage10-lesson-146-evaluation.jpg,4f099b06e1129579330d71c054b955eef5c3b14309b33b791815854ff58ba6ee,437648
stage10-image,stage10-lesson-146-lifecycle.jpg,web/assets/diagrams/stage10-infographics/stage10-lesson-146-lifecycle.jpg,cf0a745642b1e2b167bb03e5e7c320f500bbfb980faec5d76e8905985b9003a3,153104
stage10-image,stage10-lesson-146-testing.jpg,web/assets/diagrams/stage10-infographics/stage10-lesson-146-testing.jpg,444f9d7a3f53c3b26383d83366599d5501a16552bee4ce036824bc2e242ad382,166479
stage10-image,stage10-lesson-147-algorithms.jpg,web/assets/diagrams/stage10-infographics/stage10-lesson-147-algorithms.jpg,7699db879d9019d5b642e125419de6044ce256a77f10ca8a671f2b45134dd9ae,461895
stage10-image,stage10-lesson-147-files.jpg,web/assets/diagrams/stage10-infographics/stage10-lesson-147-files.jpg,fcc1267a9d26f19522824486a020d2e34bb854e5d4feaa520f29e19e234ff270,402012
stage10-image,stage10-lesson-147-selection.jpg,web/assets/diagrams/stage10-infographics/stage10-lesson-147-selection.jpg,bead467a7abfd1be346d40faa62199894361b6170185b2ba0e43c848d1a38603,359639
stage10-image,stage10-lesson-147-strategy.jpg,web/assets/diagrams/stage10-infographics/stage10-lesson-147-strategy.jpg,429e7d4f2c6e01f59152790bd28ecd60669aff5d3e66f472075ef725c21cd2e8,458249
stage10-image,stage10-lesson-147-structure-tool.jpg,web/assets/diagrams/stage10-infographics/stage10-lesson-147-structure-tool.jpg,7c81a2af7e3415dc02fbe375e2234e371282c2c6b0b36c483a3b7113dbbaea9e,357700
stage10-image,stage10-lesson-147-structures.jpg,web/assets/diagrams/stage10-infographics/stage10-lesson-147-structures.jpg,d153317cf50365e9bccac1a55d8091d134042a4b019a257db183d46b27192830,144289
stage10-image,stage10-lesson-147-trace-tool.jpg,web/assets/diagrams/stage10-infographics/stage10-lesson-147-trace-tool.jpg,537add09e62eb311ba98225efaf869971819681c32bc3c2f7ba32a3efbea8f26,308602
stage10-image,stage10-lesson-148-construct-tool.jpg,web/assets/diagrams/stage10-infographics/stage10-lesson-148-construct-tool.jpg,9433ad6422fce51af7ca9da4bb21f1f79b227357a0f706b811badfcc6c483809,296305
stage10-image,stage10-lesson-148-constructs.jpg,web/assets/diagrams/stage10-infographics/stage10-lesson-148-constructs.jpg,a9e6801db6b434f7a6e7dfee890efc241d126763e7ba4cb6ed752663f4b224b1,428001
stage10-image,stage10-lesson-148-file-tool.jpg,web/assets/diagrams/stage10-infographics/stage10-lesson-148-file-tool.jpg,09265c2ecaa0e42feaf5a4579b773e743063a0f048e688a794b989c2bb3ef988,325070
stage10-image,stage10-lesson-148-files.jpg,web/assets/diagrams/stage10-infographics/stage10-lesson-148-files.jpg,309e6e4372ebb1668b2e39ffba935b6969b2fa132708394a65077cd372a7c2eb,388640
stage10-image,stage10-lesson-148-iteration.jpg,web/assets/diagrams/stage10-infographics/stage10-lesson-148-iteration.jpg,f43d18cf1f41abf420e1b5b1fc99d3616efa05a31e147c6158d5105698f599b4,390371
stage10-image,stage10-lesson-148-selection.jpg,web/assets/diagrams/stage10-infographics/stage10-lesson-148-selection.jpg,8bce8b1c87f7573e9b40166184d249fae5ca62e72d97aaa826e9ee8b9860def4,152438
stage10-image,stage10-lesson-148-subprograms.jpg,web/assets/diagrams/stage10-infographics/stage10-lesson-148-subprograms.jpg,fea73f95bb8043f7f6a7a67b0dcda0c6c3080b586edf6ec0bead362bb2641eb0,164611
stage10-image,stage10-lesson-148-validation.jpg,web/assets/diagrams/stage10-infographics/stage10-lesson-148-validation.jpg,bb17ada525452d0e00aa4966c7d9e251b850bc18ec48084f90359bbc96c7c001,423710
stage10-image,stage10-lesson-149-constructs.jpg,web/assets/diagrams/stage10-infographics/stage10-lesson-149-constructs.jpg,2a1c5a7a973167d66b5f8c3fc1a5bb48e98522b40369b09a310e73c83575957d,166092
stage10-image,stage10-lesson-149-method.jpg,web/assets/diagrams/stage10-infographics/stage10-lesson-149-method.jpg,8bebc5621b1f3dc986e0f716cf541355da4ab8e3a10d0916f3e6385d864cf71d,367797
stage10-image,stage10-lesson-149-quality.jpg,web/assets/diagrams/stage10-infographics/stage10-lesson-149-quality.jpg,bd5bde6d067fbf48ca65014c0e6da5c6ca068eb35685b0d5169ac04486d502d9,411141
stage10-image,stage10-lesson-149-skeleton-tool.jpg,web/assets/diagrams/stage10-infographics/stage10-lesson-149-skeleton-tool.jpg,dd2cd7a52c6d0067235c3d04c78fb200edc50db81e33fcd7280334d7fe89dab3,325933
stage10-image,stage10-lesson-149-timer-tool.jpg,web/assets/diagrams/stage10-infographics/stage10-lesson-149-timer-tool.jpg,ba58bf2a8bcc95bf41d5b00bb45c535c0bf428f450afbf6c79b589002b127dc8,347613
stage10-image,stage10-lesson-149-timing.jpg,web/assets/diagrams/stage10-infographics/stage10-lesson-149-timing.jpg,eba580e42df97444d5aa075f12420b1b80792fabb3f008a01e7328ff2f3b8500,188798
stage10-image,stage10-lesson-150-correction.jpg,web/assets/diagrams/stage10-infographics/stage10-lesson-150-correction.jpg,3e42201fa071a928fdbdbfed833d6cf7dc3a12f8043c43b6d1439a20674536a2,343980
stage10-image,stage10-lesson-150-marking.jpg,web/assets/diagrams/stage10-infographics/stage10-lesson-150-marking.jpg,1c45cec52d04e1f0d6f25fc5cdcc7729ecbeaa16e95b074d374ddf4bfab23c4b,427451
stage10-image,stage10-lesson-150-sections.jpg,web/assets/diagrams/stage10-infographics/stage10-lesson-150-sections.jpg,433d8efb80b575cb1edc717c451c5072bfffd259b0bb2dd59cd1cdd3e8689802,409991
stage10-image,stage10-lesson-150-triage.jpg,web/assets/diagrams/stage10-infographics/stage10-lesson-150-triage.jpg,964699fd2b7a0451b8fe77935e774925a593bd4bcdbf6917c2c0272167d16771,384130
