lesson,visual_id,section_id,method,topic,required_facts,content_hash,asset_identity_status,independent_pass_1,independent_pass_2,semantic_status,defect_ids,notes
001,explanation-knowledge-img-1,explanation-knowledge,Raster image,Academic knowledge-point infographic explaining The storage ladder with a structured visual model.,bit 0 or 1 nibble 4 bits byte 8 bits = 2 nibbles KiB 1024 bytes MiB 1024 KiB GiB 1024 MiB TiB 1024 GiB,0eb0e6bebe8bdb48bb7b54eed34e267517cfb1451ee60436a6f761d2dc6ac009,Pass,PendingIndependentPixelReview,PendingBlindReverseReview,Pending,,
002,bitVisual,converter,HTML/CSS,Interactive place-value visual,Interactive place-value visual,caa5cd27f5c8b9c1fd6908e0fc71401fa957d7fb33e1ffc8ca196a55438dcfb5,Pass,PendingIndependentSemanticReview,NotApplicable,Pending,,
002,explanation-knowledge-img-1,explanation-knowledge,Raster image,Academic knowledge-point infographic explaining 8-bit binary place values with a structured visual model.,Bit position 7 6 5 4 3 2 1 0 Place value 128 64 32 16 8 4 2 1 Example bits 1 0 1 1 0 1 1 0 Count? yes no yes yes no yes yes no 10110110₂ = 128 + 32 + 16 + 4 + 2 = 182₁₀,e72b779b5b32b9ad37a30f093d0d7fcd1213c3fe91417816da85568f05afdd21,Pass,PendingIndependentPixelReview,PendingBlindReverseReview,Pending,,
002,explanation-methods-img-1,explanation-methods,Raster image,"Academic knowledge-point infographic explaining Two conversion directions, two reliable methods with a structured visual model.","Binary to denary Write the place-value row: 128, 64, 32, 16, 8, 4, 2, 1. Place the binary digits under the row. Add only the values with a 1 above them. Label the answer as denary. Denary to binary Start at 128 and move right. Write 1 if the place value fits into the remaining number. Subtract that place value when a 1 is used. Write 0 when it does not fit.",686821bdd2b834bdb675d840706cde5e80809da815fcf080a993e28cdcb83895,Pass,PendingIndependentPixelReview,PendingBlindReverseReview,Pending,,
002,explanation-range-img-1,explanation-range,Raster image,Academic knowledge-point infographic explaining Range and leading zeros with a structured visual model.,Smallest 8-bit value 00000000₂ = 0₁₀ All place values are off. Largest 8-bit value 11111111₂ = 255₁₀ All place values are on: 128 + 64 + 32 + 16 + 8 + 4 + 2 + 1. Leading zeros 00000111₂ = 111₂ = 7₁₀ Leading zeros preserve fixed bit width; they do not change the value.,4b918a15c3aa6d6501865c7e8b4aacd9dd148a8519be27ba9b890497f06b9c7a,Pass,PendingIndependentPixelReview,PendingBlindReverseReview,Pending,,
002,explanation-systems-img-1,explanation-systems,Raster image,Academic knowledge-point infographic explaining Three ways to represent negative binary values with a structured visual model.,"Positive 23 in 8 bits is 00010111. The 8-bit sign-and-magnitude representation of -23 is 10010111. The 8-bit one's-complement representation of -23 is 11101000. The 8-bit two's-complement representation of -23 is 11101001. Every input, intermediate state and result must contain exactly 8 bits.",65b4862ba2d9d28bd8bced796f285f8f9d1e2b35c9689399bcc7be9e0155c236,Pass,PendingIndependentPixelReview,PendingBlindReverseReview,Pending,,
003,explanation-digits-img-1,explanation-digits,Raster image,Academic knowledge-point infographic explaining Hexadecimal digits: 0-9 then A-F with a structured visual model.,nibble 4-bit group,5c2252c8aea315ac002a9caad75dafc0be62aa817723668b3b0420a6e5ef26ca,Pass,PendingIndependentPixelReview,PendingBlindReverseReview,Pending,,
003,explanation-grouping-img-1,explanation-grouping,Raster image,Academic knowledge-point infographic explaining One hex digit represents one nibble with a structured visual model.,"Why four bits? Four bits can represent 16 patterns: from 0000₂ to 1111₂. Hexadecimal has exactly 16 digits: 0 to F. Binary to hex Group the binary value into nibbles from the right. Convert each nibble separately. Hex to binary Replace each hex digit with its 4-bit binary nibble. Keep all four bits for each digit. 1101₂ = D₁₆ and 0110₂ = 6₁₆, so 1101 0110₂ = D6₁₆.",7b27ce461ce62bd56a03b3302fea3a02e1a13973517f6a999a43f03265037b36,Pass,PendingIndependentPixelReview,PendingBlindReverseReview,Pending,,
003,explanation-padding-img-1,explanation-padding,Raster image,Academic knowledge-point infographic explaining Padding with leading zeros with a structured visual model.,"When padding is needed If the leftmost group has fewer than four bits, add leading zeros to complete the nibble. 101101₂ → 0010 1101₂ → 2D₁₆ The value does not change because leading zeros do not add active place values. Base labels 10 could mean denary ten or binary two. Use base labels when the notation could be ambiguous.",79d7f40743af574010e802ad694527af08b8c9226a67d80e9e88995cdb9f9fa3,Pass,PendingIndependentPixelReview,PendingBlindReverseReview,Pending,,
003,nibbleVisual,converter,HTML/CSS,Nibble grouping visual,Nibble grouping visual,f0eeffc02c57adcbf66e3d093499d58b6cc0124510cf6bfbf6e290440d9eae07,Pass,PendingIndependentSemanticReview,NotApplicable,Pending,,
004,additionVisual,adder,HTML/CSS,Binary addition visual,Binary addition visual,dbf5e28ddbe0e9ee2d642f6d8670d5977d9810889ebd1cd2144d0d747db9e91a,Pass,PendingIndependentSemanticReview,NotApplicable,Pending,,
004,explanation-method-img-1,explanation-method,Raster image,Academic knowledge-point infographic explaining 8-bit addition method with a structured visual model.,"Align the two 8-bit operands and start at the rightmost column. Add both bits and any carry-in; write the result bit and carry 1 left when required. For unsigned addition, a carry-out beyond bit 7 means the true sum needs more than 8 bits. Without a carry-out, the stored 8-bit result remains within the unsigned range 0 to 255. A leftmost result bit of 1 is not by itself evidence of unsigned overflow.",a2bd3fb011b5df401b14b1f63ec65c9e74133147097477459b0cb14badc951e5,Pass,PendingIndependentPixelReview,PendingBlindReverseReview,Pending,,
004,explanation-overflow-img-1,explanation-overflow,Raster image,Academic knowledge-point infographic explaining Unsigned 8-bit overflow with a structured visual model.,"00000000₂ to 11111111₂ = 0 to 255 An unsigned 8-bit result cannot store a value above 255. Carry-out 11110000₂ + 00010000₂ = 1 00000000₂ The ninth bit is a carry-out beyond the 8-bit storage width. Boundary warning 01111111₂ + 00000001₂ = 10000000₂ No unsigned overflow: the result is 128, which still fits in 8 bits.",b2823c82368a9a13f12164b5e3804f05c48b9c20491de9e21f6f9a22bced70d1,Pass,PendingIndependentPixelReview,PendingBlindReverseReview,Pending,,
004,explanation-rules-img-1,explanation-rules,Raster image,Academic knowledge-point infographic explaining Single-bit addition rules with a structured visual model.,"A full-adder truth table has eight A, B and carry-in combinations. 000 gives sum 0 carry 0; 001 and 010 give sum 1 carry 0; 011 gives sum 0 carry 1. 100 gives sum 1 carry 0; 101 and 110 give sum 0 carry 1; 111 gives sum 1 carry 1.",9a376fb183c776fa8347fff900ac7138cbd201f9e1864d2ec92c67ca2cba4320,Pass,PendingIndependentPixelReview,PendingBlindReverseReview,Pending,,
005,bitVisual,converter,HTML/CSS,Two's complement bit visual,Two's complement bit visual,6856a3be266c7e2e6676afb1a92afdbb20cc2785a7a3fd68b9e40d2ed9e6754b,Pass,PendingIndependentSemanticReview,NotApplicable,Pending,,
005,explanation-range-img-1,explanation-range,Raster image,Academic knowledge-point infographic explaining 8-bit signed ranges and zero with a structured visual model.,Sign-and-magnitude uses one sign bit and seven magnitude bits; its range is -127 to +127 and it has two zero patterns. One's complement forms a negative value by inverting all eight bits; its range is -127 to +127 and it has two zero patterns. Two's complement uses all eight bits as one weighted value with MSB place value -128. The 8-bit two's-complement range is -128 to +127 and it has one zero pattern. One's complement and two's complement do not store a separate magnitude field.,0c99bb792d06161975113b1f68ae1fe6db5f2714ea744ad7c2a28cfed3a78e04,Pass,PendingIndependentPixelReview,PendingBlindReverseReview,Pending,,
005,explanation-twos-img-1,explanation-twos,Raster image,Academic knowledge-point infographic explaining Two’s complement method with a structured visual model.,"Write the positive magnitude using exactly 8 bits. Invert every bit, then add 1 to form the negative two's-complement value. For +45: 00101101 becomes 11010010 after inversion, then 11010011 after adding 1. The 8-bit value 11010011 represents -45 in two's complement. When the MSB is 1, quick decode uses unsigned value minus 256.",f2093e3f7484f23bdf1803216a1cde34adfc15f113302fe26c046097748ac7b3,Pass,PendingIndependentPixelReview,PendingBlindReverseReview,Pending,,
006,bitVisual,tool,HTML/CSS,Binary fraction bit visual,Binary fraction bit visual,ff70d9388abb66df24bdf9d0ea6322ec64ed779b4e10c170a4b4bbd352ccc3c9,Pass,PendingIndependentSemanticReview,NotApplicable,Pending,,
006,explanation-convert-img-1,explanation-convert,Raster image,Academic knowledge-point infographic explaining Converting simple binary fractions with a structured visual model.,"Binary fractional place values are 1/2, 1/4, 1/8 and 1/16 from left to right. 0.1010 binary equals 1/2 + 1/8 = 0.625 denary. 0.1100 binary equals 1/2 + 1/4 = 0.75 denary.",1cd7892932e9ad36cf3413a77cc8205b0b72c38c5f22775be7d5305c35d7aeb6,Pass,PendingIndependentPixelReview,PendingBlindReverseReview,Pending,,
006,explanation-point-img-1,explanation-point,Raster image,Academic knowledge-point infographic explaining Binary fractional place value with a structured visual model.,Example 10.101₂ 10.101₂ = 2 + 1/2 + 1/8 = 2.625₁₀,296f42e917be5195e877e35121baeec1fc8e2baa9bdf4b610bdbae9c1004b154,Pass,PendingIndependentPixelReview,PendingBlindReverseReview,Pending,,
006,explanation-precision-img-1,explanation-precision,Raster image,Academic knowledge-point infographic explaining Precision limits: why computers sometimes approximate with a structured visual model.,"0.75 denary equals 0.1100 binary exactly. With four fractional bits, truncating 0.1 gives 0.0001 binary, which equals 0.0625 denary. The truncation error is 0.0375. Rounding 0.1 to the nearest four-bit fractional value gives 0.0010 binary, which equals 0.125 denary. The rounding error is 0.025, so 0.125 is nearer to 0.1 than 0.0625.",75b53bfc85744cf54ebf3934d790480cc73e31cbc1c554cfbb28bf2981969d26,Pass,PendingIndependentPixelReview,PendingBlindReverseReview,Pending,,
007,byteVisual,tool,HTML/CSS,Character byte visual,Character byte visual,a35876b7e754e48669c2b1f20b165b0018c5ce661c5e62eead6e6a704a396d81,Pass,PendingIndependentSemanticReview,NotApplicable,Pending,,
007,explanation-ascii-img-1,explanation-ascii,Raster image,Academic knowledge-point infographic explaining ASCII and extended ASCII with a structured visual model.,"Standard ASCII Uses 7 bits, so it can represent 2⁷ = 128 possible codes. It covers common English letters, digits, punctuation and control characters. Extended ASCII Uses 8 bits, so it can represent 2⁸ = 256 possible codes. It adds extra characters, but still cannot cover the world’s writing systems. Character Denary code 8-bit binary Exam note 01000001 Example only; no need to memorise.",b64c0d43334e59d57a013b1a3a30c6bae365c2af04adc63eb582f02c62b77f95,Pass,PendingIndependentPixelReview,PendingBlindReverseReview,Pending,,
007,explanation-concept-img-1,explanation-concept,Raster image,Academic knowledge-point infographic explaining What a character set actually does with a structured visual model.,"Character Character set A defined collection of characters and the code assigned to each character. Character code The numeric value used to represent a character inside the computer. Binary storage The numeric code is stored using bits, for example 65₁₀ = 01000001₂.",c5c07dedfdbd46385f59d4047fecfd6ab5202b83d2aa82e1e8fef8a99461d56d,Pass,PendingIndependentPixelReview,PendingBlindReverseReview,Pending,,
007,explanation-encoding-img-1,explanation-encoding,Raster image,Academic knowledge-point infographic explaining Character set vs encoding with a structured visual model.,"Character set Defines the characters and their code points or code values. Example idea: A has a defined code in ASCII and Unicode. Encoding Defines how those codes are stored as bytes. For AS exam answers, keep this distinction simple unless the question gives a specific encoding. A good exam sentence: “Unicode can represent a wider range of characters, so it is more suitable for multilingual text.”",50cbdfcbf37160f73dd32655b5798d2201ad77f353e77bbe69cab08df5f965ca,Pass,PendingIndependentPixelReview,PendingBlindReverseReview,Pending,,
007,explanation-unicode-img-1,explanation-unicode,Raster image,"Academic knowledge-point infographic explaining Unicode: more characters, more global use with a structured visual model.","Unicode is designed to represent characters from many languages and symbol systems. Unicode supports far more characters than ASCII, including Chinese characters and many symbols. Trade-off More possible characters may require more bits per character, depending on the encoding used. Emoji are characters assigned Unicode code points and rendered by software using available fonts or graphics.",c9df8464d4d30ead41517c98da6cd77b8f5236272dab9ed7d64f3c7560099325,Pass,PendingIndependentPixelReview,PendingBlindReverseReview,Pending,,
008,explanation-depth-img-1,explanation-depth,Raster image,Academic knowledge-point infographic explaining Colour depth: bits per pixel with a structured visual model.,"1-bit colour 2¹ = 2 possible colours. Useful for black/white examples. 4-bit colour 2⁴ = 16 possible colours. 8-bit colour 2⁸ = 256 possible colours. 24-bit colour 2²⁴ = 16 777 216 possible colours. Higher colour depth allows more possible colours, but it cannot add detail that is absent from the original image.",d366088db33d49911a62e8a0c7c7606713397c95cb1e5694b811b3950ebcffef,Pass,PendingIndependentPixelReview,PendingBlindReverseReview,Pending,,
008,explanation-formula-img-1,explanation-formula,Raster image,Academic knowledge-point infographic explaining Bitmap file size formula with a structured visual model.,file size in bits = width × height × colour depth file size in bytes = bits ÷ 8 100 × 80 × 8 = 64 000 bits = 8000 bytes,fd452fdda21a1c6b7603223d908bffd6b0494738df7eb418a99080146cd242f1,Pass,PendingIndependentPixelReview,PendingBlindReverseReview,Pending,,
008,explanation-pixels-img-1,explanation-pixels,Raster image,Academic knowledge-point infographic explaining Bitmap file header and pixel data with a structured visual model.,"A bitmap file contains a file header and pixel data. The file header stores metadata needed to interpret the bitmap; it is not an image pixel. Pixel-data size is width x height x colour depth. When a question says to ignore the file header, do not add metadata bytes to the pixel-data calculation.",0b3788b4986663b021dc239e9e32a03c50f8b4007d3d34ee0ff5944d88e68b80,Pass,PendingIndependentPixelReview,PendingBlindReverseReview,Pending,,
008,explanation-resolution-img-1,explanation-resolution,Raster image,Academic knowledge-point infographic explaining Resolution: width × height with a structured visual model.,Pixel dimensions 100 × 80 means 100 pixels across and 80 pixels down. Total pixels: 100 × 80 = 8000. Quality effect Higher resolution can show more detail because more pixels are stored. It also increases file size if colour depth stays the same. Click pixels to toggle them. Each square is one stored picture element.,9bc1dbc6f935871bdb27b97846a2e928c2b4e297e26c362a33498f0831cd6a1b,Pass,PendingIndependentPixelReview,PendingBlindReverseReview,Pending,,
009,explanation-chain-img-1,explanation-chain,Raster image,Academic knowledge-point infographic explaining The calculation chain with a structured visual model.,1. Pixels width × height pixels × colour depth 3. Bytes bits ÷ 8 4. Metadata add only if the question includes it 100 × 80 × 8 = 64 000 bits = 8000 bytes,3693c3fb889b8a6aee1721795e53d21d444a75e9c9c5d1b238dc4cc8e181662b,Pass,PendingIndependentPixelReview,PendingBlindReverseReview,Pending,,
009,explanation-metadata-img-1,explanation-metadata,Raster image,"Academic knowledge-point infographic explaining Metadata is data about the image, not the pixels themselves with a structured visual model.","Examples Width, height, colour depth, file type, date created, camera model, location data or thumbnail data. Metadata helps software interpret, organise, search or display the image correctly. Calculation rule Add metadata size only when the question gives it and asks for total file size. Exam wording matters: “ignore metadata” means pixel data only.",282ac4e9c0af637bd2b52d451043788deb4ae9360054d4f3f66d635d88876585,Pass,PendingIndependentPixelReview,PendingBlindReverseReview,Pending,,
009,explanation-units-img-1,explanation-units,Raster image,Academic knowledge-point infographic explaining Units: do not trip at the finish line with a structured visual model.,"When a formula gives a size in bits, divide by 8 to convert to bytes. When binary units are required, divide bytes by 1024 for KiB and continue by factors of 1024. A quantity may already be supplied in bytes or a larger unit; not every measurement starts as bits.",a286d58e6546d1d99e0621d1cb419b439feb05a8725de1f4aa4cf2de9db2b86e,Pass,PendingIndependentPixelReview,PendingBlindReverseReview,Pending,,
010,explanation-drawing-list-img-1,explanation-drawing-list,Raster image,"Academic knowledge-point infographic explaining Vector drawing list: objects, properties and redrawing with a structured visual model.","A vector graphic stores a drawing list of drawing objects rather than a fixed grid of pixels. Each object stores properties such as type, coordinates, dimensions, line colour, fill colour and line thickness. Software follows the instructions to redraw the objects at the required size without pixelation.",251add53856d346bbc145daf4056baf84d8fc1bd11a94aecc88be2aad1e4d465,Pass,PendingIndependentPixelReview,PendingBlindReverseReview,Pending,,
010,model-svg-1,model,Inline SVG,A red circle and blue rectangle reconstructed from drawing-object properties,A red circle and blue rectangle reconstructed from drawing-object properties,d2bb7a68dd38ec36da968e5057078aa1507c8b26ae7aa5c758f8fbf86272efbe,Pass,PendingIndependentSemanticReview,NotApplicable,Pending,,
011,explanation-duration-img-1,explanation-duration,Raster image,Academic knowledge-point infographic explaining Duration: how long the sound lasts with a structured visual model.,"Seconds matter A 10-second clip stores ten times as many samples as a 1-second clip if the sample rate is unchanged. Mono for today This lesson uses mono sound, so there is one channel. Stereo channels are handled in the next calculation lesson.",f516c14bdd7729ee33926870d918c59bd3d463165f33d2b460be74d26c6127f0,Pass,PendingIndependentPixelReview,PendingBlindReverseReview,Pending,,
011,explanation-formula-img-1,explanation-formula,Raster image,Academic knowledge-point infographic explaining Basic mono sound file size formula with a structured visual model.,size in bits = sampling rate × sampling resolution × duration size in bytes = bits ÷ 8 8000 × 16 × 10 = 1 280 000 bits = 160 000 bytes,7638e72c2690cb9d8ed4546703a43fe454dde473afd588476d0b892ebdebf7ef,Pass,PendingIndependentPixelReview,PendingBlindReverseReview,Pending,,
011,explanation-rate-img-1,explanation-rate,Raster image,Academic knowledge-point infographic explaining Sampling rate: samples per second with a structured visual model.,"Definition Sampling rate is the number of samples taken each second. It is commonly measured in hertz, Hz. A higher sampling rate records more measurements each second. This can improve accuracy, but increases file size.",fdbf245149dbcb5fc0fa070e7fac6fb2432555d8868585d6a1de624df05d1cff,Pass,PendingIndependentPixelReview,PendingBlindReverseReview,Pending,,
011,explanation-resolution-img-1,explanation-resolution,Raster image,Academic knowledge-point infographic explaining Sampling resolution: bits per sample with a structured visual model.,"Sampling resolution is the official syllabus term; sample resolution is a common synonym. An 8-bit sampling resolution provides 2^8 = 256 possible amplitude levels. A 16-bit sampling resolution provides 2^16 = 65,536 possible amplitude levels. More bits per sample can represent amplitude more precisely, but use more storage.",e379de6321c0be1f4ce19996b407ea718765b83e81ce81270c8a5cfa29939f22,Pass,PendingIndependentPixelReview,PendingBlindReverseReview,Pending,,
011,explanation-sampling-img-1,explanation-sampling,Raster image,Academic knowledge-point infographic explaining Sampling turns an analogue wave into digital values with a structured visual model.,Analogue sound A continuous wave. The pressure changes smoothly over time. A measurement of the wave amplitude at one moment in time. Digital sound A sequence of sample values stored as binary numbers.,aa5b0c0c7aa09c194add92269f5b058d0f136c3792c857ce05be1fe825e2238f,Pass,PendingIndependentPixelReview,PendingBlindReverseReview,Pending,,
011,overview-svg-1,overview,Inline SVG,Sampled sound wave,Sampled sound wave,5f5bcc08bc169920182de60b863bcdbcd3fe523597ba84313b4763425913756c,Pass,PendingIndependentSemanticReview,NotApplicable,Pending,,
012,explanation-channels-img-1,explanation-channels,Raster image,Academic knowledge-point infographic explaining Channels: mono and stereo with a structured visual model.,"One channel of audio. Use channel factor 1. rate × resolution × duration × 1 Two channels, commonly left and right. Use channel factor 2. rate × resolution × duration × 2",51b8431e71e2fa114b65ff5e8c2e3cd40bfb21241a6ee30d6bbc126fab2b22bb,Pass,PendingIndependentPixelReview,PendingBlindReverseReview,Pending,,
012,explanation-formula-img-1,explanation-formula,Raster image,Academic knowledge-point infographic explaining The full uncompressed sound formula with a structured visual model.,"size in bits = sampling rate × sampling resolution × duration × channels size in bytes = bits ÷ 8 KiB = bytes ÷ 1024; MiB = KiB ÷ 1024 Sampling rate samples per second, measured in Hz Sampling resolution bits used for each sample Duration length of the sound in seconds Channels mono = 1, stereo = 2",fea1d31510c9272b6143c096f661c514b53212e492756c82859e634e66f1a5e9,Pass,PendingIndependentPixelReview,PendingBlindReverseReview,Pending,,
012,explanation-tradeoffs-img-1,explanation-tradeoffs,Raster image,Academic knowledge-point infographic explaining Parameter changes and consequences with a structured visual model.,Higher sampling rate More samples per second; may improve accuracy; increases file size. Higher sampling resolution More bits per sample; more amplitude levels; increases file size. Longer duration More seconds of samples; increases file size in direct proportion. More channels More separate audio streams; stereo doubles mono size when other factors match.,750622eda16bc5f069606e8dc917d97b12bb0ba9b055ad6d17470bd213504f42,Pass,PendingIndependentPixelReview,PendingBlindReverseReview,Pending,,
012,explanation-units-img-1,explanation-units,Raster image,Academic knowledge-point infographic explaining Unit conversion without changing the answer with a structured visual model.,The formula gives bits first. 8 bits = 1 byte. 1 KiB = 1024 bytes. 1 MiB = 1024 KiB. Do not divide by 1000 when the question asks for KiB or MiB.,e37efa17e4a0a8a51b33cd35480d63fb746c2cc5af5abddcba6918d4428e085d,Pass,PendingIndependentPixelReview,PendingBlindReverseReview,Pending,,
013,explanation-lossless-img-1,explanation-lossless,Raster image,Academic knowledge-point infographic explaining Lossless compression: exact reconstruction with a structured visual model.,"Definition Lossless compression reduces file size while allowing the original data to be restored exactly. Suitable uses Text files, program files, spreadsheets, databases, medical records and backups. If one changed bit could change meaning or break the file, lossless is the safer answer.",0ab4545bba52ace49539b80f7ae07cd57ee0ef036c54aad2c567cda328d021f1,Pass,PendingIndependentPixelReview,PendingBlindReverseReview,Pending,,
013,explanation-lossy-img-1,explanation-lossy,Raster image,"Academic knowledge-point infographic explaining Lossy compression: smaller, but not exact with a structured visual model.","Definition Lossy compression reduces file size by permanently removing some data. Suitable uses Images, video and sound where small quality loss may be acceptable. Lossy is not suitable when exact reconstruction is required.",bfa63d725d86bebee562b6cdc46e66d40b5d84d3b43feed37b54063a444faee5,Pass,PendingIndependentPixelReview,PendingBlindReverseReview,Pending,,
013,explanation-purpose-img-1,explanation-purpose,Raster image,Academic knowledge-point infographic explaining Why compress data? with a structured visual model.,Less storage Smaller files use less disk or memory space. Faster transfer Smaller files need less bandwidth and may download or upload faster. Trade-off Compression and decompression may require processing time.,cc38012ba946c516f6e527d98cfe74e6a64b9254be7ba875de0dc1e0ac8639a5,Pass,PendingIndependentPixelReview,PendingBlindReverseReview,Pending,,
013,explanation-ratio-img-1,explanation-ratio,Raster image,Academic knowledge-point infographic explaining Compression ratio and saved space with a structured visual model.,compression ratio = original size : compressed size percentage saved = ((original - compressed) ÷ original) × 100 Example: 1000 KB → 250 KB gives ratio 4:1 and 75% saved.,c648e1fef2c75615dbfe6bb710ab8f96380c529446197b509b6cc3d08ade00cf,Pass,PendingIndependentPixelReview,PendingBlindReverseReview,Pending,,
014,explanation-dictionary-img-1,explanation-dictionary,Raster image,Academic knowledge-point infographic explaining Dictionary-style compression with a structured visual model.,"Find repeated patterns and store them once in a dictionary. Reference Replace later occurrences with a shorter code or pointer to the dictionary entry. COMPUTER COMPUTER COMPUTER can store COMPUTER once, then use references. Dictionary #1 = COMPUTER Compressed form #1 #1 #1 Decoded form COMPUTER COMPUTER COMPUTER",813525031045b7171bf2b563e3e6849e66ec53549f25949cbb254ca62f716700,Pass,PendingIndependentPixelReview,PendingBlindReverseReview,Pending,,
014,explanation-effectiveness-img-1,explanation-effectiveness,Raster image,Academic knowledge-point infographic explaining When does it help? with a structured visual model.,"RLE helps Long repeated runs, simple graphics, repeated pixels or repeated characters. RLE struggles Alternating or random-looking data with very short runs. Dictionary helps Repeated words, phrases, byte patterns or sequences across the file. Both methods are lossless if the dictionary and encoded data allow exact reconstruction.",daff4b04a7d70fce42bae23da111ad80cb7e3855d4e97e53cab12eec302a6c09,Pass,PendingIndependentPixelReview,PendingBlindReverseReview,Pending,,
014,explanation-rle-img-1,explanation-rle,Raster image,Academic knowledge-point infographic explaining Run-length encoding with a structured visual model.,Encoding rule Replace each consecutive run with count + value. AAAAAABBBBCCCCCCCC → 6A4B8C Decoding rule Expand each count and value back into repeated data. 3A2B1C → AAABBC,56db893cd6217de970b75baa4604a7a1439885eccb4c87ae8928516d4a406941,Pass,PendingIndependentPixelReview,PendingBlindReverseReview,Pending,,
015,explanation-cases-img-1,explanation-cases,Raster image,Academic knowledge-point infographic explaining System cases with a structured visual model.,Multilingual chat app Use Unicode so messages can include characters from many languages. Sensor logger Use enough bits and signed representation if values may be negative. Website thumbnail Lower resolution and lossy compression may be acceptable to reduce transfer time. Legal archive Use lossless compression because exact reconstruction is required.,52ae047e5d427728da72bdb2601e25e58a7befd7c443d73a442118ac6eae54ba,Pass,PendingIndependentPixelReview,PendingBlindReverseReview,Pending,,
015,explanation-framework-img-1,explanation-framework,Raster image,Academic knowledge-point infographic explaining A decision framework with a structured visual model.,"1. What data? Integer, signed value, text, image, sound or repeated data. 2. What range? Check minimum, maximum, precision and whether negative values are possible. 3. What quality? Choose resolution, colour depth, sample rate or sampling resolution only as high as needed. 4. What constraints? Storage, bandwidth, compatibility, exact reconstruction and processing cost.",72b0ed98269602bdd3b4e31475557ceb81185624624d93a01fd22862130fc675,Pass,PendingIndependentPixelReview,PendingBlindReverseReview,Pending,,
015,explanation-tradeoffs-img-1,explanation-tradeoffs,Raster image,Academic knowledge-point infographic explaining Useful trade-off sentences with a structured visual model.,"Higher image resolution or colour depth can improve image quality and increases image file size. Higher sample rate or sample resolution can improve sound accuracy and increases audio file size. Use an audio or neutral data-file symbol for sound data, not an image-file thumbnail.",fe77eae18bbe0c427d349b36e517aeaa3dc747d28a966295d4ccdcf6e361b117,Pass,PendingIndependentPixelReview,PendingBlindReverseReview,Pending,,
016,explanation-methods-img-1,explanation-methods,Raster image,Academic knowledge-point infographic explaining Section 1 method bank with a structured visual model.,"Storage units 1 KiB = 1024 bytes. 1 MiB = 1024 KiB. Decimal prefixes use 1000, binary prefixes use 1024. Binary to denary Add active place values. For 8-bit unsigned, range is 0 to 255. File size Image bits = width x height x colour depth. Sound bits = sample rate x sampling resolution x duration x channels. Compression choice Lossless allows exact reconstruction. Lossy removes data permanently but can reduce file size more.",91f5f22a937f5cedce832eb70ce86bab3afd672ef52d4a61580af91e9ae9d612,Pass,PendingIndependentPixelReview,PendingBlindReverseReview,Pending,,
016,explanation-sprint-img-1,explanation-sprint,Raster image,Academic knowledge-point infographic explaining Six-minute review sprint with a structured visual model.,"Timed section Use the timer for a short retrieval round. The goal is not panic; the goal is clean method under a clock. Convert 10101100 to denary. Calculate the size in bits of a 100 x 50 bitmap image with 8-bit colour depth. State why Unicode is suitable for a multilingual app. Choose lossless or lossy compression for a legal document archive and justify the choice. 1: 172, because 128 + 32 + 8 + 4 = 172. 2: 100 x 50 x 8 = 40 000 bits. 3: Unicode supports a wider range of characters, so it can represent many languages. 4: Lossless, because the document must be reconstructed exactly.",480047f85c82e66ad61dc69935d56b5443b5779cb10a0a18600a87223f2d1507,Pass,PendingIndependentPixelReview,PendingBlindReverseReview,Pending,,
016,explanation-triage-img-1,explanation-triage,Raster image,Academic knowledge-point infographic explaining Question triage: choose the toolbox first with a structured visual model.,"Number bases Look for binary, denary, hexadecimal, place values, carries, overflow or two's complement. Text representation Look for ASCII, Unicode, character set, character code, multilingual text or symbols. Images and sound Look for resolution, colour depth, sampling rate, sampling resolution, duration and file size. Compression Look for lossless, lossy, exact reconstruction, reduced quality, RLE or repeated data.",c3f48b9527f5b18d56cea2c64d67b4516bf1c300ac6d6112dece34e1043fa214,Pass,PendingIndependentPixelReview,PendingBlindReverseReview,Pending,,
017,explanation-lanwan-img-1,explanation-lanwan,Raster image,Academic knowledge-point infographic explaining Why LAN and WAN management differs through a cause-and-effect diagram.,"A LAN usually stays within one organisation's controlled site. A WAN crosses distance and often uses provider-owned infrastructure. More owners and routes add latency, cost and fault-finding complexity.",d3f6c948435488b3d0ed284ba6ec8fde03df99bfd6ab166ce3c7a09171b91791,Pass,PendingIndependentPixelReview,PendingBlindReverseReview,Pending,,
017,explanation-purpose-img-1,explanation-purpose,Raster image,Academic knowledge-point infographic explaining How a shared resource becomes useful through a cause-and-effect diagram.,A device packages a request and names the destination. The network carries that request to the shared resource. One managed resource can then serve many authorised devices.,8eaa1187fc75c7c11251dac97a873466867b83533a56cf914d5aee94cb25038f,Pass,PendingIndependentPixelReview,PendingBlindReverseReview,Pending,,
017,explanation-topologies-img-1,explanation-topologies,Raster image,Academic knowledge-point infographic explaining Why connection patterns change risk through a cause-and-effect diagram.,A topology diagram's link count must match the physical links actually drawn. Alternative paths improve resilience but require additional links and ports. Use one consistent topology in the mechanism and result views; this example has nine links including the inter-switch link.,503c0eba7233fcb2b9313ee715ac7787e475a9dd0a804b134e6061cd8e814979,Pass,PendingIndependentPixelReview,PendingBlindReverseReview,Pending,,
017,topologies-circle-10,topologies,HTML/CSS,Network topologies,Define exact facts for manual review of Network topologies.,d33a57cdd1f5ead5139f4ecc476c207f60465b77b3d23cb10091e840e13c73f9,Pass,PendingIndependentSemanticReview,NotApplicable,Pending,,
017,topologies-circle-11,topologies,HTML/CSS,Network topologies,Define exact facts for manual review of Network topologies.,91685d3a981d203f64546c1b50a03fbb1cadb2d375f0d24fa5f5bacc048503c8,Pass,PendingIndependentSemanticReview,NotApplicable,Pending,,
017,topologies-circle-18,topologies,HTML/CSS,Network topologies,Define exact facts for manual review of Network topologies.,10fd7b8c2e6bb4f69cbc20d34783fd22c8151a0439368d66398d958fa20c3b82,Pass,PendingIndependentSemanticReview,NotApplicable,Pending,,
017,topologies-circle-19,topologies,HTML/CSS,Network topologies,Define exact facts for manual review of Network topologies.,2a988a53df606e170ea664e23cd34ba1e3a3af96cb3ad9d94f691cf9e5bcc17b,Pass,PendingIndependentSemanticReview,NotApplicable,Pending,,
017,topologies-circle-20,topologies,HTML/CSS,Network topologies,Define exact facts for manual review of Network topologies.,754884a743d2cf70f275a9c1d369b5f6394c5f2b65266744c6d9b7d3561ec626,Pass,PendingIndependentSemanticReview,NotApplicable,Pending,,
017,topologies-circle-21,topologies,HTML/CSS,Network topologies,Define exact facts for manual review of Network topologies.,04e67857caae1037c51a27e1f197008267443babff2ac80d34d4ff77e202a52e,Pass,PendingIndependentSemanticReview,NotApplicable,Pending,,
017,topologies-circle-31,topologies,HTML/CSS,Network topologies,Define exact facts for manual review of Network topologies.,3479bad03838500dca1b9cf776400eb1305b101aa12f20eba9606543aa059d85,Pass,PendingIndependentSemanticReview,NotApplicable,Pending,,
017,topologies-circle-32,topologies,HTML/CSS,Network topologies,Define exact facts for manual review of Network topologies.,43ab1f971445e75b59c6dae4719d3d6ad448f7d4390d4b4d51689faf0325719b,Pass,PendingIndependentSemanticReview,NotApplicable,Pending,,
017,topologies-circle-33,topologies,HTML/CSS,Network topologies,Define exact facts for manual review of Network topologies.,924564cac98ba855b85ec30932daebb489120e7aaca164ff505b35dc8b400c57,Pass,PendingIndependentSemanticReview,NotApplicable,Pending,,
017,topologies-circle-34,topologies,HTML/CSS,Network topologies,Define exact facts for manual review of Network topologies.,4c347210877432c6f3c4e0bc7957a667fd207415a68df66056e11d1a77ce3a18,Pass,PendingIndependentSemanticReview,NotApplicable,Pending,,
017,topologies-circle-43,topologies,HTML/CSS,Network topologies,Define exact facts for manual review of Network topologies.,802b9399dc34b60c27e2c4a762af20172ea2ea44dcc4e9981425d4b57ff37bd3,Pass,PendingIndependentSemanticReview,NotApplicable,Pending,,
017,topologies-circle-44,topologies,HTML/CSS,Network topologies,Define exact facts for manual review of Network topologies.,c174aca428bfb5d7db72c079bfde33ad10f241666c1082799e7c210c9721b019,Pass,PendingIndependentSemanticReview,NotApplicable,Pending,,
017,topologies-circle-45,topologies,HTML/CSS,Network topologies,Define exact facts for manual review of Network topologies.,aa908f82bda4b93be2f62fe3052e8b1a76348bb9ab7a43a698c259263ab05bc4,Pass,PendingIndependentSemanticReview,NotApplicable,Pending,,
017,topologies-circle-46,topologies,HTML/CSS,Network topologies,Define exact facts for manual review of Network topologies.,71dae4e8fb682a0bf865a4d04e6db448fa81ae010f28d13488aa1b3db5597c76,Pass,PendingIndependentSemanticReview,NotApplicable,Pending,,
017,topologies-circle-47,topologies,HTML/CSS,Network topologies,Define exact facts for manual review of Network topologies.,26e944a7073afd9f56ada38d28ccb44b801b3da767f833d2fdf48d7f72eb349e,Pass,PendingIndependentSemanticReview,NotApplicable,Pending,,
017,topologies-circle-48,topologies,HTML/CSS,Network topologies,Define exact facts for manual review of Network topologies.,6f8a372f493f515c24608df31783d7fd326a62fba00f467826034865f9c3e1ce,Pass,PendingIndependentSemanticReview,NotApplicable,Pending,,
017,topologies-circle-8,topologies,HTML/CSS,Network topologies,Define exact facts for manual review of Network topologies.,b0f4312150e1b79bbc82334e26874d12aad6dd51c3e0de3ad683b538ad5c45e5,Pass,PendingIndependentSemanticReview,NotApplicable,Pending,,
017,topologies-circle-9,topologies,HTML/CSS,Network topologies,Define exact facts for manual review of Network topologies.,e1aba03c05462bf7026d6115de4cb0825f6b3c30edef03c882fa1d7d88013568,Pass,PendingIndependentSemanticReview,NotApplicable,Pending,,
017,topologies-div-1,topologies,HTML/CSS,Network topologies,Define exact facts for manual review of Network topologies.,a8dfd7c9de6c2ec52f79cc3abe44234d3287b9faed505161b53e32790d6446f7,Pass,PendingIndependentSemanticReview,NotApplicable,Pending,,
017,topologies-line-14,topologies,HTML/CSS,Network topologies,Define exact facts for manual review of Network topologies.,ef0e49a41aa0cabc67847e45fa73a4e8677032057a0fa2aad4e6cae22f33b1fb,Pass,PendingIndependentSemanticReview,NotApplicable,Pending,,
017,topologies-line-15,topologies,HTML/CSS,Network topologies,Define exact facts for manual review of Network topologies.,b08fa59150482a9eccee4729c3bda00391367b4301fcaf1aad7614685d84600e,Pass,PendingIndependentSemanticReview,NotApplicable,Pending,,
017,topologies-line-16,topologies,HTML/CSS,Network topologies,Define exact facts for manual review of Network topologies.,7c382ec43208952337ea9dbb593296c9c89f2aed63c74ca3a36063911f4e0efc,Pass,PendingIndependentSemanticReview,NotApplicable,Pending,,
017,topologies-line-17,topologies,HTML/CSS,Network topologies,Define exact facts for manual review of Network topologies.,bc352cf3ed465d7f8da4e92bb069e11effc211455ae3e79f0cd3629d43ced990,Pass,PendingIndependentSemanticReview,NotApplicable,Pending,,
017,topologies-line-25,topologies,HTML/CSS,Network topologies,Define exact facts for manual review of Network topologies.,754bda297abdd85c2a7b35af03f5b0107975a726ba12f6a025d0736d37728323,Pass,PendingIndependentSemanticReview,NotApplicable,Pending,,
017,topologies-line-26,topologies,HTML/CSS,Network topologies,Define exact facts for manual review of Network topologies.,dec7aaa1522554e5dc6647e5a7a14f6e9e46287606e03ba361d92581506acda0,Pass,PendingIndependentSemanticReview,NotApplicable,Pending,,
017,topologies-line-27,topologies,HTML/CSS,Network topologies,Define exact facts for manual review of Network topologies.,c36d929035af20b93cc83a6bb552b52173c1a59d366c0e249fac3031af2d9f44,Pass,PendingIndependentSemanticReview,NotApplicable,Pending,,
017,topologies-line-28,topologies,HTML/CSS,Network topologies,Define exact facts for manual review of Network topologies.,b78443d45484188062864c9d19782dbfb28ef23f724e58f3e95e75f0cf53abef,Pass,PendingIndependentSemanticReview,NotApplicable,Pending,,
017,topologies-line-29,topologies,HTML/CSS,Network topologies,Define exact facts for manual review of Network topologies.,7e8eb65c279072c3b09c11897ef7a37f4ebbd1896f3fbb7ff027b814b3995873,Pass,PendingIndependentSemanticReview,NotApplicable,Pending,,
017,topologies-line-3,topologies,HTML/CSS,Network topologies,Define exact facts for manual review of Network topologies.,53d8cbe010ce3c145d32150b952dcf269ffe7252fe9a825f586b90f84dc52644,Pass,PendingIndependentSemanticReview,NotApplicable,Pending,,
017,topologies-line-30,topologies,HTML/CSS,Network topologies,Define exact facts for manual review of Network topologies.,e2d7ef9041d5e0eaa241e5f9278181675d7f1f43132a6aeccd04a3397076547c,Pass,PendingIndependentSemanticReview,NotApplicable,Pending,,
017,topologies-line-36,topologies,HTML/CSS,Network topologies,Define exact facts for manual review of Network topologies.,1cef2cc2a993439a94c84c8e1ac1d18c8f8c52c3d81f423a00f0020521ab5c7f,Pass,PendingIndependentSemanticReview,NotApplicable,Pending,,
017,topologies-line-37,topologies,HTML/CSS,Network topologies,Define exact facts for manual review of Network topologies.,e7dd2dd276161baa1659c6ee8a7370ae6b934c3fa5e1fbdb50b4ce2b22f0a113,Pass,PendingIndependentSemanticReview,NotApplicable,Pending,,
017,topologies-line-38,topologies,HTML/CSS,Network topologies,Define exact facts for manual review of Network topologies.,7e9418c53b6e3ccead32ba6077bd8abc513c7dbc614c2efeb7f987258480ba0f,Pass,PendingIndependentSemanticReview,NotApplicable,Pending,,
017,topologies-line-39,topologies,HTML/CSS,Network topologies,Define exact facts for manual review of Network topologies.,f5d149f69a4648b558545e7be8cf8ac558abb1af0d7e11b6f497d1949dbe0200,Pass,PendingIndependentSemanticReview,NotApplicable,Pending,,
017,topologies-line-4,topologies,HTML/CSS,Network topologies,Define exact facts for manual review of Network topologies.,f5925797d44bddd628eafa5b3ccf3cb6e5ce5a1cbb57eba60796993679290cb2,Pass,PendingIndependentSemanticReview,NotApplicable,Pending,,
017,topologies-line-40,topologies,HTML/CSS,Network topologies,Define exact facts for manual review of Network topologies.,7f7d82e252388e08d0ce2d2413e6bc726c4a5781ded25b5ec7d926e735dfc7e4,Pass,PendingIndependentSemanticReview,NotApplicable,Pending,,
017,topologies-line-41,topologies,HTML/CSS,Network topologies,Define exact facts for manual review of Network topologies.,9013244d071b5378705c5018b04229d97fa37c4e68834d40777d96cd221ad643,Pass,PendingIndependentSemanticReview,NotApplicable,Pending,,
017,topologies-line-42,topologies,HTML/CSS,Network topologies,Define exact facts for manual review of Network topologies.,17899dd4d2af78527fbe9b7f72d0f48bdf59bbd6755ccd470cd96b5502cb1cec,Pass,PendingIndependentSemanticReview,NotApplicable,Pending,,
017,topologies-line-5,topologies,HTML/CSS,Network topologies,Define exact facts for manual review of Network topologies.,2e0213e7659a43fcc2a2edc6aecc520f1a45011b544c95176cd17c45663dc9a7,Pass,PendingIndependentSemanticReview,NotApplicable,Pending,,
017,topologies-line-6,topologies,HTML/CSS,Network topologies,Define exact facts for manual review of Network topologies.,eadcdd723627a598fe19b60aff8988e95192e2bde06ed5e86670d4c9c38dba7e,Pass,PendingIndependentSemanticReview,NotApplicable,Pending,,
017,topologies-line-7,topologies,HTML/CSS,Network topologies,Define exact facts for manual review of Network topologies.,da8218e5662dc8821b10a37181222f481df16c5a42ef0f0edc4146897b29185e,Pass,PendingIndependentSemanticReview,NotApplicable,Pending,,
017,topologies-rect-22,topologies,HTML/CSS,Network topologies,Define exact facts for manual review of Network topologies.,52f83baf942a2b13ca72606a6b78c3b4600add147bab4a3fc106406bc5f85c63,Pass,PendingIndependentSemanticReview,NotApplicable,Pending,,
017,topologies-rect-49,topologies,HTML/CSS,Network topologies,Define exact facts for manual review of Network topologies.,15be98558c8765f31d05bed252457344d3d8c565bcab52580aadd90edaf90161,Pass,PendingIndependentSemanticReview,NotApplicable,Pending,,
017,topologies-rect-50,topologies,HTML/CSS,Network topologies,Define exact facts for manual review of Network topologies.,9a3d002f443b8c3f3266ae8e257b5bfce1daa2438000a176da5a5254581f937a,Pass,PendingIndependentSemanticReview,NotApplicable,Pending,,
017,topologies-svg-13,topologies,Inline SVG,Star topology,Four devices each have an independent link to one central switch.,c0807d85331b5367ca67d0bd24005e2b6063064decfa204609645acaa7f71d63,Pass,PendingIndependentSemanticReview,NotApplicable,Pending,,
017,topologies-svg-2,topologies,Inline SVG,Bus topology,Four devices connect by short branches to one shared horizontal backbone cable.,2b64eaa0c9801bfecadf58d02a2c7a06e2e5a07adf15c4b30e46439ae9bca70f,Pass,PendingIndependentSemanticReview,NotApplicable,Pending,,
017,topologies-svg-24,topologies,Inline SVG,Full mesh topology example,"Four devices are fully connected: every device has a direct link to each of the other three devices, making six links.",2732b5392e4139e7c2416b3d3f00446c78abb2ac9310ca50de72ecbcdb88cb5a,Pass,PendingIndependentSemanticReview,NotApplicable,Pending,,
017,topologies-svg-35,topologies,Inline SVG,Hybrid topology,Two star segments are connected together. Each segment has a central switch and three attached devices.,5e557f666891facda3f900f74b7bc129a94a83415e35ae6b6a8d2cd88af1a65c,Pass,PendingIndependentSemanticReview,NotApplicable,Pending,,
017,topologies-text-12,topologies,HTML/CSS,Network topologies,Define exact facts for manual review of Network topologies.,d638ace78f482ba5bb86a2385c54d2b41d56da901e9dd940987db6a378a5c46b,Pass,PendingIndependentSemanticReview,NotApplicable,Pending,,
017,topologies-text-23,topologies,HTML/CSS,Network topologies,Define exact facts for manual review of Network topologies.,3951fd52cd697137526acc15efffe2ae8c36cb9098a092f210d82ada17b54b72,Pass,PendingIndependentSemanticReview,NotApplicable,Pending,,
018,explanation-compare-img-1,explanation-compare,Raster image,Academic knowledge-point infographic explaining Client-server vs peer-to-peer with a structured visual model.,"Client-server Peer-to-peer Centralised management, security, backups and permissions. Decentralised control; each peer may manage its own resources. May need dedicated server hardware, software and administration. Can be cheaper for small networks because no dedicated server is required. Reliability Server failure may affect many clients unless redundancy is used. No single central server, but availability depends on peers being online. Typical use School login, file server, web server, email server. Small file sharing, local collaboration, distributed sharing.",a217731556890be0ff5e6399d07478d076e8e0ccadcf3e460091b566c465efe6,Pass,PendingIndependentPixelReview,PendingBlindReverseReview,Pending,,
018,explanation-model-visual-img-1,explanation-model-visual,Raster image,Academic knowledge-point infographic explaining One model has equal peers; the other has dedicated service roles with a structured visual model.,"Visual explanation Follow the arrows and identify which devices can provide a resource. Peer-to-peer: every device can request and provide The lines show possible direct sharing between peers. They do not define a physical topology: peer-to-peer describes device roles. No dedicated central server is required. Each peer can request a file and provide one. A peer going offline can make its shared resource unavailable. Client-server: clients request a managed service Requests go to the server and responses return to clients. The server role may be performed by hardware or software. Accounts, permissions and backups can be managed centrally. Dedicated server resources and administration add cost. Server failure can affect many clients unless redundancy is used.",733c3ba93dc2a84383684247b691ed00ecdb6905b8fd07b60cbf10d4c80df1f9,Pass,PendingIndependentPixelReview,PendingBlindReverseReview,Pending,,
018,explanation-roles-img-1,explanation-roles,Raster image,Academic knowledge-point infographic explaining Core roles with a structured visual model.,"A client requests a service or resource, such as a web page, file, login or print job. A server provides a service or resource to clients, often with central control over data and access. A peer can request and provide resources directly, so devices share responsibility instead of relying on one central server. A service is the function provided, such as file storage, authentication, email, printing or web hosting.",0dc71783f023621e1a1cccf78c743fccdf3ca5d581092e8324e9d9dbfba0070d,Pass,PendingIndependentPixelReview,PendingBlindReverseReview,Pending,,
018,explanation-usecases-img-1,explanation-usecases,Raster image,Academic knowledge-point infographic explaining Scenario choices with a structured visual model.,"School accounts Client-server fits because logins, permissions and backups can be centrally managed. Small home sharing Peer-to-peer may fit when a few devices share files directly without a dedicated server. Public web app Client-server fits because many clients request data from managed servers. Distributed file sharing Peer-to-peer can spread sharing across peers, reducing reliance on one central source.",1546ec80467507fa8deb829ef4066c9a47d39828f5274da2ef20a7b335253104,Pass,PendingIndependentPixelReview,PendingBlindReverseReview,Pending,,
018,model-visual-details-8,model-visual,HTML/CSS,One model has equal peers; the other has dedicated service roles,Define exact facts for manual review of One model has equal peers; the other has dedicated service roles.,7b98969bb0ebc2044d71f17686f6890a8abb96d658fa89ac3686f6a5380154f1,Pass,PendingIndependentSemanticReview,NotApplicable,Pending,,
018,model-visual-div-1,model-visual,HTML/CSS,One model has equal peers; the other has dedicated service roles,Define exact facts for manual review of One model has equal peers; the other has dedicated service roles.,b8d6a67c84d2224e01c239357c6ecfc883f2fb8b7f28b0312e94ec1581dd3ba9,Pass,PendingIndependentSemanticReview,NotApplicable,Pending,,
018,model-visual-div-2,model-visual,HTML/CSS,One model has equal peers; the other has dedicated service roles,Define exact facts for manual review of One model has equal peers; the other has dedicated service roles.,d0be4a49e3d4c0075aea3dd7eb54521944fb06cbe9e822c8134c51df1e25998b,Pass,PendingIndependentSemanticReview,NotApplicable,Pending,,
018,model-visual-img-3,model-visual,Raster image,"Four equally sized computers, each displaying upload and download controls to show that every peer can provide and request files.","Four equally sized computers, each displaying upload and download controls to show that every peer can provide and request files.",18fa6883cccf4125c1e0dacd1c82287e6022649f694c7ee799d55078011679da,Pass,PendingIndependentPixelReview,PendingBlindReverseReview,Pending,,
018,model-visual-svg-4,model-visual,Inline SVG,Client-server network model,Four clients exchange requests and responses with one central server that provides a managed service.,bb877034e982d96d69ef06fab3a20da9202e5075e4ddb1d9e0918021fd36730f,Pass,PendingIndependentSemanticReview,NotApplicable,Pending,,
018,model-visual-svg-6,model-visual,Inline SVG,Client-server network model,Four clients exchange requests and responses with one central server that provides a managed service.,e5f3174dc87b30009bc09cf23bb3bdc16595062320678e24471827453d360542,Pass,PendingIndependentSemanticReview,NotApplicable,Pending,,
018,model-visual-ul-5,model-visual,HTML/CSS,One model has equal peers; the other has dedicated service roles,Define exact facts for manual review of One model has equal peers; the other has dedicated service roles.,0f1d0fc40faba9969d85b59ac0f65c359b10fcd0c952f2bc54c7ec5a5b87124f,Pass,PendingIndependentSemanticReview,NotApplicable,Pending,,
018,model-visual-ul-7,model-visual,HTML/CSS,One model has equal peers; the other has dedicated service roles,Define exact facts for manual review of One model has equal peers; the other has dedicated service roles.,0f1d0fc40faba9969d85b59ac0f65c359b10fcd0c952f2bc54c7ec5a5b87124f,Pass,PendingIndependentSemanticReview,NotApplicable,Pending,,
019,explanation-packet-journey-img-1,explanation-packet-journey,Raster image,"Academic knowledge-point infographic explaining One message, several routes, one reassembled result with a structured visual model.","Visual explanation Follow the numbered packets. Routers make next-hop decisions, so packets from one message do not need to travel together. 1. Split and label Each packet carries payload plus control data such as addresses and a sequence number. 2. Choose next hop Each router uses the destination address and routing information. 3. Travel independently Different routes can produce different arrival times. 4. Reassemble The receiver uses sequence numbers to restore the original order. Check the diagram: why can packet 2 arrive after packet 3? Packet 2 can take a different route with a longer delay. The receiver uses sequence numbers to place it back between packets 1 and 3.",1e0c0fc2ccac2187ab0117ba81df299abb2d2a40bfaddabe9e0dceeec1e32761,Pass,PendingIndependentPixelReview,PendingBlindReverseReview,Pending,,
019,explanation-routing-img-1,explanation-routing,Raster image,Academic knowledge-point infographic explaining Routing and arrival with a structured visual model.,Router decision Routers forward packets based on destination address and routing information. Different paths Packets from the same message may take different routes through the network. Out of order Packets may arrive in a different order because routes have different delays. Error handling Checksum/error checks can detect corruption; missing/corrupt packets may be requested again.,c6cbab2674ba3284c4e37267501149b0ff3de247d4ab73dcc56e2b1aa8fd1e38,Pass,PendingIndependentPixelReview,PendingBlindReverseReview,Pending,,
019,explanation-structure-img-1,explanation-structure,Raster image,Academic knowledge-point infographic explaining Packet structure with a structured visual model.,"Source address, destination address, sequence number, protocol/control data. The actual data being sent, such as part of a file or message. Error-checking information such as checksum, depending on the protocol. Common error Do not describe the header as “extra information” only. Name what is inside it and what each item does.",0ef60708d1f2ff0946a4cc17b6d3663f299be4b3b894c874a1c8dc3a7bbd90a5,Pass,PendingIndependentPixelReview,PendingBlindReverseReview,Pending,,
019,explanation-switching-img-1,explanation-switching,Raster image,Academic knowledge-point infographic explaining Packet switching with a structured visual model.,A message or file is divided into smaller packets before transmission. Packets from many users can share network links instead of one message reserving a whole route. Each packet can be routed independently through available paths. Reassemble The destination uses sequence numbers to put packets back in the correct order.,c4c35b204971eebd54717c46fbe87bdc01f21ee3ee558beb0f24f06c45b7bf40,Pass,PendingIndependentPixelReview,PendingBlindReverseReview,Pending,,
019,packet-journey-details-3,packet-journey,HTML/CSS,"One message, several routes, one reassembled result","Define exact facts for manual review of One message, several routes, one reassembled result.",7b98969bb0ebc2044d71f17686f6890a8abb96d658fa89ac3686f6a5380154f1,Pass,PendingIndependentSemanticReview,NotApplicable,Pending,,
019,packet-journey-ol-2,packet-journey,HTML/CSS,"One message, several routes, one reassembled result","Define exact facts for manual review of One message, several routes, one reassembled result.",cac54d708d99534a4de51767abb0840d96595af3a7a5a43bf1c919a3a1ebf838,Pass,PendingIndependentSemanticReview,NotApplicable,Pending,,
019,packet-journey-svg-1,packet-journey,Inline SVG,Packet switching journey across alternative routes,A sender splits a message into three numbered packets. Routers send packets one and three on the upper route and packet two on the lower route. The receiver reorders the packets to recreate the message.,80d4c820f44aa4569194894795bcc89bfbb168d367d8e382d1d7da740337ecb9,Pass,PendingIndependentSemanticReview,NotApplicable,Pending,,
019,routeVisual,tool,HTML/CSS,Packet route simulator,Define exact facts for manual review of Packet route simulator.,7a3828afb0d0dc0901b13e0e1c77fb4750f6608a3c33945f908661225e5a54f2,Pass,PendingIndependentSemanticReview,NotApplicable,Pending,,
019,structure-div-1,structure,HTML/CSS,Packet structure diagram,Packet structure diagram,ce14ddfd8bd5885ee9e7db32109a0458d956eba23aba7fba239e530a18f22d77,Pass,PendingIndependentSemanticReview,NotApplicable,Pending,,
020,explanation-layers-img-1,explanation-layers,Raster image,Academic knowledge-point infographic explaining Layered communication with a structured visual model.,"Application layer idea What the user or application wants to do, such as send a web request. Transport layer idea Breaks data into segments, manages reliability or delivery style. Network layer idea Adds logical addressing and routing between networks. Link/physical layer idea Moves frames or bits across the local medium. Encapsulation and de-encapsulation As data moves down layers, each layer may add control information. At the receiver, layers remove and interpret that control information in reverse order.",dca6da633191d9604548148da9c437a2857921a37a01103e84638026d0e67b9a,Pass,PendingIndependentPixelReview,PendingBlindReverseReview,Pending,,
020,explanation-protocols-img-1,explanation-protocols,Raster image,Academic knowledge-point infographic explaining What a protocol is with a structured visual model.,"Definition A protocol is a set of rules that governs how data is transmitted and received. Shared meaning Both sender and receiver follow the same rules, so messages can be interpreted correctly. Interoperability Different devices and software can communicate if they implement the same protocol. Reliability Protocols can specify error checking, acknowledgements and retransmission rules.",b19c70fff3853aabe00b141fa3cf32d7d05c332b0930e9833041f43a146029e3,Pass,PendingIndependentPixelReview,PendingBlindReverseReview,Pending,,
020,explanation-rules-img-1,explanation-rules,Raster image,Academic knowledge-point infographic explaining What protocol rules can specify with a structured visual model.,"Protocols define rules for data format, addressing, timing, error handling, flow control and connection management. A protocol may provide reliability and ordered delivery, but these are not guaranteed by every protocol. TCP provides reliable ordered delivery; UDP does not guarantee reliability or ordering.",c13d098e93037d41c82a07f15ce372a0f53a59d64e1269fff01d16691d74a136,Pass,PendingIndependentPixelReview,PendingBlindReverseReview,Pending,,
021,address-journey-details-3,address-journey,HTML/CSS,From a URL to a packet on the local link,Define exact facts for manual review of From a URL to a packet on the local link.,7b98969bb0ebc2044d71f17686f6890a8abb96d658fa89ac3686f6a5380154f1,Pass,PendingIndependentSemanticReview,NotApplicable,Pending,,
021,address-journey-ol-2,address-journey,HTML/CSS,From a URL to a packet on the local link,Define exact facts for manual review of From a URL to a packet on the local link.,cac54d708d99534a4de51767abb0840d96595af3a7a5a43bf1c919a3a1ebf838,Pass,PendingIndependentSemanticReview,NotApplicable,Pending,,
021,address-journey-svg-1,address-journey,Inline SVG,"Roles of URL, DNS, IP address and MAC address","The user enters a URL. The domain-name part is sent to DNS, which returns an IP address. The IP address is used for routing between networks, while a MAC address identifies the network interface used for delivery on the current local link.",57506232bf8cbbdfc54ffb295143c0093146d2bd93535183df92e6280ede67f7,Pass,PendingIndependentSemanticReview,NotApplicable,Pending,,
021,explanation-address-journey-img-1,explanation-address-journey,Raster image,Academic knowledge-point infographic explaining From a URL to a packet on the local link with a structured visual model.,"DNS resolves a domain name to an IP address; it does not return a MAC address. The network-layer packet header contains the destination IP address of the endpoint. For one local hop, a link-layer frame contains the IP packet and a destination MAC address. The destination IP and destination MAC belong to different encapsulation headers.",c07e9da6302150399be5541924c46326d7c5e2e63e57df4ae977fda93d83010f,Pass,PendingIndependentPixelReview,PendingBlindReverseReview,Pending,,
021,explanation-addresses-img-1,explanation-addresses,Raster image,Academic knowledge-point infographic explaining IP address vs MAC address with a structured visual model.,"IP and MAC addresses work together at different layers; they are not an either-or choice. The destination IP identifies the endpoint for end-to-end packet delivery. The destination MAC identifies the receiving interface for one local-link frame. On a routed path, the frame normally targets the next-hop router MAC while the packet retains the remote destination IP.",89169634416889b2dfba1e38598d4733e296238164964152bd5249b9bc05585e,Pass,PendingIndependentPixelReview,PendingBlindReverseReview,Pending,,
021,explanation-checkpoint-img-1,explanation-checkpoint,Raster image,Academic knowledge-point infographic explaining 5-minute mini assessment with a structured visual model.,Monthly checkpoint Use this as a short checkpoint before moving to named protocols. Expand the answer key after attempting. Explain why DNS is needed when a user enters a URL. State one difference between an IP address and a MAC address. Identify the domain name in https://store.example.com/products/item7 . 1: DNS resolves the domain name in the URL to an IP address so packets can be routed to the server. 2: IP is a logical network address that can change; MAC is a hardware/interface address used locally. 3: store.example.com .,d0c595915a704f9b22e65294c4781a599e03413b49ff329f1d6100ff6a76a38b,Pass,PendingIndependentPixelReview,PendingBlindReverseReview,Pending,,
021,explanation-dns-img-1,explanation-dns,Raster image,Academic knowledge-point infographic explaining DNS: name to IP address with a structured visual model.,1. URL entered The user enters a URL containing a domain name. 2. DNS lookup The device asks a DNS server to resolve the domain name. 3. IP returned The DNS server returns the IP address for that domain name. 4. Packets sent Packets can now be addressed and routed to the web server. Common error DNS failure may stop a domain name working even if the server is still reachable by IP address.,52196d1b37b6c66dd8a6bbc2112283c98406367adc327d950b1fbb83979a6b4a,Pass,PendingIndependentPixelReview,PendingBlindReverseReview,Pending,,
021,explanation-urls-img-1,explanation-urls,Raster image,Academic knowledge-point infographic explaining URL components with a structured visual model.,https://www.example.org/resources/page.html Protocol / scheme https tells the browser which communication protocol to use. Domain name www.example.org is resolved by DNS to an IP address. Path /resources/page.html identifies the resource on the server.,9555ebe078ac9351c718f683ed8ff10d4ce18dcbf262242028d3d17de835f0af,Pass,PendingIndependentPixelReview,PendingBlindReverseReview,Pending,,
022,explanation-email-img-1,explanation-email,Raster image,"Academic knowledge-point infographic explaining Email protocols: SMTP, POP3 and IMAP with a structured visual model.","Used to send email from a client to a mail server and between mail servers. Used to download email from a mail server to a client, often removing it from the server depending on settings. Used to access and synchronise email stored on a mail server across multiple devices. Common error IMAP is usually better for multiple devices because messages and folders stay on the server and remain synchronised.",484e6b40e85326739b9f7e4bc25b396bb630b6afcf823627f8a905966e6d9d8b,Pass,PendingIndependentPixelReview,PendingBlindReverseReview,Pending,,
022,explanation-file-img-1,explanation-file,Raster image,Academic knowledge-point infographic explaining FTP for file transfer with a structured visual model.,"FTP: File Transfer Protocol FTP is used to transfer files between a client and a server, such as uploading website files or downloading files from a file server. Do not use FTP as a generic answer for “anything on the internet”. It is specifically about file transfer.",6ba4e1cf4352e47331e48e18348a379d61979987629ccce4a6bfe7e410d93506,Pass,PendingIndependentPixelReview,PendingBlindReverseReview,Pending,,
022,explanation-web-img-1,explanation-web,Raster image,Academic knowledge-point infographic explaining HTTP and HTTPS with a structured visual model.,"Protocol Exam distinction Transfers web pages and web resources between browser and web server. Does not provide the same secure encrypted connection as HTTPS. Secure version of HTTP used for encrypted web communication. Helps protect data such as logins, payments and form submissions in transit.",df7d50378315cbd17cac7f9704f6efaad22057ccc85c9840e8a095726cb812f3,Pass,PendingIndependentPixelReview,PendingBlindReverseReview,Pending,,
023,explanation-compare-img-1,explanation-compare,Raster image,"Academic knowledge-point infographic explaining Compare by factor, not by vibe with a structured visual model.","Wired networks Wireless networks Mobility Poor for moving devices because a cable is required. Better for mobile devices because no physical cable is needed. Interference Copper may suffer electromagnetic interference; fibre is less affected. Can be affected by walls, distance, other devices and weather. Security Physical access to the cable is usually needed to intercept traffic. Signals travel through air, so encryption and access control are important. Performance",9e95987cd905b7869272da69feaa9ed644f0616aea9a401c1a3d2d4d303d4517,Pass,PendingIndependentPixelReview,PendingBlindReverseReview,Pending,,
023,explanation-wired-img-1,explanation-wired,Raster image,Academic knowledge-point infographic explaining Wired transmission media with a structured visual model.,"Wired media carry signals through a physical cable. They are usually suitable for fixed devices and controlled environments. Copper cable Copper cable transmits data using electrical signals. It is common in local networks because it is relatively cheap and easy to install. Good for: short local links, desktop PCs, classroom networks. Limits: affected by electromagnetic interference; lower bandwidth and distance than fibre in many contexts. Exam wording: say ""electrical signals"", not ""data flows like water"". The cable is not a tiny plumbing system. Fibre-optic cable Fibre-optic cable transmits data as pulses of light through glass or plastic fibres. Good for: high-bandwidth links, long distances, backbone connections. Strengths: less affected by electromagnetic interference and can support high data rates. Limits: installation can be more expensive and the cable can be more delicate to handle.",39f6956cfa9b7eda6d045c43acb8df3cbc73e6f09a1dca533fc8311ce61025aa,Pass,PendingIndependentPixelReview,PendingBlindReverseReview,Pending,,
023,explanation-wireless-img-1,explanation-wireless,Raster image,Academic knowledge-point infographic explaining Wireless transmission media with a structured visual model.,"Wireless media transmit through the air or space. They support mobility, but the signal can be affected by distance, obstacles and interference. Radio waves Radio waves are used by technologies such as WiFi to transmit data without a physical cable. Good for: mobile devices, classrooms, homes, short-range wireless networking. Limits: shared medium, interference from other devices, weaker security if poorly configured. Microwaves Microwave links can transmit data between fixed points, often using directional antennas. Good for: point-to-point links where a line of sight is available. Limits: obstacles, weather and alignment can affect the link. Satellites Satellite communication uses signals to and from satellites to cover large geographical areas. Good for: remote locations, ships, aircraft or areas without cable infrastructure.",278070606f30e02e8201c5e6e5374cef08ad26ef44a71479a4e1dac69f836f7f,Pass,PendingIndependentPixelReview,PendingBlindReverseReview,Pending,,
024,explanation-compare-img-1,explanation-compare,Raster image,Academic knowledge-point infographic explaining Compare by job and boundary with a structured visual model.,A switch forwards frames inside a LAN using MAC addresses. A router forwards packets between networks using IP addresses and a routing table. A wireless access point connects wireless devices to a network. A gateway connects systems or networks that use different protocols or formats and may perform translation.,acbd015526af8aa56b699b17b2edadd5727e99ee0eec2ea18ef1fb2bbfa4f777,Pass,PendingIndependentPixelReview,PendingBlindReverseReview,Pending,,
024,explanation-gateway-img-1,explanation-gateway,Raster image,Academic knowledge-point infographic explaining Gateways: connecting different network rules with a structured visual model.,"A gateway connects networks that may use different protocols, data formats or communication standards, translating where needed. Useful when: two systems need to communicate but do not use the same rules. Default gateway note: in many LANs, the default gateway is the device used to send traffic outside the local network, often a router. Common error: do not use ""gateway"" as a general term for every network device.",6a2fd50361baa7491dbc50a6e2ef86a17a5190286c4b756b16aeb17639a2cea3,Pass,PendingIndependentPixelReview,PendingBlindReverseReview,Pending,,
024,explanation-lan-img-1,explanation-lan,Raster image,Academic knowledge-point infographic explaining Switches: forwarding inside a LAN with a structured visual model.,"A switch connects devices on a local area network and forwards frames to the correct device. Uses: MAC addresses to decide which port should receive the frame. Why useful: reduces unnecessary traffic compared with sending every frame everywhere. Exam wording: say ""within a LAN"" and ""MAC address"" when the scenario is local device-to-device traffic. LAN idea PC A -> switch -> PC B The switch is the traffic desk inside the local network. It does not decide the route across the wider internet.",ca63f6cb9878164b069e2aee8d8923fe6f70e2db68f5664441090b76460e37e7,Pass,PendingIndependentPixelReview,PendingBlindReverseReview,Pending,,
024,explanation-routing-img-1,explanation-routing,Raster image,Academic knowledge-point infographic explaining Routers: forwarding between networks with a structured visual model.,"A router connects different networks and forwards packets towards their destination. Uses: IP addresses and routing information to choose a path. Common role: connects a LAN to the internet or to another network. Careful wording: a router does not simply ""make WiFi"". Some home boxes combine router and access point functions, but the jobs are distinct. Between networks LAN -> router -> internet / WAN Inside the LAN, MAC-address forwarding matters. Between networks, IP-address routing matters.",ed5c19b97e6413685819a2ad05c7bc7abaa344cbea9d4275a2933e62cc9e5b3c,Pass,PendingIndependentPixelReview,PendingBlindReverseReview,Pending,,
024,explanation-wireless-img-1,explanation-wireless,Raster image,Academic knowledge-point infographic explaining Wireless access points: joining wireless devices with a structured visual model.,"Wireless access point A wireless access point allows wireless devices to connect to a network using radio waves, often linking them to a wired LAN. Good exam phrase: provides wireless access to a network. Not enough: ""it gives internet"". Internet access may also require a router and wider network connection. Security link: access points can use authentication and encryption, but this lesson focuses on their network role.",42a83c0d6911dc40f6c2779341d18b3cecde6b68aa27ee06c34ba4b9a0316841,Pass,PendingIndependentPixelReview,PendingBlindReverseReview,Pending,,
024,lan-article-1,lan,HTML/CSS,Switches: forwarding inside a LAN,Define exact facts for manual review of Switches: forwarding inside a LAN.,aecb8860bb36d4a7320f5e02e159f59303208dd92ac80481bdc2cbc1f9c947d4,Pass,PendingIndependentSemanticReview,NotApplicable,Pending,,
024,routing-article-1,routing,HTML/CSS,Routers: forwarding between networks,Define exact facts for manual review of Routers: forwarding between networks.,aecb8860bb36d4a7320f5e02e159f59303208dd92ac80481bdc2cbc1f9c947d4,Pass,PendingIndependentSemanticReview,NotApplicable,Pending,,
025,explanation-cloud-img-1,explanation-cloud,Raster image,Academic knowledge-point infographic explaining Cloud services with a structured visual model.,"Cloud services provide storage, software or computing resources from remote servers over a network. The user does not need to own all the local infrastructure. Cloud storage Files are stored on remote servers and accessed from different devices over a network. Example: a student saves project files online and opens them at home and school. Cloud software Applications run through a browser or client while data and updates are managed by the provider. Example: collaborative documents or email systems. Cloud infrastructure Servers, processing power or databases are rented from a provider instead of bought and maintained locally. Example: hosting a school portal on remote servers. Common error Cloud advantages are not automatic. A strong answer links the benefit or risk to a scenario: remote access, collaboration, backup, scalability, provider dependence, security, privacy or internet connection.",5cc1afebc8c27ad1750d856f0505284dda6b2633169446bab14327c3342dd679,Pass,PendingIndependentPixelReview,PendingBlindReverseReview,Pending,,
025,explanation-compare-img-1,explanation-compare,Raster image,Academic knowledge-point infographic explaining Compare networks by access and control with a structured visual model.,Access / control Exam distinction Internet Global public network; services may be public or login-protected. Do not call every online service an intranet. Intranet Private internal network controlled by one organisation. Restricted to authorised internal users. Extranet Private controlled access extended to selected external users. Not fully public; access is still controlled. Cloud service,8e4203356edf841c772b46d45ac51aa9737f1a4816d1d1aae50eb86d3756d967,Pass,PendingIndependentPixelReview,PendingBlindReverseReview,Pending,,
025,explanation-networks-img-1,explanation-networks,Raster image,"Academic knowledge-point infographic explaining Internet, intranet and extranet with a structured visual model.","These terms describe access scope and purpose. Distinguish these terms by access scope and purpose. Internet A global public network of interconnected networks. It allows public services such as websites, email and online platforms. Access: public, though individual services may still require login. Use case: public website, online search, public cloud service access. Intranet A private network used within an organisation, often using web technologies but restricted to authorised users. Access: internal staff or members only. Use case: staff policies, internal forms, private school resources. Extranet A private network that allows controlled access to selected external users or organisations. Access: authorised internal users plus selected partners/customers/suppliers.",a1f09cd91f41efe4507a54161e57081d61083e67da631b2f3b672ff0f47f0eca,Pass,PendingIndependentPixelReview,PendingBlindReverseReview,Pending,,
026,explanation-calculation-img-1,explanation-calculation,Raster image,Academic knowledge-point infographic explaining Simple transfer time calculation with a structured visual model.,Transfer time = file size in bits / bandwidth in bits per second Remember: 1 byte = 8 bits . A 50 MB file is not 50 Mb. That capital B is doing real work. Mini example A 25 MB file is downloaded over a 10 Mbps link. Convert file size: 25 MB x 8 = 200 Mb . Divide by bandwidth: 200 Mb / 10 Mbps = 20 seconds . This is an ideal estimate; real throughput may be lower due to congestion and overhead.,dfee04ca9054d171d55170ce8b79d3112b032b61b4ac28fc788a3f7f34764496,Pass,PendingIndependentPixelReview,PendingBlindReverseReview,Pending,,
026,explanation-concepts-img-1,explanation-concepts,Raster image,Academic knowledge-point infographic explaining Core performance terms with a structured visual model.,"Bandwidth is the maximum data-transfer capacity per second. Latency is delay before data starts to arrive or a response is received. Congestion creates queues, delay or packet loss and can reduce throughput. Throughput is the actual successful transfer rate and may be below bandwidth.",065513dea144bf1b5f7979edc6c7500461c11248f0a1703f6c89812cdd4c400f,Pass,PendingIndependentPixelReview,PendingBlindReverseReview,Pending,,
026,explanation-factors-img-1,explanation-factors,Raster image,Academic knowledge-point infographic explaining Factors that affect performance with a structured visual model.,"Good answers name a factor and explain its effect. ""It becomes slower"" needs a cause. Transmission medium Fibre may provide high bandwidth and low interference; wireless may vary with distance, obstacles and interference. Number of users More users can share the same capacity, increasing congestion and reducing throughput per user. Distance and route Longer physical distance and more hops can increase latency. Hardware and server load Slow routers, overloaded servers or weak wireless access points can become bottlenecks. Packet loss and retransmission If packets are lost, data may need to be resent, increasing delay and reducing effective throughput. Protocol overhead",b63d7bccadf648a02c75383d00cdf01d9c18650c6269faf610372259c208d7e0,Pass,PendingIndependentPixelReview,PendingBlindReverseReview,Pending,,
027,explanation-map-img-1,explanation-map,Raster image,Academic knowledge-point infographic explaining Section 2 in one page with a structured visual model.,Packets in a packet-switched network are routed independently. A response is sent back to the source but may take the same or a different route. Routing decisions depend on the available network paths at each stage.,50940726812c77e04be997512d2928849db68b32f240e6f18bc977a6641f47ea,Pass,PendingIndependentPixelReview,PendingBlindReverseReview,Pending,,
027,explanation-precision-img-1,explanation-precision,Raster image,Academic knowledge-point infographic explaining Precision rules for Section 2 answers with a structured visual model.,"Answer craft 1. Define with a boundary Switch: inside a LAN. Router: between networks. Extranet: selected external users. These boundary phrases often carry marks. 2. Name the mechanism DNS resolves names to IP addresses. Fibre uses light pulses. HTTPS encrypts communication. Congestion causes queues. 3. Link to the scenario If the question says online banking, mention sensitive data in transit. If it says tablets, mention mobility and wireless access. 4. Avoid empty adjectives ""Better"", ""faster"", ""secure"" and ""efficient"" need a cause and consequence. The adjective is not the mark.",b5ce17ccc66bdea334200f11a01f38f40cc85e79ef1263105a61b132f43feab8,Pass,PendingIndependentPixelReview,PendingBlindReverseReview,Pending,,
028,explanation-components-img-1,explanation-components,Raster image,Academic knowledge-point infographic explaining Component roles and examples with a structured visual model.,"Input devices Allow data to enter the system. Examples: keyboard, mouse, barcode reader, touch screen, microphone, camera, sensor. Output devices Present data or results from the system. Examples: monitor, speaker, printer, projector, actuator. Processor Executes instructions and coordinates operations. It processes data; it is not where user files are stored. Primary memory Stores instructions and data currently in use. RAM is volatile; ROM is non-volatile and stores startup instructions. Secondary storage Stores data and files long term, even when power is off.",05db3aa104e102491944ff44316f8f47a20cc51a97d063e42268d4a3c8a193db,Pass,PendingIndependentPixelReview,PendingBlindReverseReview,Pending,,
028,explanation-flow-img-1,explanation-flow,Raster image,Academic knowledge-point infographic explaining The basic system flow with a structured visual model.,Input devices capture data for processing. The processor works with instructions and data held in primary memory. Processed results can go directly to output devices. Secondary storage is a separate bidirectional persistence path and is not a compulsory stage before output.,404cf95c9de898642521dbe8518a998bd80c75b67ba7621881a33de542122f54,Pass,PendingIndependentPixelReview,PendingBlindReverseReview,Pending,,
028,explanation-memory-storage-img-1,explanation-memory-storage,Raster image,Academic knowledge-point infographic explaining Memory is not the same as storage with a structured visual model.,Primary memory Secondary storage Holds data/instructions currently being used. Holds files and data long term. Volatility RAM is volatile; contents are lost without power. Non-volatile; data remains when power is off. Speed and capacity Usually faster but smaller and more expensive per unit. Usually larger and cheaper per unit but slower than RAM.,da178b16b8ba0d65f4f183d81fdc110df24300a478017ad1ba5719ebe9508a0c,Pass,PendingIndependentPixelReview,PendingBlindReverseReview,Pending,,
029,explanation-automatic-img-1,explanation-automatic,Raster image,Academic knowledge-point infographic explaining Manual input vs automatic data capture with a structured visual model.,"Manual input Automatic data capture A person enters data, such as typing into a form. A device captures data directly, such as scanning or sensing. Advantages Flexible, cheap for occasional input, useful for unusual data. Fast, consistent, reduces transcription errors, suitable for high volume. Limitations Typing mistakes, slower, depends on user attention. May need codes/tags/sensors; can fail if labels are damaged or conditions are poor.",2e5e1d87ee448e58e5ef39431f96c32dc4aaeb4d410f3d4655c2589a7143fb29,Pass,PendingIndependentPixelReview,PendingBlindReverseReview,Pending,,
029,explanation-capture-img-1,explanation-capture,Raster image,Academic knowledge-point infographic explaining What input devices do with a structured visual model.,"1. Capture The device captures data from a user, document, object or environment. 2. Convert The data is converted into a digital form the computer can process. 3. Validate later Input is not automatically correct. Validation and verification may still be needed.",134fd1d37efbaa3124aa0bea05d3c2faa39876cc1fe54ae7814d33f6c5ea6fc4,Pass,PendingIndependentPixelReview,PendingBlindReverseReview,Pending,,
029,explanation-devices-img-1,explanation-devices,Raster image,Academic knowledge-point infographic explaining Common input devices and what they capture with a structured visual model.,"Captures Good use Exam warning Keyboard Typed text/numbers Short manual entries, corrections, commands Slow and error-prone for long repeated codes Barcode / QR reader Encoded product, ticket or ID data Fast repeated identification Needs a readable code; does not capture handwriting RFID / NFC reader",9dc63cbc7bb358fa7daefa7bee39e78ebd0a502cbb7f7e87c03ddabfc3f42869,Pass,PendingIndependentPixelReview,PendingBlindReverseReview,Pending,,
030,explanation-devices-img-1,explanation-devices,Raster image,Academic knowledge-point infographic explaining Common output devices and when they fit with a structured visual model.,"Output form Good use Exam warning Monitor / screen Visual soft copy Live results, interfaces, dashboards, maps Not suitable when permanent paper evidence is required Hard copy on paper or labels Receipts, reports, tickets, labels Usually slower and uses consumables Speaker / buzzer Audio output",47dd4bacf8fd2098618bc89c9467ab23ad86732e88e73c5f8bb1aab8db9e2419,Pass,PendingIndependentPixelReview,PendingBlindReverseReview,Pending,,
030,explanation-feedback-img-1,explanation-feedback,Raster image,Academic knowledge-point infographic explaining User feedback must fit the situation with a structured visual model.,"Display, auditory and haptic feedback are alternative output forms, not inputs. Printed records and actuator actions are separate output types rather than downstream results of display, sound or touch feedback. Haptic feedback requires physical contact and may be missed when vibration is weak or the device is not being held.",a912d4a04340bb578667d2329f0669bff0dcadd7b2d2137c3582dafb7dde535d,Pass,PendingIndependentPixelReview,PendingBlindReverseReview,Pending,,
030,explanation-purpose-img-1,explanation-purpose,Raster image,Academic knowledge-point infographic explaining What output devices do with a structured visual model.,"1. Present Output devices present processed data to a user, such as text, images or sound. 2. Record Some output creates a physical record, such as a printout or receipt. 3. Act Actuators convert computer output into physical movement or control.",212e8daec05ab369fb6be0d0fdb3d8d9ee011eff496e92f63c10ba8a60098a2f,Pass,PendingIndependentPixelReview,PendingBlindReverseReview,Pending,,
031,explanation-cache-vm-img-1,explanation-cache-vm,Raster image,Academic knowledge-point infographic explaining Why cache helps and virtual memory slows through a cause-and-effect diagram.,Cache holds copies of recently or frequently used instructions and data close to the CPU. A cache hit avoids a slower main-memory access. Virtual memory uses secondary storage when RAM is insufficient and increases apparent capacity rather than physical RAM speed.,6fdb48e0566d7237ff6b4988973401db816e489439d7306fec5afc0477c5ac57,Pass,PendingIndependentPixelReview,PendingBlindReverseReview,Pending,,
031,explanation-primary-img-1,explanation-primary,Raster image,Academic knowledge-point infographic explaining Why active data stays close to the CPU through a cause-and-effect diagram.,The CPU repeatedly requests current instructions and data. Nearby electronic storage answers with less delay than secondary storage. Faster access prevents the processor waiting as often.,08ed646a51993c6fb76d5c15d4fcc8f2352c5ebb6eac9096688ac8454bc0d3d6,Pass,PendingIndependentPixelReview,PendingBlindReverseReview,Pending,,
031,explanation-ram-rom-img-1,explanation-ram-rom,Raster image,Academic knowledge-point infographic explaining Why RAM changes while ROM remains stable through a cause-and-effect diagram.,RAM holds the changing state of running programs. Most RAM needs continuous power to preserve that state. ROM retains fixed startup instructions when power is removed.,96cc1d85e7b604480b333c735a5f88bb56b9717855dbdef4a28e05674b7df9ce,Pass,PendingIndependentPixelReview,PendingBlindReverseReview,Pending,,
032,explanation-compare-img-1,explanation-compare,Raster image,"Academic knowledge-point infographic explaining Compare by scenario, not by favourite brand with a structured visual model.",An HDD provides high capacity at relatively low cost and suits large file libraries or cost-sensitive backups. Magnetic tape provides high capacity with sequential access and suits archival backups. Optical media suits distributing read-only content or archiving data that changes rarely.,af10be6fcfb5eaa6db527dceb7d9e8293daf646589bf07d1f731d09358a3112f,Pass,PendingIndependentPixelReview,PendingBlindReverseReview,Pending,,
032,explanation-media-img-1,explanation-media,Raster image,Academic knowledge-point infographic explaining Three main storage media with a structured visual model.,Magnetic storage uses magnetised areas; examples include HDD and tape. Optical storage uses laser light to read marks on a disc. Solid-state secondary storage uses non-volatile flash memory with no moving parts; an SSD or NAND flash chip is the correct illustration. A volatile RAM DIMM is primary memory and is not an SSD.,28077bb53091037607d4cd2e1985fef510597e2cc3ef8007008e21714210c4de,Pass,PendingIndependentPixelReview,PendingBlindReverseReview,Pending,,
032,explanation-purpose-img-1,explanation-purpose,Raster image,Academic knowledge-point infographic explaining What secondary storage does with a structured visual model.,"Non-volatile Data remains when power is switched off. Long-term Stores files, programs, backups and operating system data. Usually slower Secondary storage is usually slower than RAM for direct access. Scenario-based The best medium depends on speed, capacity, durability, portability and cost.",d4c1c07e76bbdd78b0cfc8a64d32b643aed37166c570d37a17cf983fc7c04ed6,Pass,PendingIndependentPixelReview,PendingBlindReverseReview,Pending,,
032,explanation-sensors-img-1,explanation-sensors,Raster image,Academic knowledge-point infographic explaining Required sensor types and applications with a structured visual model.,"A temperature sensor measures temperature and a pressure sensor measures pressure. An infra-red sensor detects infra-red radiation, for example in a beam alarm or remote-control receiver. A sound sensor detects sound level or sound waves, for example in a noise monitor. A sensor supplies input data; the processor applies the rule and an actuator performs any physical output. Light intensity is supporting context and does not replace the named infra-red or sound sensors.",9af41dfc5474ee30678d5dc5ac27e1643c2d64a9da8bf8651ee584ae53a6994b,Pass,PendingIndependentPixelReview,PendingBlindReverseReview,Pending,,
032,explanation-storage-visual-img-1,explanation-storage-visual,Raster image,Academic knowledge-point infographic explaining Look at the storage mechanism before comparing performance with a structured visual model.,"Visual explanation The physical mechanism helps explain speed, durability and suitable uses. Magnetic Solid-state Three ways to store data when power is off. The illustration identifies the mechanism; the cards below state the exam-safe explanation. Magnetic HDD Magnetised areas store data on rotating platters. A moving actuator positions the read/write head. Consequence: high capacity and low cost per GB, but mechanical parts are vulnerable to shock. Optical disc A laser reads changes such as pits and lands on the disc surface. Consequence: portable and cheap to distribute, but generally slower and lower-capacity. Solid-state drive",61ccaf1655df4a06fcfd95ebfa06600f2c7492606e7ee649202e4dc1216fca20,Pass,PendingIndependentPixelReview,PendingBlindReverseReview,Pending,,
032,storage-visual-details-2,storage-visual,HTML/CSS,Look at the storage mechanism before comparing performance,Define exact facts for manual review of Look at the storage mechanism before comparing performance.,7b98969bb0ebc2044d71f17686f6890a8abb96d658fa89ac3686f6a5380154f1,Pass,PendingIndependentSemanticReview,NotApplicable,Pending,,
032,storage-visual-img-1,storage-visual,Raster image,"An opened magnetic hard disk with platter and actuator arm, an optical disc and drive, and a solid-state drive circuit board with flash-memory chips.","An opened magnetic hard disk with platter and actuator arm, an optical disc and drive, and a solid-state drive circuit board with flash-memory chips.",b68eec5708fdb938515914fbdce0ca55c6924c7670c31f7d213dddcc1ac2d059,Pass,PendingIndependentPixelReview,PendingBlindReverseReview,Pending,,
033,explanation-answer-img-1,explanation-answer,Raster image,Academic knowledge-point infographic explaining The answer pattern: choice -> characteristic -> context -> consequence with a structured visual model.,"Choice Use an SSD Characteristic because it has fast access and no moving parts Context for a laptop carried to school each day Consequence so programs load quickly and it is less likely to be damaged by knocks Weak: ""SSD is better."" Strong: ""SSD is suitable because fast access reduces loading time and no moving parts improves durability in a portable laptop.""",3610bcf4a98825a5d6ea71293cb6e786a593c85d74ee7318dd0cc7aab2cc9b36,Pass,PendingIndependentPixelReview,PendingBlindReverseReview,Pending,,
033,explanation-criteria-img-1,explanation-criteria,Raster image,Academic knowledge-point infographic explaining The five core characteristics with a structured visual model.,"Capacity How much data can be stored, usually measured in GB or TB. Speed How quickly data can be read or written; affects startup, loading and transfer. Durability How well the device resists damage, wear, shock, scratches or environmental conditions. Portability How easy it is to carry, remove, connect and use between devices. Cost Price of the device and cost per unit of storage; not always the same thing.",5e2a3f52a8bde7b792ac8c5e277a83ac3c377f78804985ec8f1658fc9c96d580,Pass,PendingIndependentPixelReview,PendingBlindReverseReview,Pending,,
033,explanation-gate-visual-img-1,explanation-gate-visual,Raster image,"Academic knowledge-point infographic explaining Six symbols, six exact output rules with a structured visual model.","Visual explanation Read each symbol from left to right. A small circle on the output means “invert”; the extra curved input line distinguishes XOR from OR. NOT One input; output is the opposite value. AND / NAND AND tests whether both are 1; NAND inverts that result. OR / NOR OR tests whether at least one is 1; NOR inverts that result. XOR Output is 1 only when the two inputs are different. Check the diagram: what two visual clues separate NOR from XOR? NOR has an output bubble. XOR has no output bubble, but it has an extra curved line on the input side.",4fdb469714b4727666b30374c0a5a0649760e1bb9b0a864fc226dd5441402fa5,Pass,PendingIndependentPixelReview,PendingBlindReverseReview,Pending,,
033,explanation-tradeoffs-img-1,explanation-tradeoffs,Raster image,Academic knowledge-point infographic explaining Trade-offs by common storage device with a structured visual model.,"Strengths Weaknesses Suitable when... High capacity; low cost per GB. Moving parts; slower; less shock-resistant than SSD. Large storage is needed cheaply and portability is less critical. Fast; durable; no moving parts; low power. Often higher cost per GB than HDD. Speed and durability matter, especially in laptops. Magnetic tape Very high capacity; low cost for archives. Slow sequential access; not convenient for frequent random access.",ef8621fe17590f4ed054ee4972e9f65590c760e0db75109fa673691fe4adc72d,Pass,PendingIndependentPixelReview,PendingBlindReverseReview,Pending,,
034,explanation-embedded-img-1,explanation-embedded,Raster image,Academic knowledge-point infographic explaining What is an embedded system? with a structured visual model.,"An embedded system is designed to perform a specific task or closely related set of tasks. It forms part of a larger product, such as a washing machine, microwave oven or router. It often uses a limited interface and task-specific resources. Low cost, low power and reliable repeated operation may be relevant design priorities. Define an embedded system by purpose and context, not only by physical size.",a79463908c0fb99b7ca5386c2bd5228fea2d70bd9dbde4bf884f84b3b4e047c1,Pass,PendingIndependentPixelReview,PendingBlindReverseReview,Pending,,
034,explanation-microcontroller-img-1,explanation-microcontroller,Raster image,Academic knowledge-point infographic explaining Microcontroller vs general-purpose computer with a structured visual model.,"Microcontroller / embedded system General-purpose computer Designed for a specific control task. Designed to run many different programs. Hardware Often integrates CPU, memory and I/O on one chip. Separate high-performance components are common. Interface May have simple buttons, LEDs or no screen. Usually has richer input/output and user interface. Design priorities Low cost, low power, reliability, real-time response.",1fce21a8302c1ebe36fb0e7722ca075e2811a886388ca47e43ac4c81d46815d2,Pass,PendingIndependentPixelReview,PendingBlindReverseReview,Pending,,
035,control-details-3,control,HTML/CSS,Control systems use rules and feedback,Define exact facts for manual review of Control systems use rules and feedback.,7b98969bb0ebc2044d71f17686f6890a8abb96d658fa89ac3686f6a5380154f1,Pass,PendingIndependentSemanticReview,NotApplicable,Pending,,
035,control-img-1,control,Raster image,"A greenhouse containing a temperature sensor, a controller box, and a ventilation fan with an open roof vent.","A greenhouse containing a temperature sensor, a controller box, and a ventilation fan with an open roof vent.",cfe1d7ac7e97a481af29ecf33da803b3e75a71449f5b4e42f5aae548212ce5c6,Pass,PendingIndependentPixelReview,PendingBlindReverseReview,Pending,,
035,control-svg-2,control,Inline SVG,Control systems use rules and feedback,Define exact facts for manual review of Control systems use rules and feedback.,9fd73986291eee173ecd8d48e21bfcd9ca32845ef594bd331359b77b62c4f166,Pass,PendingIndependentSemanticReview,NotApplicable,Pending,,
035,explanation-actuators-img-1,explanation-actuators,Raster image,Academic knowledge-point infographic explaining Actuators turn output signals into physical action with a structured visual model.,"Motor Creates movement, such as opening a door or spinning a fan. Valve Controls flow of water, gas or air. Heater Changes temperature by producing heat. Light Turns visual warning or illumination on/off. Lock / brake Controls physical safety or movement. An actuator receives an output signal. It does not decide the rule; the processor/controller does that.",e8a29b458302d14d317b6b254d0cb646538ffd658eb78bd30504b3e0ced76195,Pass,PendingIndependentPixelReview,PendingBlindReverseReview,Pending,,
035,explanation-control-img-1,explanation-control,Raster image,Academic knowledge-point infographic explaining Control systems use rules and feedback with a structured visual model.,1 Sensor reads 2 Processor compares 3 Fan and vent act The solid arrows show input and output signals. The dashed arrow shows feedback: the changed temperature is measured again. Sense: the temperature sensor produces a reading. Compare: the controller compares the reading with its threshold. Act: an output signal switches or adjusts the fan and vent. Repeat: a new reading checks whether further action is needed. Input Sensor reads the physical condition. Decision Processor compares the reading with a threshold or rule. Output Signal is sent to an actuator. Feedback New sensor readings check the result.,de06c23abe3e4396872fbfffefae67a7453b13de928e85352f1913db3cb24c0d,Pass,PendingIndependentPixelReview,PendingBlindReverseReview,Pending,,
036,explanation-gates-img-1,explanation-gates,Raster image,Academic knowledge-point infographic explaining The six gate rules with a structured visual model.,"The six gates are NOT, AND, OR, NAND, NOR and XOR. NAND is the negation of AND and NOR is the negation of OR. XOR outputs 1 when exactly one of its two inputs is 1. Ordinary OR also outputs 1 when both inputs are 1, so OR and XOR are different.",d88a7ba783363cfe2a73c1fa7f4b12145ac188f0ec322ac7492d98c7e5cf8794,Pass,PendingIndependentPixelReview,PendingBlindReverseReview,Pending,,
036,explanation-signals-img-1,explanation-signals,Raster image,Academic knowledge-point infographic explaining Logic gates use binary signals with a structured visual model.,"Logic 0 means false, off or a valid low logic level. Logic 1 means true, on or a valid high logic level. An absent, floating or undriven signal is not automatically a valid logic 0.",f7ba8a41ecd4afe7beaa7c9b69d686e04fe13cd6e9147a3187ae81542c15898e,Pass,PendingIndependentPixelReview,PendingBlindReverseReview,Pending,,
036,explanation-symbols-img-1,explanation-symbols,Raster image,Academic knowledge-point infographic explaining Recognise gate symbols and the inversion bubble with a structured visual model.,"NOT Triangle + bubble One input. Bubble means inversion. AND Flat left, curved right Output 1 only when all inputs are 1. OR Curved input side Output 1 when at least one input is 1. NAND AND + bubble Complete AND first, then invert. NOR OR + bubble Complete OR first, then invert. XOR OR with extra curved line Output 1 when inputs differ. Exam habit: if a symbol has a small bubble at the output, say ""then invert the result"" before writing the final column.",2213ea15af5c1965b5707931dfb49da757df06557ee94d32247da7af669765e2,Pass,PendingIndependentPixelReview,PendingBlindReverseReview,Pending,,
036,gate-visual-details-3,gate-visual,HTML/CSS,"Six symbols, six exact output rules","Define exact facts for manual review of Six symbols, six exact output rules.",7b98969bb0ebc2044d71f17686f6890a8abb96d658fa89ac3686f6a5380154f1,Pass,PendingIndependentSemanticReview,NotApplicable,Pending,,
036,gate-visual-ol-2,gate-visual,HTML/CSS,"Six symbols, six exact output rules","Define exact facts for manual review of Six symbols, six exact output rules.",cac54d708d99534a4de51767abb0840d96595af3a7a5a43bf1c919a3a1ebf838,Pass,PendingIndependentSemanticReview,NotApplicable,Pending,,
036,gate-visual-svg-1,gate-visual,Inline SVG,Standard symbols and output rules for six logic gates,NOT is a triangle with an output bubble. AND has a flat input side and curved output side. OR has curved sides. NAND and NOR add an output bubble to AND and OR. XOR adds a second curved line on the input side of OR.,d970c9ba554d4510d13ed699fd3b54aafe7bbbd98683b96ceceb99c37a4947b3,Pass,PendingIndependentSemanticReview,NotApplicable,Pending,,
036,gates-div-1,gates,HTML/CSS,Logic gate rules,Logic gate rules,96d19c310b967a47266fe5f45f487bdfb3de9faa5876b23ad05662f6c79ab6e9,Pass,PendingIndependentSemanticReview,NotApplicable,Pending,,
036,overview-div-1,overview,HTML/CSS,Logic gate expression,Logic gate expression,91699ce4a173bc858b0c218e232fb8f283cbc4e41158801ff60059a5e924be01,Pass,PendingIndependentSemanticReview,NotApplicable,Pending,,
037,explanation-expressions-img-1,explanation-expressions,Raster image,Academic knowledge-point infographic explaining Boolean expressions describe gate behaviour with a structured visual model.,"Variables A, B and C represent input signals. Each row assigns them 0 or 1. Operators NOT, AND, OR, NAND, NOR and XOR describe the logic applied. Intermediate columns Each bracketed part or gate output should get its own column. Final output Q is the final result after all intermediate columns have been combined.",90fb98f6b8fb12da50c1568f2f038de7011066869c9fb8236ddcddfd462eb152,Pass,PendingIndependentPixelReview,PendingBlindReverseReview,Pending,,
037,explanation-precedence-img-1,explanation-precedence,Raster image,Academic knowledge-point infographic explaining Brackets and NOT usually come before the final combination with a structured visual model.,"Brackets first For (A OR B) AND C, complete A OR B before the AND with C. NOT next For A AND NOT B, invert B before applying AND. Then combine Use AND, OR or XOR to combine the prepared columns. Check one row Pick one row and explain it in words to catch swapped columns. Do not assume a hidden priority when the expression is unclear. In exam answers, use brackets or intermediate columns to remove ambiguity.",f55e88107e4c511dbcadfa0363d05a43d7c5f465f39620382dcfa1d90c00e81f,Pass,PendingIndependentPixelReview,PendingBlindReverseReview,Pending,,
037,explanation-table-method-img-1,explanation-table-method,Raster image,Academic knowledge-point infographic explaining A reliable truth-table method with a structured visual model.,"1. Count inputs n inputs produce 2^n rows. Two inputs give 4 rows; three inputs give 8 rows. 2. List input combinations Use a systematic order such as 000, 001, 010, 011, 100, 101, 110, 111. 3. Add intermediate columns One column for each gate result, such as A AND B or NOT C. 4. Fill final Q Use the intermediate columns to avoid guessing the final output. Row number",d346cc46f4b5b86386825b6b05d74b531697ce0a9b199b1b384ad0451bca4eed,Pass,PendingIndependentPixelReview,PendingBlindReverseReview,Pending,,
037,overview-div-1,overview,HTML/CSS,Boolean expression,Boolean expression,087de6ee94ce6687d879e7575f9a6f4f2c4c1c2eab7545dbbbfa8ecb2b0a0423,Pass,PendingIndependentSemanticReview,NotApplicable,Pending,,
038,explanation-design-img-1,explanation-design,Raster image,Academic knowledge-point infographic explaining A circuit design method that examiners can follow with a structured visual model.,"1. Name the output Use a clear output such as Alarm, Unlock, Fan or Light. 2. Define variables Write what each input means, for example A = system armed. 3. Write expression Translate the requirement with AND, OR, NOT, NAND, NOR or XOR. 4. Draw in stages Draw inner gates first, then connect them to the final output gate. A correct circuit is not just a pretty drawing. It must match the Boolean expression and produce the correct truth-table output.",abf4a3926bfaa21a3d1a54f4405d56d47635e00321260c9ac87a7dc7fecc87d9,Pass,PendingIndependentPixelReview,PendingBlindReverseReview,Pending,,
038,explanation-diagram-img-1,explanation-diagram,Raster image,Academic knowledge-point infographic explaining Gate sequence creates the circuit structure with a structured visual model.,"Door Input D Window Input W OR D OR W Armed Input A AND A AND (D OR W) Alarm Final output Q Draw the OR branch first, then feed it into AND with Armed. If the drawing order is unclear, label intermediate outputs.",32f856818beda5deca8ff9b5e0b070d5e083edfcfbfd7e5ce25f9bd7aa0928b7,Pass,PendingIndependentPixelReview,PendingBlindReverseReview,Pending,,
038,explanation-parse-img-1,explanation-parse,Raster image,Academic knowledge-point infographic explaining Parse requirement wording into logic with a structured visual model.,AND means every listed condition must be true; OR means at least one condition is true. NOT directly inverts a condition. P unless Q means P when NOT Q; the full sentence determines which condition is negated. Do not treat the word unless as a universal unary NOT operator.,430051e7cd13063aad6066e5a00f3648002c3dec48992ca53c4eea6bc43c5d61,Pass,PendingIndependentPixelReview,PendingBlindReverseReview,Pending,,
038,overview-div-1,overview,HTML/CSS,Circuit expression,Circuit expression,e1657309449b2bc2a344e38ae9001b55b779473ad38902cdac69148da51249ce,Pass,PendingIndependentSemanticReview,NotApplicable,Pending,,
039,explanation-categories-img-1,explanation-categories,Raster image,Academic knowledge-point infographic explaining Classify the hardware before choosing it with a structured visual model.,The touch-sensing layer of a touchscreen is an input device. The display layer of a touchscreen is an output device. A touchscreen is therefore a combined input/output device.,9ad21631a7505e721994880d0b5526eabb0ff0a85699fad533f92a1d76cf03a1,Pass,PendingIndependentPixelReview,PendingBlindReverseReview,Pending,,
039,explanation-criteria-img-1,explanation-criteria,Raster image,Academic knowledge-point infographic explaining Choose hardware using stated criteria with a structured visual model.,"Speed Needed for real-time input, rapid searches, video editing or low-delay output. Capacity Needed for large files, media archives, backups or databases. Cost Matters when many devices must be purchased or the user has a fixed budget. Durability Important for mobile, outdoor or high-use environments. Accuracy Important for barcode scanning, sensors, medical data and attendance records. Compatibility Hardware must connect to existing software, ports, networks and operating systems. Exam sentence frame: ""I would choose X because it has Y, which matters for Z, so the user can...""",4a0a23c24802661447bb86f41ae0360b94dbe7aa8271c6f2bd374edd56ba04ef,Pass,PendingIndependentPixelReview,PendingBlindReverseReview,Pending,,
039,explanation-users-img-1,explanation-users,Raster image,Academic knowledge-point infographic explaining Different users value different trade-offs with a structured visual model.,"Librarian Needs fast, accurate item input and reliable local/network database access. Delivery driver Needs portable, durable, wireless hardware and quick barcode/QR capture. Video editor Needs high-speed storage, strong CPU/GPU performance and colour-accurate display. Weather station Needs accurate sensors, durable enclosure, low power use and stable communication. A strong answer rejects one tempting unsuitable option. This proves the choice was evaluated, not guessed.",0645653bdf0962e77dbccb2250d39865389dbced1bb309a422e77fc4f5e0b02a,Pass,PendingIndependentPixelReview,PendingBlindReverseReview,Pending,,
040,explanation-environment-img-1,explanation-environment,Raster image,Academic knowledge-point infographic explaining Environmental factors change hardware suitability with a structured visual model.,"Possible effect Suitable protection Exam warning Temperature Overheating can slow, shut down or damage components. Cooling, heat sinks, ventilation, temperature-rated hardware Do not just say ""fast""; explain heat tolerance or cooling. Moisture / water Corrosion or short circuits can stop the system working. Sealed casing, waterproof enclosure, humidity control Name what water does to reliability. Dust / dirt",9e8638851f4260f9ff5c9563ff248816b86b1f9c27cdac65085adba43dd0b15a,Pass,PendingIndependentPixelReview,PendingBlindReverseReview,Pending,,
040,explanation-mitigation-img-1,explanation-mitigation,Raster image,Academic knowledge-point infographic explaining Mitigation must match the risk with a structured visual model.,"Outdoor weather station Weatherproof casing, low-power controller, battery/solar power and wireless communication. Hospital workstation Reliable power, backup, regular maintenance and quick replacement to reduce downtime. Delivery handheld Rugged case, long battery life, mobile data fallback and SSD/flash storage. Data server Cooling, UPS, RAID, backup, monitoring and controlled access. A strong answer rejects an unsuitable protection. A UPS helps power cuts; it does not make a sensor waterproof.",0ae79701d19f5b8cf6e0a5892543ecee3519f6f4625b614bc46dec23b3fcfc1b,Pass,PendingIndependentPixelReview,PendingBlindReverseReview,Pending,,
040,explanation-reliability-img-1,explanation-reliability,Raster image,Academic knowledge-point infographic explaining Reliability is about continuing to work correctly with a structured visual model.,"Redundancy, failover and a UPS can support continuity when a component or power source fails. Backup and restore support recovery after data loss or failure. A backup copy reduces data loss and recovery time but does not by itself keep a live service running.",e67847b3fa2224d72acb8ffd1a1177d79429370bcaa1c72f4599443e32bdd1c9,Pass,PendingIndependentPixelReview,PendingBlindReverseReview,Pending,,
041,explanation-checkpoint-img-1,explanation-checkpoint,Raster image,Academic knowledge-point infographic explaining Short timed review structure with a structured visual model.,"Monthly checkpoint 3 minutes Classify five questions by topic and command word. 8 minutes Answer one 6-mark scenario question. 5 minutes Complete one truth table or Boolean trace. 7 minutes Mark with MS, identify missing marks, rewrite one answer. The checkpoint is included as lesson practice, not a midterm or final exam.",2b94c00b42d965d1b491e5dd7f369dfb6cd690d26749cb7b8c51603c72fb2a32,Pass,PendingIndependentPixelReview,PendingBlindReverseReview,Pending,,
041,explanation-map-img-1,explanation-map,Raster image,Academic knowledge-point infographic explaining Section 3 topic map with a structured visual model.,"RAM and ROM are primary memory; SSD, HDD and optical media are secondary storage. Virtual memory is a memory-management technique that uses secondary storage to supplement RAM. Do not classify virtual memory as a type of primary memory.",c768ed7efab934b40a4631b05d2b50ed8f6e834f553de65d7f0d443218fa4921,Pass,PendingIndependentPixelReview,PendingBlindReverseReview,Pending,,
041,explanation-skills-img-1,explanation-skills,Raster image,"Academic knowledge-point infographic explaining Three review skills: compare, justify, calculate with a structured visual model.","Compare Give both sides and use the same criterion, e.g. SSD is faster than HDD, but HDD may be cheaper per GB. Justify Name a choice, name a feature, link it to the user's need, then explain the consequence. Calculate / trace Show working: input values, intermediate result, final output. Describe Use a sequence, such as sensor reading -> comparison -> output signal -> actuator. Explain Include cause and effect, not only a definition. Correct Find the missing mark, then rewrite the answer with specific wording. Exam answer frame: ""Because [feature], it meets [need], so [practical consequence].""",d2fc4b02b3913b238fa96ba677e55f271260ff30b4d28cdbde8ab24b30d50e36,Pass,PendingIndependentPixelReview,PendingBlindReverseReview,Pending,,
042,architecture-div-1,architecture,HTML/CSS,CPU architecture is about cooperating parts,Define exact facts for manual review of CPU architecture is about cooperating parts.,18c5b257583aca47247fe67988a66d089ebf58f9bdfcbfa27b6d8a7ef3df534a,Pass,PendingIndependentSemanticReview,NotApplicable,Pending,,
042,cpu-map-details-3,cpu-map,HTML/CSS,"Inside the CPU, outside the CPU, and what connects them","Define exact facts for manual review of Inside the CPU, outside the CPU, and what connects them.",7b98969bb0ebc2044d71f17686f6890a8abb96d658fa89ac3686f6a5380154f1,Pass,PendingIndependentSemanticReview,NotApplicable,Pending,,
042,cpu-map-ol-2,cpu-map,HTML/CSS,"Inside the CPU, outside the CPU, and what connects them","Define exact facts for manual review of Inside the CPU, outside the CPU, and what connects them.",cac54d708d99534a4de51767abb0840d96595af3a7a5a43bf1c919a3a1ebf838,Pass,PendingIndependentSemanticReview,NotApplicable,Pending,,
042,cpu-map-svg-1,cpu-map,Inline SVG,CPU architecture and system buses,"A CPU contains the control unit, arithmetic logic unit, registers and clock. Main memory sits outside the CPU. The address bus points from CPU to memory, while data and control buses carry signals between them.",21abb0ef7af9a2d080d837f11eb94a095596edeefa1627a7e20ceef3ad3cd9e9,Pass,PendingIndependentSemanticReview,NotApplicable,Pending,,
042,explanation-acc-status-img-1,explanation-acc-status,Raster image,Academic knowledge-point infographic explaining ACC and status register: execute-stage evidence with a structured visual model.,"Accumulator (ACC) The accumulator commonly holds intermediate results from the ALU. For example, after adding two values, the result may be stored in the ACC. Status register The status register holds flags that describe the outcome of an operation or the processor state. Zero flag Can be set when an operation result is zero. Useful after comparisons or subtraction. Carry / overflow flags Can indicate a carry out or arithmetic overflow. Exact flag names vary by architecture, but the exam idea is that flags record result conditions. Common error The status register does not store the calculation result itself. It stores flags about the result.",c25697661b41312fcf40969bd13ab7f26b3c47de24312682c0d841da5b8741d6,Pass,PendingIndependentPixelReview,PendingBlindReverseReview,Pending,,
042,explanation-alu-cu-img-1,explanation-alu-cu,Raster image,Academic knowledge-point infographic explaining Why control and calculation are separate through a cause-and-effect diagram.,The control unit decodes what the instruction demands. It sends signals that select data movement and an ALU operation. The ALU returns a result and status information.,c77de6fe0f3d53e2dc721629f30dbe031d82663f6aa3225c441b8e65014e8063,Pass,PendingIndependentPixelReview,PendingBlindReverseReview,Pending,,
042,explanation-architecture-img-1,explanation-architecture,Raster image,Academic knowledge-point infographic explaining Why a CPU divides specialised work through a cause-and-effect diagram.,The control unit interprets the current instruction. The ALU performs the required arithmetic or logical operation. Registers and buses hold and move the immediate values.,2afaeed17ad5371ae84f1ae1d11393cab65f074d96fb818809cd41f9d699f9a9,Pass,PendingIndependentPixelReview,PendingBlindReverseReview,Pending,,
042,explanation-cpu-map-img-1,explanation-cpu-map,Raster image,"Academic knowledge-point infographic explaining Inside the CPU, outside the CPU, and what connects them with a structured visual model.",The address bus normally carries addresses from the CPU to memory or I/O. The data bus is bidirectional and carries data or instructions. The control bus is bidirectional overall: the CPU sends read/write signals and devices or controllers can send interrupts and status signals back.,8f6d8781c1687828e700f542e61298049f2176c1f4975e4cd21b5f09b7aa6a46,Pass,PendingIndependentPixelReview,PendingBlindReverseReview,Pending,,
042,explanation-registers-img-1,explanation-registers,Raster image,"Academic knowledge-point infographic explaining How registers, buses and clock stay aligned through a cause-and-effect diagram.","Registers expose small values needed immediately. Buses carry values, addresses and control signals on distinct paths. Clock events determine when components may capture a new state.",8aeaa36a3bc9736e9f3ec3ad1c1818d5390c8e9b2dfb79557e066f0dcd0569a7,Pass,PendingIndependentPixelReview,PendingBlindReverseReview,Pending,,
043,cycle-div-1,cycle,HTML/CSS,The cycle in one clean sentence,Define exact facts for manual review of The cycle in one clean sentence.,f365454f3ec60e43c574518b8f492cce30e50a877a018c8d844f66914932244c,Pass,PendingIndependentSemanticReview,NotApplicable,Pending,,
043,cycle-visual-details-3,cycle-visual,HTML/CSS,Trace one instruction through the fetch stage,Define exact facts for manual review of Trace one instruction through the fetch stage.,7b98969bb0ebc2044d71f17686f6890a8abb96d658fa89ac3686f6a5380154f1,Pass,PendingIndependentSemanticReview,NotApplicable,Pending,,
043,cycle-visual-ol-2,cycle-visual,HTML/CSS,Trace one instruction through the fetch stage,Define exact facts for manual review of Trace one instruction through the fetch stage.,cac54d708d99534a4de51767abb0840d96595af3a7a5a43bf1c919a3a1ebf838,Pass,PendingIndependentSemanticReview,NotApplicable,Pending,,
043,cycle-visual-svg-1,cycle-visual,Inline SVG,"Fetch, decode and execute register sequence","The Program Counter address is copied to the Memory Address Register. Memory is read and returns the instruction to the Memory Data Register. The instruction is copied to the Current Instruction Register, the Program Counter is incremented, the Control Unit decodes the instruction, and the CPU executes it before repeating the cycle.",98fc51b0c19c8721fab854d1e07f1f277a7ceccab61e57747d49cc939e641fd5,Pass,PendingIndependentSemanticReview,NotApplicable,Pending,,
043,explanation-cycle-img-1,explanation-cycle,Raster image,Academic knowledge-point infographic explaining The cycle in one clean sentence with a structured visual model.,"The CPU gets the next instruction from main memory using the address stored in the PC. The CU interprets the instruction in the CIR and identifies the operation and any operands needed. The CPU carries out the instruction, for example using the ALU, accessing memory, or changing the PC.",76d72f87c52d9970429a17e8a5e760982c4ddfc351647f5d70c17cf90075077b,Pass,PendingIndependentPixelReview,PendingBlindReverseReview,Pending,,
043,explanation-cycle-visual-img-1,explanation-cycle-visual,Raster image,Academic knowledge-point infographic explaining Trace one instruction through the fetch stage with a structured visual model.,Copy the next-instruction address from PC to MAR and read the instruction from memory into MDR. Move the fetched instruction from MDR to CIR. Increment PC independently so that PC points to the next instruction. PC does not feed CIR; only the instruction held in MDR is transferred to CIR.,141c56d3d123348efa38b955857db108f88b66b59a5b2c9546604f3bcb21018c,Pass,PendingIndependentPixelReview,PendingBlindReverseReview,Pending,,
043,explanation-decode-img-1,explanation-decode,Raster image,Academic knowledge-point infographic explaining Decode and execute are not filler words with a structured visual model.,"The control unit interprets the instruction in the CIR. It identifies the opcode, decides what operation is required, and identifies any operands or addresses needed. Execute: arithmetic or logic If the instruction is arithmetic or logical, the ALU performs the operation and a result may be stored in a register. Execute: memory access If the instruction needs data from memory, the CPU uses buses and registers to read from or write to the required memory address. Execute: branch If the instruction is a branch/jump, the PC may be changed to a different address rather than just continuing with the next instruction. Common error ""Execute"" does not always mean ""ALU does maths"". Some instructions move data, access memory or change the PC.",437e7431660835720278fc70699904346a0daff466e1bc1d5b29598e64a34f21,Pass,PendingIndependentPixelReview,PendingBlindReverseReview,Pending,,
043,explanation-fetch-img-1,explanation-fetch,Raster image,Academic knowledge-point infographic explaining Fetch stage: the register sequence with a structured visual model.,This is the part students must be able to trace precisely. Register / bus focus Exam-safe wording Address copied from PC to MAR. PC -> MAR The PC contains the address of the next instruction; this address is copied to the MAR. Address sent to memory. Address bus The address in the MAR is placed on the address bus. Memory read signal is sent. Control bus The CU sends a read signal on the control bus.,89fd934877883fc019234b0503b433c7b76be70e0c440ac5e925ca2d7024e13a,Pass,PendingIndependentPixelReview,PendingBlindReverseReview,Pending,,
043,explanation-registers-img-1,explanation-registers,Raster image,Academic knowledge-point infographic explaining The four fetch-stage names you cannot blur together with a structured visual model.,Register roles PC Program Counter: stores the address of the next instruction to be fetched. MAR Memory Address Register: stores the address of the memory location being accessed. MDR Memory Data Register: stores data or an instruction being transferred to or from memory. CIR Current Instruction Register: stores the instruction currently being decoded/executed.,a1148294126bddc1a2fdfa4a41847e141a961e737b83dddd4e6b87b1fd988e4a,Pass,PendingIndependentPixelReview,PendingBlindReverseReview,Pending,,
043,explanation-width-img-1,explanation-width,Raster image,Academic knowledge-point infographic explaining Bus width and addressable locations with a structured visual model.,"Address bus width If the address bus has n lines, it can represent 2^n different addresses. A 16-bit address bus can address 2^16 = 65,536 memory locations. Data bus width A wider data bus can transfer more bits at once, which can affect throughput. Precision Address bus width affects address range; data bus width affects transfer size.",a3a4d7bb9d6415caede059d0b979412462b92958c217b40bf00e27efdb1cee67,Pass,PendingIndependentPixelReview,PendingBlindReverseReview,Pending,,
043,overview-div-1,overview,HTML/CSS,The CPU follows a routine. It is not improvising jazz with your instructions.,Define exact facts for manual review of The CPU follows a routine. It is not improvising jazz with your instructions..,59ef1f5bd9e4dba6eb540a0cedc4700aa825ac821ea15b540513fdef8aeb5606,Pass,PendingIndependentSemanticReview,NotApplicable,Pending,,
044,explanation-main-registers-img-1,explanation-main-registers,Raster image,Academic knowledge-point infographic explaining The seven named register roles with a structured visual model.,PC holds the address of the next instruction to be fetched. CIR holds the instruction currently being decoded or executed. MAR holds the address of the memory location being accessed. MDR holds data or an instruction being transferred to or from memory. ACC holds an intermediate or final ALU result. IX holds an offset used in indexed addressing. The status register holds flags about a result or processor state. A general-purpose register can hold varied working values; a special-purpose register has a defined processor role. Cambridge assembly questions assume ACC is the available general-purpose working register.,8fed441afbdf393043d65555bac3070cf530f99345a027e85664b502ed28526b,Pass,PendingIndependentPixelReview,PendingBlindReverseReview,Pending,,
044,explanation-processor-img-1,explanation-processor,Raster image,Academic knowledge-point infographic explaining Registers and buses: the FDE cycle vocabulary with a structured visual model.,Processor review PC Stores the address of the next instruction to be fetched. MAR / MDR MAR stores an address; MDR stores data/instruction being transferred. CIR / ACC CIR stores current instruction; ACC stores intermediate arithmetic/logic results.,0bd6d9126a6decd915e8dbcc626e826c173dc7535b58b56be1e99fe24119dcc5,Pass,PendingIndependentPixelReview,PendingBlindReverseReview,Pending,,
044,explanation-purpose-img-1,explanation-purpose,Raster image,Academic knowledge-point infographic explaining Why registers exist with a structured visual model.,"Inside the CPU Registers are located inside the processor, so they can be accessed very quickly. Small capacity They hold only a small amount of data, usually one value, address, instruction or set of flags. Temporary role They hold values needed immediately during fetch, decode or execute. Specific jobs Different registers are designed for different temporary values.",f7b56229a236ca65350e65bda40bdf84bdf3daec6ae2133cac7d9ef4454ab3e8,Pass,PendingIndependentPixelReview,PendingBlindReverseReview,Pending,,
045,explanation-concept-img-1,explanation-concept,Raster image,Academic knowledge-point infographic explaining What a system bus does with a structured visual model.,"Communication pathway A bus is a set of parallel wires or connections used to carry signals. Connects components System buses connect CPU, main memory and other devices through controlled transfers. Not storage A bus transfers signals; it does not permanently store data or instructions. Part of a trace In processor questions, bus roles often appear inside fetch, read and write sequences.",950d41013c62e777716d0edc996340e5fb7b07c346d00006f8fa2848b7edeb92,Pass,PendingIndependentPixelReview,PendingBlindReverseReview,Pending,,
045,explanation-read-write-img-1,explanation-read-write,Raster image,Academic knowledge-point infographic explaining Read and write traces with a structured visual model.,"Memory read CPU places the required address on the address bus. CPU sends a read signal on the control bus. Memory places the requested data/instruction on the data bus. CPU receives the data, often through the MDR. Memory write CPU places the target address on the address bus. CPU places the data to be stored on the data bus. CPU sends a write signal on the control bus. Memory stores the data at the addressed location. Common error Read and write both use all three buses, but the direction of data transfer changes.",41eb1c84b5cec00ea2bc02dbb82eb0ab65e5b6ae6b374a339fe3dd7ea3acb3d4,Pass,PendingIndependentPixelReview,PendingBlindReverseReview,Pending,,
045,explanation-three-buses-img-1,explanation-three-buses,Raster image,Academic knowledge-point infographic explaining The three buses with a structured visual model.,"The address bus carries the address of the location being accessed and is normally directed from the CPU. The data bus carries data and instructions in both directions. The control bus carries control and timing signals in both directions, including read/write from the CPU and interrupts toward the CPU.",cdd4d70f3d2542459c0a925a31e981e1c10c959c36016042729c2f19d3ebd974,Pass,PendingIndependentPixelReview,PendingBlindReverseReview,Pending,,
046,explanation-compatibility-img-1,explanation-compatibility,Raster image,Academic knowledge-point infographic explaining Instruction sets and compatibility with a structured visual model.,"Same ISA A program compiled to one instruction set can run on compatible processors that implement that instruction set. Different ISA Machine code for one architecture may not run correctly on another architecture. Translation needed Source code may need to be recompiled, interpreted, emulated or translated for a different processor. Exam wording Say ""the CPU cannot recognise/execute those opcodes"" rather than simply ""the CPU does not like it"".",1b2a7491009d8f0fde56b0d281ab39933e756922e63ca7b20245048a53642fc4,Pass,PendingIndependentPixelReview,PendingBlindReverseReview,Pending,,
046,explanation-instruction-set-img-1,explanation-instruction-set,Raster image,Academic knowledge-point infographic explaining What is an instruction set? with a structured visual model.,"Definition The set of instructions that a particular processor can recognise and execute. Includes operations Examples include load, store, add, subtract, compare, jump and input/output instructions. Processor-specific Different processor families can have different instruction sets and instruction formats. Defines meaning The instruction set tells the CPU what each opcode means and how operands are interpreted.",d049ec57986fb2a3c0e3355933fd6700244dca0e29d41fa31d34b06f1562195e,Pass,PendingIndependentPixelReview,PendingBlindReverseReview,Pending,,
046,explanation-machine-code-img-1,explanation-machine-code,Raster image,Academic knowledge-point infographic explaining Machine code is binary instructions for the CPU with a structured visual model.,"Lowest-level executable form Machine code consists of binary instructions that can be executed directly by the processor. Not friendly for humans Binary instructions are difficult for people to read and write accurately, but they are the form the processor executes directly. Stored in memory Machine-code instructions are stored in memory and fetched by the CPU during the fetch-decode-execute cycle. CPU-specific meaning The same bit pattern can have different meanings on different architectures because opcodes are defined by the instruction set.",1d901b82fae4af5fd36d5bd965c0bd8e9a1be1c9ad45e8126eafe07bbb1a080e,Pass,PendingIndependentPixelReview,PendingBlindReverseReview,Pending,,
046,explanation-opcode-img-1,explanation-opcode,Raster image,Academic knowledge-point infographic explaining Opcode and operand with a structured visual model.,"Opcode tells the CPU which operation to perform. Operand gives the data, register, address or value used by the operation. Operation Example with operand Load value from memory into ACC. 0001 01011010 = LOAD address 90 Store ACC value into memory. 0010 01011010 = STORE address 90 Add value from memory to ACC. 0011 01011010 = ADD value at address 90 Jump to a different instruction address. 0100 00001100 = jump to address 12 Common error",c61b8b742596aa3afff9a671424511799a5e924db9038f0495a4d98c14ff9009,Pass,PendingIndependentPixelReview,PendingBlindReverseReview,Pending,,
047,explanation-assembler-img-1,explanation-assembler,Raster image,"Academic knowledge-point infographic explaining Instruction groups: data movement, I/O, arithmetic, control and compare with a structured visual model.","The five groups are data movement, input/output, arithmetic, unconditional/conditional instructions and compare. Data movement uses LDM, LDD, LDI, LDX, LDR, MOV and STO; LDR #n loads the immediate value n into IX. Input/output uses IN and OUT; arithmetic uses ADD, SUB, INC and DEC. JMP is unconditional; CMP and CMI compare; JPE jumps after True and JPN jumps after False. END returns control to the operating system.",6874bbf0467d64c684cfa668c6d66662f5cf2b7e6cffc0d6bcbe1c11f930f78d,Pass,PendingIndependentPixelReview,PendingBlindReverseReview,Pending,,
047,explanation-assembly-img-1,explanation-assembly,Raster image,Academic knowledge-point infographic explaining What assembly language is with a structured visual model.,Low-level language Assembly language is close to machine code and closely linked to a processor's instruction set. Uses mnemonics Human-readable abbreviations represent machine-code operations. Processor-specific Assembly syntax and available instructions depend on the target architecture. Needs translation An assembler converts assembly language into machine code.,3ae4fc3dcfeefddcbdab634fbfd69743308b8f9c5d7fb21992fca7c1cdc5b176,Pass,PendingIndependentPixelReview,PendingBlindReverseReview,Pending,,
047,explanation-effective-img-1,explanation-effective,Raster image,"Academic knowledge-point infographic explaining Official LDR, CMI, JPE and JPN semantics with a structured visual model.","LDR #n loads the immediate value n into the index register IX. CMI <address> compares ACC with a value reached using indirect addressing. JPE <address> jumps when the preceding comparison result is True. JPN <address> jumps when the preceding comparison result is False. Do not reinterpret these instructions as relative load, immediate compare, equal/zero branch or negative-status branch.",62dad45a5fdf14cde57dfd0c30656014298894b7c3e1a1e3918fe113f3fe5dd7,Pass,PendingIndependentPixelReview,PendingBlindReverseReview,Pending,,
047,explanation-mnemonics-img-1,explanation-mnemonics,Raster image,Academic knowledge-point infographic explaining Mnemonics represent operations with a structured visual model.,Mnemonic Likely operation Exam-safe wording Load a value into a register/ACC. LOAD count LOAD is a mnemonic for a machine-code load instruction. Store a register/ACC value in memory. STORE total STORE represents an operation that writes a value to memory. Add a value to a register/ACC. ADD value ADD is easier to read than a binary opcode for addition.,6b1e826354701fc1b0106716885170a8a65a7c5ae00dc97d9ab633f6ab742300,Pass,PendingIndependentPixelReview,PendingBlindReverseReview,Pending,,
047,explanation-structure-img-1,explanation-structure,Raster image,Academic knowledge-point infographic explaining Instruction labels and symbolic data addresses with a structured visual model.,<label>: <opcode> <operand> gives a symbolic address to an instruction. <label>: <data> gives a symbolic address to a memory location containing data. Pass 1 records both instruction and data labels in the symbol table. Pass 2 replaces a label reference with its resolved address while translating.,7433c55f0296a8bc9b2b27ff4575f616fc248681b6a383c49f197881e6fdc80e,Pass,PendingIndependentPixelReview,PendingBlindReverseReview,Pending,,
048,explanation-arrays-img-1,explanation-arrays,Raster image,Academic knowledge-point infographic explaining Indexed addressing and arrays with a structured visual model.,"Base address The start address of a block of related values, such as an array. Index register A register holding an offset from the base address. Effective address Calculated as base address + index/offset. Why useful Changing the index can access different array elements without changing the instruction's base address. Common error Indexed addressing does not mean ""convert the operand into an index number"". It calculates an effective address using a base and an offset.",737c16f49953ece4ab01a7b265e1b662193787b2fa32bb57ee291bc88b216494,Pass,PendingIndependentPixelReview,PendingBlindReverseReview,Pending,,
048,explanation-concept-img-1,explanation-concept,Raster image,Academic knowledge-point infographic explaining Addressing mode means operand interpretation with a structured visual model.,"The part of an instruction that supplies data, an address, a register or another reference. Addressing mode The rule used to interpret the operand and locate the data needed by the instruction. Effective address The actual memory address used after applying the addressing mode. Fetched value The final data value obtained or used by the instruction after interpretation.",b59925d5945de31253157a575f2bcfe949898e183f6977191d31ef85d8ba39ca,Pass,PendingIndependentPixelReview,PendingBlindReverseReview,Pending,,
048,explanation-modes-img-1,explanation-modes,Raster image,Academic knowledge-point infographic explaining Five addressing modes with a structured visual model.,Immediate addressing uses the operand field as the value itself. Direct addressing uses the operand field as the address of the value. Indirect addressing follows an address stored at the operand address to reach the value. Indexed addressing adds an index value to a base address to form the effective address. Relative addressing adds an offset to a PC-based instruction address to form the target or effective address. LDR #n loads the immediate value n into IX; it is not relative addressing.,b81e238b171722703252fef3f90a7372f7f9306ad8692df9dbcb983f3cb79692,Pass,PendingIndependentPixelReview,PendingBlindReverseReview,Pending,,
049,explanation-concept-img-1,explanation-concept,Raster image,Academic knowledge-point infographic explaining What an interrupt is with a structured visual model.,"Interrupt A signal that causes the processor to pause normal execution and deal with an event. Interrupt service routine A program routine that handles a specific interrupt. Processor state The information needed to continue later, such as PC, registers and status flags. Interrupt flag A stored indication that an interrupt has occurred or is waiting to be handled.",efd77d53026ad125bc94749c7dbe9b333892e4b688e90154cbfa04a99ed1b665,Pass,PendingIndependentPixelReview,PendingBlindReverseReview,Pending,,
049,explanation-cycle-img-1,explanation-cycle,Raster image,Academic knowledge-point infographic explaining The interrupt handling cycle with a structured visual model.,"1. Execute instruction The CPU finishes the current instruction before accepting most maskable interrupts. 2. Check interrupt The control unit checks whether an interrupt is pending and enabled. 3. Save state Important registers, PC and status information are stored, often on a stack. 4. Find ISR The interrupt type is used to locate the correct interrupt service routine. 5. Run ISR The routine handles the event, such as reading a key or acknowledging a device. 6. Restore and return The saved state is restored and the interrupted program continues. Why this matters Saving state is the ""bookmark"". Without it, the CPU may not know where or how to resume the interrupted program.",8412343fb50e63220ef2b4d4a6474de7b85e86dd398f0d0b24aeff1ca4303cd5,Pass,PendingIndependentPixelReview,PendingBlindReverseReview,Pending,,
049,explanation-polling-img-1,explanation-polling,Raster image,Academic knowledge-point infographic explaining Interrupts versus polling with a structured visual model.,"Interrupt-driven input The device signals the CPU when attention is needed. The CPU can do useful work meanwhile. Efficient when events are unpredictable. Requires interrupt handling and state saving. Good exam phrase: ""CPU does not continually check the device."" The CPU repeatedly checks a device or flag to see whether attention is needed. Simple to understand and implement. Can waste processor time if checks are frequent and no event has occurred. Good exam phrase: ""regularly checks the status of the device.""",294bac2ac6e4ad38ef1c48d570b37452f75be9a0eae0eaff0e4d73a648963cb5,Pass,PendingIndependentPixelReview,PendingBlindReverseReview,Pending,,
049,explanation-priority-img-1,explanation-priority,Raster image,Academic knowledge-point infographic explaining Priority and masking with a structured visual model.,Exam-safe wording Priority Some interrupts are more urgent than others. A higher-priority interrupt may be handled before a lower-priority one. Maskable interrupt Can be disabled or delayed by the processor. Used when a less urgent event can wait. Non-maskable interrupt Cannot normally be ignored. Used for critical events such as serious hardware faults. Nested interrupt An interrupt occurs while another ISR is running.,f5f9707e228f7f851b01d74b8c0393c49df7252d279833713b2111ff4aae2f98,Pass,PendingIndependentPixelReview,PendingBlindReverseReview,Pending,,
049,explanation-sources-img-1,explanation-sources,Raster image,Academic knowledge-point infographic explaining Where interrupts come from with a structured visual model.,"Input/output device A keyboard, printer or network interface signals that it needs CPU attention. Example: key pressed; printer buffer ready. A timer interrupt lets an operating system share CPU time between tasks. Example: scheduler checks whether another process should run. Hardware fault A device or hardware condition signals a problem that must be handled. Example: power warning or device failure signal. Software / exception A program event requires special handling. Example: division by zero or system call, depending on architecture. Common error",746a604cef61bf28d8ce38f9aef8e517d2393879dcc239c6c801c99147c58ded,Pass,PendingIndependentPixelReview,PendingBlindReverseReview,Pending,,
050,explanation-cache-img-1,explanation-cache,Raster image,Academic knowledge-point infographic explaining Cache: reduce slow memory access with a structured visual model.,"1. CPU requests data The CPU needs an instruction or data item. 2. Cache checked first Cache is much faster than main memory. 3. Cache hit If found, access is fast and the CPU waits less. 4. Cache miss If not found, data is fetched from slower main memory and may be copied into cache. Common error Cache is not the same as RAM capacity. It is smaller, faster and used to reduce repeated slow access to main memory.",6341976974ebac690e4709b06dfee56c7cd024d8ba56dc22a10ffff87020837b,Pass,PendingIndependentPixelReview,PendingBlindReverseReview,Pending,,
050,explanation-clock-img-1,explanation-clock,Raster image,Academic knowledge-point infographic explaining Clock speed: more cycles per second with a structured visual model.,"Mechanism A higher clock speed means more fetch-decode-execute cycle steps can be started per second, if other parts keep up. 3.6 GHz means 3.6 billion clock cycles per second, not automatically 3.6 billion completed programs. Limitation Memory access, heat, power use and CPU architecture can limit the real improvement.",da6fcb67eeb24a9c433f0064c150a3b3b52f5ebb76580e8c00fcc51b8695a48b,Pass,PendingIndependentPixelReview,PendingBlindReverseReview,Pending,,
050,explanation-concept-img-1,explanation-concept,Raster image,Academic knowledge-point infographic explaining The official processor performance factors with a structured visual model.,"The official performance factors are processor type and number of cores, bus width, clock speed and cache memory. Processor type affects how much useful work can be completed for a workload, while more cores help only when work can run in parallel. A wider bus transfers more bits per transfer; a higher clock speed provides more cycles per second; cache reduces slower main-memory accesses when required data or instructions are present. No single factor guarantees that one computer will be faster for every program.",03c8e50211679d38a3cd388df5d8cfb17958626cb03750a022ce32bc8de70110,Pass,PendingIndependentPixelReview,PendingBlindReverseReview,Pending,,
050,explanation-cores-img-1,explanation-cores,Raster image,Academic knowledge-point infographic explaining Cores: more independent processing units with a structured visual model.,One thread can execute on only one core at a time. A single-threaded task cannot run its own instructions concurrently across several cores. Other cores may still execute operating-system work or other processes; they are not necessarily idle.,821347d9e2e7d8aa502a25f1a321a77dff03f455ea6c32fb988298ffe017746c,Pass,PendingIndependentPixelReview,PendingBlindReverseReview,Pending,,
050,explanation-limits-img-1,explanation-limits,Raster image,Academic knowledge-point infographic explaining Performance is limited by bottlenecks with a structured visual model.,Memory bottleneck A fast CPU still waits if data arrives slowly from memory. Software bottleneck Single-threaded code cannot fully use many cores. Heat and power Higher clock speed can require more power and produce more heat. Architecture Different CPU designs may do different amounts of work per clock cycle.,f42feb070bce1fee403ade1602aabddcc79a249dd89cd980276072d05fcab222,Pass,PendingIndependentPixelReview,PendingBlindReverseReview,Pending,,
050,explanation-shifts-img-1,explanation-shifts,Raster image,"Academic knowledge-point infographic explaining Binary shifts: logical, arithmetic, cyclic through a cause-and-effect diagram.",Every shown input and stored result contains exactly eight bits. Logical shifts insert zero; logical left 10110011 becomes 01100110 and logical right becomes 01011001. Arithmetic left 10110011 becomes 01100110; arithmetic right copies sign bit 1 and becomes 11011001. Cyclic left rotates the outgoing bit to give 01100111; cyclic right gives 11011001. Unsigned logical-left overflow and signed arithmetic-left overflow both occur here; rotations do not use an overflow label.,73d8cb5fe01a22b9c70c1dc0ab48c84a14f56e6610cfc5a9530ed49a850ac181,Pass,CompletedFail,PendingBlindReverseReview,Fail,SCI-VIS-001;SCI-VIS-004,Eight-bit width is correct; overflow label is inconsistent.
050,explanation-word-img-1,explanation-word,Raster image,Academic knowledge-point infographic explaining Word length: bits processed as a unit with a structured visual model.,"Explanation Exam-safe wording Larger values More bits can represent larger numbers in one word. A longer word can process larger data values in a single operation. More precision More bits can support greater numeric precision where relevant. Useful for calculations needing larger or more precise operands. Addressing In some architectures, word/register/address size can affect addressable memory. Do not claim this without linking it to the architecture or address size. Limitation",d1a1648eeca725f0bd49e349266b0b247c250ae3ed24a7fd5748bef0125f4da3,Pass,PendingIndependentPixelReview,PendingBlindReverseReview,Pending,,
051,explanation-compare-img-1,explanation-compare,Raster image,Academic knowledge-point infographic explaining Without and with pipelining with a structured visual model.,"Without pipelining, each instruction completes fetch, decode and execute before the next starts. In an ideal three-stage pipeline, instruction 1 completes in cycle 3, instruction 2 in cycle 4 and instruction 3 in cycle 5. Instruction 3 must execute in cycle 5; it is not complete after decode in cycle 4.",6d17565f45459922bf7227623f5f72848cc01bf48cd0ff66f70af8932f2e4f59,Pass,PendingIndependentPixelReview,PendingBlindReverseReview,Pending,,
051,explanation-concept-img-1,explanation-concept,Raster image,Academic knowledge-point infographic explaining Pipelining overlaps instruction-cycle stages with a structured visual model.,"Pipeline A processor technique where multiple instructions are at different stages of execution at the same time. The next instruction is fetched from memory using the program counter and memory registers. The control unit interprets the instruction and prepares required operands/control signals. The instruction is carried out, such as arithmetic, memory access or a branch.",5d07c60b2862c5db47afa0bca718619cf439bb5109712b2ef71a223933278f9c,Pass,PendingIndependentPixelReview,PendingBlindReverseReview,Pending,,
051,explanation-device-bits-img-1,explanation-device-bits,Raster image,Academic knowledge-point infographic explaining Monitor and control a device register through a cause-and-effect diagram.,AND a status byte with a one-bit mask to test a named device flag. OR a control byte with a one-bit mask to set the selected output flag. AND with an inverted mask clears a flag; XOR with a one-bit mask toggles it.,355e6dec60bb1477a8fb9f02f5d369d804f4c19b6157620de0e471360d31ffb2,Pass,PendingIndependentPixelReview,PendingBlindReverseReview,Pending,,
051,explanation-hazards-img-1,explanation-hazards,Raster image,Academic knowledge-point infographic explaining Pipeline hazards: why faster is not always simpler with a structured visual model.,"Consequence Data hazard An instruction needs a result that a previous instruction has not produced yet. The pipeline may stall until the needed value is available. Control hazard A branch or jump changes which instruction should be fetched next. Incorrectly fetched instructions may need to be discarded or the pipeline may wait. Resource hazard Two stages need the same hardware resource in the same cycle. One stage may wait, reducing the ideal performance gain.",698ea69df8bc690517fcb3d9b004e67809fe86520130987edc4c397838026616,Pass,PendingIndependentPixelReview,PendingBlindReverseReview,Pending,,
051,explanation-masks-img-1,explanation-masks,Raster image,Academic knowledge-point infographic explaining Bit masks target selected positions through a cause-and-effect diagram.,"AND with a 1 preserves or tests a bit, while AND with a 0 clears it. OR with a 1 sets a bit without clearing unrelated positions. XOR with a 1 toggles a bit while XOR with a 0 preserves it.",96ef8725d2ea3ed6ff40df0a310a50e2434a1149c455f79a4ad7f9e887a8468b,Pass,PendingIndependentPixelReview,PendingBlindReverseReview,Pending,,
051,explanation-stalls-img-1,explanation-stalls,Raster image,Academic knowledge-point infographic explaining Stalls and flushes reduce the ideal gain with a structured visual model.,"The pipeline pauses one or more stages because an instruction cannot safely continue yet. Incorrect or unwanted instructions are removed from the pipeline, often after a branch decision. Dependency One instruction depends on the result or effect of an earlier instruction. Ideal case Pipeline is full, stages are balanced, no hazards occur and instructions complete regularly.",d99638ce9c8a16b7f7e1539672a278a695f3a7246052430f93968236edd427f0,Pass,PendingIndependentPixelReview,PendingBlindReverseReview,Pending,,
051,explanation-timing-img-1,explanation-timing,Raster image,"Academic knowledge-point infographic explaining Throughput improves, but latency still exists with a structured visual model.","A three-stage pipeline processes each instruction through fetch, decode and execute exactly once. For four instructions, cycles 1 and 2 fill the pipeline. In cycles 3 and 4, different instructions occupy fetch, decode and execute concurrently. Cycle 5 completes instruction 3 and decodes instruction 4; cycle 6 executes instruction 4. Pipelining improves throughput after fill but does not remove the latency of one instruction.",1c7d385b250fa810c6f38adaeb451750df5ee2565b78cd246a5b8b3c533c4c56,Pass,PendingIndependentPixelReview,PendingBlindReverseReview,Pending,,
051,overview-div-1,overview,HTML/CSS,Bit mask sketch,Bit mask sketch,c8b316e2e425845d0038e680426a14e277e188c641b525a11d5cc3d3579e5a75,Pass,PendingIndependentSemanticReview,NotApplicable,Pending,,
052,explanation-clinic-img-1,explanation-clinic,Raster image,Academic knowledge-point infographic explaining Turn vague into mark-worthy with a structured visual model.,"Answer clinic Weak answer: ""The CPU uses registers and buses to get instructions. It is faster because of cache and pipelining."" Diagnosis: This names several topics but does not answer any one of them precisely. Fix pattern: Topic → mechanism → exact role/sequence → consequence.",9e71943aff88cea1e39ba8487825acffb7bbd7a6ea65587e503d0b2db7da8a68,Pass,PendingIndependentPixelReview,PendingBlindReverseReview,Pending,,
052,explanation-compare-img-1,explanation-compare,Raster image,Academic knowledge-point infographic explaining Common compare traps with a structured visual model.,"MAR vs MDR MAR holds an address. MDR holds the data or instruction being transferred. One points where; the other carries what. Direct vs indirect Direct uses the operand as the address of the value. Indirect uses the operand as the address of a pointer to the value. Clock speed vs throughput Clock speed is cycles per second. Throughput is completed work per unit time. They are related, not identical. Interrupt vs polling An interrupt lets a device signal the CPU. Polling means the CPU repeatedly checks the device/status flag.",70db4254c35e5d56ad374cac4e20a54fee6c7835809305bc2ac3fe598f0ea06c,Pass,PendingIndependentPixelReview,PendingBlindReverseReview,Pending,,
052,explanation-map-img-1,explanation-map,Raster image,Academic knowledge-point infographic explaining Section 4 concept map with a structured visual model.,"Fetch copies PC to MAR, reads memory into MDR, copies MDR to CIR and increments PC. Decode begins after CIR holds the current instruction; the control unit interprets its opcode and operands. The address in MAR does not flow into MDR; memory returns the addressed instruction or data into MDR.",a22fd85e7bbb9b59f8219518fda494c7b1ffd19708e4b13a68d266271669d450,Pass,PendingIndependentPixelReview,PendingBlindReverseReview,Pending,,
052,explanation-retrieval-img-1,explanation-retrieval,Raster image,"Academic knowledge-point infographic explaining Retrieval grid: say the role, not just the name with a structured visual model.","PC holds the address of the next instruction; MAR holds the memory address being accessed. The address bus carries addresses between the processor and memory. MDR holds data or instructions transferred through the data bus. CIR holds the current instruction while it is decoded and executed. The control bus carries control and timing signals such as read, write and interrupt.",24a02036c2a6e6c71c841fae4e2c499898a6ef7c43612533f638162a8905fb34,Pass,PendingIndependentPixelReview,PendingBlindReverseReview,Pending,,
052,explanation-timed-img-1,explanation-timed,Raster image,Academic knowledge-point infographic explaining 8-minute mixed Section 4 response with a structured visual model.,"Timed task Choose one question, write the answer, then compare with the expandable MS in the exam section. Question A Trace the fetch stage and name the role of PC, MAR and MDR. Question B Explain why an interrupt service routine must save and restore processor state. Question C Discuss why pipelining may improve CPU performance but not always reach ideal speed-up.",04caf682cbf6b5d54a10808b3c05bef41c55a4e7558bfaaaf5797d10de7b00e8,Pass,PendingIndependentPixelReview,PendingBlindReverseReview,Pending,,
053,explanation-categories-img-1,explanation-categories,Raster image,Academic knowledge-point infographic explaining System software versus application software with a structured visual model.,"System software Runs, manages or maintains the computer system. It provides services that applications depend on. Operating system Utility software Language translators Application software Helps the user perform a specific task, such as writing a document, editing a video or browsing the web. Word processor Spreadsheet Web browser",519a2611198df74aa23e08dff49d9e11666fd1b2c4bfcaf973ec22fcd4c047b8,Pass,PendingIndependentPixelReview,PendingBlindReverseReview,Pending,,
053,explanation-concept-img-1,explanation-concept,Raster image,Academic knowledge-point infographic explaining System software supports the running and maintenance of the computer with a structured visual model.,"System software Software that manages hardware, supports applications and helps maintain the computer system. Operating system System software that manages resources and provides an interface and services for users and applications. Utility software System software that performs maintenance, protection or optimisation tasks. Translator System software that converts source code into code that can be executed or further processed.",79305bb049842161c11908073d0dd8475b9d959ae4897f931465003bd623d913,Pass,PendingIndependentPixelReview,PendingBlindReverseReview,Pending,,
053,explanation-os-img-1,explanation-os,Raster image,Academic knowledge-point infographic explaining Operating system: the main coordinator with a structured visual model.,"User interface Provides a way for users to interact with the computer, such as GUI or command line. Resource management Allocates and controls hardware resources such as processor time, memory and devices. File services Provides file organisation, storage access and permission support. Application services Provides services and APIs that application software can use. Boundary Detailed process, memory, file and device management are developed in Lesson 054. Here the OS is introduced as the main system coordinator.",00e129a7e86f9fe19f63d55cc0be9886ab6eac88907903ec83a8eb517263e485,Pass,PendingIndependentPixelReview,PendingBlindReverseReview,Pending,,
053,explanation-pathway-img-1,explanation-pathway,Raster image,Academic knowledge-point infographic explaining Translation pathway with a structured visual model.,"High-level source code Human-readable instructions such as Python, Java or pseudocode-like code. Translator Compiler/interpreter converts or executes the source language. Object / executable / machine code Low-level code that the processor can execute directly or as part of a build process. Error feedback Syntax and translation errors must be reported so the programmer can correct them.",1aa7d74aadd11f4500e2b3fd9c7ce53b761404045e0eaefe5c5420012718f5cf,Pass,PendingIndependentPixelReview,PendingBlindReverseReview,Pending,,
053,explanation-translators-img-1,explanation-translators,Raster image,Academic knowledge-point infographic explaining Language translators: source code to executable behaviour with a structured visual model.,"Compiler Translates the whole source program before execution, often producing object or executable code. Interpreter Translates and executes source code statement by statement, often useful during development and debugging. Assembler Translates assembly language mnemonics into machine code for a specific processor. Common error An interpreter is not a ""bad compiler"". It is a different translation approach with different trade-offs.",f3c3e68c45765ea6a6c23cb89bd98a6614225ae8f2615092e9e69b5125a6a862,Pass,PendingIndependentPixelReview,PendingBlindReverseReview,Pending,,
053,explanation-utility-img-1,explanation-utility,Raster image,Academic knowledge-point infographic explaining Utility software: maintenance and protection tools with a structured visual model.,"Exam-safe wording Antivirus Detects, quarantines or removes malware. Protects the system from malicious software. Creates copies of files/data. Allows recovery after data loss, corruption or hardware failure. Compression Reduces file size. Saves storage space or reduces transmission time. Disk/file tools Manage storage, clean temporary files or check disks. Maintains storage organisation and may improve usability.",6d632f19924f725b0b977bd409bba88e3c462cd089da0acf0263506435c05b6a,Pass,PendingIndependentPixelReview,PendingBlindReverseReview,Pending,,
054,explanation-compare-img-1,explanation-compare,Raster image,Academic knowledge-point infographic explaining Choose the required utility by its operation with a structured visual model.,"A disk formatter prepares a storage medium with file-system structures. A virus checker scans for, quarantines and removes malware. A disk defragmenter rearranges fragmented file blocks on a magnetic disk. A disk contents analysis/repair utility examines file-system structures and attempts defined repairs. Compression reduces file size; backup creates a separate recoverable copy.",7ccd66ead9481bff368fbbac1139582ccbb126f47eb536262a1182159f69b37d,Pass,PendingIndependentPixelReview,PendingBlindReverseReview,Pending,,
054,explanation-concept-img-1,explanation-concept,Raster image,Academic knowledge-point infographic explaining Why applications need an operating system through a cause-and-effect diagram.,Applications request services instead of controlling hardware directly. The operating system checks and schedules those requests. Drivers translate approved requests for particular devices.,5321c9fc6443458bb52f1c3d58ee33fbcac0ec232581a4f3074144e9f0090a9c,Pass,PendingIndependentPixelReview,PendingBlindReverseReview,Pending,,
054,explanation-device-img-1,explanation-device,Raster image,"Academic knowledge-point infographic explaining Why drivers, buffers and queues work together through a cause-and-effect diagram.",A driver converts a general request into device-specific commands. A buffer absorbs the speed difference between producer and device. A queue preserves an orderly sequence of pending requests.,1e6f5dd837eefb01d7ccb16eacf4e0bf2322a5ba75ca658ca405be9287ee28ad,Pass,PendingIndependentPixelReview,PendingBlindReverseReview,Pending,,
054,explanation-file-img-1,explanation-file,Raster image,Academic knowledge-point infographic explaining Why files need metadata and access rules through a cause-and-effect diagram.,"A name and path let software locate stored content. Metadata records size, timestamps, type and storage information. Permissions determine which users may read or change it.",fb1015f0b0761d8178d79ea56713c9d87caf16a668145e7010756176ab3a470d,Pass,PendingIndependentPixelReview,PendingBlindReverseReview,Pending,,
054,explanation-memory-img-1,explanation-memory,Raster image,Academic knowledge-point infographic explaining Why memory needs allocation and protection through a cause-and-effect diagram.,Each process receives addresses for its code and data. Protection blocks one process from overwriting another's region. Released memory can be reassigned safely to later work.,1f0d0cbe02efac0c050208bf5d96a2f08efbcd1cb9e170dd466b86aafe67c1e5,Pass,PendingIndependentPixelReview,PendingBlindReverseReview,Pending,,
054,explanation-process-img-1,explanation-process,Raster image,Academic knowledge-point infographic explaining How time-slicing creates apparent simultaneity through a cause-and-effect diagram.,A running process receives a short interval of CPU time. Its state is saved before another ready process runs. Rapid switching keeps several programs responsive.,e15e5a412f08e3fd5d1818ca1f9f90f34c3589e7b0fdb34cefa48c2ad953893d,Pass,PendingIndependentPixelReview,PendingBlindReverseReview,Pending,,
054,explanation-services-img-1,explanation-services,Raster image,Academic knowledge-point infographic explaining How OS services form one control layer through a cause-and-effect diagram.,"Process, memory, file and device managers track different resources. Common permissions and scheduling rules coordinate their decisions. Applications receive a stable service interface above changing hardware.",ffbe3b4ce73cdc174961970d009f905176dcddfe3091f214e120e92eb8b596c4,Pass,PendingIndependentPixelReview,PendingBlindReverseReview,Pending,,
055,explanation-cli-img-1,explanation-cli,Raster image,Academic knowledge-point infographic explaining Command line interface: precise text commands with a structured visual model.,"How it works The user types commands and parameters at a prompt. Advantages Fast for experts, supports automation/scripts, can use fewer system resources. Limitations Users must know exact commands; errors can occur from mistyped syntax. Good fit System administration, batch operations, remote servers and repeatable tasks.",a3e7d273ce96985cb137479343cecab60ff441bbc7c6d372e501d4add4cea8c1,Pass,PendingIndependentPixelReview,PendingBlindReverseReview,Pending,,
055,explanation-compare-img-1,explanation-compare,Raster image,Academic knowledge-point infographic explaining Compare interface suitability by scenario with a structured visual model.,Scenario Likely suitable interface Expert admin repeats a file operation Commands/scripts are efficient for repeatable precise tasks. Novice edits photos Visual feedback and direct manipulation support the task. Customer buys a train ticket Menu-driven Fixed choices guide the user and reduce input errors. Driver asks for directions hands-free Natural language Speech input can be used without touching the device.,0ef5f45d581a7e8989515a3d797afe24d25f7e75a7f3072353d4c1402846a1e2,Pass,PendingIndependentPixelReview,PendingBlindReverseReview,Pending,,
055,explanation-concept-img-1,explanation-concept,Raster image,Academic knowledge-point infographic explaining A user interface allows interaction with a computer system with a structured visual model.,"User interface The method by which a user communicates with a computer system. Usability How easy and effective an interface is for a specific user and task. Accessibility How well an interface can be used by people with different needs or abilities. Context The environment, user skill level and task determine suitability.",27b7c742039abf3fae3b66619b5d07c9727134da24fc92daa892fe5a8c499e51,Pass,PendingIndependentPixelReview,PendingBlindReverseReview,Pending,,
055,explanation-gui-img-1,explanation-gui,Raster image,Academic knowledge-point infographic explaining Graphical user interface: visual objects and pointer actions with a structured visual model.,"How it works Uses windows, icons, menus and a pointer/touch input. Advantages Intuitive for many users, easy to learn, supports visual feedback and direct manipulation. Limitations Can use more memory/processing power; repetitive actions may be slower than commands. Good fit General desktop use, creative work, browsing files and visual tasks.",b4767e2668403a479d1ca49e6db3e7881299571a19dc865414482db4ff4537c2,Pass,PendingIndependentPixelReview,PendingBlindReverseReview,Pending,,
055,explanation-libraries-img-1,explanation-libraries,Raster image,Academic knowledge-point infographic explaining Libraries provide reusable routines and modules with a structured visual model.,"Purpose Provide pre-written, tested routines that programs can use. Examples Mathematical functions, input/output routines, graphics or string-handling routines. Benefits Saves development time, reduces duplication and may improve reliability. Requirement Calls to library routines must be linked or made available at run time.",7b733136b230c60515838694a40b01d685cfef5b5814ec0f357cc2cd2d963c67,Pass,PendingIndependentPixelReview,PendingBlindReverseReview,Pending,,
055,explanation-menu-img-1,explanation-menu,Raster image,Academic knowledge-point infographic explaining Menu-driven interface: choose from fixed options with a structured visual model.,"How it works The user selects from displayed options, often step by step. Advantages Reduces memorisation, restricts invalid choices, useful for simple repeated tasks. Limitations Can be slow for expert users; limited to available options; nested menus can frustrate users. Good fit ATMs, ticket machines, phone menus and kiosks.",6e90c3ac414ee2dabd3b2a776d68ef287d91279a534a3a6a8edac88b4569be8b,Pass,PendingIndependentPixelReview,PendingBlindReverseReview,Pending,,
055,explanation-natural-img-1,explanation-natural,Raster image,Academic knowledge-point infographic explaining Natural language interface: ordinary language input with a structured visual model.,"How it works The user speaks or types instructions in ordinary human language. Advantages Can be accessible, hands-free and intuitive for simple requests. Limitations May misinterpret ambiguous wording, accents, noise or context. Good fit Voice assistants, search queries, smart speakers and accessibility support.",b11dfee2932964f0f16cd26307cda2e7ee65b39420a52d4c2336f170408c6b81,Pass,PendingIndependentPixelReview,PendingBlindReverseReview,Pending,,
056,explanation-antivirus-img-1,explanation-antivirus,Raster image,"Academic knowledge-point infographic explaining Antivirus utilities detect, quarantine and remove malware with a structured visual model.","Purpose Scan files, memory or downloads for malware signatures or suspicious behaviour. Actions Warn the user, quarantine infected files, delete malware or block malicious activity. Updates Definitions and detection rules should be updated to recognise newer threats. Limitation Antivirus reduces risk but cannot guarantee protection against every new or disguised threat.",eba4b35c6009fea97303f6f914f148e9b514d4c1592624709e68a926a77968bd,Pass,PendingIndependentPixelReview,PendingBlindReverseReview,Pending,,
056,explanation-backup-img-1,explanation-backup,Raster image,Academic knowledge-point infographic explaining Backup utilities create copies so data can be restored with a structured visual model.,"Purpose Create copies of files or systems in another location or storage medium. Benefit Data can be restored after accidental deletion, hardware failure, corruption or ransomware. Good practice Use automatic scheduling, versioning and off-site/cloud copies where appropriate. Limitation A backup is only useful if it is recent, complete and can actually be restored.",cd6978c48b348492c463a82517bd080c5c46a6b9ca1fb2aca3279266df1595a6,Pass,PendingIndependentPixelReview,PendingBlindReverseReview,Pending,,
056,explanation-compression-img-1,explanation-compression,Raster image,Academic knowledge-point infographic explaining Compression utilities reduce file size with a structured visual model.,"Purpose Encode data so it takes up fewer bits than the original file. Uses Save storage space, reduce upload/download time and fit within attachment limits. Lossless Original data can be reconstructed exactly, suitable for text, programs and archives. Lossy Some detail is discarded, often suitable for media where small quality loss is acceptable.",adee115f64024a471da200a7252d7ff7d3d5ed678424152a33553b30546b4b16,Pass,PendingIndependentPixelReview,PendingBlindReverseReview,Pending,,
056,explanation-concept-img-1,explanation-concept,Raster image,Academic knowledge-point infographic explaining Utility software performs maintenance and support tasks with a structured visual model.,"System software Software that supports the operation and management of the computer system. Utility software System software designed for a specific maintenance, protection or management task. Not application software It supports the system rather than directly producing user documents, games or media. Scenario link The correct utility depends on whether the problem is loss, size, confidentiality, fragmentation or malware.",7045fb1ca2d95d2b4acff3d43ec3459420b440021aeb660921a7b9fc922e4b7b,Pass,PendingIndependentPixelReview,PendingBlindReverseReview,Pending,,
056,explanation-defrag-img-1,explanation-defrag,Raster image,Academic knowledge-point infographic explaining Defragmentation rearranges fragmented files on magnetic disks with a structured visual model.,Fragmentation Parts of a file are stored in non-contiguous blocks across a disk. Purpose Rearrange file blocks so related parts are stored closer together. Benefit Can reduce mechanical disk head movement and improve hard disk access time. Boundary Do not apply the same benefit to SSDs; they have no moving disk head.,cd8c26f9465e413b87542e1c9c341e187201503f4df8135694b22fd6b270b48d,Pass,PendingIndependentPixelReview,PendingBlindReverseReview,Pending,,
056,explanation-encryption-img-1,explanation-encryption,Raster image,Academic knowledge-point infographic explaining Encryption utilities protect confidentiality with a structured visual model.,"Purpose Scramble plaintext into ciphertext using an algorithm and a key. Benefit Unauthorised users cannot read the data without the correct key. Examples Encrypting a laptop drive, a backup archive or files sent over a network. Limitation Encryption does not stop deletion or malware; losing the key can make data unrecoverable.",b000493dec53cfb113aa00e1444ec6ae08a98aa80e6b74219982fa24caacb2ec,Pass,PendingIndependentPixelReview,PendingBlindReverseReview,Pending,,
057,explanation-assembler-img-1,explanation-assembler,Raster image,Academic knowledge-point infographic explaining An assembler translates assembly language into machine code with a structured visual model.,An assembler translates assembly-language mnemonics into machine code or an object-code module. Machine code uses the instruction set and binary encodings of the target processor. An object module may still need a linker to combine modules and resolve external library references before an executable can be produced. An assembler does not translate high-level languages such as Java or Cambridge pseudocode.,306f1ab2de568aee21e2f03adfab037abcf1fb2d0a4bf9c85a1fdfe91d5e2572,Pass,PendingIndependentPixelReview,PendingBlindReverseReview,Pending,,
057,explanation-compare-img-1,explanation-compare,Raster image,"Academic knowledge-point infographic explaining Comparison: same goal, different route with a structured visual model.","A compiler translates a whole high-level program before execution and produces target or object code; a linked executable can run repeatedly without the source. An interpreter translates and executes high-level statements during execution and normally produces no separate permanent object-code file. An assembler translates assembly-language mnemonics into target machine code or an object module for a specific processor instruction set. If an assembler or compiler produces object modules, a linker may still be required before there is an executable program. Choose the translator from the input language and the development or deployment need; do not claim that every assembler output is immediately executable.",70b1e6efa26312f18d23c3bc13d20b95e3f56418af4e0cafb00f1a52ecba1f79,Pass,PendingIndependentPixelReview,PendingBlindReverseReview,Pending,,
057,explanation-compiler-img-1,explanation-compiler,Raster image,Academic knowledge-point infographic explaining A compiler translates the whole high-level program before execution with a structured visual model.,"Input High-level language source code. Output Object code or executable code after translation. Advantages Executable can run without source code; repeated execution may be faster after compilation. Limitations Errors are often reported after compilation, so debugging may involve checking a list of errors.",409dfe45c4bada576e1401bb28fb225ec0fafab043a1981002e85ae8d2c287be,Pass,PendingIndependentPixelReview,PendingBlindReverseReview,Pending,,
057,explanation-concept-img-1,explanation-concept,Raster image,Academic knowledge-point infographic explaining Translator software converts program code into another form with a structured visual model.,A compiler translates high-level source into target machine or object code. An assembler translates assembly mnemonics into target machine or object code. A linker combines object modules and resolves references to form an executable. A loader places executable code and data into memory; it is not a generic object-to-machine translation stage.,6a09c1163895c43f23919c96be3177fd8784b8f5b4a18f1aaf96800149d693b8,Pass,PendingIndependentPixelReview,PendingBlindReverseReview,Pending,,
057,explanation-interpreter-img-1,explanation-interpreter,Raster image,Academic knowledge-point infographic explaining An interpreter translates and executes statements as the program runs with a structured visual model.,Input High-level language source code. Output No separate permanent object code is normally produced. Advantages Useful during development because errors can be found statement by statement. Limitations Program may run more slowly because translation happens during execution; source code is needed.,5d356176208a578cd19e6a356ae305d94effe6d61ee71feb359c2284c5a87ccd,Pass,PendingIndependentPixelReview,PendingBlindReverseReview,Pending,,
058,explanation-generation-img-1,explanation-generation,Raster image,Academic knowledge-point infographic explaining Code generation produces object code with a structured visual model.,"Input Checked intermediate representation or syntax tree. Action Generates target low-level instructions for the processor or virtual machine. Output Object code, often not yet a complete final executable. Boundary Linking external modules and loading into memory belong to the next lesson.",5d6b316733cdad24e82457a07a9693a115e34f15f84f52d6c0fd9062dd59d152,Pass,PendingIndependentPixelReview,PendingBlindReverseReview,Pending,,
058,explanation-lexical-img-1,explanation-lexical,Raster image,Academic knowledge-point infographic explaining Lexical analysis converts character streams into tokens with a structured visual model.,"Lexical analysis converts source characters into tokens. Keywords, identifiers, literals and operators are distinct token categories. Semicolons, parentheses and braces are delimiters or punctuation, not all operators.",d46096dbaa0ac628afea3cd77eda4ee5924e38e0009d14f03ec5147803c0ad47,Pass,PendingIndependentPixelReview,PendingBlindReverseReview,Pending,,
058,explanation-optimisation-img-1,explanation-optimisation,Raster image,Academic knowledge-point infographic explaining Optimisation improves code without changing what it does with a structured visual model.,"Purpose Improve efficiency, such as speed or memory use. Examples Remove unreachable code or avoid repeated calculations. Rule The program's intended behaviour should remain the same. Common error Optimisation does not mean fixing all logic errors in the programmer's algorithm.",12aceaf24667eafd57e9c93e41992384d7da361c14f9d0ee916cbbf1c5b25d69,Pass,PendingIndependentPixelReview,PendingBlindReverseReview,Pending,,
058,explanation-pipeline-img-1,explanation-pipeline,Raster image,Academic knowledge-point infographic explaining The compilation pipeline transforms source code into object code with a structured visual model.,"Source code The high-level program written by the programmer. Tokens Meaningful units such as identifiers, keywords, operators and literals. Checks The compiler checks structure and meaning before generating code. Object code Translated low-level code output by the compiler before linking/loading details.",46d084bbe8fe45ce6ce78c5eff2cb063ec6de2cf309d3ff575bdb0cb9b6a313a,Pass,PendingIndependentPixelReview,PendingBlindReverseReview,Pending,,
058,explanation-semantic-img-1,explanation-semantic,Raster image,Academic knowledge-point infographic explaining Semantic analysis checks meaning and context with a structured visual model.,"Meaning Code can be grammatically correct but still not make valid sense. Checks Type compatibility, variable declarations, scope and valid operations. Symbol table Stores information about identifiers such as names, types and locations. Errors Examples include using an undeclared variable or adding incompatible types.",b9390731f94d220af815c74e96a2dbf50777ad614f00fe063c2bb911803b29cf,Pass,PendingIndependentPixelReview,PendingBlindReverseReview,Pending,,
058,explanation-syntax-img-1,explanation-syntax,Raster image,Academic knowledge-point infographic explaining Syntax analysis checks grammar and program structure with a structured visual model.,"Input Tokens produced by lexical analysis. Action Checks whether tokens follow the grammar rules of the language. Output May build a parse tree or syntax tree to represent structure. Errors Can detect missing brackets, invalid statement order or malformed expressions.",7e235a3e539b46da99939933de4ae6db4b279a1351722a77974702a12b01b76b,Pass,PendingIndependentPixelReview,PendingBlindReverseReview,Pending,,
058,overview-div-1,overview,HTML/CSS,Compilation pipeline,Compilation pipeline,e33cab964ea0e55d2241ca8ff2e9f76c549172e607a704a0500ddd966244d930,Pass,PendingIndependentSemanticReview,NotApplicable,Pending,,
058,overview-div-2,overview,HTML/CSS,A compiler is not one giant button. It is a careful sequence of checks and transformations.,Define exact facts for manual review of A compiler is not one giant button. It is a careful sequence of checks and transformations..,d288137facc5f0d93a3d2f9cdbb14beaf6a8d142168280efd86b00a2b0403d32,Pass,PendingIndependentSemanticReview,NotApplicable,Pending,,
059,explanation-compare-img-1,explanation-compare,Raster image,Academic knowledge-point infographic explaining Compare the roles without blending them with a structured visual model.,Main role Typical input Typical output/result Stores reusable routines/modules. Calls from a program. Routine code can be linked or used at run time. Combines object modules and resolves external references. Object files and library references. Executable/linked object code. Places executable program into main memory. Executable file/program image. Program ready for execution in memory.,141ce71f46985f30495be663c9a26ca4a19d27f61443a664e7367732b7a189c8,Pass,PendingIndependentPixelReview,PendingBlindReverseReview,Pending,,
059,explanation-concept-img-1,explanation-concept,Raster image,Academic knowledge-point infographic explaining The post-compilation pathway connects code and prepares execution with a structured visual model.,"Object code Translated output from compilation or assembly, not always a complete executable. External reference A call to code or data defined in another module or library. Executable file A program file with required code linked and arranged for execution. In memory Code and data must be placed into main memory before the CPU can execute it.",b5dbae0c9d02d7d8c07498497f5207d44c1be0930a8fac004805e3e126c6f314,Pass,PendingIndependentPixelReview,PendingBlindReverseReview,Pending,,
059,explanation-linkers-img-1,explanation-linkers,Raster image,Academic knowledge-point infographic explaining Linkers combine object modules and resolve references with a structured visual model.,Input Object code modules and required library routines or references. Action Resolves external references between modules and libraries. Output Produces executable code or a linked object file. Error Can report unresolved external references if a required routine cannot be found.,1593d14f2eaba86af4f474f64b42856f048f479f75da4addcf62df04f71efcba,Pass,PendingIndependentPixelReview,PendingBlindReverseReview,Pending,,
059,explanation-loaders-img-1,explanation-loaders,Raster image,Academic knowledge-point infographic explaining Loaders place executable code into memory with a structured visual model.,Input An executable program or loadable program image. Action Loads code and data into main memory and prepares it to run. Addresses May allocate memory and adjust addresses depending on where the program is loaded. Boundary A loader does not translate source code or combine object modules.,47ba58de6d3ea011bff25978330898a2b5c02d03095b6bea454c89464af2c773,Pass,PendingIndependentPixelReview,PendingBlindReverseReview,Pending,,
059,explanation-static-dynamic-img-1,explanation-static-dynamic,Raster image,Academic knowledge-point infographic explaining Static and dynamic linking affect when library code is connected with a structured visual model.,"Static linking Library code is copied into the executable at link time. Static trade-off Executable can be more self-contained but may be larger. Dynamic linking Library code is linked at load time or run time from a shared library. Dynamic trade-off Can reduce duplication, but the required shared library must be available and compatible.",8fcb67741c6e39e13203de461cdaea928ac7e05bdbce3bafa656f280ea385044,Pass,PendingIndependentPixelReview,PendingBlindReverseReview,Pending,,
060,explanation-compare-img-1,explanation-compare,Raster image,Academic knowledge-point infographic explaining Compare error types by evidence with a structured visual model.,Error type When noticed Evidence Translation/parsing time Invalid grammar or structure. Missing bracket or malformed IF statement. Testing/output checking Program runs but result is incorrect. Average calculated with wrong divisor. While executing Program fails due to operation or resource problem. Division by zero or file not found.,18d8e82616c1794a00420f12d6fe6b849b059cb83435b37fe41b79bf1d3dfc16,Pass,PendingIndependentPixelReview,PendingBlindReverseReview,Pending,,
060,explanation-concept-img-1,explanation-concept,Raster image,Academic knowledge-point infographic explaining Error classification depends on when and how the fault appears with a structured visual model.,Before execution Syntax and translation errors may stop a program from being translated or run. During execution Runtime errors occur while the program is running. After execution Logic errors may allow completion but produce an incorrect result. Diagnostics Error messages and locations help the programmer identify and correct faults.,8b2c37ac254d7f699b0d95c8ac3b4826b312f90ccc4b064a6bd504334904c757,Pass,PendingIndependentPixelReview,PendingBlindReverseReview,Pending,,
060,explanation-diagnostics-img-1,explanation-diagnostics,Raster image,Academic knowledge-point infographic explaining Translation diagnostics help locate and correct errors with a structured visual model.,"Compiler May report a list of errors after attempting translation. Interpreter May stop at or near the statement being translated/executed. Useful details Error type, line number, token, expected symbol or explanation of the fault. Limitation The reported line may be near the cause, not always the exact cause.",ec8dda733bfa64d469b1bddf3178f40942ac8009c9c369119ef8b04bf37217a7,Pass,PendingIndependentPixelReview,PendingBlindReverseReview,Pending,,
060,explanation-runtime-img-1,explanation-runtime,Raster image,Academic knowledge-point infographic explaining Runtime errors occur while the program is executing with a structured visual model.,"Meaning The program starts running but fails because of an event or invalid operation during execution. Examples Division by zero, file not found, array index out of range or insufficient memory. Result The program may crash, halt, raise an exception or display an error message. Handling Robust programs may use validation and exception handling to reduce runtime failure.",0e5f5d7fdc2755d14396cbc214a09d011b4551d64fdbf7d288a6f62766b7c0a9,Pass,PendingIndependentPixelReview,PendingBlindReverseReview,Pending,,
060,explanation-syntax-img-1,explanation-syntax,Raster image,Academic knowledge-point infographic explaining Syntax errors break the grammar rules of the language with a structured visual model.,"Meaning The code structure does not follow the language grammar. Examples Missing brackets, missing keywords, invalid statement structure or misplaced punctuation. Detection Detected by translator syntax analysis or parser before successful translation/execution. Diagnostic Usually reports a line number or location near the invalid syntax.",2b2dcb81507ef123f7dc6a9f0fb6b4b00463054f710fb44f7a854f0c08e7f45d,Pass,PendingIndependentPixelReview,PendingBlindReverseReview,Pending,,
061,explanation-decision-img-1,explanation-decision,Raster image,Academic knowledge-point infographic explaining A good translator choice starts with four questions with a structured visual model.,"What code? High-level source code, assembly language, object modules or executable code? What stage? Development, testing, deployment, linking or running? What output? Immediate execution, object code, executable code or program loaded in memory? What feedback? Line-by-line diagnostics, a compiler error list, linker errors or runtime messages?",fb8a0b7e24840e36cca5853dc6f413582c0c0753d4a9c9ea5ba9b139386e5d0a,Pass,PendingIndependentPixelReview,PendingBlindReverseReview,Pending,,
061,explanation-deployment-img-1,explanation-deployment,Raster image,"Academic knowledge-point infographic explaining For deployment, a compiler often produces a distributable executable with a structured visual model.",Useful when A finished program will be distributed to users or run many times. Mechanism Translates the whole high-level program before execution. Benefit Executable/object code can run without giving users the source code. Trade-off Compilation must complete before running; errors may be reported as a list.,e78b40e92bc5a3e391a174684d9431072d66e3ed6740fb130fb7a2cdb07d4595,Pass,PendingIndependentPixelReview,PendingBlindReverseReview,Pending,,
061,explanation-development-img-1,explanation-development,Raster image,"Academic knowledge-point infographic explaining During development, an interpreter can support rapid testing with a structured visual model.","Useful when The programmer wants immediate feedback while writing and testing code. Mechanism Translates and executes statements as the program runs. Benefit Can stop at or near the statement with an error, helping debugging. Trade-off Execution may be slower and source code/interpreter may be needed.",4c0670b7975798dcd70a94f4000cc011a39484672364f44b037c90f851eef597,Pass,PendingIndependentPixelReview,PendingBlindReverseReview,Pending,,
061,explanation-diagnostics-img-1,explanation-diagnostics,Raster image,Academic knowledge-point infographic explaining Error feedback affects the best choice during development with a structured visual model.,"Compiler May provide a list of syntax/translation errors after trying to compile. Interpreter May stop at the current statement, useful for step-by-step testing. Linker May report unresolved external references after object code exists. Testing Logic errors may still need test data and tracing regardless of translator.",52183804036b68337183b6982a044e9b9df5efc32fc653d4b7279b863084d0d6,Pass,PendingIndependentPixelReview,PendingBlindReverseReview,Pending,,
061,explanation-lowlevel-img-1,explanation-lowlevel,Raster image,"Academic knowledge-point infographic explaining For assembly language, use an assembler with a structured visual model.","Input Assembly language mnemonics for a specific processor. Output Machine code/object code. Use case Low-level code close to hardware or processor instructions. Boundary Assembler is not the correct tool for Java, Python or Cambridge pseudocode.",af8d073fbdc5fd4ce1b775aea44cfc5792679ff389f96d24a33a01268e64bd67,Pass,PendingIndependentPixelReview,PendingBlindReverseReview,Pending,,
061,explanation-pipeline-img-1,explanation-pipeline,Raster image,"Academic knowledge-point infographic explaining After translation, linking and loading may still be needed with a structured visual model.",A compiler translates a whole high-level program before execution. An interpreter translates and executes high-level source statement by statement during execution. An interpreter normally does not create a separate permanent executable file. An assembler translates assembly mnemonics into machine or object code. A linker combines object modules and resolves references; a loader places executable code and data into memory.,0cf42d44b5e8a8ec75bd0005053089be3076f9af28e4bc8998c49476ae4cbc43,Pass,PendingIndependentPixelReview,PendingBlindReverseReview,Pending,,
061,overview-div-1,overview,HTML/CSS,Translation choice sketch,Translation choice sketch,6e452cdd092697c5d272f82beab3bd7a3c761cb129187f4ccf091cabdabd0e50,Pass,PendingIndependentSemanticReview,NotApplicable,Pending,,
061,pipeline-div-1,pipeline,HTML/CSS,Translation pipeline,Translation pipeline,56f59bb84c776895208f76b5492eb7def1faac2cda5a9b056baed41106d2f725,Pass,PendingIndependentSemanticReview,NotApplicable,Pending,,
062,explanation-compare-img-1,explanation-compare,Raster image,Academic knowledge-point infographic explaining Similar terms that the exam likes to separate with a structured visual model.,"High-value comparisons Difference that earns marks Common wrong answer OS vs utility OS manages resources; a utility performs a specific maintenance/protection task. ""Both are apps."" Compiler vs interpreter Compiler translates whole program before execution; interpreter translates/executes statement by statement. ""Interpreter is a bad compiler."" Syntax vs semantic Syntax checks grammar; semantic checks meaning such as type, scope and declarations. ""Both mean spelling mistakes.""",036c46af18a826ef65e9c15341e75b053bfd690c62830532cb47187c96647c85,Pass,PendingIndependentPixelReview,PendingBlindReverseReview,Pending,,
062,explanation-precision-img-1,explanation-precision,Raster image,Academic knowledge-point infographic explaining Turn a weak answer into marks with a structured visual model.,"Precision rules Weak ""A compiler changes code so it can run."" Too vague: no input, output or timing. Better ""A compiler translates the whole high-level source program into object/executable code before execution."" Names input, output and timing. Weak ""Encryption makes data safe."" Too broad: safe from what? Better ""Encryption converts plaintext into ciphertext using a key so unauthorised users cannot read it."" Names mechanism and security goal.",4a809f4f45bd21e7302616a5bfe5eb8505afd8c2767ca5484d15ede40888a8c4,Pass,PendingIndependentPixelReview,PendingBlindReverseReview,Pending,,
062,explanation-retrieval-img-1,explanation-retrieval,Raster image,Academic knowledge-point infographic explaining Section 5 in one screen with a structured visual model.,"A compiler translates a whole high-level program into object code before execution. An assembler translates assembly language into machine or object code. A linker combines object modules and libraries, and a loader places an executable into memory. An interpreter translates and executes source during runtime without producing a permanent object file for the linker path.",cae2a73ded7fdc1f1f12474a2822a6f0eb6c4e271c536ea8e2c30e49dbc92509,Pass,PendingIndependentPixelReview,PendingBlindReverseReview,Pending,,
063,explanation-authenticity-img-1,explanation-authenticity,Raster image,Academic knowledge-point infographic explaining Authenticity checks that identity or data origin is genuine with a structured visual model.,"Goal Users, devices, messages or files should be verified as genuine. Risk An attacker pretends to be a valid user, sender or website. Controls Authentication, digital certificates, digital signatures and multi-factor authentication can support authenticity. Exam wording Say what identity or source is being verified, not just ""make it secure"".",4006d7939ab4c6a2c57833a7288f5ce72fe2101f4a4614feea9659fc8d092c06,Pass,PendingIndependentPixelReview,PendingBlindReverseReview,Pending,,
063,explanation-availability-img-1,explanation-availability,Raster image,Academic knowledge-point infographic explaining Availability keeps systems and data accessible when needed with a structured visual model.,"Goal Authorised users should be able to access data and services when required. Risk Hardware failure, network failure or overload prevents legitimate use. Controls Backups, redundancy, disaster recovery, UPS and monitoring can support availability. Exam wording State what remains accessible or recoverable, and for whom.",00b5e7e601dc18933ea0419a0b2a50985f4689b819fe52f980162330322ed2f2,Pass,PendingIndependentPixelReview,PendingBlindReverseReview,Pending,,
063,explanation-confidentiality-img-1,explanation-confidentiality,Raster image,Academic knowledge-point infographic explaining Confidentiality protects data from unauthorised access with a structured visual model.,"Goal Only authorised users should be able to view or access the data. Risk Personal details, passwords or exam marks are viewed by unauthorised people. Controls Access rights, authentication, encryption and least privilege can support confidentiality. Exam wording Say who is prevented from reading what, and why they are unauthorised.",66845d829b3684dbb1ca269a393168e931006ece0eef3f9f8ac5187414207bc7,Pass,PendingIndependentPixelReview,PendingBlindReverseReview,Pending,,
063,explanation-integrity-img-1,explanation-integrity,Raster image,Academic knowledge-point infographic explaining Integrity protects data from unauthorised or accidental alteration with a structured visual model.,"Goal Data should remain accurate, complete and unaltered unless changed by an authorised process. Risk Exam marks, bank balances or stock levels are changed incorrectly. Validation and verification Validation checks stated rules; verification checks entered or transferred data against its source, not whether the source is true or complete. Other controls Access rights, checksums, hashes and audit trails can prevent, detect or record some changes, but no control guarantees integrity. Exam wording Explain exactly how the named control prevents, detects or records an incorrect change.",bca7e7e5e901e4e7c2dc672c5cb0412cbcd4965b432897d0001bcd19dc29d1ab,Pass,PendingIndependentPixelReview,PendingBlindReverseReview,Pending,,
063,explanation-risk-chain-img-1,explanation-risk-chain,Raster image,Academic knowledge-point infographic explaining Use the risk chain before naming a control with a structured visual model.,"Asset Something valuable that needs protection, such as exam marks, passwords or customer records. Threat A possible cause of harm, such as unauthorised access, data corruption or service failure. Vulnerability A weakness that a threat could exploit, such as weak passwords or poor permissions. Control A safeguard that reduces likelihood or impact, such as access rights, backups or authentication.",660c5550e03d2c3a372c465bbe94e64d2f62e4cea736e9d2ece5d1f7dd9da9cb,Pass,PendingIndependentPixelReview,PendingBlindReverseReview,Pending,,
064,explanation-concept-img-1,explanation-concept,Raster image,Academic knowledge-point infographic explaining Malware is malicious software; social engineering manipulates people with a structured visual model.,"Malware Software created to disrupt, damage, steal data or gain unauthorised access. Payload The harmful action, such as deleting files, encrypting data or stealing credentials. Propagation How it spreads, such as infected files, networks, removable media or deceptive downloads. Social engineering Manipulating a person into revealing information or performing an unsafe action.",56b28b847302794918c985d300479026aaf7663196cdefdc591065ec189410f5,Pass,PendingIndependentPixelReview,PendingBlindReverseReview,Pending,,
064,explanation-controls-img-1,explanation-controls,Raster image,"Academic knowledge-point infographic explaining Match controls to mechanism, not just the word ""malware"" with a structured visual model.","Likely impact Suitable controls Virus/worm Corrupts data, spreads, slows systems, uses resources. Anti-malware, patching, scanning removable media, network monitoring. Disguised malicious installation or backdoor. Trusted sources, permissions review, user education, anti-malware. Secret monitoring, credential/data theft. Anti-spyware, least privilege, MFA, patching, download caution. Ransomware Loss of access to files/services. Offline backups, patching, anti-malware, restricted write access.",b63505ea395c86208ebdedbe2ac3ad1c036af4996562bc82f430934ae3e00bb8,Pass,PendingIndependentPixelReview,PendingBlindReverseReview,Pending,,
064,explanation-ransomware-img-1,explanation-ransomware,Raster image,Academic knowledge-point infographic explaining Ransomware denies access by encrypting or locking data with a structured visual model.,"Mechanism Encrypts files or locks systems, then demands payment for restoration. Goal affected Mainly threatens availability; may also threaten confidentiality if data is stolen. Control Offline backups, patching, anti-malware, restricted permissions and user training. Common error Paying is not a reliable recovery strategy in an exam answer.",36921d546bd7c4130c540d7e9954874b585480098c1592d0a4168e6af06bf7ce,Pass,PendingIndependentPixelReview,PendingBlindReverseReview,Pending,,
064,explanation-social-img-1,explanation-social,Raster image,Academic knowledge-point infographic explaining Social engineering exploits people rather than code with a structured visual model.,"Mechanism Uses trust, urgency, authority, curiosity or fear to influence a user. Action User may reveal passwords, approve access, install software or transfer data. Goal affected Often threatens confidentiality and authenticity through impersonation or credential theft. Control User training, verification procedures, MFA, reporting routes and least privilege.",fa57df660952c620d705affca7e4d7d7519fbca9bcc2fcf0dfb32886b892305e,Pass,PendingIndependentPixelReview,PendingBlindReverseReview,Pending,,
064,explanation-spyware-img-1,explanation-spyware,Raster image,Academic knowledge-point infographic explaining Spyware secretly monitors activity or collects data with a structured visual model.,"Mechanism Runs without clear user awareness and gathers information. Examples Keylogger, screen monitoring or browser tracking used to capture credentials. Goal affected Often threatens confidentiality and authenticity if credentials are stolen. Control Anti-malware, least privilege, patching, browser controls and caution with downloads.",37378a1e04922cc898ed602dd6c94b94020f833fd77f8de5587f420f8496b2ce,Pass,PendingIndependentPixelReview,PendingBlindReverseReview,Pending,,
064,explanation-trojan-img-1,explanation-trojan,Raster image,Academic knowledge-point infographic explaining Trojan: malicious code disguised as legitimate software with a structured visual model.,"Mechanism Appears useful or harmless so a user installs or runs it. Impact May create a backdoor, steal data, install other malware or change settings. Control Download from trusted sources, check permissions, use anti-malware and user education. Common error A Trojan does not need to self-replicate to be harmful.",12a66b6583c025fe0008216ee7e3e3fe088323becfb6623a7c9d7ecf37c86d68,Pass,PendingIndependentPixelReview,PendingBlindReverseReview,Pending,,
064,explanation-virus-img-1,explanation-virus,Raster image,"Academic knowledge-point infographic explaining Virus and worm: both can spread, but not in the same way with a structured visual model.","Virus Attaches to a host file/program and often needs the host to be run or shared. Worm Self-replicates, often across networks, without needing to attach to a host file. Impact Can corrupt data, slow systems, consume bandwidth or install further malware. Common error Do not say every self-spreading threat is a virus.",3f1695d0db294cacc53ffcc1297efc1896b220686d7083a93999a6a7e3c6bf58,Pass,PendingIndependentPixelReview,PendingBlindReverseReview,Pending,,
065,explanation-compare-img-1,explanation-compare,Raster image,Academic knowledge-point infographic explaining Compare by route and result with a structured visual model.,"Route or mechanism Direct result Access controls are bypassed or abused. Unauthorised access; data may then be viewed, copied, changed or deleted. Phishing A deceptive message, link or site persuades the user to reveal information. Credentials or personal data are disclosed; later unauthorised access is possible but not guaranteed. Pharming Traffic is redirected to a fake site, possibly after the correct URL is entered. The user may submit data to the fake site; later credential theft or misuse is possible but not guaranteed. DoS/DDoS A server or network is overwhelmed by requests or traffic.",8942ae52070e9dc0fae4ae686b5f83854b194c0e1ecdb283149cd3d54cd018b2,Pass,PendingIndependentPixelReview,PendingBlindReverseReview,Pending,,
065,explanation-controls-img-1,explanation-controls,Raster image,Academic knowledge-point infographic explaining Controls must fit the attack route with a structured visual model.,"Against hacking Strong authentication, access rights, patching, audit logs and monitoring. Against phishing User training, checking URLs/senders, email filtering, reporting routes and MFA. Against pharming Secure DNS, certificate checks, HTTPS warnings, anti-malware and browser updates. Against DoS Traffic filtering, rate limiting, firewalls, load balancing and DDoS mitigation services. Do not overclaim. A control reduces risk; it rarely makes the attack impossible.",7ec9e76e88a44de8469c0bb29bab0e1892c732401eb6d03f12494fdb7e953815,Pass,PendingIndependentPixelReview,PendingBlindReverseReview,Pending,,
065,explanation-core-img-1,explanation-core,Raster image,"Academic knowledge-point infographic explaining Start from mechanism, then discuss impact with a structured visual model.","Asset Data, account, system or service being protected. Attack vector The route used by the attacker: access, deception, redirection or flooding. Impact Loss of confidentiality, integrity, availability or authenticity. Control A safeguard that reduces risk, detects attack or supports recovery.",fa51a10028661bcab50f6b12a2732999cbd00e93a6bc702d3be0bc6eb34eaecd,Pass,PendingIndependentPixelReview,PendingBlindReverseReview,Pending,,
065,explanation-dos-img-1,explanation-dos,Raster image,Academic knowledge-point infographic explaining Denial-of-service: making a service unavailable with a structured visual model.,"Mechanism Floods a server, network or service with traffic or requests so legitimate users cannot access it. DDoS Distributed DoS uses many devices/sources, making filtering harder. Impact Loss of availability, lost sales, disrupted lessons or inability to access online services. Common error DoS does not primarily mean data is stolen; the main issue is service availability.",632acf2b17731fba874f82abfcee431cb040fb1a6c9f48e2d6aa239895c4c329,Pass,PendingIndependentPixelReview,PendingBlindReverseReview,Pending,,
065,explanation-hacking-img-1,explanation-hacking,Raster image,Academic knowledge-point infographic explaining Hacking: gaining unauthorised access to a system or data with a structured visual model.,"Mechanism Bypasses or abuses access controls to enter an account, device or system. Examples Using stolen credentials, exploiting a vulnerability or accessing an account without permission. Impact Data may be viewed, copied, changed or deleted; system settings may be altered. Common error Do not use ""hacking"" as a label for every cyber attack. It specifically involves unauthorised access.",0c686461acd7410446b51bd6e8ff30a8d31b07d145aff8510f5130783546c4e1,Pass,PendingIndependentPixelReview,PendingBlindReverseReview,Pending,,
065,explanation-pharming-img-1,explanation-pharming,Raster image,Academic knowledge-point infographic explaining Pharming: redirecting users to a fake website with a structured visual model.,"Mechanism Redirects traffic from a legitimate website to a fake one, often by attacking name resolution. User clue The user may type the correct URL but still arrive at a fraudulent page. Impact Users may submit credentials or payment details to the attacker. Common error Do not define pharming as just ""sending a fake email""; that is phishing.",c8d4677d51e1b14ee7bed94c7d1f4e9e42d6769d5929098f87bef59fd872c830,Pass,PendingIndependentPixelReview,PendingBlindReverseReview,Pending,,
065,explanation-phishing-img-1,explanation-phishing,Raster image,Academic knowledge-point infographic explaining Phishing: tricking users into revealing information or visiting a fake page with a structured visual model.,"Mechanism Uses deceptive emails, messages or websites that appear to come from a trusted source. User action The user may enter credentials, personal data or payment details. Clues Urgent language, suspicious sender, unexpected link, spelling issues or mismatched URL. Impact Credential theft can lead to unauthorised access and impersonation.",6f98314ec9064a3d893cdea8ed0bfa5401946a75c51be24ca1a1e3652002a056,Pass,PendingIndependentPixelReview,PendingBlindReverseReview,Pending,,
066,explanation-biometrics-img-1,explanation-biometrics,Raster image,Academic knowledge-point infographic explaining Biometrics: convenient identity evidence from physical or behavioural features with a structured visual model.,"A biometric sensor captures a physical or behavioural feature and the system compares its template with a stored enrolled template. A match authenticates the identity claim; authorisation is a separate process that decides what an authenticated user may access or do. A false reject denies a valid enrolled user by mistake; a false accept authenticates an impostor by mistake. Biometrics require sensors and stored templates and may create privacy, false-accept and false-reject risks.",a9ae9df1b3a190ebbcf2662f910994b46f47444e38a91cbd66dd21b8c81687cb,Pass,PendingIndependentPixelReview,PendingBlindReverseReview,Pending,,
066,explanation-compare-img-1,explanation-compare,Raster image,"Academic knowledge-point infographic explaining Compare methods by evidence, risk and context with a structured visual model.","Evidence Strengths and limitations Password/PIN Something the user knows. Low cost and familiar; can be guessed, reused, shared, phished or forgotten. Biometric Something the user is. Convenient and hard to forget; needs sensors and may have false accepts/rejects or privacy concerns. Something the user has. Useful second factor; can be lost, stolen, damaged or unavailable. Two or more different factor categories. Reduces account takeover risk; increases setup, support and recovery complexity.",9f0f31e7cc2ea92a020d0a48191cace70043c0c8b144ca86760fb1a475530de5,Pass,PendingIndependentPixelReview,PendingBlindReverseReview,Pending,,
066,explanation-core-img-1,explanation-core,Raster image,Academic knowledge-point infographic explaining Authentication is identity checking with a structured visual model.,"Authentication Verifies that a user, device or process is who it claims to be. Claim The identity presented, such as a username, account or device ID. Credential Evidence used to prove the claim, such as a password, biometric or token. Authorisation Decides what an authenticated user is allowed to access or change.",7250963a658f7aeeeba1ab2a4f0ab4befc7ec040ff56e21dfca578c7e6d0c3ca,Pass,PendingIndependentPixelReview,PendingBlindReverseReview,Pending,,
066,explanation-factors-img-1,explanation-factors,Raster image,"Academic knowledge-point infographic explaining Authentication factors: know, have, are with a structured visual model.","Something you know Password, passphrase or PIN. Risk: guessed, reused, shared or phished. Something you have Security token, smart card or one-time code device. Risk: lost, stolen or unavailable. Something you are Biometric characteristic such as fingerprint, face, iris or voice. Risk: false acceptance or privacy concerns. Factor type Two checks only become MFA when they come from different factor categories.",e4fc9f10b2592ea09895ab18c1a3111442eaf2215a84aba5369ce97d2731443e,Pass,PendingIndependentPixelReview,PendingBlindReverseReview,Pending,,
066,explanation-mfa-img-1,explanation-mfa,Raster image,Academic knowledge-point infographic explaining MFA combines different factor types with a structured visual model.,"Definition Multi-factor authentication requires evidence from two or more different factor categories. Example Password plus phone app code: something you know plus something you have. Benefit If a password is stolen, the attacker still needs the second factor. Cost More setup, recovery problems and user friction if a device is unavailable.",c5f8a45d830c9be5ca1cb58685dbe112b312fd24db903e14fb15fbedd853cbaf,Pass,PendingIndependentPixelReview,PendingBlindReverseReview,Pending,,
066,explanation-password-tool-img-1,explanation-password-tool,Raster image,Academic knowledge-point infographic explaining Estimate password quality without collecting real passwords with a structured visual model.,"Interactive password check Use a practice string only. Never type a real password into lesson tools, screenshots or chat. Practice password",7470ae3044ba83bd9fe7793272bc7439295b42ed48e7af5257ffcbf08c82c0af,Pass,PendingIndependentPixelReview,PendingBlindReverseReview,Pending,,
066,explanation-passwords-img-1,explanation-passwords,Raster image,"Academic knowledge-point infographic explaining Passwords: cheap, familiar and often ruined by humans with a structured visual model.","Strength Longer passwords or passphrases with less predictable structure are harder to guess. Weakness Users may reuse, share, write down or choose predictable passwords. Storage Systems should not store plaintext passwords; hashes are commonly used for verification. Control Password policy, lockout/rate limiting, user education and MFA reduce risk.",846cf4bb57a0ade9ffd5fa88cbeb138dba847f32088b795769ed4c36ab1e2ada,Pass,PendingIndependentPixelReview,PendingBlindReverseReview,Pending,,
066,explanation-tokens-img-1,explanation-tokens,Raster image,Academic knowledge-point infographic explaining Tokens: proof that the user has a specific device or object with a structured visual model.,"Hardware token A physical device, card or key used during login. Software token An app or service that generates a one-time code. One-time code A code valid for a short time or single login attempt. Limitation Tokens can be lost, stolen, damaged, out of battery or unavailable without a phone/network.",4cbdd9d55e8f84b9ed67eda4eaefb19fb0899d068fc4cfcfaf0c2f5907951a4b,Pass,PendingIndependentPixelReview,PendingBlindReverseReview,Pending,,
067,explanation-controls-img-1,explanation-controls,Raster image,"Academic knowledge-point infographic explaining One control can support more than one goal, but not every goal with a structured visual model.","Encryption makes data unreadable without the correct key and supports confidentiality. Access rights prevent unauthorised viewing and prevent unauthorised alteration; they support confidentiality and integrity but do not detect whether data changed. Backups allow recovery after data loss or corruption and support availability. Hash/checksum comparison can detect whether data changed and supports integrity, but it does not prevent unauthorised alteration.",b7e56298bb5a0650db5c40eea413699a5c502e7ad0527a19fe8e70ecdb0fa306,Pass,PendingIndependentPixelReview,PendingBlindReverseReview,Pending,,
067,explanation-core-img-1,explanation-core,Raster image,Academic knowledge-point infographic explaining Access control decides what authenticated users may do with a structured visual model.,"Access right A permission to perform an action on a resource, such as read or write. Resource A file, database table, account, device, folder, application or network service. Authorisation The decision to allow or deny an action after identity has been checked. Policy The rule set that maps users, groups or roles to permitted actions.",87a12bc391d5cf0ce38fcfe3cf2416a76a25e6be87b2816910ac661cce46dafd,Pass,PendingIndependentPixelReview,PendingBlindReverseReview,Pending,,
067,explanation-least-img-1,explanation-least,Raster image,Academic knowledge-point infographic explaining Least privilege reduces unnecessary damage with a structured visual model.,"Definition Give users only the minimum permissions needed to perform their role. Confidentiality Users cannot view data that is not needed for their work. Integrity Users cannot accidentally or deliberately change data outside their responsibility. Availability Fewer users can delete files, disable services or change critical settings.",d393dcef7c3b899da7a179fdd4680c177b3b7671d378e9d82d8a40a91fae563f,Pass,PendingIndependentPixelReview,PendingBlindReverseReview,Pending,,
067,explanation-matrix-img-1,explanation-matrix,Raster image,Academic knowledge-point infographic explaining A permission matrix makes access decisions visible with a structured visual model.,Student records Exam marks System settings Read own record No access Read class records Write marks for own classes Exam officer Read relevant records Read/write exam data Administrator Manage accounts,8a100c220e5efe8413e2ae6f4f2098a49f2c68c86d6ab6b0e5a1b23cb88ff0ba,Pass,PendingIndependentPixelReview,PendingBlindReverseReview,Pending,,
067,explanation-review-img-1,explanation-review,Raster image,"Academic knowledge-point infographic explaining Permissions need review, not just setup day optimism with a structured visual model.","Joiner New user receives permissions based on role, not copied blindly from a friend. Mover User changes role; old permissions are removed and new ones are added. Leaver Account is disabled or removed when the user leaves. Review Regular checks remove excessive, stale or temporary permissions.",fc1cd166cf2c878de5b8a6c489ba3d4e95d7184f7c74ce0f02a761104f7dfeef,Pass,PendingIndependentPixelReview,PendingBlindReverseReview,Pending,,
067,explanation-rights-img-1,explanation-rights,Raster image,Academic knowledge-point infographic explaining Common permission types with a structured visual model.,"Read View or open data without changing it. Protects confidentiality when restricted. Write/modify Create or change data. Protects integrity when restricted. Delete Remove data or accounts. Often high risk because loss may affect availability. Execute/admin Run programs, install software or manage settings. Usually limited to trusted roles.",13483271761ce963764c767dcdb9ae4921303a1dba943d05dc68234c1d5c1562,Pass,PendingIndependentPixelReview,PendingBlindReverseReview,Pending,,
067,explanation-users-img-1,explanation-users,Raster image,"Academic knowledge-point infographic explaining Users, groups and roles keep permissions manageable with a structured visual model.","User account Individual identity, useful for accountability and audit trails. Group A collection of accounts that share permissions, such as ""Students"" or ""Finance"". Role A job-based permission set, such as teacher, receptionist, technician or administrator. Audit log Records access attempts or changes, helping detect misuse and investigate incidents.",6521c3a80e9eca77a13481c327da06bb4ff89e4d000e0330c03884be77b1d7db,Pass,PendingIndependentPixelReview,PendingBlindReverseReview,Pending,,
068,explanation-certificates-img-1,explanation-certificates,Raster image,Academic knowledge-point infographic explaining How a certificate supports trust through a cause-and-effect diagram.,A certificate contains an identity and its public key. A trusted authority digitally signs that binding. Software verifies the signature before trusting the presented key.,5a70f3c73c4d5ebe8185d258b75b12f233fad8af3f3236ae01cdc7cbbcaa8834,Pass,PendingIndependentPixelReview,PendingBlindReverseReview,Pending,,
068,explanation-compare-img-1,explanation-compare,Raster image,Academic knowledge-point infographic explaining How the required property chooses the method through a cause-and-effect diagram.,"First identify confidentiality, integrity, authentication or several needs. Choose the mechanism whose operation creates that property. Combine methods when the communication needs multiple properties.",1131a8316f363bb775072b14ab9ca471d623df28f34df7985042b4cd5d510d37,Pass,PendingIndependentPixelReview,PendingBlindReverseReview,Pending,,
068,explanation-core-img-1,explanation-core,Raster image,Academic knowledge-point infographic explaining Why security methods cannot substitute through a cause-and-effect diagram.,Encryption hides readable content from unauthorised viewers. Hashing creates a comparison value for integrity checks. Certificates bind an identity to a public key through trust.,f79e751af563fe9c89af0438689b31a5ab28943c6c2c610af421504e8cd59ad9,Pass,PendingIndependentPixelReview,PendingBlindReverseReview,Pending,,
068,explanation-encryption-img-1,explanation-encryption,Raster image,Academic knowledge-point infographic explaining How encryption protects confidentiality through a cause-and-effect diagram.,An algorithm combines plaintext with a key. The output is ciphertext that lacks readable meaning without the key. An authorised key reverses the transformation for the recipient.,7a6c2201e3d5917150f2976b874948220132186262d8076ff0e54ca5d79caafb,Pass,PendingIndependentPixelReview,PendingBlindReverseReview,Pending,,
068,explanation-hashing-img-1,explanation-hashing,Raster image,Academic knowledge-point infographic explaining Why a hash supports comparison through a cause-and-effect diagram.,A hash function maps input data to a fixed-length digest. A small input change should produce a substantially different digest. Matching digests provide evidence that the checked data is unchanged.,bfe800453ec50022ad93db3e2e5645e168a5902f92fa33689160ae53b08a0138,Pass,PendingIndependentPixelReview,PendingBlindReverseReview,Pending,,
068,explanation-https-img-1,explanation-https,Raster image,Academic knowledge-point infographic explaining How HTTPS combines trust and privacy through a cause-and-effect diagram.,The server presents its certificate and public-key information. The browser verifies the trust chain and agreed connection details. Both sides establish session keys for efficient encrypted transport.,65377446c86a6bee5a1842f3df3bd49696dade3dff0073b524131373be7813d1,Pass,PendingIndependentPixelReview,PendingBlindReverseReview,Pending,,
068,explanation-keys-img-1,explanation-keys,Raster image,Academic knowledge-point infographic explaining Why key ownership changes capability through a cause-and-effect diagram.,A symmetric key can both encrypt and decrypt shared data. An asymmetric key pair separates public and private operations. Protecting the private or shared secret preserves the security boundary.,ce0f695f068acc96d7dd103444a7a78e2ac470a18654827ab348d72afdbeb324,Pass,PendingIndependentPixelReview,PendingBlindReverseReview,Pending,,
069,explanation-core-img-1,explanation-core,Raster image,Academic knowledge-point infographic explaining Network controls sit between traffic and risk with a structured visual model.,"Traffic Data packets or requests moving across a network. Rule A condition that allows, blocks or logs traffic based on properties. Log A record of events, traffic, blocked attempts or user activity. Alert A warning generated when traffic or behaviour matches a suspicious pattern.",a7535d5990795668610ab9cb42e8e2b8687eda3c1fd4432e8b6e634bd98aabd8,Pass,PendingIndependentPixelReview,PendingBlindReverseReview,Pending,,
069,explanation-event-tool-img-1,explanation-event-tool,Raster image,Academic knowledge-point infographic explaining Which control is most relevant? with a structured visual model.,Interactive event classifier,e4d0ed06249981faa9f6039c63dac90890461d146283a2e8f8a8668b8f786459,Pass,PendingIndependentPixelReview,PendingBlindReverseReview,Pending,,
069,explanation-firewall-img-1,explanation-firewall,Raster image,Academic knowledge-point infographic explaining Firewalls filter traffic using rules with a structured visual model.,"Purpose Control traffic entering or leaving a network/device. Checks Can inspect source/destination IP address, port number, protocol or connection state. Decision Allow, deny, reject or log traffic depending on rule match. Placement Can protect a network boundary or run on an individual host.",1ac5fb24297e7747ef37fa6f017a95d2c31fd03092eb2421847b909289d6a21b,Pass,PendingIndependentPixelReview,PendingBlindReverseReview,Pending,,
069,explanation-limits-img-1,explanation-limits,Raster image,Academic knowledge-point infographic explaining Controls reduce risk but have limits with a structured visual model.,"Firewall limit Allowed traffic can still carry attacks, and rules may be misconfigured. Proxy limit Encrypted traffic and unmanaged devices can reduce visibility if not configured properly. Monitoring limit Alerts need review and response; too many false positives can be ignored. Layering Use with authentication, permissions, patching, encryption and user training.",268ce3ac4032c848150afb0c03362a3ec3b22321d1e594032baa38c34cca6d81,Pass,PendingIndependentPixelReview,PendingBlindReverseReview,Pending,,
069,explanation-monitoring-img-1,explanation-monitoring,Raster image,Academic knowledge-point infographic explaining Network monitoring watches for patterns and evidence with a structured visual model.,"Traffic volume Unusual spikes may suggest DoS, malware activity or misconfiguration. Connection attempts Repeated failed access attempts may suggest probing or brute force activity. Alerts Monitoring systems can notify staff when thresholds or signatures are triggered. Investigation Logs help reconstruct what happened, when, and from where.",262e31717988d9d1d016d98456c8794ad7838181cf3264749a260172caa63815,Pass,PendingIndependentPixelReview,PendingBlindReverseReview,Pending,,
069,explanation-proxy-img-1,explanation-proxy,Raster image,Academic knowledge-point infographic explaining A proxy acts as an intermediary with a structured visual model.,"Forward requests Client sends request to proxy; proxy requests the resource from the destination. Filtering Can block sites, content types, categories or requests that break policy. Caching Can store copies of frequently requested resources to reduce bandwidth and latency. Logging Can record user requests for audit, investigation or policy enforcement.",a8610fe6a96dd195dd647d73402780664684781fdf7c65d936ca4d630d7bfc8f,Pass,PendingIndependentPixelReview,PendingBlindReverseReview,Pending,,
069,explanation-rules-img-1,explanation-rules,Raster image,Academic knowledge-point infographic explaining Firewall rules should be specific and ordered with a structured visual model.,Allow HTTPS from internal users to internet Permit web traffic on port 443. Needed for secure website access. Block inbound unknown traffic Deny unsolicited external connections. Reduces unauthorised access attempts. Allow admin only from management subnet Restrict sensitive admin ports by source. Limits attack surface and misuse. Log repeated denied connections Record unusual or repeated blocked attempts. Supports monitoring and investigation.,d6673402e41cdb67c1c9d0c3c11d5abd069a45caeb03ece8f0cb94dccf03722e,Pass,PendingIndependentPixelReview,PendingBlindReverseReview,Pending,,
070,explanation-checks-img-1,explanation-checks,Raster image,Academic knowledge-point infographic explaining Common validation checks with a structured visual model.,"The seven required validation methods are range, format, length, presence, existence, limit and check digit. A range check applies both a lower and an upper bound; a limit check applies one stated upper or lower limit. An existence check confirms that a value is present in a specified stored lookup or file. A check digit is calculated from the other digits and compared to detect many entry or scanning errors. Validation checks rules and reasonableness; it does not prove that data is true.",eb35739a7fcafb043def374a8f14e0266c37f398cf7a763b3074cd3a16f3f349,Pass,PendingIndependentPixelReview,PendingBlindReverseReview,Pending,,
070,explanation-compare-img-1,explanation-compare,Raster image,"Academic knowledge-point infographic explaining Validation and verification are partners, not synonyms with a structured visual model.","Question answered Validation Does this data obey the rule? Reject mark 91 when maximum mark is 75. Verification Was this copied or entered correctly? Compare typed name with the paper form. Both together Does it follow rules, and does it match the source? Check date format, then compare with original application form.",4a91972e28a0b8bec3580d44a46da30827eecdfe4167ee04179ce8ff61dae848,Pass,PendingIndependentPixelReview,PendingBlindReverseReview,Pending,,
070,explanation-core-img-1,explanation-core,Raster image,Academic knowledge-point infographic explaining Validation and verification protect data quality in different ways with a structured visual model.,"Validation Checks input data against rules before it is accepted. Verification Checks that data has been copied, entered or transferred accurately. Input error A mistake made while entering or transferring data. Data integrity Data remains accurate, consistent and not accidentally corrupted.",5ac7782b2cb8a54be660768c5936e9c7d35a5207376ca3dd1504b7df1eb5d924,Pass,PendingIndependentPixelReview,PendingBlindReverseReview,Pending,,
070,explanation-limits-img-1,explanation-limits,Raster image,Academic knowledge-point infographic explaining Neither method guarantees truth with a structured visual model.,"Validation limit A valid value can still be wrong, such as a valid but incorrect postcode. Verification limit Data can be copied accurately from a source that was already wrong. Human factor Visual checks can be skipped or performed carelessly. Security link Better input quality supports integrity but does not replace access control or backup.",776aaa46595d7efcf778460d7ac55b7cab590f750c5aee403c93718aec96211a,Pass,PendingIndependentPixelReview,PendingBlindReverseReview,Pending,,
070,explanation-validation-img-1,explanation-validation,Raster image,Academic knowledge-point infographic explaining Validation checks whether data obeys a rule with a structured visual model.,"Before acceptance Invalid input can be rejected or a warning can be shown. Rule-based The rule may test type, range, length, format, presence or check digit. Benefit Reduces obvious errors and prevents unsuitable data entering the system. Limit Valid data can still be factually wrong, such as an incorrect but possible date.",529e5160163b4799f06980c5333283aebea5144256be8d61a45b676a95108741,Pass,PendingIndependentPixelReview,PendingBlindReverseReview,Pending,,
070,explanation-verification-img-1,explanation-verification,Raster image,Academic knowledge-point infographic explaining Verification checks accuracy against the source with a structured visual model.,"During data entry, visual checking compares entered data with its source and double entry compares two independently entered values. During transfer, a parity check on a byte tests the agreed odd or even parity; block parity applies parity across rows and columns of a data block. For a checksum, the sender calculates and transmits a value for the data block; the receiver recalculates and compares it. These methods detect many errors but do not prove truth or automatically correct every error. A validation check digit belongs to an identifier; a transfer checksum belongs to a transmitted data block.",36b834ab58d464e711c78c3f55a6f75da218587eabbf1ee546084f50c568fce8,Pass,PendingIndependentPixelReview,PendingBlindReverseReview,Pending,,
070,explanation-verify-tool-img-1,explanation-verify-tool,Raster image,Academic knowledge-point infographic explaining Which verification method fits? with a structured visual model.,Interactive verification selector Scenario,eff61b8c9571a0f263f80eaab15bd4f91f2e6c02c4d5bbd970c724a8643c1764,Pass,PendingIndependentPixelReview,PendingBlindReverseReview,Pending,,
071,explanation-audit-trails-img-1,explanation-audit-trails,Raster image,Academic knowledge-point infographic explaining Audit trails support accountability and investigation with a structured visual model.,"Who User ID, account, device or process involved. What Action such as login, read, edit, delete, approve or restore. When/where Timestamp, location, device or IP address. Use Trace errors, detect misuse, investigate incidents and prove compliance.",212cf067a40a41ce900c56ab53572316b079b7c130376aa375c465e5c4d78a22,Pass,PendingIndependentPixelReview,PendingBlindReverseReview,Pending,,
071,explanation-backups-img-1,explanation-backups,Raster image,"Academic knowledge-point infographic explaining Backup type affects speed, storage and recovery complexity with a structured visual model.","Full backup Copies all selected data. Simple to restore, but uses more time and storage. Incremental backup Copies only data changed since the last backup. Faster and smaller, but restore may need a chain. Differential idea Copies changes since last full backup. Useful comparison, though full/incremental is the main contrast here. Testing Backups must be tested by restoring sample data, not only by checking that a file exists.",85bf41d8346736985232d75877adeb5942c18d8bdcae15b388ae4c7d0bb3c5b6,Pass,PendingIndependentPixelReview,PendingBlindReverseReview,Pending,,
071,explanation-compare-img-1,explanation-compare,Raster image,"Academic knowledge-point infographic explaining Compare by purpose, not by ""security word"" with a structured visual model.","Main purpose Limitation Restore data after deletion, corruption, hardware failure or ransomware. May be too old, corrupted, inaccessible or affected by same incident. Disaster recovery plan Restore systems and services in a planned order after major disruption. Needs testing, clear roles and updated documentation. Audit trail Record actions for accountability, investigation and evidence. Does not restore data by itself and must be protected from tampering.",550448bb4a42505ab08e4994f71c4e6f1ae5d51afb55110ad47e6e148adcb0a9,Pass,PendingIndependentPixelReview,PendingBlindReverseReview,Pending,,
071,explanation-core-img-1,explanation-core,Raster image,"Academic knowledge-point infographic explaining Recovery planning is about availability, integrity and accountability with a structured visual model.","Backup A separate copy of data that can be used to restore the original after loss or corruption. Restore The process of recovering data or systems from a backup. Disaster recovery Planned actions to restore systems and services after a major incident. Audit trail A chronological record of actions, changes and access events.",17e4c87dc9d7f233c76d77cf336c3fb2966093eef95f202742e28539a56969f6,Pass,PendingIndependentPixelReview,PendingBlindReverseReview,Pending,,
071,explanation-recovery-img-1,explanation-recovery,Raster image,Academic knowledge-point infographic explaining Disaster recovery is more than data copying with a structured visual model.,"1. Identify incident Detect failure, confirm scope and prevent further damage. 2. Communicate Notify staff/users and assign responsibilities. 3. Restore systems Recover data, applications, hardware/network access and configuration. 4. Test and review Check service works, document lessons and improve the plan. Useful exam language: RPO = how much data loss is acceptable; RTO = how quickly service must be restored.",142167ff2f36d9db9512197baffb5e97dcecb64a63f65de532e687cbbbd4f110,Pass,PendingIndependentPixelReview,PendingBlindReverseReview,Pending,,
071,explanation-rpo-tool-img-1,explanation-rpo-tool,Raster image,Academic knowledge-point infographic explaining Match backup frequency to acceptable data loss with a structured visual model.,Interactive recovery objective tool Maximum acceptable data loss,c44d31c95b5f64cdd43921bc6acf3aaf5b0324fa25df3daae4c72d320a7c2ed0,Pass,PendingIndependentPixelReview,PendingBlindReverseReview,Pending,,
071,explanation-strategy-img-1,explanation-strategy,Raster image,"Academic knowledge-point infographic explaining A strategy defines location, frequency, retention and security with a structured visual model.","Onsite Fast to access, but vulnerable to the same fire, flood, theft or ransomware incident. Offsite Stored in a different physical location, reducing site-wide disaster risk. Cloud Remote provider storage; useful for offsite copies but needs network access and access control. Retention How long versions are kept, so accidental deletion or corruption can be rolled back.",7b21afb78561d0d38309ebf47f29fab6836e511ac207b5e7f130262d61fccf63,Pass,PendingIndependentPixelReview,PendingBlindReverseReview,Pending,,
072,explanation-compare-img-1,explanation-compare,Raster image,Academic knowledge-point infographic explaining Similar-looking controls: choose by mechanism with a structured visual model.,Difference Common error Validation vs verification Validation checks rule acceptability; verification checks accurate transfer/copying. A valid value can still be the wrong value. Authentication vs authorisation Authentication confirms identity; authorisation/access rights decide permitted actions. Logging in does not mean full access should be granted. Encryption vs hashing Encryption is reversible with a key; hashing is one-way and often used for password storage. Do not say hashed data can be decrypted. Backup vs audit trail,ff3d21d71ebace69eb9c17c5032b1d9d4c5c882bd5f57f8d9a4979594805dc91,Pass,PendingIndependentPixelReview,PendingBlindReverseReview,Pending,,
072,explanation-controls-img-1,explanation-controls,Raster image,Academic knowledge-point infographic explaining Controls have different jobs with a structured visual model.,"Verification checks that copied, entered or transferred data agrees with the source or repeated entry. Double entry and visual checking can reduce copying errors. Matching values may still be false, so verification does not guarantee accuracy or truth.",538b26876da03b6f487a350c9e68f60f8cdeb1391502d12dbecbe0af12465879,Pass,PendingIndependentPixelReview,PendingBlindReverseReview,Pending,,
072,explanation-diagnostic-img-1,explanation-diagnostic,Raster image,Academic knowledge-point infographic explaining Identify the risk family first with a structured visual model.,Interactive diagnostic Choose the broad risk family. Then compare the suggested control route.,8b95de6a65cf293466cff80ca0e1fe4607b29bb2e8ef4380a8daba70300fa253,Pass,PendingIndependentPixelReview,PendingBlindReverseReview,Pending,,
072,explanation-matcher-img-1,explanation-matcher,Raster image,Academic knowledge-point infographic explaining Select the best control for the scenario with a structured visual model.,Interactive risk matcher The best answer is the one whose mechanism directly addresses the named risk. Scenario,463cd2f470e727c688345a0a1f9a1f93a24050b4648139d8ba205d00f4e74088,Pass,PendingIndependentPixelReview,PendingBlindReverseReview,Pending,,
072,explanation-method-img-1,explanation-method,Raster image,Academic knowledge-point infographic explaining Use the four-part answer chain with a structured visual model.,"1. Name the risk Example: unauthorised users may view medical records. 2. Choose a control Example: role-based access levels and authentication. 3. Explain mechanism Example: only authenticated staff with the correct role can open the record. 4. Link consequence Example: this protects confidentiality and reduces privacy breaches. Answer frame: [Control] reduces [risk] because [mechanism]. In this scenario, this matters because [impact/consequence].",8b324f0c2f5461f2f13c0d57ded3b03d2303807a2eb9169d16c5ab695ab5c6bb,Pass,PendingIndependentPixelReview,PendingBlindReverseReview,Pending,,
072,explanation-review-map-img-1,explanation-review-map,Raster image,Academic knowledge-point infographic explaining Section 6 review map: risk families and likely controls with a structured visual model.,"Risk family Typical problem Useful controls Unauthorised access A user enters a system or data they should not access. Authentication, access levels, strong passwords, two-factor authentication. Disclosure Sensitive data is read or intercepted by an unauthorised party. Encryption in transit/at rest, access rights, staff training. Corruption / inaccurate data Data is changed incorrectly, accidentally or maliciously. Validation, verification, permissions, audit trails, backups.",e89570021e96b3872ae42512f91ca6377740c9937bbc1223770b8789dcae88b7,Pass,PendingIndependentPixelReview,PendingBlindReverseReview,Pending,,
073,explanation-ethics-img-1,explanation-ethics,Raster image,Academic knowledge-point infographic explaining Ethics is about responsible decision-making with a structured visual model.,"Ethics Principles about right and wrong behaviour, responsibility and fairness. Stakeholder A person or group affected by a decision, directly or indirectly. Responsibility The duty to consider consequences and act appropriately. Proportionality The response should be no more intrusive or harmful than needed for the aim.",dbc50aaf36e84cf4f6fe974720781bda052bc126acf144373e5d7a3197c64c4c,Pass,PendingIndependentPixelReview,PendingBlindReverseReview,Pending,,
073,explanation-mapper-img-1,explanation-mapper,Raster image,"Academic knowledge-point infographic explaining Map a decision to stakeholders, benefits and concerns with a structured visual model.",Interactive stakeholder mapper Select a scenario and compare the ethical tension. The aim is not to memorise one answer; it is to see the pattern. Scenario,33ab06bcefe09da7910934944fc1122f791dfa1522317ddd5b4a3677cc164dfa,Pass,PendingIndependentPixelReview,PendingBlindReverseReview,Pending,,
073,explanation-method-img-1,explanation-method,Raster image,Academic knowledge-point infographic explaining Use a balanced evaluation structure with a structured visual model.,"1. Context State the decision and the computing system involved. 2. For Explain a benefit for a named stakeholder, with scenario detail. 3. Against Explain a harm or right that may be affected. 4. Judgement Give a justified conclusion with conditions or safeguards. Answer frame: Although [benefit] helps [stakeholder], [harm] may affect [stakeholder]. Therefore, the decision is justified only if [condition/safeguard].",a40609397f8bc6fc8c85ff742ef6f30e79ac893cfec54a439f7313efe4bba48f,Pass,PendingIndependentPixelReview,PendingBlindReverseReview,Pending,,
073,explanation-stakeholders-img-1,explanation-stakeholders,Raster image,Academic knowledge-point infographic explaining Ethical answers start with stakeholders with a structured visual model.,"Stakeholder Possible benefit Possible harm or concern Users / students / patients Better service, safety, convenience, personalisation. Loss of privacy, unfair treatment, pressure, exclusion. Organisation Efficiency, security, reduced cost, legal compliance. Reputation damage, misuse of data, over-collection. Wider society Public safety, accessibility, innovation. Surveillance culture, inequality, environmental impact.",a2ae6c9172450c189ea9f180c2aac6d2698b3d42ffafc7ad7a950f78025a82df,Pass,PendingIndependentPixelReview,PendingBlindReverseReview,Pending,,
073,explanation-tradeoffs-img-1,explanation-tradeoffs,Raster image,"Academic knowledge-point infographic explaining Most ethical issues are trade-offs, not slogans with a structured visual model.","Privacy vs safety Monitoring may protect users, but can intrude into personal behaviour. Efficiency vs fairness Automation may save time, but may disadvantage some groups if data or rules are biased. Convenience vs consent Personalisation can help users, but data collection should be clear and justified. Innovation vs responsibility New systems can create benefits, but developers still need to consider harms.",2bc33403168c798660cffef633b003675688b23db651b5d325bccfd837997cdb,Pass,PendingIndependentPixelReview,PendingBlindReverseReview,Pending,,
074,explanation-checklist-img-1,explanation-checklist,Raster image,Academic knowledge-point infographic explaining Choose a weak policy and see what is missing with a structured visual model.,Interactive data protection checklist Weak policy,b92b1bf9bae92627bd017cf660fdf0ef80aa6d9f32db1b1c068f638349359afc,Pass,PendingIndependentPixelReview,PendingBlindReverseReview,Pending,,
074,explanation-method-img-1,explanation-method,Raster image,Academic knowledge-point infographic explaining Use a privacy impact answer structure with a structured visual model.,"1. Data Name the personal or sensitive data being collected. 2. Purpose Explain why the organisation claims it is needed. 3. Risk Describe misuse, over-collection, surveillance or unfair effect. 4. Safeguard Recommend a specific protection and link it to the risk. Answer frame: The system collects [data] for [purpose]. This may affect privacy because [risk]. A suitable safeguard is [control], which reduces the risk by [mechanism].",64e7578b480a277d9d1cf47e9eb1a19b8de3ab20216e6f23841315615c5d271e,Pass,PendingIndependentPixelReview,PendingBlindReverseReview,Pending,,
074,explanation-principles-img-1,explanation-principles,Raster image,Academic knowledge-point infographic explaining Good answers link a principle to a concrete risk with a structured visual model.,Principle Plain English Scenario use Fair and lawful use Do not mislead users or use data in unexpected harmful ways. A health app should not secretly sell location patterns. Data minimisation Collect less when less is enough. A step counter may not need contacts or microphone access. Retention Do not keep personal data forever by default. CCTV footage should be deleted after a defined period unless needed.,2cbb23c11c12b21b5f6ebdffff87f28e4e77731bb81d0406205e2fc49dc73038,Pass,PendingIndependentPixelReview,PendingBlindReverseReview,Pending,,
074,explanation-privacy-img-1,explanation-privacy,Raster image,Academic knowledge-point infographic explaining Privacy is control over personal information with a structured visual model.,"Privacy The ability to control how personal information is collected, used and shared. Personal data Data that can identify a person directly or indirectly. Sensitive data Data that could cause greater harm if misused, such as health, biometric or location data. Consent A clear agreement to a specific use of data, based on understandable information.",3cc65c1ce2a986f66362ade5dce3211ea60dce6fcae8a0cc056169ec02fd81f9,Pass,PendingIndependentPixelReview,PendingBlindReverseReview,Pending,,
074,explanation-protection-img-1,explanation-protection,Raster image,Academic knowledge-point infographic explaining Data protection reduces misuse and unnecessary exposure with a structured visual model.,"Data minimisation Collect only what is necessary for the stated purpose. Purpose limitation Use data only for the purpose users were told about. Access control Limit who can view, edit or export personal data. Retention limit Delete data when it is no longer needed. Transparency Explain what data is collected, why and how it is used. Security Protect data using measures such as encryption, authentication and audit trails. Accuracy Keep personal data correct and allow errors to be corrected. Accountability Record and justify processing decisions so misuse can be investigated.",6a5a8930ecdea09927c30e7662ac8f1eacb9a00291e9dfb183e5846ebb88b007,Pass,PendingIndependentPixelReview,PendingBlindReverseReview,Pending,,
074,explanation-scanner-img-1,explanation-scanner,Raster image,Academic knowledge-point infographic explaining Find the privacy risk in a data collection scenario with a structured visual model.,"Interactive privacy scanner Select a scenario and compare data collected, risk and safeguard. Scenario",be042087a760dd3fddabe81116e2deeebf8bcf837caebf1bbc6b3cd915f5be1f,Pass,PendingIndependentPixelReview,PendingBlindReverseReview,Pending,,
074,explanation-surveillance-img-1,explanation-surveillance,Raster image,"Academic knowledge-point infographic explaining Surveillance can protect people, but it changes behaviour and trust with a structured visual model.","Monitoring example Possible benefit Privacy concern CCTV with analytics Deter crime and support emergency response. May track people who have done nothing wrong. School device monitoring Detect unsafe websites, bullying or misuse. May record personal activity if scope is unclear. Workplace productivity tracking Identify workload issues and bottlenecks. May create pressure and reduce trust.",aa1f514d45df4c6bdbd86c35f45504f140abb8df841300c01c8b58ef10ccc172,Pass,PendingIndependentPixelReview,PendingBlindReverseReview,Pending,,
075,explanation-compare-img-1,explanation-compare,Raster image,Academic knowledge-point infographic explaining Do not confuse protection type with permission type with a structured visual model.,"Protects / controls Common misconception Copyright Original expression, including source code and media. Changing a few names does not automatically avoid infringement. An invention or technical process for a limited time. Not every software idea or algorithm is patentable. Permission to use protected work under conditions. A licence does not always transfer ownership. Ownership Legal control over rights to the work. Using software is not the same as owning its source code.",135d1a0eb4fa19ed666ba0c77c0626ba4cea5bc188abdf3527beece97484158a,Pass,PendingIndependentPixelReview,PendingBlindReverseReview,Pending,,
075,explanation-copyright-img-1,explanation-copyright,Raster image,"Academic knowledge-point infographic explaining Copyright protects expression, including software code with a structured visual model.","Copyright Protects original expression such as source code, documentation, graphics or text. Automatic protection Copyright usually exists when the work is created; registration is not always needed for protection. Restricted acts Copying, distributing, adapting or using beyond permission can breach copyright. Fair use/dealing caution Exceptions are limited and context-specific; do not assume every educational use is allowed.",e1fe4708ee75e7aad421858cbca80d942da1a95bb2015540e0f2e29004e5b9fb,Pass,PendingIndependentPixelReview,PendingBlindReverseReview,Pending,,
075,explanation-ip-img-1,explanation-ip,Raster image,Academic knowledge-point infographic explaining What intellectual property can protect with a structured visual model.,"Copyright protects qualifying expression, not an abstract idea by itself. Patents may protect qualifying inventions subject to legal requirements. Intellectual property can protect qualifying creations, expressions, designs and inventions; do not state that every idea is automatically protected.",5dad8d4c4e790bf4a4149b0f27a430adb5f41e128191116b708860ed0ca7e662,Pass,PendingIndependentPixelReview,PendingBlindReverseReview,Pending,,
075,explanation-licensing-img-1,explanation-licensing,Raster image,Academic knowledge-point infographic explaining A licence grants permission under conditions with a structured visual model.,"Licence idea What it allows or limits Exam caution Proprietary licence Usually permits use under conditions but restricts copying, modification or redistribution. Paying for software usually buys permission to use, not ownership of the code. Open-source licence Allows source code access and certain rights to use, modify and share. Still has conditions such as attribution or sharing changes under the same licence. Creative Commons style Often used for media/text; may require attribution or block commercial use. Check exact terms; symbols are not decoration.",1472dd1656cad1d8086006e5da74a43bb9099539945ef019b152766deccc3dce,Pass,PendingIndependentPixelReview,PendingBlindReverseReview,Pending,,
075,explanation-matcher-img-1,explanation-matcher,Raster image,Academic knowledge-point infographic explaining Choose the likely permission issue with a structured visual model.,Interactive licence matcher Select a scenario and compare the relevant IP concept with the common error. Scenario,e3958471c3e2c18cd17b36ae651086da3a6f4c8759397f001148d1c342ca88cf,Pass,PendingIndependentPixelReview,PendingBlindReverseReview,Pending,,
075,explanation-patents-img-1,explanation-patents,Raster image,"Academic knowledge-point infographic explaining Patents protect inventions, not every line of code with a structured visual model.","Patent A legal right protecting an invention for a limited time, often requiring novelty and inventive step. Invention A new technical solution, product or process; software patent rules vary by jurisdiction. Disclosure Patent applications normally require public description of the invention. Limitation Patents are expensive and time-limited; they do not protect all ideas or ordinary code automatically.",688700e1dd1f156c024e030eea2196b92bd9774f2d2646dd9e0d4e7af6c5250c,Pass,PendingIndependentPixelReview,PendingBlindReverseReview,Pending,,
076,explanation-advisor-img-1,explanation-advisor,Raster image,Academic knowledge-point infographic explaining Match the software type to the scenario with a structured visual model.,Interactive software choice advisor Select a scenario and compare the recommendation with its trade-off. Scenario,2a5495d13647ec3d94ba70ecdd61764a466608492f3cf5104f2e9754cd3d3b37,Pass,PendingIndependentPixelReview,PendingBlindReverseReview,Pending,,
076,explanation-method-img-1,explanation-method,Raster image,Academic knowledge-point infographic explaining Use a scenario-based comparison structure with a structured visual model.,"1. Need Identify the user's priority: cost, support, control, reliability, security or compatibility. 2. Open source point Explain one benefit or risk linked to that priority. 3. Proprietary point Explain a contrasting benefit or risk. 4. Judgement Recommend one option with conditions and trade-offs. Answer frame: For [scenario], [option] may be suitable because [factor]. However, [trade-off]. Therefore, the best choice depends on [condition/evidence].",c5835d728cd182c1bfcb53d9e61978b0fc29e34a1b66f6b499444cc87eb2f183,Pass,PendingIndependentPixelReview,PendingBlindReverseReview,Pending,,
076,explanation-open-source-img-1,explanation-open-source,Raster image,Academic knowledge-point infographic explaining Open-source software makes source code available under a licence with a structured visual model.,"Source code available Users can inspect the program code rather than only using compiled software. Modify Licence may allow users to adapt the code for their own needs. Redistribute Licence may allow sharing original or modified versions under conditions. Community Development and support may come from volunteers, companies or mixed communities.",e40ec69a88d9ba66489febd16e5a82c02cff5dd7266714ed74445881e8db54f2,Pass,PendingIndependentPixelReview,PendingBlindReverseReview,Pending,,
076,explanation-ownership-img-1,explanation-ownership,Raster image,Academic knowledge-point infographic explaining Ownership and licence obligations still matter with a structured visual model.,Copyright remains Open-source software is still protected; the licence grants permissions. Attribution Some licences require credit or notices to be kept. Share-alike Some licences require modified versions to be shared under similar terms. Compliance Organisations must track third-party components and meet licence conditions.,386b532a738302cb93cfe9e46e450fa0b9c951485f8a3ee198280247e40d3055,Pass,PendingIndependentPixelReview,PendingBlindReverseReview,Pending,,
076,explanation-proprietary-img-1,explanation-proprietary,Raster image,Academic knowledge-point infographic explaining Proprietary software keeps control with the owner with a structured visual model.,"Closed source Source code is usually not available to users. Restricted rights Licences often restrict copying, modification and redistribution. Vendor support Users may receive official updates, warranties, help desk or service agreements. Vendor lock-in Users may depend on one supplier, format, subscription or ecosystem.",b97fec63a4958de8d1fe7cb8f1f5bd257d84d7b50d9103db2cac0e9658b517c7,Pass,PendingIndependentPixelReview,PendingBlindReverseReview,Pending,,
076,explanation-tradeoffs-img-1,explanation-tradeoffs,Raster image,"Academic knowledge-point infographic explaining Compare by factor, not by favourite label with a structured visual model.","Open source may offer Proprietary may offer Low or no licence fee, but support and training can still cost money. Licence/subscription cost, but bundled support may reduce operational risk. More ability to inspect, modify and adapt code. Less control over internals; vendor controls source and roadmap. Security Code can be reviewed publicly, but someone must apply updates and assess trust. Vendor may provide tested updates, but users must trust closed code and vendor response. Community help or paid third-party support may vary. Official support agreements may be clearer for organisations.",5d88e15771bed3839b71851b49c789ff9cbf048e39b0acba2f261bf4ec76717c,Pass,PendingIndependentPixelReview,PendingBlindReverseReview,Pending,,
077,explanation-analyser-img-1,explanation-analyser,Raster image,Academic knowledge-point infographic explaining Classify the impact and choose a mitigation with a structured visual model.,"Interactive impact analyser Select a scenario and compare the positive impact, negative impact and mitigation. Scenario",c8875a0353907e2394f06dd8119455bc152f943634f7d7ebe020f21c7913a58b,Pass,PendingIndependentPixelReview,PendingBlindReverseReview,Pending,,
077,explanation-digital-divide-img-1,explanation-digital-divide,Raster image,"Academic knowledge-point infographic explaining The digital divide is about access, skills and inclusion with a structured visual model.",Device access Some users cannot afford suitable hardware. Connectivity Reliable high-speed internet is not equally available. Digital skills Users may lack confidence or training to use online systems. Accessibility Systems should support users with disabilities or different needs.,0761512a26d3cf312a4c72bb93f3d28e68ee8c23d13f4dac46348fe2ac5b4333,Pass,PendingIndependentPixelReview,PendingBlindReverseReview,Pending,,
077,explanation-environment-img-1,explanation-environment,Raster image,Academic knowledge-point infographic explaining Environmental impacts include energy use and resource consumption with a structured visual model.,"Energy use Devices, networks and data centres consume electricity during operation. Carbon emissions Emissions depend on electricity source, device manufacture and transport. Resource extraction Manufacturing hardware requires metals, rare materials, water and energy. Lifespan Short upgrade cycles increase manufacturing and disposal impact.",8dc8889476d62ac83fe8b7f2ed5a7dcec9085ed12dba224780552f96feb15bd4,Pass,PendingIndependentPixelReview,PendingBlindReverseReview,Pending,,
077,explanation-ewaste-img-1,explanation-ewaste,Raster image,"Academic knowledge-point infographic explaining E-waste is an ethical issue, not just a rubbish-bin issue with a structured visual model.","E-waste Discarded electronic devices and components. Toxic materials Some components contain harmful substances that can pollute soil or water if mishandled. Recycling Responsible recycling can recover materials and reduce landfill, but must be managed safely. Reuse and repair Extending device life reduces demand for new manufacturing.",44eaaf3952d684f2c7f74a323cb3c6173c9658da2562050b490555c3f0266cd8,Pass,PendingIndependentPixelReview,PendingBlindReverseReview,Pending,,
077,explanation-method-img-1,explanation-method,Raster image,Academic knowledge-point infographic explaining Use a balanced impact structure with a structured visual model.,"1. Change Name the computing change, such as automation or online services. 2. Benefit Explain a positive impact for a named stakeholder. 3. Harm Explain a negative impact with a realistic consequence. 4. Mitigation Suggest a practical way to reduce harm. Answer frame: [Technology] benefits [stakeholder] because [reason]. However, it may harm [stakeholder] by [consequence]. This can be reduced by [mitigation].",e4282c0bdd953bbf2e1294741da34d1286c8e77925585f9fe736143141ab94c0,Pass,PendingIndependentPixelReview,PendingBlindReverseReview,Pending,,
077,explanation-social-img-1,explanation-social,Raster image,"Academic knowledge-point infographic explaining Social impacts affect work, communication and daily life with a structured visual model.","Computing change Possible benefit Possible harm Remote work Less commuting, flexible work, access to wider jobs. Isolation, blurred work-life boundaries, unequal home access. Automation Efficiency, safer handling of dangerous or repetitive tasks. Job displacement, need for retraining, deskilling. Online services Access to education, banking, healthcare and communication. Excludes users without devices, internet, skills or accessible design.",d8493917768687bfb8dec2e1592b34ac76e674f580c5efa9f2cec1f5879b01f0,Pass,PendingIndependentPixelReview,PendingBlindReverseReview,Pending,,
078,explanation-compare-img-1,explanation-compare,Raster image,Academic knowledge-point infographic explaining Common contrasts that stop vague answers with a structured visual model.,Contrast Difference Common error Privacy vs security Privacy concerns control of personal data; security protects systems/data from threats. Encryption alone does not answer every privacy ethics question. Copyright vs licence Copyright protects the work; a licence grants permission under conditions. Free to access does not mean free to reuse. Open source vs no owner Open source gives code access and permissions; copyright and licence terms still apply. Do not say open source has no copyright.,11682f5725d96566211167f41a939a293ec3ea80d2e745edbc4dd43147de51fc,Pass,PendingIndependentPixelReview,PendingBlindReverseReview,Pending,,
078,explanation-map-img-1,explanation-map,Raster image,Academic knowledge-point infographic explaining Section 7 topic map with a structured visual model.,"Trigger words Useful answer focus Ethical decisions stakeholders, consent, fairness, responsibility, proportionality benefits, harms, rights, responsibilities and justified judgement Privacy/data protection personal data, monitoring, surveillance, retention, access, consent data collected, purpose, risk, safeguard and transparency IP/licensing copyright, patent, licence, ownership, attribution, infringement what is protected, who owns it, permission and consequences Software ownership",4170e7cff3979759d8f9efc06c3c4e15058e329b8da7bdf4971abb6aeac6c841,Pass,PendingIndependentPixelReview,PendingBlindReverseReview,Pending,,
078,explanation-marking-img-1,explanation-marking,Raster image,Academic knowledge-point infographic explaining What Cambridge-style marking usually rewards with a structured visual model.,"Precise term privacy, copyright, e-waste, digital divide, open source, stakeholder. Scenario link Explain how the issue affects the school, company, user or worker in the question. Consequence Say what happens: exclusion, legal risk, privacy loss, job displacement, reduced emissions. Balance Include both benefit and concern before final judgement in evaluate/discuss questions.",67fca5169f96c9b9c163238dfa9a59a5dbe09fed1b331cc5fd55b4b2c605a309,Pass,PendingIndependentPixelReview,PendingBlindReverseReview,Pending,,
078,explanation-structure-img-1,explanation-structure,Raster image,Academic knowledge-point infographic explaining The five-part evaluation answer with a structured visual model.,"1. Context Use the actual scenario, not a memorised opening sentence. 2. Benefit Explain one advantage for a named stakeholder. 3. Concern Explain one risk, harm or right that may be affected. 4. Safeguard Suggest a condition, limit, policy or technical measure. 5. Judgement Reach a supported conclusion using ""if"", ""provided that"" or ""unless"". Answer frame: Although [benefit] helps [stakeholder], [concern] may harm [stakeholder]. Therefore, [decision] is justified only if [condition/safeguard].",9a864a9932b01c11e9dc65aa2debbd846e0e58f0ee8f0cbd15bf11178acb5ed6,Pass,PendingIndependentPixelReview,PendingBlindReverseReview,Pending,,
079,explanation-compare-img-1,explanation-compare,Raster image,Academic knowledge-point infographic explaining Flat-file vs relational comparison with a structured visual model.,Flat-file Relational Structure Single table Multiple linked tables Redundancy More likely because related details are repeated Reduced because shared data can be stored once Consistency Harder to maintain if repeated values are updated differently Improved because updates can be made in one relevant table Complexity,fff6c11b0dc991d1b60a20d1bee6e3a7d91ad9de171c9f3fe935bd9b92aaffa5,Pass,PendingIndependentPixelReview,PendingBlindReverseReview,Pending,,
079,explanation-data-info-img-1,explanation-data-info,Raster image,Academic knowledge-point infographic explaining Data vs information with a structured visual model.,"Data is raw facts and values. Information is data that has been processed, organised or interpreted so it has meaning. Raw data BookID=B144 , DueDate=2026-06-20 , Returned=FALSE Processing compare due date, filter not returned, group by student Information ""Amira has two overdue books and needs a reminder."" Loan dates, student IDs, book IDs Which students have overdue loans Temperatures, appointment times, patient IDs Patients needing urgent triage Online shop",c98f5e80f83e99da439f83ceec293e871eae5dcbcec88cbfe32834f8ac8ad1cd,Pass,PendingIndependentPixelReview,PendingBlindReverseReview,Pending,,
079,explanation-database-img-1,explanation-database,Raster image,Academic knowledge-point infographic explaining What is a database? with a structured visual model.,"A database is an organised collection of related data that can be stored, retrieved and updated. Organised Data is arranged using defined structures, not random notes in one giant document. Related Records are connected by a shared context, such as students, books and loans. Retrievable Users can search, filter and query the data to produce information. Maintainable Data can be updated while rules help reduce invalid or inconsistent values. StudentID | Name | Form S0234 | Amira Chen | 12A S0318 | Leo Singh | 12B linked by ID LoanID | StudentID | BookID | Returned L9001 | S0234 | B144 | FALSE L9002 | S0318 | B102 | TRUE",aa9c64a1d0e52d6994130bf7cb702dc3b095ba1e693b72db144c67af546d395a,Pass,PendingIndependentPixelReview,PendingBlindReverseReview,Pending,,
079,explanation-scenario-img-1,explanation-scenario,Raster image,Academic knowledge-point infographic explaining Which DBMS feature solves the problem? with a structured visual model.,"Interactive DBMS selector Choose a problem, then select the DBMS feature. The answer should name a feature and explain its purpose.",201156fb7af736da1e47a73644bf4354d0a61a025e37fe483a2241ee399ce518,Pass,PendingIndependentPixelReview,PendingBlindReverseReview,Pending,,
079,explanation-sorter-img-1,explanation-sorter,Raster image,"Academic knowledge-point infographic explaining Is it data, information, database, or DBMS? with a structured visual model.","Interactive concept sorter Scenario item Choose an item, then classify it. Reasoning will appear here.",37455925bd966c44e18953f6d99b161d0909389264fe1fb5bdbdfb7b9fa1cb9c,Pass,PendingIndependentPixelReview,PendingBlindReverseReview,Pending,,
079,explanation-terms-img-1,explanation-terms,Raster image,Academic knowledge-point infographic explaining Core relational words for this lesson with a structured visual model.,"This is the vocabulary doorway. Later lessons will go deeper into keys, relationships, E-R diagrams, normalisation and SQL. A thing about which data is stored Student, Book, Loan A set of records about one entity Student table Record / tuple One row in a table S0234, Amira Chen, 12A Field / attribute One column or property StudentID, Name, Form",da1335035a795c9d5619e20150005d2de8bcfeb94e1f18e1d91b1692f687a484,Pass,PendingIndependentPixelReview,PendingBlindReverseReview,Pending,,
080,explanation-anomalies-img-1,explanation-anomalies,Raster image,Academic knowledge-point infographic explaining Why repeated data causes anomalies with a structured visual model.,"An anomaly is a problem caused when data is inserted, updated or deleted in a structure that stores repeated facts poorly. Update anomaly A parent email is changed in one row but not in another, so the same member has two different emails. Insertion anomaly A new member cannot be recorded until they join a session, because member details only exist in lesson rows. Deletion anomaly Deleting a cancelled session row may accidentally delete the only copy of a member's contact details.",6b6c2ac86581249a19dc9576745a7eaa42035c31340e2c527d4ef1318dce4102,Pass,PendingIndependentPixelReview,PendingBlindReverseReview,Pending,,
080,explanation-flat-img-1,explanation-flat,Raster image,Academic knowledge-point infographic explaining Flat-file database with a structured visual model.,"A flat-file database stores data in a single table. It is simple, but related data may be repeated in many records. MemberID ParentEmail Amira Chen lee@example.com Robotics Leo Singh patel@example.com",0cd94f41a0ea0a603f5b93c0882ea7a7b8e1c245f4bd8a3be877213182115ae9,Pass,PendingIndependentPixelReview,PendingBlindReverseReview,Pending,,
080,explanation-referential-img-1,explanation-referential,Raster image,Academic knowledge-point infographic explaining Referential integrity with a structured visual model.,"Referential integrity means a foreign key value must match an existing primary key value in the referenced table. Valid Loan.StudentID = S0234 is valid if Student.StudentID = S0234 exists. Invalid Loan.StudentID = S9999 is invalid if no student with that ID exists. Why It prevents orphan records, such as a loan assigned to a non-existent student.",63066d4593ae81998514dbf0d4ca1adcc4fd3dd59add4ead3a8cb4f4a4a8d3b9,Pass,PendingIndependentPixelReview,PendingBlindReverseReview,Pending,,
080,explanation-relational-img-1,explanation-relational,Raster image,Academic knowledge-point infographic explaining Relational database with a structured visual model.,"A relational database stores data in multiple tables that are linked using shared fields. Shared facts can be stored once and referenced where needed. MemberID | Name | ParentEmail M104 | Amira Chen | lee@example.com M211 | Leo Singh | patel@example.com linked by MemberID Enrolment EnrolID | MemberID | Session | FeePaid E501 | M104 | Python | TRUE E502 | M104 | Robotics | FALSE Exam sentence: A relational database reduces redundancy by separating related data into linked tables, so a fact such as a parent email is stored once instead of repeated in every lesson record.",95160d3b4217fd0ec362c18bcbc26076e61b9d6d6746a4233c9009445fdbc05f,Pass,PendingIndependentPixelReview,PendingBlindReverseReview,Pending,,
080,overview-div-1,overview,HTML/CSS,Flat-file and relational visual,Flat-file and relational visual,d13b51617e440a5a5e48d3b71ca65ad7c1559da7a531d92d9e20beab327a09b1,Pass,PendingIndependentSemanticReview,NotApplicable,Pending,,
081,explanation-checkpoint-img-1,explanation-checkpoint,Raster image,Academic knowledge-point infographic explaining Section 8 basics so far with a structured visual model.,"Monthly checkpoint This checkpoint connects Lessons 079-080 without becoming a full exam. 1. Define data, information, database, DBMS, flat-file, relational database. 2. Compare one-table repeated data vs linked tables with reduced redundancy. 3. Design choose data types and constraints for five fields in a small scenario.",9490eb2bc4106ed34a62b942e151de3958b816e2b6e5f2f9a551ee730957f63f,Pass,PendingIndependentPixelReview,PendingBlindReverseReview,Pending,,
081,explanation-constraint-tool-img-1,explanation-constraint-tool,Raster image,Academic knowledge-point infographic explaining Which rule rejects the bad value? with a structured visual model.,Interactive constraint checker Bad value Choose a bad value to identify the check. Name the rule and explain what it prevents.,606270eacf359ad04841de6fa4b171d8bcba91f193daa7e57b8264619d891704,Pass,PendingIndependentPixelReview,PendingBlindReverseReview,Pending,,
081,explanation-constraints-img-1,explanation-constraints,Raster image,Academic knowledge-point infographic explaining Constraints and validation rules with a structured visual model.,"A constraint limits accepted values to help maintain data integrity. It does not prove the data is true; it helps reject impossible or invalid data. Presence check Value must not be blank. Example: Name is required. Range check Value must be within limits. Example: Mark is 0 to 100. Type check Value must match the data type. Example: Quantity must be Integer. Length check Value must have a permitted length. Example: StudentID has 5 characters. Format check Value must match a pattern. Example: postcode or email pattern. Lookup check Value must be from an allowed list. Example: Grade is A, B, C, D, E or U. Exam sentence: A constraint improves data integrity by preventing values that do not meet a rule, such as rejecting a mark outside 0 to 100.",efe32e814df5e051a1c7f76a03062bf3120aa55cf90c36c3f173884275365b1f,Pass,PendingIndependentPixelReview,PendingBlindReverseReview,Pending,,
081,explanation-dbms-img-1,explanation-dbms,Raster image,Academic knowledge-point infographic explaining What does a DBMS provide? with a structured visual model.,"A DBMS is software used to create, manage and control access to a database. It sits between users/applications and stored data. Data management stores, organises, retrieves and updates data; maintains metadata in a data dictionary. Data modelling helps define entities, tables, fields and the logical schema of the database. Data integrity enforces rules so values are valid and relationships remain consistent. Data security uses access rights for individuals or groups; supports backup and recovery procedures. Developer interface provides tools for creating structures, forms, reports or database applications. Query processor interprets and carries out queries so users can retrieve or change data. Exam sentence: The DBMS manages the database by controlling data definition, access, integrity, security and queries; the database is the organised data itself.",fc186abd57a6b0c42a87cd30bec33d97dc63507db6e7412bc98225b460359e0e,Pass,PendingIndependentPixelReview,PendingBlindReverseReview,Pending,,
081,explanation-fields-img-1,explanation-fields,Raster image,Academic knowledge-point infographic explaining Designing fields properly with a structured visual model.,"Each field should have a name, data type, possible field size and constraints. Good design reduces invalid data at entry. Field name Clear and specific: DateOfBirth , not date . Data type Controls the kind of data: text, integer, real, date/time, Boolean. Field size Maximum storage length where relevant, such as 8 characters for StudentID. Constraint A rule that a value must satisfy before it is accepted.",36e085ebdf4614160b683689ea43053fc56e9f5b649bd739ca0f6aa1652fb676,Pass,PendingIndependentPixelReview,PendingBlindReverseReview,Pending,,
081,explanation-normal-forms-img-1,explanation-normal-forms,Raster image,Academic knowledge-point infographic explaining How normal forms remove dependency problems through a cause-and-effect diagram.,"First Normal Form (1NF) requires atomic values and no repeating groups. Second Normal Form (2NF) is in 1NF and removes partial dependency: each non-key attribute depends on the whole primary key. Third Normal Form (3NF) is in 2NF and removes transitive dependency: a non-key attribute must not depend on another non-key attribute. A valid decomposition retains every original fact, preserves keys and relationships, and follows the stated functional dependencies.",41df873e8343baa764178685838dc052446ae16e6a76f86a6867399801638196,Pass,PendingIndependentPixelReview,PendingBlindReverseReview,Pending,,
081,explanation-terms-img-1,explanation-terms,Raster image,"Academic knowledge-point infographic explaining Tables, records and fields with a structured visual model.","A table stores records about one entity. A record is one complete row. A field is one column or attribute. A collection of records for one entity Student table Record / tuple One complete row in a table S0234, Amira Chen, 2009-04-18, TRUE Field / attribute One column or property stored for each record StudentID, Name, DateOfBirth, FeePaid One item of data in a field for a record TRUE in the FeePaid field",0de959b7c71848af88d77d7804c5b8ac0213fdf3e1cd51169b601af1ff546876,Pass,PendingIndependentPixelReview,PendingBlindReverseReview,Pending,,
081,explanation-type-tool-img-1,explanation-type-tool,Raster image,Academic knowledge-point infographic explaining Choose the best data type with a structured visual model.,"Interactive data type chooser Choose a field, then decide the data type. The best answer depends on how the value is used, not how numeric it looks.",af3c189922869c04248918774ede7fb3d56b877f6c4d8709331cf1b2c4b26ed7,Pass,PendingIndependentPixelReview,PendingBlindReverseReview,Pending,,
081,explanation-types-img-1,explanation-types,Raster image,Academic knowledge-point infographic explaining Common database data types with a structured visual model.,"Data type Use when Text / string The value may contain letters, spaces, symbols or leading zeroes PhoneNumber = ""02071234567"" Whole number used for counting or arithmetic Quantity = 24 Real / decimal Number may include fractional part MassKg = 62.5 Only two logical states are needed FeePaid = TRUE",b5a55215111c18cad41b94f1504c0cb499b5719875cfee7bd29e99d9771a32a1,Pass,PendingIndependentPixelReview,PendingBlindReverseReview,Pending,,
081,overview-div-1,overview,HTML/CSS,Annotated table visual,Annotated table visual,0ba0bfcadb3f53098788ae2bd47824bc648dec7c25acf03b1f01c334bc47d093,Pass,PendingIndependentSemanticReview,NotApplicable,Pending,,
081,overview-div-2,overview,HTML/CSS,"A table is not just boxes. It is boxes with rules, otherwise the data starts doing parkour.","Define exact facts for manual review of A table is not just boxes. It is boxes with rules, otherwise the data starts doing parkour..",e26adf21719a50e3540fcf9f0d7ecae8e5e3ed14a9c9a2f6541fa181d3c90488,Pass,PendingIndependentSemanticReview,NotApplicable,Pending,,
081,overview-div-3,overview,HTML/CSS,"A table is not just boxes. It is boxes with rules, otherwise the data starts doing parkour.","Define exact facts for manual review of A table is not just boxes. It is boxes with rules, otherwise the data starts doing parkour..",e107bc9cab13432abcde0db2676832d7e3c60a7eb4462b47ae3d2ae8af086ac2,Pass,PendingIndependentSemanticReview,NotApplicable,Pending,,
081,overview-div-4,overview,HTML/CSS,"A table is not just boxes. It is boxes with rules, otherwise the data starts doing parkour.","Define exact facts for manual review of A table is not just boxes. It is boxes with rules, otherwise the data starts doing parkour..",e107bc9cab13432abcde0db2676832d7e3c60a7eb4462b47ae3d2ae8af086ac2,Pass,PendingIndependentSemanticReview,NotApplicable,Pending,,
082,explanation-foreign-img-1,explanation-foreign,Raster image,Academic knowledge-point infographic explaining Foreign keys link tables with a structured visual model.,"A foreign key is a field in one table that references the primary key in another table. It creates a link between related records. StudentID | Name S0234 | Alex Chen S0318 | Maya Patel StudentID links tables LoanID | StudentID | BookID L9001 | S0234 | B144 L9002 | S0234 | B102 Exam sentence: StudentID is a primary key in Student and a foreign key in Loan , linking each loan to the student who borrowed the book.",bf6275730a7ce15656d70bf158d546a2aed423027a8c034e0130e2cec270feb3,Pass,PendingIndependentPixelReview,PendingBlindReverseReview,Pending,,
082,explanation-key-picker-img-1,explanation-key-picker,Raster image,Academic knowledge-point infographic explaining Choose the best primary key with a structured visual model.,"Interactive key picker Choose a table to identify the strongest primary key. A good primary key is unique, not null and stable.",cfa75fe2d221d2356a8490adf9f5922fc84e7b1fd1c5cceadcc3b02f21dab721,Pass,PendingIndependentPixelReview,PendingBlindReverseReview,Pending,,
082,explanation-primary-img-1,explanation-primary,Raster image,Academic knowledge-point infographic explaining Primary keys uniquely identify records with a structured visual model.,"A primary key uniquely identifies each row and cannot be null. Candidate keys are minimal sets of attributes that can uniquely identify a row. Stability is a desirable design property when choosing a primary key, not a formal defining constraint of every primary key.",f82ff6e5944b620d3c1ee5aa308d086c1189047aea1ed81d6adbdc53d4afe399,Pass,PendingIndependentPixelReview,PendingBlindReverseReview,Pending,,
082,explanation-relationship-tool-img-1,explanation-relationship-tool,Raster image,Academic knowledge-point infographic explaining Classify the relationship with a structured visual model.,"Interactive relationship classifier Scenario Choose a scenario to classify the relationship. Use one-to-one, one-to-many or many-to-many with a scenario reason.",2dad5916633b82a97914a296c6ae5e56437860dffe0fc503f136e7c2f6dd3c49,Pass,PendingIndependentPixelReview,PendingBlindReverseReview,Pending,,
082,explanation-relationships-img-1,explanation-relationships,Raster image,Academic knowledge-point infographic explaining Relationships describe how records connect with a structured visual model.,A relationship describes how records in one table are associated with records in another table. One-to-one One record in A relates to one record in B. Example: person and passport in a simplified system. One-to-many One record in A relates to many records in B. Example: one student can have many loans. Many-to-many Many records in A relate to many in B. Often resolved using a linking table. Example: students and clubs.,8bd6597ddb7f23da194a6917a020117d72da0c805df132f06133a221a304b1db,Pass,PendingIndependentPixelReview,PendingBlindReverseReview,Pending,,
082,overview-div-1,overview,HTML/CSS,Key relationship visual,Key relationship visual,aae694284f03a205044598deddac786b0c489be3be067c62bb00772d16f04ee4,Pass,PendingIndependentSemanticReview,NotApplicable,Pending,,
082,relationships-div-1,relationships,HTML/CSS,Relationships describe how records connect,Define exact facts for manual review of Relationships describe how records connect.,37054d961497c05b6b9849110acf87070f3da4f6f1d2f5ed3f398c8fb33c01e8,Pass,PendingIndependentSemanticReview,NotApplicable,Pending,,
083,cardinality-div-1,cardinality,HTML/CSS,Cardinality describes how many records may be linked,Define exact facts for manual review of Cardinality describes how many records may be linked.,d7c4325fd8c131ede3bbcbe0bd8945f8fb78a55a038150a141342226f563e5df,Pass,PendingIndependentSemanticReview,NotApplicable,Pending,,
083,cardinality-div-2,cardinality,HTML/CSS,Cardinality describes how many records may be linked,Define exact facts for manual review of Cardinality describes how many records may be linked.,eafbf60f61ba1d2aed5162df1ecf6ac947d4582fe9546b090e4596ccd71f7577,Pass,PendingIndependentSemanticReview,NotApplicable,Pending,,
083,cardinality-div-3,cardinality,HTML/CSS,Cardinality describes how many records may be linked,Define exact facts for manual review of Cardinality describes how many records may be linked.,b56489901ae8791f1a03af39cd8ae1d64cea601fb7be97d87bb8069e84ee88a1,Pass,PendingIndependentSemanticReview,NotApplicable,Pending,,
083,cardinality-div-4,cardinality,HTML/CSS,Cardinality describes how many records may be linked,Define exact facts for manual review of Cardinality describes how many records may be linked.,eafbf60f61ba1d2aed5162df1ecf6ac947d4582fe9546b090e4596ccd71f7577,Pass,PendingIndependentSemanticReview,NotApplicable,Pending,,
083,explanation-attributes-img-1,explanation-attributes,Raster image,Academic knowledge-point infographic explaining Attributes describe an entity with a structured visual model.,"An attribute is a property stored about an entity. It often becomes a field in the table for that entity. Possible attributes Not usually an attribute here StudentID, Name, DateOfBirth, TutorGroup BookTitle, LoanDate BookID, ISBN, Title, Author StudentName, ReturnDate LoanID, StudentID, BookID, DateBorrowed, DateReturned StudentDateOfBirth, BookAuthor if already stored in Book",9b2fb8aff3afcb8660d76d5a1037d0ccf03fecf10999b2bee9ca978680152c8a,Pass,PendingIndependentPixelReview,PendingBlindReverseReview,Pending,,
083,explanation-cardinality-img-1,explanation-cardinality,Raster image,Academic knowledge-point infographic explaining Cardinality describes how many records may be linked with a structured visual model.,Cardinality states how many records in one entity can be associated with records in another entity. One-to-one One record in A links to one record in B. Example: one person has one passport in a simplified model. One-to-many One record in A links to many records in B. Example: one customer can place many orders. Many-to-many Many records in A link to many records in B. Usually resolved by a linking entity. 1 -> many,5baef4c0cfff0d4c4260022389ca8199a5f84c2bdff367852dd28f50c198811e,Pass,PendingIndependentPixelReview,PendingBlindReverseReview,Pending,,
083,explanation-entities-img-1,explanation-entities,Raster image,Academic knowledge-point infographic explaining Entities are things the database stores data about with a structured visual model.,"An entity is a person, object, event or concept about which data is stored. In a relational design, an entity often becomes a table. Person Student, Customer, Doctor, Teacher. Object Book, Product, Vehicle, Equipment. Event Loan, Appointment, Order, Booking. Concept Course, Club, Department, Module. Exam wording: say why it is an entity. ""Student is an entity because the system stores multiple facts about each student.""",a5d9509b563df6fe16d38cc72fa0251ff22b6fd789bae89098b49995537591cf,Pass,PendingIndependentPixelReview,PendingBlindReverseReview,Pending,,
083,explanation-parser-img-1,explanation-parser,Raster image,Academic knowledge-point infographic explaining Identify entities and attributes with a structured visual model.,Interactive scenario parser Scenario Choose a scenario to identify likely entities. The answer will separate entities from attributes and relationship events.,9546d9a1b8ec51a387c2862385d9c6e6498ca3c7b3ab005189b97bcd8f0ed96b,Pass,PendingIndependentPixelReview,PendingBlindReverseReview,Pending,,
083,explanation-participation-img-1,explanation-participation,Raster image,Academic knowledge-point infographic explaining Optional and mandatory participation with a structured visual model.,"Participation describes whether a record must be linked. This is often written using minimum and maximum values such as 0..* or 1..1. 0..* Optional many: a student may have no loans, or many loans. 1..* Mandatory many: an order must have at least one order line. 0..1 Optional one: a member may have zero or one parking permit. 1..1 Mandatory one: each loan must refer to exactly one student.",6c89493ca7cec13c83e63d6734d1b51541c2bec4db342a6a56fe889b95c791ca,Pass,PendingIndependentPixelReview,PendingBlindReverseReview,Pending,,
083,overview-div-1,overview,HTML/CSS,Entity relationship visual,Entity relationship visual,e714afe35b9f598e969a5d8b7658d63edd5bba334cb3a4549588a7d6153322ba,Pass,PendingIndependentSemanticReview,NotApplicable,Pending,,
083,overview-div-2,overview,HTML/CSS,An ER model is a map before the database is built. Tables without a map are just furniture in the dark.,Define exact facts for manual review of An ER model is a map before the database is built. Tables without a map are just furniture in the dark..,56c55ae1bd31a6a899752e374c567fd97251788bcf814e10f3636244e8887e68,Pass,PendingIndependentSemanticReview,NotApplicable,Pending,,
083,overview-div-3,overview,HTML/CSS,An ER model is a map before the database is built. Tables without a map are just furniture in the dark.,Define exact facts for manual review of An ER model is a map before the database is built. Tables without a map are just furniture in the dark..,56c55ae1bd31a6a899752e374c567fd97251788bcf814e10f3636244e8887e68,Pass,PendingIndependentSemanticReview,NotApplicable,Pending,,
084,explanation-anomalies-img-1,explanation-anomalies,Raster image,Academic knowledge-point infographic explaining Why one structure causes three anomalies through a cause-and-effect diagram.,Insertion may require an unrelated fact that is not yet known. Updating requires finding every repeated copy. Deleting one event may accidentally remove the only descriptive fact.,54b8d543d86758aae6e5bac6f084184b230d85df4567cb0f9e81c3b5a2c59ad8,Pass,PendingIndependentPixelReview,PendingBlindReverseReview,Pending,,
084,explanation-dml-img-1,explanation-dml,Raster image,"Academic knowledge-point infographic explaining INSERT, UPDATE and DELETE are data manipulation commands with a structured visual model.","They change stored data. In exam answers, be precise about command keywords and affected records. INSERT Adds a new record to a table. UPDATE Changes values in existing records. DELETE Removes existing records from a table.",42e8e51c5564d4e605138565c67a163890baf7a8c6e7988ad42d098e5903aa3a,Pass,PendingIndependentPixelReview,PendingBlindReverseReview,Pending,,
084,explanation-purpose-img-1,explanation-purpose,Raster image,Academic knowledge-point infographic explaining Why normalisation protects consistency through a cause-and-effect diagram.,Each fact is stored in a relation where its determinant is clear. Other tables reference that fact instead of copying it repeatedly. One update then changes the authoritative value once.,e6d73471578ce9606436773d7b567b09651c12aed9132ae626348b06fdabd989,Pass,PendingIndependentPixelReview,PendingBlindReverseReview,Pending,,
084,explanation-redundancy-img-1,explanation-redundancy,Raster image,Academic knowledge-point infographic explaining How repeated facts become risky through a cause-and-effect diagram.,The same real-world fact appears in several rows. A later update may change only some copies. Queries then return conflicting versions of one fact.,0f137ee04ee88d47634e4317ac91d3199dc39c0c9374d31c410b01860642656b,Pass,PendingIndependentPixelReview,PendingBlindReverseReview,Pending,,
084,overview-div-1,overview,HTML/CSS,Normalisation visual,Normalisation visual,11c8ebac6872a0a8f6b180729641c8759259955d0bd71ed4bf3bad07a1bbc820,Pass,PendingIndependentSemanticReview,NotApplicable,Pending,,
085,explanation-clauses-img-1,explanation-clauses,Raster image,Academic knowledge-point infographic explaining The three foundation clauses with a structured visual model.,"SELECT Names the fields to output, such as Title, DueDate . FROM Names the table to use, such as Loan . WHERE Filters records using a condition, such as Returned = FALSE . Thinking order: What fields do I need? Which table contains them? Which records should be included?",21d9f35c3399c0c410dd4126c699edde4fe06729adb67d568d8e846e192d727e,Pass,PendingIndependentPixelReview,PendingBlindReverseReview,Pending,,
085,explanation-conditions-img-1,explanation-conditions,Raster image,Academic knowledge-point infographic explaining WHERE conditions and comparison operators with a structured visual model.,"A WHERE clause tests each record and returns only records where the condition is true. Operator equal to Category = 'Fiction' not equal to Status <> 'Returned' greater than, less than Price < 10.00 greater/less than or equal to ExamMark >= 80",8e6dbad5efd0be70ac0592b16ee6fc0abf1f971556d91ac3827e4d4b7f8201b8,Pass,PendingIndependentPixelReview,PendingBlindReverseReview,Pending,,
085,explanation-strings-img-1,explanation-strings,Raster image,Academic knowledge-point infographic explaining Text values need quotes; numbers usually do not with a structured visual model.,"Text/string Category = 'Fiction' . The text value is quoted. Number Price < 10.00 . Numeric values are not quoted in basic exam SQL. Boolean Returned = FALSE . Use the Boolean value expected by the question/table. Field names Usually not quoted: SELECT Title , not SELECT 'Title' .",9dd1ab70610ec0c2881a358b8e7f27c8f5209854baf8b2cd786f96f97eb79880,Pass,PendingIndependentPixelReview,PendingBlindReverseReview,Pending,,
085,overview-div-1,overview,HTML/CSS,SQL query visual,SQL query visual,8df5818f54c6a9154c12e240d38614bf5fe653633b2a8af5a8f5616f2db7b6e9,Pass,PendingIndependentSemanticReview,NotApplicable,Pending,,
086,aggregates-div-1,aggregates,HTML/CSS,Aggregate functions,Aggregate functions,f9f8c79b7101147e87aa9fe35680bbae189a0bf963d6c436e3abc51b1c892643,Pass,PendingIndependentSemanticReview,NotApplicable,Pending,,
086,explanation-aggregates-img-1,explanation-aggregates,Raster image,Academic knowledge-point infographic explaining Aggregate functions calculate one summary value with a structured visual model.,"COUNT(*) counts all rows in the result, including rows containing null values. COUNT(column) counts only non-null values in the named column. SUM, AVG and COUNT operate on the rows remaining after filtering and grouping rules are applied.",b6dee2e0b3167c034c9288ea7c2ff085b18a0e3651fd5aff68342fee476affae,Pass,PendingIndependentPixelReview,PendingBlindReverseReview,Pending,,
086,explanation-groupby-img-1,explanation-groupby,Raster image,Academic knowledge-point infographic explaining GROUP BY calculates summaries per group with a structured visual model.,"Use GROUP BY when the question asks for a summary for each category, each borrower, each course or each group. Pattern: SELECT Category, COUNT(*) FROM Book GROUP BY Category;",c3fb47255ae7534e99621a4d5f814b98d220cde85c41ba94c8d8dde73ddfe628,Pass,PendingIndependentPixelReview,PendingBlindReverseReview,Pending,,
086,explanation-join-img-1,explanation-join,Raster image,Academic knowledge-point infographic explaining Two-table INNER JOIN with ON with a structured visual model.,AS DML questions use at most two tables. SELECT Student.StudentName FROM Student INNER JOIN Loan ON Student.StudentID = Loan.StudentID uses an explicit two-table join. ON states the matching key relationship between the tables. WHERE adds a separate row filter after the join; it does not replace the required INNER JOIN syntax.,7be5f992d2abe4bb98098a3c7af65104190bf023ac740f697cf7792bf93e0b8b,Pass,PendingIndependentPixelReview,PendingBlindReverseReview,Pending,,
086,explanation-orderby-img-1,explanation-orderby,Raster image,Academic knowledge-point infographic explaining ORDER BY sorts output rows with a structured visual model.,"ORDER BY controls the order of the result rows. ASC means ascending; DESC means descending. Ascending ORDER BY Price ASC : low to high, A to Z, oldest to newest. Descending ORDER BY Price DESC : high to low, Z to A, newest to oldest. Default Many SQL systems default to ascending, but exams may expect explicit ASC if asked.",0a74daa2475bb19eba50a2c24955fd0597e32b23e9b185baa4eebbc3635693a8,Pass,PendingIndependentPixelReview,PendingBlindReverseReview,Pending,,
086,overview-div-1,overview,HTML/CSS,SQL aggregate visual,SQL aggregate visual,4b0365b1b970d2ad026818a5a04b90accefb1cb9cbb8144848b10a7bc2ddc2c4,Pass,PendingIndependentSemanticReview,NotApplicable,Pending,,
087,explanation-aliases-img-1,explanation-aliases,Raster image,Academic knowledge-point infographic explaining Table-qualified names and aliases prevent ambiguity with a structured visual model.,"If two tables have a field with the same name, write the table name or alias before the field. Full name Student.StudentID clearly means the field from Student. Alias Student AS S lets you write S.StudentID . Exam caution Only use aliases if they make the query clear. Do not hide the join logic.",2194749c57d825dc23bcee07a8eebfe9cddf04b6cf79b7000247da06c8cf6264,Pass,PendingIndependentPixelReview,PendingBlindReverseReview,Pending,,
087,explanation-relationships-img-1,explanation-relationships,Raster image,Academic knowledge-point infographic explaining Related tables use primary keys and foreign keys with a structured visual model.,"A join combines rows when matching key fields refer to the same real-world item. StudentID primary key StudentName , TutorGroup 1 to many StudentID LoanID primary key StudentID , BookID foreign keys many to 1 BookID primary key Title , Category",4c611cd12856ae2ba6f633154a4811e7a480419952db92ed26a8218a13e1ad1b,Pass,PendingIndependentPixelReview,PendingBlindReverseReview,Pending,,
087,overview-div-1,overview,HTML/CSS,SQL join visual,SQL join visual,fab9b70c1024086aa7f26e11820411c8f3df045cdc6ca759602a767ba6f49c87,Pass,PendingIndependentSemanticReview,NotApplicable,Pending,,
087,relationships-div-1,relationships,HTML/CSS,Related tables use primary keys and foreign keys,Define exact facts for manual review of Related tables use primary keys and foreign keys.,6f06f79127992678d6ddd5a3148f7bca6d87f6a3cd32285a1bcd6dad0404007b,Pass,PendingIndependentSemanticReview,NotApplicable,Pending,,
088,explanation-delete-img-1,explanation-delete,Raster image,Academic knowledge-point infographic explaining DELETE FROM removes records with a structured visual model.,"Use DELETE only when the whole record should be removed. A missing condition can remove all records. Pattern: DELETE FROM Student WHERE StudentID = 'S03'; Exam caution: DELETE FROM Student; has no WHERE , so it targets every record in the table.",84f3206406e5a96b96a50c867a1f2d1fcb91dc66e26f40aad6d8eb7faf8355e8,Pass,PendingIndependentPixelReview,PendingBlindReverseReview,Pending,,
088,explanation-insert-img-1,explanation-insert,Raster image,Academic knowledge-point infographic explaining INSERT INTO adds a record with a structured visual model.,"List the fields, then list matching values in the same order. Text values use quotes. Pattern: INSERT INTO Student (StudentID, StudentName, TutorGroup) VALUES ('S04', 'Nina', '12C');",c4e70db82347c8350c4d733d6f6514db558582f6d75be962ff914b72d8f261e5,Pass,PendingIndependentPixelReview,PendingBlindReverseReview,Pending,,
088,explanation-update-img-1,explanation-update,Raster image,Academic knowledge-point infographic explaining UPDATE changes existing records with a structured visual model.,SET names the field and new value. WHERE restricts which rows are changed. Pattern: UPDATE Student SET TutorGroup = '12C' WHERE StudentID = 'S01'; Table UPDATE Student chooses the table. New value SET TutorGroup = '12C' changes the field. Target rows WHERE StudentID = 'S01' prevents changing every student.,44cb22a4b24668467101d51a059d89707499c30e4d25be2fbd99ff04debb6e36,Pass,PendingIndependentPixelReview,PendingBlindReverseReview,Pending,,
088,overview-div-1,overview,HTML/CSS,SQL data modification visual,SQL data modification visual,e5d35345f44aff02b3db0908cf603cdd3f37421c698bf22eec87220ec4e41b74,Pass,PendingIndependentSemanticReview,NotApplicable,Pending,,
089,explanation-backup-img-1,explanation-backup,Raster image,Academic knowledge-point infographic explaining Backups allow data recovery after loss or corruption with a structured visual model.,"A backup is a separate copy of data kept so the database can be restored after failure, deletion or corruption. Frequency How often backups are made, such as daily or hourly. Location Copies should be stored separately, often off-site or in secure cloud storage. Testing A backup is only useful if restoration is tested. Untested backup plans are optimistic fiction.",83b90dcb1f1ef9bd6c6a9f96e1c0ab050c132139eab1e58f020cc8c60977e293,Pass,PendingIndependentPixelReview,PendingBlindReverseReview,Pending,,
089,explanation-security-img-1,explanation-security,Raster image,Academic knowledge-point infographic explaining Database security restricts access and protects confidentiality with a structured visual model.,"Security controls reduce unauthorised access, accidental damage and inappropriate disclosure of data. Access rights Different users can view or edit only the data they need. Authentication Usernames, passwords and multi-factor methods check user identity. Encryption Data is encoded so it is unreadable without the correct key.",4de14d6eef2a62e26ab8b0bbfdcbbe9637bf48fd2ac9b496e95dd0a224d670fd,Pass,PendingIndependentPixelReview,PendingBlindReverseReview,Pending,,
089,explanation-validation-img-1,explanation-validation,Raster image,Academic knowledge-point infographic explaining Validation checks whether input is sensible or acceptable with a structured visual model.,Validation applies rules before data is accepted into the database. It reduces errors but cannot prove truth. Range check Checks a value is within limits Age must be 11 to 19 Type check Checks data has the correct data type PaymentAmount must be numeric Presence check Checks required data is not blank StudentID must be entered Format check Checks data follows a pattern,a27f8c60416b18efd92b33c137ea5f4bcf6bfbd0625cc6d0f25163bf18cd9993,Pass,PendingIndependentPixelReview,PendingBlindReverseReview,Pending,,
089,explanation-verification-img-1,explanation-verification,Raster image,Academic knowledge-point infographic explaining Verification checks data has been copied accurately with a structured visual model.,Verification compares entered data with the source or repeats entry to reduce transcription errors. Double entry The same data is entered twice and compared. Useful for passwords or email addresses. Proofreading A person checks entered data against the original source document. Key distinction Verification checks copying accuracy; it does not decide whether the original source was true.,54cabe75aab2c95ee9a55b26d2694b4e3f77f8a55e502a5908d2c84af90cef04,Pass,PendingIndependentPixelReview,PendingBlindReverseReview,Pending,,
089,overview-div-1,overview,HTML/CSS,Database protection visual,Database protection visual,f952ea7f0e4dc37ce350f7d57daed0ac6582456f99fce2c421eaf8f6c3ea822d,Pass,PendingIndependentSemanticReview,NotApplicable,Pending,,
090,explanation-design-img-1,explanation-design,Raster image,Academic knowledge-point infographic explaining Relational design: what earns marks? with a structured visual model.,"Design review Primary key Uniquely identifies a record in one table. It must be unique and reliable. Foreign key Stores a value that matches a primary key in another table, creating a relationship. Normalisation Separates repeated data into related tables to reduce duplication and update errors.",294729abc70cd7627a7bb53400935e7b18248944b15b91e4aadf009e531b4dd1,Pass,PendingIndependentPixelReview,PendingBlindReverseReview,Pending,,
090,explanation-map-img-1,explanation-map,Raster image,Academic knowledge-point infographic explaining Section 8 knowledge map with a structured visual model.,"Retrieval map Data and DBMS data vs information; DBMS roles; avoiding flat-file limitations Tables and keys records, fields, data types, constraints, primary keys and foreign keys Design entity-relationship modelling and normalisation to reduce duplication SQL retrieval SELECT , FROM , WHERE , ORDER BY , aggregates and joins SQL modification INSERT , UPDATE , DELETE , field/value matching and safe WHERE Protection validation, verification, security controls, backups and restore testing",789a61f7cc9a741762c3417b94dacbfc610a5f98db535aad2b3d100e8f4dc442,Pass,PendingIndependentPixelReview,PendingBlindReverseReview,Pending,,
090,explanation-protection-img-1,explanation-protection,Raster image,Academic knowledge-point infographic explaining Do not swap the security vocabulary with a structured visual model.,"Protection review Validation Checks data follows rules, such as range, type, format or presence. Verification Checks entered data matches a source, using proofreading or double entry. Security and backup Security restricts access; backup enables recovery after loss or corruption.",1a1f4a4de553b88925e1867149956c2de27ef53992bb5421fba93f6848f54fdf,Pass,PendingIndependentPixelReview,PendingBlindReverseReview,Pending,,
090,explanation-sql-img-1,explanation-sql,Raster image,Academic knowledge-point infographic explaining SQL clauses: choose the clause that matches the request with a structured visual model.,"For the clauses shown, written syntax order is SELECT, FROM, WHERE, GROUP BY, ORDER BY. A simplified logical processing order is FROM, WHERE, GROUP BY, SELECT, ORDER BY. GROUP BY forms groups and ORDER BY sorts the final rows. Written syntax order and logical processing order are different.",e4923e92c9723e71f004800da8b03a7ae69a6d8619f11dcb85d666257d67d55d,Pass,PendingIndependentPixelReview,PendingBlindReverseReview,Pending,,
090,explanation-tracer-img-1,explanation-tracer,Raster image,Academic knowledge-point infographic explaining Trace one mixed SQL result with a structured visual model.,Interactive SQL tracer Category Networks Computing Literature Databases Choose a query to see the result.,4d52c707e6ecd9ec9707939dfff1a45cf56b48521ab273c336adf860afdae0a5,Pass,PendingIndependentPixelReview,PendingBlindReverseReview,Pending,,
090,overview-div-1,overview,HTML/CSS,Review visual,Review visual,a18f7c80d74fc83babfd1a4c947b61527d33789a93f7bf31124737ca07a6c53c,Pass,PendingIndependentSemanticReview,NotApplicable,Pending,,
091,explanation-calculator-img-1,explanation-calculator,Raster image,Academic knowledge-point infographic explaining Calculate image or sound storage with a structured visual model.,"Interactive calculation checker Bits/sample or depth For image: A = width, B = height, C = colour depth. For sound: A = sample rate, B = duration seconds, C = sampling resolution. Run a calculation to see bits, bytes and KiB/MiB.",ded917bb8c201919870ac7307a95066efd2cee96d63a6e0cc657662cc9f4784d,Pass,PendingIndependentPixelReview,PendingBlindReverseReview,Pending,,
091,explanation-communication-img-1,explanation-communication,Raster image,Academic knowledge-point infographic explaining Explanation answers need mechanism and consequence with a structured visual model.,"Communication review Packets Data is split into packets, each with address/control data, then reassembled at the destination. Protocols Rules that define how devices format, transmit and interpret data. DNS Translates a domain name into an IP address so a device can locate the server.",606a457ac08ca17e6f67dd282afc6d918778b4b338eee0e2b3524fee2a1c2dd9,Pass,PendingIndependentPixelReview,PendingBlindReverseReview,Pending,,
091,explanation-map-img-1,explanation-map,Raster image,Academic knowledge-point infographic explaining Sections 1-2 knowledge map with a structured visual model.,"Retrieval map Number bases binary, denary, hexadecimal, two's complement, overflow and precision limits Storage units bit, nibble, byte, KiB, MiB, GiB, TiB and careful base-2 conversions Text ASCII, Unicode, character sets and why more characters require more bit patterns Images and sound resolution, colour depth, sample rate, sampling resolution, duration and metadata Compression lossless, lossy, run-length encoding and dictionary-style compression Communication LAN/WAN, client-server, peer-to-peer, packets, protocols, IP/MAC/DNS and media",6fb698220eacc1b67f6b681c7ac3f6918e8997fe5a0d09a579100970ea477588,Pass,PendingIndependentPixelReview,PendingBlindReverseReview,Pending,,
091,explanation-representation-img-1,explanation-representation,Raster image,Academic knowledge-point infographic explaining Calculation formulas worth retrieving cold with a structured visual model.,Representation review Question type Core method Exam reminder Image size width x height x colour depth Answer starts in bits; convert carefully. Sound size sample rate x sampling resolution x duration Include channels if stereo is stated. Binary place value sum active powers of 2,f0c1ed30fa43510e3ea9c90b19daa40840dd63e81564506ad13b459a5c2c512c,Pass,PendingIndependentPixelReview,PendingBlindReverseReview,Pending,,
091,overview-div-1,overview,HTML/CSS,Review visual,Review visual,a18f7c80d74fc83babfd1a4c947b61527d33789a93f7bf31124737ca07a6c53c,Pass,PendingIndependentSemanticReview,NotApplicable,Pending,,
092,explanation-hardware-img-1,explanation-hardware,Raster image,Academic knowledge-point infographic explaining Choose hardware by matching characteristics to use with a structured visual model.,"Hardware review Likely choice Justification phrase fast temporary access RAM / cache volatile memory used while programs run / frequently used data close to CPU portable durable storage no moving parts, fast access, resistant to shock cheap high-capacity archive magnetic disk large capacity and lower cost per GiB automatic physical response",0985fa70d6d4f0279fbb7c1a4069ff306ef04c19cf712ae66c657bba2e57ed9e,Pass,PendingIndependentPixelReview,PendingBlindReverseReview,Pending,,
092,explanation-logic-img-1,explanation-logic,Raster image,Academic knowledge-point infographic explaining How hardware facts become mechanisms through a cause-and-effect diagram.,Name the component or representation involved. Explain the operation performed on data or signals. Link that operation to the observable result or limitation.,5c19cf08cb7aedf38ca2c10d6d5f5a68fda1a1d641ab31b1d7723749c1fafd01,Pass,PendingIndependentPixelReview,PendingBlindReverseReview,Pending,,
092,explanation-map-img-1,explanation-map,Raster image,Academic knowledge-point infographic explaining Sections 3-4 knowledge map with a structured visual model.,"Retrieval map Computer system input, output, storage, memory, processor and data capture Storage and memory RAM, ROM, cache, virtual memory, magnetic/optical/solid-state storage Embedded systems sensors, actuators, microcontrollers and control systems Logic NOT, AND, OR, NAND, NOR, XOR, truth tables and Boolean expressions Processor ALU, CU, registers, buses, fetch-decode-execute and addressing modes Performance clock speed, cores, cache, word length, pipelining and interrupts",1f09cd029f7f589868257e514e360b123e248c82c8338c42139806d071df16b6,Pass,PendingIndependentPixelReview,PendingBlindReverseReview,Pending,,
092,overview-div-1,overview,HTML/CSS,Processor review visual,Processor review visual,19d8cf5fb60666bdb37e2d528437e9ba845b0c4b347b7957d7866a80450e1398,Pass,PendingIndependentSemanticReview,NotApplicable,Pending,,
093,explanation-map-img-1,explanation-map,Raster image,Academic knowledge-point infographic explaining Sections 5-6 knowledge map with a structured visual model.,"Compiler, interpreter and assembler are alternative translator paths rather than one serial pipeline. High-level source can be compiled to object code and then linked and loaded. High-level source can instead be interpreted and executed at runtime. Assembly source is translated by an assembler into machine or object code.",1043214e7e41b1100100c1e678ad6e07bca0486ad3bc7376ebdd92bfc610de39,Pass,PendingIndependentPixelReview,PendingBlindReverseReview,Pending,,
093,explanation-matcher-img-1,explanation-matcher,Raster image,Academic knowledge-point infographic explaining Choose the best control with a structured visual model.,Interactive risk-control matcher Choose a risk to see a suitable control and justification.,c4618dc16a483dfb9fd23d82a5799cd9a3b7a4a3cdc14d2948c9fc24be1df898,Pass,PendingIndependentPixelReview,PendingBlindReverseReview,Pending,,
093,explanation-security-img-1,explanation-security,Raster image,Academic knowledge-point infographic explaining Match the control to the threat with a structured visual model.,"Security review Threat / need Mechanism unauthorised login authentication / MFA checks user identity using factors such as password and token intercepted data encryption encodes data so it is unreadable without the key malicious traffic firewall filters traffic using rules such as IP address, port or protocol",48b2558729f3b7bcf9bbb49724c7e1515e26d79585705f832990b9e71bfba431,Pass,PendingIndependentPixelReview,PendingBlindReverseReview,Pending,,
093,explanation-software-img-1,explanation-software,Raster image,Academic knowledge-point infographic explaining OS and utility roles with a structured visual model.,"System software review Mark-worthy phrase OS process management schedules processes allocates processor time and manages multitasking OS memory management allocates memory keeps programs/data in separate memory areas and manages virtual memory File management organises files stores, names, retrieves and controls access to files Utility software",c1c8a403bde25bf7fad8d4b2153daab5c3232b67a75435afe3b8cda92e968e65,Pass,PendingIndependentPixelReview,PendingBlindReverseReview,Pending,,
093,explanation-translators-img-1,explanation-translators,Raster image,"Academic knowledge-point infographic explaining Compiler, interpreter and assembler with a structured visual model.",Translator review Compiler Translates whole source program into object code before execution; can report errors after compilation. Interpreter Translates and executes code line by line; useful for testing and debugging. Assembler Translates assembly language mnemonics into machine code.,d0e2ac7b1270e14a9daf15bf2ba1c64010906c9b8dac0f839c30c0d835770414,Pass,PendingIndependentPixelReview,PendingBlindReverseReview,Pending,,
093,overview-div-1,overview,HTML/CSS,System software and security visual,System software and security visual,635f2a8486de94c34713c6f356d0086d557d334baa25be5fb81d15b69701fe55,Pass,PendingIndependentSemanticReview,NotApplicable,Pending,,
094,explanation-databases-img-1,explanation-databases,Raster image,Academic knowledge-point infographic explaining Relational design: structure before SQL with a structured visual model.,"Normalisation must retain every original attribute and fact so the original information remains reconstructable. If the original rows contain A and B values, the decomposition must keep each B value with its relevant key. A relation containing only a foreign key to A loses the represented B facts.",80d3a4decf76da2fb76e007145556e49b244f6532df4ad83943a2ccc32926a24,Pass,PendingIndependentPixelReview,PendingBlindReverseReview,Pending,,
094,explanation-ethics-img-1,explanation-ethics,Raster image,Academic knowledge-point infographic explaining Evaluation answers need both sides and a condition with a structured visual model.,"Ethics review Question clue Mark-worthy phrase personal data, tracking, surveillance collect only necessary data with consent, clear purpose and controlled access Ownership copyright, licence, copied software a licence gives permission under conditions; copyright still applies Environmental impact energy use, disposal, replacement reduce e-waste through recycling, repair and longer device life Social impact",5907547264b311ad8ec5355df2d6cbe91253f594a189a8f3aaf8103ec20f8974,Pass,PendingIndependentPixelReview,PendingBlindReverseReview,Pending,,
094,explanation-map-img-1,explanation-map,Raster image,Academic knowledge-point infographic explaining Sections 7-8 knowledge map with a structured visual model.,"Retrieval map Ethics stakeholders, consent, fairness, responsibility, proportionality and safeguards Privacy and data protection personal data, collection purpose, access, retention, monitoring and transparency Ownership copyright, patents, licences, open-source/proprietary software and obligations Impact environmental impact, e-waste, energy use, automation, digital divide and social consequences Database design data/information, DBMS, tables, records, fields, keys, relationships and normalisation SQL and protection SELECT, WHERE, ORDER BY, GROUP BY, joins, INSERT/UPDATE/DELETE, validation, verification and backup",667ff1cb1af73324879a0a276d1da8d85f87afc6037a01f54868d33739c8d64f,Pass,PendingIndependentPixelReview,PendingBlindReverseReview,Pending,,
094,explanation-sql-img-1,explanation-sql,Raster image,Academic knowledge-point infographic explaining Clause choice is not decoration with a structured visual model.,"SELECT, WHERE, GROUP BY and ORDER BY are clause choices with different effects, not mandatory consecutive stages. SELECT controls fields, WHERE filters rows, GROUP BY forms groups and ORDER BY sorts final rows. When combined in written SQL, GROUP BY appears before ORDER BY.",dece4a38e701abb46c500de6f56d988ed67e036bbd4fd0f999157009c8767ffe,Pass,PendingIndependentPixelReview,PendingBlindReverseReview,Pending,,
094,explanation-tracer-img-1,explanation-tracer,Raster image,Academic knowledge-point infographic explaining Trace one customer table query with a structured visual model.,Interactive SQL tracer CustomerID Choose a query to see the result.,0bdb448461c525cff4cb03043a50fab9411e2550e93d96c8eebd9b0342763a93,Pass,PendingIndependentPixelReview,PendingBlindReverseReview,Pending,,
094,overview-div-1,overview,HTML/CSS,Ethics and database review visual,Ethics and database review visual,3d85be6894435dfea9a9ed8ec8fe35f9ed0e1f1827c8a340320ff2f8ac23ddfe,Pass,PendingIndependentSemanticReview,NotApplicable,Pending,,
095,explanation-answer-img-1,explanation-answer,Raster image,Academic knowledge-point infographic explaining Use the smallest frame that fits the command with a structured visual model.,"Answer frames Calculation write formula, substitute values, show unit conversion, state final unit. Comparison Item A does X whereas item B does Y; link to scenario if asked. Security control threat, control, mechanism, consequence, limitation if needed. Processor trace name register/bus, state transfer/action, then next step. Ethics evaluation stakeholder, benefit, concern, safeguard and justified judgement. SQL SELECT fields, FROM table(s), WHERE filter, GROUP BY/ORDER BY if required.",c4a6cee46f2a2c4079176cfa5c7d7399ec003cba9934b42c776f91d98a09ba28,Pass,PendingIndependentPixelReview,PendingBlindReverseReview,Pending,,
095,explanation-commands-img-1,explanation-commands,Raster image,Academic knowledge-point infographic explaining What each command word usually demands with a structured visual model.,"Command words Answer shape Weak answer pattern State / identify one precise term or value writing a paragraph and hiding the answer Describe what happens or what it is saying only why it is useful cause plus consequence, usually with because/so that listing a keyword without mechanism paired differences using both items",d56d91db712f652ebd6430ed84940d54cf110f51f3a866d4a93d355a19c12eaa,Pass,PendingIndependentPixelReview,PendingBlindReverseReview,Pending,,
095,explanation-decoder-img-1,explanation-decoder,Raster image,Academic knowledge-point infographic explaining Decode the command word before writing with a structured visual model.,Interactive command decoder Command word Choose a command word to see the expected answer shape.,93388a584176db81120393cbeefef6bfcec4fb53848dcdb42d053bb386aae90c,Pass,PendingIndependentPixelReview,PendingBlindReverseReview,Pending,,
095,explanation-map-img-1,explanation-map,Raster image,Academic knowledge-point infographic explaining Paper 1 sections and question clues with a structured visual model.,"Paper map Section 1 binary/hex, storage units, images, sound, compression, file size calculations Section 2 LAN/WAN, packets, protocols, IP/MAC/DNS, hardware, performance Section 3 input/output/storage, RAM/ROM/cache, embedded systems, logic gates Section 4 CPU, registers, buses, FDE cycle, interrupts, performance factors Sections 5-6 OS roles, utilities, translators, errors, security threats and controls Sections 7-8 ethics, ownership, impacts, relational design, SQL and data protection",390a625fe94ffbd77bfff01486f3b0ceeed514dcb804cd815e1e8948b31fbbfe,Pass,PendingIndependentPixelReview,PendingBlindReverseReview,Pending,,
095,explanation-strategy-img-1,explanation-strategy,Raster image,Academic knowledge-point infographic explaining The 30-second annotation routine with a structured visual model.,"Mixed question strategy What to mark Why it protects marks 1. Topic clue underline the syllabus clue: register, packet, licence, primary key, etc. prevents selection of an unrelated syllabus concept 2. Command word circle state, describe, explain, compare, justify or evaluate sets depth and answer structure 3. Output type calculation, table, SQL, diagram label, prose explanation prevents writing paragraphs when a method/result is needed",42fe52d4d26fccd5b1816e607f634bb24650842fd249665f87a6039af34dfd75,Pass,PendingIndependentPixelReview,PendingBlindReverseReview,Pending,,
095,overview-div-1,overview,HTML/CSS,Mixed question strategy visual,Mixed question strategy visual,8ac8749999e77594ff176135feb06d70a0c2da4327cde2bae52ce4d8f4874658,Pass,PendingIndependentSemanticReview,NotApplicable,Pending,,
096,explanation-marking-img-1,explanation-marking,Raster image,Academic knowledge-point infographic explaining Three checks before moving on with a structured visual model.,"Self-marking Question to ask Fix if missing Precision Did I use the exact term or unit? add the term, register, SQL clause, protocol or unit Mechanism Did I say how it works? add the process: filters, encrypts, schedules, links, fetches Did I link to the scenario? name the user, network, database, school or business from the question",0bee2cd008cfcb122753a5dac3009c3e0b05a2b2694b71d6c3f74dd38ba950a3,Pass,PendingIndependentPixelReview,PendingBlindReverseReview,Pending,,
096,explanation-planner-img-1,explanation-planner,Raster image,Academic knowledge-point infographic explaining Estimate a sensible time budget with a structured visual model.,Interactive mark planner Marks available Choose a mark value to see the target writing behaviour.,8a9e4cf8da55457126e9767ae5e6a8619c0668ab0a542761c85ffa1ca37ddb16,Pass,PendingIndependentPixelReview,PendingBlindReverseReview,Pending,,
096,explanation-quiz-img-1,explanation-quiz,Raster image,Academic knowledge-point infographic explaining Quick retrieval across Paper 1 with a structured visual model.,5-minute quiz Use the timer below if you want the pressure. The questions here are deliberately short. 1. What is the 8-bit denary range for unsigned binary? 2. Name the protocol used to transfer web pages securely. 3. Which register stores the address of the next instruction? 4. Which translator executes code one statement at a time? 5. Which SQL clause filters records?,a7c819e174ac9d0a1c017a26feac407d3ab854d899cb6a928ffd55a271f1fd5b,Pass,PendingIndependentPixelReview,PendingBlindReverseReview,Pending,,
096,explanation-short-img-1,explanation-short,Raster image,"Academic knowledge-point infographic explaining Compress the answer, not the marks with a structured visual model.","Short-answer craft Definition Term + essential property. Example: A primary key uniquely identifies a record. Calculation Formula + substitution + conversion + unit. Skip none of these. Explain Mechanism + consequence. Use ""because"" or ""so that"". Compare Paired differences. Use ""whereas"" to force contrast. SQL Required fields, table, condition/group/sort. Avoid SELECT * unless asked. Evaluate Benefit, concern, safeguard, judgement. Keep each point short.",533d9a0a25df1b3e87f43bfb5c33e896f4e8f9bca40d3a8778574038f93892d5,Pass,PendingIndependentPixelReview,PendingBlindReverseReview,Pending,,
096,explanation-timer-img-1,explanation-timer,Raster image,Academic knowledge-point infographic explaining Run a timed short-answer sprint with a structured visual model.,Interactive timer,5461fb96c4e36792ce9961601fb6d3faa68223fe1c86d36327e7456d04383fb4,Pass,PendingIndependentPixelReview,PendingBlindReverseReview,Pending,,
096,explanation-timing-img-1,explanation-timing,Raster image,Academic knowledge-point infographic explaining A practical mark-per-minute model with a structured visual model.,"Use one declared mark-to-time rate consistently across the practice set. The example planning rate is one minute per mark, so equal marks receive equal time. Reading, planning, writing and checking all fit inside the question's total target time. Marks guide both the time budget and the required answer depth.",428d351130fc7600a171711c51a5656bfb1e67a817d40c2315b51c8800fa4a73,Pass,PendingIndependentPixelReview,PendingBlindReverseReview,Pending,,
096,explanation-triage-img-1,explanation-triage,Raster image,"Academic knowledge-point infographic explaining Decide: answer now, flag, or return later? with a structured visual model.",Interactive question triage Situation Choose a situation to decide a practical exam move.,d87e4038a6cfc46452c17570253d7e06ce1ea2d76ef97f1e90169da5a4f9791a,Pass,PendingIndependentPixelReview,PendingBlindReverseReview,Pending,,
096,overview-div-1,overview,HTML/CSS,Timed short-answer visual,Timed short-answer visual,7a4fc25b502f13a3dca09606ebf95ad7fdf5e31bfe73a9951fbf0594232ff200,Pass,PendingIndependentSemanticReview,NotApplicable,Pending,,
097,explanation-balance-img-1,explanation-balance,Raster image,"Academic knowledge-point infographic explaining Evaluation is not just ""good and bad"" with a structured visual model.","Stakeholder Name who is affected: student, staff, customer, business, public, developer. Benefit Explain the advantage and who receives it. Concern Explain harm, risk, fairness, privacy, legal or environmental issue. Safeguard Add condition, limit, policy, access control, transparency or testing. Judgement Reach a conclusion using provided that, unless, only if or because. Scenario Use the actual organisation, users and data in the question.",79640e177a0d71d6d2fc9ab84efb614d2e8472dc73d930ff953f8479b02bb58f,Pass,PendingIndependentPixelReview,PendingBlindReverseReview,Pending,,
097,explanation-map-img-1,explanation-map,Raster image,Academic knowledge-point infographic explaining Extended-response topics across Paper 1 with a structured visual model.,"Question map Representation choice justify storage, compression, image/sound settings and file-size trade-offs Communication compare networks, models, protocols, media and cloud services in context Hardware/processor explain component roles, FDE cycle, interrupts and performance factors System software compare translators, OS roles, utility software and development choices Security explain threats, controls, limitations and data integrity consequences Ethics/databases evaluate impacts and design relational data/SQL solutions with justification",faeb08eb059a8d57dc530c11a4c4e2574d622b5100d42aa9bf1b715d3a419af8,Pass,PendingIndependentPixelReview,PendingBlindReverseReview,Pending,,
097,explanation-marking-img-1,explanation-marking,Raster image,Academic knowledge-point infographic explaining How extended marks usually appear with a structured visual model.,"Marking focus Mark type What earns it What loses it accurate named point or fact vague wording such as ""secure"" or ""efficient"" method, mechanism, comparison or logical development keyword with no explanation application, consequence, judgement or correct final result generic answer that ignores the scenario",a84c08443007966db8b8a5df2ab59674ecf0e5bcf2ddbdf67fcc726942a40f38,Pass,PendingIndependentPixelReview,PendingBlindReverseReview,Pending,,
097,explanation-planner-img-1,explanation-planner,Raster image,Academic knowledge-point infographic explaining Choose a structure before writing with a structured visual model.,Interactive response planner Question type Choose a question type to see a compact plan.,0d2ce7dd74fe89dd842b1769c9b11cf13ecf3ca78d0aef49278a97bd443fb9f2,Pass,PendingIndependentPixelReview,PendingBlindReverseReview,Pending,,
097,explanation-structure-img-1,explanation-structure,Raster image,Academic knowledge-point infographic explaining Three reliable extended-response shapes with a structured visual model.,"Structure Question type Sentence pattern Explain three... 3 x named point + mechanism + consequence Control X works by..., so in this scenario... Compare... 3 paired contrasts A does..., whereas B does..., which matters because... Evaluate/discuss... benefit + concern + safeguard + judgement Although..., however..., therefore only if...",653bd82a8e6823fc7e68c91b948aa858a35df5b90543d1cfe63e62d243618627,Pass,PendingIndependentPixelReview,PendingBlindReverseReview,Pending,,
097,overview-div-1,overview,HTML/CSS,Extended response visual,Extended response visual,08e6a4e4d55d90ac64e8a172bdd40c8fc0b76491d061334f0870cf41a955210e,Pass,PendingIndependentSemanticReview,NotApplicable,Pending,,
098,explanation-clinic-img-1,explanation-clinic,Raster image,Academic knowledge-point infographic explaining The rewrite protocol with a structured visual model.,"Correction clinic 1. Label Write the section/topic and command word beside the question. 2. Locate Underline the exact missing mark: term, method, mechanism, context or judgement. 3. Rewrite Write a new answer, not a note saying ""be more careful"". 4. Mark Use B/M/A labels to show why the corrected answer earns marks. 5. Drill Create one similar question and answer it under a time limit. 6. Track Record whether the issue is knowledge, method, wording or timing.",ff3173dce58958a5d4e24ca31550d50d19e7d56c94db18c647e6d4b9d69fe17f,Pass,PendingIndependentPixelReview,PendingBlindReverseReview,Pending,,
098,explanation-coverage-img-1,explanation-coverage,Raster image,Academic knowledge-point infographic explaining Paper 1 correction checklist with a structured visual model.,"Coverage map Section 1 units, binary/hex, image/sound file size, compression method and units Section 2 network types, protocols, packets, addressing, hardware and performance Sections 3-4 hardware choice, memory/storage, logic, registers, FDE, interrupts, performance Section 5 OS roles, utilities, translators, errors, linkers/loaders/libraries Section 6 threats, CIA, authentication, access rights, encryption, hashing, firewalls, backup Sections 7-8 ethics, ownership, environmental/social impact, relational design, SQL, validation/verification",7c92e00697577682a2f491d753ccb20b78b65c626864c658a53c4d1aa0daeead,Pass,PendingIndependentPixelReview,PendingBlindReverseReview,Pending,,
098,explanation-diagnosis-img-1,explanation-diagnosis,Raster image,Academic knowledge-point infographic explaining Four common sources of lost marks with a structured visual model.,"Diagnosis Error type What it looks like Repair move Topic gap wrong section or wrong concept re-label the syllabus area and write the first correct keyword Command error state/describe/explain/compare/evaluate answered with wrong depth reshape the answer to match the command word Method error calculation, SQL, trace or logic method is wrong/incomplete",ac4c1ab8dd1a82cdc62dd09b42425b788dc6ef0ca23ae699feec74dfb5693758,Pass,PendingIndependentPixelReview,PendingBlindReverseReview,Pending,,
098,explanation-error-img-1,explanation-error,Raster image,Academic knowledge-point infographic explaining Classify the flaw before rewriting with a structured visual model.,Interactive error classifier Weak mock answer Choose a weak answer to classify the correction need.,1d279831f2cb1caf435f2352d8c9591944b81e9812729b372e0b23705bcc2427,Pass,PendingIndependentPixelReview,PendingBlindReverseReview,Pending,,
098,explanation-rewrite-img-1,explanation-rewrite,Raster image,Academic knowledge-point infographic explaining Build a corrected answer sentence with a structured visual model.,Interactive rewrite builder Missing focus Choose a focus and topic to generate a repair model.,bd5ce56f2f40b7db6e89cc7a822d201c5d3dd324d1e81f4ac4ef97966be43600,Pass,PendingIndependentPixelReview,PendingBlindReverseReview,Pending,,
098,explanation-routine-img-1,explanation-routine,Raster image,Academic knowledge-point infographic explaining How to use the mock after today with a structured visual model.,Review routine Same day classify every lost mark error tally by topic and flaw Next 48 hours rewrite the top five weak answers corrected answers with MS labels Next week retry similar questions under time evidence that the error has changed Maintenance mix one Paper 1 drill into Paper 2 weeks,307eed4ad84a1b74a446104fc2ba4de8ef624905c7b560b991522d8b9d694349,Pass,PendingIndependentPixelReview,PendingBlindReverseReview,Pending,,
098,explanation-score-img-1,explanation-score,Raster image,Academic knowledge-point infographic explaining Turn a score into a repair priority with a structured visual model.,Interactive score analyser Mock score band Choose a score pattern to see the repair priority.,f356a9318701857de3ed5e487339688dc76e67dbe2b76f0efba6091fe37d2ade,Pass,PendingIndependentPixelReview,PendingBlindReverseReview,Pending,,
098,overview-div-1,overview,HTML/CSS,Mock correction clinic visual,Mock correction clinic visual,bc49aa5db6deabc4eeb899f03dfbaea318240cb4d551a5592dc48f32c0cf8a60,Pass,PendingIndependentSemanticReview,NotApplicable,Pending,,
099,explanation-constraints-img-1,explanation-constraints,Raster image,Academic knowledge-point infographic explaining Constraints stop algorithms from wandering off with a structured visual model.,A range of 0 to 100 requires both limits to be checked. Exactly 10 supplied readings means the plan must process all 10 readings. A capacity of 30 bookings means a request beyond the remaining capacity must be rejected. Each stated constraint must have a specific consequence in the plan.,cbc4b15bd59d63669d2b8000b81a1c45409fde73e747d5c6c59e55ce2d1da13d,Pass,PendingIndependentPixelReview,PendingBlindReverseReview,Pending,,
099,explanation-model-img-1,explanation-model,Raster image,Academic knowledge-point infographic explaining Use IPOC before choosing a representation with a structured visual model.,List each input and record its type or range when the problem supplies them. Write the required processing in ordered natural-language steps. State the exact required output. Record constraints and supported assumptions. Confirm completeness before choosing a representation.,9bc52d8988fa9441a70071309f5d886f33f7631dd5ec846ec153caf1ef1f7757,Pass,PendingIndependentPixelReview,PendingBlindReverseReview,Pending,,
099,overview-div-1,overview,HTML/CSS,Algorithm pipeline visual,Algorithm pipeline visual,dde83e4ef2290b482cb1a0d8d8bde6740d930391e9e88afc43b41c0be0072e90,Pass,PendingIndependentSemanticReview,NotApplicable,Pending,,
100,explanation-abstraction-img-1,explanation-abstraction,Raster image,Academic knowledge-point infographic explaining Abstraction: keep the details that affect the algorithm with a structured visual model.,"Keep details that affect an input, rule, calculation, constraint or output. Ignore decoration that does not change the required result. Ask whether removing a detail would change the result. Explain why a detail is relevant or irrelevant rather than only labelling it.",94e0c01082ff4e153caa58b646583f39dc198c90a0b92136ef2bbd29a7600151,Pass,PendingIndependentPixelReview,PendingBlindReverseReview,Pending,,
100,explanation-concept-img-1,explanation-concept,Raster image,Academic knowledge-point infographic explaining An algorithm is a solution expressed as defined steps with a structured visual model.,"An algorithm is a solution to a problem expressed as a sequence of defined steps. Each step must be unambiguous, ordered where order matters and capable of being carried out. Identify what data is supplied, state the required transformation and state the exact result. Record limits, quantity requirements and supported assumptions. Check that every requirement maps to an input, process, output, constraint or assumption.",69bea016ea525d08ad3d69752705230ec0c2b6890a6eff311bad4f1dba33c83a,Pass,PendingIndependentPixelReview,PendingBlindReverseReview,Pending,,
100,explanation-decomposition-img-1,explanation-decomposition,Raster image,Academic knowledge-point infographic explaining Decomposition: split the problem into sub-problems with a structured visual model.,"Split the whole task into meaningful sub-problems with distinct responsibilities. Express the resulting design as program modules with clear inputs, processing and outputs. A module may become a procedure that performs an action or a function that returns a value. Confirm that all modules connect into one complete solution.",25c8b7f4c79566e69f06e2e946cb66042ff0748b41a876af29206b0b10aaeb7b,Pass,PendingIndependentPixelReview,PendingBlindReverseReview,Pending,,
100,explanation-filter-img-1,explanation-filter,Raster image,Academic knowledge-point infographic explaining Keep or ignore details with a structured visual model.,Interactive abstraction filter,abb9286387bf0bc62777d914bdf1f01fcf88a8b9b2169047bcf019624ce5aab5,Pass,PendingIndependentPixelReview,PendingBlindReverseReview,Pending,,
100,explanation-ipoc-img-1,explanation-ipoc,Raster image,Academic knowledge-point infographic explaining Turn paragraphs into a design table with a structured visual model.,"IPOC reading Question to ask Example evidence Algorithm consequence What data is provided? mark, price, password, reading use INPUT or given array/list item What must be calculated or checked? total, maximum, validation, search choose assignment, IF, loop What must be displayed or returned? message, total, average, position",fb90ad45ad9dca84a19f6f9b80462881cd3d80e18c36b2d6ddbc76f84cd70492,Pass,PendingIndependentPixelReview,PendingBlindReverseReview,Pending,,
100,explanation-pattern-img-1,explanation-pattern,Raster image,Academic knowledge-point infographic explaining Produce an abstract model with a structured visual model.,Underline the required output and keep only details that affect it. Create verb-based sub-problems with distinct responsibilities. State each sub-problem's input and output. Check that the parts collectively meet every requirement without gaps or overlap. The result is a natural-language responsibility plan ready for a later representation lesson.,f63b5cf94115f8846e9ce6ad416283e00b0d0dee8215cde04b61a84788b12800,Pass,PendingIndependentPixelReview,PendingBlindReverseReview,Pending,,
100,explanation-sorter-img-1,explanation-sorter,Raster image,Academic knowledge-point infographic explaining Classify the design move with a structured visual model.,"Interactive task sorter Design statement Choose a statement to see whether it demonstrates decomposition, abstraction or an error.",02b9b14c9a3deedfcbc2d74863c2bd668b229fa614cd2702f1664534fed02563,Pass,PendingIndependentPixelReview,PendingBlindReverseReview,Pending,,
100,overview-div-1,overview,HTML/CSS,Decomposition and abstraction visual,Decomposition and abstraction visual,e9b86d767a2b49eaf8872aa8322fe367a54926bec3c20235a4f329168102cbdd,Pass,PendingIndependentSemanticReview,NotApplicable,Pending,,
101,explanation-combining-img-1,explanation-combining,Raster image,Academic knowledge-point infographic explaining Real algorithms usually combine the three structures with a structured visual model.,Combining structures 1 Use sequence to initialise variables and read inputs. 2 Use iteration when the same action happens repeatedly. 3 Use selection inside the loop when each item needs a decision. 4 Use sequence after the loop to calculate or output final results. 5 Indent nested structures so the examiner can see the logic.,a8fefe9ed6f4c1bddee16d99bd898043b09d656d515d49fae25bd3b1baa6fb61,Pass,PendingIndependentPixelReview,PendingBlindReverseReview,Pending,,
101,explanation-iteration-img-1,explanation-iteration,Raster image,Academic knowledge-point infographic explaining Iteration: repeat steps with a structured visual model.,Knowledge explanation Use when Cambridge-style pattern Count-controlled the number of repeats is known FOR Count <- 1 TO 10 ... NEXT Count Condition-controlled repeat until a condition changes WHILE Number <> -1 ... ENDWHILE Repeat-until style the body must run at least once REPEAT ... UNTIL Valid = TRUE,9b17db9c8a0bd028bdeb873e8867c941bbaeb9268c7d28864a83184e1719329a,Pass,PendingIndependentPixelReview,PendingBlindReverseReview,Pending,,
101,explanation-pseudocode-img-1,explanation-pseudocode,Raster image,Academic knowledge-point infographic explaining Cambridge pseudocode is the exam form; Java is support only with a structured visual model.,Initialise PassCount to zero before processing five marks. Input Mark inside the FOR loop and increment PassCount only when Mark is at least 50. Close the conditional with ENDIF before NEXT Count. Output PassCount after the loop.,4118ec77f23721a7b8af44a0444bcaec78568aefdd62b65f557e6e6698de0c88,Pass,PendingIndependentPixelReview,PendingBlindReverseReview,Pending,,
101,explanation-selection-img-1,explanation-selection,Raster image,Academic knowledge-point infographic explaining Selection: choose a path using a condition with a structured visual model.,"Knowledge explanation Selection is used when the algorithm must decide between different actions. INPUT Mark IF Mark >= 50 THEN OUTPUT ""Pass"" OUTPUT ""Resit""",e27c59048bf14a5d64a079ce32a5db28811e7ae32c8ebc5668a8102588e76698,Pass,PendingIndependentPixelReview,PendingBlindReverseReview,Pending,,
101,explanation-sequence-img-1,explanation-sequence,Raster image,Academic knowledge-point infographic explaining Sequence: steps run in a fixed order with a structured visual model.,"Knowledge explanation Sequence is used when every step must happen once, in order, with no branch and no repetition. INPUT Length INPUT Width Area <- Length * Width OUTPUT Area",91aca28ac892279bbabbf213b2be9c61239ace71b7d1f04818c540d995ad6a39,Pass,PendingIndependentPixelReview,PendingBlindReverseReview,Pending,,
101,overview-div-1,overview,HTML/CSS,Control structure visual,Control structure visual,e538672b590c3ace79558659d034077d3dff2618d8e72b202249d7b48e7949fb,Pass,PendingIndependentSemanticReview,NotApplicable,Pending,,
102,explanation-flowcharts-img-1,explanation-flowcharts,Raster image,Academic knowledge-point infographic explaining Flowcharts use symbols to show control flow with a structured visual model.,A terminator marks START or END; a parallelogram marks INPUT or OUTPUT. A rectangle marks a calculation or assignment; a diamond marks a yes/no decision. Flow lines show the next step and decision branches must be labelled. Every output value must first be assigned or input. A loop must contain a route that can change its condition.,00bba6c886754a0ddf40d5331dc57d044b487d0a9fa208c03c5b197b58dc660d,Pass,PendingIndependentPixelReview,PendingBlindReverseReview,Pending,,
102,explanation-notation-img-1,explanation-notation,Raster image,Academic knowledge-point infographic explaining Readable notation earns marks more easily with a structured visual model.,"Notation rules One entry Flowcharts should have a clear start and a clear direction of travel. Decision labels Decision outputs should be labelled, usually Yes/No or True/False. Indentation Indented pseudocode shows which statements belong inside a branch or loop. Matching endings Use ENDIF, NEXT, ENDWHILE or equivalent to close a structure clearly. Meaningful names Use Mark, Total, Count, Found instead of X1 unless the question gives X1. No mixed syntax Do not mix Java braces with Cambridge pseudocode keywords in the same answer.",7f042dad6a971cfc34bad39090427046b5bd48c1768ea366e181279e1b89d221,Pass,PendingIndependentPixelReview,PendingBlindReverseReview,Pending,,
102,explanation-pseudocode-img-1,explanation-pseudocode,Raster image,Academic knowledge-point infographic explaining Cambridge-style pseudocode uses structured keywords with a structured visual model.,"Knowledge explanation Selection INPUT Mark IF Mark >= 50 THEN OUTPUT ""Pass"" OUTPUT ""Resit"" Count-controlled iteration Total <- 0 FOR Count <- 1 TO 5 Total <- Total + Mark NEXT Count OUTPUT Total",804c428884449d18524798218477dfd4f109b812afa8415b2a3daa1916ffbb95,Pass,PendingIndependentPixelReview,PendingBlindReverseReview,Pending,,
102,explanation-structure-tool-img-1,explanation-structure-tool,Raster image,Academic knowledge-point infographic explaining Match scenario to pseudocode structure with a structured visual model.,Interactive structure tool Scenario clue Choose a clue to see the likely structure.,f9c5a748af6197f37e2c5c5b16e5aca416bd737de54644b2337ff19f8cb0028a,Pass,PendingIndependentPixelReview,PendingBlindReverseReview,Pending,,
102,explanation-symbol-tool-img-1,explanation-symbol-tool,Raster image,Academic knowledge-point infographic explaining Choose the correct flowchart symbol with a structured visual model.,Interactive symbol tool Algorithm step Choose a step to see the matching symbol and reason.,79e0490c7bb0b3c1997d43b42295e73d800d41df06cdeb7ab680f9bb04c2bc9f,Pass,PendingIndependentPixelReview,PendingBlindReverseReview,Pending,,
102,overview-div-1,overview,HTML/CSS,Flowchart and pseudocode visual,Flowchart and pseudocode visual,66bb7121ce3fbe33a01dfb777f487d1cdf930e5ec7b84bb1cff7b957803a2b28,Pass,PendingIndependentSemanticReview,NotApplicable,Pending,,
103,explanation-analyser-img-1,explanation-analyser,Raster image,Academic knowledge-point infographic explaining Stepwise refinement turns a high-level algorithm into implementable modules with a structured visual model.,"Stepwise refinement starts with a high-level algorithm and repeatedly replaces each complex step with a smaller sequence of defined substeps. Refinement stops when every step is precise enough to implement and its input and output are clear. At each level, preserve the parent step's purpose and input-process-output relationship. Related substeps can be expressed as program modules, including procedures that perform actions and functions that return calculated values. Every level must reduce ambiguity and collectively remain a complete solution.",65ec4ad661b9aab34d7b23d5b8befaa59e229cb8388e7cc998af13f8c9f6015d,Pass,PendingIndependentPixelReview,PendingBlindReverseReview,Pending,,
103,explanation-dry-run-img-1,explanation-dry-run,Raster image,Academic knowledge-point infographic explaining Dry run: execute the algorithm by hand with a structured visual model.,1 Copy the variable names into table columns. 2 Write initial values before the loop starts. 3 Use each input value in order. 4 Update variables exactly when pseudocode updates them. 5 Record output only when an OUTPUT statement is executed.,2be842ecbe6414a5b6e873faf1130930ffeb6724001ae883ed1a5144f3f24c87,Pass,PendingIndependentPixelReview,PendingBlindReverseReview,Pending,,
103,explanation-loops-img-1,explanation-loops,Raster image,Academic knowledge-point infographic explaining Loops make trace tables useful and slightly unforgiving with a structured visual model.,"Loop tracing Initialisation Variables such as Total and Count usually need a starting value before the loop. Update Record new values after assignment, not before. Condition For WHILE loops, check the condition before each iteration. Sentinel A sentinel value stops input and should usually not be processed as data. Output timing If OUTPUT is after the loop, output appears once at the end. Boundary Check whether loops run 5 times, 6 times, or one time too many.",5b043c769be8ab2b9d40fd0cbdf2a70891c5c7878288ce8c51558992a5a16116,Pass,PendingIndependentPixelReview,PendingBlindReverseReview,Pending,,
103,explanation-predictor-img-1,explanation-predictor,Raster image,Academic knowledge-point infographic explaining Predict the final output with a structured visual model.,Interactive output predictor Input set The pseudocode totals three input numbers and outputs Total.,da2c9312d1ef4b58f3606bcd7971d35e8374288fbad42f75641f16029ee9e027,Pass,PendingIndependentPixelReview,PendingBlindReverseReview,Pending,,
103,explanation-pseudocode-img-1,explanation-pseudocode,Raster image,Academic knowledge-point infographic explaining Trace Cambridge pseudocode in the exam; Java is only a support view with a structured visual model.,"Initialise Total to zero before a three-iteration loop. Input one Number and add it to Total during each iteration. Output Total once after the loop has processed all three numbers. A Java support version must preserve the same input, accumulation and final output.",3eb4fec414debb1dfbf8539d236bf7f005f847872422f8d783f87f6c00cf91e8,Pass,PendingIndependentPixelReview,PendingBlindReverseReview,Pending,,
103,explanation-trace-table-img-1,explanation-trace-table,Raster image,Academic knowledge-point infographic explaining A trace table records variables after each change with a structured visual model.,"Knowledge explanation What it records Exam note Line / step which statement is being executed optional, but useful for debugging Input value the test data read by INPUT do not invent values not given by the question Variable columns current values of Count, Total, Mark, Found, etc. write changed values clearly",82b9aa249dc33c17653f48af2d3384087b79061e69a1a871f68b6ab3f0566293,Pass,PendingIndependentPixelReview,PendingBlindReverseReview,Pending,,
103,overview-div-1,overview,HTML/CSS,Trace table visual,Trace table visual,2bdea59010282ac0646e72fc7aa7a0e96ac4623676ea9f7af16d3b17e303d1a9,Pass,PendingIndependentSemanticReview,NotApplicable,Pending,,
104,explanation-checks-img-1,explanation-checks,Raster image,Academic knowledge-point infographic explaining Match the rule to the risk with a structured visual model.,LENGTH(Postcode) <= 8 is a maximum-length check. The rule accepts no more than eight characters and prevents input that is too long. It does not require exactly eight characters. Use equality or bounded limits only when an exact or minimum-and-maximum length is intended.,ce1b808b28d93fa8f88296314b8d3bfe1a457fbef08e5124d444ef208fa6c334,Pass,PendingIndependentPixelReview,PendingBlindReverseReview,Pending,,
104,explanation-defensive-img-1,explanation-defensive,Raster image,"Academic knowledge-point infographic explaining Reject bad input, then ask again with a structured visual model.","Defensive input handling 1 Input the value. 2 Test the validation condition. 3 If invalid, output a helpful message. 4 Repeat input until valid. 5 Process only the accepted value.",6a5deed09bbb4bbc62aad70b2788f990e45361517cb791d42be187e5d4d8de93,Pass,PendingIndependentPixelReview,PendingBlindReverseReview,Pending,,
104,explanation-equivalence-img-1,explanation-equivalence,Raster image,Academic knowledge-point infographic explaining A diamond becomes IF...THEN...ELSE with a structured visual model.,A flowchart decision diamond becomes an IF condition in pseudocode. The labelled Yes and No branches become THEN and ELSE branches. Close the selection with ENDIF after the two branches rejoin. Input Age before testing whether it is between 11 and 18 inclusive.,940dc17b07da0fe03c03b190d5e0ba5311dbee5a22da5896fc74cb2c91a6df5a,Pass,PendingIndependentPixelReview,PendingBlindReverseReview,Pending,,
104,explanation-pseudocode-img-1,explanation-pseudocode,Raster image,Academic knowledge-point infographic explaining Use Cambridge-style validation loops in the exam with a structured visual model.,A post-condition validation loop starts with REPEAT and ends with UNTIL. Input Mark inside the loop so every retry obtains a replacement value. Close the invalid-mark selection with ENDIF before UNTIL. A Java do-while support version must begin with do and close its blocks correctly.,b4f2e1c235b490f33369b60e0701390f125a6a451b152917586f75c1eccaa188,Pass,PendingIndependentPixelReview,PendingBlindReverseReview,Pending,,
104,explanation-tester-img-1,explanation-tester,Raster image,Academic knowledge-point infographic explaining Test a mark against 0-100 with a structured visual model.,Interactive input tester Enter a mark and test whether it is valid.,c1ab9bb9511859a17c7b11147038933c5d6c941e2010c0f66e9c367961c779d7,Pass,PendingIndependentPixelReview,PendingBlindReverseReview,Pending,,
104,explanation-validation-img-1,explanation-validation,Raster image,Academic knowledge-point infographic explaining Validation checks whether input follows a rule with a structured visual model.,"Knowledge explanation What validation does Validation rejects unacceptable input before processing. It can check range, presence, length, type, format, existence or check digit rules. What validation does not do Validation does not prove input is true. It checks whether input is reasonable or follows the expected pattern. Example: age 15 passes a school-age range check, but it might still be a lie.",48a70240ba819fca115a14f222f3f3a71cb56f3dc356256f6aba8f0216b04bb9,Pass,PendingIndependentPixelReview,PendingBlindReverseReview,Pending,,
104,overview-div-1,overview,HTML/CSS,Validation pipeline visual,Validation pipeline visual,74b92dc4a346f80085eced7d2ea23881aca2f378548b9445f7c66ad7d36ebdf8,Pass,PendingIndependentSemanticReview,NotApplicable,Pending,,
105,explanation-binary-img-1,explanation-binary,Raster image,Academic knowledge-point infographic explaining Binary search repeatedly halves a sorted list with a structured visual model.,"Binary search requires sorted data and repeatedly narrows the search interval. In Cambridge pseudocode, / performs real division and DIV performs integer division. Mid <- (Low + High) DIV 2
This produces an integer array index.",4e8edaea35ddcc90c823eab7bf7ca51700f3366357e89394a925a6d8c432621c,Pass,PendingIndependentPixelReview,PendingBlindReverseReview,Pending,,
105,explanation-binary-tool-img-1,explanation-binary-tool,Raster image,Academic knowledge-point infographic explaining Trace binary search on sorted data with a structured visual model.,"Interactive binary trace Target in [13, 21, 42, 56, 70, 88, 91] Choose a target to trace low, mid and high.",674841da1957ffc5c463e0bdf62bc2405a1fd6272e0c9ca15bcadedd431e6dd1,Pass,PendingIndependentPixelReview,PendingBlindReverseReview,Pending,,
105,explanation-compare-img-1,explanation-compare,Raster image,Academic knowledge-point infographic explaining Choosing the right search with a structured visual model.,Comparison Linear search Binary search Data order works on unsorted or sorted data requires sorted data checks each item one by one checks middle and discards half Worst case may check every item checks far fewer items for large sorted lists Exam phrase,e15101be2a0ae877fcb5bead801250a59153aad2da1146eb410a9443769ccb7e,Pass,PendingIndependentPixelReview,PendingBlindReverseReview,Pending,,
105,explanation-linear-tool-img-1,explanation-linear-tool,Raster image,Academic knowledge-point infographic explaining Trace linear search with a structured visual model.,"Interactive linear trace Target in [13, 42, 56, 70] Choose a target to trace comparisons.",b552d5c96efedd3c6ef82a7301874ff5ad89940f18c1e2a4c1de143891a69cff,Pass,PendingIndependentPixelReview,PendingBlindReverseReview,Pending,,
105,explanation-pseudocode-img-1,explanation-pseudocode,Raster image,Academic knowledge-point infographic explaining Cambridge pseudocode is the exam format with a structured visual model.,"Initialise Found to FALSE and Index to the first valid position. While the target is not found and Index remains valid, compare the current item. Close the match selection with ENDIF, then increment Index. ENDWHILE closes the surrounding search loop.",4d31bcf8219bc4e2398f763c0d238a80983592d0ba4754e7989c7868bba5f794,Pass,PendingIndependentPixelReview,PendingBlindReverseReview,Pending,,
105,overview-div-1,overview,HTML/CSS,Search visual,Search visual,69e0598f7a13c0b1337ec6ca9834bb810a54d076155fd5e1063c2e3ad44412a4,Pass,PendingIndependentSemanticReview,NotApplicable,Pending,,
106,explanation-compare-img-1,explanation-compare,Raster image,Academic knowledge-point infographic explaining Why the sorts move data differently through a cause-and-effect diagram.,Bubble sort repairs local inversions through repeated neighbouring swaps. Insertion sort moves one key through an existing sorted region. Their movement patterns produce different trace states and operation counts.,ddf9f765d781f0bf48cc32f1ad3c34afab1f352afc9312e07ccc399ad9f22254,Pass,PendingIndependentPixelReview,PendingBlindReverseReview,Pending,,
106,explanation-insertion-img-1,explanation-insertion,Raster image,Academic knowledge-point infographic explaining How insertion sort grows a sorted region through a cause-and-effect diagram.,"Treat the first item as an already sorted region. Remove the next key and shift larger sorted items right. Insert the key into the gap, expanding the sorted region.",697bcb08c7eaaf7e7938083645ecd4f8f96f99c27d33a88b20c7045cf2cda6f4,Pass,PendingIndependentPixelReview,PendingBlindReverseReview,Pending,,
106,explanation-pseudocode-img-1,explanation-pseudocode,Raster image,Academic knowledge-point infographic explaining Why a trace follows state through a cause-and-effect diagram.,"Record the variables and list at the agreed trace point. Apply exactly one comparison, swap, shift or insertion step. Write the new state before advancing the loop.",9cc2477650d80054c72ab1b1bf02ee4ab1cf547f308540264e339df996993d6a,Pass,PendingIndependentPixelReview,PendingBlindReverseReview,Pending,,
106,overview-div-1,overview,HTML/CSS,Sorting visual,Sorting visual,dfc926f6195cc0776f9a388cc24aa085811aad1945d4daa5fb08f2bb8332bca7,Pass,PendingIndependentSemanticReview,NotApplicable,Pending,,
107,explanation-fixed-img-1,explanation-fixed,Raster image,"Academic knowledge-point infographic explaining When the number of values is known, use a count-controlled loop with a structured visual model.","Fixed-count input Example: total and average of 4 scores Total <- 0 FOR Index <- 1 TO 4 INPUT Score Total <- Total + Score NEXT Index Average <- Total / 4 OUTPUT Average Trace focus For scores 72, 55, 91, 64, the total becomes 72, 127, 218, 282. The average is 70.5. Do not output the average inside the loop unless the question asks for a running average.",14f254db8551e5adeba312cacd948a32b81d9c68f7696fe637200283b60faed4,Pass,PendingIndependentPixelReview,PendingBlindReverseReview,Pending,,
107,explanation-initialise-img-1,explanation-initialise,Raster image,Academic knowledge-point infographic explaining The starting value decides whether the algorithm is honest with a structured visual model.,Initialise totals and counters to zero before processing values. Initialise Maximum and Minimum from the first real input value or from proven safe bounds. Compare each remaining value with Maximum and Minimum. Replace Maximum only when a larger value is found and Minimum only when a smaller value is found.,6cb8fbd8450870c4ff159118eb220845d35d420722fb87fe4afd9721b610a2e3,Pass,PendingIndependentPixelReview,PendingBlindReverseReview,Pending,,
107,explanation-patterns-img-1,explanation-patterns,Raster image,Academic knowledge-point infographic explaining Four running-value patterns with a structured visual model.,"Knowledge explanation Start with a concrete list, then name the algorithm pattern. Variable Update rule Total <- Total + Value running sum of values Count <- Count + 1 when a value is processed or meets a condition number of items Maximum replace when Value > Maximum largest value seen so far Minimum",0ecf8aadff250bc2d4bd0fa4d238b99662010939c9e95aa4e79697f21a179ca9,Pass,PendingIndependentPixelReview,PendingBlindReverseReview,Pending,,
107,explanation-pseudocode-img-1,explanation-pseudocode,Raster image,Academic knowledge-point infographic explaining Use Cambridge assignment and loop keywords in exam answers with a structured visual model.,Initialise Total and PassCount to zero before processing five marks. Every input mark is added to Total. Increment PassCount only when Mark is at least 50 and close that selection with ENDIF. Output Total and PassCount after NEXT Index.,567c7c126d10dc7251fba960520db5cb458592318f0bf20c7e3c859fe11457dc,Pass,PendingIndependentPixelReview,PendingBlindReverseReview,Pending,,
107,explanation-sentinel-img-1,explanation-sentinel,Raster image,"Academic knowledge-point infographic explaining When input stops on a special value, do not process the sentinel with a structured visual model.","Initialise Total and Count, then input the first Number. While Number is not -1, add it to Total and increment Count. Input the next Number at the end of the WHILE body before ENDWHILE. The sentinel -1 stops the loop and is not added or counted.",f6d3c8b18df2fa247bd8a59919edcf6f47b857f7ae2f6c6cb730c4aa6ede992b,Pass,PendingIndependentPixelReview,PendingBlindReverseReview,Pending,,
107,explanation-trace-tool-img-1,explanation-trace-tool,Raster image,Academic knowledge-point infographic explaining Watch running variables change with a structured visual model.,"Interactive trace simulator Data set Choose a data set and goal, then trace the algorithm.",e192f251b33a285d38d75697733eab5aa735ab814bb365f4053d88acccb041ae,Pass,PendingIndependentPixelReview,PendingBlindReverseReview,Pending,,
107,overview-div-1,overview,HTML/CSS,Accumulator visual,Accumulator visual,8c85940a672ff7a9f78b146373438e3fbd6ffccf3c3b7ac5fac72b5a5d8ec38f,Pass,PendingIndependentSemanticReview,NotApplicable,Pending,,
108,explanation-build-img-1,explanation-build,Raster image,Academic knowledge-point infographic explaining Some algorithms construct a new string one character at a time with a structured visual model.,"Building output Remove spaces from a string NewString <- """" FOR Index <- 1 TO LENGTH(Text) Character <- character at position Index IF Character <> "" "" THEN NewString <- NewString & Character NEXT Index OUTPUT NewString Why concatenation matters For ""A S"", the algorithm appends A, skips the space, then appends S. The result is ""AS"".",cd49c1085dcb9daae79b00175d6258c1d7ec15c0b58c19f917c5b43fc14794c0,Pass,PendingIndependentPixelReview,PendingBlindReverseReview,Pending,,
108,explanation-model-img-1,explanation-model,Raster image,"Academic knowledge-point infographic explaining A string algorithm needs position, character and stopping point with a structured visual model.","Knowledge explanation Concrete model In Cambridge-style reasoning, text is processed by taking one character at a time from a known position. Word <- ""DATA"" FOR Index <- 1 TO LENGTH(Word) Character <- character at position Index OUTPUT Character NEXT Index Trace for ""DATA"" Character",73274777200e30dbf52066144dbfed8f81535bed8c663f0ef2cb158143a6b3fe,Pass,PendingIndependentPixelReview,PendingBlindReverseReview,Pending,,
108,explanation-patterns-img-1,explanation-patterns,Raster image,Academic knowledge-point infographic explaining Most AS string algorithms are four familiar patterns with a structured visual model.,Core patterns State variable Typical condition Character = Target number of matches Found flag Character = Target true/false or position Validate Valid flag character is allowed / not allowed valid or invalid,975b28ce0c7f39f21ed9b071a7deb76a7dd24171074c518e2a176e5620cd5333,Pass,PendingIndependentPixelReview,PendingBlindReverseReview,Pending,,
108,explanation-pseudocode-img-1,explanation-pseudocode,Raster image,Academic knowledge-point infographic explaining Count vowels with a closed selection with a structured visual model.,"MID(Word, Index, 1) returns a one-character STRING, so compare it with both upper-case and lower-case vowel strings. Increment VowelCount only when the current one-character STRING is A, E, I, O, U, a, e, i, o or u. Close the vowel selection with ENDIF before NEXT Index. Do not pass the STRING returned by MID directly to CHAR-only UCASE or LCASE.",b26c4613907d81cbfd2cd56ad723fa67f5042bca7c64865aff0f889cb4607272,Pass,PendingIndependentPixelReview,PendingBlindReverseReview,Pending,,
108,explanation-scanner-img-1,explanation-scanner,Raster image,Academic knowledge-point infographic explaining Trace character processing with a structured visual model.,"Interactive string scanner Operation Choose text and operation, then trace the string.",8ad8cfcd5d623b8a69a95d51d8e69e67dcf721ea296cd70320b4c302b204ad2d,Pass,PendingIndependentPixelReview,PendingBlindReverseReview,Pending,,
108,overview-div-1,overview,HTML/CSS,String visual,String visual,799d48a12a0338f830584bddc7040f919ee07431e458339320c1c34d2481f1ca,Pass,PendingIndependentSemanticReview,NotApplicable,Pending,,
109,explanation-counting-img-1,explanation-counting,Raster image,Academic knowledge-point infographic explaining Total visits = outer repetitions x inner repetitions with a structured visual model.,"Counting steps FOR Row <- 1 TO 2 FOR Column <- 1 TO 3 OUTPUT ""*"" NEXT Column NEXT Row Count it The OUTPUT ""*"" statement runs 2 x 3 = 6 times. The inner loop runs fully for Row 1, then fully again for Row 2. Do not add 2 + 3. Nested loop visits multiply when every inner loop runs for every outer loop value.",5e582f72a87ab9d9c911ca97d19d7fe3f3a47342077867a915f177302e9838ee,Pass,PendingIndependentPixelReview,PendingBlindReverseReview,Pending,,
109,explanation-model-img-1,explanation-model,Raster image,"Academic knowledge-point infographic explaining Outer loop first, inner loop second with a structured visual model.","Choose nested-loop order from the required traversal and grouping, not from which range is wider. The outer-loop value changes less frequently. The inner loop completes its full traversal for every outer-loop value. In row-major traversal, hold one row while visiting every column, then advance the row.",5f4b54eff56ea832aeccb5412b8edc60bcc37c6e204201cf17e474bd180fe8e8,Pass,PendingIndependentPixelReview,PendingBlindReverseReview,Pending,,
109,explanation-pseudocode-img-1,explanation-pseudocode,Raster image,Academic knowledge-point infographic explaining Indentation is evidence in nested loops with a structured visual model.,Use an outer loop for three rows and an inner loop for four columns. Calculate Product from the current Row and Column inside the inner loop. Output Product during every inner-loop iteration. A corresponding Java support version must also output each product.,9a147c63ebf2ddda72c2d200f986670bdba6328f6142a7336f7058005ba5f935,Pass,PendingIndependentPixelReview,PendingBlindReverseReview,Pending,,
109,explanation-reset-img-1,explanation-reset,Raster image,Academic knowledge-point infographic explaining Put row-level variables inside the outer loop with a structured visual model.,Reset rules Correct: row total resets for each row GrandTotal <- 0 FOR Row <- 1 TO 3 RowTotal <- 0 FOR Column <- 1 TO 4 INPUT Mark RowTotal <- RowTotal + Mark NEXT Column OUTPUT RowTotal GrandTotal <- GrandTotal + RowTotal NEXT Row,87fb7842613bf73cd560c86a3ecdd55b06aad2fb7c763e8a20e060edcfb9cad4,Pass,PendingIndependentPixelReview,PendingBlindReverseReview,Pending,,
109,explanation-table-img-1,explanation-table,Raster image,Academic knowledge-point infographic explaining Table-style problems usually scan row by row with a structured visual model.,Table traversal Problem type Outer loop Inner loop Typical output Grid / table cell coordinates or cell values Class marks students subjects/tests row total or average per student Multiplication table,724dac9d5b6f693a9e7425adf2c006650944c5bcc13d882db4b739b985a2728c,Pass,PendingIndependentPixelReview,PendingBlindReverseReview,Pending,,
109,overview-div-1,overview,HTML/CSS,Nested loop visual,Nested loop visual,877d3744c5e1ab6037cd9b3dd353a922a6109b8b1c29543d716cefd9752d29c1,Pass,PendingIndependentSemanticReview,NotApplicable,Pending,,
110,explanation-cases-img-1,explanation-cases,Raster image,Academic knowledge-point infographic explaining The same algorithm can behave differently on different inputs with a structured visual model.,"Best and worst cases Linear search Found <- FALSE Index <- 1 WHILE Found = FALSE AND Index <= Length IF List[Index] = Target THEN Found <- TRUE Index <- Index + 1 ENDWHILE Case language Best case: target is first, so only 1 comparison. Worst case: target is last or absent, so all n items may be checked. Do not say ""linear search is always slow"". It can be quick in the best case, but grows linearly in the worst case.",827f8c0ae49279a628cd74d7c62754d4143b416572e9dc25d5733470d1b02aec,Pass,PendingIndependentPixelReview,PendingBlindReverseReview,Pending,,
110,explanation-estimator-img-1,explanation-estimator,Raster image,Academic knowledge-point infographic explaining Estimate the work with a structured visual model.,"Interactive step estimator Input size n Algorithm pattern Choose a size and pattern, then estimate the number of steps.",717c4ee05ae254e9530398daf3b62ecbfd2f70b226b94b0bb2d6d8d2d04a397b,Pass,PendingIndependentPixelReview,PendingBlindReverseReview,Pending,,
110,explanation-loops-img-1,explanation-loops,Raster image,Academic knowledge-point infographic explaining Loops reveal how work grows with a structured visual model.,Loop growth Structure Work for n items AS-level explanation Single loop total all marks n additions one step per item Nested loop n rows and n columns n x n visits inner loop repeats for every outer value,a84b5b337d79424418c94aee7396f5235dc06f8ec9f162a988a5947ac9a71832,Pass,PendingIndependentPixelReview,PendingBlindReverseReview,Pending,,
110,explanation-measure-img-1,explanation-measure,Raster image,Academic knowledge-point infographic explaining Efficiency is about resources used with a structured visual model.,"Knowledge explanation What to count Exam wording Common error comparisons, loop repetitions, steps fewer checks / fewer iterations ""faster"" without reason extra variables, arrays, copied data uses less memory / no extra list ignoring memory when data is copied Input size number of items, characters, rows, columns",ed41358ff7240965f55a5dacb068dc0029dfe74584bc10a033999974fbc35a7e,Pass,PendingIndependentPixelReview,PendingBlindReverseReview,Pending,,
110,explanation-pseudocode-img-1,explanation-pseudocode,Raster image,Academic knowledge-point infographic explaining Efficiency explanations are language-independent with a structured visual model.,"A linear search compares Target with each visited list item. Set Found to TRUE only inside the matching IF branch. Close the selection with ENDIF before NEXT Index. Without early exit, the algorithm can perform up to Length comparisons in either language.",978c875729701243495bcb1adefb53b0d33c4e318c1273ce9fdfeb3190c1617e,Pass,PendingIndependentPixelReview,PendingBlindReverseReview,Pending,,
110,explanation-search-img-1,explanation-search,Raster image,Academic knowledge-point infographic explaining Linear search checks one by one; binary search halves a sorted list with a structured visual model.,"Search comparison Linear search on 8 items Worst case: check item 1, 2, 3, 4, 5, 6, 7, 8. That is up to 8 comparisons. [3, 8, 11, 18, 25, 31, 40, 52] target 52 -> 8 comparisons Binary search on sorted 8 items Compare the middle item, discard half, repeat. For 8 items, the target is found or ruled out in about 4 checks. middle 18 -> search right middle 31 -> search right middle 40 -> search right middle 52 -> found",074e8312a7684b0d12f26dcd1e8556b84b610303e7b39b84ac181630f6268f86,Pass,PendingIndependentPixelReview,PendingBlindReverseReview,Pending,,
110,overview-div-1,overview,HTML/CSS,Efficiency visual,Efficiency visual,7e4fde3f6616fd7f3d25ada01f6eeb5c30a0eea221053a9fb1383c55756c1873,Pass,PendingIndependentSemanticReview,NotApplicable,Pending,,
111,explanation-cleaner-img-1,explanation-cleaner,Raster image,Academic knowledge-point infographic explaining Convert Java-like syntax into Cambridge-style pseudocode with a structured visual model.,Interactive Java cleaner Java-like fragment Choose a fragment to convert.,33dccc1badf31ae214db93d03c99ce3fbb8845a856bcea3a2d2dfe4f7202829e,Pass,PendingIndependentPixelReview,PendingBlindReverseReview,Pending,,
111,explanation-conversion-img-1,explanation-conversion,Raster image,"Academic knowledge-point infographic explaining Convert meaning first, syntax second with a structured visual model.","Preserve the algorithm's meaning before converting notation or syntax. Rename abbreviated draft variables toward clearer names: m to Mark, i to Index and pc to PassCount. Use Cambridge blocks after the inputs, processing and outputs are defined. Trace the completed algorithm once to verify where each value changes.",e6349ba887de3306fa95e0e34e335e84e9b0c6c6030900b344a532ea1b58ff64,Pass,PendingIndependentPixelReview,PendingBlindReverseReview,Pending,,
111,explanation-java-img-1,explanation-java,Raster image,Academic knowledge-point infographic explaining Keep Java syntax out of Paper 2 unless Java is explicitly requested with a structured visual model.,"Java braces, semicolons and increment operators are support syntax, not Cambridge pseudocode. In Cambridge pseudocode, initialise PassCount and iterate over explicitly defined array positions. Increment PassCount only when the current mark is at least 50. Close the conditional with ENDIF before NEXT Index.",705b120919d1691d1ff1c77d4bbe4f6d300e6b822842981b72f788fd67862cc5,Pass,PendingIndependentPixelReview,PendingBlindReverseReview,Pending,,
111,explanation-notation-img-1,explanation-notation,Raster image,Academic knowledge-point infographic explaining Use the symbols that make algorithm intent visible with a structured visual model.,Core notation Cambridge-style pseudocode Java support only Exam note Assignment Total <- Total + 1 total = total + 1; <- shows value is stored INPUT Mark scanner.nextInt() name the value being read OUTPUT Total,570b7001d52516b100bb6d77b453a12fac48defa01e4d76eb41395cda3ecf448,Pass,PendingIndependentPixelReview,PendingBlindReverseReview,Pending,,
111,explanation-readability-img-1,explanation-readability,Raster image,Academic knowledge-point infographic explaining A marker should not need detective training with a structured visual model.,"Readability Weak answer Improved answer Why it helps Identifier x, y, z Mark, Total, PassCount purpose is visible Indentation all lines aligned nested lines indented block ownership is clear",0abc706370060985142ebcace4b3a77962acd692b1898216e0c823cf2e048ba1,Pass,PendingIndependentPixelReview,PendingBlindReverseReview,Pending,,
111,explanation-structure-img-1,explanation-structure,Raster image,Academic knowledge-point infographic explaining Every opening should have a visible ending with a structured visual model.,"Block structure Readable selection IF Mark >= 50 THEN OUTPUT ""Pass"" OUTPUT ""Resit"" ENDIF makes the selection boundary clear. Readable loop FOR Index <- 1 TO 5 INPUT Mark Total <- Total + Mark NEXT Index NEXT Index shows which loop is ending, useful when loops are nested.",62ff01924f94e18758103147130f7f4d507218035687133660501b8c48a1d41c,Pass,PendingIndependentPixelReview,PendingBlindReverseReview,Pending,,
111,overview-div-1,overview,HTML/CSS,Pseudocode visual,Pseudocode visual,a7c781be57a58914937b69c5df72bdcfb4e3564cd5d3a601d274d182b0734f9c,Pass,PendingIndependentSemanticReview,NotApplicable,Pending,,
112,explanation-pseudocode-img-1,explanation-pseudocode,Raster image,Academic knowledge-point infographic explaining Design in Cambridge pseudocode first; use Java only to support testing with a structured visual model.,Initialise PassCount before processing five marks. Input one Mark per iteration and increment PassCount only when Mark is at least 50. Close the conditional with ENDIF before NEXT Index. Output the final PassCount after the loop in both equivalent forms.,0818a75bb1850ecf0eef82b60491827116768a8e58cc35d4ea172d7e95281d7c,Pass,PendingIndependentPixelReview,PendingBlindReverseReview,Pending,,
112,explanation-requirements-img-1,explanation-requirements,Raster image,Academic knowledge-point infographic explaining Words in the question usually signal a control structure with a structured visual model.,"Requirements Likely structure Variables exactly / for each / ten values count-controlled loop Index, Total, Count input 10 marks until / while / sentinel condition-controlled loop Number, Total, Count input until -1 if / otherwise / valid",60e1d73cf3a062aeb520ce5ea06deb7f858220ac510e23ded1b070faf1dde949,Pass,PendingIndependentPixelReview,PendingBlindReverseReview,Pending,,
112,explanation-structures-img-1,explanation-structures,Raster image,Academic knowledge-point infographic explaining Pick the structure before writing the pseudocode with a structured visual model.,Control choice Known count Total <- 0 FOR Index <- 1 TO 5 INPUT Mark Total <- Total + Mark NEXT Index OUTPUT Total Use when the number of repetitions is given. Unknown count with sentinel WHILE Mark <> -1 ENDWHILE,9423380e50106c316675ef29c59b955534cb72bbbdd8dff4b365d36426e3ae64,Pass,PendingIndependentPixelReview,PendingBlindReverseReview,Pending,,
112,overview-div-1,overview,HTML/CSS,Scenario visual,Scenario visual,71b0deb087cd7eec30c31c25e2d429731d8e68d057e6f2bc269d8833cc0c0d9b,Pass,PendingIndependentSemanticReview,NotApplicable,Pending,,
113,explanation-fixer-img-1,explanation-fixer,Raster image,Academic knowledge-point infographic explaining Turn vague answers into mark-worthy answers with a structured visual model.,Interactive answer fixer Weak answer Choose a weak answer to see a stricter version.,003b6f7c08bbb76e4418e7d8ad187ff159fbab52424f4ba19190fa8cbaa583f0,Pass,PendingIndependentPixelReview,PendingBlindReverseReview,Pending,,
113,explanation-patterns-img-1,explanation-patterns,Raster image,Academic knowledge-point infographic explaining Match the scenario to the correct algorithm pattern with a structured visual model.,Pattern choice Scenario clue Core pseudocode feature One precise explanation exactly 10 readings Count-controlled loop FOR Index <- 1 TO 10 The number of repetitions is known before the loop starts. until 0 is entered Condition-controlled loop WHILE Value <> 0 The number of repetitions depends on input values.,494bac957c35c70ac8f40c698a8a3410e412f14bde9d4358822577f0de184d2c,Pass,PendingIndependentPixelReview,PendingBlindReverseReview,Pending,,
113,explanation-pseudocode-img-1,explanation-pseudocode,Raster image,Academic knowledge-point infographic explaining Paper 2 wants readable Cambridge-style pseudocode with a structured visual model.,"Initialise Total and Count, then input the first Value. While Value is not -1, add it to Total and increment Count. Input the next Value inside the WHILE body before ENDWHILE. If Count is greater than zero, calculate Average using real division and output it. Java may support understanding but is not the Cambridge pseudocode answer format.",c0c2e8eed4c8d7e9e8909ad5f54c1cc0d909ffcf2cb97f824352a84aed247f2c,Pass,PendingIndependentPixelReview,PendingBlindReverseReview,Pending,,
113,explanation-retrieval-img-1,explanation-retrieval,Raster image,Academic knowledge-point infographic explaining Section 9 in one page with a structured visual model.,"Retrieval map Signal words Expected mechanism Typical marking error IPOC / decomposition scenario, requirements, constraints break problem into inputs, processing, outputs and rules copying the story without design decisions Trace tables dry run, trace, values after each loop update variables row by row in execution order jumping to final answer and missing intermediate states",95cfed2b253a8efa496b82a204a6c3683e9dfe56249a60f8cb1a2bba0b74bf8a,Pass,PendingIndependentPixelReview,PendingBlindReverseReview,Pending,,
113,explanation-triage-img-1,explanation-triage,Raster image,Academic knowledge-point infographic explaining Turn question wording into an algorithm plan with a structured visual model.,"Scenario triage Step 1: Output first Ask: what must be displayed, returned or stored at the end? The final output tells you which variables need to exist. Output needed: average rainfall Therefore: Total is needed Count is needed Average <- Total / Count Step 2: Stop condition Ask: does the question state a fixed number of values, or does input continue until a condition is met? Exactly 7 days -> FOR Day <- 1 TO 7 Until -1 entered -> WHILE Value <> -1",d367a254d0e1c4e45076c13ab9f800858ceab1001b1e2d253b07898c7846fc36,Pass,PendingIndependentPixelReview,PendingBlindReverseReview,Pending,,
113,overview-div-1,overview,HTML/CSS,Review visual,Review visual,dc8a5a8821f9e804a409a4d69c48cf6e401bcca01f34a02e71a345818f66c4c6,Pass,PendingIndependentSemanticReview,NotApplicable,Pending,,
114,explanation-built-in-img-1,explanation-built-in,Raster image,Academic knowledge-point infographic explaining Core AS-level data types with a structured visual model.,"Built-in types Good example Do not use for whole numbers Score, Count, Quantity values needing decimals numbers with fractional parts Temperature, Mass, Average exact counters or indexes TRUE or FALSE Found, IsValid, HasPaid more than two possible states",122587fd1e7f3e24b47d112c5874d4e8274e67e27358a1a0f56ed0216052d7e8,Pass,PendingIndependentPixelReview,PendingBlindReverseReview,Pending,,
114,explanation-choose-img-1,explanation-choose,Raster image,"Academic knowledge-point infographic explaining Use the scenario, not the surface appearance with a structured visual model.","INTEGER stores whole numbers and REAL stores values that may have a fractional part. Both INTEGER and REAL values can be used in arithmetic. First decide whether a value is numeric, then choose INTEGER for whole-only values or REAL when fractions are possible.",e9f3958dac4e1a3bfc08683df257d709229f2f34baad8ff57179dec5cb10f741,Pass,PendingIndependentPixelReview,PendingBlindReverseReview,Pending,,
114,explanation-pseudocode-img-1,explanation-pseudocode,Raster image,Academic knowledge-point infographic explaining The eight Cambridge pseudocode type names with a structured visual model.,"Cambridge pseudocode uses INTEGER, REAL, CHAR, STRING, BOOLEAN and DATE for scalar values. The Version 2 Notes also name ARRAY and FILE among the pseudocode data types. Select a type from the value's meaning and required operations; numeric-looking identifiers may still require STRING.",969850a66b17c449ea9e93d450991b53cfcc29ea69d050c30bbf7b088d74bf6a,Pass,PendingIndependentPixelReview,PendingBlindReverseReview,Pending,,
114,explanation-user-defined-img-1,explanation-user-defined,Raster image,Academic knowledge-point infographic explaining When built-in types are not descriptive enough with a structured visual model.,"TYPE TStudent
    DECLARE Name : STRING
    DECLARE Mark : INTEGER
ENDTYPE Fields of different data types are declared between TYPE and ENDTYPE. DECLARE Student1 : TStudent
Declare variables of the record type only after ENDTYPE.",795dcf5e63657af2858e7dedb86d83a0ad675ccb658ac6f66b5f608d415259a4,Pass,PendingIndependentPixelReview,PendingBlindReverseReview,Pending,,
114,explanation-why-types-img-1,explanation-why-types,Raster image,Academic knowledge-point infographic explaining A type controls meaning and valid operations with a structured visual model.,A data type determines which operations are meaningful for a stored value. A BOOLEAN can control a decision and a DATE can be compared with another date. Close every structured IF example with ENDIF. Choosing the correct type does not replace validation against the problem's allowed range.,d7581af1b1426cef01d5a6ec0880cff31922e2ca6f7b4105424d41ae15ec60ac,Pass,PendingIndependentPixelReview,PendingBlindReverseReview,Pending,,
114,overview-div-1,overview,HTML/CSS,Data type visual,Data type visual,9bd7cb96ce59cf117136f77a0b8e395687f7be088d2f12a383839200c299d2d7,Pass,PendingIndependentSemanticReview,NotApplicable,Pending,,
115,explanation-assignment-img-1,explanation-assignment,Raster image,"Academic knowledge-point infographic explaining Right side first, left side second with a structured visual model.",Assignment Statement Total <- 0 Total is set to 0 initialises Total Total <- Total + Mark Total becomes old Total plus Mark running total update Count <- Count + 1 Count is incremented counter update Found <- TRUE,8accb1c92df64af567fb5cea7a2cfcfb004b2ba06d70e7d8493ac7c7386f3819,Pass,PendingIndependentPixelReview,PendingBlindReverseReview,Pending,,
115,explanation-constants-img-1,explanation-constants,Raster image,Academic knowledge-point infographic explaining Name fixed values so the algorithm explains itself with a structured visual model.,"Constants Without a constant IF Mark >= 50 THEN OUTPUT ""Pass"" The value 50 appears without explaining its role. With a constant CONSTANT PassMark = 50 IF Mark >= PassMark THEN The identifier documents the meaning of the fixed value. Exam point: changing a constant later is a contradiction. If it must change during execution, it should be a variable.",254d3be139af05cab74bda0920e4c6951e050f6327f630440a8d0939bc6fb756,Pass,PendingIndependentPixelReview,PendingBlindReverseReview,Pending,,
115,explanation-declare-119-img-1,explanation-declare-119,Raster image,"Academic knowledge-point infographic explaining Define a record, then save and read named fields with a structured visual model.","A record groups related named fields of different data types under one identifier. Define the record between TYPE and ENDTYPE, then declare a variable of that record type. Student1.Mark <- 75 saves a field value; OUTPUT Student1.Mark reads that named field.",73d88023d1e34eae90cfc2a80366fea3e0224543598c51fca95f998c00f88501,Pass,PendingIndependentPixelReview,PendingBlindReverseReview,Pending,,
115,explanation-declare-img-1,explanation-declare,Raster image,Academic knowledge-point infographic explaining Declaration gives a name and a type before use with a structured visual model.,Declare variables Cambridge-style pseudocode Whole-number counter DECLARE Count : INTEGER Count can store whole numbers Decimal total DECLARE Price : REAL Price can store decimal values True/false state DECLARE Found : BOOLEAN Found can store TRUE or FALSE Text value,8f6763cb163c5fb23180c4af80326e91636992944d9b32db023b30393c8d1ceb,Pass,PendingIndependentPixelReview,PendingBlindReverseReview,Pending,,
115,explanation-model-img-1,explanation-model,Raster image,Academic knowledge-point infographic explaining Identifiers name storage locations with a structured visual model.,"Memory model Variable A named storage location whose value can change while the algorithm runs. DECLARE Count : INTEGER Count <- 0 Count <- Count + 1 Constant A named value that should remain fixed. Use it when the same fixed value is used in several places. CONSTANT MaxMark = 100 CONSTANT VATRate = 0.2 Assignment Assignment evaluates the right-hand expression first, then stores the result in the left-hand variable.",3ccaf9f5a4382e80123edeca521f01deb359a78f791f576c78f6b543db91f42d,Pass,PendingIndependentPixelReview,PendingBlindReverseReview,Pending,,
115,overview-div-1,overview,HTML/CSS,Assignment visual,Assignment visual,619303e2be1c87ef70143bd575307e3709467766dd894d893bbc17af005f9e31,Pass,PendingIndependentSemanticReview,NotApplicable,Pending,,
116,explanation-access-img-1,explanation-access,Raster image,Academic knowledge-point infographic explaining The index points to exactly one element with a structured visual model.,"Cambridge array declarations state an explicit lower and upper bound. Valid indexes follow the declared bounds and are not universally zero-based. Label 0 to n-1 as a chosen zero-based example, or use the lesson's declared bounds consistently.",5728da33a529fc107c518c955478b458c033a1d024b1517e3bc94a7900208ef1,Pass,PendingIndependentPixelReview,PendingBlindReverseReview,Pending,,
116,explanation-declare-img-1,explanation-declare,Raster image,Academic knowledge-point infographic explaining Bounds say which indexes are valid with a structured visual model.,"Declare arrays Cambridge-style pseudocode Valid indexes Five integer scores DECLARE Scores : ARRAY[1:5] OF INTEGER 1, 2, 3, 4, 5 Ten names DECLARE Names : ARRAY[1:10] OF STRING 1 to 10 inclusive Seven temperatures DECLARE Temp : ARRAY[1:7] OF REAL 1 to 7 inclusive",fa8d861a67aafef883875938a76c4d38a226b1854502a9aaabbb281c8a6caed2,Pass,PendingIndependentPixelReview,PendingBlindReverseReview,Pending,,
116,explanation-lookup-img-1,explanation-lookup,Raster image,Academic knowledge-point infographic explaining Access one element with a structured visual model.,"Interactive index lookup Array: Scores[1:5] = 42, 67, 55, 81, 49.",20f82f8177fbb38af95b822af99951770fe16b56d00f5557e1704b11793c6525,Pass,PendingIndependentPixelReview,PendingBlindReverseReview,Pending,,
116,explanation-model-117-img-1,explanation-model-117,Raster image,Academic knowledge-point infographic explaining Rows and columns create coordinates with a structured visual model.,"2D model Same identifier The whole grid has one array name. Two indexes The first index usually selects the row; the second index selects the column. Marks[Row, Column] Same type Each cell stores the same data type. ARRAY[1:3, 1:4] OF INTEGER",61c2d2a6b6b63d24ec80ce25dba1af6a8a1254f969f199150fc2fe13a349bfb8,Pass,PendingIndependentPixelReview,PendingBlindReverseReview,Pending,,
116,explanation-model-img-1,explanation-model,Raster image,Academic knowledge-point infographic explaining A one-dimensional array is a linear collection with a structured visual model.,"Array model Same identifier All elements belong to one array name. Same type At AS level, an array stores elements of the same data type. ARRAY[1:5] OF INTEGER Indexed access An index selects one element. Scores[3] Scores[Index]",9ae029b5df9ae6998bed937d8e4d78a73ae79b0f8fb91819c6d06fc24ccae108,Pass,PendingIndependentPixelReview,PendingBlindReverseReview,Pending,,
116,explanation-pseudocode-117-img-1,explanation-pseudocode-117,Raster image,Academic knowledge-point infographic explaining Do not import Java indexing into Cambridge answers with a structured visual model.,Traverse a 3 by 4 array with nested loops. Output the current cell inside the inner loop. A corresponding Java support version must also output every current cell. The two versions use explicitly stated indexing conventions.,4548fc42c89ffa0a60d5e9e8778b12b2136e1d5dbab24ad0fb6f162addef8db6,Pass,PendingIndependentPixelReview,PendingBlindReverseReview,Pending,,
116,explanation-pseudocode-img-1,explanation-pseudocode,Raster image,Academic knowledge-point infographic explaining Cambridge bounds and Java indexes are not the same habit with a structured visual model.,Pseudocode vs Java Cambridge-style pseudocode DECLARE Scores : ARRAY[1:5] OF INTEGER FOR Index <- 1 TO 5 INPUT Scores[Index] NEXT Index Java support only int[] scores = new int[5]; for (int index = 0; index < 5; index++) { scores[index] = input.nextInt(); Paper 2 reminder: Cambridge pseudocode may use bounds such as ARRAY[1:5] . Do not import Java's zero-based indexing unless the question states it.,5380bd312a8b417462c8ffcfe7ebe8f14c44190ccc06dae881181f5b7bb413ca,Pass,PendingIndependentPixelReview,PendingBlindReverseReview,Pending,,
116,explanation-traversal-img-1,explanation-traversal,Raster image,Academic knowledge-point infographic explaining Use a loop to visit every element with a structured visual model.,"Traversal Input all scores FOR Index <- 1 TO 5 INPUT Scores[Index] NEXT Index Total all scores Total <- 0 Total <- Total + Scores[Index] OUTPUT Total The loop bounds must match the declared array bounds. If the array is 1:5, index 0 and index 6 are out of range.",4d6306c6a4e9edc96ee163be71cf6eff2045635f567160036715c5a8668c38d7,Pass,PendingIndependentPixelReview,PendingBlindReverseReview,Pending,,
116,overview-div-1,overview,HTML/CSS,One-dimensional array visual,One-dimensional array visual,e325f8bd2a64164f3a27f2bfa3618a3e0f81c0e3facba4e90dc96f90364851b3,Pass,PendingIndependentSemanticReview,NotApplicable,Pending,,
117,explanation-access-img-1,explanation-access,Raster image,Academic knowledge-point infographic explaining A cell needs row and column with a structured visual model.,"Access and update Read one cell OUTPUT Marks[2, 3] Outputs the value in row 2, column 3. Update one cell Marks[2, 3] <- Marks[2, 3] + 1 Only that cell changes; other rows and columns are untouched.",82e1bc3ab3d99b9af1a1262941e441953fca60be1230635f28af4925af53e30a,Pass,PendingIndependentPixelReview,PendingBlindReverseReview,Pending,,
117,explanation-declare-img-1,explanation-declare,Raster image,Academic knowledge-point infographic explaining Two dimensions need two ranges with a structured visual model.,"Declare 2D arrays Cambridge-style pseudocode Valid cells 3 by 4 mark table DECLARE Marks : ARRAY[1:3, 1:4] OF INTEGER 3 rows, 4 columns, 12 cells 5 by 7 temperatures DECLARE Temp : ARRAY[1:5, 1:7] OF REAL 5 rows, 7 columns, 35 cells 10 by 10 grid DECLARE Grid : ARRAY[1:10, 1:10] OF BOOLEAN 100 Boolean cells",7064a0f0e9b503903158b21b709b1d4811d38c5896b77015a02a1ae4833af0d3,Pass,PendingIndependentPixelReview,PendingBlindReverseReview,Pending,,
117,explanation-lookup-img-1,explanation-lookup,Raster image,"Academic knowledge-point infographic explaining Read Marks[Row, Column] with a structured visual model.","Interactive cell lookup Array: Marks[1:3, 1:4]. Choose a row and column.",e239a8226c6aadbbdcb244a02b3ca74171be70b01c640044dd73f3b86ce842fd,Pass,PendingIndependentPixelReview,PendingBlindReverseReview,Pending,,
117,explanation-nested-img-1,explanation-nested,Raster image,"Academic knowledge-point infographic explaining Outer row loop, inner column loop with a structured visual model.","Nested loops Input every cell FOR Row <- 1 TO 3 FOR Column <- 1 TO 4 INPUT Marks[Row, Column] NEXT Column NEXT Row Total every cell Total <- 0 Total <- Total + Marks[Row, Column] OUTPUT Total For a 3 by 4 array, the inner statement runs 3 * 4 = 12 times.",ad6b9b8c47ce20ced638d90639124778b88fb20fd45848be18cfa9cbe607182e,Pass,PendingIndependentPixelReview,PendingBlindReverseReview,Pending,,
117,overview-div-1,overview,HTML/CSS,Two-dimensional array visual,Two-dimensional array visual,815e995d2ee945db131c1f64f9c5003650f1c54d1cee48577d3e7a166d911552,Pass,PendingIndependentSemanticReview,NotApplicable,Pending,,
118,explanation-bubble-img-1,explanation-bubble,Raster image,Academic knowledge-point infographic explaining Why bubble sort repeats adjacent comparisons through a cause-and-effect diagram.,"Bubble sort compares adjacent items and swaps an inverted pair. For [1, 4, 2, 5, 8], pass 2 makes one swap: 4 and 2. The resulting list is [1, 2, 4, 5, 8], and the next pass makes zero swaps.",fa6b30b6642600965dca0377d8d787d3714fc535070b101ede382a29adfcdc5b,Pass,PendingIndependentPixelReview,PendingBlindReverseReview,Pending,,
118,explanation-count-img-1,explanation-count,Raster image,Academic knowledge-point infographic explaining Increment only when a condition is true with a structured visual model.,Initialise PassCount to zero before traversing five scores. Increment PassCount only when the current score is at least 50. Close the selection with ENDIF before NEXT Index. Output PassCount after the loop.,8301215912f07b3f8bc41e5ed0fc082c4295a43bc946177712b6a8bc0a09f72b,Pass,PendingIndependentPixelReview,PendingBlindReverseReview,Pending,,
118,explanation-linear-img-1,explanation-linear,Raster image,Academic knowledge-point infographic explaining Linear search checks each item in order with a structured visual model.,"Knowledge explanation How it works Start at the first item. Compare it with the target. If it matches, stop. If not, move to the next item until found or the list ends. When it is suitable Use it when data is unsorted, the list is small, or simplicity matters more than speed. Worst case: the target is last or absent, so every item may be checked.",9022686dac17f66af3cb3f9abf4345a93d7419f9cf3c50a96ee13684b80dde40,Pass,PendingIndependentPixelReview,PendingBlindReverseReview,Pending,,
118,explanation-patterns-img-1,explanation-patterns,Raster image,Academic knowledge-point infographic explaining Four array algorithm patterns with a structured visual model.,"Pattern map Question wording Core idea Key variable Traversal output all, process each visit every valid index increase, replace, apply discount assign a new value to selected elements Scores[Index] find, present, target compare each element with target",a5c0246389c9c39906d30a6b77672d67a42842a423342ee11ff38b06e8d1fe21,Pass,PendingIndependentPixelReview,PendingBlindReverseReview,Pending,,
118,explanation-pseudocode-img-1,explanation-pseudocode,Raster image,"Academic knowledge-point infographic explaining Same algorithm, different array syntax with a structured visual model.",Both pseudocode and Java versions visit five score positions. Increment the pass counter only when the current score is at least 50. Close the conditional before advancing the loop. Both complete versions output the final pass count after the loop.,9c133c6357e33fa7d552fee5702bbf63ab2b3f1c345358fcfc9e6a7e459467c6,Pass,PendingIndependentPixelReview,PendingBlindReverseReview,Pending,,
118,explanation-search-img-1,explanation-search,Raster image,Academic knowledge-point infographic explaining Use a flag to remember whether the target appeared with a structured visual model.,Initialise Found to FALSE before traversing the names. Set Found to TRUE only when the current name equals TargetName. Close the match selection with ENDIF before NEXT Index. Output Found after the traversal.,4d13076570b720ff621e4969996a9aad0ed35186b2461261222de6793f494344,Pass,PendingIndependentPixelReview,PendingBlindReverseReview,Pending,,
118,explanation-selector-img-1,explanation-selector,Raster image,Academic knowledge-point infographic explaining Choose a scenario and inspect the matching template with a structured visual model.,Interactive pattern selector Scenario Choose a scenario to see the algorithm pattern.,2751e879316f3fbdad40eddd37a7e4d9352635ce57f7a757bad55bfb40994342,Pass,PendingIndependentPixelReview,PendingBlindReverseReview,Pending,,
118,explanation-traversal-img-1,explanation-traversal,Raster image,Academic knowledge-point infographic explaining Visit every element once with a structured visual model.,"Traversal FOR Index <- 1 TO 5 OUTPUT Scores[Index] NEXT Index Traversal is the skeleton. Update, search and count usually add logic inside this skeleton.",3e2e07ccbe7dc3e75c4ef0a12d33a31ef9fb6697894b1a3930f106ed59175746,Pass,PendingIndependentPixelReview,PendingBlindReverseReview,Pending,,
118,explanation-update-img-1,explanation-update,Raster image,Academic knowledge-point infographic explaining Change selected elements with a structured visual model.,"Traverse the array with a FOR loop so Index is defined for every access. Place the conditional update inside the traversal. FOR Index <- 1 TO 10
    IF Scores[Index] < 50 THEN
        Scores[Index] <- Scores[Index] + 5
    ENDIF
NEXT Index",081a9d8d43d2e00be4d4ebc087d7205fe25d7b0437879f9ca2dfb3596b478449,Pass,PendingIndependentPixelReview,PendingBlindReverseReview,Pending,,
118,overview-div-1,overview,HTML/CSS,Array algorithm visual,Array algorithm visual,119bb4d06e70806d89d679a3acf3d3d67dc043b6a54c1421182a21a049d404e0,Pass,PendingIndependentSemanticReview,NotApplicable,Pending,,
119,explanation-access-img-1,explanation-access,Raster image,"Academic knowledge-point infographic explaining Use the field name, not a numeric index with a structured visual model.",Access and update Pseudocode Read field OUTPUT Student1.Name outputs the Name field Update field Student1.Mark <- 80 changes only the Mark field Test field IF Student1.Enrolled = TRUE THEN uses Boolean field in selection,eae4a9f32a67b8c497169d45de2ce048a7716807f15e301faf2174d04dc99b2b,Pass,PendingIndependentPixelReview,PendingBlindReverseReview,Pending,,
119,explanation-array-vs-record-img-1,explanation-array-vs-record,Raster image,"Academic knowledge-point infographic explaining Same type and index, or mixed fields and names? with a structured visual model.",Array vs record Elements / fields usually same type can be different types index: Scores[3] field name: Student1.Mark Best for many similar values several facts about one entity,a21a595c706dc6214417e256edfe26ed76f6a0cdfbaa9351f33dc14cca1c1187,Pass,PendingIndependentPixelReview,PendingBlindReverseReview,Pending,,
119,explanation-concept-img-1,explanation-concept,Raster image,Academic knowledge-point infographic explaining Composite data groups fields into one type with a structured visual model.,"a composite structure containing named fields TStudent one named item inside a record Name , Mark Composite data data made from several components student details grouped together Dot notation access to one field of a record variable Student1.Mark",49a1bfcf35255d69846d793a84fdb609fddb0de28aca0cf6a6a2d79483ac4dbb,Pass,PendingIndependentPixelReview,PendingBlindReverseReview,Pending,,
119,explanation-lookup-img-1,explanation-lookup,Raster image,Academic knowledge-point infographic explaining Read one field from a record with a structured visual model.,"Interactive field lookup Student1 has Name, DateOfBirth, Mark and Enrolled fields.",d49c1bde38e0c718e5339cfadc939c2bd865dd200fed61e86dab1be7d909c441,Pass,PendingIndependentPixelReview,PendingBlindReverseReview,Pending,,
119,explanation-pseudocode-img-1,explanation-pseudocode,Raster image,"Academic knowledge-point infographic explaining Same modelling idea, different syntax with a structured visual model.","TYPE TBook
    DECLARE Title : STRING
    DECLARE Pages : INTEGER
ENDTYPE Book fields are declared inside the TYPE block. DECLARE Book1 : TBook
This declaration belongs after ENDTYPE.",6e9c86cbf49154f467503ef0fe698e348d583e4a07eeda7ea7b44738768f1431,Pass,PendingIndependentPixelReview,PendingBlindReverseReview,Pending,,
119,overview-div-1,overview,HTML/CSS,Record visual,Record visual,1381cd333a93eb5596eceb4a724e6b9bdd4ceb86ab6056ebdb57d5954122b185,Pass,PendingIndependentSemanticReview,NotApplicable,Pending,,
120,explanation-access-img-1,explanation-access,Raster image,"Academic knowledge-point infographic explaining Index first, then field name with a structured visual model.",Access pattern Pseudocode Read one field OUTPUT Students[3].Name name field of record 3 Update one field Students[3].Mark <- 80 mark field of record 3 Test one field IF Students[Index].Enrolled = TRUE THEN Boolean field in current record,5b5375498617ea87908a286eb80f3f333f686d2dea21eb8df784d1a420aa21ec,Pass,PendingIndependentPixelReview,PendingBlindReverseReview,Pending,,
120,explanation-concept-img-1,explanation-concept,Raster image,"Academic knowledge-point infographic explaining One array, many records, same record shape with a structured visual model.",Students[5] selects the complete record at array position 5. Students[5].Mark selects the Mark field in that record. Array indexing and record field selection are separate operations.,64163c3daf289c6c7455c4ff84134ab292ce7abd3774b6cde8f5e1b990d68214,Pass,PendingIndependentPixelReview,PendingBlindReverseReview,Pending,,
120,explanation-declare-img-1,explanation-declare,Raster image,"Academic knowledge-point infographic explaining Define the record type, then declare the array with a structured visual model.","TYPE TStudent
    DECLARE Name : STRING
    DECLARE Mark : INTEGER
ENDTYPE DECLARE Students : ARRAY[1:30] OF TStudent
This declaration follows ENDTYPE. The record type and the array declaration are separate declarations.",a8946e84ea68b48ec7741d7ce851b7a050decf6af0d8eae096754789afddeeb3,Pass,PendingIndependentPixelReview,PendingBlindReverseReview,Pending,,
120,explanation-explorer-img-1,explanation-explorer,Raster image,Academic knowledge-point infographic explaining Read a field from a selected record with a structured visual model.,Interactive record explorer Record index Choose an index and a field to read from the array of records.,8e081494d5387cf63a7b85ed8edae155371d4c1574fae9aac95b174842ff69ed,Pass,PendingIndependentPixelReview,PendingBlindReverseReview,Pending,,
120,explanation-operations-img-1,explanation-operations,Raster image,"Academic knowledge-point infographic explaining Search, count and update fields with a structured visual model.","Search, count and update are alternative record operations, not mandatory consecutive stages. A search condition locates a matching record and outputs its position or details. A count condition increments a counter for qualifying records. An update condition changes the required field of qualifying records.",0f60d45cace6a6a787614d78c6bb8ccebf3653d46497659de9ead41f55395b8b,Pass,PendingIndependentPixelReview,PendingBlindReverseReview,Pending,,
120,explanation-pseudocode-121-img-1,explanation-pseudocode-121,Raster image,Academic knowledge-point infographic explaining Cambridge pseudocode is the exam answer format with a structured visual model.,"Pseudocode vs Java Cambridge-style pseudocode OPENFILE ""Scores.txt"" FOR READ WHILE NOT EOF(""Scores.txt"") READFILE ""Scores.txt"", Line OUTPUT Line ENDWHILE CLOSEFILE ""Scores.txt"" Java support only try (Scanner file = new Scanner(new File(""Scores.txt""))) { while (file.hasNextLine()) { String line = file.nextLine();",d5b96d310da599a0595fb81bf1cccb54a00e52ed9a7356a5542747551d057cf2,Pass,PendingIndependentPixelReview,PendingBlindReverseReview,Pending,,
120,explanation-pseudocode-img-1,explanation-pseudocode,Raster image,"Academic knowledge-point infographic explaining Same structure, different syntax with a structured visual model.",Pseudocode vs Java Cambridge-style pseudocode DECLARE Students : ARRAY[1:30] OF TStudent FOR Index <- 1 TO 30 OUTPUT Students[Index].Name NEXT Index Java support only Student[] students = new Student[30]; for (int index = 0; index < 30; index++) { System.out.println(students[index].name); Paper 2 reminder: Java arrays are often zero-based. Cambridge pseudocode ranges follow the declaration shown in the question.,a2350df8d2840009671a35942eeceec4e10ed7e8956f4770fcaba638c5a307c3,Pass,PendingIndependentPixelReview,PendingBlindReverseReview,Pending,,
120,explanation-traversal-img-1,explanation-traversal,Raster image,Academic knowledge-point infographic explaining A loop visits each record; field access uses the loop index with a structured visual model.,Use Index to select each Students record in turn. Test the Mark field of the current record. Output the Name field only when Mark is at least 70. Close the selection with ENDIF before NEXT Index.,70cdcf85511c7fc7c2e80468b0928fad19413ccff0f1c2c6efb292afb092a517,Pass,PendingIndependentPixelReview,PendingBlindReverseReview,Pending,,
120,overview-div-1,overview,HTML/CSS,Array of records visual,Array of records visual,702106970b4a0871f8120c4fa89e8bd897cd95b4d4cbfa0b3d6671723c7a6229,Pass,PendingIndependentSemanticReview,NotApplicable,Pending,,
121,explanation-concept-123-img-1,explanation-concept-123,Raster image,Academic knowledge-point infographic explaining An ADT is data together with permitted operations through a cause-and-effect diagram.,"An abstract data type is a collection of data and a set of operations on those data. Stack, queue and linked list are examples whose permitted operations define their behaviour. The implementation may use arrays and indexes without changing the ADT's observable rules.",f8e76145d8a82532addbfef7a2a5a653d0583a9266418ee0048b66f1c40d93e8,Pass,PendingIndependentPixelReview,PendingBlindReverseReview,Pending,,
121,explanation-concept-img-1,explanation-concept,Raster image,"Academic knowledge-point infographic explaining A text file stores characters, usually processed one line at a time with a structured visual model.","Exam clue Text file file containing character data ""Scores.txt"" get data from an existing file FOR READ store data to a file, often replacing previous contents FOR WRITE add data to the end of an existing file FOR APPEND",6f4cf3f1baa1192b089ca0e7c16440986939f0e09c1a3cfdb8b9de06886958f8,Pass,PendingIndependentPixelReview,PendingBlindReverseReview,Pending,,
121,explanation-implementation-img-1,explanation-implementation,Raster image,"Academic knowledge-point infographic explaining Implement stack, queue and linked list using arrays through a cause-and-effect diagram.","An array stack uses Top; a queue uses Front and Rear; a linked list uses Data, Next, Start and a free list. Add/delete preserve stack LIFO, queue FIFO and linked-list links; edit changes stored data without corrupting structure. Candidates are not required to write pseudocode for these ADT operations; understand add, edit, delete and array implementation.",06b7dccb38ca0eb3ff934b009ce1ac2ae031bbc0a29bd82ee57df8d02769a841,Pass,PendingIndependentPixelReview,PendingBlindReverseReview,Pending,,
121,explanation-lifecycle-img-1,explanation-lifecycle,Raster image,"Academic knowledge-point infographic explaining Open, process, close with a structured visual model.","File lifecycle 1. Open choose READ, WRITE or APPEND 2. Process READFILE or WRITEFILE using variables 3. Close release the file and finalise changes A file algorithm without CLOSEFILE is like leaving the exam hall without submitting the answer booklet.",b011c68a5476154d76a9f1e7ab25f910c1c7cd044238a85b0ffd11e945d87710,Pass,PendingIndependentPixelReview,PendingBlindReverseReview,Pending,,
121,explanation-mode-lab-img-1,explanation-mode-lab,Raster image,Academic knowledge-point infographic explaining Choose the correct file mode with a structured visual model.,Interactive mode lab Scenario Choose a scenario and a mode.,848f9b547a69f9d31702fe77bd35e8c0f15a1cacbfd9674b4241d48dfa855f98,Pass,PendingIndependentPixelReview,PendingBlindReverseReview,Pending,,
121,explanation-modes-img-1,explanation-modes,Raster image,Academic knowledge-point infographic explaining Choose the mode before touching the file with a structured visual model.,"File modes Use when Risk if wrong existing file contents are needed cannot write new lines creating/replacing output contents old contents may be overwritten adding new data to the end old lines remain, so duplicates are possible",7f274b01fc30488133056bd2c72d187a025dbc7ac532aff84a96271f871323a5,Pass,PendingIndependentPixelReview,PendingBlindReverseReview,Pending,,
121,explanation-queue-img-1,explanation-queue,Raster image,Academic knowledge-point infographic explaining Why two ends create FIFO through a cause-and-effect diagram.,Enqueue adds a new item at the rear. Dequeue removes the waiting item at the front. Earlier arrivals remain ahead of later arrivals.,b837ba91a6e902617f563ddd9bb8067f183e1c55453d4b1685364bca397075fd,Pass,PendingIndependentPixelReview,PendingBlindReverseReview,Pending,,
121,explanation-read-img-1,explanation-read,Raster image,Academic knowledge-point infographic explaining Use EOF so the loop stops at the end of the file with a structured visual model.,"Read loop OPENFILE ""Scores.txt"" FOR READ WHILE NOT EOF(""Scores.txt"") READFILE ""Scores.txt"", Line OUTPUT Line ENDWHILE CLOSEFILE ""Scores.txt"" The file line is read into Line . Only after that can the program output, split or validate it.",4da00ea46adf94f9ce0317859e4fc41211d3caa853172176d1e5103268b9416c,Pass,PendingIndependentPixelReview,PendingBlindReverseReview,Pending,,
121,explanation-reader-img-1,explanation-reader,Raster image,Academic knowledge-point infographic explaining Step through a WHILE NOT EOF loop with a structured visual model.,"Open the file for reading before entering the loop. Check NOT EOF before attempting READFILE. When more data exists, read and process the next line. When EOF is true, skip READFILE, leave the loop and close the file.",6ed3a6ad0e2dd0cee8ac9c4afaca6aab018dedec096cd416397623d7465042a8,Pass,PendingIndependentPixelReview,PendingBlindReverseReview,Pending,,
121,explanation-records-img-1,explanation-records,Raster image,Academic knowledge-point infographic explaining A text line often represents one record with a structured visual model.,"Text records In simple exam-style examples, one line may contain fields separated by a comma. The delimiter must be consistent. Name = Ali Mark = 72 Name = Bea Mark = 64",5778f52c53e946ba91740298d06f3e3a9cc6a7c278a69fd7d63e1d1260cf937b,Pass,PendingIndependentPixelReview,PendingBlindReverseReview,Pending,,
121,explanation-stack-img-1,explanation-stack,Raster image,Academic knowledge-point infographic explaining Why one open end creates LIFO through a cause-and-effect diagram.,Push adds the new item at the top position. Only the current top item is available to pop. The most recently pushed item therefore leaves first.,d2ef4efb23178dc65d7a2b3b6fc9666fb3154cc23ce6275572610680925208bf,Pass,PendingIndependentPixelReview,PendingBlindReverseReview,Pending,,
121,explanation-write-img-1,explanation-write,Raster image,Academic knowledge-point infographic explaining Write creates a new result; append adds to the existing story with a structured visual model.,"Write and append Write a new report OPENFILE ""Report.txt"" FOR WRITE WRITEFILE ""Report.txt"", ""Pass count: "" & Count CLOSEFILE ""Report.txt"" Append a new score OPENFILE ""Scores.txt"" FOR APPEND WRITEFILE ""Scores.txt"", ""Dina,91"" CLOSEFILE ""Scores.txt""",a854b411f1e547e300935eb97c98177eff845f5e4d939e0ada4a753264bc7d97,Pass,PendingIndependentPixelReview,PendingBlindReverseReview,Pending,,
121,overview-div-1,overview,HTML/CSS,Text file visual,Text file visual,a09beda2f52d8be20f66baf1893a3d69dd69d426ec600fa8214948907c3eddc9,Pass,PendingIndependentSemanticReview,NotApplicable,Pending,,
122,explanation-concept-img-1,explanation-concept,Raster image,Academic knowledge-point infographic explaining CSV-style means separated fields in a fixed order with a structured visual model.,"one complete line of data S001,Ali,72 one item inside the record Delimiter character that separates fields Fixed order each position has agreed meaning ID, Name, Mark",89061b97ab1c00386adcd3c3fbc9b9a91dbd0595bfdcaee342ca72b076fa84e0,Pass,PendingIndependentPixelReview,PendingBlindReverseReview,Pending,,
122,explanation-format-img-1,explanation-format,Raster image,Academic knowledge-point infographic explaining Design the format before writing code with a structured visual model.,CSV format Position Field name Data type after conversion StudentID The file stores all fields as text. The program gives each position meaning.,8d82061908860f6be9ef6ff3837052f8971b8e9983e6d142c68b0f70f028663a,Pass,PendingIndependentPixelReview,PendingBlindReverseReview,Pending,,
122,explanation-parse-img-1,explanation-parse,Raster image,Academic knowledge-point infographic explaining Use question-supplied CSV functions exactly with a structured visual model.,"The question supplies FUNCTION SPLIT(Line : STRING, Delimiter : CHAR) RETURNS ARRAY OF STRING. The supplied SPLIT result uses indexes starting at 1; for three fields, use Fields[1], Fields[2] and Fields[3]. The question also supplies FUNCTION STRING_TO_INTEGER(Value : STRING) RETURNS INTEGER. Read the line first, then call the supplied functions using their stated parameter order and return types.",49487305a8d55ac568e6838bfb72618d68dd28bcc248f53b4b6a7373253eb19a,Pass,PendingIndependentPixelReview,PendingBlindReverseReview,Pending,,
122,explanation-parser-img-1,explanation-parser,Raster image,Academic knowledge-point infographic explaining Split a line into fields with a structured visual model.,Interactive CSV parser CSV line Delimiter Enter a line and split it into fields.,a2b45f8ae3f54cc9128e3867c97db3b35fbb8de7b51c49051ee553fd706d466e,Pass,PendingIndependentPixelReview,PendingBlindReverseReview,Pending,,
122,explanation-pseudocode-img-1,explanation-pseudocode,Raster image,Academic knowledge-point infographic explaining Question-supplied functions versus Java methods with a structured visual model.,"SPLIT and STRING_TO_INTEGER are not standard functions in the Cambridge pseudocode guide; this example uses signatures supplied by the question. FUNCTION SPLIT(Line : STRING, Delimiter : CHAR) RETURNS ARRAY OF STRING; its first returned element is at index 1. FUNCTION STRING_TO_INTEGER(Value : STRING) RETURNS INTEGER. Java split and parseInt are support examples only and use different syntax and zero-based array indexes.",35783354ecae13363b5af08c924d48ca6481e470095e7394445dd7fd328bca5a,Pass,PendingIndependentPixelReview,PendingBlindReverseReview,Pending,,
122,explanation-types-img-1,explanation-types,Raster image,Academic knowledge-point infographic explaining Convert CSV text before numeric comparison with a structured visual model.,CSV fields arrive as text; the question supplies FUNCTION STRING_TO_INTEGER(Value : STRING) RETURNS INTEGER. Use the returned INTEGER for a numeric comparison and close every IF example with ENDIF. Do not present STRING_TO_INTEGER as a standard Cambridge pseudocode-guide function. Structural closure and type conversion solve different problems.,26d448b391a1f05e125c78a18d0169b48e47dbf20df8540ce53171cf37f12439,Pass,PendingIndependentPixelReview,PendingBlindReverseReview,Pending,,
122,explanation-validate-img-1,explanation-validate,Raster image,Academic knowledge-point infographic explaining A structured file can still contain bad lines with a structured visual model.,"Validation Correction prompt S003,Chen missing Mark field check field count before using Fields[3] S004,Dina,Ninety mark is not numeric validate before converting to INTEGER S005;Eli;88 wrong delimiter use the delimiter specified by the format",07ba87851e775599ce9b9c048824ab8c7b5e01125742dfce011d84562802098b,Pass,PendingIndependentPixelReview,PendingBlindReverseReview,Pending,,
122,explanation-validator-img-1,explanation-validator,Raster image,Academic knowledge-point infographic explaining Check field count and mark type with a structured visual model.,Interactive validator Choose a sample line to validate.,45d615fda481092ff43942cb569fa39588f4f10e9ef13617a33867b2a895a7bc,Pass,PendingIndependentPixelReview,PendingBlindReverseReview,Pending,,
122,overview-div-1,overview,HTML/CSS,CSV visual,CSV visual,58978c319c2afb6a142091f7f1ee7843eb1516a8ca6e92b523b4026b55617e4a,Pass,PendingIndependentSemanticReview,NotApplicable,Pending,,
123,explanation-errors-img-1,explanation-errors,Raster image,Academic knowledge-point infographic explaining Why boundary checks come first through a cause-and-effect diagram.,"Underflow occurs when removal is requested from an empty structure. Overflow occurs when fixed storage has no free position. Checking first prevents invalid reads, writes and pointer changes.",dcca7115e5e0462608143049c7d751b365ee93c027eb06538819dc7f94ae2e28,Pass,PendingIndependentPixelReview,PendingBlindReverseReview,Pending,,
123,explanation-operations-img-1,explanation-operations,Raster image,Academic knowledge-point infographic explaining Why operation names preserve meaning through a cause-and-effect diagram.,Push and pop describe changes at a stack's top. Enqueue and dequeue describe changes at opposite queue ends. Using the correct operation prevents accidental access-rule changes.,d01db9398a122c689b58c0fbe5c13837a13b418e63fa6e18dcb9d858dec1e1d0,Pass,PendingIndependentPixelReview,PendingBlindReverseReview,Pending,,
123,explanation-pseudocode-img-1,explanation-pseudocode,Raster image,Academic knowledge-point infographic explaining Why pseudocode must expose state change through a cause-and-effect diagram.,Test the empty or full condition before accessing storage. Read or write the element at the correct pointer. Update the pointer so the invariant remains true.,cec242c6398c65b36eb82c1f46fb8cd33b6ff91863f85b6d3f98d412c31c37eb,Pass,PendingIndependentPixelReview,PendingBlindReverseReview,Pending,,
123,overview-div-1,overview,HTML/CSS,Stack and queue visual,Stack and queue visual,40e4d039538471cbf55554d5671d95e16535e24533ef4b810771f3671921955f,Pass,PendingIndependentSemanticReview,NotApplicable,Pending,,
124,explanation-adt-img-1,explanation-adt,Raster image,Academic knowledge-point infographic explaining Use ADTs when the removal rule matters with a structured visual model.,Stack and queue Scenario clue Structure undo last action most recent action is reversed first print jobs in arrival order first job submitted should print first customer service line fair FIFO order,bb703d23dcad9d97eb592b2fed29a55f0f63a76ead2d64324e618212c1d9b2e2,Pass,PendingIndependentPixelReview,PendingBlindReverseReview,Pending,,
124,explanation-array-img-1,explanation-array,Raster image,Academic knowledge-point infographic explaining Use arrays for many similar values accessed by index with a structured visual model.,"Initialise Total <- 0 before using Total as an accumulator. Add each Scores[Index] value during the traversal. Total <- 0
FOR Index <- 1 TO 10
    Total <- Total + Scores[Index]
NEXT Index
OUTPUT Total",4162a46e55f5b8417f9d6c07e326d7903c9df9cbd6f15bce97005c8d2083f279,Pass,PendingIndependentPixelReview,PendingBlindReverseReview,Pending,,
124,explanation-criteria-img-1,explanation-criteria,Raster image,"Academic knowledge-point infographic explaining Start with the data and operations, not the keyword with a structured visual model.",Selection criteria Question to ask Why it matters Likely structure Are there many values of the same type? indexed traversal/search Does one item have several named fields? mixed types and meaningful field names Are there many entities with the same fields? repeat a record shape Array of records Must the data survive after the program ends?,955bb21426553b63aa5b006ab853d8d2458ca6689bf8dde99259ea7bdcdbffd8,Pass,PendingIndependentPixelReview,PendingBlindReverseReview,Pending,,
124,explanation-decision-img-1,explanation-decision,Raster image,Academic knowledge-point infographic explaining Match scenario evidence to structure features with a structured visual model.,"Store one book as a record with ISBN, title and pages fields. Store ISBN as STRING because it is an identifier, may contain leading zeroes or hyphens, and ISBN-10 may end in X. Store many books with the same fields as an array of records. Use a file when data must remain available for a later program run. Choose a queue when requests must be served in arrival order.",fe47402f0ef6c8664b98816bdc2ddf97894dfa6f7027eb1f6e01337ffc0ed6ad,Pass,PendingIndependentPixelReview,PendingBlindReverseReview,Pending,,
124,explanation-file-img-1,explanation-file,Raster image,Academic knowledge-point infographic explaining Use files when data must persist or be exchanged with a structured visual model.,"OPENFILE ""Scores.csv"" FOR APPEND WRITEFILE ""Scores.csv"", NewLine CLOSEFILE ""Scores.csv"" Good reason: the data must be stored after the program has finished, so memory-only structures are not enough.",01af49977914a91ed3b871e1d24569abe4a5f0b4127589397e0b922c7d65d070,Pass,PendingIndependentPixelReview,PendingBlindReverseReview,Pending,,
124,explanation-pseudocode-img-1,explanation-pseudocode,Raster image,Academic knowledge-point infographic explaining Justify the data structure in Cambridge answers with a structured visual model.,"TYPE TBook
    DECLARE Title : STRING
    DECLARE Pages : INTEGER
ENDTYPE DECLARE Books : ARRAY[1:200] OF TBook
This declaration follows ENDTYPE. A record definition must be complete before an array uses that type.",0dd3cdd320394d7e559a747004e996fe86b91e58911132ef0f93263177ece26d,Pass,PendingIndependentPixelReview,PendingBlindReverseReview,Pending,,
124,explanation-ranker-img-1,explanation-ranker,Raster image,Academic knowledge-point infographic explaining Spot the answer that would earn marks with a structured visual model.,Reason ranker Choose the answer with scenario evidence and consequence.,04c2b7a2ebc9431b3891125b9b9cc717874d64c250d2882d108d88d567a51703,Pass,PendingIndependentPixelReview,PendingBlindReverseReview,Pending,,
124,explanation-record-img-1,explanation-record,Raster image,Academic knowledge-point infographic explaining Use records when named fields belong to one entity with a structured visual model.,"TYPE TStudent
    DECLARE Name : STRING
    DECLARE Mark : INTEGER
ENDTYPE DECLARE Students : ARRAY[1:28] OF TStudent
This declaration follows ENDTYPE. An array of records combines explicit array bounds with a complete record type.",ca3967332f6b81c345e25fdf42450814c08aace66d9358935b34e717e46368e1,Pass,PendingIndependentPixelReview,PendingBlindReverseReview,Pending,,
124,overview-div-1,overview,HTML/CSS,Data structure decision visual,Data structure decision visual,6bfb11dd36a8aea46b42ce20d67fd1dd09633277576a9a190f7a1066c48029b9,Pass,PendingIndependentSemanticReview,NotApplicable,Pending,,
125,explanation-arrays-img-1,explanation-arrays,Raster image,Academic knowledge-point infographic explaining Cambridge array bounds are stated explicitly with a structured visual model.,"Cambridge-style pseudocode DECLARE Scores : ARRAY[1:30] OF INTEGER Scores[1] <- 72 Java support only int[] scores = new int[30]; scores[0] = 72; Index warning: if pseudocode declares ARRAY[1:30] , do not automatically use Java's index 0 in the exam answer.",c37ff5c3ea522738daa1db8e5bc4939e420f3341b2581f96ea0dd254bf6091a6,Pass,PendingIndependentPixelReview,PendingBlindReverseReview,Pending,,
125,explanation-assignment-img-1,explanation-assignment,Raster image,Academic knowledge-point infographic explaining <- changes a value; = usually tests equality in conditions with a structured visual model.,Assignment versus comparison Pseudocode Count <- Count + 1 store a new value in Count IF Count = 10 THEN test whether Count equals 10 Java warning count == 10 Java equality syntax is not the expected pseudocode style,f82062f4fc8fde17962f3755312b40896e6d56982acdc47f8c39ca843d3cdf0c,Pass,PendingIndependentPixelReview,PendingBlindReverseReview,Pending,,
125,explanation-constants-img-1,explanation-constants,Raster image,Academic knowledge-point infographic explaining Constants are named values that should not change with a structured visual model.,Constants Cambridge-style pseudocode CONSTANT MaxSize = 100 CONSTANT PassMark = 40 Java support only final int MAX_SIZE = 100; final int PASS_MARK = 40; Java naming conventions may use capitals for constants. Cambridge pseudocode credit comes from clear constant declaration and use.,57f0279a5356dac7a9a4fcd3fc393e59d569b124015f5824eef566e44295239f,Pass,PendingIndependentPixelReview,PendingBlindReverseReview,Pending,,
125,explanation-principle-img-1,explanation-principle,Raster image,Academic knowledge-point infographic explaining Do not mix the two languages inside one answer with a structured visual model.,Core principle Cambridge-style pseudocode Java support only Variable declaration DECLARE Count : INTEGER int count; Assignment Count <- 0 count = 0; Array declaration DECLARE Scores : ARRAY[1:30] OF INTEGER int[] scores = new int[30];,2e5572cf7203a50e7b778852357477589ce6fb4ecf238c5c92a07f5e21503b3a,Pass,PendingIndependentPixelReview,PendingBlindReverseReview,Pending,,
125,explanation-records-img-1,explanation-records,Raster image,Academic knowledge-point infographic explaining Record declarations use TYPE and ENDTYPE with a structured visual model.,Cambridge-style pseudocode TYPE TStudent DECLARE Name : STRING DECLARE Mark : INTEGER DECLARE Student1 : TStudent Java support only class Student { String name; int mark; Student student1 = new Student();,6e0d3eb2dd8891ee7e6b68eef75dc7a18fe7e6a2ddd8e9ba431db0af91a1d06a,Pass,PendingIndependentPixelReview,PendingBlindReverseReview,Pending,,
125,explanation-sorter-img-1,explanation-sorter,Raster image,Academic knowledge-point infographic explaining Which syntax belongs to which answer style? with a structured visual model.,Syntax sorter Click a statement to identify whether it is pseudocode or Java-style.,e4ada9aff7b5c1f294bae2282321e9ca4e8afc9e9b3bb19a097d2c9469209c35,Pass,PendingIndependentPixelReview,PendingBlindReverseReview,Pending,,
125,explanation-types-img-1,explanation-types,Raster image,"Academic knowledge-point infographic explaining Map concepts, not spelling with a structured visual model.",Data type mapping Pseudocode type Java support example whole number decimal number single character true/false,1167984d39275880061538465fdd470dfaa6441ef17b992f30fecc787914dcc6,Pass,PendingIndependentPixelReview,PendingBlindReverseReview,Pending,,
125,explanation-variables-img-1,explanation-variables,Raster image,Academic knowledge-point infographic explaining Declare first; initialise separately when needed with a structured visual model.,"Variables Cambridge-style pseudocode DECLARE Count : INTEGER Count <- 0 DECLARE Name : STRING Name <- ""Ali"" Java support only int count = 0; String name = ""Ali"";",9bd121a7de38923a77efbb91a09288711a6d6e76c48cae08caa3fcf2c80b47df,Pass,PendingIndependentPixelReview,PendingBlindReverseReview,Pending,,
125,overview-div-1,overview,HTML/CSS,Pseudocode versus Java visual,Pseudocode versus Java visual,f70805d9f0db01f0337d4539c18f221273309bb592da04f738596967effe8e36,Pass,PendingIndependentSemanticReview,NotApplicable,Pending,,
126,explanation-adts-img-1,explanation-adts,Raster image,Academic knowledge-point infographic explaining Order of removal is the key clue with a structured visual model.,"Stack and queue review Typical operations Scenario clue LIFO: Last In, First Out PUSH, POP, PEEK undo, backtracking, nested calls FIFO: First In, First Out ENQUEUE, DEQUEUE print jobs, calls, waiting line",9ab3f7405541a0dacd0ad02592349487e2f0481559f48279a6f1e50aa2a86d55,Pass,PendingIndependentPixelReview,PendingBlindReverseReview,Pending,,
126,explanation-decision-img-1,explanation-decision,Raster image,Academic knowledge-point infographic explaining A good answer names the structure and the reason with a structured visual model.,"Data model decision Scenario A school stores 120 students. Each student has an ID, name, class group and average mark. Strong choice Use an array of records: the array stores many students; each record keeps fields for one student together. Why not just an array? A single array normally stores one type of value. A record is better when one logical item has different fields. Mark-worthy pattern: structure + scenario clue + consequence .",8d62422e580765866753e6e264f2bd059a2d33073a7dd77348c93e0e4100d45a,Pass,PendingIndependentPixelReview,PendingBlindReverseReview,Pending,,
126,explanation-declare-img-1,explanation-declare,Raster image,Academic knowledge-point infographic explaining Cambridge pseudocode remains the exam standard with a structured visual model.,"TYPE TStudent
    DECLARE ID : STRING
    DECLARE Name : STRING
    DECLARE Mark : INTEGER
ENDTYPE Close TStudent after the Mark field. DECLARE Students : ARRAY[1:120] OF TStudent
This declaration follows ENDTYPE.",cd2f36a5d6796c9d94f24d5a17908f50ef20ae1746ad4304060a29e510514dec,Pass,PendingIndependentPixelReview,PendingBlindReverseReview,Pending,,
126,explanation-files-img-1,explanation-files,Raster image,Academic knowledge-point infographic explaining Files preserve data beyond the running program with a structured visual model.,"TYPE TStudent
    DECLARE Name : STRING
    DECLARE Mark : INTEGER
ENDTYPE DECLARE Students : ARRAY[1:120] OF TStudent
The array follows the completed record type. File storage preserves data between program runs and is separate from record-type syntax.",f92a3409176fe3a97f22c5a1204cbd2b1c0130a38b47b931e7781e1956700794,Pass,PendingIndependentPixelReview,PendingBlindReverseReview,Pending,,
126,explanation-improver-img-1,explanation-improver,Raster image,Academic knowledge-point infographic explaining Turn a weak answer into a useful answer with a structured visual model.,Mark improver Weak answer Pick a weak answer to see a mark-worthy rewrite.,6021964d3e1ad07ba514a635727c03d5d6d5998ddafdc07ae3f8d1f0b96d4f03,Pass,PendingIndependentPixelReview,PendingBlindReverseReview,Pending,,
126,explanation-map-img-1,explanation-map,Raster image,Academic knowledge-point infographic explaining Section 10 in one review grid with a structured visual model.,"Retrieval map Best clue Exam action Common weak answer many values of the same type declare bounds, loop over indexes ""list of data"" one item has several fields declare TYPE, fields and variables ""array with different things"" Array of records many items, each with fields",6fca2576d4cbcc56b8a619665b8f804a6291b035775ee58fd05859fa40a8efec,Pass,PendingIndependentPixelReview,PendingBlindReverseReview,Pending,,
126,explanation-marks-img-1,explanation-marks,Raster image,Academic knowledge-point infographic explaining Upgrade vague words into credit-bearing words with a structured visual model.,Mark-scheme language Weak wording Stronger wording Why it earns more It is better. It keeps all fields for one student together. names the consequence It is ordered. A queue removes items in the same order they arrived. states FIFO clearly Use a file. Use a text file so data remains after the program closes.,512eee4141ac4230d7daa43b2f2bc5995971ef83560d15e87fa891ee54a2d771,Pass,PendingIndependentPixelReview,PendingBlindReverseReview,Pending,,
126,overview-div-1,overview,HTML/CSS,Section 10 review visual,Section 10 review visual,c2558576d026215ec1499ba8ed4257a3a66b4dffb2163c03c30d2e555dd8abe8,Pass,PendingIndependentSemanticReview,NotApplicable,Pending,,
127,explanation-constructs-img-1,explanation-constructs,Raster image,Academic knowledge-point infographic explaining Three control-flow ideas with a structured visual model.,"Sequence answers what happens next and depends on statement order. Selection answers which path is taken and uses IF or CASE structures. Iteration answers what repeats and when repetition stops. FOR, WHILE and REPEAT are iteration forms with different controls.",24f840f553f3a64bfca5c327b0ead6ec39b4d823eac02e7e925eb9a01c058c03,Pass,PendingIndependentPixelReview,PendingBlindReverseReview,Pending,,
127,explanation-iteration-img-1,explanation-iteration,Raster image,Academic knowledge-point infographic explaining Loops repeat with control with a structured visual model.,A FOR loop uses a counter range and checks whether the next iteration is within its bounds. A FOR loop may execute zero times when its bounds are incompatible. A WHILE loop checks its condition before each iteration and may execute zero times. A REPEAT loop checks after the body and therefore runs at least once.,c93a1671ab4cb83faed2f2485749f8994f9dae8528864d24f14711f5e0226ec5,Pass,PendingIndependentPixelReview,PendingBlindReverseReview,Pending,,
127,explanation-java-img-1,explanation-java,Raster image,"Academic knowledge-point infographic explaining Same logic, different exam language with a structured visual model.","Cambridge pseudocode uses IF, THEN, ELSE and ENDIF for a two-way selection. Mark 50 follows the pass branch when the condition uses greater than or equal to 50. Java braces may support understanding but are not Cambridge pseudocode.",63977238d6f25ec753afc19dc92a375783d4defd355f674a62e1c368aa2af7bd,Pass,PendingIndependentPixelReview,PendingBlindReverseReview,Pending,,
127,explanation-selection-img-1,explanation-selection,Raster image,Academic knowledge-point infographic explaining Conditions decide the path with a structured visual model.,"Use IF for a Boolean condition or range and close it with ENDIF. Use CASE for several discrete values of one expression and close it with ENDCASE. Test marks 49, 50 and 51 to verify the pass boundary.",1c2e6575081f2c236fbbd04cc590bd2fe4f685c0e6ff34541c9e128e99c600e3,Pass,PendingIndependentPixelReview,PendingBlindReverseReview,Pending,,
127,explanation-sequence-img-1,explanation-sequence,Raster image,Academic knowledge-point infographic explaining Order changes meaning with a structured visual model.,"Sequence Correct order INPUT Price INPUT Quantity Total <- Price * Quantity OUTPUT Total Wrong order A sequence is simple, but not optional. Using a value before it has been input is algorithmic optimism, not a method.",ad25b501f7751b5b2121dd60f8f45071807a36033fd8bc869ae1abf5e0f6e4d3,Pass,PendingIndependentPixelReview,PendingBlindReverseReview,Pending,,
127,explanation-standard-img-1,explanation-standard,Raster image,Academic knowledge-point infographic explaining Translate a flowchart or structured English into pseudocode with a structured visual model.,"Follow a flowchart from Start: translate input/output symbols, decisions, branches and loop-back arrows without losing a path. From structured English, preserve the controlled verbs, conditions and indentation when selecting Cambridge pseudocode constructs. Dry-run the source description and pseudocode with the same data; matching paths and outputs confirm equivalence.",65f82c1f5991769d759069f6fb7a24abab03107e9fec0cdc149a2c773ca9c529,Pass,PendingIndependentPixelReview,PendingBlindReverseReview,Pending,,
127,explanation-tracer-img-1,explanation-tracer,Raster image,Academic knowledge-point infographic explaining Run a small loop by hand with a structured visual model.,Interactive trace FOR Count <- 1 TO Choose a loop limit to build a trace table.,980377e41ea163dc6629dec22972d2516ac8ce7ddce35a5384cb178eea4c401b,Pass,PendingIndependentPixelReview,PendingBlindReverseReview,Pending,,
127,overview-div-1,overview,HTML/CSS,Programming construct visual,Programming construct visual,552c1bcb31289d369f79d1531359067f5dab9a22f47c82acfd89a8b9df2a6270,Pass,PendingIndependentSemanticReview,NotApplicable,Pending,,
128,explanation-choice-img-1,explanation-choice,Raster image,Academic knowledge-point infographic explaining Start with the shape of the decision with a structured visual model.,"Choosing IF or CASE Situation Usually better Pass if mark is at least 50 uses a relational comparison Menu option 1, 2, 3 or invalid one variable has discrete values Adult members get one discount; adult non-members another Nested IF second decision depends on the first Grade A/B/C/D with ranges of marks IF or nested IF",a9f55f469c9a40f9108fa459a1172340782f31bdb92398e5fc4139668fcd8b2b,Pass,PendingIndependentPixelReview,PendingBlindReverseReview,Pending,,
128,explanation-if-img-1,explanation-if,Raster image,Academic knowledge-point infographic explaining Use IF when a Boolean condition decides the route with a structured visual model.,IF selection Use when Cambridge-style pattern action is needed only when condition is true IF Found THEN ... ENDIF IF...ELSE two paths are needed IF Mark >= 50 THEN ... ELSE ... ENDIF Nested IF a second decision depends on the first decision IF Age >= 18 THEN IF Member THEN ... ENDIF ENDIF,b1f7ce0b2774201ec3bd57ed74d27662025334941191a8e97c0a3419ef9e872a,Pass,PendingIndependentPixelReview,PendingBlindReverseReview,Pending,,
128,explanation-java-img-1,explanation-java,Raster image,"Academic knowledge-point infographic explaining Same idea, different syntax with a structured visual model.","Cambridge pseudocode uses CASE...OF, OTHERWISE and ENDCASE. Java switch syntax may support understanding but is not Cambridge pseudocode. Both forms must preserve the same branch meanings.",a8e02a0ca0cb81977ab8973156075473dacaf4cd510333910532733f5a3b8a30,Pass,PendingIndependentPixelReview,PendingBlindReverseReview,Pending,,
128,explanation-nested-img-1,explanation-nested,Raster image,Academic knowledge-point infographic explaining A decision inside another decision with a structured visual model.,Nested selection Discount example IF Age >= 18 THEN IF Member = TRUE THEN Discount <- 0.20 Discount <- 0.10 Discount <- 0.05 Trace the paths Discount,e96d3a17516d435392db457436e218e261f513b11c05f0533c70f0fedf5033dc,Pass,PendingIndependentPixelReview,PendingBlindReverseReview,Pending,,
128,explanation-path-img-1,explanation-path,Raster image,Academic knowledge-point infographic explaining Trace a nested IF with a structured visual model.,Interactive path tracer Enter values to trace which branch runs.,f5156c2c7f9173e0127fe7880e9770f3500165d8af0074b2d67ecbcea065534b,Pass,PendingIndependentPixelReview,PendingBlindReverseReview,Pending,,
128,explanation-pseudocode-img-1,explanation-pseudocode,Raster image,"Academic knowledge-point infographic explaining The symbol changes, the update idea does not with a structured visual model.",Pseudocode vs Java Cambridge-style pseudocode CONSTANT PassMark = 50 DECLARE Mark : INTEGER DECLARE Passed : BOOLEAN INPUT Mark Passed <- Mark >= PassMark Java support only final int PASS_MARK = 50; int mark = input.nextInt(); boolean passed = mark >= PASS_MARK; Paper 2 reminder: use Cambridge-style assignment <- in pseudocode. Java uses = for assignment.,456c51551e29b7397536f5721797a7ecdc44d3436ab19f0e16923dcb43e0f197,Pass,PendingIndependentPixelReview,PendingBlindReverseReview,Pending,,
128,overview-div-1,overview,HTML/CSS,Selection visual,Selection visual,a75d66fa9105202b70d8650d5b12c447ff29ef0c66f30540d09e6e5e3a5f4270,Pass,PendingIndependentSemanticReview,NotApplicable,Pending,,
129,explanation-arrays-img-1,explanation-arrays,Raster image,Academic knowledge-point infographic explaining FOR loops are natural for fixed array bounds with a structured visual model.,Array processing Output all marks FOR Index <- 1 TO 30 OUTPUT Marks[Index] NEXT Index Total all marks Total <- 0 Total <- Total + Marks[Index] The loop bounds should match the declared array bounds unless the question gives a reason not to.,50e137b94295fc0219e60187bc5b4863220ac4a7a3c8b51912bf86c2ab893403,Pass,PendingIndependentPixelReview,PendingBlindReverseReview,Pending,,
129,explanation-bounds-img-1,explanation-bounds,Raster image,Academic knowledge-point infographic explaining One wrong bound can miss or invent an iteration with a structured visual model.,"Bounds and off-by-one errors Counter values Iterations Common issue 1, 2, 3, 4, 5 0, 1, 2, 3, 4 only if array uses 0-based bounds 1, 2, 3, 4 misses item 5 if five items are required",785986cf8a757e9f8e9a85964b156b45f5de89d6044852f661d1dc62a433e836,Pass,PendingIndependentPixelReview,PendingBlindReverseReview,Pending,,
129,explanation-counter-img-1,explanation-counter,Raster image,Academic knowledge-point infographic explaining Do not confuse the counter with the running total with a structured visual model.,"Counter and accumulator Variable loop counter; controls the current iteration 1, 2, 3, 4, 5 accumulator; stores a running total 0, 1, 3, 6, 10, 15 bound; controls where the loop stops 5 in 1 TO 5",2dc43c6cc0e87327e80b6053647b5f3532c83a339c87be404801a2a3e776da09,Pass,PendingIndependentPixelReview,PendingBlindReverseReview,Pending,,
129,explanation-java-img-1,explanation-java,Raster image,"Academic knowledge-point infographic explaining Java for loops are useful, but not the exam answer format with a structured visual model.",Java support only Cambridge-style pseudocode FOR Count <- 1 TO 5 OUTPUT Count NEXT Count Java support example only for (int count = 1; count <= 5; count++) { System.out.println(count);,b856a9a3165ceb895dc67f2d17c30597ea95ae7c7f39dee33d0bbc29e619b18a,Pass,PendingIndependentPixelReview,PendingBlindReverseReview,Pending,,
129,explanation-substring-img-1,explanation-substring,Raster image,Academic knowledge-point infographic explaining Use the string-function definition supplied in the question with a structured visual model.,"String manipulation functions are supplied in the question; use the stated name, parameter order and position convention. Trace the supplied routine exactly, then use its returned string in an assignment, comparison, output or expression. Do not import Java's zero-based substring convention or memorise an unstated course-specific signature.",fb2ca0e0fe83d0fde14284facf3892a33a457fa402cdd9a581f659fda3caf903,Pass,PendingIndependentPixelReview,PendingBlindReverseReview,Pending,,
129,overview-div-1,overview,HTML/CSS,Count-controlled loop visual,Count-controlled loop visual,8d4d009d4998101a614d021b9268027b1fdb8a4231d41f7e089139e1d04b08cf,Pass,PendingIndependentSemanticReview,NotApplicable,Pending,,
130,explanation-case-img-1,explanation-case,Raster image,Academic knowledge-point infographic explaining Use CASE for clear values of one expression with a structured visual model.,CASE compares one expression with several discrete values. Each listed value has its own action and OTHERWISE handles unlisted values. Close the complete multi-way selection with ENDCASE.,eed63e3ab5dad7663a5cc953d9127cdba18d225c56cd8df7a43beec7e3029c88,Pass,PendingIndependentPixelReview,PendingBlindReverseReview,Pending,,
130,explanation-compare-img-1,explanation-compare,Raster image,Academic knowledge-point infographic explaining The difference is when the condition is tested with a structured visual model.,"WHILE vs REPEAT REPEAT...UNTIL Condition checked before the loop body after the loop body Minimum iterations Continues when condition is TRUE UNTIL condition becomes TRUE Typical use read while not EOF, repeat while invalid input validation where input must be requested once",7bfe1adbea8f1c8aa3c2e815bd7bc6823397edf824f71f5682f14e2146eb5cd3,Pass,PendingIndependentPixelReview,PendingBlindReverseReview,Pending,,
130,explanation-for-img-1,explanation-for,Raster image,"Academic knowledge-point infographic explaining A FOR loop has a counter, a start value and an end value with a structured visual model.",FOR loop structure General pattern FOR Counter <- StartValue TO EndValue // repeated statements NEXT Counter Concrete example Total <- 0 FOR Count <- 1 TO 5 Total <- Total + Count NEXT Count OUTPUT Total Use a FOR loop when the number of repetitions is known before the loop starts.,8aaa94449dec52957260d4b270b9e0e8cfade6abf636c5c453d69f68af8804f6,Pass,PendingIndependentPixelReview,PendingBlindReverseReview,Pending,,
130,explanation-java-img-1,explanation-java,Raster image,"Academic knowledge-point infographic explaining Java syntax is support, not Cambridge pseudocode with a structured visual model.",Java support only Cambridge-style pseudocode WHILE Mark < 0 OR Mark > 100 INPUT Mark ENDWHILE Java support example only while (mark < 0 || mark > 100) { mark = scanner.nextInt();,1e150933c2b5e3525a388a471cc76395d3ad3458f40ad95f9e04cc508691185b,Pass,PendingIndependentPixelReview,PendingBlindReverseReview,Pending,,
130,explanation-repeat-img-1,explanation-repeat,Raster image,"Academic knowledge-point infographic explaining Post-condition loop: run once, then check with a structured visual model.",A REPEAT...UNTIL loop checks its condition after executing the body. Place INPUT Mark once inside REPEAT so each attempt obtains one value. Do not add a duplicate INPUT before the loop. Stop when Mark is between 0 and 100 inclusive.,119c19979ea6876a62be0bc089b424b9144419aa618f60ed96be0fb1f30eaf57,Pass,PendingIndependentPixelReview,PendingBlindReverseReview,Pending,,
130,explanation-sentinel-img-1,explanation-sentinel,Raster image,Academic knowledge-point infographic explaining A special value can stop the loop with a structured visual model.,"Initialise Total and input the first Number before WHILE. While Number is not -1, add Number to Total and input the next Number. The repeated input changes the condition and allows the loop to terminate. The sentinel -1 stops the loop and is not included in Total.",9e360f5724a2e021ba8599806d517712c403ebdb585dd37fdf1a7aa6cdbbc531,Pass,PendingIndependentPixelReview,PendingBlindReverseReview,Pending,,
130,explanation-validation-img-1,explanation-validation,Raster image,Academic knowledge-point infographic explaining Keep asking until the input is valid with a structured visual model.,"Validation pattern REPEAT version OUTPUT ""Enter mark 0 to 100"" INPUT Mark UNTIL Mark >= 0 AND Mark <= 100 WHILE version WHILE Mark < 0 OR Mark > 100 OUTPUT ""Invalid"" ENDWHILE",61b293a9d4309ea85fc44e9ca1dd137dc0455cb4a6980667864bd4e0e04805dc,Pass,PendingIndependentPixelReview,PendingBlindReverseReview,Pending,,
130,explanation-while-img-1,explanation-while,Raster image,Academic knowledge-point infographic explaining Pre-condition loop: check before running with a structured visual model.,"A WHILE loop checks its condition before each iteration and may run zero times. Input Password before testing whether it differs from CorrectPassword. Inside the loop, output the retry message and input a replacement Password. Output Access granted only after the WHILE condition becomes false.",a8deff670e10d491b1e353c0bbc664b3a577a76b6d3652da8405b6935e37d4a2,Pass,PendingIndependentPixelReview,PendingBlindReverseReview,Pending,,
130,overview-div-1,overview,HTML/CSS,Condition-controlled loop visual,Condition-controlled loop visual,17ae7c6ad621a3634948bf95652bed14a2f2da5b66bb9f505b06f1f408f55dcd,Pass,PendingIndependentSemanticReview,NotApplicable,Pending,,
131,explanation-byref-compare-img-1,explanation-byref-compare,Raster image,"Academic knowledge-point infographic explaining Same procedure body, different final result with a structured visual model.",Side-by-side comparison By value By reference Header clue Number : INTEGER BYREF Number : INTEGER What is passed a copy of the value a reference to the caller's variable Change inside subroutine affects local parameter only can affect original variable,df39cae2a88770f1bf1601a7bbdc102a7c6ed3e2ea3a41cd5f1c87f231d78ad2,Pass,PendingIndependentPixelReview,PendingBlindReverseReview,Pending,,
131,explanation-calls-img-1,explanation-calls,Raster image,Academic knowledge-point infographic explaining Function calls can appear where a value is needed with a structured visual model.,Calls and returned values CALL DisplayMenu() procedure call performs an action VAT <- CalculateVAT(Price) function return value is stored Total <- DisplayMenu() procedure does not return a value OUTPUT CalculateVAT(Price) function return value can be output,0484b164d70242272068eccf31ddb2100a1cb806df29cde05e49e4582f202b3b,Pass,PendingIndependentPixelReview,PendingBlindReverseReview,Pending,,
131,explanation-compare-img-1,explanation-compare,Raster image,Academic knowledge-point infographic explaining The mark-winning difference is the returned value with a structured visual model.,Procedure vs function Procedure Function Main purpose perform an action return a value PROCEDURE Name(...) FUNCTION Name(...) RETURNS Type End keyword ENDPROCEDURE ENDFUNCTION Typical call,706917ddf061a8a94f2c340b3b305abf9950bdacad1cd48fe47b375947004f6a,Pass,PendingIndependentPixelReview,PendingBlindReverseReview,Pending,,
131,explanation-function-img-1,explanation-function,Raster image,Academic knowledge-point infographic explaining A function returns a value to the caller with a structured visual model.,"Function Cambridge-style pseudocode FUNCTION CalculateVAT(Price : REAL) RETURNS REAL RETURN Price * 0.20 ENDFUNCTION VAT <- CalculateVAT(120.00) When it fits Use a function when a calculated, searched or checked result must be used later in the algorithm. A function should have a return type and a RETURN statement that matches that type.",3f60becb76075fd6b5ab132c09855d6bbd5c3100e1baa6b349ff8da8cec6d90d,Pass,PendingIndependentPixelReview,PendingBlindReverseReview,Pending,,
131,explanation-java-img-1,explanation-java,Raster image,Academic knowledge-point infographic explaining Java method syntax is not Cambridge pseudocode with a structured visual model.,Java support only Cambridge-style pseudocode FUNCTION CalculateVAT(Price : REAL) RETURNS REAL RETURN Price * 0.20 ENDFUNCTION Java support example only static double calculateVAT(double price) { return price * 0.20;,6ad30c3ef5848b2a8166dc3e80744c04742c1beb302017da2521d185fd8f66c2,Pass,PendingIndependentPixelReview,PendingBlindReverseReview,Pending,,
131,explanation-parameters-img-1,explanation-parameters,Raster image,Academic knowledge-point infographic explaining A subprogram interface connects caller and header with a structured visual model.,"A subprogram interface gives the caller the name, parameter list and types, and any return value/type. A procedure header or function header declares that interface; a function header also declares its return type. A parameter is named in the header; an argument is the actual value or variable supplied at a call. RETURN sends a function value to the caller; displayed output is an effect, not a return value.",044cdb625a13d6cdd3be160647d6bb1419e9efe2a79867b8d48dca79ff85e70b,Pass,PendingIndependentPixelReview,PendingBlindReverseReview,Pending,,
131,explanation-procedure-img-1,explanation-procedure,Raster image,Academic knowledge-point infographic explaining A procedure performs actions and returns no value with a structured visual model.,A procedure performs an action and does not return a value. A function returns a value and can be used in an expression. Do not describe returning a value as optional for a Cambridge procedure.,e0de261ccb8a52417c3389f8733c7538014523768a6fb5414e4deceabd18a7b2,Pass,PendingIndependentPixelReview,PendingBlindReverseReview,Pending,,
131,explanation-returner-img-1,explanation-returner,Raster image,Academic knowledge-point infographic explaining Calculate a function return value with a structured visual model.,Interactive return simulator Use CalculateVAT(Price) to return Price * 0.20 .,9fb2c718f36c7f032744278543fc25c827f8674b24b8b6a5c1867050127fce88,Pass,PendingIndependentPixelReview,PendingBlindReverseReview,Pending,,
131,overview-div-1,overview,HTML/CSS,Procedure and function visual,Procedure and function visual,d8f23f13d05f9aac9587d83c9f622563d630acbc8e89334784934c841d2e8a44,Pass,PendingIndependentSemanticReview,NotApplicable,Pending,,
132,explanation-java-img-1,explanation-java,Raster image,Academic knowledge-point infographic explaining Do not replace Cambridge BYREF with Java syntax with a structured visual model.,"Java support only Cambridge exam answer format PROCEDURE Increase(BYREF Score : INTEGER) Score <- Score + 1 ENDPROCEDURE Java support note // Java support example only, not exam pseudocode static void increase(int score) { score = score + 1; Java primitive parameters are passed by value. Do not use this as evidence that Cambridge BYREF is absent.",0cd87bb8d1896a33f714229e277353afce3d623b74174a80bc8769787b398813,Pass,PendingIndependentPixelReview,PendingBlindReverseReview,Pending,,
132,explanation-reference-img-1,explanation-reference,Raster image,Academic knowledge-point infographic explaining BYREF links the parameter back to the caller's variable with a structured visual model.,Passing by reference Cambridge-style pseudocode PROCEDURE AddOne(BYREF Number : INTEGER) Number <- Number + 1 ENDPROCEDURE CALL AddOne(X) OUTPUT X Trace reasoning Before call X = 5 Inside procedure Number is linked to X After call caller's X becomes 6 BYREF is useful when a procedure must update the caller's variable directly.,47e25e7f10e33b852dc651b6979a7a256c9d463637dfe39c1f1b1e85f5325f53,Pass,PendingIndependentPixelReview,PendingBlindReverseReview,Pending,,
132,explanation-terms-img-1,explanation-terms,Raster image,Academic knowledge-point infographic explaining The header names the parameter. The call supplies the argument. with a structured visual model.,"Parameter and argument Parameter in the procedure header PROCEDURE DisplayMessage(Message : STRING) OUTPUT Message ENDPROCEDURE Message is the parameter. It is a named input expected by the procedure. Argument in the call CALL DisplayMessage(""Ready"") Text <- ""Saved"" CALL DisplayMessage(Text) ""Ready"" and Text are arguments. They are the actual values supplied.",530b6d924419ef014386a0afdc61309b1de155bbe6be86b260f62f457b5b9b7f,Pass,PendingIndependentPixelReview,PendingBlindReverseReview,Pending,,
132,explanation-use-img-1,explanation-use,Raster image,Academic knowledge-point infographic explaining Use it when the procedure must deliberately update caller data with a structured visual model.,"When to use BYREF Good use IncrementScore(BYREF Score : INTEGER) updates a stored score in the main algorithm. Swap(BYREF A : INTEGER, BYREF B : INTEGER) must change both original variables. Avoid if unnecessary If the subroutine only needs to read a value, by value is clearer and reduces accidental changes.",c0226cd891c1cc8493f43f6f7e83c3e64ca8ede00346b34f8f9bb8c33988503c,Pass,PendingIndependentPixelReview,PendingBlindReverseReview,Pending,,
132,explanation-value-img-1,explanation-value,Raster image,Academic knowledge-point infographic explaining By value means the subroutine works with a copy with a structured visual model.,Passing by value Cambridge-style pseudocode PROCEDURE AddOne(Number : INTEGER) Number <- Number + 1 ENDPROCEDURE CALL AddOne(X) OUTPUT X Trace reasoning Before call X = 5 Inside procedure local Number becomes 6 After call caller's X is still 5 No BYREF means do not update the original caller variable.,7dbad245645813111d20a32f20dfd843d42f61ed62deac352dd0b1e522d69c0c,Pass,PendingIndependentPixelReview,PendingBlindReverseReview,Pending,,
132,overview-div-1,overview,HTML/CSS,By value and BYREF visual,By value and BYREF visual,6f9328f954d8ec25b4b6c6bf901513accd9df1a634af0fab3bfd17c5492e6d07,Pass,PendingIndependentSemanticReview,NotApplicable,Pending,,
133,explanation-compare-img-1,explanation-compare,Raster image,Academic knowledge-point infographic explaining Local and global variables differ by accessibility and lifetime with a structured visual model.,Local variable Global variable Declared inside a subroutine or block outside subroutines limited to that subroutine or block available more widely in the program Lifetime usually while the subroutine call is active usually while the program is running Main risk using it outside scope,156d20e8f060a6841a1b339236f2e49073ce8f9e8b0a5231880c83ce9d62b124,Pass,PendingIndependentPixelReview,PendingBlindReverseReview,Pending,,
133,explanation-global-img-1,explanation-global,Raster image,Academic knowledge-point infographic explaining Global variables are declared outside subroutines and can be accessed widely with a structured visual model.,"Global variables Cambridge-style pseudocode Total <- 0 PROCEDURE AddScore(Score : INTEGER) Total <- Total + Score ENDPROCEDURE Reasoning Total is declared outside the procedure, so it is global in this fragment. Global variables can make updates convenient, but they can also make tracing harder because many parts of a program may change the value.",c47476752dccd27ef086416aabb2401433e1ad8137cac6d0f2c17d69ad596b63,Pass,PendingIndependentPixelReview,PendingBlindReverseReview,Pending,,
133,explanation-java-img-1,explanation-java,Raster image,"Academic knowledge-point infographic explaining Java helps illustrate scope, but Cambridge pseudocode remains the answer format with a structured visual model.","Java support only Cambridge-style pseudocode PROCEDURE PrintLocal() Value <- 7 OUTPUT Value ENDPROCEDURE Java support example only static void printLocal() { int value = 7; System.out.println(value); Do not answer Paper 2 with Java braces, semicolons or access modifiers unless the question specifically asks for Java.",6560c74f5fc211452975f288e8ce6f39ecbd45f9e1c4538fb02f5ede2d4056f2,Pass,PendingIndependentPixelReview,PendingBlindReverseReview,Pending,,
133,explanation-lifetime-img-1,explanation-lifetime,Raster image,Academic knowledge-point infographic explaining Lifetime means how long a variable exists during execution with a structured visual model.,Lifetime Main program starts global variables may be created and keep their values Procedure is called local variables are created for that call Procedure ends local variables are destroyed or become inaccessible Main continues global variables still exist unless the program ends A local variable's lifetime is usually one subroutine call. It is not a tiny global variable in disguise.,bd1df703fc8d70a3e986aeb6ac7c47661bb9454bda25b7a4ee0d0d14cf287096,Pass,PendingIndependentPixelReview,PendingBlindReverseReview,Pending,,
133,explanation-local-img-1,explanation-local,Raster image,Academic knowledge-point infographic explaining Local variables are declared inside a subroutine or block with a structured visual model.,Local variables Cambridge-style pseudocode PROCEDURE CalculateBonus(Mark : INTEGER) Bonus <- Mark DIV 10 OUTPUT Bonus ENDPROCEDURE Reasoning Mark parameter local to this procedure call Bonus local variable used only inside the procedure After call Bonus is not directly available in the main algorithm,68b9e778483c722396e32e58a9ba45f8fc9461a9528a3171951b6a5400a71525,Pass,PendingIndependentPixelReview,PendingBlindReverseReview,Pending,,
133,explanation-scope-img-1,explanation-scope,Raster image,Academic knowledge-point infographic explaining Scope means where a variable or identifier can be accessed with a structured visual model.,"Inside scope PROCEDURE DisplayTotal() Total <- 25 OUTPUT Total ENDPROCEDURE Total is accessible inside DisplayTotal . Outside scope CALL DisplayTotal() If Total was local to the procedure, the main algorithm cannot use it directly.",f91f983e087f5cb410cb15d0921f841683cc1f1fa43402e1ce13f0d3ca708c80,Pass,PendingIndependentPixelReview,PendingBlindReverseReview,Pending,,
133,explanation-shadowing-img-1,explanation-shadowing,Raster image,Academic knowledge-point infographic explaining A local variable can hide a global variable with the same name with a structured visual model.,"Declare a global Score and set it to 50. Inside ChangeScore, explicitly declare a separate local Score and set it to 80. The local Score hides the global Score only inside the procedure. The procedure outputs 80, while the main program later outputs the unchanged global 50.",0990ebfca98af2e7558b447b83bae2ebe47e41c8fd71c32b26e9e5228768a6cc,Pass,PendingIndependentPixelReview,PendingBlindReverseReview,Pending,,
133,overview-div-1,overview,HTML/CSS,Scope visual,Scope visual,ad669477378e3f7a762a4844f2e08afd13dfff94cdd787c7cf74a89c5e87964a,Pass,PendingIndependentSemanticReview,NotApplicable,Pending,,
134,explanation-case-img-1,explanation-case,Raster image,Academic knowledge-point infographic explaining LCASE and UCASE convert one CHAR with a structured visual model.,"Declare Answer as CHAR, input one character and normalise it with UCASE before comparison. UCASE(Answer) returns CHAR, so compare the result with the CHAR literal 'Y'. Close the selection with ENDIF. LCASE and UCASE accept CHAR, not STRING; case conversion does not remove spaces or correct spelling.",31e90d5f054686344c1d49447e733b85686409d0a893fa575d3323c2af647f4a,Pass,PendingIndependentPixelReview,PendingBlindReverseReview,Pending,,
134,explanation-concat-img-1,explanation-concat,Raster image,Academic knowledge-point infographic explaining Concatenation joins STRING values with a structured visual model.,"Concatenation joins STRING values with the & operator. FirstName is ""Lin"" and YearText is ""2029""; Username <- FirstName & YearText returns ""Lin2029"". Do not pass the STRING FirstName to LCASE; that function accepts CHAR.",041fc7f6a4bb8f7bfa929d6fefcbd96fcfe16d85609df12d9fbf1ee8de2902c4,Pass,PendingIndependentPixelReview,PendingBlindReverseReview,Pending,,
134,explanation-java-140-img-1,explanation-java-140,Raster image,"Academic knowledge-point infographic explaining Java methods can model modularity, but Cambridge pseudocode remains the exam format with a structured visual model.","Java support only Cambridge-style pseudocode FUNCTION IsValidMark(Mark : INTEGER) RETURNS BOOLEAN RETURN Mark >= 0 AND Mark <= 100 ENDFUNCTION Java support example only static boolean isValidMark(int mark) { return mark >= 0 && mark <= 100; Use Java to practise running code, but use Cambridge-style pseudocode when the exam asks for algorithm design.",f0f191ee9073a697d5087bc86ee28ada5ed3ad981327158ab78aaf776df58bb3,Pass,PendingIndependentPixelReview,PendingBlindReverseReview,Pending,,
134,explanation-java-img-1,explanation-java,Raster image,Academic knowledge-point infographic explaining MID and Java substring use different positions with a structured visual model.,"Cambridge guide example: MID(Name, 1, 3) returns the first three characters as a STRING. Java support example: name.substring(0, 3) uses start index 0 inclusive and end index 3 exclusive. LEFT is not listed in the Cambridge pseudocode guide; a question may use it only when the signature and position convention are supplied. Do not add UCASE around a STRING expression because UCASE accepts CHAR.",0993399cd1a657dd0828f47ac51636cfb363846d1c3eadd0341933b393534864,Pass,PendingIndependentPixelReview,PendingBlindReverseReview,Pending,,
134,explanation-lab-img-1,explanation-lab,Raster image,Academic knowledge-point infographic explaining Test a built-in function with a structured visual model.,"Interactive string lab Use a short string and compare the returned value. For MID , positions start at 1. Function Choose a function and run it.",baafaecbacda186af7daba67446136e95341bcf4f5818abd8afb51c03b1d6e16,Pass,PendingIndependentPixelReview,PendingBlindReverseReview,Pending,,
134,explanation-length-img-1,explanation-length,Raster image,Academic knowledge-point infographic explaining LENGTH(String) returns the number of characters with a structured visual model.,"Word <- ""ALGORITHM"" Size <- LENGTH(Word) OUTPUT Size Word ""ALGORITHM"" LENGTH(Word) 9",695f8b02207c305b9747d53b2c1c660aac438e27ee01dc883d9c51564bc372d2,Pass,PendingIndependentPixelReview,PendingBlindReverseReview,Pending,,
134,explanation-position-img-1,explanation-position,Raster image,Academic knowledge-point infographic explaining Exam traces must follow the position convention stated or implied with a structured visual model.,"Positions and indexing Cambridge-style trace Word <- ""DATA"" Part <- MID(Word, 2, 2) OUTPUT Part Using 1-based positions, the output is ""AT"" . Common error Do not import Java's zero-based indexing into a pseudocode trace unless the question explicitly tells you to.",a8f6317bbe5d6534246716a97e7be1e4036b99e3dae81aa5f8dd3087f0c5d934,Pass,PendingIndependentPixelReview,PendingBlindReverseReview,Pending,,
134,explanation-strings-img-1,explanation-strings,Raster image,Academic knowledge-point infographic explaining A string is a sequence of characters with a structured visual model.,"Cambridge-style assignment Name <- ""Ada"" Message <- ""Hello, "" & Name OUTPUT Message Reasoning ""Ada"" is a string of three characters. & is used here for concatenation. If a question uses a different concatenation operator, follow the question. The mark is for clear string construction.",f3c7d24bebe1ee3b21ed647eb86eef7e88401ce643dc8f9428c7778366a4326c,Pass,PendingIndependentPixelReview,PendingBlindReverseReview,Pending,,
134,overview-div-1,overview,HTML/CSS,String visual,String visual,799d48a12a0338f830584bddc7040f919ee07431e458339320c1c34d2481f1ca,Pass,PendingIndependentSemanticReview,NotApplicable,Pending,,
135,explanation-calculator-img-1,explanation-calculator,Raster image,"Academic knowledge-point infographic explaining Compare / , DIV and MOD with a structured visual model.",Interactive arithmetic calculator Use positive integers for this lesson's calculator. Operation Enter values and calculate.,564da715fc83023a1fc45005ed1de58fc780cb37d1836299f6d79ff3998be8f4,Pass,PendingIndependentPixelReview,PendingBlindReverseReview,Pending,,
135,explanation-division-img-1,explanation-division,Raster image,Academic knowledge-point infographic explaining DIV returns the whole-number quotient with a structured visual model.,Integer division Cambridge-style pseudocode Students <- 17 SeatsPerRow <- 5 FullRows <- Students DIV SeatsPerRow OUTPUT FullRows 17 / 5 3.4 17 DIV 5 3 Meaning three complete groups of five,433b50c9e9932f2334bf6831a50032f1f7ab38673c1bb13a7d61f8088000de04,Pass,PendingIndependentPixelReview,PendingBlindReverseReview,Pending,,
135,explanation-java-img-1,explanation-java,Raster image,"Academic knowledge-point infographic explaining Java can support the idea, but Cambridge pseudocode remains the answer format with a structured visual model.",Java support only Cambridge-style pseudocode Quotient <- Number DIV Divisor Remainder <- Number MOD Divisor Java support example only int quotient = number / divisor; int remainder = number % divisor; Do not write Java % as the exam pseudocode operator when the question expects MOD .,2bf487c7bc3c122973b8121f8abea4e639cd7bff061c5d77503c13e1d2c402c8,Pass,PendingIndependentPixelReview,PendingBlindReverseReview,Pending,,
135,explanation-mod-img-1,explanation-mod,Raster image,Academic knowledge-point infographic explaining MOD returns the remainder with a structured visual model.,Cambridge-style pseudocode Students <- 17 SeatsPerRow <- 5 LeftOver <- Students MOD SeatsPerRow OUTPUT LeftOver 17 DIV 5 3 full groups 3 * 5 15 used 17 MOD 5 2 left over,ecedf99e0bd5bfcf96cdb822713d5e3b63e6bd75d02809fd267179c93a2171cc,Pass,PendingIndependentPixelReview,PendingBlindReverseReview,Pending,,
135,explanation-operators-img-1,explanation-operators,Raster image,Academic knowledge-point infographic explaining Operators combine values to calculate a result with a structured visual model.,Arithmetic operators Operator addition 7 + 3 = 10 subtraction 7 - 3 = 4 multiplication 7 * 3 = 21 real division 7 / 2 = 3.5 integer quotient 7 DIV 2 = 3,1b03a81f773f6c705380841a97559ba0f6b3bfeffacc92114fb8132f9143761e,Pass,PendingIndependentPixelReview,PendingBlindReverseReview,Pending,,
135,explanation-patterns-img-1,explanation-patterns,Raster image,Academic knowledge-point infographic explaining DIV and MOD often appear in practical algorithm tasks with a structured visual model.,Common patterns Even / odd Number MOD 2 = 0 means even. Digit extraction Number MOD 10 gives the last digit of a positive integer. Time conversion Minutes DIV 60 gives hours; Minutes MOD 60 gives remaining minutes.,c2e76a53dfd3254a6c6a64508d6b7f5afa198f4c37d477c29e7b8b6cf5d0888e,Pass,PendingIndependentPixelReview,PendingBlindReverseReview,Pending,,
135,explanation-precedence-img-1,explanation-precedence,Raster image,Academic knowledge-point infographic explaining Use brackets when the intended order matters with a structured visual model.,"Precedence Without brackets Result <- 2 + 3 * 4 OUTPUT Result Multiplication is evaluated before addition, so the result is 14 . With brackets Result <- (2 + 3) * 4 Brackets force the addition first, so the result is 20 .",1ce15133aedf3c7cb9df156690f2928497c2bf3e5661bb15f4c764866f55975d,Pass,PendingIndependentPixelReview,PendingBlindReverseReview,Pending,,
135,explanation-relationship-img-1,explanation-relationship,Raster image,Academic knowledge-point infographic explaining Use the identity to check your answer with a structured visual model.,"Quotient and remainder relationship Number = Divisor * (Number DIV Divisor) + (Number MOD Divisor) Example: 17 = 5 * (17 DIV 5) + (17 MOD 5) = 5 * 3 + 2 For positive integers, the remainder is smaller than the divisor. If 17 MOD 5 becomes 5 , the remainder has become too enthusiastic.",34a69dee66be8089b8158d79a333ff35ccf3c9c3b5469f44b885d1fb8193b72a,Pass,PendingIndependentPixelReview,PendingBlindReverseReview,Pending,,
135,overview-div-1,overview,HTML/CSS,DIV and MOD visual,DIV and MOD visual,18f22c1313c41879667395b28ecce55adba88b53cc19168081ed083d7e104eff,Pass,PendingIndependentSemanticReview,NotApplicable,Pending,,
136,explanation-formatter-img-1,explanation-formatter,Raster image,Academic knowledge-point infographic explaining Build a readable result line with a structured visual model.,Interactive output formatter Enter values and choose a format. The goal is not decoration; it is clarity. Choose values and format the output.,171e89bc1e388dfb81afa488cf783bf8646c26c03e843658be30211794d1d7d3,Pass,PendingIndependentPixelReview,PendingBlindReverseReview,Pending,,
136,explanation-formatting-img-1,explanation-formatting,Raster image,Academic knowledge-point infographic explaining Formatting means controlling how values are shown with a structured visual model.,"Formatting output Unformatted OUTPUT Name OUTPUT Mark OUTPUT Grade Formatted OUTPUT ""Name: "" & Name OUTPUT ""Mark: "" & Mark OUTPUT ""Grade: "" & Grade Name: Ada Mark: 72 Grade: B",2c3491b1399da98b1158e431244ce7c0a03fc78b1610fa75847e8b3c7faaa6a9,Pass,PendingIndependentPixelReview,PendingBlindReverseReview,Pending,,
136,explanation-input-img-1,explanation-input,Raster image,Academic knowledge-point infographic explaining INPUT reads data and stores it in a variable with a structured visual model.,"Cambridge-style pseudocode OUTPUT ""Enter mark"" INPUT Mark Prompt screen shows Enter mark Input user enters a value such as 72 Storage Mark now stores 72",802e05779530b43a99f7de95131ab99b9a3a4321955f6e6bb61aa0bc11aebfcf,Pass,PendingIndependentPixelReview,PendingBlindReverseReview,Pending,,
136,explanation-java-img-1,explanation-java,Raster image,Academic knowledge-point infographic explaining Java I/O syntax is not Cambridge pseudocode with a structured visual model.,"Java support only Cambridge-style pseudocode OUTPUT ""Enter mark"" INPUT Mark OUTPUT ""Mark: "" & Mark Java support example only Scanner input = new Scanner(System.in); System.out.print(""Enter mark: ""); int mark = input.nextInt(); System.out.println(""Mark: "" + mark); Do not copy Scanner , semicolons or Java method calls into Paper 2 pseudocode unless Java is explicitly requested.",d44b19b92dc300b174ac3bbef5703fea81281e4c72ef6f8847b045d7b43d7563,Pass,PendingIndependentPixelReview,PendingBlindReverseReview,Pending,,
136,explanation-output-img-1,explanation-output,Raster image,"Academic knowledge-point infographic explaining OUTPUT displays text, values or expressions with a structured visual model.","Display text and values Name <- ""Ada"" Mark <- 72 OUTPUT ""Student: "" & Name OUTPUT ""Mark: "" & Mark Displayed output Student: Ada Mark: 72 Labels make the output meaningful. A lonely 72 on a screen is not a user interface; it is a small mystery.",6a5774ac3310de45067d0fff82baf6359f657034a5ccaffbd44d5705d6b904ae,Pass,PendingIndependentPixelReview,PendingBlindReverseReview,Pending,,
136,explanation-prompts-img-1,explanation-prompts,Raster image,Academic knowledge-point infographic explaining A good prompt tells the user what to enter and the expected format with a structured visual model.,"OUTPUT ""Input"" does not say what value is needed OUTPUT ""Enter mark"" states the required data item OUTPUT ""Enter mark 0 to 100"" states expected range and reduces invalid input",98f44a5388de3d5dfc14d46c5ed68608979cea90de31f7d1a86ef4366bbc2877,Pass,PendingIndependentPixelReview,PendingBlindReverseReview,Pending,,
136,explanation-tables-img-1,explanation-tables,Raster image,Academic knowledge-point infographic explaining Formatted output can make repeated records readable with a structured visual model.,"Table-like output Pseudocode idea OUTPUT ""Name Mark"" OUTPUT ""Ada 72"" OUTPUT ""Lin 85"" Displayed output Name Mark Headings, spacing and row order make the values interpretable.",99f9be999f61b7b1d6c94cb8a1ea05e4042e04d044772178f6f0a476efc445ce,Pass,PendingIndependentPixelReview,PendingBlindReverseReview,Pending,,
136,explanation-types-img-1,explanation-types,Raster image,Academic knowledge-point infographic explaining Input data must be used with the correct data type with a structured visual model.,"Input type handling Numeric calculation OUTPUT ""Enter price"" INPUT Price Total <- Price * 1.20 OUTPUT ""Total: "" & Total Reasoning Price must be treated as numeric for multiplication. If a language reads all input as text, conversion may be needed. Cambridge pseudocode usually focuses on the algorithm. If the question demands conversion, show it clearly.",c1774de5b51effe74b5a365ac05deed6fba768b44fac02c095ab0bc3eaebb0b9,Pass,PendingIndependentPixelReview,PendingBlindReverseReview,Pending,,
136,overview-div-1,overview,HTML/CSS,Input output visual,Input output visual,29d155b614a87e4051c643238ff7773edbd34836ab534b7d36055497810791ab,Pass,PendingIndependentSemanticReview,NotApplicable,Pending,,
137,explanation-append-img-1,explanation-append,Raster image,Academic knowledge-point infographic explaining FOR APPEND adds new data to the end with a structured visual model.,"Append pattern Cambridge-style pseudocode OPENFILE ""Scores.txt"" FOR APPEND WRITEFILE ""Scores.txt"", ""Lin,85"" CLOSEFILE ""Scores.txt"" Reasoning Use FOR APPEND when previous records should remain and new records should be added after them.",920c53bf29d28ed12a2e80e74868dc613f933e3f4b7b9c8b55d9e139487d7901,Pass,PendingIndependentPixelReview,PendingBlindReverseReview,Pending,,
137,explanation-close-img-1,explanation-close,Raster image,Academic knowledge-point infographic explaining CLOSEFILE completes the pattern with a structured visual model.,Closing files Reliability Data written to a file should be properly finished and released. Resources The operating system can free the file handle or lock. Exam pattern Questions often expect CLOSEFILE after reading or writing.,d413f490e45dc058785f1ce38dcf0ce39bd4c9d94912e614c2de506153b582cc,Pass,PendingIndependentPixelReview,PendingBlindReverseReview,Pending,,
137,explanation-eof-img-1,explanation-eof,Raster image,Academic knowledge-point infographic explaining EOF prevents reading past the end of the file with a structured visual model.,"EOF loop Count records Count <- 0 OPENFILE ""Orders.txt"" FOR READ WHILE NOT EOF(""Orders.txt"") READFILE ""Orders.txt"", OrderLine Count <- Count + 1 ENDWHILE CLOSEFILE ""Orders.txt"" OUTPUT Count Common trace If Orders.txt has 3 lines, the loop runs 3 times and Count becomes 3 .",32612440c73c9c96161363d35d19837b4283eda0cbb5b804193696073adbdb65,Pass,PendingIndependentPixelReview,PendingBlindReverseReview,Pending,,
137,explanation-java-img-1,explanation-java,Raster image,"Academic knowledge-point infographic explaining Java file handling helps understanding, but does not replace pseudocode with a structured visual model.","Java support only Cambridge-style pseudocode OPENFILE ""Scores.txt"" FOR READ WHILE NOT EOF(""Scores.txt"") READFILE ""Scores.txt"", Line OUTPUT Line ENDWHILE CLOSEFILE ""Scores.txt"" Java support example only try (Scanner file = new Scanner(new File(""Scores.txt""))) { while (file.hasNextLine()) { System.out.println(file.nextLine());",28714371dda53ccf32c51400ed86cd63df28345735c8843fa4d3ec5956960708,Pass,CompletedFail,PendingBlindReverseReview,Fail,SCI-VIS-002,Visible image is correct; accessible transcript is incomplete.
137,explanation-modes-img-1,explanation-modes,Raster image,Academic knowledge-point infographic explaining The mode controls what the program intends to do with the file with a structured visual model.,File modes Exam warning FOR READ read existing data from a file do not use it to add new records FOR WRITE write new file contents may overwrite existing contents FOR APPEND add new data to the end of an existing file keeps previous records,0b7dbacb4c38c4d833c4454a689d9d5e1b0b14d82b07c6b29fd1b3e5b0018dfc,Pass,PendingIndependentPixelReview,PendingBlindReverseReview,Pending,,
137,explanation-purpose-img-1,explanation-purpose,Raster image,Academic knowledge-point infographic explaining Files store data outside the running program with a structured visual model.,Volatile variable A variable value is lost when the program ends unless it is saved elsewhere. Persistent file A file such as Scores.txt can keep records for the next time the program runs.,532d4aef0208f57c8c93bfbca75f80ff3f6366914ce12a88c1d67d0a9a6d4879,Pass,PendingIndependentPixelReview,PendingBlindReverseReview,Pending,,
137,explanation-read-img-1,explanation-read,Raster image,Academic knowledge-point infographic explaining Read every line using WHILE NOT EOF with a structured visual model.,"Read pattern Cambridge-style pseudocode OPENFILE ""Scores.txt"" FOR READ WHILE NOT EOF(""Scores.txt"") READFILE ""Scores.txt"", Line OUTPUT Line ENDWHILE CLOSEFILE ""Scores.txt"" Trace idea Open prepare Scores.txt for reading EOF check continue while records remain Read store one line in Line",f76e6e868860e3690327c1d68b0980f4dcc2369f670942b1e76f9e9edf48a9fe,Pass,PendingIndependentPixelReview,PendingBlindReverseReview,Pending,,
137,explanation-write-img-1,explanation-write,Raster image,Academic knowledge-point infographic explaining FOR WRITE writes new contents with a structured visual model.,"Write pattern Cambridge-style pseudocode OPENFILE ""Report.txt"" FOR WRITE WRITEFILE ""Report.txt"", ""Name,Mark"" WRITEFILE ""Report.txt"", ""Ada,72"" CLOSEFILE ""Report.txt"" Reasoning Use FOR WRITE when the program is creating or replacing the file contents. If old contents must be preserved, FOR WRITE is the suspicious choice. It may wipe the slate clean with too much confidence.",9c0ce5bfdcd268dface6978c5bcfdf0db004b0b0208708dc5705f91000145954,Pass,PendingIndependentPixelReview,PendingBlindReverseReview,Pending,,
137,overview-div-1,overview,HTML/CSS,File handling visual,File handling visual,c11be2f6c2ae2cee62c5461f4e5a2d0949d833c9028ea45c78e119dec2d944de,Pass,PendingIndependentSemanticReview,NotApplicable,Pending,,
138,explanation-erroneous-img-1,explanation-erroneous,Raster image,Academic knowledge-point infographic explaining Abnormal data is invalid data that should be rejected with a structured visual model.,"Abnormal data is invalid data that should be rejected or handled. For a mark from 0 to 100, -1 and 101 are out-of-range abnormal data. The string ""cat"" is wrong-type abnormal data when an integer mark is required.",952138ce88e57b89443047f4f2b0c5c857c7e4c36cd3fa3d47e61d958e55596f,Pass,PendingIndependentPixelReview,PendingBlindReverseReview,Pending,,
138,explanation-java-img-1,explanation-java,Raster image,"Academic knowledge-point infographic explaining Java can help you run examples, but Cambridge pseudocode is the exam answer format with a structured visual model.","Java support only Cambridge-style pseudocode IF Mark >= 0 AND Mark <= 100 THEN OUTPUT ""Accepted"" ELSE OUTPUT ""Rejected"" ENDIF Java support example only if (mark >= 0 && mark <= 100) { System.out.println(""Accepted""); } else { System.out.println(""Rejected""); } Do not write Java syntax as the final Cambridge pseudocode answer unless the question specifically asks for Java.",4583d247d17a39db3ae4d3945a6fabe9cfdd46c5d20fe48a65015ccdb67d48cc,Pass,PendingIndependentPixelReview,PendingBlindReverseReview,Pending,,
138,explanation-normal-img-1,explanation-normal,Raster image,"Academic knowledge-point infographic explaining Normal data is valid, typical data inside the allowed range with a structured visual model.",Normal data Normal test data Expected result Mark 0 to 100 inclusive Accepted Password length 8 to 20 12 characters Age 11 to 18 inclusive,6d7cc071cab0bc12c9f09e6dfc9f54aa0256a30ac044619bfe619443b3c6b172,Pass,PendingIndependentPixelReview,PendingBlindReverseReview,Pending,,
138,explanation-purpose-img-1,explanation-purpose,Raster image,Academic knowledge-point infographic explaining Testing compares actual results with expected results with a structured visual model.,"IF Mark >= 0 AND Mark <= 100 THEN
    OUTPUT ""Valid""
ELSE
    OUTPUT ""Invalid""
ENDIF Normal, abnormal and extreme/boundary test data provide evidence for the selected cases. Finite testing can expose faults but does not prove correctness for every possible input.",6e81a8592994e40f22e1db38cd05d2000861f2da1e8ace956c07a4169b4a1b91,Pass,PendingIndependentPixelReview,PendingBlindReverseReview,Pending,,
138,explanation-table-img-1,explanation-table,Raster image,Academic knowledge-point infographic explaining A clear test table turns thinking into marks with a structured visual model.,"A test table records test data, its category and the expected result. Use 50 as normal accepted data and 0 or 100 as valid extreme/boundary accepted data. Use -1, 101 or a wrong-type input as abnormal data with a rejected or handled expected result.",2de0f9b511a1b58412da8df0d9e773a128fa98f6251ab098278888fc3b764e59,Pass,PendingIndependentPixelReview,PendingBlindReverseReview,Pending,,
138,explanation-validation-img-1,explanation-validation,Raster image,Academic knowledge-point infographic explaining Testing checks validation against expected results with a structured visual model.,"Testing checks whether validation behaves as expected for selected normal, abnormal and extreme/boundary cases. Expected and actual results are compared for each test. Passing a finite test set is evidence, not a proof of universal correctness.",19dee313ae4cfd9d29caaf53383627bb37c9527fcae007fae3fa8bac9387eae2,Pass,PendingIndependentPixelReview,PendingBlindReverseReview,Pending,,
138,overview-div-1,overview,HTML/CSS,Test data visual,Test data visual,bb0f5f708b38d2d27b33173263cb8be7ae63a66103e4ae2535f3fff2ff23a816,Pass,PendingIndependentSemanticReview,NotApplicable,Pending,,
139,explanation-breakpoint-img-1,explanation-breakpoint,Raster image,Academic knowledge-point infographic explaining A breakpoint pauses execution at a chosen line with a structured visual model.,"Breakpoint Best place Place a breakpoint before or on the line where the suspected decision or calculation happens. What to inspect Check variable values, the next line to execute, and whether the condition is true or false. What not to do Do not scatter breakpoints randomly. Random pausing is just procrastination wearing a technical hat.",ede32081f7a1e8b093e1d07d348e60090e27ff80b1cd85f9866c13304d557e1a,Pass,PendingIndependentPixelReview,PendingBlindReverseReview,Pending,,
139,explanation-java-img-1,explanation-java,Raster image,"Academic knowledge-point infographic explaining Java debugging tools help practice, but Cambridge pseudocode remains the exam format with a structured visual model.","Java support only Cambridge-style pseudocode INPUT Mark IF Mark >= 50 THEN OUTPUT ""Pass"" OUTPUT ""Resit needed"" Java support example only int mark = 50; if (mark >= 50) { System.out.println(""Pass""); } else { System.out.println(""Resit needed"");",e9a93a141610e59089883700c30960ba1e368a3943f18fc950da00aeada78012,Pass,PendingIndependentPixelReview,PendingBlindReverseReview,Pending,,
139,explanation-purpose-img-1,explanation-purpose,Raster image,Academic knowledge-point infographic explaining Debugging locates and corrects faults with a structured visual model.,"IF Mark > 50 THEN
    OUTPUT ""Pass""
ELSE
    OUTPUT ""Fail""
ENDIF The example is syntactically valid but still contains the deliberate logic error Mark > 50 at the boundary. Cambridge pseudocode closes the selection with ENDIF, not END IF.",9da1884200f5f0621b8e42aab698f933290101ac8395ae685b22d4b1a5a7c6bf,Pass,PendingIndependentPixelReview,PendingBlindReverseReview,Pending,,
139,explanation-stepping-img-1,explanation-stepping,Raster image,Academic knowledge-point infographic explaining Step through code one instruction at a time with a structured visual model.,Stepping Step over Run the next line without entering a called procedure or function. Useful when the call itself is not suspicious. Step into Enter a called procedure or function. Useful when the fault may be inside that subroutine.,7656f14f3a3abb51975dc52bf0e05bc767059a1bf6b31738b390a65da35d5e52,Pass,PendingIndependentPixelReview,PendingBlindReverseReview,Pending,,
139,explanation-watch-img-1,explanation-watch,Raster image,Academic knowledge-point infographic explaining Watching variables shows state changes while stepping with a structured visual model.,Watch variables Variable Expected Suspicious result increases by each item price resets to 0 inside loop moves through every array element skips first or last element 50 passes 50 goes to ELSE branch,2430ae236bdf896bf4e4a2daf3c3db1c048ac58e536df255d29befd22596233b,Pass,PendingIndependentPixelReview,PendingBlindReverseReview,Pending,,
139,overview-div-1,overview,HTML/CSS,Debugging visual,Debugging visual,8018df5f001f3310d79fe839c7526d62fa77614c885df7a0bd9513e7d0cb8f7c,Pass,PendingIndependentSemanticReview,NotApplicable,Pending,,
140,explanation-checks-img-1,explanation-checks,Raster image,Academic knowledge-point infographic explaining Pick the check that matches the rule with a structured visual model.,"Validation check types Range check value inside limits 0 to 100 Type check correct data type INTEGER mark ""banana"" Length check correct number of characters password 8 to 20 short or very long password",337af762b112cf9b0615df1f34115feeddebb2b350b9a6543e0909ca6c382a18,Pass,PendingIndependentPixelReview,PendingBlindReverseReview,Pending,,
140,explanation-integration-img-1,explanation-integration,Raster image,Academic knowledge-point infographic explaining Validation and modularity support each other with a structured visual model.,IsValidMark returns TRUE only for marks from 0 to 100 inclusive. Close the valid branch with ENDIF before the false return. Close the reusable function with ENDFUNCTION. Call the function instead of repeating the validation condition.,aa5fb31a95422d3dc81d8a945bf6becebc77b579f0b6d6e8a0f090812879800b,Pass,PendingIndependentPixelReview,PendingBlindReverseReview,Pending,,
140,explanation-modularity-img-1,explanation-modularity,Raster image,Academic knowledge-point infographic explaining Modular design splits a solution into smaller named parts with a structured visual model.,"Modularity Less robust structure All input, validation, calculation and output in one long block. Harder to test, reuse and debug. More robust structure Mark <- GetValidMark() Grade <- CalculateGrade(Mark) OUTPUT Grade",18fcf3b062d846761af918a861519f7c28669617f2b700412e6ae38a2ec6fedc,Pass,PendingIndependentPixelReview,PendingBlindReverseReview,Pending,,
140,explanation-module-tool-img-1,explanation-module-tool,Raster image,Academic knowledge-point infographic explaining Choose a module for each responsibility with a structured visual model.,Module chooser Responsibility,3a630394cbc7c8422ca7372d1c20bad98d4f46c46240b24ebc8eff5db2d6df2d,Pass,PendingIndependentPixelReview,PendingBlindReverseReview,Pending,,
140,explanation-parameters-img-1,explanation-parameters,Raster image,Academic knowledge-point infographic explaining Pass data into a module and return only what is needed with a structured visual model.,"GetValidMark inputs and validates a mark, then returns a valid INTEGER. CalculateGrade receives Mark and returns a grade character. DisplayResult is a procedure that performs OUTPUT and returns no value. Return values and screen-output effects must not be conflated.",fb5e1c9aebdb93f62bb1213c7422b55e2d1325daedd2d13ce3362081b8095fae,Pass,PendingIndependentPixelReview,PendingBlindReverseReview,Pending,,
140,explanation-robust-img-1,explanation-robust,Raster image,Academic knowledge-point infographic explaining A robust program handles expected misuse without collapsing with a structured visual model.,Robust design Input checks Reject or handle invalid values before they affect processing. Clear modules Give each procedure or function one focused responsibility. Useful messages Tell the user what is wrong and what valid input is expected.,f88acb756d6de7a49c8fbbaaf68de63fc3c8746661374c23ef57de4dcd40c2e2,Pass,PendingIndependentPixelReview,PendingBlindReverseReview,Pending,,
140,explanation-validation-img-1,explanation-validation,Raster image,Academic knowledge-point infographic explaining Validation checks whether data is acceptable for the program with a structured visual model.,"Place INPUT Mark inside REPEAT so every retry reads a new value. Set Valid to TRUE only when Mark is between 0 and 100 inclusive. Otherwise output the valid range, set Valid to FALSE and repeat. Close the selection with ENDIF and terminate with UNTIL Valid = TRUE.",fdb77846f124cb6d5cbea1cd0bcd6bebf55cb9a60dd4d0b0d2ee5b979881ae54,Pass,PendingIndependentPixelReview,PendingBlindReverseReview,Pending,,
140,explanation-validator-img-1,explanation-validator,Raster image,Academic knowledge-point infographic explaining Check whether a mark input is robustly acceptable with a structured visual model.,Interactive validator,b51479c9754c7ea6cfd890f1e9d69f48a58b12c90d1f050ef8c90bcaec499f9f,Pass,PendingIndependentPixelReview,PendingBlindReverseReview,Pending,,
140,overview-div-1,overview,HTML/CSS,Robust design visual,Robust design visual,9fff38e57ba77ade30dfe52d926b67bcc95f55f317cd46491ccc65570fb9a66f,Pass,PendingIndependentSemanticReview,NotApplicable,Pending,,
141,explanation-arrays-img-1,explanation-arrays,Raster image,Academic knowledge-point infographic explaining Use Cambridge array notation consistently with a structured visual model.,Java support example only scores[0] = 72; System.out.println(scores[0]); Cambridge-style pseudocode Scores[1] <- 72 OUTPUT Scores[1] Cambridge examples often use 1-based indexing unless a question defines otherwise. Follow the question's stated indexing.,6add7ee69732c4abec583f6925c8487d6136e9849cdcf35f65ffd2bb2190bfd8,Pass,PendingIndependentPixelReview,PendingBlindReverseReview,Pending,,
141,explanation-assignment-img-1,explanation-assignment,Raster image,Academic knowledge-point infographic explaining Use the assignment arrow for storing a value with a structured visual model.,"Assignment Java support example only total = total + mark; Cambridge-style pseudocode Total <- Total + Mark A single equals sign can be read as assignment in Java, but Cambridge pseudocode normally uses the left arrow.",5dc0a126be7eeac46ab9df0ea8279eb7ac8ebe476b74394a40998d029322664c,Pass,PendingIndependentPixelReview,PendingBlindReverseReview,Pending,,
141,explanation-checkpoint-img-1,explanation-checkpoint,Raster image,Academic knowledge-point infographic explaining 5-minute quiz focus with a structured visual model.,"Monthly checkpoint Conversion Translate one Java selection, one loop and one output statement. Explanation Explain why Java syntax is support only, not the Paper 2 answer format. Accuracy Check that the algorithm meaning is unchanged after conversion.",b7f7305692d1a5a26810a421da61b592a5dd6b0c326b97c973cde3e03369a187,Pass,PendingIndependentPixelReview,PendingBlindReverseReview,Pending,,
141,explanation-io-img-1,explanation-io,Raster image,Academic knowledge-point infographic explaining Replace library calls with algorithm keywords with a structured visual model.,Input and output Java support example only Scanner input = new Scanner(System.in); mark = input.nextInt(); System.out.println(mark); Cambridge-style pseudocode INPUT Mark OUTPUT Mark,6ad921bc2a225183a0e062318e64e6f8b3ee7d3938546652969e779098afc424,Pass,PendingIndependentPixelReview,PendingBlindReverseReview,Pending,,
141,explanation-loops-img-1,explanation-loops,Raster image,Academic knowledge-point infographic explaining Choose the loop keyword that matches the logic with a structured visual model.,"Use FOR when a counter range determines the number of iterations. Use WHILE when the condition is checked before each iteration. Use REPEAT, then the body, then UNTIL Condition for a post-condition loop. Do not use DO...ENDWHILE as the Cambridge post-condition form.",36e43cf4858badb2e38bce92b4eb27b44302130b4fb1712afbdeb5f3ffc379eb,Pass,PendingIndependentPixelReview,PendingBlindReverseReview,Pending,,
141,explanation-selection-img-1,explanation-selection,Raster image,"Academic knowledge-point infographic explaining Use IF , THEN , ELSE , ENDIF with a structured visual model.","Selection Java support example only if (mark >= 50) { System.out.println(""Pass""); } else { System.out.println(""Resit needed""); Cambridge-style pseudocode IF Mark >= 50 THEN OUTPUT ""Pass"" OUTPUT ""Resit needed""",fe0e4172337715c5daa7e7d76487136e478d113a45339b9e2ec073831386d751,Pass,PendingIndependentPixelReview,PendingBlindReverseReview,Pending,,
141,explanation-spotter-img-1,explanation-spotter,Raster image,Academic knowledge-point infographic explaining Spot the Java-only syntax in an exam answer with a structured visual model.,Java spotter Suspicious answer fragment,5e01138dc551794d00585dfb4bf18a65235cba2fdd219bd8b124e9fcc6988891,Pass,PendingIndependentPixelReview,PendingBlindReverseReview,Pending,,
141,explanation-subroutines-img-1,explanation-subroutines,Raster image,Academic knowledge-point infographic explaining Use PROCEDURE and FUNCTION instead of Java method wrappers with a structured visual model.,Subroutines Java support example only static boolean isValidMark(int mark) { return mark >= 0 && mark <= 100; Cambridge-style pseudocode FUNCTION IsValidMark(Mark : INTEGER) RETURNS BOOLEAN RETURN Mark >= 0 AND Mark <= 100 ENDFUNCTION,f24e64ed7fbc3adb541ce37361aef1c75a28b8ff87bdae37f5cab060a2717af1,Pass,PendingIndependentPixelReview,PendingBlindReverseReview,Pending,,
141,overview-div-1,overview,HTML/CSS,Java to pseudocode visual,Java to pseudocode visual,7fbad5d5bbfbd56943846392d446e08c4fc5c09dc037c818053635a589c5c1bd,Pass,PendingIndependentSemanticReview,NotApplicable,Pending,,
142,explanation-arrays-img-1,explanation-arrays,Raster image,Academic knowledge-point infographic explaining Arrays need consistent indexing and meaningful loop bounds with a structured visual model.,"Arrays and loops Question wording Good answer feature Mark-risk 10 marks FOR Index <- 1 TO 10 looping 0 to 10 gives 11 iterations highest score initialise Highest before comparing uninitialised comparison total and average update Total inside loop, divide after loop",1db0bfa76e1e858522963862095e5a5ee3f4589ac37ba77dd23a78a2d549c658,Pass,PendingIndependentPixelReview,PendingBlindReverseReview,Pending,,
142,explanation-checklist-img-1,explanation-checklist,Raster image,Academic knowledge-point infographic explaining Use a checklist before calling a fragment finished with a structured visual model.,Mark checklist,9eec50f17e55f29ee2c17a2da5f0c928ac630ca6e5e57d729132fd074e4f0d7b,Pass,PendingIndependentPixelReview,PendingBlindReverseReview,Pending,,
142,explanation-debugging-img-1,explanation-debugging,Raster image,Academic knowledge-point infographic explaining Review answers should be traceable with a structured visual model.,"Debugging awareness A well-written fragment can be traced: values change in clear places, conditions are testable, and outputs are easy to predict. If you cannot trace your own fragment with a small example, the examiner probably cannot rescue it for you either.",7085114eed204cd0ad355f632656c6b2f7dc51dd13c93047f26d0c32fcb9c632,Pass,PendingIndependentPixelReview,PendingBlindReverseReview,Pending,,
142,explanation-files-img-1,explanation-files,Raster image,"Academic knowledge-point infographic explaining File fragments need open, process and close with a structured visual model.","OPENFILE ""Scores.txt"" FOR READ WHILE NOT EOF(""Scores.txt"") READFILE ""Scores.txt"", Line OUTPUT Line ENDWHILE CLOSEFILE ""Scores.txt""",7826d762f080c372f3a4fc623d05ff6a12976551bdfd37cb0ae9d8fa418cdbf7,Pass,PendingIndependentPixelReview,PendingBlindReverseReview,Pending,,
142,explanation-fragment-img-1,explanation-fragment,Raster image,"Academic knowledge-point infographic explaining A complete fragment has setup, logic and result with a structured visual model.",Initialise PassCount before processing ten array positions. Input the current element before testing it. Close the passing-mark selection with ENDIF before NEXT Index. Output PassCount once after the loop.,facd3ed49089b65301e9f1396ed16dafb0d41857d36c8a6459aece7939cc8f16,Pass,PendingIndependentPixelReview,PendingBlindReverseReview,Pending,,
142,explanation-java-img-1,explanation-java,Raster image,Academic knowledge-point infographic explaining Java can support practice; the review answer should be Cambridge pseudocode with a structured visual model.,Java may support practice but the review answer uses Cambridge pseudocode. Increment PassCount only when the current mark is at least 50. Close the pseudocode selection with ENDIF before NEXT Index. Keep Java and pseudocode indexing conventions explicit.,cb2c0810b5dc396b00c6a354d39d66d0121b4dc9eeaee34da73683eee42f7ead,Pass,PendingIndependentPixelReview,PendingBlindReverseReview,Pending,,
142,explanation-review-map-img-1,explanation-review-map,Raster image,Academic knowledge-point infographic explaining Section 11 tools become stronger when combined with a structured visual model.,"Review map Likely construct Evidence in answer Common slip repeat known number of times start, end and NEXT wrong loop bounds make a decision condition, branches, ENDIF missing ELSE when needed store several values index used consistently",133d4211d26917eb4fe057eb204a6badd940e3d5e7e0642dc5d3fd3a596aa737,Pass,PendingIndependentPixelReview,PendingBlindReverseReview,Pending,,
142,explanation-subroutines-img-1,explanation-subroutines,Raster image,Academic knowledge-point infographic explaining Use functions for returned values and procedures for actions with a structured visual model.,A function returns a value; a procedure performs an action. IsPass returns a BOOLEAN based on whether Mark is at least 50. Close the function's IF with ENDIF before ENDFUNCTION. DisplayResult outputs its parameters and returns no value.,1b4cf87e16985fa18908873fea97f7c9634cee4aad3dadd79153e3458f38541b,Pass,PendingIndependentPixelReview,PendingBlindReverseReview,Pending,,
142,explanation-validation-img-1,explanation-validation,Raster image,Academic knowledge-point infographic explaining Review fragments often need input checks with a structured visual model.,A complete validation fragment prompts for and inputs Mark inside REPEAT. Set Valid to TRUE when Mark is between 0 and 100 inclusive; otherwise set it to FALSE. Close the selection with ENDIF and repeat until Valid is TRUE. Every invalid retry must read a replacement Mark.,0366ad5e7d701a14ee9157e91999dfc97661a6ae308e80f7e281b0435f5ab10f,Pass,PendingIndependentPixelReview,PendingBlindReverseReview,Pending,,
142,overview-div-1,overview,HTML/CSS,Program fragment visual,Program fragment visual,0c9f216beea6fabc557bedb9d457f01c4fe47039a540fd4d2a710b02c844d937,Pass,PendingIndependentSemanticReview,NotApplicable,Pending,,
143,explanation-agile-img-1,explanation-agile,Raster image,Academic knowledge-point infographic explaining Why short feedback cycles support change through a cause-and-effect diagram.,A small increment makes assumptions visible quickly. Frequent stakeholder feedback reprioritises the next increment. Less unreviewed work depends on a mistaken requirement.,ddf9b82d7fa1e0e00cc77b1e40b6ba1c2de7d5f2ce8a1404a1b1d47a1a3435a4,Pass,PendingIndependentPixelReview,PendingBlindReverseReview,Pending,,
143,explanation-artefacts-img-1,explanation-artefacts,Raster image,Academic knowledge-point infographic explaining Why artefacts make decisions traceable through a cause-and-effect diagram.,Requirements define what successful behaviour means. Designs and tests link implementation choices to those requirements. Traceability exposes every item affected by a later change.,8d321f3f1db4b83c62be026986c85d55086ff477660e361d015b2067f24e2abb,Pass,PendingIndependentPixelReview,PendingBlindReverseReview,Pending,,
143,explanation-compare-img-1,explanation-compare,Raster image,Academic knowledge-point infographic explaining How project conditions choose a model through a cause-and-effect diagram.,"Stable regulated work values traceability and formal approval. Uncertain user-facing work values short feedback distance. Dependencies, risk and stakeholder availability constrain the viable choice.",f4ecf29ce26ad533efd19134a3da8c0b77a141c0343e63668a2c6f63acf21a57,Pass,PendingIndependentPixelReview,PendingBlindReverseReview,Pending,,
143,explanation-iterative-img-1,explanation-iterative,Raster image,Academic knowledge-point infographic explaining Why repeated cycles expose mistakes through a cause-and-effect diagram.,"Build a limited version around a defined goal. Review evidence from users, tests or prototypes. Feed the findings into the next improved cycle.",156f513a8962328d64c34417091455466af36efb520a9838b5db79bb56dfcd24,Pass,PendingIndependentPixelReview,PendingBlindReverseReview,Pending,,
143,explanation-purpose-img-1,explanation-purpose,Raster image,Academic knowledge-point infographic explaining Why a lifecycle reduces uncertainty through a cause-and-effect diagram.,"Each stage asks a different question about need, design or evidence. Its output makes assumptions visible for review. Later work proceeds with clearer constraints and acceptance criteria.",87a60c29668cc1d48b070a5e39d610a3b6027343495fa87304e0beabbb00568e,Pass,PendingIndependentPixelReview,PendingBlindReverseReview,Pending,,
143,explanation-rad-img-1,explanation-rad,Raster image,Academic knowledge-point infographic explaining Rapid application development (RAD) through a cause-and-effect diagram.,"RAD builds rapid prototypes inside short time boxes. Users review prototypes frequently and their feedback changes the next version. RAD can respond quickly, but may not suit work requiring exhaustive assurance and stable architecture.",1ba48fcbe6dd922580c40c99a33bebbb529a3a2ce472970035f917612027da69,Pass,PendingIndependentPixelReview,PendingBlindReverseReview,Pending,,
143,explanation-stages-img-1,explanation-stages,Raster image,Academic knowledge-point infographic explaining How one stage supplies the next through a cause-and-effect diagram.,"Analysis defines the problem and required outcomes. Design translates requirements into components, data and interfaces. Implementation and testing create and check the resulting system.",6befb545395e4a90832ddfa7a5324408093eca62fd04dbf05327758c24f7c047,Pass,PendingIndependentPixelReview,PendingBlindReverseReview,Pending,,
143,explanation-waterfall-img-1,explanation-waterfall,Raster image,Academic knowledge-point infographic explaining Why sequence helps and resists change through a cause-and-effect diagram.,"A stage is reviewed before the next major stage begins. Early agreement supports budgets, contracts and traceable approvals. Late change crosses completed boundaries and causes expensive rework.",2828a7b638bd29d40317753d37ca2305e4c3bf44a649a8ccdacb4834574b8716,Pass,PendingIndependentPixelReview,PendingBlindReverseReview,Pending,,
143,iterative-div-1,iterative,HTML/CSS,Iterative cycle,Iterative cycle,dd0641efbabfb39df9194fa2887bfed37dad743cddfe7fd11e5e7a8011fdb433,Pass,PendingIndependentSemanticReview,NotApplicable,Pending,,
143,overview-div-1,overview,HTML/CSS,Lifecycle visual,Lifecycle visual,02c614e19264cf887b70dd89147470d69807796a9f729d45025158c03d78fd74,Pass,PendingIndependentSemanticReview,NotApplicable,Pending,,
144,explanation-acceptance-img-1,explanation-acceptance,Raster image,Academic knowledge-point infographic explaining Acceptance tests check whether requirements are met with a structured visual model.,Acceptance tests Requirement Test data/action Expected result Evidence reject double booking try to book Room 12 at an occupied time booking rejected with message test result screenshot/log search within 2 seconds search all rooms for Monday period 3 results shown within 2 seconds,f62b1d6cd68752c38ea7ca174511560e612dbe290ff02b59021863363c54929b,Pass,PendingIndependentPixelReview,PendingBlindReverseReview,Pending,,
144,explanation-algorithms-img-1,explanation-algorithms,Raster image,"Academic knowledge-point infographic explaining Structure charts, derived pseudocode and state transitions with a structured visual model.","A structure chart shows module hierarchy, calling relationships and labelled parameters passed between modules, procedures or functions. Derive pseudocode by turning each box into a complete subprogram header and each hierarchy connection into a matching call with arguments. A separate state-transition diagram marks the start state and uses directed, event-labelled transitions between persistent states; it is not a flowchart of processing steps.",25bbf57a8c022752b435d38eeda85547ed7fcceb67ee6557c17661ddf4ec2254,Pass,PendingIndependentPixelReview,PendingBlindReverseReview,Pending,,
144,explanation-analysis-img-1,explanation-analysis,Raster image,Academic knowledge-point infographic explaining Analysis turns user needs into a requirements specification with a structured visual model.,"Requirements analysis Use interviews, questionnaires, observation or document analysis to find needs. Remove ambiguity by asking about users, tasks, data, constraints and priorities. Write requirements that can guide design and later testing.",0fbe8bff37c9909382660267f7d2557adb2312964fd5c10354245881f35a857d,Pass,PendingIndependentPixelReview,PendingBlindReverseReview,Pending,,
144,explanation-criteria-tool-img-1,explanation-criteria-tool,Raster image,Academic knowledge-point infographic explaining Is the criterion testable? with a structured visual model.,Criteria checker Criterion,1efae924de58ca0c56e229bb13d2278f7a73ca96559ebc3b8e2544611d1fb580,Pass,PendingIndependentPixelReview,PendingBlindReverseReview,Pending,,
144,explanation-functional-img-1,explanation-functional,Raster image,Academic knowledge-point infographic explaining Functional requirements describe what the system must do with a structured visual model.,"Functional requirements Vague request Functional requirement Why stronger manage bookings allow teachers to create, edit and cancel room bookings states actions and user avoid clashes reject a booking if the room is already booked for that time states exact rule show information display a timetable for a selected room and date",0038c83c551cdc6d17dd5f1bf695bf1b71a417e21668d0943b66c2d347ebbc6d,Pass,PendingIndependentPixelReview,PendingBlindReverseReview,Pending,,
144,explanation-non-functional-img-1,explanation-non-functional,Raster image,Academic knowledge-point infographic explaining Non-functional requirements describe qualities or constraints with a structured visual model.,Non-functional requirements Measurable requirement Possible evidence performance room search results display within 2 seconds timed test usability a new teacher can create a booking in under 2 minutes after one demonstration user trial security only staff with valid login credentials can create bookings access test,5259885903a9c3a1bb3733104e1d6b81792d24cc23bcc248159a8ffd24a664d9,Pass,PendingIndependentPixelReview,PendingBlindReverseReview,Pending,,
144,explanation-rewriter-img-1,explanation-rewriter,Raster image,Academic knowledge-point infographic explaining Turn vague requests into stronger requirements with a structured visual model.,Interactive rewriter Vague request,40fb652af695f68f03c6c21d4bf6167c9669abeb58bca9c94cec47f788d56c0f,Pass,PendingIndependentPixelReview,PendingBlindReverseReview,Pending,,
144,explanation-stakeholders-img-1,explanation-stakeholders,Raster image,Academic knowledge-point infographic explaining Different users reveal different requirements with a structured visual model.,"Stakeholders Teachers Need quick booking and clear room availability. Admin staff Need reports, conflict resolution and permission controls. IT support Need backup, user management and maintainable configuration.",d8b0a4ca0671c3b87b72cde8a03a4bed28c1e676548e18f40b6c126ca6249f97,Pass,PendingIndependentPixelReview,PendingBlindReverseReview,Pending,,
144,explanation-success-img-1,explanation-success,Raster image,Academic knowledge-point infographic explaining Success criteria make evaluation possible with a structured visual model.,Success criteria “The system should be easy to use.” Stronger “At least 8 out of 10 teachers can create a booking without help in under 2 minutes.” A success criterion should be specific enough that two people can test it and reach the same conclusion.,a64486095c3102f426c471eda158b526b995a590404a9565cbde8bc3183b73a2,Pass,PendingIndependentPixelReview,PendingBlindReverseReview,Pending,,
144,overview-div-1,overview,HTML/CSS,Requirement analysis visual,Requirement analysis visual,1e2f246b76e749c877b568bf862d5004f17533de210e451dc4dc42067246b194,Pass,PendingIndependentSemanticReview,NotApplicable,Pending,,
145,explanation-dictionary-img-1,explanation-dictionary,Raster image,Academic knowledge-point infographic explaining A data dictionary defines each data item consistently with a structured visual model.,Data dictionary Validation letter plus digits not blank; exists in room file identifies the room BookingDate YYYY-MM-DD school day; not in past date of booking StartTime valid period start time booking start,3b1e4b263be86f331859884dd56bbcf51106acec638977d2b87432e4cd245566,Pass,PendingIndependentPixelReview,PendingBlindReverseReview,Pending,,
145,explanation-dictionary-tool-img-1,explanation-dictionary-tool,Raster image,Academic knowledge-point infographic explaining Inspect a field definition with a structured visual model.,Data dictionary checker Data item,91c6139bab535d26e11c9daa8c7cf72444d8cb7f26f861188d9c0d4666364a7b,Pass,PendingIndependentPixelReview,PendingBlindReverseReview,Pending,,
145,explanation-interfaces-img-1,explanation-interfaces,Raster image,Academic knowledge-point infographic explaining Interface designs show how users will enter data and navigate the system with a structured visual model.,"Interface designs Create room booking Date calendar control Period drop-down list Room searchable list Error message area: “Room already booked for this time.” Interface design is not just “make the screen pretty”. It specifies controls, navigation, prompts, validation messages and user feedback.",07535b9db3ede2ddbe97f905934e5b7c5e091c34922176e01ea843ae1abc6cd1,Pass,PendingIndependentPixelReview,PendingBlindReverseReview,Pending,,
145,explanation-lifecycle-img-1,explanation-lifecycle,Raster image,"Academic knowledge-point infographic explaining Design documentation supports implementation, testing and maintenance with a structured visual model.","Using design docs later Implementation Developers know which data fields, algorithms and interface behaviours to build. Testers compare actual behaviour with the designed rules, validation and expected messages. Maintenance Future changes are safer because developers can see existing data rules and processing assumptions.",34bd1309fb48ec6a09ac31bf4ca4e70eabee10b26b08ff21548501063c72c26f,Pass,PendingIndependentPixelReview,PendingBlindReverseReview,Pending,,
145,explanation-logic-img-1,explanation-logic,Raster image,Academic knowledge-point infographic explaining Logic errors make the program do the wrong thing with a structured visual model.,"Meaning The code is syntactically valid and may run, but the algorithm or condition is wrong. Examples Using < instead of <= , wrong formula, wrong loop condition or off-by-one error. Detection Usually found by testing, tracing or comparing actual output with expected output. Common error A translator may not detect it because the instructions are legal.",88ba990faf01e14371962e67670630160b96bded0a3643a2b5e4fe39a8796d34,Pass,PendingIndependentPixelReview,PendingBlindReverseReview,Pending,,
145,explanation-purpose-img-1,explanation-purpose,Raster image,Academic knowledge-point infographic explaining Design documents translate requirements into a buildable plan with a structured visual model.,"Design documentation purpose Before coding They decide data structures, processing logic and user interaction before the implementation language takes over. For testers They provide expected rules and interface behaviour so tests can check more than “it seems fine”. For maintenance They help future developers understand why the system works in a particular way. A useful design document is specific enough to guide construction, but not just a pasted block of final program code.",5e0a0295f44cdd1040f52b87a5a5d0c88d516899f6c7ccab5b9b0a608aad7869,Pass,PendingIndependentPixelReview,PendingBlindReverseReview,Pending,,
145,explanation-traceability-img-1,explanation-traceability,Raster image,Academic knowledge-point infographic explaining Traceability keeps the design connected to the original need with a structured visual model.,"Linking requirements to design Requirement Algorithm design Data dictionary Interface design Prevent double booking compare requested time with existing bookings RoomID, date, start and end times availability check button and clash message Only staff can book check user role before saving StaffID and Role fields",688f1c54bb4af8f0eb15c8ed5fbada97cc9eff67caf5d445b6508d285419c57b,Pass,PendingIndependentPixelReview,PendingBlindReverseReview,Pending,,
145,overview-div-1,overview,HTML/CSS,Design documentation visual,Design documentation visual,2d7a90bd5b20d0b6eac60c984e2d5657a37c90070ac29fbc90c0f5a635697f2f,Pass,PendingIndependentSemanticReview,NotApplicable,Pending,,
146,explanation-boundary-img-1,explanation-boundary,Raster image,Academic knowledge-point infographic explaining Extreme or boundary data uses valid values at accepted limits with a structured visual model.,"Extreme/boundary data uses valid values at the accepted lower or upper limit. For an accepted mark range of 0 to 100 inclusive, 0 and 100 are valid extreme/boundary values. Values just outside the limits, such as -1 and 101, are abnormal and should be rejected.",0c90e75fb642946fa26130a6eac239ac5b9c63dd3c7085d42c13564fea7baa8d,Pass,PendingIndependentPixelReview,PendingBlindReverseReview,Pending,,
146,explanation-bug-img-1,explanation-bug,Raster image,Academic knowledge-point infographic explaining Analyse and amend an existing program with a structured visual model.,"Analyse the existing program's purpose, inputs, outputs, control flow and behaviour that must remain unchanged before editing it. Amend declarations, initialisation, processing and output coherently to add the requested functionality rather than rewriting unrelated code. Test the new path and rerun regression tests for the existing path; adding functionality is an enhancement, not merely correcting a fault.",ffacb736ba7b76497aac64c2d5448ce9f6773eaf033e7a0bf873d4cf7f185977,Pass,PendingIndependentPixelReview,PendingBlindReverseReview,Pending,,
146,explanation-changeover-img-1,explanation-changeover,Raster image,Academic knowledge-point infographic explaining Test strategy and test plan are different documents with a structured visual model.,"A test strategy states the testing levels, methods, responsibilities, sequence and resources for the project. A test plan records individual cases with a test ID, purpose, data, expected result, actual result and pass/fail outcome. Normal, abnormal and extreme/boundary values are test-data categories; a list of values alone is neither a complete strategy nor a complete test plan.",053b67ad19d53422fa5e487afa0ae656a37a8d400858882d528b64246ced3058,Pass,PendingIndependentPixelReview,PendingBlindReverseReview,Pending,,
146,explanation-data-tool-img-1,explanation-data-tool,Raster image,"Academic knowledge-point infographic explaining Classify input for NumberOfStudents, valid range 1 to 30 with a structured visual model.",Test data classifier Test value,3919dd08ce7317012fbfb673ab479f60e69ca28b7ba07f441dc5506a820ce6da,Pass,PendingIndependentPixelReview,PendingBlindReverseReview,Pending,,
146,explanation-evaluation-img-1,explanation-evaluation,Raster image,Academic knowledge-point infographic explaining Evaluation uses requirements and measurable success criteria with a structured visual model.,"A success criterion must state a measurable threshold before evidence can be judged against it. If 8 of 10 users or 95 of 100 searches is sufficient, state that threshold explicitly. Without a threshold, do not label partial evidence as an unqualified criterion met.",1ae814496260bcaae35150c443e7e76e25b0e1ddc4b899a29014d8e30d3c4ad0,Pass,PendingIndependentPixelReview,PendingBlindReverseReview,Pending,,
146,explanation-implementation-img-1,explanation-implementation,Raster image,Academic knowledge-point infographic explaining Implementation turns the design into a working system with a structured visual model.,"Implementation Program modules, create files or databases, implement interfaces and connect components. Put the system into the user environment, configure hardware, accounts, permissions and data. Document Prepare user instructions and technical notes so the system can be used and supported. Implementation should follow the design documentation. If implementation silently changes the design, testing may no longer match the intended system.",0dd4bb4bfd00997f7570a3f8efcdc90cc417a6511474f11bdccf360c09bd725f,Pass,PendingIndependentPixelReview,PendingBlindReverseReview,Pending,,
146,explanation-maintenance-img-1,explanation-maintenance,Raster image,Academic knowledge-point infographic explaining Maintenance changes a system after it has been delivered with a structured visual model.,"Maintenance Corrective Fixing faults found after release, such as a booking clash that was not rejected. Adaptive Changing the system because the environment changes, such as a new timetable structure. Perfective Improving performance, usability or features, such as faster room search.",2d3c7180ecbcccff54ae5d01a22c755e8d81644b4127956c8821bd3e5c046e88,Pass,PendingIndependentPixelReview,PendingBlindReverseReview,Pending,,
146,explanation-stage-tool-img-1,explanation-stage-tool,Raster image,Academic knowledge-point infographic explaining Which lifecycle stage is being described? with a structured visual model.,Interactive stage chooser Scenario,ae9bed69b607c5efc86122ac1911cfa6a64c385cf710b9bf742dca59293a2f1e,Pass,PendingIndependentPixelReview,PendingBlindReverseReview,Pending,,
146,explanation-test-data-img-1,explanation-test-data,Raster image,Academic knowledge-point infographic explaining Good testing uses different categories of data with a structured visual model.,Test data Category Room capacity example Expected result valid typical data 24 students for capacity 30 accepted Boundary valid or invalid data at the edge 30 and 31 for capacity 30 30 accepted; 31 rejected Abnormal,f52e9fcf2751b042b38ec7b110f9fd39a2bbf0fd4c1dba7b601004eceb058c86,Pass,PendingIndependentPixelReview,PendingBlindReverseReview,Pending,,
146,explanation-testing-img-1,explanation-testing,Raster image,Academic knowledge-point infographic explaining Testing is planned evidence that the system behaves as expected with a structured visual model.,Evidence Unit testing one module or subroutine check clash detection function actual output compared with expected output Integration testing modules working together booking form sends data to save module data passes correctly between parts System testing whole system complete booking workflow,9020b37949d8578d7452af95d7353f36e8fc396f7fe3c4c382106c20464d7dde,Pass,PendingIndependentPixelReview,PendingBlindReverseReview,Pending,,
146,overview-div-1,overview,HTML/CSS,Lifecycle visual,Lifecycle visual,02c614e19264cf887b70dd89147470d69807796a9f729d45025158c03d78fd74,Pass,PendingIndependentSemanticReview,NotApplicable,Pending,,
147,explanation-analysis-img-1,explanation-analysis,Raster image,Academic knowledge-point infographic explaining From vague request to measurable criteria with a structured visual model.,"Analysis review Weak wording Stronger requirement Success criterion easy sign-up students can reserve a place using activity list, confirm button and student ID 90% of trial students reserve a place in under 2 minutes avoid too many students system prevents reservations above activity capacity all tests at capacity plus one are rejected staff need reports staff can print or export a register for each activity",ddda895f011ada4f3f46504c3bbf28d9fc6f38a2c7406dfe04ada1f448b01f6d,Pass,PendingIndependentPixelReview,PendingBlindReverseReview,Pending,,
147,explanation-answer-tool-img-1,explanation-answer-tool,Raster image,Academic knowledge-point infographic explaining Turn a weak line into a mark-worthy line with a structured visual model.,Answer improver Weak answer,e9963aee113c1251339244c23ba9bf1395cf7935d85b8e0187817c456fa707d6,Pass,PendingIndependentPixelReview,PendingBlindReverseReview,Pending,,
147,explanation-case-img-1,explanation-case,Raster image,Academic knowledge-point infographic explaining School activity sign-up system with a structured visual model.,"Case study A school wants a system for students to sign up for after-school activities. Students can view activities, reserve a place, cancel a reservation and see a waiting list. Staff can create activities, set capacity, view registers and close sign-ups. The school wants the system ready before the new term. Every review task on this page uses this case. That forces answers to be specific instead of floating around as textbook fog.",96d92169e9adc753fb54334c5653db24fcd25d64950edd6b49720071f1998c84,Pass,PendingIndependentPixelReview,PendingBlindReverseReview,Pending,,
147,explanation-case-tool-img-1,explanation-case-tool,Raster image,Academic knowledge-point infographic explaining Identify the Section 12 concept with a structured visual model.,Interactive case tool Case detail,c2bd2240d392366f165a685934643160ee41fbb3b32fd3e3c0c2c923798f44e8,Pass,PendingIndependentPixelReview,PendingBlindReverseReview,Pending,,
147,explanation-commands-img-1,explanation-commands,Raster image,Academic knowledge-point infographic explaining Match response depth to the command with a structured visual model.,"Explain sets out reasons or relationships and says why or how. Evaluate makes a judgement about quality, importance, amount or value using evidence. Cause and consequence support an explanation; they do not replace the judgement required by evaluate.",731dd57aac39ab9f16a3e9a2b29d69947d12e91927b86c2cfa02d2c6ed84cde8,Pass,PendingIndependentPixelReview,PendingBlindReverseReview,Pending,,
147,explanation-design-img-1,explanation-design,Raster image,Academic knowledge-point infographic explaining Design answers must name the artefact with a structured visual model.,"Design review Algorithm Describe how the system checks capacity and places extra students on a waiting list. Data dictionary Define ActivityID, StudentID, Capacity, PlacesTaken and WaitingListPosition. Interface Show activity list, reserve/cancel controls, confirmation prompts and validation messages. Cambridge-style pseudocode is suitable for algorithm design. Java can support implementation practice, but final code is not the whole design document.",80017724be4f71212f0b78c1e0422670edceca9ad5abf0e946c468dbc1d3da3e,Pass,PendingIndependentPixelReview,PendingBlindReverseReview,Pending,,
147,explanation-evaluation-img-1,explanation-evaluation,Raster image,"Academic knowledge-point infographic explaining After release, classify changes and judge success with evidence with a structured visual model.",Maintenance and evaluation review Maintenance examples Corrective: fix a crash when cancelling a reservation. Adaptive: change the system for a new two-term activity structure. Perfective: make the activity search faster or clearer. Evaluation evidence Timing logs from sign-up tasks. User survey results linked to success criteria. Test records showing capacity rules were met.,67370c73f224a9808d3b248d817b5f275fa4a1140f8c5b6c682ed5a73c42cdf1,Pass,PendingIndependentPixelReview,PendingBlindReverseReview,Pending,,
147,explanation-lifecycle-img-1,explanation-lifecycle,Raster image,"Academic knowledge-point infographic explaining One scenario, many stages with a structured visual model.","The syllabus names analysis, design, coding, testing and maintenance as the program development lifecycle stages. Implementation may be used only as an explanation of coding, not as a replacement stage that removes testing or maintenance. Operation and evaluation are not substitutes for the five named syllabus stages.",5763e7ed89a338b21f1e888fccdd6c0fad30f8a00058d9d2fe4ec03aa22acbe1,Pass,PendingIndependentPixelReview,PendingBlindReverseReview,Pending,,
147,explanation-testing-img-1,explanation-testing,Raster image,"Academic knowledge-point infographic explaining Test cases need data, expected result and purpose with a structured visual model.","Normal data is valid and typical; boundary data is at an accepted limit; abnormal data violates the stated validation rule. A 21st valid reservation at a capacity boundary requires the defined business outcome, such as waiting list or rejection due to capacity. Do not call a request invalid unless it violates a stated input-validity rule.",1b48b87d1217b5a2c8c40531076e0a83519582ebb0eed3a20c8d95e1681f1c37,Pass,PendingIndependentPixelReview,PendingBlindReverseReview,Pending,,
147,overview-div-1,overview,HTML/CSS,Section 12 review visual,Section 12 review visual,817306538fd1c1b6b6c446529a29e6446853e32344c5a2babe30068858e90272,Pass,PendingIndependentSemanticReview,NotApplicable,Pending,,
148,explanation-algorithms-img-1,explanation-algorithms,Raster image,Academic knowledge-point infographic explaining Good pseudocode is precise enough to trace with a structured visual model.,"Algorithm design review State the data being read, such as target name, score list or file record. Use sequence, selection and iteration with clear variable updates. State exactly what is displayed, returned or stored.",e101fe608285be8a44acdadc5f507663382b5fd502e667dbf21ba8097d1d27bd,Pass,PendingIndependentPixelReview,PendingBlindReverseReview,Pending,,
148,explanation-files-img-1,explanation-files,Raster image,Academic knowledge-point infographic explaining Persistent data needs clear read/write logic with a structured visual model.,"Files and records Pseudocode pattern OPENFILE ""Scores.txt"" FOR READ WHILE NOT EOF(""Scores.txt"") READFILE ""Scores.txt"", StudentRecord OUTPUT StudentRecord.Name ENDWHILE CLOSEFILE ""Scores.txt"" Review note File questions often test the sequence: open, read or write, loop until end of file, then close. Keep the file mode clear.",ada116dd612e64323eda7e0ba276b8980d986b300d74be77bb0cc9fa5c335bfa,Pass,PendingIndependentPixelReview,PendingBlindReverseReview,Pending,,
148,explanation-selection-img-1,explanation-selection,Raster image,Academic knowledge-point infographic explaining The reason matters more than the name with a structured visual model.,"Structure choice Scenario Likely structure store 30 daily temperatures 1D array same type, indexed by day store student name, ID and mark related fields of different types undo recent edits most recent action is undone first print jobs waiting first job added should print first",b39e3b6a3571e2580055b976a36395cce082c4ceaa8dbbf355c34cd9445df940,Pass,PendingIndependentPixelReview,PendingBlindReverseReview,Pending,,
148,explanation-strategy-img-1,explanation-strategy,Raster image,Academic knowledge-point infographic explaining Choose the tool before writing the answer with a structured visual model.,"Review strategy Question signal Evidence Common loss trace / dry run trace table variable values after each step skipping loop iterations design an algorithm pseudocode inputs, process, output writing vague English only",2f3bfa35a311fa76295f83d1f85ad10058821dd6dcf3c64f1037474f604b949b,Pass,PendingIndependentPixelReview,PendingBlindReverseReview,Pending,,
148,explanation-structure-tool-img-1,explanation-structure-tool,Raster image,Academic knowledge-point infographic explaining Choose the structure and explain why with a structured visual model.,Data structure chooser Scenario,ad0a5b5cb127c6304944bf1ab8852af73ad73c7a817faea223925cddbacb3dc6,Pass,PendingIndependentPixelReview,PendingBlindReverseReview,Pending,,
148,explanation-structures-img-1,explanation-structures,Raster image,Academic knowledge-point infographic explaining Choose structures by how the data is used with a structured visual model.,Cambridge arrays have explicitly declared lower and upper bounds. An array may be zero-based or one-based according to its declaration. Label 0 to n-1 as one chosen convention rather than a universal rule.,796dae534c5fe6f5ccbe9b799aaeb80ca061016d97f44974610749ef3e65daf1,Pass,PendingIndependentPixelReview,PendingBlindReverseReview,Pending,,
148,explanation-trace-tool-img-1,explanation-trace-tool,Raster image,Academic knowledge-point infographic explaining Calculate Total for the selected score list with a structured visual model.,Interactive trace tool,47dcf0b95ed88bbfefb8526a9cd055b6c0b812b4dee0a83dbc8a1605548593e5,Pass,PendingIndependentPixelReview,PendingBlindReverseReview,Pending,,
148,overview-div-1,overview,HTML/CSS,Paper 2 review visual,Paper 2 review visual,1788c0f673096d0b8774bf5397322037b27ea03c7ae2b53de984ac5e4488773b,Pass,PendingIndependentSemanticReview,NotApplicable,Pending,,
149,explanation-construct-tool-img-1,explanation-construct-tool,Raster image,Academic knowledge-point infographic explaining Identify the construct from the scenario with a structured visual model.,Interactive construct tool Scenario,211ade54a821869f7e7b490a1b1381e34b532674abee031a5d62761566b1145e,Pass,PendingIndependentPixelReview,PendingBlindReverseReview,Pending,,
149,explanation-constructs-img-1,explanation-constructs,Raster image,Academic knowledge-point infographic explaining Constructs control the order in which statements run with a structured visual model.,Programming constructs Construct Cambridge-style signal Common error Sequence statements run in order one statement after another assuming hidden jumps Selection choose a branch IF / ELSE / CASE missing ELSE or ENDIF,01e0b7979aeea3d8369ef84dda9a1d8b6144f60a2fd04dc549aba18858926133,Pass,PendingIndependentPixelReview,PendingBlindReverseReview,Pending,,
149,explanation-file-tool-img-1,explanation-file-tool,Raster image,"Academic knowledge-point infographic explaining Choose READ, WRITE or APPEND with a structured visual model.",File mode chooser,62048b55464f6f8d32cb035cc9c02f01d74287ff2622f3b4407b8fb98df180bf,Pass,PendingIndependentPixelReview,PendingBlindReverseReview,Pending,,
149,explanation-files-img-1,explanation-files,Raster image,"Academic knowledge-point infographic explaining Open the file in the correct mode, process records, then close it with a structured visual model.","File handling review Read pattern OPENFILE ""Scores.txt"" FOR READ WHILE NOT EOF(""Scores.txt"") READFILE ""Scores.txt"", Line OUTPUT Line ENDWHILE CLOSEFILE ""Scores.txt"" Append pattern OPENFILE ""Scores.txt"" FOR APPEND WRITEFILE ""Scores.txt"", NewScore APPEND preserves existing records. WRITE is usually for creating or replacing file contents.",e1513a4a8eb6a8df2b19f1836120cef1bb384aa219c0f07deef329cd704274ca,Pass,PendingIndependentPixelReview,PendingBlindReverseReview,Pending,,
149,explanation-iteration-img-1,explanation-iteration,Raster image,Academic knowledge-point infographic explaining Choose the loop by what is known before the loop starts with a structured visual model.,"Iteration review Use when number of repetitions is known process 30 scores condition is checked before each repetition read until end of file REPEAT UNTIL body must run at least once keep asking until valid input Boundary warning: if a loop says 1 to 5, there are five iterations. The loop counter is not just decorative furniture.",6424ae71b87ad9561e5c0cf9ff4247e38391d5d14fe953d012270088272f3ae2,Pass,PendingIndependentPixelReview,PendingBlindReverseReview,Pending,,
149,explanation-selection-img-1,explanation-selection,Raster image,"Academic knowledge-point infographic explaining Use IF for decisions, CASE for clean multi-way choices with a structured visual model.",Use IF for a condition or range and close it with ENDIF. Use CASE for discrete MenuChoice values and close it with ENDCASE. OTHERWISE handles a menu choice not listed explicitly.,dcee250a9272906278889ab76ca2a4b73c50e865e57b46c627e677d429c0f371,Pass,PendingIndependentPixelReview,PendingBlindReverseReview,Pending,,
149,explanation-subprograms-img-1,explanation-subprograms,Raster image,Academic knowledge-point infographic explaining Subprograms reduce repetition and make code testable with a structured visual model.,DisplayMessage is a procedure that outputs its parameter and returns no value. IsValidMark is a function that returns a BOOLEAN. Close the function's selection with ENDIF before ENDFUNCTION. Use subprograms to reduce repetition and support separate testing.,852fe2707c12b694c5a77920ac95f78ae31f5a18a61f2d5db7fc306572ba9437,Pass,PendingIndependentPixelReview,PendingBlindReverseReview,Pending,,
149,explanation-validation-img-1,explanation-validation,Raster image,Academic knowledge-point infographic explaining Validation rejects unsuitable input before it damages the logic with a structured visual model.,Validation review Range check value is between limits mark from 0 to 100 inclusive Type check value has expected data type mark must be integer Presence check value is not blank student name required Length check value has correct number of characters,6a5f2d0e5efab8ddbc75c1654c8bf1084aa1572eb11aba7fb6571f2371d4be45,Pass,PendingIndependentPixelReview,PendingBlindReverseReview,Pending,,
149,overview-div-1,overview,HTML/CSS,Programming constructs review visual,Programming constructs review visual,a66aef5f0019f31905f5ab0b80bf419cbf917577006e8f4e7f2e433bf62bfcd5,Pass,PendingIndependentSemanticReview,NotApplicable,Pending,,
150,explanation-constructs-img-1,explanation-constructs,Raster image,Academic knowledge-point infographic explaining Choose the smallest construct that fits the task with a structured visual model.,"Choose a loop from when its stopping condition must be tested, not merely from whether the item count is unknown. Use WHILE NOT EOF for a text file whose record count is unknown because EOF is checked before each read or process step. Use REPEAT ... UNTIL only when the body must execute before the condition is checked.",50e0f3ebdaa668ccba919717840976a43be701d8931e7ce1143d75481e746694,Pass,PendingIndependentPixelReview,PendingBlindReverseReview,Pending,,
150,explanation-method-img-1,explanation-method,Raster image,Academic knowledge-point infographic explaining The four-pass approach with a structured visual model.,"Timed method 1. Decode Underline inputs, outputs, constraints and any required data structure or file. 2. Skeleton Write the outer shape first: initialisation, loop, selection, output. Add conditions, assignments, function calls and file statements. 4. Check Trace one normal and one boundary case; confirm the output happens once in the right place.",ccaabcfe6ede8e4efca72a5fc94bdb989bd3ce91fe794700e4c19473bec0b468,Pass,PendingIndependentPixelReview,PendingBlindReverseReview,Pending,,
150,explanation-quality-img-1,explanation-quality,Raster image,"Academic knowledge-point infographic explaining Before moving on, ask six questions with a structured visual model.","Quality checklist Inputs Where does the data come from: user, array or file? Initialisation Are counters, totals and flags set before use? Loop Does the loop include the correct items and stop safely? Selection Are boundary conditions correct, such as greater than or equal to? Output Is the final result output once, after processing? File handling Are OPENFILE, READFILE or WRITEFILE and CLOSEFILE used correctly?",9d84860a21d6afc256bb47da62ed9473a915d36b0f8d6130106df95ba9873d46,Pass,PendingIndependentPixelReview,PendingBlindReverseReview,Pending,,
150,explanation-skeleton-tool-img-1,explanation-skeleton-tool,Raster image,Academic knowledge-point infographic explaining Build the outer shape before details with a structured visual model.,Skeleton builder,d9734326ec8de3ff3fda4159b183d7983282afce283456b0a7a05788f5d3f884,Pass,PendingIndependentPixelReview,PendingBlindReverseReview,Pending,,
150,explanation-timer-tool-img-1,explanation-timer-tool,Raster image,Academic knowledge-point infographic explaining Choose a mark value and plan the response with a structured visual model.,Interactive timing tool Question size,1c266bc62f413b4b34c80f5b424cef83e03bf2686ae426f9a3e4a1291739a6ba,Pass,PendingIndependentPixelReview,PendingBlindReverseReview,Pending,,
150,explanation-timing-img-1,explanation-timing,Raster image,Academic knowledge-point infographic explaining Spend time according to marks with a structured visual model.,"Use one declared mark-to-time rate consistently across timed pseudocode practice. The example rate is one minute per mark: 2, 3, 5 and 10 marks receive 2, 3, 5 and 10 minutes. The whole question budget includes reading, planning, writing and checking. A proportional model always allocates more time to a higher-mark question.",2dd1ccc31167891ea7ae16a112084ff18ed53aacf3a880b0a4d411c958bde992,Pass,PendingIndependentPixelReview,PendingBlindReverseReview,Pending,,
150,overview-div-1,overview,HTML/CSS,Timed practice visual,Timed practice visual,866f01e391accbf61968179853228e480c66cb05e3d84f0d5344dd8abc6f1615,Pass,PendingIndependentSemanticReview,NotApplicable,Pending,,
151,explanation-correction-img-1,explanation-correction,Raster image,Academic knowledge-point infographic explaining The four-line correction format with a structured visual model.,"Correction workflow 1. Original Copy the sentence or pseudocode line that failed. 2. Mark lost Name the exact mark: missing M1, B1 or A1. Write the general rule that would prevent the error next time. 4. Retest Answer a similar mini-question without looking at the model answer. A good correction is reusable. “I forgot” is honest, but it is not a strategy.",4acd1819ca43c03c9ad4943764cd35255f276cf217b0e0b0b4f907efa1575bc2,Pass,PendingIndependentPixelReview,PendingBlindReverseReview,Pending,,
151,explanation-marking-img-1,explanation-marking,Raster image,Academic knowledge-point infographic explaining Translate feedback into a repeatable checklist with a structured visual model.,"Mark recovery Pseudocode initialise variables, process all items, output after the loop, close files Trace show intermediate values and include boundary conditions Data structures justify with LIFO, FIFO, index access or grouped fields Explanations use point, reason, context and consequence Testing include data, expected result and why the case is useful Evaluation compare evidence with success criteria and make a judgement",1723b2af909cb56bfbe9bcf3ea9044eceedcc521b325ab32bae6e7f393fc7d91,Pass,PendingIndependentPixelReview,PendingBlindReverseReview,Pending,,
151,explanation-sections-img-1,explanation-sections,Raster image,Academic knowledge-point infographic explaining Know which skill the mark scheme is testing with a structured visual model.,Paper 2 section map Core skill Common lost mark Correction target algorithm design and problem-solving missing input/output or loop condition write full algorithm skeleton data types and structures name structure without reason link to access pattern programming and file handling wrong file mode or no CLOSEFILE,e27f192182bda559f59daeb44208bb1aaaaad66c6772b1d3729cc7cfd1dd88e8,Pass,PendingIndependentPixelReview,PendingBlindReverseReview,Pending,,
151,explanation-triage-img-1,explanation-triage,Raster image,Academic knowledge-point infographic explaining Sort errors before trying to fix everything with a structured visual model.,Mock triage Error type Looks like Correction action Fast retest Knowledge wrong term or concept relearn definition and contrast pair two quick retrieval prompts trace skipped or algorithm incomplete write steps as checklist similar short problem,50d64392e0ea3542ba35f0404b0b6237919a94bb700edd609c83b8d33d6c039e,Pass,PendingIndependentPixelReview,PendingBlindReverseReview,Pending,,
151,overview-div-1,overview,HTML/CSS,Correction clinic visual,Correction clinic visual,d1617ef737f73bad1a714b0080642060d434b9818b022c6a1802205cb3643899,Pass,PendingIndependentSemanticReview,NotApplicable,Pending,,
