path,size_bytes,sha256
README.md,9166,e02ceef681e2ac434487559a32b6723019c17d0acc3f216fb8e415208ee1f463
assessments/monthly-assessments.md,24891,fce8ef538fa3b97b65536a320899f305bb689f615103bf75df0ff1962293f8c8
assessments/quizzes.md,58590,927a4e0c340b3e58b1d547f30fbacaf6364e212b87a018ec6bb1d5d386b1a53d
assessments/stage-reviews.md,32868,597792de4a2d0e04c5f2f9312a2bf24c0635f486180b3f1e48f8ad63d75714b5
audits/browser-qa/home-desktop-1440.png,1019541,8751a13190b37170385cd98bffe6b5759417829961f920e940cc908f6cf3a252
audits/browser-qa/lesson-007-mobile-390.png,489085,ee50cdd3046c6b3b43f4f953e0741c6ecf301ea026bc002ea8acc83a9536ef30
audits/cie-language-standard.md,1991,e3b49fcda101ac73c3d527a6875671c5f97b3485975dac4e686983e1a6f86958
audits/cie-wording-review-register.csv,720460,5edcdcd07dbe7338c69cfbcee79b441b9f427dd0084582792b28e2307e3314b8
audits/remediation-v2-audit-integrity-browser-evidence.json,2432,18514fcd79eed76031574a29a2183286453bc344356ab5985ed2eaffc8e66c2f
audits/remediation-v2-audit-integrity-closure.json,6376,a3e6456671b2bd7d4458182f624c25169e13e4d072bb67971973a48e8d715fb2
audits/remediation-v2-audit-integrity-gate-result.json,2400,073786bb0e9545380f60f152f3feb9fdb59368ed0c856b483c4637790fbbe601
audits/remediation-v2-audit-integrity-report.md,3850,2fd57d91cc2290c27214b1de0fbfe2e8509f27f9e61c94690ab8d7437fe53bf5
audits/remediation-v2-current-decision.json,2631,0243da657d2b1182db03e3a94520fd25b14d15a0483cc243976914b1f300a7a7
audits/remediation-v2-defects.json,17539,bc99277da62e04237eae6311bcb9386c89999fae904e0fae58af0928edee0eac
audits/remediation-v2-official-as-source-inventory.json,132229,e61456317e33f52e2911b7253c939e29012e28a6582c1b736926a1b526527d5d
audits/remediation-v2-stage0-baseline.json,2855,e3d3cd907ff03a53e7676104e6a75a8327b9d1a78baee9cb1f9e7cce2bfcd18d
audits/remediation-v2-stage0-manifest.csv,292228,3691a8e141c8974bb6a793c3eddf9b9b18db177e65d4e9e68ef992290d70677c
audits/remediation-v2-stage0-report.md,2395,8970dec9fa2bbc4574f97090707e75a01740e49ba0ab183cc892d9d1e0673c78
audits/remediation-v2-stage1-closure.json,2504,9f75cdff92977c702c8fd3144d6a32d896839c82271182c68ba7e2df1dccd311
audits/remediation-v2-stage1-gate-result.json,2250,caa09ae37e86d4a273da809f312dee766d7b0eb76c1224c74996a6d29e57e10d
audits/remediation-v2-stage1-report.md,4484,160ac1fe7f74bd94ce9cfa36cfd5e6f41f358c4e01681619bbe54bd11123a356
audits/remediation-v2-stage2-closure.json,3617,0c7e4df0cf747545b4e5b5116c4f05dc5e279a17f6234332ae7c7fb1e8c3fb5b
audits/remediation-v2-stage2-gate-result.json,2101,6f2ebcb1dcd9ee4f873257ae7998c4a8fd4e7d986f092e0dca8cbc967e477008
audits/remediation-v2-stage2-report.md,5719,783c3e80288b429dcdf6266c40cfc6089e68128e077c7d6f76ecaeea37dba77a
audits/remediation-v2-stage3-closure.json,4205,9f543932c4bc0afba053fa89efcd346a5ef21c5d94d9bcee9b3e6cec9bd38135
audits/remediation-v2-stage3-gate-result.json,1639,70276723600a9f526dc02e5a6a3a71ae3fb506a4daeeede820dc91add4bb52ac
audits/remediation-v2-stage3-question-sequence.json,423360,ecd42c8068168b3ea04761fe19694268f38b970226d16931003e1b59258b504f
audits/remediation-v2-stage3-report.md,5756,760da0baaaa3cf1a0fc4e211eaa6ae425c97b1aade7007a106eb7802bdc36e81
audits/remediation-v2-stage4-closure.json,7080,3d6a18e5c0b09ab575ac5945835a74fab072bdfba29ffd9d9325ef815afbfe82
audits/remediation-v2-stage4-gate-result.json,1569,bb705f575d5856499e6013a5e489cc1a5f49afcf40c6a245fd4271b45f002719
audits/remediation-v2-stage4-question-review.json,2674312,0f79377dc1c790576d8541865c7940ba796513f3a6a6f1c90db0fdba58d37d77
audits/remediation-v2-stage4-report.md,7621,0c0a2d4d91f55d839b7b8e7af3a27a7a2918f5c463aa06e468cfad349cb7c418
audits/remediation-v2-stage5-browser-evidence.json,1884,6597932200ed470e7db0f3201fbe0d2804c8eae0c9eeabbbee0fea3df38a946e
audits/remediation-v2-stage5-closure.json,7176,fceb394a426064d6829d11f685266dc23a86a11b9f78aef84d601bc28b7c715b
audits/remediation-v2-stage5-gate-result.json,1851,c3ec4af2c754aec21fb2001cac7113f0cddcd1d29c749b4c150c7106c37ff015
audits/remediation-v2-stage5-question-review.json,57869,fd0f92b2ca08dae715bc3d7a673d13b3f5be21252b19e80f4d46cb2d5a3475c3
audits/remediation-v2-stage5-report.md,5433,0a99c4c1564481a85ad2a095390df2701d44ac342d9d763c350fe6e300410acf
audits/remediation-v2-stage5-visual-review.json,5547,384d058db9ad841cc7174fe71f8ab3ee72560765de70adfd2d67b4341bbdb492
audits/remediation-v2-stage6-browser-evidence.json,494938,8e5031211c6fe837cda73271aeb82075c4c32e9a2a7432798cbe17f1ccd7aa4f
audits/remediation-v2-stage6-closure.json,7144,190c267787f6632a6c16e6da97701a312614c45080a7459addebf2f20740bfc4
audits/remediation-v2-stage6-gate-result.json,2012,bb3fb7b12c094702de24b0a56149243c86ebfaa01a33db90beccbf2a3be9b0f2
audits/remediation-v2-stage6-image-review.json,1511870,27c7d20dc65f5ea927a91b5c7b3b3a103104d20080ca2085ec481808617cd0f4
audits/remediation-v2-stage6-report.md,4125,75c198056f64d0bfa6a11cec03c6384bfce20e4742f6b88e4f4d1a80f88e0115
audits/remediation-v2-stage6-visual-object-review.json,1289375,07457dc064fd3dac7924944d0a422f0afe4a5114954dbd0c73b2ef303347c66c
audits/remediation-v2-stage7-browser-evidence.json,268149,35cf460f8514f6faf2aa78c2af00bacebe78cc74f8aa1e508b5d0d9c86d3b7ac
audits/remediation-v2-stage7-closure.json,5067,797d94a77510f8b3d7c4698c0defdce7ff105f3c02cd90e76436f54ea412410c
audits/remediation-v2-stage7-gate-result.json,1129,1538ab94eeb215921e746087a6eea97446a46fe99ec983e16df9ab904d0e306c
audits/remediation-v2-stage7-independent-review.json,14015,8725595b798bda83c003c4556d68d16a68805a624f19706629db960d04df13c9
audits/remediation-v2-stage7-report.md,1573,ebee1f3191c3e7551ebc072c13e799caa2064c97d22ddca0c6d5aa335513eeb1
audits/remediation-v2-stage7-reproducibility.json,9300,d6c7e48d2a2a506f4cf83397b5791c8ab9ec92c0ec194629cc3e76e7f6b19653
audits/repair-batch-10-section5-system-software.json,3054,a35f1eb60eedf8e5898d7c22f1c0315b216aab14738738e63a17354ddc656ca1
audits/repair-batch-11-section6-security-data-integrity.json,4149,2549a608f15457638aec8cfe75d73f9fb6dbccdf37cb848a911128985bd99a42
audits/repair-batch-12-section7-ethics-ownership.json,2956,e7af22300422d7d1d00da79e27187e990a4288f066e545e0b3e598055f7f4865
audits/repair-batch-13-section8-databases.json,5119,89763aae1c99e4f124702f74441796b243fc967d58a1e653b511aea8de33a653
audits/repair-batch-14-section9-algorithm-design.json,4349,4b456febfd069f653c4522ad4c935d42070232382c8b8af2c229fbc274e09533
audits/repair-batch-15-section10-data-structures.json,4629,c3f7e171dadd9b584eda78d407d41dce5452f21baa58155cd6750e20b2b9ebca
audits/repair-batch-16-section11-programming.json,4230,ff00708cbbb9e33c9d85971c7b5714c642f4c383cdc99f32b1611b7f7ee8feff
audits/repair-batch-17-section12-software-development.json,4023,720c38bdeff090afe0687db3e57c9432e0333bcfeedf9072d211bdfbfe7aeda9
audits/repair-batch-18-scientific-closure.json,1274,360734470d821bd0f57fdc8e83db83ab6a85bf420d6c654933c0113d7df9c855
audits/repair-batch-2-technical-visuals.json,1898,2b8f660a0ba0432072966511b6e4fb16d608465313fe1178972b2f534fb34239
audits/repair-batch-3-curriculum-sequence.json,2063,b47072315981186bc7f66359921f2bedcdcaac5ba01c9ba47b4fc2a19d0f58fe
audits/repair-batch-4-core-completeness.json,3374,eadbdd1ea493e4b1576e183eac73b7a47125321bed7df14f6c89bd008a1ef181
audits/repair-batch-5-reviewed-coverage.json,3460,a2efec438529d53bf8af24bf564c1a52d1f4404a5e78776e1f785896914c3815
audits/repair-batch-6-section1-foundations.json,2832,fad0a7e1cdd7a412ccd546e2d46d1f68818461dd3ec12c74b9a5f9ffbb2e88d3
audits/repair-batch-7-section2-communication.json,4312,7e95d3588b0a6ca37d98180bc9a76a2cca618c7f532f8633445ce2e5bbd6396f
audits/repair-batch-8-section3-hardware.json,3085,ffea8736ef59541e5c7d0bf1478c3327b2e109edc7a7831a848038fbd3020c6f
audits/repair-batch-9-section4-processor.json,4320,ec8606fa3a4d31cd8a027aca0890d2e6eae86131f4186dad257fc732a723b71b
audits/scientific-assessment-matrix.csv,192636,033012f9db312bdef51074e7966e4bbb75840d056f8510df0384f0611ea4dae5
audits/scientific-audit-baseline.json,3498,82f5b90b11986aa86209fb0ee66a609bb503c3ff5348cfdbd03e9373551ea2f4
audits/scientific-audit-report.md,6951,414f657edb11c8ee255b8c3d5848dc92af98a2dd369a29d017861d972fed5b47
audits/scientific-browser-qa.csv,39121,cf376fe04bae24f79c3c1a9aa52241378ae7d132d7e0aab9b188ba3ac68afaae
audits/scientific-defects.json,30229,215b39d078ae34f5d4398a20bfaef88700e7c392dfed5a13e0faa92dbd90cb2e
audits/scientific-final-assessment-matrix.csv,210375,77df411455af8786ef1a1a8a676f445fdd0354e0ca3dc7f529f46fd25d799a79
audits/scientific-final-audit-report.md,1786,4f190c50f3b74bfa28f191f4c1b61b29b61ea8f44a64cdab2e1812521e0909e4
audits/scientific-final-browser-qa.csv,14583,0ca0c7159fe5f6e9c7e15336915e803f9db0e7bd13e9abf82654dc9d92314cc4
audits/scientific-final-defects.json,38732,f4a5bf4509ce0005a97ef3e0d2acb1bc53831f355dac6428777a2a2ee57e547f
audits/scientific-final-lesson-review.csv,40096,987d6d6e7961af863d8a52260c31b8a54c57b889a0cc27c246278b353809f211
audits/scientific-final-syllabus-matrix.csv,9441,9dcd50eb5c61233850be557f995f1dcf1ca2793c79e0c7b48517b581b16d141b
audits/scientific-final-visual-review.csv,173559,61f4ddbdbfdf8f3ed89babd03101427823812f642488b0d42998204dc9352a26
audits/scientific-lesson-review.csv,29178,613086917f34ff72a4fce19084972f16759eef7b8a1a2be201dce25c08efbe89
audits/scientific-prerequisite-graph.json,21216,e7b6fe9292c7f85d2e41853a2ab3949c76e1c52d05d941b179f067e9f930dac5
audits/scientific-repair-plan.md,3855,f9827be0573c47e1b4fcbd466065b34a281f58e63379070a7cb94f5ce5f023b5
audits/scientific-stage10-ocr-summary.json,744,ae16a2c9ca970d2d2c04407795d3953756a83df7885e8aa6bb463807969a48b5
audits/scientific-syllabus-matrix.csv,50706,023470e338c945c13171daf5f1a1e41908900f68d439b2588072ecf56d6394a0
audits/scientific-visual-review.csv,536569,e3520efbcec001213b28a3b908f63e9b853191d269e1fa8eea9f1022e64a2204
audits/stage10-concept-explanation-report.md,1223,c9149f9a2362a42225f734f5b1aa28c5b43696471e9ee3c3176e713a787199cd
audits/stage10-concept-visual-register.csv,527204,4a2499988b4f3f3b4494cefc14b5f49b70da466595444251b6c81706f84af2a8
audits/stage10-explanation-target-register.csv,217739,28338d8fd746864e1a35092f6ba1cd85af490c07f4aa9a8f9a01a2649533a6e1
audits/stage10-imagegen-assets.md,101004,6c37c9d227fd725b907bcf05cbb6e7c6499ba845b1a77bfc2aceda2c67ffcb2f
audits/stage10-ocr-wording.csv,846303,9f2f19e5003330e64ee0efdf5934e940e4ebf6e2434c77ac011fd4536b451d84
audits/stage10-semantic-defects.csv,96905,7af9aa54bdb74972c071b9344365b045c84368d9a38eac7581e128ae4173b9dd
audits/stage10-semantic-review-register.csv,323296,6aa1397ca4f80b9d1685905f5cba7d7e022823980886082f8f6eb790913b0945
audits/stage10-semantic-review-report.md,69083,3d90165ea5e9900a5afb57b21413a429134666123a6a820dadd8e8cfe4fcb4f5
audits/stage5-ms-review-history.csv,55343,388f0ad5b226e46af128bc1b30655e868c1c4043d5952fb09c8af5619475a3ba
audits/stage5-ms-review-register.csv,99744,15f640738c744a6ffd3c9e21c49512c50ab5234bfe146046764681b6e0389dfe
audits/stage5-ms-review-report.md,2756,5caf8ea51808f52a689ac114370532059d57c41eebae1f4c89c56e209e11910c
audits/stage6-page-review-register.csv,49684,7c895b53df0ffe049aaab9c83003e9df50277bfe1381d0ef1244e721f7e3f33f
audits/stage6-visual-qa-report.md,6082,f07e1185246911ce1adca7842d33f492973264559c12fe98d0cd053ce92b635f
audits/stage7-accessibility-register.csv,34360,60521da967fd38501f77bb4360a76857a90e5f6c3e8c5c83af279c614752cb05
audits/stage7-accessibility-report.md,513,e14404c6186a6f352b50521ab0517fee771666d2d335b764eb75e71314ba7ad5
audits/stage8-release-report.md,3163,0aea8b2e289d3c1df2e6a924ffb508fbb4c8d335909a2a52736eea7b9e034019
audits/stage9-classroom-delivery-register.csv,581330,29b0903f4c3f9ca359978fe000d16e363e11a411b53e0940d243633ed18fb8ad
audits/stage9-classroom-report.md,3481,75c13b66fd36c54d49386c852a2e280db6347d493a07fb7b80b9520ce2baea4e
audits/student-visual-explanation-register.csv,4070,4d3d4aeceffd0d35a05d72f56390183f1ffe986b8b331b9dfc1b4fe0873f43ac
audits/syllabus-gate-remediation.json,1326,5f4994443c1ff0c659343d3a6cb7c2ff77b9b9714c7e7f97c2dea56c5aeb76ac
audits/syllabus-gate-remediation.md,1175,493b22e729cdc4906eb099891e104f06def69290e23f179a37fb42213ae7a0c7
audits/syllabus-prerequisite-graph.json,86286,e3750b04fbaac7c7ed470f1a923c858c6b382e6bab7e04d04ef297cb30894ff3
audits/visual-semantic-remediation-register.json,190116,a375387fecc8c54e33c646bb08a56c657b698044e3175a6ace114ab77a9c2760
audits/visual-semantic-review-ledger.json,1717528,9425c2697592864eccb450440cc2d965a99b4c40a6709fb3615bedb58bb512e4
course-map.md,4527,b54d7fc2c6b8008e748fe42a6f325b95dc2334ecb91cc3650c577a9396f29df6
lessons/001-bits-bytes-nibbles-and-storage-units.md,6556,2d376fb346809a33b0177f0ef74a825b1e834f725d561c6a51df085e1ce2da8f
lessons/002-binary-place-value-and-denary-conversion.md,7601,5d67f3215c66d6883b25dd7f42e886bb1ad8dc748c8f451c776aae7e0e28a27c
lessons/003-hexadecimal-notation-and-binary-grouping.md,7037,361f953454dccad9ca28723e250428344a15eeba97d4eda56a2de7d9a02518e7
lessons/004-binary-addition-carries-and-overflow.md,8048,136339e2cc926046f86f9e5fa803fe760ba6c4e09a44ba27d911a283439ddd01
lessons/005-signed-binary-sign-and-magnitude-and-twos-complement.md,8091,b433b5f943148bb221006deaa6a492a713cb153eed39b3186c3c21e0c6301331
lessons/006-binary-fractions-and-precision-limits.md,8151,04ea9eed03fc46a8d09b48bfec340c371c65ec5647767d66249b6e70cb256deb
lessons/007-character-sets-ascii-unicode-and-why-emojis-are-not-magic.md,9032,77dcd438fbefb01297f96d5eeb6344f0425e850a2b6375d937834b89028f442a
lessons/008-bitmap-images-pixels-resolution-and-colour-depth.md,8249,ca6442aff16b7ca29de45f7423d2c2e45b49dcb0d93c58a7379d567d09afda1f
lessons/009-image-file-size-calculations-and-metadata.md,7896,c95af364e7fc1bd22200ad6bf24d59fa7576629e947660f2020551eb8cc0994a
lessons/010-digital-sound-sampling-rate-sample-resolution-and-duration.md,9457,b0f3420ce11582eb5b2b45110833f964873c366040d5f2da4458efaa5431ec57
lessons/011-sound-file-size-calculations.md,6074,729e3ebf232bdd14b16373c178b8ebad0e39e8d45b47d8beb0db0591467c6b17
lessons/012-compression-lossless-vs-lossy.md,9816,6dc377c6bf8f1ee5fb6aa2d3991a8bf2e428e61848de3665dc05ba34418604d9
lessons/013-run-length-encoding-and-dictionary-style-compression.md,5421,d455d6f8a500bee08004a8331b80b04076c6169d326758056cd395834d16fff6
lessons/014-choosing-data-representation-for-a-real-system.md,5556,f18c88c644552895195bf9dac9d014e273d199c92ed116a30cd84349f88a4b49
lessons/015-section-1-review-representation-calculations-under-exam-timing.md,5953,aa173eec7102b7974b7f536f4d751c1b65d6ec3b8143473c940dcfd7fc98e0c8
lessons/016-network-purposes-lan-wan-and-network-topologies.md,13003,610ba52581e78375c37d6af038ef1c1238c77620fb0ee98bba22675594c6e1da
lessons/017-client-server-and-peer-to-peer-models.md,9181,53febd9da0ee473bd92cddd931af37416cf135f26cc84b1c390d6b9ea9aaa3e4
lessons/018-packet-switching-routing-and-packet-structure.md,10160,d90de353becb4a1e6be6d7d1832772f9abeaae02f94a66a78b56e159b2893fa1
lessons/019-protocols-and-layered-communication.md,11389,1ee358e33e3e5c32cf310aa785161260b406165930afab4277bf8dce1e460e7c
lessons/020-ip-addresses-mac-addresses-dns-and-urls.md,17228,de84dab1206ea03f9c0da54f695e4372036322ff808717561dc76bc929eff2a1
lessons/021-http-https-ftp-smtp-pop3-and-imap-in-context.md,5990,b32f0a82fe4c76e4d98ee6244b0df82f9682ed598504515da4dc161b0aa159ec
lessons/022-wired-and-wireless-transmission-media.md,7231,98a764aa9fe948b9bd1df2171ac0a0da9d6e54298ed88875a749dde0c7c43389
lessons/023-network-hardware-switches-routers-access-points-and-gateways.md,7733,3c05d0b1e60f9213558201470f025198a17b1db9406b56725d63de8e19a19635
lessons/024-internet-intranet-extranet-and-cloud-services.md,7145,77b2ad0b00801ec48c2891d5e5aacdce1a9380b1143fb7f761299b27d919f764
lessons/025-network-performance-latency-bandwidth-and-congestion.md,6405,e259beeb70dd3d8ca72cbe53fe9700c8d91bf5bf494bc9462c4615a9596f57ea
lessons/026-section-2-review-explaining-communication-with-precision.md,5005,de0dbab2a4a96bfd84f04fbc4718e237d120875128c2eb405e0cad3a83880ae0
lessons/027-computer-system-overview-input-output-storage-processor-and-memory.md,8654,72db0c5f19e90b4718346a7c188e190436682542633e7cdd9a90dae17b2dd102
lessons/028-input-devices-and-data-capture.md,8720,ab3c8610b6305f351b272d8cf1db82a52b73a852f04c6223a8a93d159c174a20
lessons/029-output-devices-and-user-feedback.md,7817,77114be1f600b76b858272bd58e0786bdac6295b75109238c86fc590c65033c7
lessons/030-primary-storage-ram-rom-cache-and-virtual-memory.md,12676,2fc524e470dfebb4d483976b78839328f0423b827dad50b26fa522096219c261
lessons/031-secondary-storage-magnetic-optical-and-solid-state-media.md,10512,0d64c0e8e56085849efc39eb730db787d6293bb23400049b9b62798eec201fd3
lessons/032-storage-characteristics-capacity-speed-durability-portability-and-cost.md,9748,f7604117645cd91451f920ea976d6b0bd1f24b8b51537b29edae04a1e434c1ea
lessons/033-embedded-systems-and-microcontrollers.md,5288,db5dfbccbd3c0bc6fa617fd72c59181644d386146e0d706ca3b92d3c3ab194e9
lessons/034-sensors-actuators-and-control-systems.md,5451,0f48d3727fc758fbc3e48484fa058ab3bb85c37426ac6d17d5e88f2dd7e18dd3
lessons/035-logic-gates-not-and-or-nand-nor-xor.md,5158,873aa0cde41ea9820c617f2859ab758a1156a57befb88e8734516b677efe3c5b
lessons/036-truth-tables-and-boolean-expressions.md,5470,c16fd28aca8c3ea01e22cbe02716c593c7d4114a0d0f45a1410716c4e46f4048
lessons/037-building-logic-circuits-from-requirements.md,5606,e75bef4cde97279fe9e7cd165192c65f3fecea4f7d57848cbb8ad4d4939897de
lessons/038-hardware-selection-for-different-users.md,5732,89a6efaadc26ad5811d0a88a664d64e924de695d1ab0396205e49c9a56ecea9c
lessons/039-environmental-and-reliability-considerations-in-hardware.md,5784,ee9813bf62e464a81f390314cde09714168fd9295115557f272d017f9ce3886d
lessons/040-section-3-review-compare-justify-calculate.md,5623,beeaf9b1ad63acc0810c98ceef9b47b861aed57bd8b606a89d2f1c25218a5768
lessons/041-cpu-architecture-alu-cu-registers-buses-and-clock.md,12387,89071999c47b95b21b61895b3eedd94f404075f627afd967768ff51312b4efe4
lessons/042-the-fetch-decode-execute-cycle.md,13079,e6d3ef4bb8f5fa52849d1fd806759e576ca311b8816d4c67fb616a10c8885438
lessons/043-registers-pc-cir-mar-mdr-acc-and-status-register.md,9754,a96c434815c558f22d66e0289ce27e87b11b03be9722a85327c4d708d37b2eb4
lessons/044-system-buses-address-data-and-control.md,9946,040eff3136d05474c53a39ee4681e49963ec61d24afeddfac2f92adf57d2ddd2
lessons/045-instruction-sets-and-machine-code.md,9764,f342d4598f66dc18d85e62813be05d6b7504e9a78308e2bb919672fe010d367a
lessons/046-assembly-language-basics-and-mnemonics.md,11664,4eba3a453b831ce5e50a5be4ac7530f3566c494dd538fce362463ee69ab56884
lessons/047-addressing-modes-and-operand-interpretation.md,9597,6a16fb6bbb87edf4de449224b44e84338e10c7f2347bb823ec0304f94417f17c
lessons/048-interrupts-and-interrupt-service-routines.md,9904,1ed66838245ea871e2e3082e2f91b820092fd2a7e76cf3b3458869ffac9376fb
lessons/049-performance-factors-cores-cache-clock-speed-and-word-length.md,10477,f361c05f0fed10b6b1810826064653d55e9c1eb5b5735d058e015c930eab2490
lessons/050-pipelining-and-why-faster-is-not-always-simpler.md,7502,6370123d0789578a3d5f9e7407905169087b3c732ef5863135071f33b22e1f87
lessons/051-section-4-review-tracing-processor-behaviour.md,7036,86a5fbe0317f6a207170313fc56130ed18c4655d9b008be4d28fbc03a6d4869d
lessons/052-system-software-overview-operating-systems-utility-software-and-transl.md,11130,1dce97a9878b752fff776ab21f0e2ebe3be0602087022e1d5ed208582c6ee149
lessons/053-operating-system-roles-process-memory-file-and-device-management.md,10063,5727b5530787fece7831ef81a8fd0ab25bd686342f31481b5bd2427df36e873a
lessons/054-user-interfaces-command-line-graphical-menu-driven-and-natural-languag.md,11513,87be7bbf2bc885a8875a5cb6529259154bd01641f789ba471320d4f1e4a7613a
lessons/055-utility-software-backup-compression-encryption-defragmentation-and-ant.md,12421,09ae918cbdd061f39c25f8e3370b6e1e73a85a973efd53887eb56b4f9fdb7464
lessons/056-compilers-interpreters-and-assemblers.md,10827,3ee0069a1e5d4be082670f60f66c538378051b9b77ce8e71a9067dd27d71aefe
lessons/057-compilation-stages-lexical-analysis-to-object-code.md,7472,79ed58a9a2f13c8fc2cd65e99284cd4084cb85a09ca158ddfd4c409ed6fe1eaf
lessons/058-linkers-loaders-and-libraries.md,7416,b0fd184e978e70cfda696fc093b3942edf03877e524271a9467a534d45f29842
lessons/059-error-types-syntax-logic-runtime-and-translation-diagnostics.md,7701,00b01c28683fc15fd8ac8854181fe7d14c6ccf3223b94325746385371aafa72a
lessons/060-choosing-translation-approaches-for-development-and-deployment.md,7988,51eb2c8cd826e617d546e07857e2620ffa62511e9c280c3f28832bb834392587
lessons/061-section-5-review-precise-software-comparisons.md,5761,aebffc95bf3b404e5a9829152b4c725933ecf9530900bc3cd885e7b47a77a92a
lessons/062-security-goals-confidentiality-integrity-availability-and-authenticity.md,10297,fa8aec79b37ba45ccb9c0d2d8db81b0aa998869b7f56500e409bab0398ba144a
lessons/063-malware-types-and-social-engineering.md,11849,f9dd46ab4a37171b5a2c976afcfb65defd5c79da5695b98250457d4f8a13b07f
lessons/064-hacking-phishing-pharming-and-denial-of-service-attacks.md,12129,232eee9e66eb0b9fb2ed0df4fb6b5205628e7fae7383347841fd95b73b41919d
lessons/065-authentication-passwords-biometrics-tokens-and-multi-factor-authentica.md,12316,9f9d560e86e5955669830760407c11ace06a336fdf493b34773cd3ca4e586160
lessons/066-access-rights-permissions-and-least-privilege.md,11236,991e094f1dc31b08e2de1278555347b5413fed3fdda84a7ded048a743e737dc9
lessons/067-encryption-hashing-and-digital-certificates.md,10945,b7e727b1dab94b2cb7e252d3c511fbb7ed026d33016e91aa0edf1ca329e7b59d
lessons/068-firewalls-proxies-and-network-monitoring.md,10956,28b2f4df59d320c92a6b6222d2fcde600e1523576ca47f84f775bda8705397cc
lessons/069-data-validation-and-verification.md,12679,c9233925b1c9af27b5166fe806d0092c0b9faa3a27055f7d6599ae3ede7579fa
lessons/070-backup-strategies-disaster-recovery-and-audit-trails.md,7966,b323c11198d7571fff2c4b75bcaf231cbd19b6a5155e0e94f9611800c1566d82
lessons/071-section-6-review-matching-risks-to-controls.md,7115,68a7f61e6d4cb2565c4487a33f7812099e880e53bdad4bc90f6204353952268f
lessons/072-ethical-issues-in-computer-science-decisions.md,11045,21a39335c31b54f4d58010e38354319885709a76eb9714929c5c32cd86fe05fd
lessons/073-privacy-surveillance-and-data-protection.md,7784,ed8c4ea413542f6a9c23c27e4674f5fb2a43a6ba7d4050f3edff4c87e886c876
lessons/074-intellectual-property-copyright-patents-and-licensing.md,12299,79acd7ef7020d1600db8437cb2e9a38ded6e7099602380e1e7f5846c08b2a24a
lessons/075-open-source-proprietary-software-and-ownership-trade-offs.md,9880,2f300dd3c42453fefffab7311406a646acb633c3d335c564709e529f43f5ecab
lessons/076-environmental-and-social-impacts-of-computing.md,9829,a356248fcb74207911ed6616298db5fe7b4fe7fe4c9192d2c531afc0ca720752
lessons/077-section-7-review-balanced-evaluation-answers.md,10791,d81066f4e6674b20d4edc7005d2aace00bb99f2897804c2060598b9646bd119b
lessons/078-data-information-databases-and-dbms-roles.md,10101,1d87972ab2849cfac2a4f8fe1b4bdbb7dc06566fc466b6751ff307e38a1464df
lessons/079-flat-file-databases-vs-relational-databases.md,13022,b6bdb71923018a7cd45c4d1fb28bbb1660cca371fad4a26d2a4e734a56d307f1
lessons/080-tables-records-fields-data-types-and-constraints.md,16276,aafdcf651223dfc6d3f8f114810d6c64569b164c7412f1b7dd7b206a4eaf507a
lessons/081-primary-keys-foreign-keys-and-relationships.md,6623,08b1c2197451c4a472459385417eed930189d1a1ceb001737e1f2082a8774599
lessons/082-entity-relationship-modelling.md,7005,fdec7692a8a25a0fe874da44d975b296fdccae232e3b5730c0eb1a6e64209a27
lessons/083-normalisation-avoiding-duplication-and-update-problems.md,8167,fb88643c0131f8dd807310ca85f58e30251ee34c5c93a9821a65725148411d91
lessons/084-sql-select-from-where.md,7704,c2ba4f70f46d097d43e90da7e8cc79ca0316da5d0b055f526a0618c775ffa5f1
lessons/085-sql-order-by-aggregate-functions-and-group-by.md,9080,905c2a647cf94e5f9a8285df4a307c7efa728e767df98d6a6990e91f37db2304
lessons/086-sql-joins-using-related-tables.md,4982,86f44d71a5792357ef1e8f9053e79a86f9095f4e1f40af69884fb65deddc4945
lessons/087-sql-insert-update-and-delete.md,7081,1a15787626806d8339145c01f667defee6061ce86dac48d21837c65948055149
lessons/088-validation-verification-security-and-backup-in-databases.md,6317,336619f68e1983168e8bb6d3d8a2043410ae9b73d2b7d4b1907f516d5e5ec026
lessons/089-section-8-review-designing-and-querying-relational-data.md,9861,e3ad95433587a0ad6c0a76e45b53ad04d0815f929361ee2c426d6b264bc372df
lessons/090-paper-1-review-representation-and-communication.md,6077,efc9b56e1771aebdb15eeb1cfb53f8c23d1110c2a3324b7df5948ede4936a47f
lessons/091-paper-1-review-hardware-and-processor-fundamentals.md,5647,4b5ecabaef4d11621a98a2b8fbe1f5ea5340bd350b07eeeb2107912e3dfca9fd
lessons/092-paper-1-review-system-software-and-security.md,6260,2f300c943ed1f19477f5385bd954994121cb404e1111664024bc07da28dcd97b
lessons/093-paper-1-review-ethics-and-databases.md,6534,008c976db1139e71710806ce5a399ee69ea273d7d3143e12783396e749081aa0
lessons/094-paper-1-mixed-question-strategy.md,6741,0e33cd046372722d77eecdeee2ecdc9da7f92ff1814d99fd8f4a2513a7e1ba1e
lessons/095-paper-1-timed-short-answer-practice.md,6985,12805d88143d71279b875c9306f4b2e9882594dde26175405d4b26c642890c65
lessons/096-paper-1-extended-response-practice.md,6629,2e9ec77ef496587073b819f419e8c73f08f302528d4e00f13ffbeda6051ba0af
lessons/097-paper-1-mock-review-and-correction-clinic.md,7315,928f4cb3d4f7d517fd958729aed5578e18bd96b345af43ab0a7e3dd757bc23f0
lessons/098-algorithmic-thinking-inputs-outputs-and-constraints.md,7792,fc921a9f6b00c271a1434e3452a7cb7e2ac5f78d7d5f78fff0770d1ea69f1d8b
lessons/099-decomposition-and-abstraction.md,10117,a9799a351466220a1633fbf5bc729ec0b4094b4e73d7d8dc4bb6539832242d48
lessons/100-sequence-selection-and-iteration-in-algorithms.md,8756,a364bfd424a329ff7730738c5869ba807bcebaaf90ca13d092dcfa6bb9ab5977
lessons/101-flowcharts-and-pseudocode-notation.md,8635,c1e4d1db0b45c5c137a3dbc8a1e5f9566a78e3acb8b0a41c94daba8f42750689
lessons/102-trace-tables-and-dry-runs.md,10212,a2d5326e118cc796de744c8f7d7fd28a34e6326c12ae0a033dd88d05072127c2
lessons/103-validation-algorithms-and-defensive-input-handling.md,9400,9a11b7c2bf542dceba72a40d04852808eb0de114a0ad09bf4fa9305005179deb
lessons/104-linear-search-and-binary-search.md,6724,ed2f82ebe9b7d6a00fca5e9cbcc282185a47cf068f2c6fe5db2bd4559f9d9433
lessons/105-bubble-sort-and-insertion-sort.md,6433,c609dfc7ee8063b3003cb80f4afe81e19750a92e0642481b41d9c32ec8af6a73
lessons/106-finding-maximum-minimum-count-and-total.md,7481,8d9c5a3ddf351e281a446ff5b60be803e5b66288fde11228742a9d8bf7e012d7
lessons/107-string-processing-algorithms.md,7139,5735fc9754093d55e82e212a3656d79711bad741c514008588d1b4841b64e87b
lessons/108-nested-loops-and-table-style-problems.md,6922,cd423f7ed954d5c1161d2f9065ddcf317f7c1638785223a57408a436e02a0857
lessons/109-algorithm-efficiency-at-as-level.md,7197,2371a15848d7d076aed5f54867c17f38c79707177c2dd1da9da97cd3706c331c
lessons/110-cambridge-pseudocode-conventions-and-exam-readability.md,6964,7fbc3a845b9e763ee813f8eb04db5d0662dd92a61e2921b340d19e9d0831ff62
lessons/111-designing-algorithms-from-word-problems.md,5806,e7a504e581975a257f6b87e8ad13d29bfe6bff45031ab23af9fd62dd9f61dc1f
lessons/112-section-9-review-from-scenario-to-pseudocode.md,9913,ae344ef4d4cea606383e0ae3a648cbb6de8ff9e527a99c1c2d65e7d4acc2875c
lessons/113-data-types-integer-real-boolean-char-string-date-and-user-defined-type.md,9964,f85ae0a17f120dea18c891cfaac41185e388a56462c30327dd827867ffea57e1
lessons/114-constants-variables-and-assignment.md,8834,4dbfa11e3bc8ce43ead7b415266de31e289397018909aa60e8e3b0064ac400b0
lessons/115-one-dimensional-arrays.md,9848,ffb91155516a89f7d009fea773ec7431c704b9f236ad4c2dcebd9017625e0cca
lessons/116-two-dimensional-arrays.md,9489,7364ac5252238aa962468e816c2d92114c0ed230c1598d85b15b0b20fb97449c
lessons/117-array-algorithms-traversal-update-search-and-count.md,10753,0128784749633473eb58cf4f3f2beb14a273aafd08589ee578d81c81bc4541de
lessons/118-records-and-composite-data.md,10310,cc8bd87805a92148f599f1b21ffe8ce48379326f47f35d7b3103d53f22670130
lessons/119-arrays-of-records.md,9845,ba3d0d2b4461a169b1770e8ce803c2388f22fac65d4a3571fd27f9399b6a5974
lessons/120-text-files-reading-writing-and-appending.md,14957,9d3f0e89c23d80cab6aac3c58e23e0b467c5339c1ae23f3fbe57097de74ddcb9
lessons/121-csv-style-structured-text-files.md,10247,89d6cde21b240fecf9b5f7659e8d882c5db956900080897b8b195d25889ff39b
lessons/122-stacks-and-queues-as-abstract-data-types.md,5772,dcdcc4be303e8c80ce91f75680088fc94e0512d68d294c0633406cd9a47b7fd5
lessons/123-choosing-appropriate-data-structures.md,7924,b8b60b242a8d84e5d3e3e3bb79c35f38ae1047cc9193e055d47342c26c0a4e4f
lessons/124-pseudocode-data-declarations-vs-java-declarations.md,7459,48fb636db423e774cd0477b8a8c0f26c9a99fd30b8775cb40a5362f06c77195f
lessons/125-section-10-review-data-modelling-in-algorithms.md,7334,7d1ebd7aeb4c45ed44cdbd77719769e1c07bf0bee988508eaacc021aca0d4f3d
lessons/126-programming-constructs-sequence-selection-and-iteration.md,9610,3d33dbe64dd24424bce5cb8f9b0b7262054d11fed8d9298fadb02e1fa20df8e0
lessons/127-if-case-and-nested-selection.md,9405,b14a36a0790e3f6d74d9c573fc333c443f334647d79793dc742f79ea6a2c1fc7
lessons/128-count-controlled-loops.md,8690,cbf92c12f40d97e74ea4d02d44358f6212140310c5dc0df3adb186f31dfa0bda
lessons/129-condition-controlled-loops.md,14056,57eb7786a9f4515eef84978ff8a0d7fcea24b9666f7edfdd3fc8b305098f9850
lessons/130-procedures-and-functions.md,12105,5920b73a0fa4639a095e1bb52fe72efc6bab87bf1c8341fac0443a534ef97310
lessons/131-parameters-by-value-and-by-reference-in-pseudocode.md,7157,ba175d9186b7db21d22597a840dac05d8fd9480e76cf878bd489f69f81d306da
lessons/132-scope-lifetime-and-local-global-variables.md,8005,e281803c50f3ebbef1dc6332996bfa3fce7734774764b4755c2fdd82d7f4d802
lessons/133-string-handling-and-built-in-functions.md,13369,d84e85e588334ed8d33d6726284ebaa5c6258319a8d3383a9f3fac35a446bcca
lessons/134-arithmetic-operators-integer-division-and-mod.md,7877,1095d8732e27b7767ed3a0a946728f7a8e548d17006af88521ec68fe3c59497d
lessons/135-input-and-output-formatting.md,7952,e6a9c71e43dad86cfe60229ae2dcfff650497dfeb8844dc2a1b683e8dda4d0b9
lessons/136-file-handling-patterns-in-pseudocode-and-java.md,8437,579cb8b630fdae230c0feabaebb4979f4331f529ee179bd33e5513c2151bdadc
lessons/137-testing-with-normal-boundary-and-erroneous-data.md,7377,8217fdcf4b734fbc57762f61c6f71ad8378fae0c711b690694cbb9cd33e324de
lessons/138-debugging-using-traces-and-breakpoints.md,6822,c6c660b53ffa9c882ac60866050994653e0adfaccc87095037e6156d17b5ee61
lessons/139-robust-program-design-validation-and-modularity.md,7477,546f941d25e9762db2e0f6737961397e92ce69ac2286ad263d6c14ba5220143c
lessons/140-converting-java-habits-into-cambridge-pseudocode.md,7940,f43c14acaa7b81bfb4eadf9955183d4c2712923dd8790c5335503e55bd56c023
lessons/141-section-11-review-writing-complete-program-fragments.md,8406,afb5ff284e568d40dd010a5055ba6ab2f186da9fa58cad0767f7ce95b4ae5f7f
lessons/142-software-development-lifecycle-models.md,12464,4a47de12fe0812ad302feb8f1c364f695031ebdc9878fd3ec19e8c5ead3d8113
lessons/143-requirements-analysis-and-success-criteria.md,11451,b6850d2de03af1a1471fe053b3d4ff7a57cc906cdd4084f04e0b39073001eb4e
lessons/144-design-documentation-algorithms-data-dictionaries-and-interfaces.md,12599,47c5b3d165fa825f87b3cea71d84ccde73b9fb763dead32b2e60679c6d6adecc
lessons/145-testing-implementation-maintenance-and-evaluation.md,18542,e844f54eea8cac4d616a200993804906956eda8e70ce64f1a21d5ac0e47cf6ce
lessons/146-section-12-review-software-development-case-study.md,9035,4d12ae7f2c4a24d792f4f37fe4721617a057014376fd9382adaa203f725cb8e0
lessons/147-paper-2-review-algorithm-design-and-data-structures.md,6961,9e534d152876a13c5a3f64c6a1c67a9428b616bf8ca78b6a9bb2d637559f75be
lessons/148-paper-2-review-programming-constructs-and-file-handling.md,8058,09b7f9dd4a978ca844c203a7a3a097b58c767a4cf27381979f848c1ed74aa9ed
lessons/149-paper-2-timed-pseudocode-practice.md,6691,570c896a54b01af1e5888a73c1c5d9056c48a1deb41cf2f19c361ad69579616d
lessons/150-paper-2-mock-review-and-correction-clinic.md,6228,837e2fb4bc3ee33707308c28ac09e6ca2bda669c8c6456f48f1ad619b6d43eda
release/RELEASE-NOTES.md,1877,357d21f935089b35560d3cb905a4ad4b2131b108281706604c160740173baea7
release/stage8-release.json,608,8b011d92002bbde088caa65607d9930ea10a15c706e4bab9792b402747ab5bb6
resources/cambridge-ms-conventions.md,3520,1ecee289912f4dac5a183ad0133c1c557b66e086bd70957b549be46b74172482
resources/common-misconceptions.md,1608,b5f6c1db103ab10b04b3cf7e9b2fc86c0461e2572135ab5b2df49d849db9da13
resources/glossary.md,1671,247ab317a094ac5e5ca84c5511d3c7288baf51af3232d4bed7cc71e0c84319a4
resources/pseudocode-java-guide.md,1144,c246124af2f1f4ed0f951c8774e3d5e740f9a393dbcc92eee2dee89d532fd851
scripts/apply-cie-wording.mjs,15332,80677fce8be93f02523b68a4f1bfdc609c665430303189a59c5fb732d75abf56
scripts/apply-classroom-delivery.mjs,9960,77afaa4e5f9a6731d591a5bf9acb807120c49c35d3eb9f87066029ee57998b0f
scripts/apply-remediation-v2-optional-enrichment.mjs,2686,ffb78a783a6ff06dbb48bb706ba9770b7ea87b227fb9a3b8b3bf10fe62cd0527
scripts/apply-remediation-v2-stage3-question-repairs.mjs,1508,c6f5ac365ea268aa3a0962a557fe0318fea6e4c646dec3f70b297973241c3643
scripts/apply-remediation-v2-stage3-sequence.mjs,8943,8bf1cb5e99fcdafb9b1f17f83cea9bc35419b97c7807ba96c477c1ed0542fdeb
scripts/apply-stage10-explanations.mjs,7029,eecaa13d1c825aa7f304c6c42a1b1f1b714fe0c8bed393fcafb560eaf7c06696
scripts/apply-stage2-repairs.mjs,11974,13922944bb517649bc056474f6d9d4f5ff2eef4510f7cb995ce1e21f405c0867
scripts/apply-student-navigation.mjs,1010,eccb4e3dfe45e60dd9bbb3e064a234b9a0280258bc94490cbb59941d00f57680
scripts/assessment-filter-utils.mjs,1402,1928a8ba4a8f9929add41cb1ef45f8193fe1c40439fbcbda73287a1db851ec91
scripts/audit-stage10-wording.m,6639,587f2edf45c9c2b358764d44e49bccd403659321feb9864594cbbc596df4919c
scripts/build-stage10-rollout-jobs.mjs,7522,5c485c72124fcffae7e7e68a2b72a7878d5bb7ac46ea0c720a02ed640ffd42a3
scripts/build-stage8-release.py,3530,41471233271bce727e601db254f38af505149e722b14d1c2400946b804b9f3d5
scripts/build-visual-semantic-remediation-ledger.mjs,5576,5f9867680247fec556270eee5f6657ede6b0bdfaa05bbbd92ebfb02ef85f63b5
scripts/cie-command-words.mjs,6868,d54c50ac0d057daa869bed87efd36534359c7c787efef2d4466467dc12825a51
scripts/course-structure.mjs,1778,fc7bf44975c096c7c02da0016a2323905655488cb6ede5d7e4887b36d59accba
scripts/curriculum-sequence-model.mjs,4053,7af9f31f0f918f07a01b36c14a371669d1caf4d0ae7c0e95eabe736b7a493391
scripts/extract-official-as-source.py,9256,4016e5d4761a389ab92373e9642f387142e7abd3f22dba599c5907a77d1063d2
scripts/finalise-remediation-v2-audit-integrity-review.mjs,3616,afb2786728e8f125ef3134f62b60da3430359e1bdc772c7ac28a5bba99ca022d
scripts/finalise-remediation-v2-stage7.mjs,5335,3effc9b2fa00f76697649e9630e2089b26a11e397d894ff19b86d94a2984d9c9
scripts/finalize-visual-semantic-remediation.mjs,20527,9c9dc9f719a910c4ea28d314bb6d0562f7927551601a54fe8333d6f7214bc05f
scripts/generate-assessments.mjs,20525,e922e412a0367fb866c08d3e5d08be163add571a2fd8bee41b6fc103f31a62bc
scripts/generate-cie-wording-register.mjs,2216,69f3ee4518ac224dc882b536c0cea2fb3719a5b07d9af61defe69ac2256d3736
scripts/generate-course-catalog.mjs,1606,0ca0a294ca2d91f828732a9b7f0cab6d5e4b20b19292748329cf5339c31e8188
scripts/generate-curriculum-sequence-audit.mjs,551,a866f3d9c124ca9501669e1766b7aaeed2e9602929c5e32faca739c6492b26a6
scripts/generate-question-ao-contract.mjs,3532,8bfe6629321afc2bb526aa7e1a26d6eb6962771bc520336eb8422d908e6f459c
scripts/generate-remediation-v2-audit-integrity.mjs,10701,82f4424d0a8a838adcee1ce8195fa169edb647080584d3fbff77065b18cbc62b
scripts/generate-remediation-v2-stage0.mjs,16429,cff80bca07380c04d21df0bc2406dc66963edcce80aecb2b380f23b7aef05b21
scripts/generate-remediation-v2-stage1.mjs,8144,e51e4f40e116a56cb27fb7f66a7c048da6558054d4f170728cf1e7468f464a00
scripts/generate-remediation-v2-stage2.mjs,11195,46e53bbc88e742ed1215bec0bd26f0e2f94694830f5e8094d29d92c49f5194a0
scripts/generate-remediation-v2-stage3-question-sequence.mjs,609,a6552943c82928ba8b0f0033e4df9f34228a92b337b991a214bbbc3e1e455845
scripts/generate-remediation-v2-stage3.mjs,9137,0af115d6f4ec386fcf1e0f0d27bf6c1c3b8fa756aa9de85e4e154458244bf43b
scripts/generate-remediation-v2-stage4.mjs,17438,47622c66472c1165b944cc23a8e31c1c3a61de850588a0ed9649d2929cd34cf2
scripts/generate-remediation-v2-stage5.mjs,12617,f12c407d442fdc52b46b3b3edc862db7953ccc4fe6997e4d337c01214f77f97c
scripts/generate-remediation-v2-stage6.mjs,29973,813285b55dc2932039bc2cf3513d6dfc5511613da7bc3873bf0e1bfb785f6267
scripts/generate-remediation-v2-stage7.mjs,10013,0f8bd0e02c0f24da3cb25f20f2e5f0e2849c167c45de091a78ec51a7b482e2ee
scripts/generate-resource-hub.mjs,6609,167f6a8b2975d7b1319e229e4ea73c78a69c7eb3258c9fb88ab61ead02299e5f
scripts/generate-scientific-audit.mjs,51193,3501ee2424c8f112b9f4cda201937856a1bfb3fdc5f286680d5d171f64f8f746
scripts/generate-scientific-final-audit.mjs,14102,4d6450c963a0aca4fd02070ce76b50f23db7b1540439ddb33fe8f12fe185622a
scripts/generate-stage10-audits.mjs,17627,3a9fd96e948bce366dadd0f4fca06f3aed4bc3bd91c076bfbc79ebc664738db3
scripts/generate-stage10-semantic-audit.mjs,9755,6289819635c4e795d9e9f68fa5d64e4b3ee06a5af9649822ea9124aae4b52f5d
scripts/generate-stage5-review-register.mjs,5693,116c80959b9a5ee712f33ac48ff08ae43c4eb2f250744c7a6d42f9ac74953a63
scripts/generate-stage6-page-review-register.mjs,2161,8a099297179ebf00e6ce61d20779bbd2e4a6db97257cbb1fb4553345485999f3
scripts/generate-stage7-accessibility-register.mjs,1968,14f2b40c9c209268be19a0ffa395e5b37883c5617c40d4c06c989c56732fd294
scripts/generate-syllabus-audit.mjs,4189,9464bf218f78151116e7d584fafb94966c80b8087f986d833893bf1108d7a156
scripts/generate-syllabus-gate-remediation.mjs,4761,b6184c16937013e656f9003d6b91fc31861497597b04aa4ac6f3a8967f04741b
scripts/migrate-curriculum-visual-ledger.mjs,3189,e714c68025ecbedb6dca713235b4fdadd300a6875d5a5aa97ad94ff7643c04c9
scripts/ms-review-utils.mjs,4950,a62ec2d7c480739c433e6f6e57123918535b389989335232ba8064a78fe604bb
scripts/normalise-stage5-lesson-ms.mjs,12591,0369e3f59b4fcf464eaed138b87ad4661484a55397e105e94814a6d15a2215ab
scripts/print-stage10-semantic-review-batch.mjs,1679,668884b344d5680e81d8ab94ccbdf646841a0e5b346ee457ef33de9918bd4a50
scripts/print-stage5-review-batch.mjs,1228,b5b9ef4a3a482c48b5698ee4e7f5f48456d280dc73707cb59023c3409c4f60cf
scripts/question-ao-contract.json,822398,6ca9c864d76b9b0ffea359af6800418b43c825694ea9fd313409aa58c233fbe0
scripts/record-remediation-v2-stage7-browser-evidence.mjs,5455,81ac397b0fcd36404d03e17d60ce06c614c6a83f3cc3f3945e1af116464aa3a7
scripts/refresh-remediation-v2-audit-integrity-surface-reviews.mjs,3207,2715807501b24131893dc5464c85395d8808f510932b9f9f8716048ecee86898
scripts/refresh-stage10-ocr-ledger.mjs,1077,d24341cf1cb5cba4fb7d6c439a77ba2de831bfa08a4dd01fe8bfb41849eed0df
scripts/remediation-v2-audit-integrity-gate.mjs,11584,a58e0e56b93c206a00a49dab00c7d66b825b9195ccb1e0ca8c9ca89ada818692
scripts/remediation-v2-core-visuals.mjs,2453,298815b2be72c7294719bba3f605ebf800288287d8486a0cbd63efecd30e56c4
scripts/remediation-v2-decision-gate.mjs,2240,d693d2956c3488323ce0c562292f241849fb6a0945f52d4419de3546cfbd468c
scripts/remediation-v2-optional-enrichment.mjs,5448,1be2c03f4e6e19bbda18207b70181220a5a5269163f8260dd50efcd2ca23a9eb
scripts/remediation-v2-review-gate.mjs,3533,4a3d5aabc829c72123d1888a27a29ebf44a4de956380e1b44a1aab2b7bda830b
scripts/remediation-v2-semantic-gate.mjs,11896,4955e3c1a398a4ba0cf447daee76f032ae73cc08ee2893b9f6522abbe286a1df
scripts/remediation-v2-stage2-gate.mjs,7151,47c96995d13fc3bb538339a07c2ab49c523e58418d37b13c56ed13e9219a1c4a
scripts/remediation-v2-stage3-gate.mjs,9714,5c92cfe8068227f261c6e7cf28eed9becc32cc8c19dc372c2de7d6276cdb8246
scripts/remediation-v2-stage3-question-repairs.mjs,8485,d601f072c35a545698c1dfeeda0875adb25e2579ce421ae7687adc0cc001a37e
scripts/remediation-v2-stage3-sequence-plan.mjs,22985,4803b9711a33f655780c3d5fb5e5f452dacc39b02f0ee722ac606a0bcef201ba
scripts/remediation-v2-stage4-gate.mjs,2488,592c51e3c5464f7dc33c0d562aede58a311b6133eb5690cc064435d72d737ae1
scripts/remediation-v2-stage5-gate.mjs,4161,f0ccc9cf3f5f6bf5214e21b676d13c86ac2998e2728f81ba8d37b2125eca69b0
scripts/remediation-v2-stage6-gate.mjs,8235,7b7707197db93acfe18796e5077d8cdeaa9c836ad51d973d5519e358187c7eb8
scripts/remediation-v2-stage7-gate.mjs,5658,6114ce2fa1e97531e17cd6376c7b011de39b594f1be72d54a948e43c560f1c0a
scripts/remediation-v2-visual-delivery-map.json,1724,09bb153f6f346a83ecd169ce34f93280a8813781e62bbb7ffa2bb75f2fd4e25b
scripts/render-stage10-critical-repairs.py,88860,5672b64584a269805d41b1fa1f284f4906a5fcc1af360e4bfe9ad273aa409a8f
scripts/repair-remediation-v2-audit-integrity.mjs,3374,22df161a9fcb8caebade5ddc5502aa14c558fee462cbc31ee62961472ae29a06
scripts/review-remediation-v2-audit-integrity-question.mjs,4084,ae7437aa645ff8cc10a61c6aa5e4a24f467096fc284456326660812a6212b5f2
scripts/review-remediation-v2-stage5.mjs,14657,73d7c578ce58a99f0774c47d67bc26cad922cae5a86b536bafce5aabb1578bc8
scripts/run-remediation-v2-stage7-generation-chain.mjs,4755,f277078d43c2c2b899316c8e80fbc59ef13ca693442cb419413d211742eaaa76
scripts/stage10-explanations-data.mjs,29140,ffbe9dfa705c10d0e6e528cda70906442446cd67d8a5113170100139d9ae4da8
scripts/stage10-infographic-prompts.mjs,3057,e32716c971abab25791f1a4cfaf0f11122d6dd24e4438eb256a9508bb05a7e48
scripts/stage10-rollout-jobs.json,2075451,0a5e7977cacada1bc24d7f010ce339024df1686f0fadefc9e38526eee05e16aa
scripts/stage10-semantic-audit-data.mjs,46339,7469ddf58b86a485f59b4fbcbc5e5fae268a37f46df3ea8aa522256292f87bc7
scripts/stage10-semantic-calculations.mjs,25837,a4ac04d391bc37737cdd1c08755c0503d879227e012982ab8b9302784ce66fd8
scripts/stage10-semantic-source-overrides.mjs,42205,0eb023a67495ed306cd89a7a3006593699d30db00cc1f810efaa1aa439b2e1df
scripts/stage10-technical-visual-contract.json,4148,e2928d8bd96cc55f2d7a426200c810849dcc92809c03658e50a6893a598f3271
scripts/stage10-visual-repair-facts.json,27310,980f14f9d274d9cd2ee47d51f51d388152ddb8e18c05d804bb1b38c605d690dd
scripts/stage2-repairs-data.mjs,229689,3fb8b95db8cf95c8a8377337c7eba153029329a2414ad7d317b4e04dbb914a34
scripts/stage3-assessments-data.mjs,77176,80c213cb2afa76bc8c3bc69490e5f1f59180e83b56737667a071b274a2c60343
scripts/stage4-quizzes-data.mjs,44568,390ca371aa6e6ec4619ff1ee74884467b4a1530545afcaf3ee95129d034c0aea
scripts/stage6-qa-utils.mjs,1696,35f6af41e70197591f84024ce57e92dbff3324ae80ff526c88889beab108ee09
scripts/stage9-delivery-overrides.mjs,1637,1e426b96a5b30e31b65a0bc1e26833f1221812f612de24a8678e1146553f974f
scripts/syllabus-coverage-contract.json,605856,9b01011104c5b2ab60baa27bc86997506b9e658f3ba76568daf795b40f0d0f79
scripts/syllabus-coverage-contract.mjs,344,70e10b7b2d745e925081534099ab01f3b86f8ded3e143a3ff66796a5443d700d
scripts/syllabus-coverage-evaluator.mjs,12392,d7bbc4085db62d88a923f68d60ecd3f25bd5e194dd9be5bd95315b45f1d557c7
scripts/syllabus-official-as-mapping.mjs,27279,80be1b2e144a8995adb25cac39458ac4a9b92daa4f68e8819bbcd5379af8ee86
scripts/test-remediation-v2-audit-integrity-mutations.mjs,5092,659a8671abb34494d66e72b0b60ef738675b61d0f604f1d47fda5feed8056c3b
scripts/test-remediation-v2-stage1-mutations.mjs,5707,ee3061c69f1afd332e70a3abc4be680d8609947f794852cddfeccf0606a89019
scripts/test-remediation-v2-stage2-mutations.mjs,2316,9c2682868f36684579998aca90d0308202b7e3ab3a9c5b7e6d69368bd6fdf10c
scripts/test-remediation-v2-stage3-mutations.mjs,1827,9ac11829189236e2b770459e95313d4a3985aa7842f65c10d82e52ed3d9221a1
scripts/test-remediation-v2-stage4-mutations.mjs,1771,7bfe5197486b5392665253402861c5ca041f05786daaceb6860959e05cb91d16
scripts/test-remediation-v2-stage5-mutations.mjs,3890,3638ba95bb56321ce2da2c37c0f54a6c8c08c749277badc5f1414274f654287f
scripts/test-remediation-v2-stage6-mutations.mjs,3061,d013e640be2190f95ec76dabafee56928a062c550b8c7c9b0a4bc6cf3d56c978
scripts/test-remediation-v2-stage7-mutations.mjs,2483,5b26c6b2e03004046924e3e152b25c63177f12c9f38f0fe5933249aa768db658
scripts/test-syllabus-gate-mutations.mjs,3293,562756511ecaa8b642d57c33c36cb2814a9c22010129bad0abb1abc97da0e3a6
scripts/upgrade-remediation-v2-audit-integrity-contract.mjs,3589,e1fe8dae30e43fa500632572d7e08d2745f86f3626672bfe6328ba37fbc533c2
scripts/upgrade-remediation-v2-stage2-contract.mjs,8347,b0c95ee96b11b8a4f1274c4f54753944e33b18b8f04f804eb67f6f1148434712
scripts/upgrade-remediation-v2-stage3-contract.mjs,2832,5fa4c2f9971b95292d7ccd80c15ffd746c336af27b25cff3fcca0d09ef3a37c3
scripts/verify-academic-theme.mjs,3839,52768f81b5e989ed09fa4fbcd07ec78b23395aa2ed1da6aa82dff90ee6d10536
scripts/verify-all.mjs,4844,2a99d95f2663bb46bb4a30fcb12953e8654b607228500a59e131e0e8e7cda9b6
scripts/verify-assessments.mjs,10664,aa30a2137310584d57ff93111887d48d86e77a0149626af710ed00a201bda9dc
scripts/verify-batch1-core-content.mjs,6069,6847519d4df59f9d8f6c35badca5c93f4c63d50c17dc1876d4fb550607b252a6
scripts/verify-batch10-section5-system-software.mjs,9999,213563bfbfc568894a27c01029d1df0c2366d26e226ebf3ff565ef7fc9d9eda6
scripts/verify-batch11-section6-security-data-integrity.mjs,10833,0e4f53fefd1c5a645cf951b684edf3ca516472716191acf8544f713f58dd54f6
scripts/verify-batch12-section7-ethics-ownership.mjs,9618,7a125329492ec62b15f6ad7a9850533a4c260a8fdf8b7f87eb8a3b82a0bf3731
scripts/verify-batch13-section8-databases.mjs,13148,a0ce549341b91bd20297b785c8dac26c2ace9909af4b354664622f89b89ce86c
scripts/verify-batch14-section9-algorithm-design.mjs,10343,caae370d461c33675018e4742026e43fca7addce8bc9794caa3e7bc2124b9554
scripts/verify-batch15-section10-data-structures.mjs,11819,ec5f3b5c1971d7f36a622b50cac9bb38f18a93f0c60d7b5edbc257408c03b52c
scripts/verify-batch16-section11-programming.mjs,12834,8e8c3d09e0756c3b3edf95254ab73c5d4b810402d2153cb317090225795a1b24
scripts/verify-batch17-section12-software-development.mjs,12853,585847457bec26d1b9c827028fd80fe1dee3a0da9c1bc31835da0eb745e6cb5f
scripts/verify-batch18-scientific-closure.mjs,5119,5f0deef773a63613c6ca2b27e2ca654bc3b74df3c1c2db17501720fc4beceb37
scripts/verify-batch2-technical-visuals.mjs,6493,282fabc0f91443319aa26262eadbd9ffcf1ae5a6639a858038594ac77dae26e3
scripts/verify-batch3-curriculum-sequence.mjs,7096,a8543b01f28e2de32043febf1c23655d8c6faef20352a45f09318eb5830d28bd
scripts/verify-batch4-core-completeness.mjs,7904,ec0342ab28ca6883dab3a2603a0f43008419c3f612e4937a86a3a181ec0fcf56
scripts/verify-batch5-reviewed-coverage.mjs,5254,94bbc4b5957233a71280e4dfe750e5de1896e7cfb9d42bc80ce444b24bc6fd69
scripts/verify-batch6-section1-foundations.mjs,6440,0fc7617608612f8d7b737e6f76e720784a69905085c33bd44f0c509de5e40d0b
scripts/verify-batch7-section2-communication.mjs,7057,7ad193a0fe41287bb136584e8aca6c05db9b6bf8bb12b3059b58aaaf16cb7c58
scripts/verify-batch8-section3-hardware.mjs,8534,2d970a51a6dffd600b128490923e1d98ff9a9e34afcc6d0aee2638100d810ae9
scripts/verify-batch9-section4-processor.mjs,12020,075ec50b4a4d72cca13e1c100d3c0a6573b4f12adf2b41ecf80740a71d77a5e4
scripts/verify-cie-wording.mjs,6258,3644b9b646a7d1ab7250ca27167616ad193ccd81e729e10530f2c479402dc65b
scripts/verify-curriculum-sequence.mjs,1909,56643414f68822bf2d634b2178ff12431d4304fb75e4422d6652b2e7730248a0
scripts/verify-educational-visuals.mjs,7694,9f46aa469b9943147c79c124ae28e146bf4d2458d2a51f22f97f7ba6ae69efe5
scripts/verify-lesson-mark-schemes.mjs,3872,d58426d1580fc7b0df04f49f9379a92523f4f5b280a1d63b3874464b746ca84d
scripts/verify-question-ao-contract.mjs,4298,c484d9bbdf0797e9c6aa9da5c3014955da01533575c6837fb5379fc6c395f40f
scripts/verify-remediation-v2-audit-integrity.mjs,8608,627c356256726214f08b769d15dcb7a4f71954308ca9c91545a58ca5624f2df0
scripts/verify-remediation-v2-current-decision.mjs,1123,40604f0fa101d6d7c466d57311cef4f60b618629dd999b3e5e8c69da5ac91834
scripts/verify-remediation-v2-stage0.mjs,8120,7034ea9552d489b170b3cf6822028c4d51587739cca4fc0491962366ab445718
scripts/verify-remediation-v2-stage1.mjs,5800,0a9e41e6d4b400de48e6ea31a00ad8175b7b7933b02c88b0f98a6ef1b9834b36
scripts/verify-remediation-v2-stage2.mjs,3540,44e83a3244617f08fdd4054faa8614c4aa877c232a145d8aeca3ddd508d24a81
scripts/verify-remediation-v2-stage3.mjs,3046,453b6a0abafa0fb6f74344e16ccad5de15bff1c5453f688b3658f2ffae3a37b0
scripts/verify-remediation-v2-stage4.mjs,3610,cc663bf48b5d5c5726ef278b0c4a791e9a5fa84f386bd983da8ee1b625de3df1
scripts/verify-remediation-v2-stage5.mjs,10392,9902e659c84f320fcec83e76186bdbdb1d293b9f9728b6bfa1c7b838f9d45cad
scripts/verify-remediation-v2-stage6.mjs,4307,a46a27b46d1d40209ecf69218540fc02978a9475d9f9d7ee6bdec6fe5b28ee54
scripts/verify-remediation-v2-stage7.mjs,3145,722f54ded197ee60fd746dec0d66a50d73f4a05650f3963963d95912cdc02259
scripts/verify-scientific-audit.mjs,7563,8a0695bc2ff2c9ce44b63679e7c3025f874adfa09aa6925bb6a24cc2221274a6
scripts/verify-stage10.mjs,19364,46afe3d12014af996c63147dcc7831badfc2c8c6367c1c80d4d71161920fdee3
scripts/verify-stage2.mjs,4482,80ec57ca22694744e4a8e14268f224a6910c817a2f8de8e8c7babff8aacb2cc0
scripts/verify-stage5-mark-schemes.mjs,6654,2de682cfc77b603d3ea68f367fce355c2251affc11117703a03141b7e3d580e3
scripts/verify-stage6-qa.mjs,7795,013b6f94813b8d7e0d34073db3021c972c1e56bad6468bebea06b7444e059068
scripts/verify-stage7-accessibility.mjs,4344,da7f42e99aba1bf7eba65fef15a90e84b23800fbe41ad6ea595759b407e4f2c6
scripts/verify-stage8-package.py,8278,f3208432b84ba0d3b13b410ffe147657acce7f8bf82ef81d66f87164772dceeb
scripts/verify-stage8-release.mjs,2000,9da5b2f525e3b3a833e66666ef5f4f2bb29ed834b4883ac44426064233cff541
scripts/verify-stage9-classroom.mjs,9608,9582b6d520e34d789b6be3f5b82693ec4192b55e48c2673ec3e14bfc2393358f
scripts/verify-student-navigation.mjs,1492,7ce0fe132e6f04550e95fd597608da70c98a88d92aa1f48f05f6c94b15582987
scripts/verify-syllabus-coverage.mjs,11929,6e127c673e01e177449a64559f962553304673981de0dfbbc5c29e624e4d1ec9
scripts/verify-visual-semantic-remediation.mjs,19789,d50e38b7ab985d31fcc54eaa0a777fa597beffa1744750a4af3149f791993aae
scripts/visual-semantic-hash.mjs,4389,803c1ca8420bc85c19813d0fd52da1cff9802e5e0bbecf3ade900a68addbe470
stage4-assessment-audit.md,3408,ecd64643620648c6dbe6b5a8747cfd910d8652a8ff0ba994b963682003fd999d
syllabus-audit.md,63748,915f62a09c7ad494699865f8939f60d8b9d82a967166858d8619b02c8fcb91b3
tools/generate_course.py,94649,f3c54781c7d1df246cc912115946a4fc617f4ce7a58c820e1279aa376412d441
web/academic-theme.css,22567,3ef60f1afabcb522981b363b420514455ffca817611b0119e08665b7fef2a684
web/assessments/app.js,2851,70f3d2047a17e5af1184aac41f47bd9aecc206dec252ad339598d43363f0ee30
web/assessments/index.html,189203,2937892e208556d3a9bea4d588a3b050978a7aae25d3631c79bbb3f5b69f29c9
web/assessments/styles.css,3348,db257879c96c3f2971eb84ffc03e714d1be4217c1b4344f3637b9c16b75a8d31
web/assets/diagrams/lesson-017-peer-devices.jpg,151333,c0f0e947b2a58d343389ce4a29f5fc26b6604760e36bc9d568df89946c8df52c
web/assets/diagrams/lesson-031-storage-media.jpg,206051,e3cac482d39b9a8f10ee51286d6c8232af1eca7347d71ee94e324c57523c1c0b
web/assets/diagrams/lesson-034-greenhouse-control.jpg,271231,c0bce674ea86cf8dcf3d4deb87cad3d66a427f454800526963b330de2f05bd75
web/assets/diagrams/stage10-infographics/stage10-lesson-001-knowledge.jpg,284557,a8eac65925fca8e202c510dec4cf8b435d5f80771e5439d43da054dab764c3a8
web/assets/diagrams/stage10-infographics/stage10-lesson-002-knowledge.jpg,326674,294cc7b75d075d694bcb942518f60443445111bcee1e5cca3e7b84fac8047e28
web/assets/diagrams/stage10-infographics/stage10-lesson-002-methods.jpg,413452,47d16a625601cbc745e43635fa36b5cdfb1f3f5650448c7338ebde7432f21683
web/assets/diagrams/stage10-infographics/stage10-lesson-002-range.jpg,389422,4c03a775775245c6f8f71bac2a78439c409f42fe67b8b2c4fd137dfa6f03b0a0
web/assets/diagrams/stage10-infographics/stage10-lesson-003-digits.jpg,273590,d620e79a9eb54738ad093e608f4c86e7c8c468ffd256f84d875138f09ea0bc88
web/assets/diagrams/stage10-infographics/stage10-lesson-003-grouping.jpg,385496,7906bf56a5785db18539f84545a990f778d3826c0bc97263a306600db7171649
web/assets/diagrams/stage10-infographics/stage10-lesson-003-padding.jpg,376542,61e2276376ab7031ba452a92f8d4405784ec0a437c23a444897890e6ec5fcd53
web/assets/diagrams/stage10-infographics/stage10-lesson-004-method.jpg,181240,ca06437cf65c3da6b8de283f8222341f37c2d6a5d93bb0ed90c2949171c80ce2
web/assets/diagrams/stage10-infographics/stage10-lesson-004-overflow.jpg,296646,fd8f320852226154d700ae888d16533ae2f1c85bb3e6ed8f966bde0f0d63150a
web/assets/diagrams/stage10-infographics/stage10-lesson-004-rules.jpg,137300,71640384064d685a6de9bbcf50f95d6a4e772fc46366712f6a630da10d63b108
web/assets/diagrams/stage10-infographics/stage10-lesson-005-range.jpg,179581,35c760ef0bfc91e644ed31a6455aad425cbd8eea7d025f4c62021ecddcfd7b9c
web/assets/diagrams/stage10-infographics/stage10-lesson-005-systems.jpg,177790,dae84b15d2280360f0ab777a7b048a098fb5d7e9a43e943d83d5849b7df31ae0
web/assets/diagrams/stage10-infographics/stage10-lesson-005-twos.jpg,137472,f30543c06666642cce6af361ec57739c7945d6830de34746b1dacea9a2997e85
web/assets/diagrams/stage10-infographics/stage10-lesson-006-convert.jpg,133572,dd553641cf1e220f95eebd62ad1340f5bfde24ef7a55a5b4a7d9ccb6b8350bfa
web/assets/diagrams/stage10-infographics/stage10-lesson-006-point.jpg,309042,2d02efa15f5517ba2ec216bf50e6bbd62e73f1a41168008460f2834214991206
web/assets/diagrams/stage10-infographics/stage10-lesson-006-precision.jpg,161189,c1bb0080cb88c318cb2239dcb1fb7396dc96ab5ff133f284279afb34f199157f
web/assets/diagrams/stage10-infographics/stage10-lesson-007-ascii.jpg,414829,c170c76b262ee5a7e810ac4cfac6fb7e1ef690752cf33e6f42abc2de8c261890
web/assets/diagrams/stage10-infographics/stage10-lesson-007-concept.jpg,359468,24c791fd8103217cf3edbc30a83b5fb0479769c9fa109caeb03fa5efa2b2bf22
web/assets/diagrams/stage10-infographics/stage10-lesson-007-encoding.jpg,406991,5b2aab28e0cc9ca819dd975132084558cf3b71ce750210de6e5707cf987a0319
web/assets/diagrams/stage10-infographics/stage10-lesson-007-unicode.jpg,430731,edfdb73a5dbfa36879eebce6190bee063c84857bb49c9d0d403523dfc7b4248e
web/assets/diagrams/stage10-infographics/stage10-lesson-008-depth.jpg,350981,b91226bf0996cfcbbe122a3a179bdb322cf3a9cdc36d1a628a9077ec04e4224c
web/assets/diagrams/stage10-infographics/stage10-lesson-008-formula.jpg,321152,1e108a3dd30e537343ed4f8b6fcc3c128abc28a452200ff594f5a3e144ec7ba9
web/assets/diagrams/stage10-infographics/stage10-lesson-008-pixels.jpg,170053,7eb99e88c18f31392172b664b5585ee17a70dc5b1786c14cfb910e6baba87ebc
web/assets/diagrams/stage10-infographics/stage10-lesson-008-resolution.jpg,419320,bc74a73a45d29e3c7f3dbd05a412963e55ea55df29052f4525b4585d49e65ce3
web/assets/diagrams/stage10-infographics/stage10-lesson-009-chain.jpg,348969,1cb6e5efac7117c2f70dc7639d17704a5f6a02190f6dcd474bdaae0b6c00cb33
web/assets/diagrams/stage10-infographics/stage10-lesson-009-metadata.jpg,399517,3532e96646dab1dd0229bb8334524d8b37adc635ec2b6cf190f990324690a8e2
web/assets/diagrams/stage10-infographics/stage10-lesson-009-units.jpg,146452,1f55246f80108015a7297919bc6d64d7b46e21a64b1d8fa1eda428ccf4d05de4
web/assets/diagrams/stage10-infographics/stage10-lesson-010-duration.jpg,387323,ca3bbbd3ebe1e20fcb30fee80f65d2e5d4c8df6c735661393544d19b5563c420
web/assets/diagrams/stage10-infographics/stage10-lesson-010-formula.jpg,331113,9567fccb19e7a9ce8c15c91693eeff9477fd3d080e115e354f23dbf3a0f69b6e
web/assets/diagrams/stage10-infographics/stage10-lesson-010-rate.jpg,340188,82a8b6c41ac6d9595f2b6ebea64c01226dabc9cb50b2bc32a71e6971d968deda
web/assets/diagrams/stage10-infographics/stage10-lesson-010-resolution.jpg,364975,948f61f47cdc18bf76bba2c8a1b0d06440b2fa774c94f41d110592ab8da1c9db
web/assets/diagrams/stage10-infographics/stage10-lesson-010-sampling.jpg,310998,df8834baad882a14f20ec4eb0e62def8863697163e17ae8bec8c88c54adca56c
web/assets/diagrams/stage10-infographics/stage10-lesson-011-channels.jpg,325447,e96a3526bc35e9d7e83ab17893478728031aaac8044e51b6a0efe954ef08ab89
web/assets/diagrams/stage10-infographics/stage10-lesson-011-formula.jpg,373130,848d18b7bf728fdf001957b54983bf353e1b6f3d28e383778a47b2311522418e
web/assets/diagrams/stage10-infographics/stage10-lesson-011-tradeoffs.jpg,400092,24bde262dd9bcd7ac08e208c9fa9c2eff490d246afb41e0a4c0dfb3da4532ea6
web/assets/diagrams/stage10-infographics/stage10-lesson-011-units.jpg,340136,53fba7ba379a2ebc50a7a2584ef7b5c9a47deea4d8da44c1598bda567dbf4d97
web/assets/diagrams/stage10-infographics/stage10-lesson-012-lossless.jpg,359139,e86a77b7ffd53cf5d9e615e898f0c7d4d0321e41dadea51be5e05adabde8cae2
web/assets/diagrams/stage10-infographics/stage10-lesson-012-lossy.jpg,377494,66fca9026e860da87739942c3cb0ff93b384e6a4391c156d201727b2032c8a43
web/assets/diagrams/stage10-infographics/stage10-lesson-012-purpose.jpg,362311,7f6631f56ccda965b3c4a1d964b7e8756af4b23094265747bb343873450550f2
web/assets/diagrams/stage10-infographics/stage10-lesson-012-ratio.jpg,313808,43a23f5394de9062d23db83316ee3301e5d5af6ab85612c851e6e4da57395249
web/assets/diagrams/stage10-infographics/stage10-lesson-013-dictionary.jpg,331069,3561b421833209b4b1fd07e8b318058366428c7b8e3b51d1dbcbf07eb78e053c
web/assets/diagrams/stage10-infographics/stage10-lesson-013-effectiveness.jpg,387933,aaa59408e430bfcaedd1346e6c4e936207a66477ca2374c48d6659f4a9cf11c3
web/assets/diagrams/stage10-infographics/stage10-lesson-013-rle.jpg,343976,1a4db5fa88e2f833219067ce3337ffbf9000cccb342d81ba06cacc3f64007286
web/assets/diagrams/stage10-infographics/stage10-lesson-014-cases.jpg,420862,fd31baa94a5fb0d4bf3f0ce4c15f812c970eddd3a66ea5dc03ffc048b18d65e2
web/assets/diagrams/stage10-infographics/stage10-lesson-014-framework.jpg,380101,21f793d4ab19beeba0de730f166428eeccfb96f5ababfc7579f2d1acac9df2fa
web/assets/diagrams/stage10-infographics/stage10-lesson-014-tradeoffs.jpg,146349,9e21b8500d107905b2a619a5970163bf8a88097bb17977b0a6ec0fe09f9b4a3a
web/assets/diagrams/stage10-infographics/stage10-lesson-015-methods.jpg,377194,b85d0cd43d7597c5f57db1516b987912a7bd75168e96557efb38f168d2fa1f6c
web/assets/diagrams/stage10-infographics/stage10-lesson-015-sprint.jpg,427151,1d2a234becfa667ba841d90f9ee123458fbc3c1e9965373d7702cbd8257909aa
web/assets/diagrams/stage10-infographics/stage10-lesson-015-triage.jpg,434342,921c6d277a7f6c4537d516c2532b34248f3d25ced807396ec41cc6e5dbde7f1b
web/assets/diagrams/stage10-infographics/stage10-lesson-016-lanwan.jpg,475540,3796002973b7bd985c4c9fdd36279cf3c3dded8042c1fcf8323bdd8374bde14c
web/assets/diagrams/stage10-infographics/stage10-lesson-016-purpose.jpg,354986,a13d2eaf40908171259627b8e984394945637717eb8eb7c6a138030d7d936edd
web/assets/diagrams/stage10-infographics/stage10-lesson-016-topologies.jpg,142507,b913d35bcd591a2b0ab3066e15fc95a7ada15b9f80c1c43f1ed9dcb4cafbbb65
web/assets/diagrams/stage10-infographics/stage10-lesson-017-compare.jpg,422566,e1aea4d3e7a55451e2b542fa55ce7addc647715b09104489265d347731af4762
web/assets/diagrams/stage10-infographics/stage10-lesson-017-model-visual.jpg,435419,5f77d0e72c83e9fe86f9b79d69c9a36701bd39c0cb3864bd105f26a3251a6591
web/assets/diagrams/stage10-infographics/stage10-lesson-017-roles.jpg,409055,6b8b01502a1aaf91c9a96154ce77713cca1ad5bd5644ae7f1491dd03d91ac5df
web/assets/diagrams/stage10-infographics/stage10-lesson-017-usecases.jpg,424782,5639c41a0bb141c5f82f03de53907bddef6a85536fc2b8475298ecc7c6df6c8b
web/assets/diagrams/stage10-infographics/stage10-lesson-018-packet-journey.jpg,430546,cc12a9c2d64916068da3958cdabfbf9d80906fd16adb2e6722f66429128fffa2
web/assets/diagrams/stage10-infographics/stage10-lesson-018-routing.jpg,402004,e7d7ce501263b4cdee7c82293c314233e13a42909b030c72e71c585f07e574fa
web/assets/diagrams/stage10-infographics/stage10-lesson-018-structure.jpg,421674,fee285df50a458cd9203222f1c2f23d5a6828c9a25f515549da262f5bf5647ad
web/assets/diagrams/stage10-infographics/stage10-lesson-018-switching.jpg,379646,8a0b03d122f7a82bc6a70db58c53e7f5b65ef50559891036528db6fe97e4b9c9
web/assets/diagrams/stage10-infographics/stage10-lesson-019-layers.jpg,380515,d56bba7eeae42ccc0731bfb7b01caf4fffa169b8029d4028f4b577bab8d733a8
web/assets/diagrams/stage10-infographics/stage10-lesson-019-protocols.jpg,360430,52264a5f2b9805f3a9af2f8b550d2f925019c1bb1a06388ab75ca58611a2ecac
web/assets/diagrams/stage10-infographics/stage10-lesson-019-rules.jpg,153885,a9ade100287c2b65cb2d4cf2c55c9ac9380645d1b9b9c400f06f41099c1d1295
web/assets/diagrams/stage10-infographics/stage10-lesson-020-address-journey.jpg,209416,ebf5e8eac9db6168eef06accc2b3ab2b5842d66890f1efe5bdbe22df6064bb60
web/assets/diagrams/stage10-infographics/stage10-lesson-020-addresses.jpg,196192,af96d4a297c32bf102d9181859923d71a86e2d536fa133025b3b3f8fce0cbe58
web/assets/diagrams/stage10-infographics/stage10-lesson-020-checkpoint.jpg,386065,182cbdea7e900878eed786c6d08899e704026ba4c474b70dced3f18c6312b3a5
web/assets/diagrams/stage10-infographics/stage10-lesson-020-dns.jpg,357353,1d67844c1ea613140e4d07725be97fcf945b6c0f225af4757d2a9c68a0b480b6
web/assets/diagrams/stage10-infographics/stage10-lesson-020-urls.jpg,346972,145810bc45341bd122533f24a3176eac407dfba83cda0b94fd5fcc293fa2d4a6
web/assets/diagrams/stage10-infographics/stage10-lesson-021-email.jpg,411867,48fbd564c75afd37c9d0da91068b419b0686ac09e9f78abb0837c26d0a05e5ed
web/assets/diagrams/stage10-infographics/stage10-lesson-021-file.jpg,353024,ba5c1d38a1af7f0d59d715d9932b449b71017e41a99320cea18c7b652a0ee604
web/assets/diagrams/stage10-infographics/stage10-lesson-021-web.jpg,348935,fc343a497574092811a3f458305c7443d9737114a799cf9c4ef5897518b7aafa
web/assets/diagrams/stage10-infographics/stage10-lesson-022-compare.jpg,427420,bf3c285b1d00bdf9ce81a74af5f05c6be0541ed76d0abced8abdc955b7959bd6
web/assets/diagrams/stage10-infographics/stage10-lesson-022-wired.jpg,442901,9b1592406381c3454e5e96e31579dcf2048f192afed5ea6b8d84f79addcaa17b
web/assets/diagrams/stage10-infographics/stage10-lesson-022-wireless.jpg,382702,289011a21d72807bdd40ed4717ac2df26828dd38062d34479c92f64a81ae26c6
web/assets/diagrams/stage10-infographics/stage10-lesson-023-compare.jpg,155343,f167a9795005d9ed9997b210fff5ca79a4bccc9983c98aa8438c79e0d957247e
web/assets/diagrams/stage10-infographics/stage10-lesson-023-gateway.jpg,387432,6d7e75e97a6040fa53c422709fade36cb33175a74be7b15ab775d9d6bf4c1b0c
web/assets/diagrams/stage10-infographics/stage10-lesson-023-lan.jpg,415641,0081ed412e739ef570961994f123ff78efbeda37808157ba065c186bc60a59e0
web/assets/diagrams/stage10-infographics/stage10-lesson-023-routing.jpg,397717,4e3a8a4b1d9b24665e680292c25aa41344039637d4da61db5f18cbbcb80b5695
web/assets/diagrams/stage10-infographics/stage10-lesson-023-wireless.jpg,365944,ddca965ae6b226f0f06eb30be9b14a834694bd9c292de1b6e3caf37259fae3c7
web/assets/diagrams/stage10-infographics/stage10-lesson-024-cloud.jpg,438039,83782e5317cfb88bba614e578b785e78ee782b6a6d1e68abd1defbcd43458e8a
web/assets/diagrams/stage10-infographics/stage10-lesson-024-compare.jpg,464723,fe640156195ad42daa15afba074c32db1f5719d5d8d1103870dd79e7e7d89bbf
web/assets/diagrams/stage10-infographics/stage10-lesson-024-networks.jpg,470670,7444541c313ff7e8f118e3f4f0277332793669dff3d7eaf0e2f3044a9fe49de6
web/assets/diagrams/stage10-infographics/stage10-lesson-025-calculation.jpg,355626,39b8e55f13e8c12fa91dbd34125536d9135d37a8886b660bdfafc95ad45174c3
web/assets/diagrams/stage10-infographics/stage10-lesson-025-concepts.jpg,147753,ec6cbecd5c14c2d2dc21d9ef6bc6fc903204e51ea5f195d8f306684d07fd1332
web/assets/diagrams/stage10-infographics/stage10-lesson-025-factors.jpg,480745,b1dfe4e08b04c49ce9ae3e525073c27dff870c50a2faf3c5db0896347a5dd036
web/assets/diagrams/stage10-infographics/stage10-lesson-026-map.jpg,134331,34f7ece8bf465010c6d8900033ccf07d9f4ed39ffa2f0de244bb486fd6e5d04c
web/assets/diagrams/stage10-infographics/stage10-lesson-026-precision.jpg,457170,cac32002c62400d0979f2c1a9c6d0c36ed6b7882582a39583c478119352f92d3
web/assets/diagrams/stage10-infographics/stage10-lesson-027-components.jpg,434681,7c684c82168655ef2b60b43df6ffa9059fdd3a7ca4ebaf0032ffbcbf6b4fcdac
web/assets/diagrams/stage10-infographics/stage10-lesson-027-flow.jpg,143313,4c671673801386a2bc298461fb13f6e7624821f47fa9af5595000842c4d87c37
web/assets/diagrams/stage10-infographics/stage10-lesson-027-memory-storage.jpg,388583,fc3965af264c464cfe4d729ccb349f1e9603ac1b4ba4bb54736ae9df5ae69120
web/assets/diagrams/stage10-infographics/stage10-lesson-028-automatic.jpg,405168,0232a2ca3a20e41dea098f64208eeb944a1b1ac6e7f36d0838949df850933006
web/assets/diagrams/stage10-infographics/stage10-lesson-028-capture.jpg,340550,55b13e8380becd9b1e8663c5a63cf8c95aca63d8df1c527d2b8c2829e564dd1b
web/assets/diagrams/stage10-infographics/stage10-lesson-028-devices.jpg,408153,bf9d68a66e973eeb0f50781462ce7894a26d0bb4790d4a26e827525f49c8c0e3
web/assets/diagrams/stage10-infographics/stage10-lesson-029-devices.jpg,385652,248d5979f95488fe0ab6ed94742b2048ef63b3ffd7bd3be2e6d5b956f1c97c39
web/assets/diagrams/stage10-infographics/stage10-lesson-029-feedback.jpg,158718,bc7bb4f2049ccf6d9973378e6a58ca760e346719991233782cb1ad413c92cd79
web/assets/diagrams/stage10-infographics/stage10-lesson-029-purpose.jpg,351633,e86d2b9049e1484825b62b1fb1cfe3c21ecf9d5cd1464d077d3c91029948b7dd
web/assets/diagrams/stage10-infographics/stage10-lesson-030-cache-vm.jpg,155274,fb9ec089b8d5f95406490fba517d6e347078a36e9b8da54b01c35684d91b31e4
web/assets/diagrams/stage10-infographics/stage10-lesson-030-primary.jpg,439608,58a1686eadfb8952e7381701894e135092e62003702ca21b20699df7c5e36199
web/assets/diagrams/stage10-infographics/stage10-lesson-030-ram-rom.jpg,437617,e6171b0f5ca2acdf5e402e21646069baf80af0cb65a2efa41125c5d5a582da06
web/assets/diagrams/stage10-infographics/stage10-lesson-031-compare.jpg,156720,1e59f868321a05e171b9650221de572d591e36520accaa185fc2b98ae3843b07
web/assets/diagrams/stage10-infographics/stage10-lesson-031-media.jpg,154486,d7389df254a10e0d8b8c9f41c07f995d324e6c36614630898a494f8b3b751a4e
web/assets/diagrams/stage10-infographics/stage10-lesson-031-purpose.jpg,374775,7006935ea5f9b2dc3619d061a2a97bf70f220152a50982ac0723789176b345d2
web/assets/diagrams/stage10-infographics/stage10-lesson-031-storage-visual.jpg,455416,32a625f96348fb78a3a7fe3ab3ca5b5ee7145daa274d11e4c52ebb94bbbb0e11
web/assets/diagrams/stage10-infographics/stage10-lesson-032-answer.jpg,375083,f200b5a84f9a4563143737923f357a46234ac1c75800c9d942d122e3f567fbaa
web/assets/diagrams/stage10-infographics/stage10-lesson-032-criteria.jpg,391983,57506028ddf3ae2802771a73230be63f368411a69744850c9dc0540b7631b8ed
web/assets/diagrams/stage10-infographics/stage10-lesson-032-tradeoffs.jpg,423853,78806bdce1e2c47c6cebef2450c92111596599aec32029dabe577c586d84b16a
web/assets/diagrams/stage10-infographics/stage10-lesson-033-embedded.jpg,160707,e47c48ad29de4ec44865ff07e417c06a7cfc7d30e6b18f134a40702d879c6e23
web/assets/diagrams/stage10-infographics/stage10-lesson-033-microcontroller.jpg,441647,620082820f4db153097a3a53a8a34859260741caa3ef8ce788547616b4c4f742
web/assets/diagrams/stage10-infographics/stage10-lesson-034-actuators.jpg,390899,515216ace94056cc417314b77067da9e0c235a0804ed363daf0040592ec27ec2
web/assets/diagrams/stage10-infographics/stage10-lesson-034-control.jpg,371602,bc67bceff41dded0fc2eecd6860047bce30a3c3ff00436b6c7c781194903e49d
web/assets/diagrams/stage10-infographics/stage10-lesson-034-sensors.jpg,178495,03404a2a7717dc04be4cb8102f29dbd74aeee1ed79e17e8546293b6bf82ffd36
web/assets/diagrams/stage10-infographics/stage10-lesson-035-gate-visual.jpg,395063,4b6fcf25636f05476d798940d4eec2482d20e3d8cdc2d7619b76e89624ca5443
web/assets/diagrams/stage10-infographics/stage10-lesson-035-gates.jpg,154980,0adb0b42a4c86d78a5f1ab0dc2c037a147418efa7149041feb2d0bf5e884c58a
web/assets/diagrams/stage10-infographics/stage10-lesson-035-signals.jpg,132720,04ba675f8b8d711dba31e4a8f161dc69fd9260786f2ad6c20e625ff30ac3d1f1
web/assets/diagrams/stage10-infographics/stage10-lesson-035-symbols.jpg,405872,c2ce3799b6f4c441f9889c40655f1ff0d4fdfcc806c6db48e97dce247fb7e17f
web/assets/diagrams/stage10-infographics/stage10-lesson-036-expressions.jpg,358374,ae38aecf9da37e0e90ff1a37b45f578b0d70314f1c83ababf0db73ec234d9e4b
web/assets/diagrams/stage10-infographics/stage10-lesson-036-precedence.jpg,406856,4e28793926da3d26c29a549733b7c1e40b1cd0208bdd5e46f880b2f3a7e28a0d
web/assets/diagrams/stage10-infographics/stage10-lesson-036-table-method.jpg,410440,bd9f7240869fc11f15810183b570367850d23f096e575ac0b8b4ee72795f4755
web/assets/diagrams/stage10-infographics/stage10-lesson-037-design.jpg,411869,692b994af9ae76d6bd96ab6994edddf9ee0cf8f872792d27721fba5daa4ac0b5
web/assets/diagrams/stage10-infographics/stage10-lesson-037-diagram.jpg,338607,ea5f04b6698c678a17c39d4826646f6706088897dc1d01a5a7ecf9a0c2ff2ac7
web/assets/diagrams/stage10-infographics/stage10-lesson-037-parse.jpg,150620,2cd3e30a35dbaf6b4270b90c34c506c700cb33c323329955a7092219dc693b4e
web/assets/diagrams/stage10-infographics/stage10-lesson-038-categories.jpg,139880,156bbec3a82b8d727e844b42b0ac03506696a72dead5f0c73794ec6912e931fe
web/assets/diagrams/stage10-infographics/stage10-lesson-038-criteria.jpg,426909,102c0dafc3368e124507ea623687732b3330b75d7a39bb33fc7e978d8106f6e7
web/assets/diagrams/stage10-infographics/stage10-lesson-038-users.jpg,453408,d9db2b77f29de2ec124803475068807b6715433c1b710da614902bd76df98b45
web/assets/diagrams/stage10-infographics/stage10-lesson-039-environment.jpg,457421,432ce33425a38c02ea5ae3e612ce8e4f6cd65bcd6630ee5959180f7cf5c3b7c4
web/assets/diagrams/stage10-infographics/stage10-lesson-039-mitigation.jpg,461040,9d40e6cfffe8bfe3e8b27c34bc2fd23890230cbdba14bb8aa608971ca19bbad3
web/assets/diagrams/stage10-infographics/stage10-lesson-039-reliability.jpg,155018,552fe646a9c7c68306527541d0b7a999445c2078d8a155ee36d24b68d3621ccb
web/assets/diagrams/stage10-infographics/stage10-lesson-040-checkpoint.jpg,387404,d16f1e9812b3f03e93aaa45024acfab437c82ac4766982599a4170a4c01e0e4f
web/assets/diagrams/stage10-infographics/stage10-lesson-040-map.jpg,138632,9f5ae8e76ace6737d7e24fc0f94fe855dc10701e4b0d15b18a2a6cac5326a4b1
web/assets/diagrams/stage10-infographics/stage10-lesson-040-skills.jpg,493767,06de7a5caa3b55cba5a2577b0b2a0b13982c36ced46a36a1675762bb59797b3b
web/assets/diagrams/stage10-infographics/stage10-lesson-041-alu-cu.jpg,362508,67e3ec710846657c072636ef4599564f4bf1a548f82641c36930b18cba6955ae
web/assets/diagrams/stage10-infographics/stage10-lesson-041-architecture.jpg,430629,0d8550d939c22cc803a3a3a12c10cb281aa0e0897f459d016d5ccab8f5b25861
web/assets/diagrams/stage10-infographics/stage10-lesson-041-cpu-map.jpg,156187,5cb82317b80820f192c93476c001f5ee8482b7d41ad009b9bc22e327142a25ab
web/assets/diagrams/stage10-infographics/stage10-lesson-041-registers.jpg,490731,1d951e4474fea198998e495eaf043b7a407709002465e93c55ef802d3e8c63c0
web/assets/diagrams/stage10-infographics/stage10-lesson-042-cycle-visual.jpg,192530,825ef273377349c2ec6025669062db673b2d9eac87ecd552d492fc5b6d4685b9
web/assets/diagrams/stage10-infographics/stage10-lesson-042-cycle.jpg,358354,65bef4c4c4689fbf6b9ac9ab47a3845b26eb6e7948144eb844bac4e73a6b05b4
web/assets/diagrams/stage10-infographics/stage10-lesson-042-decode.jpg,455841,0a4d472907ba5bfb738867073e71227a42e65b4e42e899cf71df8e963480a809
web/assets/diagrams/stage10-infographics/stage10-lesson-042-fetch.jpg,351038,5f347b2420cc6c88a97dd9c8a06d2a6f0f4c6f9e75e1559e976a7a0dc08021a5
web/assets/diagrams/stage10-infographics/stage10-lesson-042-registers.jpg,394149,c13589c860970606a3f709d276aba4c8f63d495f378a8883c5dc4dfbf0c5f0b2
web/assets/diagrams/stage10-infographics/stage10-lesson-043-acc-status.jpg,432320,38c67550079675c81b5a8fe4f250f1ceabab8f465ecd217d46fdbb4db9d33161
web/assets/diagrams/stage10-infographics/stage10-lesson-043-main-registers.jpg,482913,7bcc1f99f1fa97f14a2225b1fa1e26b4f93ed75fb52930b301ce942258c1f9c6
web/assets/diagrams/stage10-infographics/stage10-lesson-043-purpose.jpg,375460,8663898363f6450314939620263873aa922b4b08c8db886cec682444c08c4c35
web/assets/diagrams/stage10-infographics/stage10-lesson-044-concept.jpg,454614,2710c16c3db049e04c50387e0ed7dc455eeaab092f397f2c2a38dc88e02fc597
web/assets/diagrams/stage10-infographics/stage10-lesson-044-read-write.jpg,406058,347c8f3a704e0fa172fa2790cb00122198530dc1f5e25581ff6c4ae3e7c49e7e
web/assets/diagrams/stage10-infographics/stage10-lesson-044-three-buses.jpg,143747,1313c8cae9133105fe0461838ac9a59c2f7825b47569870160503f7a10256ae0
web/assets/diagrams/stage10-infographics/stage10-lesson-044-width.jpg,413267,18aa778b14c3e034e55baecf7fb73628eb13614c305e0f79c2ab969e1196b787
web/assets/diagrams/stage10-infographics/stage10-lesson-045-compatibility.jpg,404009,294d487a39402a402fc090a86278e841a0a1c2297518e0cd372f524a124756c0
web/assets/diagrams/stage10-infographics/stage10-lesson-045-instruction-set.jpg,446622,faba9ee2de5038518dbb01a07e3061ea0e4ad4a1690a040f3ad2f9cca6ce3654
web/assets/diagrams/stage10-infographics/stage10-lesson-045-machine-code.jpg,486361,a68a84d4f6c681210d584b39baa60fc9044be84a1d1ba2354b737379aa4a5caa
web/assets/diagrams/stage10-infographics/stage10-lesson-045-opcode.jpg,446924,f13866c3fd15f0b99314ba5593a1dac09bf31106cacf111f528e5c2148754324
web/assets/diagrams/stage10-infographics/stage10-lesson-046-assembler.jpg,202802,01be57fef6a28367f7e62c13d0bf579599130bd8468998acbfab6d0a67df9277
web/assets/diagrams/stage10-infographics/stage10-lesson-046-assembly.jpg,385811,22f962bf930125c866fa896b24adb553f6c4dcdd96df974205b56823c660553b
web/assets/diagrams/stage10-infographics/stage10-lesson-046-mnemonics.jpg,421005,1d67e70f99a116c64bf29d41f7d5fdd247557c23d7e633bab6231ba57e6449d2
web/assets/diagrams/stage10-infographics/stage10-lesson-046-structure.jpg,341932,1b4f22ce21eab56f2e2f286700ba5b954c36af54168b9ede24b3e64b641c7bf6
web/assets/diagrams/stage10-infographics/stage10-lesson-047-arrays.jpg,393952,a24b2b957aac8b971c28ac8e8e75c03157740f8d3446095ba3ffd682ff7e1712
web/assets/diagrams/stage10-infographics/stage10-lesson-047-concept.jpg,379211,7e22a3983cbd6e8b9fcfbcbf2f245750eedfb4b964a3de8ea55af0989dda63cb
web/assets/diagrams/stage10-infographics/stage10-lesson-047-effective.jpg,350930,03caa1367987d2aab9ef7b788ca841e7429fcf0d2e84a895f610c4d12f0cee4b
web/assets/diagrams/stage10-infographics/stage10-lesson-047-modes.jpg,427235,122981e1ab1877938934ff8b69fa8dae6c90731fc1144c8ad72696a1d3943bfe
web/assets/diagrams/stage10-infographics/stage10-lesson-048-concept.jpg,374570,e5971aa55dc29cdaf19ffb01683bedbb0b1b0a8aa6a7c1c25872d0734a372f0c
web/assets/diagrams/stage10-infographics/stage10-lesson-048-cycle.jpg,380856,641f2ba93b688f0b7ca44f309c68f80771491256c5eea3e4a8a1083f0aaa91e5
web/assets/diagrams/stage10-infographics/stage10-lesson-048-polling.jpg,367739,b3d9494e930fa761f837a6c0cfb4053ebdc6a5def69bea9a822c1107b7cf823d
web/assets/diagrams/stage10-infographics/stage10-lesson-048-priority.jpg,383937,1f9503ae4babb6566af3654488a05377a164242959c519718afb37c597c1c041
web/assets/diagrams/stage10-infographics/stage10-lesson-048-sources.jpg,416819,1cc667e8a7782e148508e2fb2420720ab72506d98f4871d4bb8a548596c8e515
web/assets/diagrams/stage10-infographics/stage10-lesson-049-cache.jpg,361395,a1d312201a1eaeb78f12fc19af97243672acd0fd7ad41f6a655f03ddd2c5c612
web/assets/diagrams/stage10-infographics/stage10-lesson-049-clock.jpg,419356,10b1e839312a48daa87d9fa9ed2b5e2148b4c39f42a843cff18818aa44882145
web/assets/diagrams/stage10-infographics/stage10-lesson-049-concept.jpg,188701,19f0aaf66497dd2d69f05adc392356aa98e57da34c72bfcf5cb328433fa55ef4
web/assets/diagrams/stage10-infographics/stage10-lesson-049-cores.jpg,150099,0e2a8233569fe0e80965fa0a68c3818969e345711971340be37009097b5a5b4f
web/assets/diagrams/stage10-infographics/stage10-lesson-049-limits.jpg,419387,0e8907491b8d18c0c483bee57a80f0d27d1172d791d4fb524429a53871042ae2
web/assets/diagrams/stage10-infographics/stage10-lesson-049-word.jpg,436797,5318d12bbe5a00ce6b485e16c30b6a3c1fb5ede66b679356ec0f2f13f2d656e3
web/assets/diagrams/stage10-infographics/stage10-lesson-050-compare.jpg,148015,23cb01e6230f7a1394816fa414c6ec3f0c4325abfe8d9620d245f2e446154a00
web/assets/diagrams/stage10-infographics/stage10-lesson-050-concept.jpg,288468,66b83aede34dc0304c59c98d3b3790149230252a25fbfb355e04953ef0d05aa8
web/assets/diagrams/stage10-infographics/stage10-lesson-050-device-bits.jpg,408430,03c9b0238134678d08a19a7da006ae5f9d5bc5cdfdb462a436b15fe082ccd529
web/assets/diagrams/stage10-infographics/stage10-lesson-050-hazards.jpg,440558,f68afee72a4b21e81b8c4420e4feac2e3793dec202a0a4fda20b6a529b1d8d4a
web/assets/diagrams/stage10-infographics/stage10-lesson-050-masks.jpg,394720,30eee09435bd6723113a31352cd6446044672d1205002fc0cf4c28e9c94a6147
web/assets/diagrams/stage10-infographics/stage10-lesson-050-shifts.jpg,179539,6718dcd7781e600e2adc4c2aeba7dc7c06f402ee769e2dbc5b3cef4585266ea7
web/assets/diagrams/stage10-infographics/stage10-lesson-050-stalls.jpg,464320,111021fa8d8b1a14d49601c1a88abefbe42332042efcb4d74acd84482f667e04
web/assets/diagrams/stage10-infographics/stage10-lesson-050-timing.jpg,160255,96980c1891bc9919745dbd1a9147e4000b426ac64e6d236f6386458b4cc4b17b
web/assets/diagrams/stage10-infographics/stage10-lesson-051-clinic.jpg,418125,ebb7d5ccd223d9379c162e135aac1c23bc71da5782b252c722063cf423c4b897
web/assets/diagrams/stage10-infographics/stage10-lesson-051-compare.jpg,427345,ac690c80b6da4aad556da522d3c01bb370b2c0688beb43d1035aaeb782a67f1e
web/assets/diagrams/stage10-infographics/stage10-lesson-051-map.jpg,146894,fad90f48e6d3c3995552ade4004c05c11048004ac9a6ed32282097193bfc06db
web/assets/diagrams/stage10-infographics/stage10-lesson-051-retrieval.jpg,180864,be5dd86761326b4deaeacc5e24130fc3b56c6b62eb883f9111828831842dfb0e
web/assets/diagrams/stage10-infographics/stage10-lesson-051-timed.jpg,477214,df96eb137f1dd2259255de878fd53956eaf698c3d4a9497c7cf0155dab3dee92
web/assets/diagrams/stage10-infographics/stage10-lesson-052-categories.jpg,347708,2bf86f6c0ce7d0ba900ffb60868306a25b43135151d48969e1d786c8d14c4717
web/assets/diagrams/stage10-infographics/stage10-lesson-052-concept.jpg,430240,3fba7799c8fffeab4436498200d466194f7ffb0bbe5d7f1de75fd51ba333baad
web/assets/diagrams/stage10-infographics/stage10-lesson-052-os.jpg,452835,969cecfc4670204d064ccaf9a8ea8896ecb6918d6bafdebf9975a7ac28dd08e3
web/assets/diagrams/stage10-infographics/stage10-lesson-052-pathway.jpg,350724,2f2732ee8e5f0c2061ae6229df247bde88d147ba77b302e31bfabfda7cb7dbc1
web/assets/diagrams/stage10-infographics/stage10-lesson-052-translators.jpg,392879,595e973bf337f8810ab57702dfce846ae65b902bf7c898fb1199a71ad8c3a400
web/assets/diagrams/stage10-infographics/stage10-lesson-052-utility.jpg,420816,4bec7bea26fe25cec00ed634d7766ede2eccfaf64372292174bed976e0b3a541
web/assets/diagrams/stage10-infographics/stage10-lesson-053-concept.jpg,441794,b7414cd04ab22ae09da268383c728a98fd039d7a7c0ef7187a3ba4b64870eae1
web/assets/diagrams/stage10-infographics/stage10-lesson-053-device.jpg,473087,581e02ec92ea5ceff2972645e502237d7f0b78a8e2d62c293da85a4ab4bee58e
web/assets/diagrams/stage10-infographics/stage10-lesson-053-file.jpg,457692,452c5845bfcb5094890588d0778073982cfe67a9e24c69257004f9b2ca1278b4
web/assets/diagrams/stage10-infographics/stage10-lesson-053-memory.jpg,446331,d1678b6566b972d10ff0ea55f74ee53bd9b8f36d518a44090dd8cedcc9fbf5cc
web/assets/diagrams/stage10-infographics/stage10-lesson-053-process.jpg,403490,2a75c24619e71c205cdef53db2daf58726b226e1e5592e85ba878aa45d564f28
web/assets/diagrams/stage10-infographics/stage10-lesson-053-services.jpg,537445,3fdc9b7d1328e2391f67fd8dbd03827bb8b52b7894854f3d31b1a46f823fa472
web/assets/diagrams/stage10-infographics/stage10-lesson-054-cli.jpg,343728,79e1b6841590f0237f666f1f411613379c77452047cd4ace734f27909d173e2e
web/assets/diagrams/stage10-infographics/stage10-lesson-054-compare.jpg,445401,aabd7dccd473cdd803e4f7f0ca293a2d5ea899596b13e0d8f413c91d7e7dd9d9
web/assets/diagrams/stage10-infographics/stage10-lesson-054-concept.jpg,420049,e6d6f960f95d44c7cd4e8777c084d5e53504141086977416a93ba4ae04c0f36b
web/assets/diagrams/stage10-infographics/stage10-lesson-054-gui.jpg,404454,c36619d36495140f0a02715e91215fc288b132505d921020785575b00be40751
web/assets/diagrams/stage10-infographics/stage10-lesson-054-menu.jpg,364673,bd2ac296cb3fa3674a05381f4bd00b1ac33e84ea36cb0953c47f539fb02f8317
web/assets/diagrams/stage10-infographics/stage10-lesson-054-natural.jpg,388949,f1d59b82784bb08be1244e2f4c778871109c782612d34daf3c8b0ae95ed58f4c
web/assets/diagrams/stage10-infographics/stage10-lesson-055-antivirus.jpg,371446,82dbd2a4c1c2f3f4427655bbd95076d31aa0d23e2bae36cbe4a1dc3d1760327d
web/assets/diagrams/stage10-infographics/stage10-lesson-055-backup.jpg,347875,677059123e10244628c098a87eed0ce0480788d5610950c8f8e2a2ce91543f7f
web/assets/diagrams/stage10-infographics/stage10-lesson-055-compare.jpg,367810,cab75a286396b161d448a3e81463396b75284ad528a9a506c4ccd49297109c28
web/assets/diagrams/stage10-infographics/stage10-lesson-055-compression.jpg,372246,469dc0d160124953318a414a65b470354f9410e9dbe873ec1509d50449b7a9c0
web/assets/diagrams/stage10-infographics/stage10-lesson-055-concept.jpg,429849,2c63fdc8da1b391d4eb4110cf9999387215d5cc4111d7b01c70fcef21ff37c6e
web/assets/diagrams/stage10-infographics/stage10-lesson-055-defrag.jpg,452845,9ff9e8fc7474f7984952d22dd7699bdb0aa5e133a3a52fc048f09c9eda664e9e
web/assets/diagrams/stage10-infographics/stage10-lesson-055-encryption.jpg,383633,482f489e281f1b5168aed691fba2d4074271b98c7e0b85512c853b3d04e1244d
web/assets/diagrams/stage10-infographics/stage10-lesson-056-assembler.jpg,395158,428023a6cdd7387bec9f0352c40004ecdc1196daa7cc0c49106a1d247380cb5c
web/assets/diagrams/stage10-infographics/stage10-lesson-056-compare.jpg,459089,44fc73141aaec2857ddd3f3d64ac507c70823c410164c519157c6305bfdf2461
web/assets/diagrams/stage10-infographics/stage10-lesson-056-compiler.jpg,383091,1adb54f931b5304038f143578faac13d1e396316b14a6a9be0d4ec3edcce6578
web/assets/diagrams/stage10-infographics/stage10-lesson-056-concept.jpg,177653,d006f9da12de4283048f2ede80eb5713d19bf8c3beeb0c6b955af93e52d41e13
web/assets/diagrams/stage10-infographics/stage10-lesson-056-interpreter.jpg,383289,c3e0eb6e91b5be28a8b70381ca083e6f377c1a6fddc7407c1408bb9d5f68f525
web/assets/diagrams/stage10-infographics/stage10-lesson-057-generation.jpg,370486,4173bc9e536f56bcb56a8f6222383e8bfdfec02a391e6aabe44b93931e9d3b67
web/assets/diagrams/stage10-infographics/stage10-lesson-057-lexical.jpg,146973,0886aac27752ee9c3233e7c5e8e4071adc002e1db5e6f295d117816d01f5140f
web/assets/diagrams/stage10-infographics/stage10-lesson-057-optimisation.jpg,360185,3c7f30a13e0bfee074a876b3e9fc814a311436c7a55c5d5e2ca06d4c9457d511
web/assets/diagrams/stage10-infographics/stage10-lesson-057-pipeline.jpg,398034,c3c009ad4297cdcfeaea08745ece783a5760b74e9ca969baf2b9b2ba478bb2b0
web/assets/diagrams/stage10-infographics/stage10-lesson-057-semantic.jpg,384063,64b9e0aa892ecf316915afb681851fe4561fddcaa5cc2ce48ed0cc14e0634d32
web/assets/diagrams/stage10-infographics/stage10-lesson-057-syntax.jpg,377812,6d77a3afb6459c5ca1ebbd725cdd832d132f930da3e6703b8fea8bd55c82ea81
web/assets/diagrams/stage10-infographics/stage10-lesson-058-compare.jpg,425699,e7193c5820ca2b2208ae5e1aa5ba4df9349cf848fac24215f07447fad3fbb9cf
web/assets/diagrams/stage10-infographics/stage10-lesson-058-concept.jpg,402830,6f5da5d06521ec6175deebe1a857f67aba650d9c33687db0b62805763a0ea1d4
web/assets/diagrams/stage10-infographics/stage10-lesson-058-libraries.jpg,394709,9052c55da48e8cdba3fec8d63095766526f86ff2f4c35da990828cf14a4c9860
web/assets/diagrams/stage10-infographics/stage10-lesson-058-linkers.jpg,400783,8554bf73163a046674c44174ec74ab08db7e2b4a0bc54aaff0274b6e9a65de53
web/assets/diagrams/stage10-infographics/stage10-lesson-058-loaders.jpg,324140,af2fbc95124819f531b401bf921f9ab225e2ad6a6da3db1629eb46a11478eed4
web/assets/diagrams/stage10-infographics/stage10-lesson-058-static-dynamic.jpg,392973,772b2a00a0c76767c6e95032d228282f85b09f94d1cecce8d5ba61297ed85b8d
web/assets/diagrams/stage10-infographics/stage10-lesson-059-compare.jpg,425271,3ecde04ecdce6be59053deddc5183c4142c95ee067150911dc7a0b4a0c3821bd
web/assets/diagrams/stage10-infographics/stage10-lesson-059-concept.jpg,404806,664c982905f5599f353aa905dd92d883dea3dd8b795cd749aefce99ee747438b
web/assets/diagrams/stage10-infographics/stage10-lesson-059-diagnostics.jpg,368511,32a5800d0e589f23bee73aecd62ed2f483bc9971cb17fc09b0a3079fb839424c
web/assets/diagrams/stage10-infographics/stage10-lesson-059-logic.jpg,369203,ef988e007251f1935575cd7143031f841824f2c3a94ebeb7e7dc5d677f5c620f
web/assets/diagrams/stage10-infographics/stage10-lesson-059-runtime.jpg,381121,8d10f2bcc610c85906baf1d278f15fc1f1a9e3b280119977a1fc01481ee1d801
web/assets/diagrams/stage10-infographics/stage10-lesson-059-syntax.jpg,398048,5c254d328fba1298e187cf15f49d4e8ee6cf02c76f12838e37d027f03a21227a
web/assets/diagrams/stage10-infographics/stage10-lesson-060-decision.jpg,396748,192f4cab9f85cf22f0baf16003b15a6c4616dd4816896e6c848e4da09236d253
web/assets/diagrams/stage10-infographics/stage10-lesson-060-deployment.jpg,380977,9007aa0a18ff9a616991638a2d726a156d2b74507c9d19a9652196123939ae80
web/assets/diagrams/stage10-infographics/stage10-lesson-060-development.jpg,405629,298fdccebaf26a1bbe62e1a967ed5e7379af0ae563458dc1e269e1551e87eab1
web/assets/diagrams/stage10-infographics/stage10-lesson-060-diagnostics.jpg,417447,2a89e1a2813d9a47d511506d7f75e682f09518be8a41cf08b3e42d36f59d1ad2
web/assets/diagrams/stage10-infographics/stage10-lesson-060-lowlevel.jpg,352233,87746f48340cad8fea37cc9ff65208f025398aaf4cf813df7ee9ff4d8889cb33
web/assets/diagrams/stage10-infographics/stage10-lesson-060-pipeline.jpg,174120,fa338a01a7f1de07e2980d1c4275af2aa4962be51af2e9bc684f8513bb3d4aed
web/assets/diagrams/stage10-infographics/stage10-lesson-061-compare.jpg,433459,666951b25ae687e7e986d30e581a6895a4c13acc04967ed32a2bc9da26a8e48a
web/assets/diagrams/stage10-infographics/stage10-lesson-061-precision.jpg,409506,26041a28fccf829b1c8bb97e04fc9244d5d3a223037a88b83fa7a534f3d5c22d
web/assets/diagrams/stage10-infographics/stage10-lesson-061-retrieval.jpg,158501,50d31ca50eb8320dde1f2ddd091ac01d93aeb0afc4881314579f04eabacaadfc
web/assets/diagrams/stage10-infographics/stage10-lesson-062-authenticity.jpg,379453,f7352d5c75951e7839b9b10b5b75537c4585fcfe2e92e1586b493d66aa1757a5
web/assets/diagrams/stage10-infographics/stage10-lesson-062-availability.jpg,443637,9173910f14d630ca6bd36bfc2f86382a9f8ec0e93ac8668afadbf82c4cbe5973
web/assets/diagrams/stage10-infographics/stage10-lesson-062-confidentiality.jpg,424507,80b7e68de1425961d16fb7f70c5f0186d6c27522b8d825bda3e334a0f06780d7
web/assets/diagrams/stage10-infographics/stage10-lesson-062-controls.jpg,393723,1bdf2417bb11b5f0f61ba58f5d37323b37834cb069b2242cb9daeb8afe6f63dd
web/assets/diagrams/stage10-infographics/stage10-lesson-062-integrity.jpg,529222,a681dd5000456c9a2b58fd858a293e0ad1be584aaf79d9f0861d18457d791421
web/assets/diagrams/stage10-infographics/stage10-lesson-062-risk-chain.jpg,365114,885f2a2d318d73986ac8e0c4c8d966a1e48ddf6ec1c8ee8ad6e04098699b0cac
web/assets/diagrams/stage10-infographics/stage10-lesson-063-concept.jpg,444881,e02ef92126a95a570c0f993b682aae5e39ab28096b037403a413a8da5ac69636
web/assets/diagrams/stage10-infographics/stage10-lesson-063-controls.jpg,478112,1ad4aa6c77990af576f79b00d35fe3cd98f17c5cbed136e517c47cec729e5b68
web/assets/diagrams/stage10-infographics/stage10-lesson-063-ransomware.jpg,430369,cd145077d647b611c320f1e69654615fae42bfbb587255349ab3b3bba59e2ab1
web/assets/diagrams/stage10-infographics/stage10-lesson-063-social.jpg,381546,60f92db84381e805fb78415225f50ffe3baa8cf042ca3bfcb751b21d02c3417f
web/assets/diagrams/stage10-infographics/stage10-lesson-063-spyware.jpg,455065,ea11428f2bca810377b6c5514a7e10ea13e92745181f8e8dda9e9611bbe17558
web/assets/diagrams/stage10-infographics/stage10-lesson-063-trojan.jpg,427299,db74753b625d074bb03a21ab7270a1d78f350220f7de365f9f21d6e293d8167b
web/assets/diagrams/stage10-infographics/stage10-lesson-063-virus.jpg,394099,3d6e717e38413e8613f0b67125bafc71dadb9a055ff35b2d7fbeb59a74ab74e4
web/assets/diagrams/stage10-infographics/stage10-lesson-064-compare.jpg,437057,d071c4ce710b521adbec71d225f67b08199c418bfbe5aa66037257de68da104d
web/assets/diagrams/stage10-infographics/stage10-lesson-064-controls.jpg,439799,304b191e90c5af78b44e60a1394116af330139c29d28818dc0b218f379bd5ad9
web/assets/diagrams/stage10-infographics/stage10-lesson-064-core.jpg,347074,3c895ecf83552c397cf4ad3d92888acbfde9f550e73de7f4a3e6ac3ae58e068a
web/assets/diagrams/stage10-infographics/stage10-lesson-064-dos.jpg,439938,fdb9b92f1a0d2a94d9e1dc6fb3ab412d6f87baec52321c866ceae889172835c3
web/assets/diagrams/stage10-infographics/stage10-lesson-064-hacking.jpg,421660,8341cd2dcbd8abb08ca48d3b6707462760291e44189e9ab5834bfe1822ff3140
web/assets/diagrams/stage10-infographics/stage10-lesson-064-pharming.jpg,398622,85488f46ac85872bf3ba0d955a86555df5669f74f6ea21096b11a0bc8af81b24
web/assets/diagrams/stage10-infographics/stage10-lesson-064-phishing.jpg,412277,1f374fdae2f756a17f40f0b7a272473a1df71100f6e08be27ba0c1f9ee8f6831
web/assets/diagrams/stage10-infographics/stage10-lesson-065-biometrics.jpg,455098,b2aa2cdc8d1d88503ea3d11f9079e02d6f088e8e7d3c2bb6bb7915d7014401ef
web/assets/diagrams/stage10-infographics/stage10-lesson-065-compare.jpg,434983,243af2a23ac64fce7579c1f5a5b9938d16920134b5e7e8910ab417b54c0cb822
web/assets/diagrams/stage10-infographics/stage10-lesson-065-core.jpg,427463,3ac183b4d9a4dc89b79f75af07598a023c5b006b8bb092425db30c5bf6b2774d
web/assets/diagrams/stage10-infographics/stage10-lesson-065-factors.jpg,430351,b0c2e8abc6e28df0bb7269c6af94fa5625b8104ad747aa05299848cdada86f12
web/assets/diagrams/stage10-infographics/stage10-lesson-065-mfa.jpg,396820,8f79451e76b15bbe84a29d7f700a2aae4fd684ce8b230f3b335c8414378b96eb
web/assets/diagrams/stage10-infographics/stage10-lesson-065-password-tool.jpg,345823,6c98a3c3ce3171582fdbe7e1731d39ee947445377c59e33d7ae2c44d72d8c86c
web/assets/diagrams/stage10-infographics/stage10-lesson-065-passwords.jpg,450275,975251137e6330ee96a20e0e551dedacf56c835f2df974f4f8bafb0cfc3c1abe
web/assets/diagrams/stage10-infographics/stage10-lesson-065-tokens.jpg,388252,bf6b20e62d36f34d8a892597222b9d85e75d5176cb62278a55193cc3fb21a0ab
web/assets/diagrams/stage10-infographics/stage10-lesson-066-core.jpg,397448,717608c3979f9846d236181e59a8f7bad8740f21fe2ac964566e7b8ebef2f2db
web/assets/diagrams/stage10-infographics/stage10-lesson-066-least.jpg,436337,a1ee54fd047ba457897c2365ef0b884ee71b72032efe69a76581766cf1dc94ee
web/assets/diagrams/stage10-infographics/stage10-lesson-066-matrix.jpg,394211,8fceadc33340068908d9e291350dd4bc52ea2294250e037c6a20bae9e520e8e1
web/assets/diagrams/stage10-infographics/stage10-lesson-066-review.jpg,424145,239ac7b77ced35fa667083e3ba8970a95a00e2e644cda904f8846e58a453af22
web/assets/diagrams/stage10-infographics/stage10-lesson-066-rights.jpg,416977,7f13ecc8a73f6dcf24655625c33259ec412de5cc77c377952f7bc69c55206ee6
web/assets/diagrams/stage10-infographics/stage10-lesson-066-users.jpg,427209,1caed43d0bcddb03381d77cb506f8ad9d56fb400be1a722f259b5ca56aa69181
web/assets/diagrams/stage10-infographics/stage10-lesson-067-certificates.jpg,404400,a6a12235be5adfa5887f602c1582bde729fa41e0fed0cd80a6a8bce6f3597d86
web/assets/diagrams/stage10-infographics/stage10-lesson-067-compare.jpg,263160,e7b4f1d179549ff35227b171d55b65b01776f33fb637d512016a9119caae81bb
web/assets/diagrams/stage10-infographics/stage10-lesson-067-core.jpg,488574,7c9bf7b9044de3ef715fdd880e832b43ba42b58aea31d25354c842932461237f
web/assets/diagrams/stage10-infographics/stage10-lesson-067-encryption.jpg,407638,afafc04375c5609d3af7c9bf7347ef7ebf69747b72f3f989e0b2d9f46036abe1
web/assets/diagrams/stage10-infographics/stage10-lesson-067-hashing.jpg,412491,3e96cadceff2a2f43d6858f27595dbfb02308d91dee6a3facab7625c7ee7b3dc
web/assets/diagrams/stage10-infographics/stage10-lesson-067-https.jpg,448180,b6d828a3720364040dc81f37c9a27ea37e4db22a482c9af01d511822fa70f01e
web/assets/diagrams/stage10-infographics/stage10-lesson-067-keys.jpg,409401,023eabb1d6bcf5984c307d5a10f127b9a55378390c71eaa86407199b75ca73e3
web/assets/diagrams/stage10-infographics/stage10-lesson-068-core.jpg,348649,c2d7c084b2510d1e9251fa33db8ede395269226f8301205ca5992d25872776e1
web/assets/diagrams/stage10-infographics/stage10-lesson-068-event-tool.jpg,316037,4dd41a027fa53b50f510427178b9bac18af8d13603c5466ac3771fb380432427
web/assets/diagrams/stage10-infographics/stage10-lesson-068-firewall.jpg,391119,4c54176635ccc3398f03582670b650bfb9c113d35dd268f607a5057c6e44aed7
web/assets/diagrams/stage10-infographics/stage10-lesson-068-limits.jpg,407918,5688568b1e4654fa88776c5a19ff2e6a55d9a34186a6d63241da5de9322ef3bb
web/assets/diagrams/stage10-infographics/stage10-lesson-068-monitoring.jpg,433850,5abaa1977e11cc7f5244aec3dc1cde8df8eafe6b8d35bbe563a16e1eab10b4ca
web/assets/diagrams/stage10-infographics/stage10-lesson-068-proxy.jpg,350191,c36663dab448705041a6636251e142214e34a7cfb04daa3223c306253bb3bd21
web/assets/diagrams/stage10-infographics/stage10-lesson-068-rules.jpg,423080,b729cc79fd4aa5ccd073003f87393b31943a6369d36ac4a386f45f934e760717
web/assets/diagrams/stage10-infographics/stage10-lesson-069-checks.jpg,181586,f4c24a2c4e514e4774bfb09b28a5bd7efee90ddbf65793ef1c22f5395100d90d
web/assets/diagrams/stage10-infographics/stage10-lesson-069-compare.jpg,395630,12e3f2d7e9f229bec2250a6698d9c22a58710703f2a14da2f8b440c6bf8bc84d
web/assets/diagrams/stage10-infographics/stage10-lesson-069-core.jpg,357950,36d4a698258a8d54a33f1265659507936b7b76449882745e7c5fd84eb53a8379
web/assets/diagrams/stage10-infographics/stage10-lesson-069-limits.jpg,360609,597f9bbbd7eb7dcf04c0f051d2d1ef12c6d39abbfbf27ff5aca7d335e1f594b8
web/assets/diagrams/stage10-infographics/stage10-lesson-069-validation.jpg,370910,afc05efc945d2dd06e3abf3dd49fef532db527867a4b9d7dc19c166ac313a8d4
web/assets/diagrams/stage10-infographics/stage10-lesson-069-verification.jpg,509711,19e3d24db87a35eb289afc7573f9e8ab5c9968d1dda0bf837e6b404e55197e19
web/assets/diagrams/stage10-infographics/stage10-lesson-069-verify-tool.jpg,404206,48a21c36772fcf620e11858586f7cb738f348f260d9a49a4d603fb13505e5847
web/assets/diagrams/stage10-infographics/stage10-lesson-070-audit-trails.jpg,360979,8ce1a41ed67b7c2129de6b20b5f534bcbdee629fb3c8f9a3186a5c92128bf911
web/assets/diagrams/stage10-infographics/stage10-lesson-070-backups.jpg,459477,4c736a160f3a0921b874061f61fb14f07f78b329d1c6242f3211c4f482121c9b
web/assets/diagrams/stage10-infographics/stage10-lesson-070-compare.jpg,450419,3972cad4feebad9c1f354a384d99c9a3f4ff183a07002244cf8f583e11102ac7
web/assets/diagrams/stage10-infographics/stage10-lesson-070-core.jpg,421065,6128ffe09f04da7db25642f7672f5197d106a48f6f88f28f66103ee49ff798a8
web/assets/diagrams/stage10-infographics/stage10-lesson-070-recovery.jpg,402778,f47ade1ce30aa853abb34998b699e9e00065fadbb4bfc1b4095a13a4f082f70f
web/assets/diagrams/stage10-infographics/stage10-lesson-070-rpo-tool.jpg,351588,862ed5b335f3f6af5560f8dc9c159818d3c7c8add7349af52f69bedaa4c6e4e9
web/assets/diagrams/stage10-infographics/stage10-lesson-070-strategy.jpg,420583,80f3d955b730e8a763776040fc4bd4b37ae4831083aabcaa6992e18ad170b2e0
web/assets/diagrams/stage10-infographics/stage10-lesson-071-compare.jpg,506879,7d7691035943c3d7efdb635d86c90924783017933e66c84ecf50895262840552
web/assets/diagrams/stage10-infographics/stage10-lesson-071-controls.jpg,143431,df62a461edbe1faf2d97f57ee6cbe08318277881cce8528610d03026c84e7d9d
web/assets/diagrams/stage10-infographics/stage10-lesson-071-diagnostic.jpg,386714,0e815296e2cb8b6ea5524a3222bc0c3e30496f01c5105a6ffa0fb2c580d8965d
web/assets/diagrams/stage10-infographics/stage10-lesson-071-matcher.jpg,383630,10df7b567e068df302cdddfa4a0d22db8f2c601666bd859c3759417cb3e62af5
web/assets/diagrams/stage10-infographics/stage10-lesson-071-method.jpg,386757,4cbb1cb629faf874bd3d51de5f3f6de36852493119c4e806f44ba8ebcaf54bef
web/assets/diagrams/stage10-infographics/stage10-lesson-071-review-map.jpg,386274,91cfef4be0efda5c1347c1a3744a9e2a17091b9f7b0ce25fc0435dd7f28b675b
web/assets/diagrams/stage10-infographics/stage10-lesson-072-ethics.jpg,395419,961b467683f8c07b320cff74aee75f9cba1dadd2333920d978d151459a2192c1
web/assets/diagrams/stage10-infographics/stage10-lesson-072-mapper.jpg,341519,a5753f4205bcfee90ceb0e8e58661ba44a090479c2ad1c02d26bcd27a99d23a9
web/assets/diagrams/stage10-infographics/stage10-lesson-072-method.jpg,370739,7641ce2a8d76820a88635ed02cfa4ed4b6ad6820e34a567d536daf731fb59a4e
web/assets/diagrams/stage10-infographics/stage10-lesson-072-stakeholders.jpg,379903,62c4461d6ba8a8dd8755476c43a90bb72d975d1be2abdb5e42edf72e8be3d6b1
web/assets/diagrams/stage10-infographics/stage10-lesson-072-tradeoffs.jpg,460422,15982c7298c3371561d443bf026c9baca1666f8e3f0aa74b94e81c3c7da03277
web/assets/diagrams/stage10-infographics/stage10-lesson-073-checklist.jpg,352422,3961f4bcfc3dbd1bcc26cf622e1821589de6f2fd42459d3833e861bbc7ea5c04
web/assets/diagrams/stage10-infographics/stage10-lesson-073-method.jpg,405867,351672a1cefaf4fce80911470d86f73e793665448e5f781b92655ff936d17c52
web/assets/diagrams/stage10-infographics/stage10-lesson-073-principles.jpg,425209,d9947e987b6c89689bbca9f70e8251ae37151391be8a2ef21536709bd9ec3146
web/assets/diagrams/stage10-infographics/stage10-lesson-073-privacy.jpg,415293,c11d56b2e7698e0ee434f3e2005a6e6da06054fe5bfe284ee9a17cf2de3c46ca
web/assets/diagrams/stage10-infographics/stage10-lesson-073-protection.jpg,464449,43e6378f20d50423d2bbb6841e29de6c6dfbff7f75b7e7fca581cbce413659f2
web/assets/diagrams/stage10-infographics/stage10-lesson-073-scanner.jpg,358877,6b3501506fa67aa41865fe9ab3b61ab0fe39aa4632a644bce2463ab68efada26
web/assets/diagrams/stage10-infographics/stage10-lesson-073-surveillance.jpg,452836,dda9638079579a4ae6ac7c7fb2e4c49b0f71f1c60b55e8ba871cc688b372abd3
web/assets/diagrams/stage10-infographics/stage10-lesson-074-compare.jpg,446020,eeca8466f8f52e6b51cf7d3ee52e0f4dee4e7d03fc6ec8d41f56887cc80a178b
web/assets/diagrams/stage10-infographics/stage10-lesson-074-copyright.jpg,406745,48c374a3bc0b66beee5dad80a596c545ff2ade4a50c3076da42e4e0f7b894f16
web/assets/diagrams/stage10-infographics/stage10-lesson-074-ip.jpg,155071,e5b6372923ad9e75d62e61be56c0deab3064dbcc6e2d848cd86f231544caf99f
web/assets/diagrams/stage10-infographics/stage10-lesson-074-licensing.jpg,445708,b75db11ba6041f7db8bfbf5ad003bd27bcb6681e4711feeb2d36171c7e480b59
web/assets/diagrams/stage10-infographics/stage10-lesson-074-matcher.jpg,366357,76379225c0f0997161bf7e5738cfe44f72dc097fa36f01d2fff3e183352e19a4
web/assets/diagrams/stage10-infographics/stage10-lesson-074-patents.jpg,412636,2439c9c23d999441fca7c4556c333ef4c9522e330facb07beae5f9e55f556cf5
web/assets/diagrams/stage10-infographics/stage10-lesson-075-advisor.jpg,337265,8807a00c4ee60fa8dede87fffa9b7d3afbc0e0908868e24be18d9e39fe83d6b3
web/assets/diagrams/stage10-infographics/stage10-lesson-075-method.jpg,409272,fd3a8240683f2f1821b644d50797843829fc6c657b3f0839238418d280594be5
web/assets/diagrams/stage10-infographics/stage10-lesson-075-open-source.jpg,416353,dbe4502550267cb62e7cb945f93717389ac10bcc94be6f505776ff1ff970d386
web/assets/diagrams/stage10-infographics/stage10-lesson-075-ownership.jpg,413214,5a118011739e44bca9541746500a1a1457b11397a5938762858187fbbd3b65b7
web/assets/diagrams/stage10-infographics/stage10-lesson-075-proprietary.jpg,369698,e01244ebcd0c64eba111d51996c9f7e847e113dc70182d449d222d903752b9bf
web/assets/diagrams/stage10-infographics/stage10-lesson-075-tradeoffs.jpg,437319,480b9da8d3e30a9166f1c41a7c8aec75da4da201bc09fbd662ea4dea0b8a5cc5
web/assets/diagrams/stage10-infographics/stage10-lesson-076-analyser.jpg,335780,26427fad831b9d7913a3e25b47fc817ef24c016185fbc9c28727cc25ad9aaa2b
web/assets/diagrams/stage10-infographics/stage10-lesson-076-digital-divide.jpg,469666,55240b7647cee80878233a0f94b1ed47b2916a982eb16ebeeb5d6a9e9509b60c
web/assets/diagrams/stage10-infographics/stage10-lesson-076-environment.jpg,436894,c5564551ca6f025c23518584467b255dd0ddd11c4c48e4e67ff86725a3bcb266
web/assets/diagrams/stage10-infographics/stage10-lesson-076-ewaste.jpg,443723,3c21347b0f07329d7fd664a0689595746513f47391dfb2abc8767ab004b73687
web/assets/diagrams/stage10-infographics/stage10-lesson-076-method.jpg,350261,e2f7093cad4a800361a6625f674d6756b8a9be6e504b85711b5181a822050db5
web/assets/diagrams/stage10-infographics/stage10-lesson-076-social.jpg,416545,fb769cc0954782feec7e91ab245e37892e3591bd6abdc53f04b9a68e4234aa9e
web/assets/diagrams/stage10-infographics/stage10-lesson-077-compare.jpg,498125,7e6331574368d54da9ad4b50360c2d859322422ac13d83510dc91b47e3d307ba
web/assets/diagrams/stage10-infographics/stage10-lesson-077-map.jpg,417854,3854c8d4ae4b86717bd61683bf40b790eb191e871a076d99ea785097dbb8a7da
web/assets/diagrams/stage10-infographics/stage10-lesson-077-marking.jpg,414665,17dc5d3e11ff9adb1204e0dd43b7f5ffb324283069f59a3be3d1426dfa061243
web/assets/diagrams/stage10-infographics/stage10-lesson-077-structure.jpg,390938,7c0aa85752b72850ac7ce01231cc8bc647cbbff3ae3d7f52d4dc25c00e1b5710
web/assets/diagrams/stage10-infographics/stage10-lesson-078-data-info.jpg,372950,ac9bae173e670ca5cfbf94282ee06c119b683d8cf075577eee7a5f76ccffa648
web/assets/diagrams/stage10-infographics/stage10-lesson-078-database.jpg,425907,2e8566d02abc399b6152f5ba3942950c22ef3ea7e32556682358fb280a7147e8
web/assets/diagrams/stage10-infographics/stage10-lesson-078-dbms.jpg,446554,d23e5ff712edf4021002075ef9f1d816702c8484182880e123e676d0f1c2eb0a
web/assets/diagrams/stage10-infographics/stage10-lesson-078-scenario.jpg,333683,43f8d8af5528d1ca3281173c9b7a481d7d5920cf1f2d9936393e9c25f6e5d5fb
web/assets/diagrams/stage10-infographics/stage10-lesson-078-sorter.jpg,346739,2ec20bc163e16b15aa33ec446bbdce8672882d888a0a695c95c62e6bb47976b5
web/assets/diagrams/stage10-infographics/stage10-lesson-078-terms.jpg,380070,ed70b6b75817d6014207965479f7433fe30526e9d42e2f2d0c85a7e1d3a74ab6
web/assets/diagrams/stage10-infographics/stage10-lesson-079-anomalies.jpg,447674,8f742a02c89eeef557cc1ffa7d8dd4d008f5f7a3ca4c553f14abce7939aa6892
web/assets/diagrams/stage10-infographics/stage10-lesson-079-compare.jpg,405296,634108a073be37aa61273c1bf264a9cc662f85eb7608d5125ddec583b1aba036
web/assets/diagrams/stage10-infographics/stage10-lesson-079-flat.jpg,325608,4ed7b2007722392f488823da77b5204fe4c8c86767543321f83c9abf8aed2405
web/assets/diagrams/stage10-infographics/stage10-lesson-079-relational.jpg,405410,a57f12242cc4035ae954902a8114caef24f8ee379596ebff97cfde85a25b3f46
web/assets/diagrams/stage10-infographics/stage10-lesson-080-checkpoint.jpg,439611,8b0d270f8e60b9071977187cc6ded32ebcb3730e25876176c0b42c5207ba288b
web/assets/diagrams/stage10-infographics/stage10-lesson-080-constraint-tool.jpg,330757,4860f139930ea2ed230a9d0482a5f3c742f4367a774db3e35ecdbddf43dfca63
web/assets/diagrams/stage10-infographics/stage10-lesson-080-constraints.jpg,419606,767eba86cd6d28e512d7b8db9cd1522c44b241a0c0465942af16d3da57ec9508
web/assets/diagrams/stage10-infographics/stage10-lesson-080-fields.jpg,412665,b08329d5ecc450038b3dfdad96135a2e163079b847c78d56cb076e98259ee9ac
web/assets/diagrams/stage10-infographics/stage10-lesson-080-terms.jpg,365364,1473db3fe051e59fb2e11d35ea774e0af024b94e2d0ae768b7be8d798e7ac5ac
web/assets/diagrams/stage10-infographics/stage10-lesson-080-type-tool.jpg,329052,1b71de75f13f50d7e496c770cc0b3c01e5bf78f90353016f38e8f323692bea15
web/assets/diagrams/stage10-infographics/stage10-lesson-080-types.jpg,359360,57f060cafa1560414d96c7d0e2d952ec7e7dd4e002105b317583388d70a53dd8
web/assets/diagrams/stage10-infographics/stage10-lesson-081-foreign.jpg,372950,614d1734e7a572ee9160a3c8bab13f7a479569c7d583ebc44c042cb0de86dfd7
web/assets/diagrams/stage10-infographics/stage10-lesson-081-key-picker.jpg,378905,69a3f5ec141a129262512655c611b0b7f9a28b82c5b1de0f9b18610db808fc4a
web/assets/diagrams/stage10-infographics/stage10-lesson-081-primary.jpg,151627,ac3d7d8c60db6bc72700a87566de15fc055988002a60bbae402721a03ee6818b
web/assets/diagrams/stage10-infographics/stage10-lesson-081-referential.jpg,376898,3d04428f7c2b27fe8b73dcb0cc1f85a0f74448277bcbacf9fc7316fdcf5dc95b
web/assets/diagrams/stage10-infographics/stage10-lesson-081-relationship-tool.jpg,353967,303a8da31bddb87e1e5ee2cc1304bc0f69d1b27d7f3f031f86199fbbae77907f
web/assets/diagrams/stage10-infographics/stage10-lesson-081-relationships.jpg,435954,4a560a4786b4c408de34c4f2cbfde42d7f8d58277022e8116ef3063fabca4501
web/assets/diagrams/stage10-infographics/stage10-lesson-082-attributes.jpg,394299,75bc870256a17a605899836281cf8a32b6ac97c86a47a218924eddc7e9ef453f
web/assets/diagrams/stage10-infographics/stage10-lesson-082-cardinality.jpg,438698,2ee6c6e7550525f935ace02f21b34ceaddc300e733c6f98894dafb8182b15eb4
web/assets/diagrams/stage10-infographics/stage10-lesson-082-entities.jpg,400207,3532e54697fc0ac345ce6f75b7093af6794d7ce99bcfb4fcbe0a9b5bfebc7acf
web/assets/diagrams/stage10-infographics/stage10-lesson-082-parser.jpg,322695,fd6284e98665edd6658ebfa20623584bf82ecb7875f5f177dc0cc80442cf9bc0
web/assets/diagrams/stage10-infographics/stage10-lesson-082-participation.jpg,438045,9e1e049854b85bf12108016dfe05f75030a56f03fb2d8ff4ff157a792cbdcb20
web/assets/diagrams/stage10-infographics/stage10-lesson-083-anomalies.jpg,515965,cbee6969a61c3339b1d9ed2a6239f6d263805131b05c8fc51020911f7e188813
web/assets/diagrams/stage10-infographics/stage10-lesson-083-normal-forms.jpg,182607,a895afae0535755bc051f186bed2e76a547b7d75875aa6664da5b02a2a5a1f89
web/assets/diagrams/stage10-infographics/stage10-lesson-083-purpose.jpg,442504,761a61ba8a2164707cbf0cff7907ece406470d5be018ef96a8e56ac5bbbc9aab
web/assets/diagrams/stage10-infographics/stage10-lesson-083-redundancy.jpg,454110,71431f79af9066323cbddb62240d1bf494dad5396c321597a78a7c54030cf6d6
web/assets/diagrams/stage10-infographics/stage10-lesson-084-clauses.jpg,361024,7131441b5f7cc875c117661a3e515f73baa3b425d19d423f0f0d2da54c3dcff3
web/assets/diagrams/stage10-infographics/stage10-lesson-084-conditions.jpg,395371,700b45553308f5e608aeb30cadaa8ed249bbd7007dc5beebbf2803f7e4c45e77
web/assets/diagrams/stage10-infographics/stage10-lesson-084-strings.jpg,376110,4a70d9e2ef41d9702c7cf5af562a8bf790c2d1b5d13fb05123bd98d2cdb6f19e
web/assets/diagrams/stage10-infographics/stage10-lesson-085-aggregates.jpg,154525,738a17f6ff6c3ce7887bf008a54592bffa9209461affef00a1f5771f58841903
web/assets/diagrams/stage10-infographics/stage10-lesson-085-groupby.jpg,377413,bcc82b3ad4712900e2a0a20e38e0cb454f06a343a3fd59e99f207bca367cbf42
web/assets/diagrams/stage10-infographics/stage10-lesson-085-orderby.jpg,351819,bd3561fe982a1fbd36260e2c54bd058c3f9cc653f892716a37818750be933d6c
web/assets/diagrams/stage10-infographics/stage10-lesson-086-aliases.jpg,381027,9cc31d8ed4fabd6e83321728164a05fe4856e3b5649097ded7d25bc841bc35cc
web/assets/diagrams/stage10-infographics/stage10-lesson-086-join.jpg,290689,4aa3e5e2bf7e03194cf19991b899b90baa36ce283031152ee16e42537060c817
web/assets/diagrams/stage10-infographics/stage10-lesson-086-relationships.jpg,389996,4258af959184685bf6b099bab7c23587bc310a44cb19e655bd147321ec393d11
web/assets/diagrams/stage10-infographics/stage10-lesson-087-delete.jpg,360363,06889144fb817b703a20125518fefdbc41513c3bfafb77e7cbf1223008a32e15
web/assets/diagrams/stage10-infographics/stage10-lesson-087-dml.jpg,374486,69eb4a10218024b591e0c590e04ddec293ac01f22b87bc54e82c7fcb5f12c24c
web/assets/diagrams/stage10-infographics/stage10-lesson-087-insert.jpg,305667,3323195708d94d6816a1adc132404fb258cc10be4c504d8246c2db0d877b1392
web/assets/diagrams/stage10-infographics/stage10-lesson-087-update.jpg,392493,e594f9d2dfeeb2015f24e09b9a18b90845a86c7b9b60a032133734128c9d6e8e
web/assets/diagrams/stage10-infographics/stage10-lesson-088-backup.jpg,441814,cfd05527dea6bbae0036463a4b20c37086f97b50ed1e806088dadadb337a5b7f
web/assets/diagrams/stage10-infographics/stage10-lesson-088-security.jpg,395859,b13dc259e8357deef810debf9c45de3e06d8c0fe1ee6798dbfd3e5865d9f5990
web/assets/diagrams/stage10-infographics/stage10-lesson-088-validation.jpg,414454,5f67dfe4af6499a45568d2980ee8ca8d9258e96faf325043c93c6c74632c4303
web/assets/diagrams/stage10-infographics/stage10-lesson-088-verification.jpg,377519,b0a1105344858fc5ad47abd1b9c5ebe0355a0cf5465b7ba8dbf42743a4744c58
web/assets/diagrams/stage10-infographics/stage10-lesson-089-design.jpg,441253,ad36a2faea2ae43b7ba35d2c33372ff449e4895a8c061033f2927b82a96acd89
web/assets/diagrams/stage10-infographics/stage10-lesson-089-map.jpg,494679,cc7446008b008847be320acb3b4ce8fc9fb04ddc7da4afae27bbfde08baaa892
web/assets/diagrams/stage10-infographics/stage10-lesson-089-protection.jpg,419270,dc6b6252b1fd7de21b087b513df044f0c13a81b8f9f6f1af49bdd7414e9a94e5
web/assets/diagrams/stage10-infographics/stage10-lesson-089-sql.jpg,202036,a069a586815c55082e5b57c544474d729cbac3b4fa8bfe2d445910d9bf5dacac
web/assets/diagrams/stage10-infographics/stage10-lesson-089-tracer.jpg,318699,8069c28f321fea94e42408aef9fcadb8ab2a9aebdbae04c8e05b016ef10e5d68
web/assets/diagrams/stage10-infographics/stage10-lesson-090-calculator.jpg,388740,8ca6b7e739030d587f32911bc5984cbdbd0269f537bcaebdd0e0b992e4b7103a
web/assets/diagrams/stage10-infographics/stage10-lesson-090-communication.jpg,482935,660eb529260182286a3436b658e863d4917900fe59886fcb43f9d12d622d3971
web/assets/diagrams/stage10-infographics/stage10-lesson-090-map.jpg,429875,fba19dd8ba8cd7e39d14cfb694322526b0ff280ca39c7b9127713ca589e04af5
web/assets/diagrams/stage10-infographics/stage10-lesson-090-representation.jpg,408427,a9116189cafb681a829080d164132a20e21b593884163c1a4574bf2dacec8a20
web/assets/diagrams/stage10-infographics/stage10-lesson-091-hardware.jpg,426771,8da5d02667fb246a4c85aa891e3551123b6e9725e74a9da0f41ee09daaa0ae88
web/assets/diagrams/stage10-infographics/stage10-lesson-091-logic.jpg,492504,844b340e3333905ca27ea2b12bc02a2cc47d662fe787ddc159d6b29b71d940d6
web/assets/diagrams/stage10-infographics/stage10-lesson-091-map.jpg,513715,49b8b4294f35e692732db654c53dd9808ab02b742e475c4229b4083ba9111091
web/assets/diagrams/stage10-infographics/stage10-lesson-091-processor.jpg,378610,e1f97530a6e6ac6c98f668c015216e90dcace93f6b6fd5d56d70f3f32bda3970
web/assets/diagrams/stage10-infographics/stage10-lesson-092-map.jpg,153929,d4a474e6efe9fabd34f2a174c089ddd19d50342d70e09354d6c4e45900971419
web/assets/diagrams/stage10-infographics/stage10-lesson-092-matcher.jpg,313723,73c77b29a9ca9bde25b63a46f6566d8d31073d307ec448152f26ebdeec5b14a4
web/assets/diagrams/stage10-infographics/stage10-lesson-092-security.jpg,391025,3e97700c395eadc2aa121260eccab4103ea8b3f59ba93f830f76b3f8f030fee7
web/assets/diagrams/stage10-infographics/stage10-lesson-092-software.jpg,438937,67f59373455a558ca5b67f036e12f607db051b43ef47337662460b4d5a0985a7
web/assets/diagrams/stage10-infographics/stage10-lesson-092-translators.jpg,394750,3e423bf6cc145ebb26a2c17e8dfad3cdb46994b1345908065bc3c7c8a9b5806f
web/assets/diagrams/stage10-infographics/stage10-lesson-093-databases.jpg,155545,ba04d9281d0c8b4b18cde607e0986e8e8349c02b43e0cf962a299d5048be24d1
web/assets/diagrams/stage10-infographics/stage10-lesson-093-ethics.jpg,515001,051b52cc2b35c52c0f6239a0c9c4ea0e92a08946787093f163fb5e13d842ae9a
web/assets/diagrams/stage10-infographics/stage10-lesson-093-map.jpg,423407,337124644c1e7953cb821031a0e6b7d0a4aa2a13b29af2e54bf83b8bfafd68e7
web/assets/diagrams/stage10-infographics/stage10-lesson-093-sql.jpg,203625,8136a6cb9157aa6858dfbbf94af1c3435a91ae197491d88e7f65f7b1f2f2a6d9
web/assets/diagrams/stage10-infographics/stage10-lesson-093-tracer.jpg,267578,987e6dcf3789ac80cdfac51c771c50bab20cf1f727950b68e71826e8fb0ab95f
web/assets/diagrams/stage10-infographics/stage10-lesson-094-answer.jpg,418223,40212cd3e1b7890276b2aa8966c069f8ee497b82578fcf2ad332feca94a60fa5
web/assets/diagrams/stage10-infographics/stage10-lesson-094-commands.jpg,339907,7eb32d84048b2dc7fa3fae6186f8a4f1ff7f14937d57f15086cfef69dcf14b25
web/assets/diagrams/stage10-infographics/stage10-lesson-094-decoder.jpg,335025,f2d50976f417f7ef9732817d20c94d0867e389e2763fd449d6fe237abf926bcf
web/assets/diagrams/stage10-infographics/stage10-lesson-094-map.jpg,502210,76e7dc43ff68b3992abad3299b4f79750f5093fb68f84c3303cac401e02d18df
web/assets/diagrams/stage10-infographics/stage10-lesson-094-strategy.jpg,435839,7cc36e7388a8d46ddee882a3d598dc10531467c81cc9ab0da390c07ae57997ee
web/assets/diagrams/stage10-infographics/stage10-lesson-095-marking.jpg,410333,812349edf8083a0ef137c68656c279acbcdbb24650ce7fa204afc3b2151e58b7
web/assets/diagrams/stage10-infographics/stage10-lesson-095-planner.jpg,355223,6579124a494125b3d1653230a15adaffbf55f8b7ce5ec78f02c91d96fb4504b9
web/assets/diagrams/stage10-infographics/stage10-lesson-095-quiz.jpg,359490,f8149634d596333e64165e78dc6f235d12b1167e7adae2e69cbc9a191a220f0e
web/assets/diagrams/stage10-infographics/stage10-lesson-095-short.jpg,451884,41964e6e1f7ea17532d7864cd54b121dc8420342eb831b6d59386f0c69223f88
web/assets/diagrams/stage10-infographics/stage10-lesson-095-timer.jpg,328230,474031248c5f0dfdf25d2a7f3a5dfe76f2cc24a8ccb67bc70b612648dc48cb5f
web/assets/diagrams/stage10-infographics/stage10-lesson-095-timing.jpg,211127,6a26385c1c1716453cad3d6f40f9a142360f2df96e73b3bdf8d671e84076185c
web/assets/diagrams/stage10-infographics/stage10-lesson-095-triage.jpg,381486,69945f5de94c7bd1030d96222f3d185bf30c0cd3f7631a61e56eb0a9358ed65d
web/assets/diagrams/stage10-infographics/stage10-lesson-096-balance.jpg,522082,94e29bcd0f51221df37b625c1e7b51159530b97934992e0e9fb4ede2f68a7f16
web/assets/diagrams/stage10-infographics/stage10-lesson-096-map.jpg,442057,2d6d44c78f42aac521aff4452710e4c8754472dd1edfd32fb4c772d83fc110f2
web/assets/diagrams/stage10-infographics/stage10-lesson-096-marking.jpg,366953,28c8422ce66b6517f6a10230b05f3e6c96a411fddda6e8a80259d15884dcfbbd
web/assets/diagrams/stage10-infographics/stage10-lesson-096-planner.jpg,319842,f6eb3c9bc21ee80c497f6b076466fc83cdb05777e2580c890d4c79f66ccfb304
web/assets/diagrams/stage10-infographics/stage10-lesson-096-structure.jpg,427060,4af1079752c6ddd8e286492702c0aa3db5c500e32d9d2c864c089492a41c6048
web/assets/diagrams/stage10-infographics/stage10-lesson-097-clinic.jpg,412616,b65f0aff67ef1491c15101bb5506ef6ab841c7e20b9ef4377e685fc799d71b22
web/assets/diagrams/stage10-infographics/stage10-lesson-097-coverage.jpg,474689,59ccf79ceab07a75e23323234aae6f94b4131848420dfb52e91bfeebc5a31995
web/assets/diagrams/stage10-infographics/stage10-lesson-097-diagnosis.jpg,399380,d6dc87f64ba2824243647f0cf1bca6a9610bc76a8af369150e6ff3cc680e0cc7
web/assets/diagrams/stage10-infographics/stage10-lesson-097-error.jpg,346760,70c17d82add3aa7e075c95251b77a0fdb9cc26e123b8a7e7435301c3c2eb7b00
web/assets/diagrams/stage10-infographics/stage10-lesson-097-rewrite.jpg,364705,92a247fbfeb6a7a7fc1c2832f252ec36dc8310934445e518b500b5cd19e0d07f
web/assets/diagrams/stage10-infographics/stage10-lesson-097-routine.jpg,365034,9090cd435e42aff2b8e5136def04eeca86b1fbd5e7008838f962586ce6ef1843
web/assets/diagrams/stage10-infographics/stage10-lesson-097-score.jpg,336029,ae2253924f84754671ca2077bd734434306c0035f8ba5e50c191098b5854b959
web/assets/diagrams/stage10-infographics/stage10-lesson-098-concept.jpg,156348,cb1983a6ad22dc5b477261264ef6fcfaba4614f21153dc31e346b282c78e79f4
web/assets/diagrams/stage10-infographics/stage10-lesson-098-constraints.jpg,152841,21f9770d26dfdfb26e6bd12aa702fcf1031a6a640b2cb708f9f7b5a6e567622b
web/assets/diagrams/stage10-infographics/stage10-lesson-098-model.jpg,153556,eef2197e66f58b683e1bc076acecabcd3173b536cc38ceba31f39a964fbd4fad
web/assets/diagrams/stage10-infographics/stage10-lesson-099-abstraction.jpg,157515,fa21e3e6d7e21a30f9a28fdc835bc3e2466f35f707296eb4ee5e2fa3a3114375
web/assets/diagrams/stage10-infographics/stage10-lesson-099-decomposition.jpg,164313,2d27cd07a1c4f3bba75f476775105517295f27d3f90fccdcd909dae4cd8cc742
web/assets/diagrams/stage10-infographics/stage10-lesson-099-filter.jpg,345719,85aeb42df1b1661ac4c501ad6282d57996d31f58358722f7b55c670d66e7a698
web/assets/diagrams/stage10-infographics/stage10-lesson-099-pattern.jpg,421614,65e208ee753368c28bc798dbf586638cda297ad896475066e882542ad1d9e329
web/assets/diagrams/stage10-infographics/stage10-lesson-099-sorter.jpg,332362,9c80d8a0a5331cef4e7274e530c3c634e2ac25a51d2620db4dc301fd903656dc
web/assets/diagrams/stage10-infographics/stage10-lesson-100-combining.jpg,404054,61c6ac54eee9f74a7c44749f9449ddefcfb39b864f028d05424efe3195240da9
web/assets/diagrams/stage10-infographics/stage10-lesson-100-iteration.jpg,356417,301f06e466cc307882b9dd53159ca2dcf800ee6721c84c5a9a5eb9bd933569a1
web/assets/diagrams/stage10-infographics/stage10-lesson-100-pseudocode.jpg,156690,475033d7d823acc5ee2665c19f9aeddbc3125db278d24217a2cd98a0d665a4bf
web/assets/diagrams/stage10-infographics/stage10-lesson-100-selection.jpg,297987,a82085662a26bd2d2eb095c90e6e7ec3d5df1fecfe12fb33bf2d37082654a6a0
web/assets/diagrams/stage10-infographics/stage10-lesson-100-sequence.jpg,289461,09837905dacfb9bb43ca0bd42ccf42d090624a6ee38fba39dfea71383f184ef2
web/assets/diagrams/stage10-infographics/stage10-lesson-101-equivalence.jpg,165590,5f939dd3cac18d3a2208e771cd49e0b0a60a9f04c2c9b2827dbad001c6c96594
web/assets/diagrams/stage10-infographics/stage10-lesson-101-flowcharts.jpg,187384,577416e9696ac9b35146dbfd0a946933616720439ec667838fa16c193f6200bf
web/assets/diagrams/stage10-infographics/stage10-lesson-101-notation.jpg,424075,8998a2b99aefdbb4edb9310c80b7c25de4fb5f9dcf6c56e5cd2f956f7ec63d44
web/assets/diagrams/stage10-infographics/stage10-lesson-101-pseudocode.jpg,350174,498a079fe9ed0befd9b2e1d152235fa154948cab720e33f27d0ca4928c68c049
web/assets/diagrams/stage10-infographics/stage10-lesson-101-structure-tool.jpg,326644,11b257941f7a4544c77aeb13445ad21a4bbfaaffc86cc562a9fce438950defa1
web/assets/diagrams/stage10-infographics/stage10-lesson-101-symbol-tool.jpg,303550,93b17a9e183ff74099ab50b4179ddd4ef2eac44d56f6d6c0927ae14f15537abf
web/assets/diagrams/stage10-infographics/stage10-lesson-102-dry-run.jpg,396317,bb6b85bc48edb21a6c121154a02f91272f805fa18e08d4eaf9c171cfedff5e97
web/assets/diagrams/stage10-infographics/stage10-lesson-102-loops.jpg,452272,67e0a83dbbb2c190f87cb40d8eed02b88bc869af4507f0e911237a9fc9ed2e18
web/assets/diagrams/stage10-infographics/stage10-lesson-102-predictor.jpg,292285,6b1e3e5ffd1ca944521106e754b7dcc12869259819f3093fd1268c0a089b8ef7
web/assets/diagrams/stage10-infographics/stage10-lesson-102-pseudocode.jpg,166334,6cbaffbd1b2deed5cda1026498c406c4f3a404d6734bba9548fb5080ae0c40f3
web/assets/diagrams/stage10-infographics/stage10-lesson-102-trace-table.jpg,352318,6d9d2ff36bdeaae5250b8e2fe86c462a3c8cd16a654cc6d2e057373b81619a83
web/assets/diagrams/stage10-infographics/stage10-lesson-103-checks.jpg,197678,5b106d34e0d77259c5e6c4fe19321fb5f5813b2e74da0595b7144a614bdf7ef9
web/assets/diagrams/stage10-infographics/stage10-lesson-103-defensive.jpg,297323,1943a8cdb8ef5f8d68c26f53903ad3bc2acf31e8792aba2a30d153fe56336429
web/assets/diagrams/stage10-infographics/stage10-lesson-103-pseudocode.jpg,167998,1492d948633689603fe6f506bb7e7ba8205321a2dfc8d3f84754cef322955675
web/assets/diagrams/stage10-infographics/stage10-lesson-103-tester.jpg,318975,d7cdde26784c1be1e9d6f726bbaa8a5ab210581ada8a3b1cfd08308a45efd5be
web/assets/diagrams/stage10-infographics/stage10-lesson-103-validation.jpg,398821,bd390529c2b005e07ab5ee86ea380c2aaf1278dd1fd1a71c811048e5138fd521
web/assets/diagrams/stage10-infographics/stage10-lesson-104-binary-tool.jpg,331298,17e240e727487e9a56beeafaab36e7ff67690f04e1ad7b5c2ec36053d5db4197
web/assets/diagrams/stage10-infographics/stage10-lesson-104-binary.jpg,149930,a93f10031844cdddfe18df0a42b4dbff0027bef9afaff49a27c4fa6066097103
web/assets/diagrams/stage10-infographics/stage10-lesson-104-compare.jpg,342337,4ba3fa1e720fee58c1670eac90281de6ab7875c7e1157edf1492a0f04e7da53d
web/assets/diagrams/stage10-infographics/stage10-lesson-104-linear-tool.jpg,308299,5378584539690891cb9f89d5fb9bd35eee3c4c591a98b44964d96dd575fc346e
web/assets/diagrams/stage10-infographics/stage10-lesson-104-linear.jpg,354622,3a38ac64255cd7ffc87d3874c48574fe795b0ab70e971e1ce3410139bba4dec4
web/assets/diagrams/stage10-infographics/stage10-lesson-104-pseudocode.jpg,165636,e695f67bf159732486e52da61751aaecb48085bff6a60deba142e6321bbc6be3
web/assets/diagrams/stage10-infographics/stage10-lesson-105-bubble.jpg,143563,801f53eb0922da02f494c9bbf01b85cc3836fce94170d3df5058d496c369565f
web/assets/diagrams/stage10-infographics/stage10-lesson-105-compare.jpg,480616,55d68db6d7f54da2de8fb38a98a553bf29ad21304a6c9ad2f3cb25ac2dc339ca
web/assets/diagrams/stage10-infographics/stage10-lesson-105-insertion.jpg,361464,4195ef07a49cc2846c050da67b811aa869cb32027379f2948b554e4997847701
web/assets/diagrams/stage10-infographics/stage10-lesson-105-pseudocode.jpg,437135,48f152d5ea72e210c566260757d4b8db1ba09216d233008e12984f84b44692ae
web/assets/diagrams/stage10-infographics/stage10-lesson-106-fixed.jpg,391620,cc9a58798ccfd25cbdfddbb421926c2648fb868c3985f48c0ee2808116a92de8
web/assets/diagrams/stage10-infographics/stage10-lesson-106-initialise.jpg,200272,6c31a392c9b6250fc005f069ada40e97bd67c01edfce11599065d17020944ed8
web/assets/diagrams/stage10-infographics/stage10-lesson-106-patterns.jpg,369646,57b59e52f11e69f566c251fdf0699bcf3030756eaab1db0cef1a6c94123cc1c0
web/assets/diagrams/stage10-infographics/stage10-lesson-106-pseudocode.jpg,168057,d28744191eaa72909bf7406f76b1349d480a828c93804ed53dc08aa688b29740
web/assets/diagrams/stage10-infographics/stage10-lesson-106-sentinel.jpg,167277,c8aed695e647fc9fc0f8c2173de7f46e1b4d0af7a0ef23a1cfd128bf803ef623
web/assets/diagrams/stage10-infographics/stage10-lesson-106-trace-tool.jpg,329695,ccee92c13c6cdb2cc9698aa5f3a81c042439e23aa9fc73d9d6dcdc1ab66dd46f
web/assets/diagrams/stage10-infographics/stage10-lesson-107-build.jpg,369323,2972a9b0c37696c0b15fffefb8990d29cd33326525465b44cf5e55b734c44295
web/assets/diagrams/stage10-infographics/stage10-lesson-107-model.jpg,366501,2b1b1629dbc613d24dec7487425345e417d92e7cb97744b0659a59e50ac7e348
web/assets/diagrams/stage10-infographics/stage10-lesson-107-patterns.jpg,411936,8193a75c121622e510d71deaab61a612168a79a83821b7d1d83bad31ac439ce9
web/assets/diagrams/stage10-infographics/stage10-lesson-107-pseudocode.jpg,166719,25e108a60e7e527292c35e31d86110700e80da2182b62ac193060248d73eb289
web/assets/diagrams/stage10-infographics/stage10-lesson-107-scanner.jpg,287882,91d1c7cba33b28c5cb51a61beceea322ef338005f1069e2243a0415ca432057a
web/assets/diagrams/stage10-infographics/stage10-lesson-108-counting.jpg,348789,5576cfa8db357acbcbf1ac5b99b555625244d003987b35b4ed594bbf7e8b9658
web/assets/diagrams/stage10-infographics/stage10-lesson-108-model.jpg,200258,c02e907d65fee93d7c3462b165f3b7b133bac5c9cfca4781029fde793b3d0451
web/assets/diagrams/stage10-infographics/stage10-lesson-108-pseudocode.jpg,162594,aeb82eb51d5d1c4361729d5982d0ff34beac579cfd4766c65f2390dbc3b510cb
web/assets/diagrams/stage10-infographics/stage10-lesson-108-reset.jpg,365020,4f12d5aa9c6902da54d14700a4bbdeb193b44d98199c5ea454bc6167d8073bf2
web/assets/diagrams/stage10-infographics/stage10-lesson-108-table.jpg,419232,fb364398c01920fa57485fd81d4880797798457521ca78b623db1f375ca7f2c5
web/assets/diagrams/stage10-infographics/stage10-lesson-109-cases.jpg,407845,4c93ab616507c7102d1775ea0d088a7eecb06778d04806202adef60b9314b325
web/assets/diagrams/stage10-infographics/stage10-lesson-109-estimator.jpg,303129,eacb046f9683b02f92e9baaafd68ade7cdd982d7f51b6543578d1c5b12597472
web/assets/diagrams/stage10-infographics/stage10-lesson-109-loops.jpg,357857,7876dbf6d72d843208c98d2d3b3aa829537e01e827589f50662fd84fb2432eb9
web/assets/diagrams/stage10-infographics/stage10-lesson-109-measure.jpg,455681,e679f8afab5c2d034d7fcaaf44efbd058033c0ef684fdd8cede6bf7ced99780b
web/assets/diagrams/stage10-infographics/stage10-lesson-109-pseudocode.jpg,167157,a1d853b4851afb494a2bba56a34ddda84a4e7cab347e99f4d69ec05f07e790f5
web/assets/diagrams/stage10-infographics/stage10-lesson-109-search.jpg,394077,99178f43aa168ddaabd28cf3fd2ae5d23cd1b8b38d6a0b97b38c3f483b268ad2
web/assets/diagrams/stage10-infographics/stage10-lesson-110-cleaner.jpg,299307,2927d037ed1f0cf1202e74ba670a53f36419e149ce2128ea5219ff7143f76cab
web/assets/diagrams/stage10-infographics/stage10-lesson-110-conversion.jpg,182389,103c61e4ce97f3aea17e2b343396ec7723ebcc480e1c4e4ef9af08db3d69f836
web/assets/diagrams/stage10-infographics/stage10-lesson-110-java.jpg,165215,ad8e23887c4e7e165a885342934d46fa6271b952007c80fa13c66c0f2caa90b6
web/assets/diagrams/stage10-infographics/stage10-lesson-110-notation.jpg,409787,3127696d550a467883fd5ddf5b202a4b17a212b1d6c7cdf6964a89c08dbbae24
web/assets/diagrams/stage10-infographics/stage10-lesson-110-readability.jpg,391930,6787504ef480ffe44b9c6417c2dfe8337ee18139056f5d05a97780d689846157
web/assets/diagrams/stage10-infographics/stage10-lesson-110-structure.jpg,362364,cdb4a85165e090d2e0c89ac1bcb8e906a0fe7f17fa00d5754e4d0d48e34cbacf
web/assets/diagrams/stage10-infographics/stage10-lesson-111-analyser.jpg,209019,047e1c4bc3996d54c3d648e87dfecc0b53de055f538df2644602c6f68d509474
web/assets/diagrams/stage10-infographics/stage10-lesson-111-ipoc.jpg,339464,67aeb005bb4fc3912b914d59ea62a697f586b25b4969cbbbe4a6df3c6135a4da
web/assets/diagrams/stage10-infographics/stage10-lesson-111-pseudocode.jpg,170329,60a5070834184f170e45740e773aae50568389cf48aa73a8373e183fc5988081
web/assets/diagrams/stage10-infographics/stage10-lesson-111-requirements.jpg,382623,9a8a3364128f98d4bff36f20728728ac3c95e8cbbb37aa661fdbe4ed47f31749
web/assets/diagrams/stage10-infographics/stage10-lesson-111-structures.jpg,377571,e07afad73b012d42a0e0b5277ea9bf7e345c6695ba5c4d94daaa2c89cbdf5dd2
web/assets/diagrams/stage10-infographics/stage10-lesson-112-fixer.jpg,323692,0286503a9c03f58980ebfc3a9ae9b5099d64e33ffac9c4d43424dc9d10fb0047
web/assets/diagrams/stage10-infographics/stage10-lesson-112-patterns.jpg,406143,4ce815ab743850b73126318c8160773e5fb47051c8160000c10d94986da63463
web/assets/diagrams/stage10-infographics/stage10-lesson-112-pseudocode.jpg,196673,114cad011f35001e523bcfed5a15bdbb06b6d002f23b6ea7146d62f92f475075
web/assets/diagrams/stage10-infographics/stage10-lesson-112-retrieval.jpg,507491,97fcb6b2443b6a3d9d2e028c0a6523890c3c2401247834f1c0d756f62efe67ec
web/assets/diagrams/stage10-infographics/stage10-lesson-112-triage.jpg,361549,bea0ad1d8e5997e1ad84daec1484c7e9504fc50d38c9aa1e789b9e30e0f0ffda
web/assets/diagrams/stage10-infographics/stage10-lesson-113-built-in.jpg,412357,cc8ae10fa3855bb90c32ce23a718f336af72bed964e97f4afe003db5c5b4ddfe
web/assets/diagrams/stage10-infographics/stage10-lesson-113-choose.jpg,155851,14f819aca9b50c29c6c4d7d1d78447af2a7f7d3bbc201f6745d9b0bbc49db6c4
web/assets/diagrams/stage10-infographics/stage10-lesson-113-pseudocode.jpg,162017,3c1aacb603bde122781778735917c85c855c05e16869970a5f203f6a74c02c72
web/assets/diagrams/stage10-infographics/stage10-lesson-113-user-defined.jpg,154979,fc0ce1da7b4720d6faff43737d6256cc8d190d61a710050a138a34aa536854f3
web/assets/diagrams/stage10-infographics/stage10-lesson-113-why-types.jpg,170119,284d8ccddb596ab7313609e35dd9b60c5236e3c33038f2a1fde27d553fff0ae5
web/assets/diagrams/stage10-infographics/stage10-lesson-114-assignment.jpg,372588,f993ccaa4b7ddbe589df600440c354c19f3d6a84c4affd7f1df243dc185ad09d
web/assets/diagrams/stage10-infographics/stage10-lesson-114-constants.jpg,350717,c1b9d7589e1a747d6d826722897b9818179d859f94339ffded47e0f42f64ffeb
web/assets/diagrams/stage10-infographics/stage10-lesson-114-declare.jpg,373364,e8d349f09c85e68c7f7e1a903a49ef1512a95f18abf8f7047098c213108fc1b5
web/assets/diagrams/stage10-infographics/stage10-lesson-114-model.jpg,393409,487d7c2ef0aaf9f814e06e768c8769ea5b5df863c67957c643b160d4164420e2
web/assets/diagrams/stage10-infographics/stage10-lesson-114-pseudocode.jpg,395762,4a022be33e5cad2219261bf64299a666da254047f7185054179681db714c2896
web/assets/diagrams/stage10-infographics/stage10-lesson-115-access.jpg,149306,eb21a0bfea4408f30cc12735b9dec3a31b61a0f327e4e671dfd296afca8d5c15
web/assets/diagrams/stage10-infographics/stage10-lesson-115-declare.jpg,374097,0ed4389d58f7e3050f136fb86aed98efe58961796b9b27acbf112a719bbba92c
web/assets/diagrams/stage10-infographics/stage10-lesson-115-lookup.jpg,257491,68eda7eeb1d4ff4e51a4f41138117693433424854afbe30030f295aa2aa8dcd7
web/assets/diagrams/stage10-infographics/stage10-lesson-115-model.jpg,327809,d7b9206278bcc562a106d14e72083686ca8efd5e5c586622eb04a0aec6d8f7ec
web/assets/diagrams/stage10-infographics/stage10-lesson-115-pseudocode.jpg,389291,439019c55df11933c79ef448c57984b79d76ffa2e19f24e5f9c9d077e2808ea8
web/assets/diagrams/stage10-infographics/stage10-lesson-115-traversal.jpg,337826,1ee10febee88562a2c5249a0069b4c3de597a233f7104801d564b8869cccf14f
web/assets/diagrams/stage10-infographics/stage10-lesson-116-access.jpg,361842,90fe2954b55886d3bb83047d62d1f8ea2faf55affc4591e483a7101ef9f4b63f
web/assets/diagrams/stage10-infographics/stage10-lesson-116-declare.jpg,396032,75ecb302d81c2fe9ff267b43d1ecbe9e14dfaf1c1cfa2b84efa0152c91e01670
web/assets/diagrams/stage10-infographics/stage10-lesson-116-lookup.jpg,301829,4cc06d48b5415cd068a2883f9eee59eaacf7c056f35350d6f21937456da4a69a
web/assets/diagrams/stage10-infographics/stage10-lesson-116-model.jpg,354452,f0fb0b1c4ee580471523cf5d822f314d564319590926c422f117ae524c0f3e44
web/assets/diagrams/stage10-infographics/stage10-lesson-116-nested.jpg,373917,a624a502afa2d45e3ca08077a4a22eb5c882fc2af5204689f736699e885bfe3f
web/assets/diagrams/stage10-infographics/stage10-lesson-116-pseudocode.jpg,173174,3ebbf74a9976f79efbbfbce58a050135b60a491665c9ff4db0395f98913fb0a7
web/assets/diagrams/stage10-infographics/stage10-lesson-117-count.jpg,151636,57429e31220c85fb807c25e5d2522fa8d9250f900660b916d46b02a4d4d10a22
web/assets/diagrams/stage10-infographics/stage10-lesson-117-patterns.jpg,407747,9742e32b684a9d8582eb0cdb5e172144a9514ca11ebd001819f54ef5ae2b2745
web/assets/diagrams/stage10-infographics/stage10-lesson-117-pseudocode.jpg,175599,d67b2be3b137bfbc413d0f4b2ffc5ca03f88bcf2670a52fe3c9a473a8bbc14e8
web/assets/diagrams/stage10-infographics/stage10-lesson-117-search.jpg,158546,180db534a8664c48cd9ab21673ed40f57714866b5cc2e0e9d887f49eb4591ba7
web/assets/diagrams/stage10-infographics/stage10-lesson-117-selector.jpg,315622,a26176d2d77a5c4c1484cb2b902e452a2f7ffe65cdd06dd7859942c3e9abe5c7
web/assets/diagrams/stage10-infographics/stage10-lesson-117-traversal.jpg,336769,323a92cce2ef6373baca8b99ffa3442fd22a8a5d2b30d1cb7bcd92e11b4f0da3
web/assets/diagrams/stage10-infographics/stage10-lesson-117-update.jpg,141380,9a3eb9f368d2c1c32680b55dd82447eae49f016c816dc9eff6d2c9d4255beb11
web/assets/diagrams/stage10-infographics/stage10-lesson-118-access.jpg,314010,d3a4543873c374e0e1891d2da966ec366dae58b0ada3315c34a41d71e5658558
web/assets/diagrams/stage10-infographics/stage10-lesson-118-array-vs-record.jpg,351074,60657174955e06e923bebb1d3c9a62188f025fbb7b46bb77fd8dd58415508c3d
web/assets/diagrams/stage10-infographics/stage10-lesson-118-concept.jpg,383329,e8cc8ae9dc64e72a46dba8fdc8b14bc79b2641b1b5c6ad8d318faf0a404e02a5
web/assets/diagrams/stage10-infographics/stage10-lesson-118-declare.jpg,144911,55ddf0f94d561a23d5c946f51d0fa6c933e5f94f40a0ebc4bde66f383fdaff03
web/assets/diagrams/stage10-infographics/stage10-lesson-118-lookup.jpg,294198,218ba77bb629b923d3ed661cb41a2c58b0b7a817b923cd909fc7f1dbdaf2c80d
web/assets/diagrams/stage10-infographics/stage10-lesson-118-pseudocode.jpg,141956,38f88cbf46661eb83b04dc4f47f70c034130d409f7231ffd2a01c0cd24064489
web/assets/diagrams/stage10-infographics/stage10-lesson-119-access.jpg,392775,488191df8bff2cdd1718d2a70aacb5e8020a7c972846c708cb81063f89f1fe73
web/assets/diagrams/stage10-infographics/stage10-lesson-119-concept.jpg,143220,4579b42c1b9ed11453b676cf5f88be512bc1f504bdfdc5926b09a1fed582a14e
web/assets/diagrams/stage10-infographics/stage10-lesson-119-declare.jpg,152409,db79c5925bdb87879ccaba15907a1c77e5bacf6318fe3de6a7741348a13eb2b1
web/assets/diagrams/stage10-infographics/stage10-lesson-119-explorer.jpg,307012,e142aca8b502809cf8b40bfd01e081e4a5abdd6b47c1764e72a36da4898bebf5
web/assets/diagrams/stage10-infographics/stage10-lesson-119-operations.jpg,161782,2d5759e762ca59a927a21930837db74eb424a1c27b24f26412a699d6403ddaae
web/assets/diagrams/stage10-infographics/stage10-lesson-119-pseudocode.jpg,354618,0d6c7eaafb01495a7c7e87fd9e5370a7f4e39d4a11f964b809fdf95562d20b9c
web/assets/diagrams/stage10-infographics/stage10-lesson-119-traversal.jpg,159700,0b1c4e7a784459034c6ee4565e62d20f87c28cd3b8b5a70231de2e6786c3fb50
web/assets/diagrams/stage10-infographics/stage10-lesson-120-concept.jpg,416205,dbdc207be7a3a692997632497d574b61e9aaf44a5661a1c188f472592681a8fe
web/assets/diagrams/stage10-infographics/stage10-lesson-120-lifecycle.jpg,342560,839d7322c5adc2f3774455115df165a85335fd861f7d3e02af77ef9f5934d905
web/assets/diagrams/stage10-infographics/stage10-lesson-120-mode-lab.jpg,311893,d4b79f6391bd22f6ef0c129a58e43ac59bd34ae381d6d8076443b3c151c6ca50
web/assets/diagrams/stage10-infographics/stage10-lesson-120-modes.jpg,385687,c7a60ee96212080ab0687705e3bfc5a638b6897a164d66e7c0a81425ac5e2804
web/assets/diagrams/stage10-infographics/stage10-lesson-120-pseudocode.jpg,377685,e9b08c34a1b6f4a06eacd8e6de9a5ae563333a154c019920344559e13dcec3e4
web/assets/diagrams/stage10-infographics/stage10-lesson-120-read.jpg,330878,21501f8b2f760544011ecc2581c7b1c3203b967a5e98cc870f50e4a74c2426fb
web/assets/diagrams/stage10-infographics/stage10-lesson-120-reader.jpg,168491,a657198a291c88b51e2b41d867f74f4cfd7482e4d895ddea77b1a5b841e626c4
web/assets/diagrams/stage10-infographics/stage10-lesson-120-records.jpg,318085,692e841e6517d2e791f897bc760a8ed4ff0a23c9e67b661852800dda85ce9359
web/assets/diagrams/stage10-infographics/stage10-lesson-120-write.jpg,356156,f3bece65457bff4ca0beafddb91e73d424ec8c9f8de1aa2c889beaab7b7e0fc9
web/assets/diagrams/stage10-infographics/stage10-lesson-121-concept.jpg,346380,c7b11a17f57bc3664c9931b7c1a67f0bdbfda2896cd9c778f39c08db38f37030
web/assets/diagrams/stage10-infographics/stage10-lesson-121-format.jpg,330669,4b1ebb916066ea50817a009556a1dfffd21cd074cd4ba98097f24f0a84971832
web/assets/diagrams/stage10-infographics/stage10-lesson-121-parse.jpg,181083,9354fa6a65d6d89a3740f952bc0e500a8a5063de2011a7cdae01c6f4061cdd96
web/assets/diagrams/stage10-infographics/stage10-lesson-121-parser.jpg,252195,52372e53117d66a32bd7965d3176e01458d94300191f25a39fce7d8bf94b76f5
web/assets/diagrams/stage10-infographics/stage10-lesson-121-pseudocode.jpg,163278,5537513203cbe74ab5630baabfe56c9432126196a22dddce1ac206cdbc7735cd
web/assets/diagrams/stage10-infographics/stage10-lesson-121-types.jpg,164498,90122b57bdcd543a8dbf2317bab0d4d98414f797e63ec4680aff6b2995d0b1ae
web/assets/diagrams/stage10-infographics/stage10-lesson-121-validate.jpg,400883,16eb1a5a2d0d43cfdeace48b84989c69e1f940e1def18f2b9f41112f31166b57
web/assets/diagrams/stage10-infographics/stage10-lesson-121-validator.jpg,294583,7ae512e093b1f0ef1922bdf103a4e9d014e746a71833f82a8da6ff88dd98d86c
web/assets/diagrams/stage10-infographics/stage10-lesson-122-concept.jpg,151854,343d4d1a598d46bcf9d8838c876a5eded5e5735e636ded92e2e33bc362c49bc9
web/assets/diagrams/stage10-infographics/stage10-lesson-122-errors.jpg,451479,7de64ce7330045dd05feab9aa14a5550f19ff95281426e7e5c4c130757fd2b8d
web/assets/diagrams/stage10-infographics/stage10-lesson-122-implementation.jpg,164047,90eb3aab845f820138289664e61ee24ce3dcd94088fa2ee86834f572a4c77d76
web/assets/diagrams/stage10-infographics/stage10-lesson-122-operations.jpg,433865,d192b96c20ff83840ddef591da3dfda405e1b6b0f3cba690625547a4a0d4d79b
web/assets/diagrams/stage10-infographics/stage10-lesson-122-pseudocode.jpg,425553,15b413d349081b0766adfa442e5fb78bfee8b7666e097945a4113f858ff2ad09
web/assets/diagrams/stage10-infographics/stage10-lesson-122-queue.jpg,357038,ee4e49e73df2ea28b0d79144177a6122c81540c761a5d80ebd909b195de4cf2f
web/assets/diagrams/stage10-infographics/stage10-lesson-122-stack.jpg,363671,51958dacc695c355f049c92ee3d78947b50c4b668363096bd2bad9aba5428ec1
web/assets/diagrams/stage10-infographics/stage10-lesson-123-adt.jpg,399458,2a12a7bf1e3a231fea020ac9b15dfd1a627ca4cef57daf4627a9dd911b96617e
web/assets/diagrams/stage10-infographics/stage10-lesson-123-array.jpg,144354,fd94455b7c49728f2623e51fdd7dd26098ec74d7044fcf107bd486f6de9789af
web/assets/diagrams/stage10-infographics/stage10-lesson-123-criteria.jpg,385871,f282a8a3bcdc6df6a67d5603a906dca9c98ac18420f213234714e6387a19cd98
web/assets/diagrams/stage10-infographics/stage10-lesson-123-decision.jpg,172506,7d5892546843638947d2f2506a5340f260a835a916df3c3479e36209df16ab9e
web/assets/diagrams/stage10-infographics/stage10-lesson-123-file.jpg,368090,d212ef55564344e89a80d0ea42a1187713e08415ec1842bb79698c5ae0359513
web/assets/diagrams/stage10-infographics/stage10-lesson-123-pseudocode.jpg,153434,c12536f09bb0c72ad29ca8dd3b7abb9cddb22cffac7d13bf53a744ce850c4b9b
web/assets/diagrams/stage10-infographics/stage10-lesson-123-ranker.jpg,282343,a3a07ed2af55092154e22eaa7baccc09d1de05223f14f32ab85a1b62751c10f7
web/assets/diagrams/stage10-infographics/stage10-lesson-123-record.jpg,156065,0051deac6aef180c88ddcd15aca152afddae85f0cd3a84d10dff59e8236b783a
web/assets/diagrams/stage10-infographics/stage10-lesson-124-arrays.jpg,361396,ce72392bbd3a382cb0e99ca4cf9c1f808fbef87165cf37df09101c9305e72f01
web/assets/diagrams/stage10-infographics/stage10-lesson-124-assignment.jpg,387233,e1d1a665e9066c79d3cdb67c90af14b98a7b11d821576c7ebb57d8fc5ba228f6
web/assets/diagrams/stage10-infographics/stage10-lesson-124-constants.jpg,431857,4eeb158bfee2498330a71391bca44f31b05782125c4a7e390a601e8026f7104d
web/assets/diagrams/stage10-infographics/stage10-lesson-124-principle.jpg,406536,462f7d97135b5d908f884456b51a81f2cc6df90dbb8b19afaa104104198b0ae3
web/assets/diagrams/stage10-infographics/stage10-lesson-124-records.jpg,363290,f94e197fab8ab8259ba508dd51371c39ef682e1f0973d9f7af357e996ab928c8
web/assets/diagrams/stage10-infographics/stage10-lesson-124-sorter.jpg,326527,9b75c64910e48e6efa990f4824a8a17306540c9da261e8ce1e199568b7a6352e
web/assets/diagrams/stage10-infographics/stage10-lesson-124-types.jpg,347456,3ece9c49c507bcd00ae279ccaabac9dde184e95becf3011c206565a0c9bfe499
web/assets/diagrams/stage10-infographics/stage10-lesson-124-variables.jpg,347370,6622318d7b229d06487163284367889fe5730aee2cefe5469f2c10d37dc9d888
web/assets/diagrams/stage10-infographics/stage10-lesson-125-adts.jpg,394759,0c8c2506efb4eaa807d20bee6e00b48bebb7a943b6b837dcc6fac61e1b12fe68
web/assets/diagrams/stage10-infographics/stage10-lesson-125-decision.jpg,431555,426d342b3e6e2baa537a9862f626dcfe868726b581912a6c97c16482270f7753
web/assets/diagrams/stage10-infographics/stage10-lesson-125-declare.jpg,154033,665b0a4109feebc9a4548cc698e312f963f72b860f46e037b3bf7997645c548a
web/assets/diagrams/stage10-infographics/stage10-lesson-125-files.jpg,158136,f09647c12f384772483eb287307629393044d21018133eedf4eb171b4cebb3fc
web/assets/diagrams/stage10-infographics/stage10-lesson-125-improver.jpg,336627,5703d1b00a0c65070884c3a6e25f13d6d196e6aed65844398b693f716459e024
web/assets/diagrams/stage10-infographics/stage10-lesson-125-map.jpg,449436,71cb36d6353cc797cf594a41697edcf9c66bec6cc0cd04c9acb12b910e51c875
web/assets/diagrams/stage10-infographics/stage10-lesson-125-marks.jpg,453610,c9aa219a278592937b413a7e46b035867c5ab632ab37e8519834a2bfc6dd290d
web/assets/diagrams/stage10-infographics/stage10-lesson-126-constructs.jpg,175928,075e1ee3b2ae16ceee4b313185c94dedb947054acf87f72b1c30eed59900e12b
web/assets/diagrams/stage10-infographics/stage10-lesson-126-iteration.jpg,191588,1d3a93438befc82cc3a5456f64aa5d3ce4571dcc1ee3ea6fea5a3ffffb14e12c
web/assets/diagrams/stage10-infographics/stage10-lesson-126-java.jpg,158917,dd3c066ef28ff9886891469d71864e6a6d6e362da6d47fdac132eccb6cf0937f
web/assets/diagrams/stage10-infographics/stage10-lesson-126-selection.jpg,150822,5946e6c7c44e1307dfc8e79cfe7ccc360a720a24d7b8347069c21ce5cc514b23
web/assets/diagrams/stage10-infographics/stage10-lesson-126-sequence.jpg,307634,7bd1033ee3b839eb718c8d071e495dd70db06e900fdd9944e843c20e7b7af653
web/assets/diagrams/stage10-infographics/stage10-lesson-126-tracer.jpg,315341,948debec34563d4013bc41acdd9408cee8e894974dcdff6665fe930fd72a897d
web/assets/diagrams/stage10-infographics/stage10-lesson-127-case.jpg,163379,13cf0055126a4752540b930d4150102364c7d11f0b852c9e1d1290c7c67c2786
web/assets/diagrams/stage10-infographics/stage10-lesson-127-choice.jpg,408948,a83a0ccf6fc95db3e93702db54187e56214f02e7b1237b0fe4cc972e0e16886f
web/assets/diagrams/stage10-infographics/stage10-lesson-127-if.jpg,351574,722f56632b4e7e246c40ff1684f3477a26f3b2a3117b194e77f7d61f1000bf8f
web/assets/diagrams/stage10-infographics/stage10-lesson-127-java.jpg,163774,71828d7873bef5c8f6e21b0f1c17af79e7b7e61f82317471e2bc5cb541017f67
web/assets/diagrams/stage10-infographics/stage10-lesson-127-nested.jpg,332360,248775365f020115847b8893ed8096eec0a1884e5c670e3e8f42a7a707344215
web/assets/diagrams/stage10-infographics/stage10-lesson-127-path.jpg,303092,18e3826b9fec27a9bfb7113d0a25880953fdab533012301f359f6da5f32955d4
web/assets/diagrams/stage10-infographics/stage10-lesson-128-arrays.jpg,393209,9f696e61d45ed3d17eb9632852e74507093b9aae50485da610499356313833c1
web/assets/diagrams/stage10-infographics/stage10-lesson-128-bounds.jpg,370287,fba7595f100e774a3408f8c92bfe2017410d2494acb7ad673ced0dbe4bd57f8b
web/assets/diagrams/stage10-infographics/stage10-lesson-128-counter.jpg,361836,bd9dba48e0fefecba5a1dbf1711d66808976b2ae872475684d1286150f29c6e4
web/assets/diagrams/stage10-infographics/stage10-lesson-128-for.jpg,356837,0ef620da6459ae733ed35f4d9a1ec1645de0da8a8d59eef92dca1ff8701d6df7
web/assets/diagrams/stage10-infographics/stage10-lesson-128-java.jpg,323699,49de08f3225bed7a2895eb13b29fdef22e30051ea5e4066cb1ddae92e5197fab
web/assets/diagrams/stage10-infographics/stage10-lesson-129-compare.jpg,351514,a24ab8b01ba432546fd3cbb77a8dd9ddae1b2018b3555f8219536ba5ec52cfd6
web/assets/diagrams/stage10-infographics/stage10-lesson-129-java.jpg,340343,d206e9607ad030cf1b25a405460b4e60dadc71f422b29504e54d99b061b61205
web/assets/diagrams/stage10-infographics/stage10-lesson-129-repeat.jpg,146354,fa31828822e122c297d48d55a1691f62fe0ac64043581f8f935a0b679a999a71
web/assets/diagrams/stage10-infographics/stage10-lesson-129-sentinel.jpg,156768,3c53ba760ab9df9d03f8ee4a206e965a3a6a9a2c4a9694b7bc0390ab74515612
web/assets/diagrams/stage10-infographics/stage10-lesson-129-validation.jpg,354210,b3d1dd38dbd6c9c9b3b85cf4cc21c210680c4db7c2399c393abdf4ca2d9eb0f9
web/assets/diagrams/stage10-infographics/stage10-lesson-129-while.jpg,167014,edef10ffb0328ccb5717e13c689e8ab9215932974d4f89ec37c0f2e8548833b1
web/assets/diagrams/stage10-infographics/stage10-lesson-130-calls.jpg,402592,f6d9a9e2e20e2028c44cf23900caa6777e226b1395e1c159d8669f8d731a461f
web/assets/diagrams/stage10-infographics/stage10-lesson-130-compare.jpg,382843,c8a7d6ccbe768786db9fa9dadcc763a71b8725b8a4b8ea0951f499214952fd9a
web/assets/diagrams/stage10-infographics/stage10-lesson-130-function.jpg,348987,5cd2c853e615c392d0088046fd5d114d432191635aa76439383423baf9f106af
web/assets/diagrams/stage10-infographics/stage10-lesson-130-java.jpg,334876,bf3e9cd52cd91362e98a0dfe91537ec80ca2237a9c5ca194393860c4f0953f97
web/assets/diagrams/stage10-infographics/stage10-lesson-130-parameters.jpg,274063,8f439b2b82370dd9dc3acad9688bbf3355504957b36733e874473eb6cff5b252
web/assets/diagrams/stage10-infographics/stage10-lesson-130-procedure.jpg,146175,9d3145713204d0baa396560f4912c73b3c478b8bbb611bf5c93962a6e2cb6517
web/assets/diagrams/stage10-infographics/stage10-lesson-130-returner.jpg,270124,068442332c09cf4ee5d8f5a95c16a74232ac3cafddd467c77fb62d06f6aefdcc
web/assets/diagrams/stage10-infographics/stage10-lesson-131-compare.jpg,389354,d482f70a2f2c77162b08d32cd1c9b8d551ad18aea1f1ab29d23d839017090c37
web/assets/diagrams/stage10-infographics/stage10-lesson-131-java.jpg,368494,484c90bdfb3c4313f7ee3167634cb5aec132db83a5264080e4e94ff0c3e50b14
web/assets/diagrams/stage10-infographics/stage10-lesson-131-reference.jpg,369144,0606efacfe02668fb4af55ce65027843b39d65239fd23facf1392c12be2defa3
web/assets/diagrams/stage10-infographics/stage10-lesson-131-terms.jpg,354789,2472bf617823216a9e49cd812e29a8bd2713b69949334c698d582e3840716c9b
web/assets/diagrams/stage10-infographics/stage10-lesson-131-use.jpg,405262,cfeff3c827d0cd317a5bf6aadb810cf24a26fd96e804920ea7aeb2530ed53340
web/assets/diagrams/stage10-infographics/stage10-lesson-131-value.jpg,348615,2c82a526f943559a942fee69eb56808f64fb9f541ff8cd711cfd43da0967eb65
web/assets/diagrams/stage10-infographics/stage10-lesson-132-compare.jpg,407505,4bb5dd0dababbe897d00b2d554a76ede2d2f4067ef550ba61325d4db798ab48c
web/assets/diagrams/stage10-infographics/stage10-lesson-132-global.jpg,382868,ca9e5c7d7948a42ed97b1e1a7f0e8cae990390fd76dd9f447fef0d1a3f73ead1
web/assets/diagrams/stage10-infographics/stage10-lesson-132-java.jpg,349123,51c6ee363c40d35e12168d8201bfc7fabe6b45e1be49f6a0dcb9f7b440f51d3e
web/assets/diagrams/stage10-infographics/stage10-lesson-132-lifetime.jpg,429985,9b2e538422179bf89302bd66d65a75cec3aeda154c5428248782c2c2287911f4
web/assets/diagrams/stage10-infographics/stage10-lesson-132-local.jpg,408336,b50f58c802450e74e9c4de43b8599b232f47d90a6826e742533ed76acf595d40
web/assets/diagrams/stage10-infographics/stage10-lesson-132-scope.jpg,374891,63501f88968f0a20ce6889661008f887076b03ad1924d478f1c9f33c6b114238
web/assets/diagrams/stage10-infographics/stage10-lesson-132-shadowing.jpg,178830,52ec447e48a634f17d906c463a2bb8680b493f3647dfad4b3dce842838f415e2
web/assets/diagrams/stage10-infographics/stage10-lesson-133-case.jpg,145449,3c0c2567a137f9cc578afc2e5f56891bcbd5a9c4f28e8b2713344d26e4ab4ce6
web/assets/diagrams/stage10-infographics/stage10-lesson-133-concat.jpg,162173,664236145ee017a8401cd0565dfb98442b2688d051e1bdfb4aee555ea2596eff
web/assets/diagrams/stage10-infographics/stage10-lesson-133-java.jpg,168255,237daf31e2a28b46459a76e83e0c3aa2be22088c567e986fd5b3f0fa3671ae56
web/assets/diagrams/stage10-infographics/stage10-lesson-133-lab.jpg,310813,118b6cee403ef7ca4cc894ddcbedd7682520c2c0971bc81199fd1be4d14587ae
web/assets/diagrams/stage10-infographics/stage10-lesson-133-length.jpg,300021,fd907f327957c7ac9c150779a3eaee603eacaa399f9c2b8e9f24dd53df0a79e5
web/assets/diagrams/stage10-infographics/stage10-lesson-133-position.jpg,379829,cd14919c60829466ce60cc4d6ef76a4847bf2451a73743cc665bd172e4871e4d
web/assets/diagrams/stage10-infographics/stage10-lesson-133-strings.jpg,342013,144b8093410b78983952ed7c5e5565f277e2766fe2f72253450a35bf3848e948
web/assets/diagrams/stage10-infographics/stage10-lesson-133-substring.jpg,163925,126859fc4b6a47f7f44664557bafa9736fc86fc533ae9c68af4ad2e246a3a388
web/assets/diagrams/stage10-infographics/stage10-lesson-134-calculator.jpg,340182,09e764c3a0ddef6bd78cc2b844f17755de717c54a74e461b701db4466f64e6e9
web/assets/diagrams/stage10-infographics/stage10-lesson-134-division.jpg,331858,31ea09da6208fc267b2c6c795446e45fd8b8f8a5d4547c250a82c4fbd58bda2d
web/assets/diagrams/stage10-infographics/stage10-lesson-134-java.jpg,399814,28f19fd1e712f04976c8a24a9f7a63418346d3167852a0de9e7fcffe4c435371
web/assets/diagrams/stage10-infographics/stage10-lesson-134-mod.jpg,312599,6b5d13ed685d0a8ea4578dfb51e75a79a7261be49deacf87a91c59a10e4a47e3
web/assets/diagrams/stage10-infographics/stage10-lesson-134-operators.jpg,310595,d5bdaec752f4c2b124985ea4ce0181e35456aaefc50daae2f78cc6bfed7191a6
web/assets/diagrams/stage10-infographics/stage10-lesson-134-patterns.jpg,352452,98850c25c283e9a4afb0c3d053230e02ca111a91530efcae8da8ca6087731e23
web/assets/diagrams/stage10-infographics/stage10-lesson-134-precedence.jpg,343156,df255144042a1688079285ec026697db5cc97bd8d4fa01f9b12eb4c758d40300
web/assets/diagrams/stage10-infographics/stage10-lesson-134-relationship.jpg,365925,5ce95bc9b4dcfcf00b7b5e6972fc98875863423e7cb5fc02327bf65a20b70c39
web/assets/diagrams/stage10-infographics/stage10-lesson-135-formatter.jpg,319167,af9bea7801ebaeef9c2fb579c519cbb17be5776c9de7e5aefd6fe7a37ac165d5
web/assets/diagrams/stage10-infographics/stage10-lesson-135-formatting.jpg,329536,385488b70b5ad9f9cd7e65ce9cc5a0ace0bf658c9c8ae7bb1bd535ae9baa7823
web/assets/diagrams/stage10-infographics/stage10-lesson-135-input.jpg,312925,f57d8b6cf052f1e0233d9c6d5424c4ce75b78814795a4139834e0cd22d2bb75f
web/assets/diagrams/stage10-infographics/stage10-lesson-135-java.jpg,350834,b47d6cf13aaaf3a355aa179f3cc2ee3c602134d47af1a9dad5646e8c29719a3b
web/assets/diagrams/stage10-infographics/stage10-lesson-135-output.jpg,334940,17cf5d6b42c101aecbb43b69b06a2faeb4ae196cd034474188c0dae764f735ef
web/assets/diagrams/stage10-infographics/stage10-lesson-135-prompts.jpg,369361,b8594dd16708ef91e276f80b964886dd16e45e278b78d5e62a5f809d9d69f49a
web/assets/diagrams/stage10-infographics/stage10-lesson-135-tables.jpg,320002,81605c24aed3cd9b321f094db95454d1be1668353355254a562c0f367ccd4912
web/assets/diagrams/stage10-infographics/stage10-lesson-135-types.jpg,359445,93e86d450f1986e2f2c500a331efbc121e1b7dec23d4cf784b2edee4dc9697d7
web/assets/diagrams/stage10-infographics/stage10-lesson-136-append.jpg,342576,aa68b46c85af13aecbe610f05e9eaf92d2f12f4e72b2da9fef3282ed70971ad9
web/assets/diagrams/stage10-infographics/stage10-lesson-136-close.jpg,339527,5876d4362d2603a414a0b4a217744788dcc0221f5727dd415a0beba04ab28dd2
web/assets/diagrams/stage10-infographics/stage10-lesson-136-eof.jpg,364325,a0ac3e42d444adf897ad08b0b2a0a6d4289358e78a6cbafdda4267ae322ec08d
web/assets/diagrams/stage10-infographics/stage10-lesson-136-java.jpg,360110,fc3274a1f48258ddf976a9a158b2dc09ac8e634cdb7e57c06ae053724303e4b6
web/assets/diagrams/stage10-infographics/stage10-lesson-136-modes.jpg,406197,4f009c37915e996adf9c0d3bdfed31be022999477809743e25c6ef4cd2e0fbb3
web/assets/diagrams/stage10-infographics/stage10-lesson-136-purpose.jpg,375019,9e41a3d70a5534058cd878d3efaceba5531847a053083ba22a095a21ead6686f
web/assets/diagrams/stage10-infographics/stage10-lesson-136-read.jpg,351959,6c5fbc2936b8aabaad68a4176aa6d13b714f857b524b7d5c79f7155e0f42b60c
web/assets/diagrams/stage10-infographics/stage10-lesson-136-write.jpg,418532,d023d096eba15e1b9994753d1ca259f032f6a23dc09a498585b36310802150cf
web/assets/diagrams/stage10-infographics/stage10-lesson-137-boundary.jpg,424590,b48c89432ef8606573327b77951e0780a09ec1fe5af5ce40885b88449f6092b7
web/assets/diagrams/stage10-infographics/stage10-lesson-137-erroneous.jpg,422548,0f6ea9280fbd43db3b4f141d8f5179de10f230569b95146b90a959bc6a9c3b27
web/assets/diagrams/stage10-infographics/stage10-lesson-137-java.jpg,378827,d3d71ae665b8b819286fe57be3570c6b4ee4f7d3c5569f9603d8b4cd75fed69a
web/assets/diagrams/stage10-infographics/stage10-lesson-137-normal.jpg,372372,fa8cfbd193739678a64e50b728ea5a6182445f795bbdc19098fbb6e06e9c66f2
web/assets/diagrams/stage10-infographics/stage10-lesson-137-purpose.jpg,305911,072babf7647510496fc3ec67bfe8496607fa723ed7edeb09f94b043504a9fded
web/assets/diagrams/stage10-infographics/stage10-lesson-137-table.jpg,430836,0c79b42f7a22f5b51ade83e0ee057111758a9f686734e174aa54f4b75e444589
web/assets/diagrams/stage10-infographics/stage10-lesson-137-validation.jpg,309788,d2c360ee2e045cd4accf7c6f88abf512a418cf14488f0b15337639a42e809f9b
web/assets/diagrams/stage10-infographics/stage10-lesson-138-breakpoint.jpg,390895,44ef5a61cb0c2bc8639472beeaee0f404a245308debe5cb1919e6c98177e1fcf
web/assets/diagrams/stage10-infographics/stage10-lesson-138-bug.jpg,162120,1eecb2abfa32436af864a2f84576117dc697202ace416402b8a3e491d45045a2
web/assets/diagrams/stage10-infographics/stage10-lesson-138-java.jpg,333125,a8ceb1453e08b9c8b3131d43a266997f302517a2b9e1279706c3e967536c5e76
web/assets/diagrams/stage10-infographics/stage10-lesson-138-purpose.jpg,149100,e5d7686b90e0742d91a1211febbdd929679646511ffbe976243c48a7466f1f41
web/assets/diagrams/stage10-infographics/stage10-lesson-138-stepping.jpg,417085,fbef68946b3644a1fc02edd31f6cf4bbab1229b74950202475eaa6463f904070
web/assets/diagrams/stage10-infographics/stage10-lesson-138-watch.jpg,366586,f6cfe7fc12b2619eb0a6cf349fda83314f3b957dca0b0eb22a73c1ebd4fbdba9
web/assets/diagrams/stage10-infographics/stage10-lesson-139-checks.jpg,369482,725b96c693d7f3904caa50e57b71088bcece569eec0cf938d4cf3ef2c59203a4
web/assets/diagrams/stage10-infographics/stage10-lesson-139-integration.jpg,160395,8e56f135745d22d5472b21edbd5491ca6688038856f8ba10b57498b5fde2b9df
web/assets/diagrams/stage10-infographics/stage10-lesson-139-java.jpg,412444,f5a8fdef26683846fb30a2762a079fd268bddc20ccd716730a3709a5eaed3d84
web/assets/diagrams/stage10-infographics/stage10-lesson-139-modularity.jpg,347106,edad854ac9893ff68783cd32e4595b22e0038ce08b14bba53e8abf4c63f6abfc
web/assets/diagrams/stage10-infographics/stage10-lesson-139-module-tool.jpg,348744,b983783e8c61aac30eb9888c5d47488dd4deb40ea8fa88a91f8da46d2bfc8a1f
web/assets/diagrams/stage10-infographics/stage10-lesson-139-parameters.jpg,183548,e2402d4b1df34a592b8ebb280f1e78decc28682af672ea1b516ba84d1b8d4079
web/assets/diagrams/stage10-infographics/stage10-lesson-139-robust.jpg,401951,69b33f362e2f5e49e11f01a495a5ecfeb0d19fc0a2f88ff92629251869d23cfb
web/assets/diagrams/stage10-infographics/stage10-lesson-139-validation.jpg,164640,7b8b1083eabea03b2b3ba71445391c007b5fc220db1ecd2aee18f5b4b98bba0b
web/assets/diagrams/stage10-infographics/stage10-lesson-139-validator.jpg,342562,41580a74940f8baab0f3dc6dd83a9c57027a47a773e2b7069da139c8b5a3242e
web/assets/diagrams/stage10-infographics/stage10-lesson-140-arrays.jpg,388820,6c9b0f184bc7f2364c0cfff7ec403ea43dbeada8e19ad62ed785afeec5353ece
web/assets/diagrams/stage10-infographics/stage10-lesson-140-assignment.jpg,343533,16a674b1b993bf12c31b8c572c2ea3dff7aa15bb83304bb223f29c324f7298bf
web/assets/diagrams/stage10-infographics/stage10-lesson-140-checkpoint.jpg,367669,7a00764089ee6562c9e0d2b136a0c417d6ebb9809b3df916d3cf856c54dbcbcc
web/assets/diagrams/stage10-infographics/stage10-lesson-140-io.jpg,360497,0fea35dca1d98cc12d3321310b238720db8dad22ee5a9dce79741bebf1b1c985
web/assets/diagrams/stage10-infographics/stage10-lesson-140-loops.jpg,181725,060f2d7984a7a34f8b3153ed85804dd5738890e74bc4d025389bd5f665340350
web/assets/diagrams/stage10-infographics/stage10-lesson-140-selection.jpg,302450,f68ac8e59dda5b30cba7bc2f81883cea5da0baa901ad19d51231b0cf9f1da53d
web/assets/diagrams/stage10-infographics/stage10-lesson-140-spotter.jpg,340648,65be82d696bd4ec38e12487a17ce474259f6626e6f29d0c16c0a581fcd7f704c
web/assets/diagrams/stage10-infographics/stage10-lesson-140-standard.jpg,169845,999f9c28a0070d1dfd5dac66452a33a268570ce52ab5578a85475af35bb19077
web/assets/diagrams/stage10-infographics/stage10-lesson-140-subroutines.jpg,347240,f15a1c051b3c8b58f073590164f3cdee9c50530b9363d24142ca57bfbf65f1f1
web/assets/diagrams/stage10-infographics/stage10-lesson-141-arrays.jpg,450101,bb4ca37d32ac3d3239cdd9df9e3f92a519b95f705220aff24d88b3a1101966a0
web/assets/diagrams/stage10-infographics/stage10-lesson-141-checklist.jpg,399380,c76b67162c5e73b6dd820317adce7adcc6dbf738c8eeb399b2f62020635e3942
web/assets/diagrams/stage10-infographics/stage10-lesson-141-debugging.jpg,405762,bc233063004c1d3600cfb42e6c449d04b681c382ecbf217afc1eb1405a5468e0
web/assets/diagrams/stage10-infographics/stage10-lesson-141-files.jpg,364236,2f27d3ddba8ca117f7a5891152ba3a81b2f00d37812ba9001a3cdd2a0bc57eaa
web/assets/diagrams/stage10-infographics/stage10-lesson-141-fragment.jpg,166993,ba574762816caee586a35f27d641670cf6c2ffa797ce873611c2216f3bf6d791
web/assets/diagrams/stage10-infographics/stage10-lesson-141-java.jpg,165160,643fc3ce27226e1276b5d88861ada7f17b0d1d2ab10f22db2b455ca64f16e388
web/assets/diagrams/stage10-infographics/stage10-lesson-141-review-map.jpg,415870,e93559b2d8ddb455c29d51524a76e1b81ab32b4b43fbff13effedc55d4f42040
web/assets/diagrams/stage10-infographics/stage10-lesson-141-subroutines.jpg,171405,82229e4839eb000855ed775069322abd748e7978bd8ea131b388796af150baaa
web/assets/diagrams/stage10-infographics/stage10-lesson-141-validation.jpg,159326,c8d877e526b3dd15e2d66e5faf715093bdf7358cf58d7ab116d655a2840366d9
web/assets/diagrams/stage10-infographics/stage10-lesson-142-agile.jpg,539137,e229cf6b45cf4ae0233729faed5b8f28948cd87baf54c49cf572442012c7a949
web/assets/diagrams/stage10-infographics/stage10-lesson-142-artefacts.jpg,428311,0e5a67a798ca6fd98e512bd20c7c3500bfd694912b704772c24e9dfb75005359
web/assets/diagrams/stage10-infographics/stage10-lesson-142-compare.jpg,478832,d103f38d5fdc44fa9479a908552d9b83d9073c95bb9001babe39e838d20fbcdc
web/assets/diagrams/stage10-infographics/stage10-lesson-142-iterative.jpg,397012,cf3b17b41c0149ad2a7a045280a6f92663441433f714a7d55862e278958c5775
web/assets/diagrams/stage10-infographics/stage10-lesson-142-purpose.jpg,443122,54441a2a14bed6854ba50d34e7d47fc51405767ad72150eb984ea5376ba02248
web/assets/diagrams/stage10-infographics/stage10-lesson-142-rad.jpg,474709,9026ce096e5f396838c5f03288eaff93b012d7e494a4fdc2c4cb9926809fd87c
web/assets/diagrams/stage10-infographics/stage10-lesson-142-stages.jpg,443764,6d6c86e9f245c2a837288fd9ca48c33d5770dc6aaf1f904fad0d926f875804ad
web/assets/diagrams/stage10-infographics/stage10-lesson-142-waterfall.jpg,480415,19700e264634dbb279cdc3d7258208e336772bcb71ee9160acf3ebee1e6e67f9
web/assets/diagrams/stage10-infographics/stage10-lesson-143-acceptance.jpg,422481,df8c6ae3554703f08dd8bba44bf55aa7b1bf2bae9a9225478af277e29896d393
web/assets/diagrams/stage10-infographics/stage10-lesson-143-analysis.jpg,359338,008cf72ea64c44850628f9b1e869d97fa4131bb1a0152c7c1b2aff632dcd2b52
web/assets/diagrams/stage10-infographics/stage10-lesson-143-criteria-tool.jpg,302862,695366cd380efb66301dbb6635fadabf3225d3a964513ce1ea06be9e4bb97029
web/assets/diagrams/stage10-infographics/stage10-lesson-143-functional.jpg,399712,ee651787d7914e3d84ebdff7c7f3c3bca80cdf4bab1e680f9766bb981ff7c10c
web/assets/diagrams/stage10-infographics/stage10-lesson-143-non-functional.jpg,403854,a3abfbb23969798f75d3000108add444eca8e759136536c63d33b8463c4275c4
web/assets/diagrams/stage10-infographics/stage10-lesson-143-rewriter.jpg,300766,db9d3f5af565dc21d512d4ac5fe61ac777223293326b78774744a5ad40d02ff3
web/assets/diagrams/stage10-infographics/stage10-lesson-143-stakeholders.jpg,406386,17e826a3f3292673180906a0d805f564e6d351586e3632e0b611fa807abb0fd6
web/assets/diagrams/stage10-infographics/stage10-lesson-143-success.jpg,390763,dccf293db36a8c74a64d6013a9eba0b6c3cceffca99fcf47dbab1e7ae9287d5f
web/assets/diagrams/stage10-infographics/stage10-lesson-144-algorithms.jpg,175447,d11acdef5331cfd769016abc8583241275207674210f2ad57bfae4263aa13688
web/assets/diagrams/stage10-infographics/stage10-lesson-144-dictionary-tool.jpg,312911,df59e440245c46e45d091e7fd1c93b261d33079c409d3c668fff20c3043f8048
web/assets/diagrams/stage10-infographics/stage10-lesson-144-dictionary.jpg,398569,33315f511a4c02921df266bf8b2164cc89533b430bc796a4baee826c41bef6e2
web/assets/diagrams/stage10-infographics/stage10-lesson-144-interfaces.jpg,380336,e65d2019642c363744eec047bb60e1cba4881a16b1742c5d0d133f4fac53fcfe
web/assets/diagrams/stage10-infographics/stage10-lesson-144-lifecycle.jpg,406519,ff9e4e83101cc671fc6ee3ca76ebdff60572343ea5a93f8bef827d15dd82cb9a
web/assets/diagrams/stage10-infographics/stage10-lesson-144-purpose.jpg,413733,3d4a23d11a43af5efb7f8ffb3bb0547cf07e6fce3f7312d16f4f632b48b0885e
web/assets/diagrams/stage10-infographics/stage10-lesson-144-traceability.jpg,437352,e9e3350b02af5d6bb6d21387815cea057df3959fa6a68635c4d120d9af0e35d9
web/assets/diagrams/stage10-infographics/stage10-lesson-145-changeover.jpg,170677,01dc581fb36aaea4dcad72fce747338b290ca16c213422d858b9f3fce97e2aa1
web/assets/diagrams/stage10-infographics/stage10-lesson-145-data-tool.jpg,290123,b74b9600cfd3ff0d258d99a786f10ea3f80e181c76e67ad27a02ab4b41d640f1
web/assets/diagrams/stage10-infographics/stage10-lesson-145-evaluation.jpg,150148,6632a954fbe2c097a58f17b1c8503d0039d501a35e83ccc253c6a0aae2e7cc5a
web/assets/diagrams/stage10-infographics/stage10-lesson-145-implementation.jpg,375802,937750402be8a92fbea3df415f5cf4c34c8018aead698e67a34b22ef4ca7af6c
web/assets/diagrams/stage10-infographics/stage10-lesson-145-maintenance.jpg,387458,e17c59940ced6699dc69d9eb3decd9f8b13314ac4db0038fefaf2203fb43b6cf
web/assets/diagrams/stage10-infographics/stage10-lesson-145-stage-tool.jpg,333863,e3cdfb9a79c33f4e6e743b8e9c731d8be4ada051fa26732046e4caaf691c7db6
web/assets/diagrams/stage10-infographics/stage10-lesson-145-test-data.jpg,405807,d3b76a8e3456869455353686e28d7d7d5a2bacb74f98a436005921108877c987
web/assets/diagrams/stage10-infographics/stage10-lesson-145-testing.jpg,422256,c8b410acdbec3c59d4b85ab27f14ebbd640428e99e12f9171e8bb7541ed0dea6
web/assets/diagrams/stage10-infographics/stage10-lesson-146-analysis.jpg,413199,0b5e39cd5a88dd111ebd80afc0432c5535ae11c60d5e6f380fd0805a0897b362
web/assets/diagrams/stage10-infographics/stage10-lesson-146-answer-tool.jpg,363177,9bf1f4ee373467b543d9faacf4719f6cdc8e36fc4e7a1bd58c318e3d51a2f25f
web/assets/diagrams/stage10-infographics/stage10-lesson-146-case-tool.jpg,339024,47353bb3307ec73b659d4528b23e74bf984e838bcd89b1786445074e5df2aaad
web/assets/diagrams/stage10-infographics/stage10-lesson-146-case.jpg,431339,574ab40c5afa7a4adf89f32aab8fc85646f25b6ccafc095e023cf6d68c8e1a2a
web/assets/diagrams/stage10-infographics/stage10-lesson-146-commands.jpg,149857,c453e67b5520e84399dc118ddf3b93dacfcaba508007963758adab61a4d612a8
web/assets/diagrams/stage10-infographics/stage10-lesson-146-design.jpg,444521,8d289c5bf8d4d209a17e996342fbe92d658c1bb4f5ca25356812c15e6911890d
web/assets/diagrams/stage10-infographics/stage10-lesson-146-evaluation.jpg,437648,4f099b06e1129579330d71c054b955eef5c3b14309b33b791815854ff58ba6ee
web/assets/diagrams/stage10-infographics/stage10-lesson-146-lifecycle.jpg,153104,cf0a745642b1e2b167bb03e5e7c320f500bbfb980faec5d76e8905985b9003a3
web/assets/diagrams/stage10-infographics/stage10-lesson-146-testing.jpg,166479,444f9d7a3f53c3b26383d83366599d5501a16552bee4ce036824bc2e242ad382
web/assets/diagrams/stage10-infographics/stage10-lesson-147-algorithms.jpg,461895,7699db879d9019d5b642e125419de6044ce256a77f10ca8a671f2b45134dd9ae
web/assets/diagrams/stage10-infographics/stage10-lesson-147-files.jpg,402012,fcc1267a9d26f19522824486a020d2e34bb854e5d4feaa520f29e19e234ff270
web/assets/diagrams/stage10-infographics/stage10-lesson-147-selection.jpg,359639,bead467a7abfd1be346d40faa62199894361b6170185b2ba0e43c848d1a38603
web/assets/diagrams/stage10-infographics/stage10-lesson-147-strategy.jpg,458249,429e7d4f2c6e01f59152790bd28ecd60669aff5d3e66f472075ef725c21cd2e8
web/assets/diagrams/stage10-infographics/stage10-lesson-147-structure-tool.jpg,357700,7c81a2af7e3415dc02fbe375e2234e371282c2c6b0b36c483a3b7113dbbaea9e
web/assets/diagrams/stage10-infographics/stage10-lesson-147-structures.jpg,144289,d153317cf50365e9bccac1a55d8091d134042a4b019a257db183d46b27192830
web/assets/diagrams/stage10-infographics/stage10-lesson-147-trace-tool.jpg,308602,537add09e62eb311ba98225efaf869971819681c32bc3c2f7ba32a3efbea8f26
web/assets/diagrams/stage10-infographics/stage10-lesson-148-construct-tool.jpg,296305,9433ad6422fce51af7ca9da4bb21f1f79b227357a0f706b811badfcc6c483809
web/assets/diagrams/stage10-infographics/stage10-lesson-148-constructs.jpg,428001,a9e6801db6b434f7a6e7dfee890efc241d126763e7ba4cb6ed752663f4b224b1
web/assets/diagrams/stage10-infographics/stage10-lesson-148-file-tool.jpg,325070,09265c2ecaa0e42feaf5a4579b773e743063a0f048e688a794b989c2bb3ef988
web/assets/diagrams/stage10-infographics/stage10-lesson-148-files.jpg,388640,309e6e4372ebb1668b2e39ffba935b6969b2fa132708394a65077cd372a7c2eb
web/assets/diagrams/stage10-infographics/stage10-lesson-148-iteration.jpg,390371,f43d18cf1f41abf420e1b5b1fc99d3616efa05a31e147c6158d5105698f599b4
web/assets/diagrams/stage10-infographics/stage10-lesson-148-selection.jpg,152438,8bce8b1c87f7573e9b40166184d249fae5ca62e72d97aaa826e9ee8b9860def4
web/assets/diagrams/stage10-infographics/stage10-lesson-148-subprograms.jpg,164611,fea73f95bb8043f7f6a7a67b0dcda0c6c3080b586edf6ec0bead362bb2641eb0
web/assets/diagrams/stage10-infographics/stage10-lesson-148-validation.jpg,423710,bb17ada525452d0e00aa4966c7d9e251b850bc18ec48084f90359bbc96c7c001
web/assets/diagrams/stage10-infographics/stage10-lesson-149-constructs.jpg,166092,2a1c5a7a973167d66b5f8c3fc1a5bb48e98522b40369b09a310e73c83575957d
web/assets/diagrams/stage10-infographics/stage10-lesson-149-method.jpg,367797,8bebc5621b1f3dc986e0f716cf541355da4ab8e3a10d0916f3e6385d864cf71d
web/assets/diagrams/stage10-infographics/stage10-lesson-149-quality.jpg,411141,bd5bde6d067fbf48ca65014c0e6da5c6ca068eb35685b0d5169ac04486d502d9
web/assets/diagrams/stage10-infographics/stage10-lesson-149-skeleton-tool.jpg,325933,dd2cd7a52c6d0067235c3d04c78fb200edc50db81e33fcd7280334d7fe89dab3
web/assets/diagrams/stage10-infographics/stage10-lesson-149-timer-tool.jpg,347613,ba58bf2a8bcc95bf41d5b00bb45c535c0bf428f450afbf6c79b589002b127dc8
web/assets/diagrams/stage10-infographics/stage10-lesson-149-timing.jpg,188798,eba580e42df97444d5aa075f12420b1b80792fabb3f008a01e7328ff2f3b8500
web/assets/diagrams/stage10-infographics/stage10-lesson-150-correction.jpg,343980,3e42201fa071a928fdbdbfed833d6cf7dc3a12f8043c43b6d1439a20674536a2
web/assets/diagrams/stage10-infographics/stage10-lesson-150-marking.jpg,427451,1c45cec52d04e1f0d6f25fc5cdcc7729ecbeaa16e95b074d374ddf4bfab23c4b
web/assets/diagrams/stage10-infographics/stage10-lesson-150-sections.jpg,409991,433d8efb80b575cb1edc717c451c5072bfffd259b0bb2dd59cd1cdd3e8689802
web/assets/diagrams/stage10-infographics/stage10-lesson-150-triage.jpg,384130,964699fd2b7a0451b8fe77935e774925a593bd4bcdbf6917c2c0272167d16771
web/course-catalog.js,33951,bab43533a2c9b2c87ce1d76e974c56df234f50b7ffc6e06f32e171e3e69b8381
web/index.css,5544,d15875bcb89103be388917e65805436612ca6bda9615cf4959be78ce98d7f0bd
web/index.html,4417,53565d57fd5ae8e9f53b14dd2fd8a52d8ae93bce0a52defdf95726e2111b5cb6
web/index.js,3680,a916158192371dcaadf1e3eae3b09fc4a57b18380126bd3c70605534c8b0cfd2
web/lesson-001/app.js,15247,f83c1bab0fb1273670430e3957feb0b9316a55b57a8693845c114d2fda7a5622
web/lesson-001/index.html,23416,1db5fbc24aa529582c27ad01411ef4c167acc478c41a0deec56af7ed78afaeed
web/lesson-001/styles.css,12111,c5d3903962c3c00e890deff140cb8644248d320d08089c0ab0fd382fb18d1e66
web/lesson-002/app.js,15495,c2df077b69d0cf9f299bb487bcd941339a96e69104748bd9586bcce6b74b2f25
web/lesson-002/index.html,25887,f9b6d438e3bbc56440bb729d03492cde005acc9eabd4ecb24428eea535215378
web/lesson-002/styles.css,11187,17e6003a962baedb639b6e559568f1c6154234b21b7c8260aa73a9a7e5dba567
web/lesson-003/app.js,15203,8cbeb3dba2f66f83d7c42ca0ec3b2ba06c8c2234c22b216bfb0e578458471566
web/lesson-003/index.html,25238,e156f8b289e4ffa0ddd5fdf6a072044991a5e9014b8cb61b504c1a6bcf8b9a94
web/lesson-003/styles.css,11002,65713a94d2af96b2380281f37332a64375db56348bcdb7b749731b2d340028e3
web/lesson-004/app.js,15628,feb305e3ad4fc6a807cf527152af1b74c2dda00357cb85614685fbc5de5dd181
web/lesson-004/index.html,25234,2b5cb624b6e2908c84f89eb5e1c17ef17e386cf2fd04ace682ecfc725eab037c
web/lesson-004/styles.css,10539,ada0d76c7abe97db8d77a559a761bea4665b9a9715ab9b72e5a2409176ddb547
web/lesson-005/app.js,15570,0ce0a9fc94cf0ebc2ffdeedb822e7ade5a6520571f537fed8239011b7ef71ed3
web/lesson-005/index.html,25992,ff1ccec26cf9e5d61d5efa09e147ba28e1a9f5362d4a1033b11241d7aa897e9c
web/lesson-005/styles.css,10293,275b7c2aca9654007dc1cd325dd968ab7abd3875d9b5ada9bc2c43a7dd340359
web/lesson-006/app.js,17196,8767358ab157f748ea688df17f6e8f0cc6c59f154cf576289b64b8677db2ef49
web/lesson-006/index.html,26501,3e5f1592d3a3454fe6ef3926fb69c56ff7b8068e5a5e7ab2566230b4e95ff61e
web/lesson-006/styles.css,10109,fc92cfd9945ceae8e26d4853cffa6e343dd3dcde472b1dd4cb9a133e9b5e3ec2
web/lesson-007/app.js,15444,5e05a571c38a0f1f7b18209c314c65d963ada7c404093ca9ebc2446141c57d9c
web/lesson-007/index.html,29486,a70c73369422bd1fae38326064a199cedfcd7c65947d05d321944256f3874833
web/lesson-007/styles.css,10175,49337693fb2252e7cc5c77c8052a26f315e6b296abc04f65e4eeb42ad8b99eae
web/lesson-008/app.js,15017,256facc12f8150e2ffb23cacc6b1ef0be5bc2b50ff3c316d4c7ac1b65ed41144
web/lesson-008/index.html,27015,31c1911549648b7315b0a70f4d0dc6329c3a109e942382a8a311db600298d1e2
web/lesson-008/styles.css,9770,80f9da6830eefee2dce9d802747d43bf9c4a352a16476792c777dc8f080f6cde
web/lesson-009/app.js,14706,7817972b38758ebab2781d474c6ca801f81681d7fd866c30569b91808f77624c
web/lesson-009/index.html,24701,95ac55604d4e4fa3644f36c7ea9651cb6227b59f1ff1eee6bf4b7d83a2eb1841
web/lesson-009/styles.css,9376,aa80445922ba01ef297c893afcf0ab400b80453d32d000a2be6414d5de5ae54d
web/lesson-010/app.js,14931,6e3e3e875aae4382eb0ba0003647cac2736f39993ad53d38d6aa6d2e43fabff8
web/lesson-010/index.html,29806,63d6c6622410b32d047bc4de8a14f98ab18f2b7dfecbedbab92f1b64ee0b622f
web/lesson-010/styles.css,9485,e614f91718350a89de82636861b10753f03f330875f29244112df985d11bb00b
web/lesson-011/app.js,14481,90b400062e2b0f8692875e2d524db0d6a5695eefc37de6f01690ea693ed36d62
web/lesson-011/index.html,22724,86a28b8bc422977c78efdad33244eb24f7d69b4430cb88eee8cdf4e99ddebd81
web/lesson-011/styles.css,8317,d8aaf61df15ee488a60b0157479b51bd44dee66c1ed5096c8caf5a8bbbdc6179
web/lesson-012/app.js,15735,7fff7afd983ebdb9c2efdbf333af4130b98654e9cc152037cf9ffafc45f0d537
web/lesson-012/index.html,28163,820daef267770cd00d6bfd71c7392149069ca746d857707664ebacb56597ff65
web/lesson-012/styles.css,8993,8a1f197344d3c77a7aff829bba19d9f0038b8551d81e2328dfd02065bd3397ac
web/lesson-013/app.js,14498,24f839e37f4e7563870be682c336ee3c557c503e15decc08513b44483f48440b
web/lesson-013/index.html,18986,8c8263fc0f2c38c171d82aa01408e8bdbcfd2ef8aec287536f6cd74080c27fb5
web/lesson-013/styles.css,8314,9e82f0c75d4e610885e8eb8b025ef5aefa9f7f27bacd5150ae242bdc9516ab8f
web/lesson-014/app.js,15435,d680fd74ef809e943d91268da6a2748c34d6c915536b7b8a37b04a641e9a1da6
web/lesson-014/index.html,19323,d692ce3253f5908d27bc42dbc6f7fcd3a332c008a898b391206e237e32049382
web/lesson-014/styles.css,7573,10a5d3d64a8b9d3744eee9313369a579c3385df21954641164af25742004de31
web/lesson-015/app.js,15292,47ab156d2965d069355c21651bbbe6edf117e01f585cf035f2bb815d2b841cbb
web/lesson-015/index.html,21162,57b38b77b5c259961280fb1a6f5246f7c36c874c95ad1f71c3d275cbd730f5e2
web/lesson-015/styles.css,8131,482026fc828b351b5ad3581fec7032ec0e33fe2eb354f639dcb253308ac3d7cd
web/lesson-016/app.js,14977,b93425e048037b754685f5568954a97f9d44334abbdc7ea0525e7a2b444714b7
web/lesson-016/index.html,36331,41f9546e8ae3c37b019928b8df729722580d0ee1c62b32ce4c4b766e8fdf91ff
web/lesson-016/styles.css,9670,78c587a518b100994db93778f660730bdb156408b82239f8352502cfc06a5862
web/lesson-017/app.js,15542,c9ed4edaa0a86abde2749809b8da9216e7f24982a9aff023c49abc468d255401
web/lesson-017/index.html,33754,7acff2102cfe25561ce537633f21e7234cda7dbd615187d2d8ff27982ee3fd29
web/lesson-017/styles.css,11186,657e64f9926d9727aa321dd098c011fa4c0a3f93e3768b01ae76c4f02bc35b37
web/lesson-018/app.js,16017,a23b70ed8dd18400f6998a5014892c67ed4c0e078daf84fb5c54a4cf8aeb98a6
web/lesson-018/index.html,33517,a65467bd1745bcc2c620d2ca97d1763cb4e21dde64eef112448c13e6dfcef29d
web/lesson-018/styles.css,9746,fd6872585020c475afb6d0efcdf461541b92abc16336597a11301906678bd195
web/lesson-019/app.js,15289,601565334134c0c68ad2a9f70a5326d3916b840b381b3111bb641606c668e73a
web/lesson-019/index.html,29052,b3306a64877d44894b10bc9966ea1f2e5c0a1903c58be45e759a391e5c3fcf3f
web/lesson-019/styles.css,8946,fcdd3c9288cc50232d07da1b1775affb6b71bce98ab08c8a1a05c362fbb405cd
web/lesson-020/app.js,14573,01f8718e0799af9988ff4c97b625ebf2d852bb4cd9da872296a21b6bb4162500
web/lesson-020/index.html,45173,800b56893d73ba9cf6c476ef6ee648829a8170f51f9be0067168f09c377085a4
web/lesson-020/styles.css,9704,cf74c01f209aa0c659b79eb8058cb26c8d36f4732573b15c3576fd4ff8d21de4
web/lesson-021/app.js,14785,c4da2c9cc2e9d5408d91fcccac1e201ffe430c555d3d1959735bfd66774307a2
web/lesson-021/index.html,20678,06c1288f69d5bec1f9df76c39d608d8c0f6a739334b55888ac3a00524d78fcee
web/lesson-021/styles.css,8046,00f0520100130ee210e2dd16a82d930f7a496fbc7e52b9e6e751edd64b90ae15
web/lesson-022/app.js,16740,135851ec65266cd2385ccc839acd229cc0ab9be81f7b5d339206e00a7693f86f
web/lesson-022/index.html,26202,069128a51297c775fba3d80e03a2f08b98b3216c3a984eecbea830d124038b07
web/lesson-022/styles.css,7992,5456b422a54d3cb0f7ce3a61db33b5c55f5ec9eee919d8a3c67ac8f54a56ee94
web/lesson-023/app.js,16281,46ab0662a2cd068901a3be2402ab812c836cccad39888e60b2e300ec891643d7
web/lesson-023/index.html,28877,8e6ed58a315d8cf1dac14f8ae4f3f3a30298b3e986ec909dd6dd7032643d0cb6
web/lesson-023/styles.css,8100,b09c5087033951c46f3fdf8db0029aeae7f3084d85da37d0c2fb61c07b7acab9
web/lesson-024/app.js,16550,6b0bb4c3f3dfe4d98269ee300dc9e4c52f47a06bdd6663a8ef427188c2bd9907
web/lesson-024/index.html,25654,6fbd1ed2fa6184d9e423a6dc41ddefd462a09a31b83bc8d82160749348a343f5
web/lesson-024/styles.css,8142,8473c94b9622ddaa604028cb73adfad22058d0a386b1b202decffa5856242383
web/lesson-025/app.js,15477,cc98fc6596ddce76c58e63b57e5813d2c697a99e229aa1651a119ccbb32eaddb
web/lesson-025/index.html,22860,0eabf2f7e827fcf8f183f9b78cab7ec0aa525eaeb74cdc7a438aabbd98337ea4
web/lesson-025/styles.css,7953,fc622ed84a46bd8602bc80797122ab02b14ba44075dc7d9f3818b71ea0972fba
web/lesson-026/app.js,17184,cb46ddad3bbc7a81711e6c66f97fed46e30246054b5402eccdb9aeea5ed6166a
web/lesson-026/index.html,19747,d9bd695e88eb3c363dd19a0e45ed9479f95234d4f5c772f288662fa80f1a09ab
web/lesson-026/styles.css,7508,fdc591fb896fb14bd3f2e88917af26991333a7b008c71c3553a5814f4e836a4f
web/lesson-027/app.js,16044,a488ad45537179288ee47a7fb23efbc72be4af0ac37f313f69b40e8cbd0629a0
web/lesson-027/index.html,27878,2a5dfe92a52c450b82e866d5af351a2474f71c02aee6336ced5ccf4b47a789f9
web/lesson-027/styles.css,9073,2faf8ee898a3cc62ccf2584abbc0109ce743adbfd1746ac978787a9d5e157269
web/lesson-028/app.js,16775,06cafce4717a6b7dbd208877f844e0e9430816c2ece5b1c55e39bd5158b525f1
web/lesson-028/index.html,28632,686b99f0e98a9b070b3541b0beee363415cfe413880eb03c121b4a38813b104b
web/lesson-028/styles.css,9243,c3b2d6f407b4594bd2aef78dee4ff9d1d9c753d087f946405a5f8b9cd9d58b96
web/lesson-029/app.js,16249,26646204d99304d5b5fa99cef311d0599b9149ed136a841005c150f8f9b96505
web/lesson-029/index.html,27346,3c286b859fafdb741c7dca67cc66505eebe214222305457fcd8c7f8b8d0204b6
web/lesson-029/styles.css,9243,c3b2d6f407b4594bd2aef78dee4ff9d1d9c753d087f946405a5f8b9cd9d58b96
web/lesson-030/app.js,15875,f6f1d8d87107032af4b7bba8ece94ae3e2b152c712f2c02ad8b7428e88d7431d
web/lesson-030/index.html,34000,5db3d3105d3a3e298093aa9c63f887d3938c7df6a4b0dd37c120c964364d7b80
web/lesson-030/styles.css,9559,46ec4921700f7caf095ce68cbf085f056f54418cc48e7e88a1eff8269902fe3c
web/lesson-031/app.js,17070,b2276f7f539edf16f31da9475072794357f4fc2730367616144c0583ffde1996
web/lesson-031/index.html,35571,2899fe0e51fdbfa919472df326da366ab28669efe0b606bbffe7e78566ac9bbb
web/lesson-031/styles.css,10456,e6cd96b8728d64df5213225ebddaaa2d0c520d2bcd206af3c38a522113721c37
web/lesson-032/app.js,16882,ea8a6c6c755138ec35ef29eda9f95e2cb44829390d69d80b86dff985512f201b
web/lesson-032/index.html,30320,11515c66633f675e77f2e45174e798a20cdde386541e67b2864d979292cc5fdf
web/lesson-032/styles.css,9424,548aae529c704a8c7f62828062a34a549cabe199232e88a888e674a15abd0358
web/lesson-033/app.js,16276,21b7743928615ea26432436ae1fe7b3b564b45084d4bbf29ed54f29a9215b9f3
web/lesson-033/index.html,19869,c8480321f440a5a6c56dab487b718cc2cc866e90dafc06a3d5f8280e58a653de
web/lesson-033/styles.css,8541,c5c08e7c2808e26a668f77b6a6fef8e34536a07599ac4177eb7d679408eb91a2
web/lesson-034/app.js,16264,94e1ff7bbe557d7891096e0f6d3a11f8c8904401d0f3a2ac27b0acf4a74323f7
web/lesson-034/index.html,24810,b1d566ea17da03e124a330b63adedce76f6d3391b687853e3b72aa4ce1600e42
web/lesson-034/styles.css,10716,0cd00c4d8cd73b46555dae4b9851d5c439114358aa6829149533c64c38b9bc79
web/lesson-035/app.js,13164,8e077c7825e0a4facee8d3cf5364e5d415626af521ee8c574adb4220f2ec74e8
web/lesson-035/index.html,24905,c79ad1d57e9fddbf7b28cfc7bfa7a25e294917cd51e341d56454f6ca36d947f1
web/lesson-035/styles.css,8975,3649b36a69a60996bd1a60a3a21164d69c5d6dad2e8f0963e6c2778eec0ab820
web/lesson-036/app.js,15317,e2cbb062515b0b8d4128d5ca942a7d3a4ec0c2b2c9de37ecd9d610ea759c97a0
web/lesson-036/index.html,21333,3231f5e83dfba17c7c69abb75f629f19a542b38ac7221ef30cfa4b2c964ce7b0
web/lesson-036/styles.css,8853,9d0482b5fe96b3324b0c90f15e37cc6a3c39c9cd278390e63590d5d2f69aed68
web/lesson-037/app.js,15816,53261b14a0d096ef6583d2a70986860478c6ba9cc249212a1b42a56acb1bdd83
web/lesson-037/index.html,22202,9f226dd2e8146b27eeb24c2798e075add9c90975eb6d4b677a1f6704419f1661
web/lesson-037/styles.css,9332,49808c89709447df29c017ae8bde018cdbd8b1742e04f242a55736b028e42fc7
web/lesson-038/app.js,17575,391c515bcb2754e25cd082d095013171ef86bc6b9c914450378456459e751472
web/lesson-038/index.html,22506,41b754a5139a9e1340270a92f46380c60293b7d060dc468bd34598cdea3cef9e
web/lesson-038/styles.css,8273,a6fe87a9c88385ae8e8c35acd076f2445a92829e23b58c11b70f35bfc5e0fbbb
web/lesson-039/app.js,17781,4d383ba50cecd9ba3c39ba0bb25163735ce562efce93c16efab8f71305d9fa72
web/lesson-039/index.html,23183,c15ada8b6e8bf81b33723cfa4ff97aeb1b63a3b22ae7f3a9e4ca9be208665089
web/lesson-039/styles.css,8297,38e8dd64f39a99cf3b1e06b277c69fd53d4da28ee3986cab7cb7ce566944d449
web/lesson-040/app.js,15385,a1ce4c4c6058c5f4c74f9ad3c8b78f7e8e872c1dd85ba5257a5151894ff24f9c
web/lesson-040/index.html,22353,0741ad83c17a399d55e88d7a8c1312893ce479e046abf48670322722e052a754
web/lesson-040/styles.css,8280,91440c074b2835cec8a1c49a5b22b1ba4c0eb55c1bf9eae6f69ab8322d422b5a
web/lesson-041/app.js,18164,3e95a9584087eed949f04a3c4b464f4546452e9192f564009f6734b4b9fd0a37
web/lesson-041/index.html,37766,93d85d6a4987a4b142945eded5111466b28751e4e2674c3076c0a46dde8f6b57
web/lesson-041/styles.css,10043,d602a7b3810d540d29cc12228a0ee3fe6edf0a73183d0dcb5a7c6286f07cd6c5
web/lesson-042/app.js,17423,907cbbca67da2796348f17e623850e565233c7d38261c4bf468c58de5164c39b
web/lesson-042/index.html,42048,eb0e24c87789cc9d58c116a8f64eedf3223dea163a768cb3d63989cb0bcb8074
web/lesson-042/styles.css,9674,5efd187b5bda100e09d1e123474acf4e84ff36dc406a226ee6dd9ce4faf6edbd
web/lesson-043/app.js,18359,88bb95741d3e34191bbbd0559c5e1c9c93bd81cc586bac03ece227b915583372
web/lesson-043/index.html,30053,504656152fede8f6f9199e5c516a3dcf7763998baf93948e1968f0d97f97da94
web/lesson-043/styles.css,9582,87b25390eb031cbe885ae5cb4cf916b70b374f0540e2b55affec3be9d0d27e2a
web/lesson-044/app.js,15951,56479a32d2e4e52b7df0f3803e2c5b67e2f7ff1a5b3bcdf74f45e61cc05fec9f
web/lesson-044/index.html,30346,0965729638afbeaaea2c65ee98c3a59419830f8a2c2452a45f21cd4c213e5fdd
web/lesson-044/styles.css,9788,a31f573c6d43a67b6aeff2ff07987ad6d02d0257f8da61d7838221f656e57651
web/lesson-045/app.js,17392,6251a29e8cbe4401c0dd0afd24dffbbba9935ba4ddd32648c165323d1d2b945e
web/lesson-045/index.html,31197,ad1601c0c3a518c490b60a42a6fc28835cfb697082c8b95d0902b72453978bab
web/lesson-045/styles.css,10086,6a1afe0165651266154d48d398f120c4d0e82eda46efb6e8f51db06ad580ea87
web/lesson-046/app.js,21554,088793e562f0ffa666ec8bc86149d510c5223b4af265abfe983a4b0de91d2ea3
web/lesson-046/index.html,32853,57a01203937c51143d12ffa47655568c02d727ff7767639be4134c9e3d8efc76
web/lesson-046/styles.css,10038,c1de7172541cfd002a252f3676c983662fbf8b64061c1003cbe118e4defc73c9
web/lesson-047/app.js,17263,3657dd59bb32e53a646c23f24b2a30a960e28615e1786014efd8a8dbecd1a41c
web/lesson-047/index.html,30752,1ebbd836f127a78339b3f05d2cd21eb2a036295115bb8b0872e625c20aca331d
web/lesson-047/styles.css,9749,7286234d994de587fa13e0f5973d47df50c6fc4a44de752193b8aee404ea3ecd
web/lesson-048/app.js,19065,884ae6e9a026640ce7405607ed5d7389a97e9983f56f4478d600d4b9a6eda11c
web/lesson-048/index.html,33541,806f0969b4c37aba4d8403e5aec03535b76d85b7c009b2bf89045e23297904fa
web/lesson-048/styles.css,10533,1698e945fb2557df8e8efd5d5be19f2b13660dae3f6b7f9a29825975c092af39
web/lesson-049/app.js,19510,0782febd24c87716b1c9f29e6174063a54723405f61ff883765bc97e31b5e215
web/lesson-049/index.html,36226,c7941d5aa68dbf16945c04ee3ca03b376df209c37a313d2184f771d8855dd8bb
web/lesson-049/styles.css,10264,2b3a0c6ac6f2fb2e1738c08313cba0d84fcda925cab3376c2bb71de94f93fcc6
web/lesson-050/app.js,29615,6d108f48b69ee144c65ae9758576dc22fc638e53c2db38f761c613b3f435e173
web/lesson-050/index.html,34931,9179fdc192da162883744cf1e3405d227a9b0331934f5fd01b1e4298806c1c15
web/lesson-050/styles.css,9734,9f91d13c1c71e8dcfe831190bf9befc949f862c5df5bd3a9a09ed2b767449bbe
web/lesson-051/app.js,19524,3e3bc4a4a9912863563ed202dc48b19ea60964150d94f75ae1d855b8b007fbf4
web/lesson-051/index.html,28324,25242e3996fde39bf76de6e69b3c5c739d8efe1098afdedab21b2ccdcc213e93
web/lesson-051/styles.css,8785,305d6a49d0b536a505884bdd1aa41b0c8e146ceb67fad787e07b2830b465bfb0
web/lesson-052/app.js,19673,62558c622af64c828dbb83d4045c127ec9c6165e962f01f794ae22edc2f50487
web/lesson-052/index.html,36457,5633781311f299d1b011dc98f792050338c51874cff28e2a27e1f2fa2157307a
web/lesson-052/styles.css,10013,e424249ae37a376cf7069861ba0899fb49c838852fc36c8cd890f8b371e58be3
web/lesson-053/app.js,19182,ca806edc57e5956433e9d72fbe44b3922b30f8c8ebd3f86bb3cbb75b4e61fe85
web/lesson-053/index.html,33942,868ffb1ed3aa6302028c9e9bd41953f9ffae4074d9ea32e325ef78b66854828a
web/lesson-053/styles.css,10135,320cd4a11ad3a72dfd3400a9730d5c3ac18b573d2d71bc48bd4339da217fd03d
web/lesson-054/app.js,19021,d01fea618e85df7d92dd60d83de3189937aae4b43921e80d752b4d6ed2ae4d12
web/lesson-054/index.html,35965,52d1d9b538af34f08b23a70b0d4272f40fe798153f5acfc88d4db0ec66d6ea01
web/lesson-054/styles.css,9452,b249f6734db8d590a6338256573184b9e125d874806b72b57eb9cb5adab3c78f
web/lesson-055/app.js,20129,eec337b1fa9c657d000c7efcd21ba066f187134d30603de7d3726caadcc12a10
web/lesson-055/index.html,38836,850b85c33bd0baccafe6e201b1abf41c3f645f42d47747594d50bdd4f2a8bf8b
web/lesson-055/styles.css,9725,2589c465a2b9bedced647ef715ec5d2306835ba7cd0035dd96ce3cd50475f76a
web/lesson-056/app.js,20209,5773b9368e6b7a1259cdef52e15b3d8e3928d497d683d8630e779116da6911a5
web/lesson-056/index.html,32993,9e639a91c8f9d62559a6577b9cca1f3aadf2e101c49df2e9a0f6cda78292ff6f
web/lesson-056/styles.css,9806,f4a07fb5a0873cefc989134fc7f0f8b90177178b6ba51457438485f7a637c500
web/lesson-057/app.js,19373,bd3db07cd18bfbdba26fb379c4c2e8e7264aceda5dbae2f2449c1463679115ed
web/lesson-057/index.html,27795,852d4dddbdf9dbf34dc85385fa265e4b183a89a1fcb40a4846e620e43dcd6911
web/lesson-057/styles.css,7846,3ada742ed28b68e63bfb0faae38aef9358e3fe0a062d521639a9f986d083118c
web/lesson-058/app.js,19330,0e6c409c6a05639f8c9184b0d59c47d5a19cf0a15ff1353b21bab1d4ea63fe26
web/lesson-058/index.html,28450,91675c6f260bf1ba1a8449d814dc601d4f4b8c4fa4fe84776978b40276f9ed0c
web/lesson-058/styles.css,8589,47137a75d782f8b8c252d50de96192efeadfd87bafdc722bc13a6e194bd8ca12
web/lesson-059/app.js,19329,86b78fd23be515d4cf083c7bc6b46f1cfbc4d0da72892c8ecae844594994ce8e
web/lesson-059/index.html,28322,62c767a4a4b828d8af915fda3abe1065abd7ae15f673c9ec72fc196c755d4683
web/lesson-059/styles.css,8593,47382b830e1c7730bcecf93e46a2ea54bdc2fc7a14f9edbed6f20b7d3b42b04f
web/lesson-060/app.js,20733,c779f468a0c1ca7a06b898103fd8ab09c895d9da9b55301cfb18cfad32fd93f7
web/lesson-060/index.html,29531,9b272b05ce99c0bd2ce7e52f5070042085d3b9f6209ce64db3caac9331006296
web/lesson-060/styles.css,8603,306a5bea776d6f26288eccf67075c4225ea4b9dbc42d5f3c0b771b45bc38531e
web/lesson-061/app.js,19640,2491e0a2999b23e524673d58a720514ee5327a72ef1658714c6e9903be1b80d7
web/lesson-061/index.html,21993,8b094d8c040dadcd83fba5151b5868367ac0687ee954353ff7cdb858f790b223
web/lesson-061/styles.css,8810,4a9512787f62562f3802aca94de56c546bd28f7f3ad00a3de44ba86f37aa8c2a
web/lesson-062/app.js,19727,f4373a46d60667ebb3828dff9913d3ada2c3ef89802aed04978ed4f3bfb3a9c3
web/lesson-062/index.html,33698,c114f659100fab071aaec12b65de5e9ed060e73f7620ce4f9563485f632595ad
web/lesson-062/styles.css,9587,ceaa51ab77372e0feb4822cf9e8dae65f8b3dbcc27b66b4b8c7d95d9ea4b8b22
web/lesson-063/app.js,19425,c0eabf794771511ca4b9cad5e277bb0a00608c913afa7223dd1997723b3eaa4d
web/lesson-063/index.html,38925,6c8a2449f0a7be6ec7a00d9dd981bb4c0a5d383ae832f56be9251a85db5dc4c0
web/lesson-063/styles.css,9581,2387fa18abcd3c3228f440f3afbd7ccbf343b2ac1c5199a61157f68a2f4946d3
web/lesson-064/app.js,19480,995e65aacd718ad386ef97bf4f64994893cc38aec06c33272a124e302ff050e6
web/lesson-064/index.html,38375,8a9dca98af9b961ac2a102a7abb14f7ad47f9abc9c7ab3fdf70dc58aa7ab2469
web/lesson-064/styles.css,9579,4b74ea4dda50a4a0ee4b6c71baee74e0039debd0b09e8c51e53cf46e5b32df2d
web/lesson-065/app.js,21506,9840e15007e1157ff6e58c06c7fa800bf0c9c357c2afce34955c697c3cc58609
web/lesson-065/index.html,40236,8e068430830dd62ad967cec8bdba231ed40186f8b1c831308a025958748d57fb
web/lesson-065/styles.css,9612,04183b4523e7b013da58479517b0e00caf7a6e848ae37cb74d4b499b876751bd
web/lesson-066/app.js,19351,f40e4861b8f6e580e7be4bda12efc653bdecca2af6d31b484934b87b470b09e8
web/lesson-066/index.html,36006,66524f5cf1d111945292d35c80cd77cef09d8556e77bf0d484c37bb8cbfaae58
web/lesson-066/styles.css,9596,4dc47e5d76dc3aab42abf5f5e53f59766b1b8ddeadf98f9ede06422111ee8700
web/lesson-067/app.js,19643,a68e5507d40adcfc638732aae98ea0c202d22b878b00d479ce9960cc94528873
web/lesson-067/index.html,37857,cd51500432855f5188bbdb00d974f7e6cd5ff03353772326e6c8290b6d86c011
web/lesson-067/styles.css,9685,99bd79af031fdfe5d350bfe2a5384e8599f0965ac578d9f190ad41bf360120ec
web/lesson-068/app.js,20910,1185809adcf0f47f10aac72127d19223ca80180cbee2faedee2822d24eed218d
web/lesson-068/index.html,36601,c006a8b7ffb357eac34dab505c91ad9f09e2e23c2e0385137a31c2cbb48d80de
web/lesson-068/styles.css,9597,1f3796022e8b6a39d7076bcc6a45818d29b3be895739bb81e9872a79f1f2b26f
web/lesson-069/app.js,23345,9e38cfc97af5ed954823ef79c996c6454568a481e737e427a40ca40b4230ff81
web/lesson-069/index.html,40677,1025166c990a2e81311530d61a7cb3f38fef448268c0adb0a26b678347b76f30
web/lesson-069/styles.css,9780,f03eeeb03b107926788a4123213d06f610fa98277b667956b00a7b8ce461609e
web/lesson-070/app.js,20516,1a7c68d71e7f9aa5d3ac73c9077c1dd4a2b26e02cd84c8e56373a65e8f40f445
web/lesson-070/index.html,30911,8f065d9f3d7242625c572f66cf13b84901945a127a356ff45a761a0eb7852e5a
web/lesson-070/styles.css,8674,ad2955ed8da7ad6bf1b3233484d2a427866dce12fbfc5c7967e71da69e5da9b2
web/lesson-071/app.js,23257,2e63b23fd392cb0a6051baa98b1f2ed164c2160f6f35099d2283e3a78823da42
web/lesson-071/index.html,30761,ac8da4aea80236c5f7c780b0889990848986b99481f7462ac6a6bf607d8ddb73
web/lesson-071/styles.css,8940,47803af8b01a93d1b6a5c9dfdf7d8153019806b4aa32ca2384f0424f2105d9d9
web/lesson-072/app.js,23364,89838d536c103cea7f96c2891b0cbdfafa9ee30e9c2c6f98a71f913aa29862ad
web/lesson-072/index.html,34285,e4c70d97e246e43ef8445d2610b0720b04cb55c39a9d3b9c20870ee1aedaf508
web/lesson-072/styles.css,9943,bbacc802019ae9c0530055f731ddac8d47170460c2674c23431b63ad9a6b8f57
web/lesson-073/app.js,23245,2d16addf7df4e6b10872daa5c0294760c1e477a3ea5d685afba8ccbc019dc19d
web/lesson-073/index.html,32485,b114844322a3d4b17db87ed4ebc8393db5a2a5922feedf1fccc7fa465e0b12c9
web/lesson-073/styles.css,8810,1ab6db0fa9c84c3e9bd78f02f641c733158a78bd9adc9fa82228509bdc70e241
web/lesson-074/app.js,21449,d82a3990cbc3c4f034c851097e900f064b5ab8c2bf1f58c81ed34bdfaf3fac65
web/lesson-074/index.html,37985,ba1a7aa96c0a7f121b4979523555293b39d56bf3b94abe174bc684913bfadfbb
web/lesson-074/styles.css,9652,aba0e842ce41369a53972580aff90466094fdc5193caaf395a88bd188885a744
web/lesson-075/app.js,22475,b06a20ebad44b9b6dda8042a18c7495883fdd37bae0eb7ab33fb24b4518931ea
web/lesson-075/index.html,34286,7ccadc059f8ad7409bccdae64ae304ba49d4a9ebb72d2f76f65f4e180f00bc23
web/lesson-075/styles.css,9699,ea057a239dfd7bd5e21485503cf2223a2842b96a68d2a6d850029d4729883885
web/lesson-076/app.js,23006,1512550441e726b0439b89de6b157a95418c51e30a0d26484eae3481dfd67697
web/lesson-076/index.html,34550,abf1566419a18557b136dcbd037f537ab197991c1eb14c31c91b61f14ce80de8
web/lesson-076/styles.css,9888,def3a3f9afc27a73199a59e476ff268773b8ea8edfa21c36b1a0a5556c0a4091
web/lesson-077/app.js,22541,521a6fa972988c258acf6cf0ed2501ad3945ce8ce3195b880e16cd9eba6432fc
web/lesson-077/index.html,34807,4b5d23abbbfd6c3f38e50b0a969cd1fa175bca6e95001677950d74d73b561174
web/lesson-077/styles.css,10130,19d45e66fcaa30d1a2c0835bbe431e33c108a3a4aab5202f122e7229763f1902
web/lesson-078/app.js,19583,88a2c0361feefe31105ba3646dc29535824acc459fc1561082ab4151fe2f5f0d
web/lesson-078/index.html,35274,b7601a1e83466dffbd6ac985494a92bf9e16e2abd94aab9f0bcc3885445abb49
web/lesson-078/styles.css,11213,c9c8ea31215c505b1d159dab934d7e7934bc73addf52e97edeee36d7af160f82
web/lesson-079/app.js,20899,1d4bfbcdbdb10106e99e73d3bf419f14664d5e7be18baae1eeee612ce9f1a67e
web/lesson-079/index.html,38514,a31a08dd52d6fccd7a20e7b6e8b8be5ff0dac8d7d8cf2754e894df9817771239
web/lesson-079/styles.css,10271,9b77b1971a6c351b0aaeff0bdb538bf5f3732a1a081208c96bcee2789a1dfe32
web/lesson-080/app.js,18909,4e1655db91613e44bc6de7697380c8f1c0b7e56ca153f009b9a6cce5a517ebfb
web/lesson-080/index.html,46051,281bf0d60306d8c1b4fad86678d0c91280df849dc241f267fa0df639d1b49871
web/lesson-080/styles.css,10036,52154eccfa711fbdfd2fe1bf67e8bb0508ba80ae531be0e69cd5cf425ce03a07
web/lesson-081/app.js,19512,0cf091d22d2ae71bc84361ecc955146936431ce9d4556149beee25a74adc68a7
web/lesson-081/index.html,26720,12b24e479de7384aed0be6fa974ea948c249a3a42b07bd29b0fff50c09e85c45
web/lesson-081/styles.css,9854,59ba6f42a1b53cd7079da280cd13fcac36626b69cc3c5091570f20727f66ac2b
web/lesson-082/app.js,19472,18b8f8b848b663a2e1ad6ff6a5abeccded7810d5a4df505767c6f3cb93c89c11
web/lesson-082/index.html,27247,bd383a654748ef3dc50a84384bc1dee77ef5143d4f092198d3c87fd8dd82b244
web/lesson-082/styles.css,9504,deff138752db97a2782485612ed3ad2dd6d45c910bc10cc55472082b1c0647e4
web/lesson-083/app.js,19917,277525e17d1db34444336c0d788afa2f32e0297356bcda449392312384705c42
web/lesson-083/index.html,29029,5dd7b06b532fee04491f3778a39064d76ef47c42ccc7e17eeb38a5fd0894067f
web/lesson-083/styles.css,10129,7d09c3511460ad0cc01b3391a94ffebfd6c304195946196d803f5897deb0fd58
web/lesson-084/app.js,16962,5385433e8976007dc0d4e47ab842965bee7eb70c6ee9e65feaa6a1efc1c34bdb
web/lesson-084/index.html,28030,a1f7dffe3b4d5a94f6f45966838ccf103c73d412c417f4b68dd0d9fa1a04e78f
web/lesson-084/styles.css,10293,6b51617aa2c78f153b8108ced68ad5c6e5ad23545301d97f18947287af3e46be
web/lesson-085/app.js,17204,7bbc2bd4abad20e760a1a1c4329878d02b9931b9c23fd0c7d978f21517626d1f
web/lesson-085/index.html,29728,7133cace07fb63f66a546ec78fca241d7ae9b21cb68d88c5552f42e6bf5cea8c
web/lesson-085/styles.css,10097,1d7bdcc7953230f213cc7d1c47d767da691a9a38dc8eec36cc0b3737a4637e3c
web/lesson-086/app.js,17114,7115cb3ca8562d177ddf22dcb61fcb74aa17b5435bde3aa59bba483399a85004
web/lesson-086/index.html,21526,2d36d7d4d3e68c0ddcab91cc19519af8a43b1bdb28c8422f6429f1c71b4f23e6
web/lesson-086/styles.css,9690,6801a7a12108525f6739204f4139f9a7f71e41e3dce0336e2eb74234e96a7609
web/lesson-087/app.js,18324,960c47a8696d355f51a39155143e991b4dcd5a5f368d4db00525333e17496cd5
web/lesson-087/index.html,27038,34e87ac79457010cf82271a1d67812e8cfd0f773b02c359a7e1495256a5fc013
web/lesson-087/styles.css,10192,68b6c8027155545f5c63e6bb4582f761720fe18b9207598244cd9055372d36d2
web/lesson-088/app.js,18583,6fc86ba2409ed0cd5257c6b2f7da002529136ecfd4c599414325be6aeea1e74c
web/lesson-088/index.html,24501,81e0136976f78213d337a2e08aba20251873535c6e557633fbf35f05e03136b6
web/lesson-088/styles.css,9309,c9f71c2916ef1e02116095c4cf1a533f430d0e90f210cf59644928f77ee4e2fb
web/lesson-089/app.js,18881,fd649f3a3a4c1788fe946c349d59d810342aede4da89b5318e533f20177e0099
web/lesson-089/index.html,31765,a0ac800e6153039ac325b8409005d67f984b3c59aee311cd44c8714609c09a56
web/lesson-089/styles.css,10087,941f2be0b63c5412ce4abfc2ffca758399d1cc08cb20673821b32368b592951e
web/lesson-090/app.js,17842,fb5b2c6c780387ad8045dc2b7ec28af1e908406c3acc1ebdd9d402480b7a1690
web/lesson-090/index.html,22587,b2f5238084991da97fc2236c11fd7fada043c8279564785a1c92bceb78fc15c5
web/lesson-090/styles.css,9248,0c8b2bce3e6fefb7dd8874d1362f8dc9312d5b7f646c6a4bac1155d33fab100c
web/lesson-091/app.js,18571,d58c4431bcdace31711bc846ed4bc6d8d101b9f93f8c33bb75ead6973b8d5263
web/lesson-091/index.html,21940,2670bd84d3f7e6b038b4d69334a7dbb0808919f276b8cbcc2bcb9814b4caa78a
web/lesson-091/styles.css,9078,b8a4644b5cb2bf70116d9a921626d694647f1dd03ad9678402b04d13cb42803f
web/lesson-092/app.js,18673,11e0bf3d31f86b7c4821bf55a103093cfd673fae4c6b214a7f08f59d45e09eb4
web/lesson-092/index.html,25028,7d8c222aecfda30b8600760e746c2af571550bd58ddeaf736fca150f5e030b9a
web/lesson-092/styles.css,8997,20d9f4dc1e81c163024820e85eb5701e0d2af3fcf7318544b932d4bbc8409fbd
web/lesson-093/app.js,20643,a597bddf503cea63b30b2639a315662220dcb30a3d94d5193e4486965f3ba1b6
web/lesson-093/index.html,28168,df2a13353b1450d3d8cdb3033934fe3bae59b85bd9bd746b3df59c013b7a868d
web/lesson-093/styles.css,9334,d102000c164f6391066892e5d1847efa31e53bf5ea6a412a714d76fd28e6b0fb
web/lesson-094/app.js,20412,d606c2b0c97a0de4b74e940e35245a07add9813c53ea4a0c20bd930dfc1b9d06
web/lesson-094/index.html,28274,3450f55ff1632107d02a3143d7e1ed6ee1be7aaac9d9d38cf85d1f797a450e62
web/lesson-094/styles.css,9247,6fbac659acfb4bea22b3b14717da79e2363bd8578feeafb0343f691597d6259c
web/lesson-095/app.js,19010,bc5dbac783e2dc2386a1f07868769eba33fbfe30bb34e70dc0c3a788ab249b30
web/lesson-095/index.html,28294,5d41672f83eacbe3977c9451cff8b5e6a8b430d72ffe9664ca16dbb981232008
web/lesson-095/styles.css,9380,29873e87a2ead0c8a966427cad16ca2f2bca82884e6971264a8bcf38ceec3b34
web/lesson-096/app.js,22136,c6fcc6be34aaec3cb5dcf1fb0b8d988e264e4d19c0fb4f89a8361a0d17a8e068
web/lesson-096/index.html,27184,dc4587e54569d2a0f7340c2a384cc7d04a8673e8e741aa3bc05842354339854a
web/lesson-096/styles.css,9169,3ce6f543ea7902a5f93a069b41aebced01886c7d4ed2b862f9e208b56bf30c19
web/lesson-097/app.js,21386,a2fd87c5fe168058e74376af8d3da9fb2d9b871b9eb866fee461fd2ebf2336d0
web/lesson-097/index.html,29940,1fcd370403664e958a4bb1c83c4cb729458993811f8e0b27b555a78bc701b997
web/lesson-097/styles.css,9160,5e0b19bc375d104bf8b57ebda9a85715fb037a66ab2e8d7cc68aa5d02ab8da27
web/lesson-098/app.js,16284,c8bc2f51c3b09436c6a0051ae7270b4b0a8a9e1ee68fdb19462b716906cb03b0
web/lesson-098/index.html,24663,c16a16ecda1d8acc812fc5e94f35ed5dc70f8c7ef68c121c2052d08410a6fa22
web/lesson-098/styles.css,10318,649c9746c5277db6bde23d40909b709fc82e0f9829132569fae42502d42a6c56
web/lesson-099/app.js,22504,5bfa23945cf7dcd26c23afcc4df820d78bc2e09320bcd57c35d072f62f6574de
web/lesson-099/index.html,33005,b2953c59d9a872ac6aa4744395a25beedd8fbaa767073afcc980d0bd211afeef
web/lesson-099/styles.css,11034,0a200648f4bc0d46b4a8b17bdc655ab480f56173ee559b711e5100a65ac7398e
web/lesson-100/app.js,16594,ca8f4fb7bf5b31a04698bb7cc486fc007b57121543b7a119d8214be2c9c021f5
web/lesson-100/index.html,30101,60a68afb18792b32b73d1a15b797093fba0ef12b3fa44f58ce63a36f97e9285d
web/lesson-100/styles.css,10431,047972705880399a3c235778898f7788ea2aebe582d44758dcc889d559f078f7
web/lesson-101/app.js,19251,fb05163a01f47d671db2216786c279e55c73acbd73e98d6c436b2833df625952
web/lesson-101/index.html,30825,33c0683224e93ccfd84b4e906435036d1b5c29d7ee3733b731ac0b8a2e848832
web/lesson-101/styles.css,11145,17c70580fdcf23506b87953758d0b226b179403d2145340ab2cd1f8b2acc4852
web/lesson-102/app.js,19271,e2298b915a7d319e69ade34614983a409faf75681c8c3babab6ff96753e70663
web/lesson-102/index.html,33197,d703fb2b99127bc8f221b90f2403144d7ca60dc0e6ff9a68c2ffebfbdbdea68a
web/lesson-102/styles.css,10910,195b9c8322b38e13f5bdfd59d6cd997ac5b98e8fad4736071cc207bf147bc3c5
web/lesson-103/app.js,16454,59b47017bfc457c1207eb4a1e37e4ccce3e306ea5c571ca5ab6bda11d87af1db
web/lesson-103/index.html,31051,c67814d107c26dddb060f849bd5b20e2b93b7b705166f7bf18f7b61481e98661
web/lesson-103/styles.css,10333,df58fececf22bdd4a6d8f0772db5a3710b840ff1f1382a473879cdc6e21406ae
web/lesson-104/app.js,18158,15128e277e273ec8840272fab1e12f7e6ab899dd236e5bd3470df4441c3df458
web/lesson-104/index.html,25464,8207a5960e857086cc85660f53b2a5174015c1bccf723149663daab965e5f9e4
web/lesson-104/styles.css,9546,af28dd92b11a030458325656ead9898a32efd40687985525763c8c8e4aff3465
web/lesson-105/app.js,18546,7fbcfed1853ba25526e24f38b30f402ff295e50bfdbc59d2e6fb3de634d5ddb8
web/lesson-105/index.html,23406,333f359a18e431a56610adee448ed0a16cbc6828a3749bc6042623f4826530b9
web/lesson-105/styles.css,9124,187452614f6b905134be48ee4d90b59c33631fb4a7e11f5e1833bff6de4c9ab3
web/lesson-106/app.js,20515,67b3860e2545af2187ec3ce5d4b531b307c7338d99041f935fbba2cddb373eea
web/lesson-106/index.html,28352,f1622519ed6626ff5955b6ca00e039132df0a15f136b5d6a10ef909a224eac8e
web/lesson-106/styles.css,9298,03e15bc96793054de6f00c42ded108c2445a0b0e3eeee48c1b4e793915d65e13
web/lesson-107/app.js,19946,593bfc44ca3dd77e25b0a2339421a462be4f2e07ef272e846a45c580599c5cd9
web/lesson-107/index.html,27482,78a744a28f458cda6cb0cf666f56bac08e985c9ee974136c111afd71f35abd8b
web/lesson-107/styles.css,9562,cba38455862d3e717ebd33bcdd15f1ed35857f3b001e98adb0921b056668dfe0
web/lesson-108/app.js,19404,b011211871dd76d9241e037821e4eb94fc255c866b5d0d79ccb202501cf063bd
web/lesson-108/index.html,26333,41e9fd50bf5f630ec012ba0ff6857b1e77ceb20ece9d231e5d0c0c1492522608
web/lesson-108/styles.css,9440,a400ad2134d5359589fc72bc35b64ec01cd4d3c1057103a9257b13ce186ffa08
web/lesson-109/app.js,19768,5175055b97e50d849c7e7bf91de31c2588078f61cf994fd5116044105523f980
web/lesson-109/index.html,29101,479da94946d4b330d5571ff4a0c3668970d8d7bf2d1521bd6ca401355061aec4
web/lesson-109/styles.css,9334,bbe7a3888c7d5e12f562398e4209faae070447ca9d06d94b426219ee5e9e92ec
web/lesson-110/app.js,17262,437d3bc857a67bb114c93293e1efe7885dd84ee52722fad0e289481d4a4e11be
web/lesson-110/index.html,27860,7e82e8994d4cfe6ae5e0d9724530ffa86e205d89a2a70c828bd5f3f1a5fca165
web/lesson-110/styles.css,8977,fe17f7f98a8b9afb333d4e6fd2d26a35acb5e4dd44cac729edec3bac4406d7a3
web/lesson-111/app.js,18774,527ad2909161d5c779e5f9fa225bc3264be45f2cf34d9fbf22d64107ab4da385
web/lesson-111/index.html,24813,07fff8a9c5867df96342eea6b308264c2dea78cdea5c9aca2681cf6abb28a3ac
web/lesson-111/styles.css,9208,d29d0b0b83db626f315ff56b7d5f2aa3d713634f137de7a0a70254136d44edc4
web/lesson-112/app.js,22226,506565f44972e25bedadac58469313fa96ad04aeb4c6a996be428afed81af0d7
web/lesson-112/index.html,35849,84e999e84a6e3b7f2016132d43d18392e88f179e17502cab5fa8b301e228b8e9
web/lesson-112/styles.css,10563,1c2c7c3efe7bedd3b2ccf5b2e2254824ddb14fc42a946bdfd7b5d965124bd972
web/lesson-113/app.js,19699,64a11523deb65288a8a68ab6938710af5eec93bacb895791f77142a262d680f5
web/lesson-113/index.html,33244,ee0d1f298f97a87f9631fc6cc1a33c3d31bef98983aa52a7746bdbfce8a1b86c
web/lesson-113/styles.css,10405,a41632b46fb95fea464816f11076edcc4c49848974ece103f94e3bd6dcc1b4a0
web/lesson-114/app.js,19060,15d25e99e45c853a96fc0231a662d86c49d40035077039725d5d250765fb96c0
web/lesson-114/index.html,31873,aab9108ecddeb6f30dd992a8550ad4907c5197e9672158fc2b590b18b772d64e
web/lesson-114/styles.css,10618,e6bf84ecf7d5fca33ccdde15fc1dcdd16558ccb3db605adbcb48bc96510a7bcb
web/lesson-115/app.js,19184,7b563fcfe08d2d4fafc9b5661dacae22124211acf31f363cfcebe3e1ff41d75f
web/lesson-115/index.html,34283,ba20e2836d38710c7aa5059a560d8d351b242337fe338b5213d5e3f193fa9f74
web/lesson-115/styles.css,10716,6dd68ce743a346a05b2794f2f5f4fc8efae2974695a920db568acdf2bf8be2d5
web/lesson-116/app.js,19505,ea76ec2b77a71fbf9be97528b96e54da03d72e4081c7286e4b8ed691c01fb6d7
web/lesson-116/index.html,33897,22233391545550d0aa59fad53e377d60e7235ea17138eba6b1dd1172661692f3
web/lesson-116/styles.css,10746,0695a6ee2e5608414f662dd31c13022c1a0e0f13e4353a4d51f1341531f0a53d
web/lesson-117/app.js,18962,4b2a1d145fa9f15b90d6ccf3fee48af8cd232b9364c0fdf7405cb4c87aef2aa0
web/lesson-117/index.html,35458,96d2f03058c3165228bb4cab8851325fb3e26acbc01eead4e49e9892ba7df9b9
web/lesson-117/styles.css,10356,6406071d6fc6eb930c6cce6bfa7f1c5900b263a0b09fb4590631dc13699b23ff
web/lesson-118/app.js,18878,71074d25f6e43c433bc5bf88089b0828d3380cdf18890f4f00a9b292b4127926
web/lesson-118/index.html,35072,629a6b2c02d8995e294746a80433fa5410d9a5f50a6bb572b06082d97c5824b4
web/lesson-118/styles.css,10465,0181d9a5cf97a4e2d5edabb6b2964ace2180d428c9c323dc11b265bd46b65c6c
web/lesson-119/app.js,20038,258f49b9734d3533693ee2f2af4b52019abe2f4b0e20a8ace9618aa0dbe3bc63
web/lesson-119/index.html,34027,3f0649c1696c80c107d0c8a615283b25d99398cf8ecadd8c29ef99712f49c26c
web/lesson-119/styles.css,10318,c81f57c49e236bdc8c1d8aceac53f04c4ab7e411454b7f2ea5fe8eea2ff503b6
web/lesson-120/app.js,19079,21bcb773e8b355b28ef1aa5eb307ecc73cd66a6b680b667d24a59d644d8940b6
web/lesson-120/index.html,46784,af459cdf8bbddb2ba247f046e36069681e3a7e7e34faae9847dc806cbe8ce148
web/lesson-120/styles.css,10419,11aaa890e8cbab7f1fcfb16119a1cf9a107f8b7900bcbd58d0402b7798f2d042
web/lesson-121/app.js,21225,0c8e505f99bc2f69daed813225542794e5b830dc950e041a45e8ed4210e31235
web/lesson-121/index.html,35346,2b013dd4e807b6a5e8d6fb7f5e41d6caefc29ae22112cd805889f2f32b570bf0
web/lesson-121/styles.css,10383,17c00d9dbdc73946ca2bc53042a4ef657e0fb8cb4f0887913dd4e258a1fe7cc7
web/lesson-122/app.js,20292,825fd26b8be706a639f91549d1bdbfc4a3155a56c7ffb2fa88aa56dc2b13e833
web/lesson-122/index.html,23506,672ae4c7fc175e14e4a4b55c239710bfed590975949989f5c04be5277dedc094
web/lesson-122/styles.css,10012,0ed85cad85fea75e6413c017ba1d458aa2c1ea75c2bd0619571a8968657a926e
web/lesson-123/app.js,20336,1b1498f8a7470fe12b825ddb24c7006f90ef6a84656f7a1048b902ea07f8b6cc
web/lesson-123/index.html,33049,6ec6096d01751a3950389d80673c024e8c80011ffc5e02057300a31f04666fb6
web/lesson-123/styles.css,9290,9b34376c0f6b08c6330fabd439f90a02c34df24a819155d645b1ece46f0ecac9
web/lesson-124/app.js,18181,fbe2ca8a159f16ea07ff631a851e75542e7a6fbf6f26b5758008207f39a3c9ce
web/lesson-124/index.html,31999,b6fb34ef379694f6f21fdc241b6843651616155f3ad91dbab4e269eaa2b6bc7e
web/lesson-124/styles.css,9231,a65d732cbb50d02a6438317171f365068fc70402583ab6cc2a799977f95f2bbe
web/lesson-125/app.js,21975,894e484da8e802d40a01ccd5157070aa27864f64cc052958f285e0c703e2a324
web/lesson-125/index.html,29764,42920a24ec6c7c4003e0e0bec114bd6cc9cf12aa7975d771853b9c968934c538
web/lesson-125/styles.css,9657,c9831dabdb75f985a1f253044a3b9aa04b038312deb9ff8e81eaa6d24ce064f4
web/lesson-126/app.js,19888,3697a2f78118eb2078ad1556c138075f0b0f0756aea7a13f907a7e9866aa72fe
web/lesson-126/index.html,32515,51c7276b75499de1ba4dcb6467cdabc8234f1001bdaee92598646a969336cbe9
web/lesson-126/styles.css,10285,c639eb82442b8b83c5e700e66d8a85cd575e9f438acd35b2122f6fe55d78ddc2
web/lesson-127/app.js,20019,951ad5cd7b002bb0a1bb6ff25a5afe8e0c20309b43a57f1114b1926ad3bbf27a
web/lesson-127/index.html,32644,1de241a43037dd10a20053c7446c041ca10500793a3d080d1c17a42d973dfebc
web/lesson-127/styles.css,10420,99898d9f099591421f9b138615f246524aff48bcf4ee828d4cd37c24873df1af
web/lesson-128/app.js,19836,c505baf481bb9fb892a838fb35f4b8b4070096a8d5228ad462096df25b526b51
web/lesson-128/index.html,29243,7e2ea1dc8cc6dd3b6517e988930a9d2b2b99ffaca45fd1f9d7bc18474db2f5f5
web/lesson-128/styles.css,10449,e6697412e5036229513abf84b968714b3318b4fd42892b173945733faaf63fc6
web/lesson-129/app.js,19845,8356888e3043fa6ccab0351e66a2565fcd69097a50b90914fe5a59d2ba283930
web/lesson-129/index.html,40432,d0bbf900cc2f5cf07d7233901d3a6ab5534cbfba9d29a4875f90ca74ee160beb
web/lesson-129/styles.css,10357,70cc12ed8f5865a26c986e191f3c8ae56019fca56790998f3a5ee1240fb95b30
web/lesson-130/app.js,19602,f9a0a79f9c4a49b041c0a0b7203c62af98f6baba53a8fd0a7aa80d8429444ff5
web/lesson-130/index.html,37398,eba05dc1cfaa81ea4ca81d532ae8c481538fe64db52f4948f5c6e39060ed7273
web/lesson-130/styles.css,10292,4ad8d4e34606e9c404d0e3221994ef832dd8c95cad866b39fc9bc1a713d0f7d1
web/lesson-131/app.js,22226,ccf0e2e19960d6c5f7abbe73d2dfc8939f54cb3361cf2d7c182100e911fc40a8
web/lesson-131/index.html,29636,5e03c9725ca57446c44fb86dfa51609d9ce564318a1d5d0ce3c377c8a81302b6
web/lesson-131/styles.css,9782,7ce0a7bc8d02b57c6abe740b5e4c44b41b99c22909a929770793593aa96c474e
web/lesson-132/app.js,22826,18c420081796dead5ccb637ffbf47eea8937c9587b1190f8fd59f8030656888e
web/lesson-132/index.html,32361,cc9cc6eca09288442c47c2e934fddcf0c7e7b57c0a326e084654b59c3f53ed29
web/lesson-132/styles.css,9594,baaca1ebb252ff8bd13e76490e1b1786c5a1277c776906138c90bc580932353e
web/lesson-133/app.js,21468,2cfa2a2780bb12c6fa22a81451f31748a10f36e6cb15188667cbdf93eea0de85
web/lesson-133/index.html,41407,c47024fb170e11ccff25d6746c6451b64bca1bfe60cc4395e8a19396fc82a89a
web/lesson-133/styles.css,11114,38eda19c1e9b42df5cfb6f82ad3928e781949584448a5ab0f5247ff431832e37
web/lesson-134/app.js,20149,b10a34248643d5076df49bc2d6538991d7fef08309ca5577c334765225ff4423
web/lesson-134/index.html,31121,192a20dfc9d4d1f202f91bd5649f1add2d6c12a154c12efa9b67f802bc9cfea3
web/lesson-134/styles.css,10052,a93bb6dc1a4a4f76fde99ab53a36d5d7eeed432f687227b301b59fcc6e596858
web/lesson-135/app.js,19896,172091c2e18b7f206cef78d8a5e3dc0029af9a8b8f5378ea3e73a70d682cdc64
web/lesson-135/index.html,31629,6fa3c727ad69675a0c1ba17ca9e56e124ce259f514b56e5c964e17db25c2bddc
web/lesson-135/styles.css,9837,b8bb27a304bada963ce001b0c6dceeded954b9bf980dacd876ccbd6b6b26ec71
web/lesson-136/app.js,20842,8fbd28fc1b161d224c24a8bab3a4a4b69bf3b4344737071cb6b87423e1ed6b24
web/lesson-136/index.html,32924,707ca997e864051121695e8dccaada10c9391bde011d5109a9c7ad6ae4875395
web/lesson-136/styles.css,9970,24fc3726692443929ac2073d95078636b66c8d31b3039ee20ab5ad1e3776bf31
web/lesson-137/app.js,22122,b79dbb8284a2495162ce949696691ad927b134bbcc1b7a39fb93031602ee1446
web/lesson-137/index.html,30227,8c5d51cfe4cb4c326f0e93881f011c793fbcded5c0a244f0e9bd772d1533a450
web/lesson-137/styles.css,9254,ec76f27175056488c64e71064e7b7afdf34a4f4ab1a24732b5f186c1c0e8f38c
web/lesson-138/app.js,21344,2a96d88b0c219883bbbdc1778d3423b2e832aeb80188eb3ee5411120fc6e9653
web/lesson-138/index.html,27345,6e9849646dc73abf48acd184e5a8652e7bf6d8240650ab0e0ffbd49479f9c0ac
web/lesson-138/styles.css,8724,217035db154afac142d1e97f2de112b9e03f4f7fea2e763b6cf8eb7e9ea0484d
web/lesson-139/app.js,20127,a9303eb4d8a262e1c556198912b586c57263d67828812449d6cf9a57290b02f4
web/lesson-139/index.html,30152,351294f39e7fb5d27ceb7e87d8775e13ed200bd50b9ca4c8b1916c087d946bc9
web/lesson-139/styles.css,8727,e57820dc67bcc615ba722180e54600f306e49702a47aba1961d83318aa3c0fb4
web/lesson-140/app.js,18994,b0805543a16e4ab1908a2e056127d42161345e56a1c81d82f4b88652c215fc02
web/lesson-140/index.html,32773,a3918cf440178ef27583da1c540b2c1edbab5d426c37facbce6e0dc3a33180cb
web/lesson-140/styles.css,8626,862e642108981d2e3bc9459a5efe7ff9ae8710469a5bf58b65b8e063045861b1
web/lesson-141/app.js,17860,88203dd59d208c715dc1c7631ae2c031a46334520dca63769fd56af529656717
web/lesson-141/index.html,32917,24d953ce463897b28018404d392b53d5ccc1eb7385e8bf29066a5da56af67ad6
web/lesson-141/styles.css,8751,a18d205d01393208c83f7a46a416ca66d77a716098fc8cc2ab9eec7877660196
web/lesson-142/app.js,19969,93a8a2d7d6629a78f7de28c7e5e4aaced96f603c689be6f1ba1c8e7c8b52c73f
web/lesson-142/index.html,39873,34a73ea116bdf77fe11cd4f27aa70327ee20ae1ae378191822c54b83bdf4ba5d
web/lesson-142/styles.css,9963,1e1ef28e9f5ec42cbbc42ad86ddb8abe3a694be7bacd0ef1d5c3a1cb2e5de1dc
web/lesson-143/app.js,19914,17e44612ad7dd199dfa64a547a4446efd09724e5df887e831839b5623f298cd9
web/lesson-143/index.html,36713,3b2dc09f3ef3c110c923253491fde27e398f9f827b9dfb0f43823b966ca43366
web/lesson-143/styles.css,9677,350646f4a4297f416e857f058d0d2f41faeb210e0909916f72d8ac454c17b3ba
web/lesson-144/app.js,22233,a01cf1ec1ffde0cb687b539804c3c9f551eddd7c500ceb12a4efde8a8699b201
web/lesson-144/index.html,39353,69ec4e49f4a48f80fe4cecbefab1321de8465e13c9241f68be16fc3cad77d2a9
web/lesson-144/styles.css,10837,c267ca29e27b128c4679cf7e6c2da9c5a6203d0efad808840e6d7436bece2887
web/lesson-145/app.js,20369,a255c654acd407044ad6a4b35dc0a33fcff9f96b4bb0a0160b11bc843426c491
web/lesson-145/index.html,49831,52080afb22043245e6af0c84cb113e592d8d94370c91759a9d9ef8412ba8b368
web/lesson-145/styles.css,9986,6124902811f33ff67fa6e47e19f8c8df53a30a79cd48d641cf4c52b484bfebe5
web/lesson-146/app.js,20760,4b7c94ebb2c2b25941da3a97def0bba7f38adffe882e4f6a6189325594a02484
web/lesson-146/index.html,35187,16f6cdf1c3f2edda2919d01ba5f12ea2e85280f27a8e6cf5cf7dc5bb78a11874
web/lesson-146/styles.css,8954,fdbceab43481ab85e11cfdf4087a96867cbef72adbf4c8df245c4b6db7845baa
web/lesson-147/app.js,18801,c319eb6c035374136c191f9f8257f854479a5b5ee69e02affb7eda5337be8081
web/lesson-147/index.html,28543,5179a7308a44d01ac469ee4593949db8722eb44f691bc4b9553723081e7714ea
web/lesson-147/styles.css,9036,506d0cb442739edbe1d5af3927e81c37c918817804708dc37b025f795d12aa70
web/lesson-148/app.js,18952,829b641cc87a2bcfc5038b20cf1a35fc47abba54e636429c9abc180c27ed8204
web/lesson-148/index.html,31004,e7dbccd88592eb2289b14804642328f75126204f16bd2bdc7fd0bc9561047a8e
web/lesson-148/styles.css,8941,1f855ecc092cc3041adba052c2c5b9aa52bf8b340b205719294579030b405cfa
web/lesson-149/app.js,19577,fefaded6a80efac82eb3f471d43536c05caa9d4c39c445c3f9553a3a1736b94c
web/lesson-149/index.html,25717,4e45cdd9bae1c187960a84956a063611a7b5eb3bafb26da0c34e37af482c74a8
web/lesson-149/styles.css,8882,8980dba709b3d686b879af22b47ea3711aecb983aa331290ad1d801018d4b822
web/lesson-150/app.js,19576,11ea3fa7b4f2eab67a11a6153ae4bfd3fc5e01756a51a2a8079917c273b04760
web/lesson-150/index.html,23330,f68998abc6bbd29902a79a4dec3e60e393e8aa774e791435e291a67191a4d532
web/lesson-150/styles.css,8690,f5580f7b6c03f87fe57b07940af6c7b1d12ef1ab479a42f0059530cfb142055f
web/lesson-toolbar.css,4288,2f4520e2779e872002a5c6f0161aed4cd3529550e26141aa7d1b57e66a1cd2b8
web/lesson-toolbar.js,5779,0637c0d5e495d30984ae89a7e6d41975886ea71ad691fbbe3f4cdc36f27691e9
web/resources/index.html,11413,b32175855cc6399803060e9e1060a549ed7c806c4cce921421420fc132bd7cb8
web/resources/styles.css,1823,70669e93a5fe89f4b6d04c95a202d9bb6536468fca3050bd6976dd4bd1268f1e
web/stage10-explanations.css,1996,30badc3b9744d936d87cacca8e9c18c8bd3554ced5d3640b1c5971a09ffdd74d
web/stage6-qa.css,2856,23808ea90fee1e22d187c20257a0dc4024d5a0826a6d05760f75795f1a89a416
web/stage7-accessibility.css,1936,be903951d6976372f5e4a4f5986ace98fea62e4e7eaeb44c5746a3c1416ab889
web/stage7-accessibility.js,9096,e7368c0570f80ea81e7b2191c837f196e0d0c89816224d0e796786b182f9d9d7
web/student-visuals.css,2787,c98c86a4edc17caa58dc950954386ea22324a4f29ba0cf89fe492f8e2756674a
