lesson,target_id,asset,sha256,title,source_facts_hash,risk_flags,pass1,pass2,status,max_severity,confidence,defect_ids,automated_checks,automated_check_status,notes
001,knowledge,stage10-lesson-001-knowledge.jpg,a8eac65925fca8e202c510dec4cf8b435d5f80771e5439d43da054dab764c3a8,The storage ladder,b9823c77e2f110144730eddcaaf83166058582d76b61265fd54a191f1fcb1fee,numeric;formula-or-state,Reviewed,Reviewed,Approved,None,High,,CALC-001-STORAGE,Passed,Stage 6 fresh current-pixel forward/reverse review; old Approved not imported; see remediation-v2-stage6-image-review.json
002,knowledge,stage10-lesson-002-knowledge.jpg,294cc7b75d075d694bcb942518f60443445111bcee1e5cca3e7b84fac8047e28,8-bit binary place values,805f8c320432250097bef83395c18b99c952bf69a8a7470cac09fe755b8eae92,binary;numeric;formula-or-state,Reviewed,Reviewed,Approved,None,High,,CALC-002-BINARY,Passed,Stage 6 fresh current-pixel forward/reverse review; old Approved not imported; see remediation-v2-stage6-image-review.json
002,methods,stage10-lesson-002-methods.jpg,47d16a625601cbc745e43635fa36b5cdfb1f3f5650448c7338ebde7432f21683,"Two conversion directions, two reliable methods",a2f495e039c2106c2e6e12d8f173efbd401d7dbab889420de921acd04fac6e44,numeric,Reviewed,Reviewed,Approved,None,High,,,NotApplicable,Stage 6 fresh current-pixel forward/reverse review; old Approved not imported; see remediation-v2-stage6-image-review.json
002,range,stage10-lesson-002-range.jpg,4c03a775775245c6f8f71bac2a78439c409f42fe67b8b2c4fd137dfa6f03b0a0,Range and leading zeros,1fde9887f162a456c17eec5d8349e256c9630589717aec7fbcd75e55de9114fd,binary;numeric;formula-or-state,Reviewed,Reviewed,Approved,None,High,,,NotApplicable,Stage 6 fresh current-pixel forward/reverse review; old Approved not imported; see remediation-v2-stage6-image-review.json
002,systems,stage10-lesson-005-systems.jpg,dae84b15d2280360f0ab777a7b048a098fb5d7e9a43e943d83d5849b7df31ae0,Three ways to represent negative binary values,9988eb5e6971c2909ef267b25d4729ce698d49287cd88de57cff87e27f5a7cf3,binary;numeric;formula-or-state;process-or-arrow,Reviewed,Reviewed,Approved,None,High,,CALC-005-SIGNMAG;CALC-006-ONES;CALC-007-TWOS,Passed,Stage 6 fresh current-pixel forward/reverse review; old Approved not imported; see remediation-v2-stage6-image-review.json
003,digits,stage10-lesson-003-digits.jpg,d620e79a9eb54738ad093e608f4c86e7c8c468ffd256f84d875138f09ea0bc88,Hexadecimal digits: 0-9 then A-F,081bc0f91ee5a2c2bfdc6b544d62c48ebd0a452df00dd101ae38577cdea2a4b6,numeric;formula-or-state;process-or-arrow,Reviewed,Reviewed,Approved,None,High,,,NotApplicable,Stage 6 fresh current-pixel forward/reverse review; old Approved not imported; see remediation-v2-stage6-image-review.json
003,grouping,stage10-lesson-003-grouping.jpg,7906bf56a5785db18539f84545a990f778d3826c0bc97263a306600db7171649,One hex digit represents one nibble,b07304b07a1a67049f54713fff0a6ea14d11959a8372b70e8afcd2bba2d00640,binary;numeric;formula-or-state,Reviewed,Reviewed,Approved,None,High,,CALC-003-HEX,Passed,Stage 6 fresh current-pixel forward/reverse review; old Approved not imported; see remediation-v2-stage6-image-review.json
003,padding,stage10-lesson-003-padding.jpg,61e2276376ab7031ba452a92f8d4405784ec0a437c23a444897890e6ec5fcd53,Padding with leading zeros,68392514de8bd5ec0f7faa8f0b4cc0db537e01b81a02cdf395c8599ac087f9b1,binary;numeric,Reviewed,Reviewed,Approved,None,High,,,NotApplicable,Stage 6 fresh current-pixel forward/reverse review; old Approved not imported; see remediation-v2-stage6-image-review.json
004,method,stage10-lesson-004-method.jpg,ca06437cf65c3da6b8de283f8222341f37c2d6a5d93bb0ed90c2949171c80ce2,8-bit addition method,3a3779275a1abd7db91f283e6fb71e9a04aed8a66c6e95f3353f87e85c71ee64,numeric;formula-or-state,Reviewed,Reviewed,Approved,None,High,,,NotApplicable,Stage 6 fresh current-pixel forward/reverse review; old Approved not imported; see remediation-v2-stage6-image-review.json
004,overflow,stage10-lesson-004-overflow.jpg,fd8f320852226154d700ae888d16533ae2f1c85bb3e6ed8f966bde0f0d63150a,Unsigned 8-bit overflow,5972ab5f4540b09c733c80aafb713b07b82a4771d3e364470211e1454d1e1721,binary;numeric;formula-or-state,Reviewed,Reviewed,Approved,None,High,,CALC-004-OVERFLOW,Passed,Stage 6 fresh current-pixel forward/reverse review; old Approved not imported; see remediation-v2-stage6-image-review.json
004,rules,stage10-lesson-004-rules.jpg,71640384064d685a6de9bbcf50f95d6a4e772fc46366712f6a630da10d63b108,Single-bit addition rules,e02c74da35118b5e8c88fe323d4ee0fa664148941147843696ae4ad05e69c731,numeric;formula-or-state,Reviewed,Reviewed,Approved,None,High,,,NotApplicable,Stage 6 fresh current-pixel forward/reverse review; old Approved not imported; see remediation-v2-stage6-image-review.json
005,range,stage10-lesson-005-range.jpg,35c760ef0bfc91e644ed31a6455aad425cbd8eea7d025f4c62021ecddcfd7b9c,8-bit signed ranges and zero,2a65f2b46b0828e07e5c5ba780fff58a1c8d269a53637e4b605bf87f8b12db69,numeric;formula-or-state,Reviewed,Reviewed,Approved,None,High,,,NotApplicable,Stage 6 fresh current-pixel forward/reverse review; old Approved not imported; see remediation-v2-stage6-image-review.json
005,twos,stage10-lesson-005-twos.jpg,f30543c06666642cce6af361ec57739c7945d6830de34746b1dacea9a2997e85,Two’s complement method,e408e39d6be7a315ccc5540b41d3502f2ae08a06b4f3472a1c654ccfb0a48cbb,binary;numeric;formula-or-state;process-or-arrow,Reviewed,Reviewed,Approved,None,High,,,NotApplicable,Stage 6 fresh current-pixel forward/reverse review; old Approved not imported; see remediation-v2-stage6-image-review.json
006,convert,stage10-lesson-006-convert.jpg,dd553641cf1e220f95eebd62ad1340f5bfde24ef7a55a5b4a7d9ccb6b8350bfa,Converting simple binary fractions,da8558f1353551d63a41b28e474e5868ab8deac09321723d78d67fdae19e6fe1,binary;numeric;formula-or-state,Reviewed,Reviewed,Approved,None,High,,,NotApplicable,Stage 6 fresh current-pixel forward/reverse review; old Approved not imported; see remediation-v2-stage6-image-review.json
006,point,stage10-lesson-006-point.jpg,2d02efa15f5517ba2ec216bf50e6bbd62e73f1a41168008460f2834214991206,Binary fractional place value,c82f4a55177f91e16faba521fe26b4abb532f9b38404a0be49adec055d3ed4a5,numeric;formula-or-state,Reviewed,Reviewed,Approved,None,High,,,NotApplicable,Stage 6 fresh current-pixel forward/reverse review; old Approved not imported; see remediation-v2-stage6-image-review.json
006,precision,stage10-lesson-006-precision.jpg,c1bb0080cb88c318cb2239dcb1fb7396dc96ab5ff133f284279afb34f199157f,Precision limits: why computers sometimes approximate,b147fc85de6ad72247326ead37dfe630a63a043daa73bc3292ad08f75ced0e88,binary;numeric;formula-or-state,Reviewed,Reviewed,Approved,None,High,,CALC-008-PRECISION,Passed,Stage 6 fresh current-pixel forward/reverse review; old Approved not imported; see remediation-v2-stage6-image-review.json
007,ascii,stage10-lesson-007-ascii.jpg,c170c76b262ee5a7e810ac4cfac6fb7e1ef690752cf33e6f42abc2de8c261890,ASCII and extended ASCII,a864d69042729649c339e1984a25723b0115c8228237a5ef14e9a6a4061dde19,binary;numeric;formula-or-state,Reviewed,Reviewed,Approved,None,High,,,NotApplicable,Stage 6 fresh current-pixel forward/reverse review; old Approved not imported; see remediation-v2-stage6-image-review.json
007,concept,stage10-lesson-007-concept.jpg,24c791fd8103217cf3edbc30a83b5fb0479769c9fa109caeb03fa5efa2b2bf22,What a character set actually does,7070e56cba77c9d1c898cd9ac1cb28d998894e3a524f0ca3bc1ef594f3965259,binary;numeric;formula-or-state,Reviewed,Reviewed,Approved,None,High,,,NotApplicable,Stage 6 fresh current-pixel forward/reverse review; old Approved not imported; see remediation-v2-stage6-image-review.json
007,encoding,stage10-lesson-007-encoding.jpg,5b2aab28e0cc9ca819dd975132084558cf3b71ce750210de6e5707cf987a0319,Character set vs encoding,09bc75b77662f9f2bfadd7eeb63363c4f77bbe737987a7599b273e9f535a6584,conceptual,Reviewed,Reviewed,Approved,None,High,,,NotApplicable,Stage 6 fresh current-pixel forward/reverse review; old Approved not imported; see remediation-v2-stage6-image-review.json
007,unicode,stage10-lesson-007-unicode.jpg,edfdb73a5dbfa36879eebce6190bee063c84857bb49c9d0d403523dfc7b4248e,"Unicode: more characters, more global use",b29205e4c7760854fb06dcf4df9a9b7e65776f5f712eba884733273f874d3078,conceptual,Reviewed,Reviewed,Approved,None,High,,,NotApplicable,Stage 6 fresh current-pixel forward/reverse review; old Approved not imported; see remediation-v2-stage6-image-review.json
008,depth,stage10-lesson-008-depth.jpg,b91226bf0996cfcbbe122a3a179bdb322cf3a9cdc36d1a628a9077ec04e4224c,Colour depth: bits per pixel,b4d93d97ecb68e231ff6ac9dd87078931533718224e70e1efb0a26a637f91a9c,numeric;formula-or-state,Reviewed,Reviewed,Approved,None,High,,,NotApplicable,Stage 6 fresh current-pixel forward/reverse review; old Approved not imported; see remediation-v2-stage6-image-review.json
008,formula,stage10-lesson-008-formula.jpg,1e108a3dd30e537343ed4f8b6fcc3c128abc28a452200ff594f5a3e144ec7ba9,Bitmap file size formula,3277b1494a2e665a6a61d349aba6343cf061820d04e2ad92d488103dedef30e0,numeric;formula-or-state,Reviewed,Reviewed,Approved,None,High,,CALC-009-BITMAP;CALC-011-BITMAP-BYTES,Passed,Stage 6 fresh current-pixel forward/reverse review; old Approved not imported; see remediation-v2-stage6-image-review.json
008,pixels,stage10-lesson-008-pixels.jpg,7eb99e88c18f31392172b664b5585ee17a70dc5b1786c14cfb910e6baba87ebc,Bitmap file header and pixel data,8fa12a7acf6d878b26293d05f7ef83c19f2ee5175cfca87646a8bf27a30a898c,formula-or-state,Reviewed,Reviewed,Approved,None,High,,,NotApplicable,Stage 6 fresh current-pixel forward/reverse review; old Approved not imported; see remediation-v2-stage6-image-review.json
008,resolution,stage10-lesson-008-resolution.jpg,bc74a73a45d29e3c7f3dbd05a412963e55ea55df29052f4525b4585d49e65ce3,Resolution: width × height,9be56c3dee1fb99a8a025738e46b2f07063640996cdf353fc902f024c7d8701b,numeric;formula-or-state,Reviewed,Reviewed,Approved,None,High,,,NotApplicable,Stage 6 fresh current-pixel forward/reverse review; old Approved not imported; see remediation-v2-stage6-image-review.json
009,chain,stage10-lesson-009-chain.jpg,1cb6e5efac7117c2f70dc7639d17704a5f6a02190f6dcd474bdaae0b6c00cb33,The calculation chain,857efacab68a28ceb8664ebd7d513dbcefc89e1c71b43cfd37208836d986c7ac,numeric;formula-or-state,Reviewed,Reviewed,Approved,None,High,,,NotApplicable,Stage 6 fresh current-pixel forward/reverse review; old Approved not imported; see remediation-v2-stage6-image-review.json
009,metadata,stage10-lesson-009-metadata.jpg,3532e96646dab1dd0229bb8334524d8b37adc635ec2b6cf190f990324690a8e2,"Metadata is data about the image, not the pixels themselves",a319faa931b47bf6e074a966179b76750ebbcc3f9669174712230c56f3dd998c,formula-or-state,Reviewed,Reviewed,Approved,None,High,,,NotApplicable,Stage 6 fresh current-pixel forward/reverse review; old Approved not imported; see remediation-v2-stage6-image-review.json
009,units,stage10-lesson-009-units.jpg,1f55246f80108015a7297919bc6d64d7b46e21a64b1d8fa1eda428ccf4d05de4,Units: do not trip at the finish line,3f8e40d374ecdb01ff6446bc3e1cbcefc2cea466d27eaef6563bab559c87d6a9,numeric;formula-or-state,Reviewed,Reviewed,Approved,None,High,,,NotApplicable,Stage 6 fresh current-pixel forward/reverse review; old Approved not imported; see remediation-v2-stage6-image-review.json
010,drawing-list,stage10-lesson-010-drawing-list.jpg,cd186636e44f6660cdb05e15e9304ff1679e0c91382e448ba99ba234ea26f76b,"Vector drawing list: objects, properties and redrawing",bd043be2b4fa63a513af6601a88bf106899d7bdd0037d37f9994d0997665baf8,conceptual,Reviewed,Reviewed,Approved,None,High,,CALC-076-VECTOR-DRAWING-LIST,Passed,Stage 6 fresh current-pixel forward/reverse review; old Approved not imported; see remediation-v2-stage6-image-review.json
011,duration,stage10-lesson-011-duration.jpg,ca3bbbd3ebe1e20fcb30fee80f65d2e5d4c8df6c735661393544d19b5563c420,Duration: how long the sound lasts,bcd8678de6e10085d644fb79906ae9a127f9d7202d68e0a94488c9282d17525f,numeric,Reviewed,Reviewed,Approved,None,High,,,NotApplicable,Stage 6 fresh current-pixel forward/reverse review; old Approved not imported; see remediation-v2-stage6-image-review.json
011,formula,stage10-lesson-011-formula.jpg,9567fccb19e7a9ce8c15c91693eeff9477fd3d080e115e354f23dbf3a0f69b6e,Basic mono sound file size formula,170a3f5db4d3a1f46f4f00ce929c5d6b4b372017fdd1fcfd138df31a29ce30d1,numeric;formula-or-state,Reviewed,Reviewed,Approved,None,High,,CALC-012-SOUND;CALC-013-SOUND-BYTES,Passed,Stage 6 fresh current-pixel forward/reverse review; old Approved not imported; see remediation-v2-stage6-image-review.json
011,rate,stage10-lesson-011-rate.jpg,82a8b6c41ac6d9595f2b6ebea64c01226dabc9cb50b2bc32a71e6971d968deda,Sampling rate: samples per second,ba6db06a225ff304740672623d3717bc5108aee999504f641d8c78e8d5af706c,formula-or-state,Reviewed,Reviewed,Approved,None,High,,,NotApplicable,Stage 6 fresh current-pixel forward/reverse review; old Approved not imported; see remediation-v2-stage6-image-review.json
011,resolution,stage10-lesson-011-resolution.jpg,948f61f47cdc18bf76bba2c8a1b0d06440b2fa774c94f41d110592ab8da1c9db,Sampling resolution: bits per sample,6796ba06c7aa2cb9b96fda9d43930c97ba7d6e6453716c18d17565c4d8cd6093,numeric;formula-or-state,Reviewed,Reviewed,Approved,None,High,,,NotApplicable,Stage 6 fresh current-pixel forward/reverse review; old Approved not imported; see remediation-v2-stage6-image-review.json
011,sampling,stage10-lesson-011-sampling.jpg,df8834baad882a14f20ec4eb0e62def8863697163e17ae8bec8c88c54adca56c,Sampling turns an analogue wave into digital values,bdb9ff280159864fd310bdc31657977ed1ebb64759c393dd354356a27dcdc0d4,process-or-arrow,Reviewed,Reviewed,Approved,None,High,,,NotApplicable,Stage 6 fresh current-pixel forward/reverse review; old Approved not imported; see remediation-v2-stage6-image-review.json
012,channels,stage10-lesson-012-channels.jpg,e96a3526bc35e9d7e83ab17893478728031aaac8044e51b6a0efe954ef08ab89,Channels: mono and stereo,a5a6e563579835d6840c057c2b6388fdf7ea23b5f9155f59f66d5ddeb3da4819,numeric;formula-or-state,Reviewed,Reviewed,Approved,None,High,,,NotApplicable,Stage 6 fresh current-pixel forward/reverse review; old Approved not imported; see remediation-v2-stage6-image-review.json
012,formula,stage10-lesson-012-formula.jpg,848d18b7bf728fdf001957b54983bf353e1b6f3d28e383778a47b2311522418e,The full uncompressed sound formula,bb5752fc6c13673e3af0ddf8a8ac63e457fecc4778006ee3eedbb9c0fdad7aeb,numeric;formula-or-state,Reviewed,Reviewed,Approved,None,High,,,NotApplicable,Stage 6 fresh current-pixel forward/reverse review; old Approved not imported; see remediation-v2-stage6-image-review.json
012,tradeoffs,stage10-lesson-012-tradeoffs.jpg,24bde262dd9bcd7ac08e208c9fa9c2eff490d246afb41e0a4c0dfb3da4532ea6,Parameter changes and consequences,85d68fb198d128aff93a0d18c6dd0d1f9a45b9275a16f47dbde15a175502ad01,conceptual,Reviewed,Reviewed,Approved,None,High,,,NotApplicable,Stage 6 fresh current-pixel forward/reverse review; old Approved not imported; see remediation-v2-stage6-image-review.json
012,units,stage10-lesson-012-units.jpg,53fba7ba379a2ebc50a7a2584ef7b5c9a47deea4d8da44c1598bda567dbf4d97,Unit conversion without changing the answer,006418d34c79f6951a9b3dd76ecf9f34329669e50d589909a697f8443c1a28ca,binary;numeric;formula-or-state,Reviewed,Reviewed,Approved,None,High,,,NotApplicable,Stage 6 fresh current-pixel forward/reverse review; old Approved not imported; see remediation-v2-stage6-image-review.json
013,lossless,stage10-lesson-013-lossless.jpg,e86a77b7ffd53cf5d9e615e898f0c7d4d0321e41dadea51be5e05adabde8cae2,Lossless compression: exact reconstruction,c5818912168a9c9799e50eb89374a30830d38874a13c0f8fad7add92e85490d3,formula-or-state,Reviewed,Reviewed,Approved,None,High,,,NotApplicable,Stage 6 fresh current-pixel forward/reverse review; old Approved not imported; see remediation-v2-stage6-image-review.json
013,lossy,stage10-lesson-013-lossy.jpg,66fca9026e860da87739942c3cb0ff93b384e6a4391c156d201727b2032c8a43,"Lossy compression: smaller, but not exact",0085460f0b7d7bff9d9e955d6f03be16ea65070b79c9903bb4eb43f4c31b6c75,conceptual,Reviewed,Reviewed,Approved,None,High,,,NotApplicable,Stage 6 fresh current-pixel forward/reverse review; old Approved not imported; see remediation-v2-stage6-image-review.json
013,purpose,stage10-lesson-013-purpose.jpg,7f6631f56ccda965b3c4a1d964b7e8756af4b23094265747bb343873450550f2,Why compress data?,eb889fd8158c0914453f3722e0b2b2b21b5448c6dc850569fb8d7c8df537c06f,conceptual,Reviewed,Reviewed,Approved,None,High,,,NotApplicable,Stage 6 fresh current-pixel forward/reverse review; old Approved not imported; see remediation-v2-stage6-image-review.json
013,ratio,stage10-lesson-013-ratio.jpg,43a23f5394de9062d23db83316ee3301e5d5af6ab85612c851e6e4da57395249,Compression ratio and saved space,5b173af3316941f96f4d78bbef11a6032237e1a8abd3110a1b55863807e86bd5,binary;numeric;formula-or-state,Reviewed,Reviewed,Approved,None,High,,,NotApplicable,Stage 6 fresh current-pixel forward/reverse review; old Approved not imported; see remediation-v2-stage6-image-review.json
014,dictionary,stage10-lesson-014-dictionary.jpg,3561b421833209b4b1fd07e8b318058366428c7b8e3b51d1dbcbf07eb78e053c,Dictionary-style compression,5ac11834496177ab2f55b8f0b189acc209cf661f2d8aefd7e930d68d4578c61c,numeric;formula-or-state;process-or-arrow,Reviewed,Reviewed,Approved,None,High,,,NotApplicable,Stage 6 fresh current-pixel forward/reverse review; old Approved not imported; see remediation-v2-stage6-image-review.json
014,effectiveness,stage10-lesson-014-effectiveness.jpg,aaa59408e430bfcaedd1346e6c4e936207a66477ca2374c48d6659f4a9cf11c3,When does it help?,3113581b30769cf373b956083f1bfde677338909fba664f989c2a14558275841,formula-or-state,Reviewed,Reviewed,Approved,None,High,,,NotApplicable,Stage 6 fresh current-pixel forward/reverse review; old Approved not imported; see remediation-v2-stage6-image-review.json
014,rle,stage10-lesson-014-rle.jpg,1a4db5fa88e2f833219067ce3337ffbf9000cccb342d81ba06cacc3f64007286,Run-length encoding,01197c076d91e609f6cfc198d0662227f0b3e0c814504c6916053497d3330702,formula-or-state,Reviewed,Reviewed,Approved,None,High,,,NotApplicable,Stage 6 fresh current-pixel forward/reverse review; old Approved not imported; see remediation-v2-stage6-image-review.json
015,cases,stage10-lesson-015-cases.jpg,fd31baa94a5fb0d4bf3f0ce4c15f812c970eddd3a66ea5dc03ffc048b18d65e2,System cases,e7ce96d36b755382199f5e4a78fef6302ee9b8307c9ebf65f02ccb0ccf4fca9d,conceptual,Reviewed,Reviewed,Approved,None,High,,,NotApplicable,Stage 6 fresh current-pixel forward/reverse review; old Approved not imported; see remediation-v2-stage6-image-review.json
015,framework,stage10-lesson-015-framework.jpg,21f793d4ab19beeba0de730f166428eeccfb96f5ababfc7579f2d1acac9df2fa,A decision framework,be62359b9c9d88bae7f3ceaae417cc55f4fc485d570205d9f4f08aa6b8f1804c,numeric,Reviewed,Reviewed,Approved,None,High,,,NotApplicable,Stage 6 fresh current-pixel forward/reverse review; old Approved not imported; see remediation-v2-stage6-image-review.json
015,tradeoffs,stage10-lesson-015-tradeoffs.jpg,9e21b8500d107905b2a619a5970163bf8a88097bb17977b0a6ec0fe09f9b4a3a,Useful trade-off sentences,d73904ee39d4a60e1629a3b0e7d78e4023cef5219f49af2bbf95c1368e44656e,conceptual,Reviewed,Reviewed,Approved,None,High,,,NotApplicable,Stage 6 fresh current-pixel forward/reverse review; old Approved not imported; see remediation-v2-stage6-image-review.json
016,methods,stage10-lesson-016-methods.jpg,b85d0cd43d7597c5f57db1516b987912a7bd75168e96557efb38f168d2fa1f6c,Section 1 method bank,8b88336596e116a9edc79f236802043528db30cba526a47a664a0244eddd3faa,binary;numeric;formula-or-state,Reviewed,Reviewed,Approved,None,High,,,NotApplicable,Stage 6 fresh current-pixel forward/reverse review; old Approved not imported; see remediation-v2-stage6-image-review.json
016,sprint,stage10-lesson-016-sprint.jpg,1d2a234becfa667ba841d90f9ee123458fbc3c1e9965373d7702cbd8257909aa,Six-minute review sprint,d335f8a9faf53a556642035e510f40bba361361df0457c59bdd400e0cacea3dd,binary;numeric;formula-or-state,Reviewed,Reviewed,Approved,None,High,,CALC-014-PACKET,Passed,Stage 6 fresh current-pixel forward/reverse review; old Approved not imported; see remediation-v2-stage6-image-review.json
016,triage,stage10-lesson-016-triage.jpg,921c6d277a7f6c4537d516c2532b34248f3d25ced807396ec41cc6e5dbde7f1b,Question triage: choose the toolbox first,5e60b2db6a2bfadf83ab2ddd42339bd19d17adf29dde7190efbbf553cac5ad1e,conceptual,Reviewed,Reviewed,Approved,None,High,,,NotApplicable,Stage 6 fresh current-pixel forward/reverse review; old Approved not imported; see remediation-v2-stage6-image-review.json
017,lanwan,stage10-lesson-017-lanwan.jpg,3796002973b7bd985c4c9fdd36279cf3c3dded8042c1fcf8323bdd8374bde14c,Why LAN and WAN management differs,8ee422e44ed8eeac5049184ebc5774f46b36e2005356905c60640aeade4eb53f,conceptual,Reviewed,Reviewed,Approved,None,High,,,NotApplicable,Stage 6 fresh current-pixel forward/reverse review; old Approved not imported; see remediation-v2-stage6-image-review.json
017,purpose,stage10-lesson-017-purpose.jpg,a13d2eaf40908171259627b8e984394945637717eb8eb7c6a138030d7d936edd,How a shared resource becomes useful,b8f35d4686a0d0238930374386269c3f309448eae6571233c16b675394dc3334,process-or-arrow,Reviewed,Reviewed,Approved,None,High,,,NotApplicable,Stage 6 fresh current-pixel forward/reverse review; old Approved not imported; see remediation-v2-stage6-image-review.json
017,topologies,stage10-lesson-017-topologies.jpg,b913d35bcd591a2b0ab3066e15fc95a7ada15b9f80c1c43f1ed9dcb4cafbbb65,Why connection patterns change risk,114d7baba81ad78b0c4369ed128f166f6086552f132f5e95f54e0d5d6dc1db3a,process-or-arrow,Reviewed,Reviewed,Approved,None,High,,,NotApplicable,Stage 6 fresh current-pixel forward/reverse review; old Approved not imported; see remediation-v2-stage6-image-review.json
018,compare,stage10-lesson-018-compare.jpg,e1aea4d3e7a55451e2b542fa55ce7addc647715b09104489265d347731af4762,Client-server vs peer-to-peer,2007c84f61bfdb71a20dcac0550809aaab4620993176bbcb42c47da025156e82,conceptual,Reviewed,Reviewed,Approved,None,High,,,NotApplicable,Stage 6 fresh current-pixel forward/reverse review; old Approved not imported; see remediation-v2-stage6-image-review.json
018,model-visual,stage10-lesson-018-model-visual.jpg,5f77d0e72c83e9fe86f9b79d69c9a36701bd39c0cb3864bd105f26a3251a6591,One model has equal peers; the other has dedicated service roles,0e92cbe87589d0914a3ee00eb99e6ad2defd41c31227a9bced61374d647c5d4f,conceptual,Reviewed,Reviewed,Approved,None,High,,,NotApplicable,Stage 6 fresh current-pixel forward/reverse review; old Approved not imported; see remediation-v2-stage6-image-review.json
018,roles,stage10-lesson-018-roles.jpg,6b8b01502a1aaf91c9a96154ce77713cca1ad5bd5644ae7f1491dd03d91ac5df,Core roles,8f389b45b2e55dfc458cf90992f1c69e01a19c8e30cfcf3247f8cf8a2c7817c3,conceptual,Reviewed,Reviewed,Approved,None,High,,,NotApplicable,Stage 6 fresh current-pixel forward/reverse review; old Approved not imported; see remediation-v2-stage6-image-review.json
018,usecases,stage10-lesson-018-usecases.jpg,5639c41a0bb141c5f82f03de53907bddef6a85536fc2b8475298ecc7c6df6c8b,Scenario choices,333969947ce6efabf377da98923822f13960631a7b114e39d4b6d21b0ae229e2,conceptual,Reviewed,Reviewed,Approved,None,High,,,NotApplicable,Stage 6 fresh current-pixel forward/reverse review; old Approved not imported; see remediation-v2-stage6-image-review.json
019,packet-journey,stage10-lesson-019-packet-journey.jpg,cc12a9c2d64916068da3958cdabfbf9d80906fd16adb2e6722f66429128fffa2,"One message, several routes, one reassembled result",abf12328fe8ca80df850f7617074c7af235ab8011998048366fc62ce960b66a5,numeric;formula-or-state;process-or-arrow,Reviewed,Reviewed,Approved,None,High,,,NotApplicable,Stage 6 fresh current-pixel forward/reverse review; old Approved not imported; see remediation-v2-stage6-image-review.json
019,routing,stage10-lesson-019-routing.jpg,e7d7ce501263b4cdee7c82293c314233e13a42909b030c72e71c585f07e574fa,Routing and arrival,97f11631e9f729fc015d86c3af53dcf0c6789a4e06cde3e491424a7ea04ca261,formula-or-state,Reviewed,Reviewed,Approved,None,High,,,NotApplicable,Stage 6 fresh current-pixel forward/reverse review; old Approved not imported; see remediation-v2-stage6-image-review.json
019,structure,stage10-lesson-019-structure.jpg,fee285df50a458cd9203222f1c2f23d5a6828c9a25f515549da262f5bf5647ad,Packet structure,823e6fd68a52041deddd54e710d76cebe6c131e5ead873c329edd3d987039528,formula-or-state;process-or-arrow,Reviewed,Reviewed,Approved,None,High,,,NotApplicable,Stage 6 fresh current-pixel forward/reverse review; old Approved not imported; see remediation-v2-stage6-image-review.json
019,switching,stage10-lesson-019-switching.jpg,8a0b03d122f7a82bc6a70db58c53e7f5b65ef50559891036528db6fe97e4b9c9,Packet switching,7562a1bc9baae84ffe6bb82dcc1a3fefd905aff45c1bac5fa190d726b7ebaed8,process-or-arrow,Reviewed,Reviewed,Approved,None,High,,,NotApplicable,Stage 6 fresh current-pixel forward/reverse review; old Approved not imported; see remediation-v2-stage6-image-review.json
020,layers,stage10-lesson-020-layers.jpg,d56bba7eeae42ccc0731bfb7b01caf4fffa169b8029d4028f4b577bab8d733a8,Layered communication,019fd9a0c2c53cc6e251e0b20dda2abfd45cf3817a35999a31813b625da2c372,conceptual,Reviewed,Reviewed,Approved,None,High,,,NotApplicable,Stage 6 fresh current-pixel forward/reverse review; old Approved not imported; see remediation-v2-stage6-image-review.json
020,protocols,stage10-lesson-020-protocols.jpg,52264a5f2b9805f3a9af2f8b550d2f925019c1bb1a06388ab75ca58611a2ecac,What a protocol is,f362cfd586b16e16644983d47a4ac646961bf9d9b27e2fcc439dc0a8beeb124a,conceptual,Reviewed,Reviewed,Approved,None,High,,,NotApplicable,Stage 6 fresh current-pixel forward/reverse review; old Approved not imported; see remediation-v2-stage6-image-review.json
020,rules,stage10-lesson-020-rules.jpg,a9ade100287c2b65cb2d4cf2c55c9ac9380645d1b9b9c400f06f41099c1d1295,What protocol rules can specify,d5d32dd17e82d2350cfcd917e010c56ec7089dc9e27227f432d2faf71074c9e7,process-or-arrow,Reviewed,Reviewed,Approved,None,High,,,NotApplicable,Stage 6 fresh current-pixel forward/reverse review; old Approved not imported; see remediation-v2-stage6-image-review.json
021,address-journey,stage10-lesson-021-address-journey.jpg,ebf5e8eac9db6168eef06accc2b3ab2b5842d66890f1efe5bdbe22df6064bb60,From a URL to a packet on the local link,4ea1bc46fd2e664a2636a3da82fe68e739950ddf613612b87449f4fc2c36ac62,formula-or-state,Reviewed,Reviewed,Approved,None,High,,CALC-060-LAYERED-ENCAPSULATION,Passed,Stage 6 fresh current-pixel forward/reverse review; old Approved not imported; see remediation-v2-stage6-image-review.json
021,addresses,stage10-lesson-021-addresses.jpg,af96d4a297c32bf102d9181859923d71a86e2d536fa133025b3b3f8fce0cbe58,IP address vs MAC address,8c977d3b2ffbe3e00d3f0988557da5bc4a56227507aea4ded74e545f601f9581,formula-or-state,Reviewed,Reviewed,Approved,None,High,,CALC-061-IP-MAC-TOGETHER,Passed,Stage 6 fresh current-pixel forward/reverse review; old Approved not imported; see remediation-v2-stage6-image-review.json
021,checkpoint,stage10-lesson-021-checkpoint.jpg,182cbdea7e900878eed786c6d08899e704026ba4c474b70dced3f18c6312b3a5,5-minute mini assessment,67aaa00f98efc63f40d602fabd8d7345b01a571f31d7bde3162f620814742f23,numeric;formula-or-state;process-or-arrow,Reviewed,Reviewed,Approved,None,High,,,NotApplicable,Stage 6 fresh current-pixel forward/reverse review; old Approved not imported; see remediation-v2-stage6-image-review.json
021,dns,stage10-lesson-021-dns.jpg,1d67844c1ea613140e4d07725be97fcf945b6c0f225af4757d2a9c68a0b480b6,DNS: name to IP address,11a256255856c9251c7808ec08b2bffec38ce149bb2643c832c34478988689c1,numeric;formula-or-state,Reviewed,Reviewed,Approved,None,High,,,NotApplicable,Stage 6 fresh current-pixel forward/reverse review; old Approved not imported; see remediation-v2-stage6-image-review.json
021,urls,stage10-lesson-021-urls.jpg,145810bc45341bd122533f24a3176eac407dfba83cda0b94fd5fcc293fa2d4a6,URL components,88f5e8b601e06e4257e46abfd325a79b3e2132f82277db45f8c14304f616fe66,formula-or-state,Reviewed,Reviewed,Approved,None,High,,,NotApplicable,Stage 6 fresh current-pixel forward/reverse review; old Approved not imported; see remediation-v2-stage6-image-review.json
022,email,stage10-lesson-022-email.jpg,48fbd564c75afd37c9d0da91068b419b0686ac09e9f78abb0837c26d0a05e5ed,"Email protocols: SMTP, POP3 and IMAP",05aa44c91b3bfb68ad3a89badb32e8d3d6895fa054fc6fa8b6004866a879233c,conceptual,Reviewed,Reviewed,Approved,None,High,,,NotApplicable,Stage 6 fresh current-pixel forward/reverse review; old Approved not imported; see remediation-v2-stage6-image-review.json
022,file,stage10-lesson-022-file.jpg,ba5c1d38a1af7f0d59d715d9932b449b71017e41a99320cea18c7b652a0ee604,FTP for file transfer,93f8b9b34f69b7f032d4cb3826c00512d71b78eb7cc81a6f9e9c4eaa3ad44027,conceptual,Reviewed,Reviewed,Approved,None,High,,,NotApplicable,Stage 6 fresh current-pixel forward/reverse review; old Approved not imported; see remediation-v2-stage6-image-review.json
022,web,stage10-lesson-022-web.jpg,fc343a497574092811a3f458305c7443d9737114a799cf9c4ef5897518b7aafa,HTTP and HTTPS,0d16ae40d4cbafe231f3b1bd252486c8da232d3fedf795171c7d9b01ae63286e,conceptual,Reviewed,Reviewed,Approved,None,High,,,NotApplicable,Stage 6 fresh current-pixel forward/reverse review; old Approved not imported; see remediation-v2-stage6-image-review.json
023,compare,stage10-lesson-023-compare.jpg,bf3c285b1d00bdf9ce81a74af5f05c6be0541ed76d0abced8abdc955b7959bd6,"Compare by factor, not by vibe",e4828b26798cf11afc6aeb26aac2541679bfb218a5acc6c88838fcd1aa41aafc,conceptual,Reviewed,Reviewed,Approved,None,High,,,NotApplicable,Stage 6 fresh current-pixel forward/reverse review; old Approved not imported; see remediation-v2-stage6-image-review.json
023,wired,stage10-lesson-023-wired.jpg,9b1592406381c3454e5e96e31579dcf2048f192afed5ea6b8d84f79addcaa17b,Wired transmission media,ce2f7f8d5cb8c6de18eb41793f5cedee56a471dcf1037b724fa770be15e5b6f8,conceptual,Reviewed,Reviewed,Approved,None,High,,,NotApplicable,Stage 6 fresh current-pixel forward/reverse review; old Approved not imported; see remediation-v2-stage6-image-review.json
023,wireless,stage10-lesson-023-wireless.jpg,289011a21d72807bdd40ed4717ac2df26828dd38062d34479c92f64a81ae26c6,Wireless transmission media,8b7444650373eb7ef9cbbee4c54040c0da3c52de0e5d7209ace9b629e03b47e3,conceptual,Reviewed,Reviewed,Approved,None,High,,,NotApplicable,Stage 6 fresh current-pixel forward/reverse review; old Approved not imported; see remediation-v2-stage6-image-review.json
024,compare,stage10-lesson-024-compare.jpg,f167a9795005d9ed9997b210fff5ca79a4bccc9983c98aa8438c79e0d957247e,Compare by job and boundary,ff8b1c9cbec31ef813dc0d36a4924e2a619436f6c8ead393739cb45e83d3e8e7,conceptual,Reviewed,Reviewed,Approved,None,High,,,NotApplicable,Stage 6 fresh current-pixel forward/reverse review; old Approved not imported; see remediation-v2-stage6-image-review.json
024,gateway,stage10-lesson-024-gateway.jpg,6d7e75e97a6040fa53c422709fade36cb33175a74be7b15ab775d9d6bf4c1b0c,Gateways: connecting different network rules,ff3780de067905775d44fc66660295b4fe01179b039f6195ca5a4f1f4e6296e8,conceptual,Reviewed,Reviewed,Approved,None,High,,,NotApplicable,Stage 6 fresh current-pixel forward/reverse review; old Approved not imported; see remediation-v2-stage6-image-review.json
024,lan,stage10-lesson-024-lan.jpg,0081ed412e739ef570961994f123ff78efbeda37808157ba065c186bc60a59e0,Switches: forwarding inside a LAN,696cf5ca826b20f5df46eaa16a849d0d04e4acff03bd2e81ee558507740c1c03,formula-or-state;process-or-arrow,Reviewed,Reviewed,Approved,None,High,,,NotApplicable,Stage 6 fresh current-pixel forward/reverse review; old Approved not imported; see remediation-v2-stage6-image-review.json
024,routing,stage10-lesson-024-routing.jpg,4e3a8a4b1d9b24665e680292c25aa41344039637d4da61db5f18cbbcb80b5695,Routers: forwarding between networks,bb0a831ee12770dedbe82fe640c5ca89f9aaa4e719d5f295eedd973e45714f08,formula-or-state,Reviewed,Reviewed,Approved,None,High,,,NotApplicable,Stage 6 fresh current-pixel forward/reverse review; old Approved not imported; see remediation-v2-stage6-image-review.json
024,wireless,stage10-lesson-024-wireless.jpg,ddca965ae6b226f0f06eb30be9b14a834694bd9c292de1b6e3caf37259fae3c7,Wireless access points: joining wireless devices,7b0e346df2c0132a5105289dbbd517fc637eb3d230b9b8217309e3e76f5eb03b,conceptual,Reviewed,Reviewed,Approved,None,High,,,NotApplicable,Stage 6 fresh current-pixel forward/reverse review; old Approved not imported; see remediation-v2-stage6-image-review.json
025,cloud,stage10-lesson-025-cloud.jpg,83782e5317cfb88bba614e578b785e78ee782b6a6d1e68abd1defbcd43458e8a,Cloud services,5b075526b2f94e718ab206288408ef3463558fe42eb5eecb7b08e0a33a8a83f2,conceptual,Reviewed,Reviewed,Approved,None,High,,,NotApplicable,Stage 6 fresh current-pixel forward/reverse review; old Approved not imported; see remediation-v2-stage6-image-review.json
025,compare,stage10-lesson-025-compare.jpg,fe640156195ad42daa15afba074c32db1f5719d5d8d1103870dd79e7e7d89bbf,Compare networks by access and control,e80d1bc3c81ccac40160ad472c567b22e40cc793307a821f69949920b9e40cbf,conceptual,Reviewed,Reviewed,Approved,None,High,,,NotApplicable,Stage 6 fresh current-pixel forward/reverse review; old Approved not imported; see remediation-v2-stage6-image-review.json
025,networks,stage10-lesson-025-networks.jpg,7444541c313ff7e8f118e3f4f0277332793669dff3d7eaf0e2f3044a9fe49de6,"Internet, intranet and extranet",3711b828b2f1fb8aff84f17f9fdaddc015500dc3253f445787d50f8526fc35d7,conceptual,Reviewed,Reviewed,Approved,None,High,,,NotApplicable,Stage 6 fresh current-pixel forward/reverse review; old Approved not imported; see remediation-v2-stage6-image-review.json
026,calculation,stage10-lesson-026-calculation.jpg,39b8e55f13e8c12fa91dbd34125536d9135d37a8886b660bdfafc95ad45174c3,Simple transfer time calculation,7e5bc2e5e89b4f1af65e39118252ed29de3a9af214b991454b2be31cf4313b8a,numeric;formula-or-state,Reviewed,Reviewed,Approved,None,High,,CALC-015-TRANSMISSION,Passed,Stage 6 fresh current-pixel forward/reverse review; old Approved not imported; see remediation-v2-stage6-image-review.json
026,concepts,stage10-lesson-026-concepts.jpg,ec6cbecd5c14c2d2dc21d9ef6bc6fc903204e51ea5f195d8f306684d07fd1332,Core performance terms,85d8b7bcf2ed2903aaba7ef5006a49ff8e50fba58664f814b57250b2c8e28c64,process-or-arrow,Reviewed,Reviewed,Approved,None,High,,,NotApplicable,Stage 6 fresh current-pixel forward/reverse review; old Approved not imported; see remediation-v2-stage6-image-review.json
026,factors,stage10-lesson-026-factors.jpg,b1dfe4e08b04c49ce9ae3e525073c27dff870c50a2faf3c5db0896347a5dd036,Factors that affect performance,e67721ed32d54e7a717a0ee468efe9ec6f845d1766d6ec8226eea08e69a5e25d,process-or-arrow,Reviewed,Reviewed,Approved,None,High,,,NotApplicable,Stage 6 fresh current-pixel forward/reverse review; old Approved not imported; see remediation-v2-stage6-image-review.json
027,map,stage10-lesson-027-map.jpg,34f7ece8bf465010c6d8900033ccf07d9f4ed39ffa2f0de244bb486fd6e5d04c,Section 2 in one page,68f3ff3738b4f97069e00f9a9ab9ee8f3bb4cdb58be08875e1a08c9e64cb4aeb,numeric;process-or-arrow,Reviewed,Reviewed,Approved,None,High,,,NotApplicable,Stage 6 fresh current-pixel forward/reverse review; old Approved not imported; see remediation-v2-stage6-image-review.json
027,precision,stage10-lesson-027-precision.jpg,cac32002c62400d0979f2c1a9c6d0c36ed6b7882582a39583c478119352f92d3,Precision rules for Section 2 answers,4a5a4c52ba9c186e298b2658ea764c08dfcbe1e3ced7b53f7833c579fc1433ab,numeric,Reviewed,Reviewed,Approved,None,High,,,NotApplicable,Stage 6 fresh current-pixel forward/reverse review; old Approved not imported; see remediation-v2-stage6-image-review.json
028,components,stage10-lesson-028-components.jpg,7c684c82168655ef2b60b43df6ffa9059fdd3a7ca4ebaf0032ffbcbf6b4fcdac,Component roles and examples,d3c95936be7d5db31b5c4cdf0379436a85685c73487e1b2bc75d8777860b62e0,process-or-arrow,Reviewed,Reviewed,Approved,None,High,,,NotApplicable,Stage 6 fresh current-pixel forward/reverse review; old Approved not imported; see remediation-v2-stage6-image-review.json
028,flow,stage10-lesson-028-flow.jpg,4c671673801386a2bc298461fb13f6e7624821f47fa9af5595000842c4d87c37,The basic system flow,a3ac14b8143c08fd3db897dba2ed2a5e72716b1e405d0ad68dba80e8de43c015,process-or-arrow,Reviewed,Reviewed,Approved,None,High,,,NotApplicable,Stage 6 fresh current-pixel forward/reverse review; old Approved not imported; see remediation-v2-stage6-image-review.json
028,memory-storage,stage10-lesson-028-memory-storage.jpg,fc3965af264c464cfe4d729ccb349f1e9603ac1b4ba4bb54736ae9df5ae69120,Memory is not the same as storage,2aafc890cbcd6b0a8478ec05cf5eddf39abe1387187082a8910f0b9a86426b55,conceptual,Reviewed,Reviewed,Approved,None,High,,,NotApplicable,Stage 6 fresh current-pixel forward/reverse review; old Approved not imported; see remediation-v2-stage6-image-review.json
029,automatic,stage10-lesson-029-automatic.jpg,0232a2ca3a20e41dea098f64208eeb944a1b1ac6e7f36d0838949df850933006,Manual input vs automatic data capture,d250e99f9b8aff4020e1ed396adeea2ece9d702753cae97528653f6d89aa778f,process-or-arrow,Reviewed,Reviewed,Approved,None,High,,,NotApplicable,Stage 6 fresh current-pixel forward/reverse review; old Approved not imported; see remediation-v2-stage6-image-review.json
029,capture,stage10-lesson-029-capture.jpg,55b13e8380becd9b1e8663c5a63cf8c95aca63d8df1c527d2b8c2829e564dd1b,What input devices do,d584c1b5eebecdd2dc0b82fef3b610ec7e6e721396ff48974c82b02b1102de2c,numeric;process-or-arrow,Reviewed,Reviewed,Approved,None,High,,,NotApplicable,Stage 6 fresh current-pixel forward/reverse review; old Approved not imported; see remediation-v2-stage6-image-review.json
029,devices,stage10-lesson-029-devices.jpg,bf9d68a66e973eeb0f50781462ce7894a26d0bb4790d4a26e827525f49c8c0e3,Common input devices and what they capture,29168aeb8d1ac0a7b3181417387498da9e0df229fd8cd508f469c99306b54d59,process-or-arrow,Reviewed,Reviewed,Approved,None,High,,,NotApplicable,Stage 6 fresh current-pixel forward/reverse review; old Approved not imported; see remediation-v2-stage6-image-review.json
030,devices,stage10-lesson-030-devices.jpg,248d5979f95488fe0ab6ed94742b2048ef63b3ffd7bd3be2e6d5b956f1c97c39,Common output devices and when they fit,a4bca41719ddca4fb3f83217a95574e756516d7454716d64804934194e7ff41d,process-or-arrow,Reviewed,Reviewed,Approved,None,High,,,NotApplicable,Stage 6 fresh current-pixel forward/reverse review; old Approved not imported; see remediation-v2-stage6-image-review.json
030,feedback,stage10-lesson-030-feedback.jpg,bc7bb4f2049ccf6d9973378e6a58ca760e346719991233782cb1ad413c92cd79,User feedback must fit the situation,d8453def3bfdc0aa05e41e61a1fa2fffab675619ea0c21aff47133b6a2f7ead7,process-or-arrow,Reviewed,Reviewed,Approved,None,High,,,NotApplicable,Stage 6 fresh current-pixel forward/reverse review; old Approved not imported; see remediation-v2-stage6-image-review.json
030,purpose,stage10-lesson-030-purpose.jpg,e86d2b9049e1484825b62b1fb1cfe3c21ecf9d5cd1464d077d3c91029948b7dd,What output devices do,3b99ace5bd9fba4cdbe917b3a09843824c417e00c30bebac7a8c2c3f9c88d859,numeric;process-or-arrow,Reviewed,Reviewed,Approved,None,High,,,NotApplicable,Stage 6 fresh current-pixel forward/reverse review; old Approved not imported; see remediation-v2-stage6-image-review.json
031,cache-vm,stage10-lesson-031-cache-vm.jpg,fb9ec089b8d5f95406490fba517d6e347078a36e9b8da54b01c35684d91b31e4,Why cache helps and virtual memory slows,419709bfaa235fa46f59bee994d52bdf40d81e8a96d9d483769c32ef2d20cc53,conceptual,Reviewed,Reviewed,Approved,None,High,,,NotApplicable,Stage 6 fresh current-pixel forward/reverse review; old Approved not imported; see remediation-v2-stage6-image-review.json
031,primary,stage10-lesson-031-primary.jpg,58a1686eadfb8952e7381701894e135092e62003702ca21b20699df7c5e36199,Why active data stays close to the CPU,4810adf15fa9611f6c0efe787beb86292bec611b580a6c659f524d00a3c1e630,formula-or-state,Reviewed,Reviewed,Approved,None,High,,,NotApplicable,Stage 6 fresh current-pixel forward/reverse review; old Approved not imported; see remediation-v2-stage6-image-review.json
031,ram-rom,stage10-lesson-031-ram-rom.jpg,e6171b0f5ca2acdf5e402e21646069baf80af0cb65a2efa41125c5d5a582da06,Why RAM changes while ROM remains stable,4f135ed123739ca6124e46c7d8cc047abb1b1f52d86471784d0097338ddf1804,conceptual,Reviewed,Reviewed,Approved,None,High,,,NotApplicable,Stage 6 fresh current-pixel forward/reverse review; old Approved not imported; see remediation-v2-stage6-image-review.json
032,compare,stage10-lesson-032-compare.jpg,1e59f868321a05e171b9650221de572d591e36520accaa185fc2b98ae3843b07,"Compare by scenario, not by favourite brand",20058f9eac28cb0390d3a05a0c7f167655281f61333039800e4f782cd51b1c6f,conceptual,Reviewed,Reviewed,Approved,None,High,,,NotApplicable,Stage 6 fresh current-pixel forward/reverse review; old Approved not imported; see remediation-v2-stage6-image-review.json
032,media,stage10-lesson-032-media.jpg,d7389df254a10e0d8b8c9f41c07f995d324e6c36614630898a494f8b3b751a4e,Three main storage media,9b8f00832b0027d08902570c2e968d783c3cb945b6b5dc6752bb1ab642d88b7b,conceptual,Reviewed,Reviewed,Approved,None,High,,,NotApplicable,Stage 6 fresh current-pixel forward/reverse review; old Approved not imported; see remediation-v2-stage6-image-review.json
032,purpose,stage10-lesson-032-purpose.jpg,7006935ea5f9b2dc3619d061a2a97bf70f220152a50982ac0723789176b345d2,What secondary storage does,2dc5b183f0681dc2da765d6deb33fd48991322f277f9a324ff8d6f87b4ae89df,conceptual,Reviewed,Reviewed,Approved,None,High,,,NotApplicable,Stage 6 fresh current-pixel forward/reverse review; old Approved not imported; see remediation-v2-stage6-image-review.json
032,sensors,stage10-lesson-035-sensors.jpg,03404a2a7717dc04be4cb8102f29dbd74aeee1ed79e17e8546293b6bf82ffd36,Required sensor types and applications,60b48218d3d794da7f186bf85b2b3ee855cd5b92fb247196c9ab6aa1642a0bd1,process-or-arrow,Reviewed,Reviewed,Approved,None,High,,,NotApplicable,Stage 6 fresh current-pixel forward/reverse review; old Approved not imported; see remediation-v2-stage6-image-review.json
032,storage-visual,stage10-lesson-032-storage-visual.jpg,32a625f96348fb78a3a7fe3ab3ca5b5ee7145daa274d11e4c52ebb94bbbb0e11,Look at the storage mechanism before comparing performance,4bab57555bd5d1915130f5cd998c42bd9bf8e2b9041705fcbd17483611f1fe06,process-or-arrow,Reviewed,Reviewed,Approved,None,High,,,NotApplicable,Stage 6 fresh current-pixel forward/reverse review; old Approved not imported; see remediation-v2-stage6-image-review.json
033,answer,stage10-lesson-033-answer.jpg,f200b5a84f9a4563143737923f357a46234ac1c75800c9d942d122e3f567fbaa,The answer pattern: choice -> characteristic -> context -> consequence,ee0d090fefebed42dc2dad9bc44f696f146d815fb3cdb5dcc4fe267fc7e39836,formula-or-state,Reviewed,Reviewed,Approved,None,High,,,NotApplicable,Stage 6 fresh current-pixel forward/reverse review; old Approved not imported; see remediation-v2-stage6-image-review.json
033,criteria,stage10-lesson-033-criteria.jpg,57506028ddf3ae2802771a73230be63f368411a69744850c9dc0540b7631b8ed,The five core characteristics,ed6d39f425cb8871ef28dc97d0ee0d1978e301fed6a384c0a0da8960d99280a8,conceptual,Reviewed,Reviewed,Approved,None,High,,,NotApplicable,Stage 6 fresh current-pixel forward/reverse review; old Approved not imported; see remediation-v2-stage6-image-review.json
033,gate-visual,stage10-lesson-036-gate-visual.jpg,4b6fcf25636f05476d798940d4eec2482d20e3d8cdc2d7619b76e89624ca5443,"Six symbols, six exact output rules",2989f130d5cf29ab6364f06a354675713873b0ea2f1a1b9e2627f84c6db676f8,numeric;process-or-arrow,Reviewed,Reviewed,Approved,None,High,,,NotApplicable,Stage 6 fresh current-pixel forward/reverse review; old Approved not imported; see remediation-v2-stage6-image-review.json
033,tradeoffs,stage10-lesson-033-tradeoffs.jpg,78806bdce1e2c47c6cebef2450c92111596599aec32029dabe577c586d84b16a,Trade-offs by common storage device,480f9c3a90a19a817b920babc57a33d63410e3ce5ed080ceb8fbbe3fd16aae76,conceptual,Reviewed,Reviewed,Approved,None,High,,,NotApplicable,Stage 6 fresh current-pixel forward/reverse review; old Approved not imported; see remediation-v2-stage6-image-review.json
034,embedded,stage10-lesson-034-embedded.jpg,e47c48ad29de4ec44865ff07e417c06a7cfc7d30e6b18f134a40702d879c6e23,What is an embedded system?,b4aff76422be23b978cbc2bd1cff75ac3c73fbc132f73aa64e82e0b2340d491e,conceptual,Reviewed,Reviewed,Approved,None,High,,,NotApplicable,Stage 6 fresh current-pixel forward/reverse review; old Approved not imported; see remediation-v2-stage6-image-review.json
034,microcontroller,stage10-lesson-034-microcontroller.jpg,620082820f4db153097a3a53a8a34859260741caa3ef8ce788547616b4c4f742,Microcontroller vs general-purpose computer,b3ad1b573e6879b5a1cff8aae9275a900ddffff8778ca5f2be23f5653cc09025,process-or-arrow,Reviewed,Reviewed,Approved,None,High,,,NotApplicable,Stage 6 fresh current-pixel forward/reverse review; old Approved not imported; see remediation-v2-stage6-image-review.json
035,actuators,stage10-lesson-035-actuators.jpg,515216ace94056cc417314b77067da9e0c235a0804ed363daf0040592ec27ec2,Actuators turn output signals into physical action,3d72d6af79b1424774dc999259c5025fcd36842002a61a27ac432ba08cc5aa58,process-or-arrow,Reviewed,Reviewed,Approved,None,High,,,NotApplicable,Stage 6 fresh current-pixel forward/reverse review; old Approved not imported; see remediation-v2-stage6-image-review.json
035,control,stage10-lesson-035-control.jpg,bc67bceff41dded0fc2eecd6860047bce30a3c3ff00436b6c7c781194903e49d,Control systems use rules and feedback,99b15fb9e0b1e66486a0b8c07e95c14d8077b635a8b56d16434def95d182baf1,numeric;process-or-arrow,Reviewed,Reviewed,Approved,None,High,,,NotApplicable,Stage 6 fresh current-pixel forward/reverse review; old Approved not imported; see remediation-v2-stage6-image-review.json
036,gates,stage10-lesson-036-gates.jpg,0adb0b42a4c86d78a5f1ab0dc2c037a147418efa7149041feb2d0bf5e884c58a,The six gate rules,e5c836d2c63a87cd567ae87f17bf2db377caf21d55e0392904baf59e39aee647,numeric,Reviewed,Reviewed,Approved,None,High,,CALC-062-SIX-GATES,Passed,Stage 6 fresh current-pixel forward/reverse review; old Approved not imported; see remediation-v2-stage6-image-review.json
036,signals,stage10-lesson-036-signals.jpg,04ba675f8b8d711dba31e4a8f161dc69fd9260786f2ad6c20e625ff30ac3d1f1,Logic gates use binary signals,fefdc002d7e439dc09500ca10fe6d09f3bbdd7807ef46f0451abfccccc1e2434,numeric,Reviewed,Reviewed,Approved,None,High,,,NotApplicable,Stage 6 fresh current-pixel forward/reverse review; old Approved not imported; see remediation-v2-stage6-image-review.json
036,symbols,stage10-lesson-036-symbols.jpg,c2ce3799b6f4c441f9889c40655f1ff0d4fdfcc806c6db48e97dce247fb7e17f,Recognise gate symbols and the inversion bubble,73f5d781e5ceb94a624ec99b4f58ffb4613e0bb5bb1cd37d5f959271f11747ff,numeric;formula-or-state;process-or-arrow,Reviewed,Reviewed,Approved,None,High,,,NotApplicable,Stage 6 fresh current-pixel forward/reverse review; old Approved not imported; see remediation-v2-stage6-image-review.json
037,expressions,stage10-lesson-037-expressions.jpg,ae38aecf9da37e0e90ff1a37b45f578b0d70314f1c83ababf0db73ec234d9e4b,Boolean expressions describe gate behaviour,089172d997345f404dcf49d3578bb68a3aaf61b652d13d5cfae67ffc85e27afd,numeric;process-or-arrow,Reviewed,Reviewed,Approved,None,High,,,NotApplicable,Stage 6 fresh current-pixel forward/reverse review; old Approved not imported; see remediation-v2-stage6-image-review.json
037,precedence,stage10-lesson-037-precedence.jpg,4e28793926da3d26c29a549733b7c1e40b1cd0208bdd5e46f880b2f3a7e28a0d,Brackets and NOT usually come before the final combination,6d6ee8b935405a2864953f350289b53d282f89cbc99ced5c33fc2fe6642e5dad,process-or-arrow,Reviewed,Reviewed,Approved,None,High,,,NotApplicable,Stage 6 fresh current-pixel forward/reverse review; old Approved not imported; see remediation-v2-stage6-image-review.json
037,table-method,stage10-lesson-037-table-method.jpg,bd9f7240869fc11f15810183b570367850d23f096e575ac0b8b4ee72795f4755,A reliable truth-table method,4b33de4eb9b8fcdcd9fbc6b848a37db1b4483725421405b6c161cdd46e89e73b,numeric;process-or-arrow,Reviewed,Reviewed,Approved,None,High,,,NotApplicable,Stage 6 fresh current-pixel forward/reverse review; old Approved not imported; see remediation-v2-stage6-image-review.json
038,design,stage10-lesson-038-design.jpg,692b994af9ae76d6bd96ab6994edddf9ee0cf8f872792d27721fba5daa4ac0b5,A circuit design method that examiners can follow,3a289d25d264c44c8c0f1a0667d3e0b62c3b77a976ea16fdbf777942120a6c5e,numeric;formula-or-state;process-or-arrow,Reviewed,Reviewed,Approved,None,High,,,NotApplicable,Stage 6 fresh current-pixel forward/reverse review; old Approved not imported; see remediation-v2-stage6-image-review.json
038,diagram,stage10-lesson-038-diagram.jpg,ea5f04b6698c678a17c39d4826646f6706088897dc1d01a5a7ecf9a0c2ff2ac7,Gate sequence creates the circuit structure,ea63e1726401d1e25eea140e2595a129492e4778b9388f8f85dd94b4828c658c,process-or-arrow,Reviewed,Reviewed,Approved,None,High,,,NotApplicable,Stage 6 fresh current-pixel forward/reverse review; old Approved not imported; see remediation-v2-stage6-image-review.json
038,parse,stage10-lesson-038-parse.jpg,2cd3e30a35dbaf6b4270b90c34c506c700cb33c323329955a7092219dc693b4e,Parse requirement wording into logic,4885a3f00c0e7095444c34edd62c12b795a40ea7d17374ac0230e53ec43fa9ff,conceptual,Reviewed,Reviewed,Approved,None,High,,,NotApplicable,Stage 6 fresh current-pixel forward/reverse review; old Approved not imported; see remediation-v2-stage6-image-review.json
039,categories,stage10-lesson-039-categories.jpg,156bbec3a82b8d727e844b42b0ac03506696a72dead5f0c73794ec6912e931fe,Classify the hardware before choosing it,a4ebf3b02e3e03c82cbcee63283f807779ace2eefc0af51bf3af1696daa4cace,process-or-arrow,Reviewed,Reviewed,Approved,None,High,,,NotApplicable,Stage 6 fresh current-pixel forward/reverse review; old Approved not imported; see remediation-v2-stage6-image-review.json
039,criteria,stage10-lesson-039-criteria.jpg,102c0dafc3368e124507ea623687732b3330b75d7a39bb33fc7e978d8106f6e7,Choose hardware using stated criteria,e4d0e92f3fb09a9aed0703215119f119126f2216d31f961ff27bfb867b8d2419,process-or-arrow,Reviewed,Reviewed,Approved,None,High,,,NotApplicable,Stage 6 fresh current-pixel forward/reverse review; old Approved not imported; see remediation-v2-stage6-image-review.json
039,users,stage10-lesson-039-users.jpg,d9db2b77f29de2ec124803475068807b6715433c1b710da614902bd76df98b45,Different users value different trade-offs,68696a693ed44b2efc8d198536d6fcbea71e4f5c2d0503eb0e93bdbef3032ac9,process-or-arrow,Reviewed,Reviewed,Approved,None,High,,,NotApplicable,Stage 6 fresh current-pixel forward/reverse review; old Approved not imported; see remediation-v2-stage6-image-review.json
040,environment,stage10-lesson-040-environment.jpg,432ce33425a38c02ea5ae3e612ce8e4f6cd65bcd6630ee5959180f7cf5c3b7c4,Environmental factors change hardware suitability,7881f7619d4f89b747cf18c65fea8820904c715b4fa9050d94d6cbaf7b5f428d,conceptual,Reviewed,Reviewed,Approved,None,High,,,NotApplicable,Stage 6 fresh current-pixel forward/reverse review; old Approved not imported; see remediation-v2-stage6-image-review.json
040,mitigation,stage10-lesson-040-mitigation.jpg,9d40e6cfffe8bfe3e8b27c34bc2fd23890230cbdba14bb8aa608971ca19bbad3,Mitigation must match the risk,13c8d2c427e13042df2f3948514581ec8b55efbe5267d63b20e97db409a2e7a2,conceptual,Reviewed,Reviewed,Approved,None,High,,,NotApplicable,Stage 6 fresh current-pixel forward/reverse review; old Approved not imported; see remediation-v2-stage6-image-review.json
040,reliability,stage10-lesson-040-reliability.jpg,552fe646a9c7c68306527541d0b7a999445c2078d8a155ee36d24b68d3621ccb,Reliability is about continuing to work correctly,374480b268608e80b6e5e0dc0e1fde28050923f2f2880d6976d6d4bfde4abe5a,process-or-arrow,Reviewed,Reviewed,Approved,None,High,,,NotApplicable,Stage 6 fresh current-pixel forward/reverse review; old Approved not imported; see remediation-v2-stage6-image-review.json
041,checkpoint,stage10-lesson-041-checkpoint.jpg,d16f1e9812b3f03e93aaa45024acfab437c82ac4766982599a4170a4c01e0e4f,Short timed review structure,a5bb3507f725d33e1503a1e98a93df725f9cb1e12439ab8695c438d7a98546d7,numeric;process-or-arrow,Reviewed,Reviewed,Approved,None,High,,,NotApplicable,Stage 6 fresh current-pixel forward/reverse review; old Approved not imported; see remediation-v2-stage6-image-review.json
041,map,stage10-lesson-041-map.jpg,9f5ae8e76ace6737d7e24fc0f94fe855dc10701e4b0d15b18a2a6cac5326a4b1,Section 3 topic map,12e828b198f30fac7a15602f219f415c7a6d6022946ba31b222120f398701f7e,numeric,Reviewed,Reviewed,Approved,None,High,,,NotApplicable,Stage 6 fresh current-pixel forward/reverse review; old Approved not imported; see remediation-v2-stage6-image-review.json
041,skills,stage10-lesson-041-skills.jpg,06de7a5caa3b55cba5a2577b0b2a0b13982c36ced46a36a1675762bb59797b3b,"Three review skills: compare, justify, calculate",0e01987ecdd4f87b274cd38ee2b5e2e1b3387d4961d153c5e314917e417daae7,formula-or-state;process-or-arrow,Reviewed,Reviewed,Approved,None,High,,,NotApplicable,Stage 6 fresh current-pixel forward/reverse review; old Approved not imported; see remediation-v2-stage6-image-review.json
042,acc-status,stage10-lesson-044-acc-status.jpg,38c67550079675c81b5a8fe4f250f1ceabab8f465ecd217d46fdbb4db9d33161,ACC and status register: execute-stage evidence,8d5ce882c8aa37b98fff6816c0adf4ad5768b8b176132eddc7c406d5be2dd462,formula-or-state;process-or-arrow,Reviewed,Reviewed,Approved,None,High,,,NotApplicable,Stage 6 fresh current-pixel forward/reverse review; old Approved not imported; see remediation-v2-stage6-image-review.json
042,alu-cu,stage10-lesson-042-alu-cu.jpg,67e3ec710846657c072636ef4599564f4bf1a548f82641c36930b18cba6955ae,Why control and calculation are separate,b67b8a0087fab5522723803da6fa3bd96738035f53b026a38f67f4666d6d1306,conceptual,Reviewed,Reviewed,Approved,None,High,,,NotApplicable,Stage 6 fresh current-pixel forward/reverse review; old Approved not imported; see remediation-v2-stage6-image-review.json
042,architecture,stage10-lesson-042-architecture.jpg,0d8550d939c22cc803a3a3a12c10cb281aa0e0897f459d016d5ccab8f5b25861,Why a CPU divides specialised work,cd4bc3393fcb4a005c2f5e2aefe583aa8331cfac10b316533d0fe382eb7b29e3,conceptual,Reviewed,Reviewed,Approved,None,High,,,NotApplicable,Stage 6 fresh current-pixel forward/reverse review; old Approved not imported; see remediation-v2-stage6-image-review.json
042,cpu-map,stage10-lesson-042-cpu-map.jpg,5cb82317b80820f192c93476c001f5ee8482b7d41ad009b9bc22e327142a25ab,"Inside the CPU, outside the CPU, and what connects them",820f71b9052e5844652858c71120f46441c3a996bc897eec2567b99bf3db5c40,formula-or-state,Reviewed,Reviewed,Approved,None,High,,,NotApplicable,Stage 6 fresh current-pixel forward/reverse review; old Approved not imported; see remediation-v2-stage6-image-review.json
042,registers,stage10-lesson-042-registers.jpg,1d951e4474fea198998e495eaf043b7a407709002465e93c55ef802d3e8c63c0,"How registers, buses and clock stay aligned",715dc42fd8559d80b5322560d1602c32e9d58347a0ca9d1896fe71ffa1a9770d,conceptual,Reviewed,Reviewed,Approved,None,High,,,NotApplicable,Stage 6 fresh current-pixel forward/reverse review; old Approved not imported; see remediation-v2-stage6-image-review.json
043,cycle,stage10-lesson-043-cycle.jpg,65bef4c4c4689fbf6b9ac9ab47a3845b26eb6e7948144eb844bac4e73a6b05b4,The cycle in one clean sentence,2f6a7726b528606f32bd9a769dbd539b65c789abc69f88a9a4a3261a90ed4323,formula-or-state;process-or-arrow,Reviewed,Reviewed,Approved,None,High,,,NotApplicable,Stage 6 fresh current-pixel forward/reverse review; old Approved not imported; see remediation-v2-stage6-image-review.json
043,cycle-visual,stage10-lesson-043-cycle-visual.jpg,825ef273377349c2ec6025669062db673b2d9eac87ecd552d492fc5b6d4685b9,Trace one instruction through the fetch stage,55982243e76f28c4dfc59ae1b30c2a4a981d1e58b2962170cc0bcaad4cb85eef,formula-or-state;process-or-arrow,Reviewed,Reviewed,Approved,None,High,,CALC-063-FETCH-UPDATES,Passed,Stage 6 fresh current-pixel forward/reverse review; old Approved not imported; see remediation-v2-stage6-image-review.json
043,decode,stage10-lesson-043-decode.jpg,0a4d472907ba5bfb738867073e71227a42e65b4e42e899cf71df8e963480a809,Decode and execute are not filler words,b2cdeaec6dcfc7920f9e25a57e2681cca10b20a95681e0f58b935491575eeb54,formula-or-state,Reviewed,Reviewed,Approved,None,High,,,NotApplicable,Stage 6 fresh current-pixel forward/reverse review; old Approved not imported; see remediation-v2-stage6-image-review.json
043,fetch,stage10-lesson-043-fetch.jpg,5f347b2420cc6c88a97dd9c8a06d2a6f0f4c6f9e75e1559e976a7a0dc08021a5,Fetch stage: the register sequence,a24b0214014249c3dd78819d1fabd7923eb3dd8b55b83269c8ec851a14738b6e,formula-or-state;process-or-arrow,Reviewed,Reviewed,Approved,None,High,,,NotApplicable,Stage 6 fresh current-pixel forward/reverse review; old Approved not imported; see remediation-v2-stage6-image-review.json
043,registers,stage10-lesson-043-registers.jpg,c13589c860970606a3f709d276aba4c8f63d495f378a8883c5dc4dfbf0c5f0b2,The four fetch-stage names you cannot blur together,09dc995161351d4c798364c1c9eb1826034c11d05597555f6c1c03eef293fbb2,formula-or-state;process-or-arrow,Reviewed,Reviewed,Approved,None,High,,,NotApplicable,Stage 6 fresh current-pixel forward/reverse review; old Approved not imported; see remediation-v2-stage6-image-review.json
043,width,stage10-lesson-045-width.jpg,18aa778b14c3e034e55baecf7fb73628eb13614c305e0f79c2ab969e1196b787,Bus width and addressable locations,3030d399413e4c09dc0f1fabb4f72c6388e2bb354a19a256eca2eb17eea6f441,numeric;formula-or-state,Reviewed,Reviewed,Approved,None,High,,CALC-016-ADDRESS-WIDTH,Passed,Stage 6 fresh current-pixel forward/reverse review; old Approved not imported; see remediation-v2-stage6-image-review.json
044,main-registers,stage10-lesson-044-main-registers.jpg,7bcc1f99f1fa97f14a2225b1fa1e26b4f93ed75fb52930b301ce942258c1f9c6,The seven named register roles,5b5d33ec243ca69a59cdfd06c3dad639736921fca08ecc2d590106e8cb084bab,formula-or-state,Reviewed,Reviewed,Approved,None,High,,,NotApplicable,Stage 6 fresh current-pixel forward/reverse review; old Approved not imported; see remediation-v2-stage6-image-review.json
044,processor,stage10-lesson-092-processor.jpg,e1f97530a6e6ac6c98f668c015216e90dcace93f6b6fd5d56d70f3f32bda3970,Registers and buses: the FDE cycle vocabulary,dab66a531e4fb6d7a8a29770e5a3c09725bc37dc9153174490f9ef5e05e9e540,formula-or-state;process-or-arrow,Reviewed,Reviewed,Approved,None,High,,,NotApplicable,Stage 6 fresh current-pixel forward/reverse review; old Approved not imported; see remediation-v2-stage6-image-review.json
044,purpose,stage10-lesson-044-purpose.jpg,8663898363f6450314939620263873aa922b4b08c8db886cec682444c08c4c35,Why registers exist,915bd07ee6b08d97932d1c0d1d43ca647f19430b39480dd38c62c60bdd2dda65,formula-or-state,Reviewed,Reviewed,Approved,None,High,,,NotApplicable,Stage 6 fresh current-pixel forward/reverse review; old Approved not imported; see remediation-v2-stage6-image-review.json
045,concept,stage10-lesson-045-concept.jpg,2710c16c3db049e04c50387e0ed7dc455eeaab092f397f2c2a38dc88e02fc597,What a system bus does,97d892b812ec4ecbf3dd00975f9254678af10996f9dd9176ec0d9150e5ce78ac,process-or-arrow,Reviewed,Reviewed,Approved,None,High,,,NotApplicable,Stage 6 fresh current-pixel forward/reverse review; old Approved not imported; see remediation-v2-stage6-image-review.json
045,read-write,stage10-lesson-045-read-write.jpg,347c8f3a704e0fa172fa2790cb00122198530dc1f5e25581ff6c4ae3e7c49e7e,Read and write traces,bbf069512b2e30b30b89c057037b34254c595289e462fb378d9334a827563a7d,formula-or-state,Reviewed,Reviewed,Approved,None,High,,,NotApplicable,Stage 6 fresh current-pixel forward/reverse review; old Approved not imported; see remediation-v2-stage6-image-review.json
045,three-buses,stage10-lesson-045-three-buses.jpg,1313c8cae9133105fe0461838ac9a59c2f7825b47569870160503f7a10256ae0,The three buses,5210d6771097c0a17951524097deef432dad459d1ee57af2053f917865eca697,formula-or-state,Reviewed,Reviewed,Approved,None,High,,,NotApplicable,Stage 6 fresh current-pixel forward/reverse review; old Approved not imported; see remediation-v2-stage6-image-review.json
046,compatibility,stage10-lesson-046-compatibility.jpg,294d487a39402a402fc090a86278e841a0a1c2297518e0cd372f524a124756c0,Instruction sets and compatibility,902a09dc2c41ad12b85a3396408f1ea948d78451a8aa47b85d8a7a1c86f6c679,conceptual,Reviewed,Reviewed,Approved,None,High,,,NotApplicable,Stage 6 fresh current-pixel forward/reverse review; old Approved not imported; see remediation-v2-stage6-image-review.json
046,instruction-set,stage10-lesson-046-instruction-set.jpg,faba9ee2de5038518dbb01a07e3061ea0e4ad4a1690a040f3ad2f9cca6ce3654,What is an instruction set?,6e85672bc1887a7d20f8919bcb9328daaf44d6fd68cba6fbf9b470aa649e9f07,formula-or-state;process-or-arrow,Reviewed,Reviewed,Approved,None,High,,,NotApplicable,Stage 6 fresh current-pixel forward/reverse review; old Approved not imported; see remediation-v2-stage6-image-review.json
046,machine-code,stage10-lesson-046-machine-code.jpg,a68a84d4f6c681210d584b39baa60fc9044be84a1d1ba2354b737379aa4a5caa,Machine code is binary instructions for the CPU,4ba68fd92f8da0272c437a671f519a33edc0da16c5d2298aab251fdc8e78fa40,formula-or-state;process-or-arrow,Reviewed,Reviewed,Approved,None,High,,,NotApplicable,Stage 6 fresh current-pixel forward/reverse review; old Approved not imported; see remediation-v2-stage6-image-review.json
046,opcode,stage10-lesson-046-opcode.jpg,f13866c3fd15f0b99314ba5593a1dac09bf31106cacf111f528e5c2148754324,Opcode and operand,267e92499ce2b6e681223ed4d3f5673bae8e2c02acf74114cdee8f6ab5bc1e47,binary;numeric;formula-or-state,Reviewed,Reviewed,Approved,None,High,,,NotApplicable,Stage 6 fresh current-pixel forward/reverse review; old Approved not imported; see remediation-v2-stage6-image-review.json
047,assembler,stage10-lesson-047-assembler.jpg,01be57fef6a28367f7e62c13d0bf579599130bd8468998acbfab6d0a67df9277,"Instruction groups: data movement, I/O, arithmetic, control and compare",310ca072796bd8a8399a301628c34d0f15f6154803d7e9395652c9b9f7f357ab,process-or-arrow,Reviewed,Reviewed,Approved,None,High,,CALC-074-INSTRUCTION-GROUPS,Passed,Stage 6 fresh current-pixel forward/reverse review; old Approved not imported; see remediation-v2-stage6-image-review.json
047,assembly,stage10-lesson-047-assembly.jpg,22f962bf930125c866fa896b24adb553f6c4dcdd96df974205b56823c660553b,What assembly language is,8946e82af8f2401e0d6774c826158dbe75287b5e27d243f5d77950775ce04b8d,conceptual,Reviewed,Reviewed,Approved,None,High,,,NotApplicable,Stage 6 fresh current-pixel forward/reverse review; old Approved not imported; see remediation-v2-stage6-image-review.json
047,effective,stage10-lesson-048-effective.jpg,03caa1367987d2aab9ef7b788ca841e7429fcf0d2e84a895f610c4d12f0cee4b,"Official LDR, CMI, JPE and JPN semantics",7afc9f2f4110429c1030739821002a4a59f57a63ab47d3d27ff85d83ca5bf0df,formula-or-state,Reviewed,Reviewed,Approved,None,High,,,NotApplicable,Stage 6 fresh current-pixel forward/reverse review; old Approved not imported; see remediation-v2-stage6-image-review.json
047,mnemonics,stage10-lesson-047-mnemonics.jpg,1d67e70f99a116c64bf29d41f7d5fdd247557c23d7e633bab6231ba57e6449d2,Mnemonics represent operations,672a7943181e6535d946f2f30dcd92421af1bff437bbc52698623cc4e235e737,formula-or-state,Reviewed,Reviewed,Approved,None,High,,,NotApplicable,Stage 6 fresh current-pixel forward/reverse review; old Approved not imported; see remediation-v2-stage6-image-review.json
047,structure,stage10-lesson-047-structure.jpg,1b4f22ce21eab56f2e2f286700ba5b954c36af54168b9ede24b3e64b641c7bf6,Instruction labels and symbolic data addresses,f20fb65c81445604aca5c85e9ac5006ebf09629c271f1ba97245803c0bf1892e,numeric;formula-or-state,Reviewed,Reviewed,Approved,None,High,,,NotApplicable,Stage 6 fresh current-pixel forward/reverse review; old Approved not imported; see remediation-v2-stage6-image-review.json
048,arrays,stage10-lesson-048-arrays.jpg,a24b2b957aac8b971c28ac8e8e75c03157740f8d3446095ba3ffd682ff7e1712,Indexed addressing and arrays,21c038bc5ffe744ed886ce3bb88435fdc4e2a6dea7703351f27bf1131acf9395,formula-or-state,Reviewed,Reviewed,Approved,None,High,,,NotApplicable,Stage 6 fresh current-pixel forward/reverse review; old Approved not imported; see remediation-v2-stage6-image-review.json
048,concept,stage10-lesson-048-concept.jpg,7e22a3983cbd6e8b9fcfbcbf2f245750eedfb4b964a3de8ea55af0989dda63cb,Addressing mode means operand interpretation,f3cccaf628ce86c5f870b77cb55836e5b591ab27d41f2343d8352ea919d2ce7b,formula-or-state;process-or-arrow,Reviewed,Reviewed,Approved,None,High,,,NotApplicable,Stage 6 fresh current-pixel forward/reverse review; old Approved not imported; see remediation-v2-stage6-image-review.json
048,modes,stage10-lesson-048-modes.jpg,122981e1ab1877938934ff8b69fa8dae6c90731fc1144c8ad72696a1d3943bfe,Five addressing modes,bcf642bc1adf9dad6e5d67f1f5ea36db4e906791d4ce3b72435a101b669ce936,formula-or-state,Reviewed,Reviewed,Approved,None,High,,CALC-064-FIVE-ADDRESSING-MODES,Passed,Stage 6 fresh current-pixel forward/reverse review; old Approved not imported; see remediation-v2-stage6-image-review.json
049,concept,stage10-lesson-049-concept.jpg,e5971aa55dc29cdaf19ffb01683bedbb0b1b0a8aa6a7c1c25872d0734a372f0c,What an interrupt is,c1b60a0bfe8802448b8bd8ba0ef9678d2f9ebfdd297da5436ab281be6fac4127,conceptual,Reviewed,Reviewed,Approved,None,High,,,NotApplicable,Stage 6 fresh current-pixel forward/reverse review; old Approved not imported; see remediation-v2-stage6-image-review.json
049,cycle,stage10-lesson-049-cycle.jpg,641f2ba93b688f0b7ca44f309c68f80771491256c5eea3e4a8a1083f0aaa91e5,The interrupt handling cycle,a5cb290041f5cc1cf4bbeb15dc9c0005cbd6cbeb95deab4fa7f844dbe2255fce,numeric;process-or-arrow,Reviewed,Reviewed,Approved,None,High,,,NotApplicable,Stage 6 fresh current-pixel forward/reverse review; old Approved not imported; see remediation-v2-stage6-image-review.json
049,polling,stage10-lesson-049-polling.jpg,b3d9494e930fa761f837a6c0cfb4053ebdc6a5def69bea9a822c1107b7cf823d,Interrupts versus polling,dce4cccd99c69993c57db127b2db74d9697b4b94dbf3ed228b954932100267ad,process-or-arrow,Reviewed,Reviewed,Approved,None,High,,,NotApplicable,Stage 6 fresh current-pixel forward/reverse review; old Approved not imported; see remediation-v2-stage6-image-review.json
049,priority,stage10-lesson-049-priority.jpg,1f9503ae4babb6566af3654488a05377a164242959c519718afb37c597c1c041,Priority and masking,d69fb269dee350cdd34359abf864e50c76cb7f1be1c366473f2a7ebaf37dde60,process-or-arrow,Reviewed,Reviewed,Approved,None,High,,,NotApplicable,Stage 6 fresh current-pixel forward/reverse review; old Approved not imported; see remediation-v2-stage6-image-review.json
049,sources,stage10-lesson-049-sources.jpg,1cc667e8a7782e148508e2fb2420720ab72506d98f4871d4bb8a548596c8e515,Where interrupts come from,aef79a5f97801cf9e4747d145f6435b709211b57a12b03f262bdb940351afa0b,process-or-arrow,Reviewed,Reviewed,Approved,None,High,,,NotApplicable,Stage 6 fresh current-pixel forward/reverse review; old Approved not imported; see remediation-v2-stage6-image-review.json
050,cache,stage10-lesson-050-cache.jpg,a1d312201a1eaeb78f12fc19af97243672acd0fd7ad41f6a655f03ddd2c5c612,Cache: reduce slow memory access,398aad80813b2a0b1d6f6d4329ed3db15ec633365772c0f3b77641bf0aa4ae44,numeric,Reviewed,Reviewed,Approved,None,High,,,NotApplicable,Stage 6 fresh current-pixel forward/reverse review; old Approved not imported; see remediation-v2-stage6-image-review.json
050,clock,stage10-lesson-050-clock.jpg,10b1e839312a48daa87d9fa9ed2b5e2148b4c39f42a843cff18818aa44882145,Clock speed: more cycles per second,6cb960fee9e26cec902d6f2fea0fd28a44c9419f264f03137e1be6cd4fe69a0d,numeric;process-or-arrow,Reviewed,Reviewed,Approved,None,High,,,NotApplicable,Stage 6 fresh current-pixel forward/reverse review; old Approved not imported; see remediation-v2-stage6-image-review.json
050,concept,stage10-lesson-050-concept.jpg,19f0aaf66497dd2d69f05adc392356aa98e57da34c72bfcf5cb328433fa55ef4,The official processor performance factors,3b340ee5f4c663441ed77702938c6d0ec9367a57320547af06f1d8c140d41484,conceptual,Reviewed,Reviewed,Approved,None,High,,,NotApplicable,Stage 6 fresh current-pixel forward/reverse review; old Approved not imported; see remediation-v2-stage6-image-review.json
050,cores,stage10-lesson-050-cores.jpg,0e2a8233569fe0e80965fa0a68c3818969e345711971340be37009097b5a5b4f,Cores: more independent processing units,c8f7e0885ea47fb21e9d900fb429c9560579911216b5d5386c8ed722c4af3e89,conceptual,Reviewed,Reviewed,Approved,None,High,,,NotApplicable,Stage 6 fresh current-pixel forward/reverse review; old Approved not imported; see remediation-v2-stage6-image-review.json
050,limits,stage10-lesson-050-limits.jpg,0e8907491b8d18c0c483bee57a80f0d27d1172d791d4fb524429a53871042ae2,Performance is limited by bottlenecks,81b09868a71e9474b69d3e437c5bcd3745ba154cff0ff9763d43f779413c81e8,process-or-arrow,Reviewed,Reviewed,Approved,None,High,,,NotApplicable,Stage 6 fresh current-pixel forward/reverse review; old Approved not imported; see remediation-v2-stage6-image-review.json
050,shifts,stage10-lesson-051-shifts.jpg,6718dcd7781e600e2adc4c2aeba7dc7c06f402ee769e2dbc5b3cef4585266ea7,"Binary shifts: logical, arithmetic, cyclic",7e10d585165bcbba5593c606934acefad488970353749fdaaf3a4a544866a239,binary;numeric;formula-or-state;process-or-arrow,Reviewed,Reviewed,Approved,None,High,,CALC-075-BINARY-SHIFTS,Passed,Stage 6 fresh current-pixel forward/reverse review; old Approved not imported; see remediation-v2-stage6-image-review.json
050,word,stage10-lesson-050-word.jpg,5318d12bbe5a00ce6b485e16c30b6a3c1fb5ede66b679356ec0f2f13f2d656e3,Word length: bits processed as a unit,8334599a31a7ce03d5b7f86940d83c5dba75690a166c357f386edf2925e25713,formula-or-state,Reviewed,Reviewed,Approved,None,High,,,NotApplicable,Stage 6 fresh current-pixel forward/reverse review; old Approved not imported; see remediation-v2-stage6-image-review.json
051,compare,stage10-lesson-051-compare.jpg,23cb01e6230f7a1394816fa414c6ec3f0c4325abfe8d9620d245f2e446154a00,Without and with pipelining,6474606aca7181881696027b665a0c07b2bc287340868f3390c0e5e1aeaed8e8,numeric;process-or-arrow,Reviewed,Reviewed,Approved,None,High,,,NotApplicable,Stage 6 fresh current-pixel forward/reverse review; old Approved not imported; see remediation-v2-stage6-image-review.json
051,concept,stage10-lesson-051-concept.jpg,66b83aede34dc0304c59c98d3b3790149230252a25fbfb355e04953ef0d05aa8,Pipelining overlaps instruction-cycle stages,acb307ef6626ae51588b14927950e7f4d11b6a962217c666e8f2154b3b45ae0a,process-or-arrow,Reviewed,Reviewed,Approved,None,High,,,NotApplicable,Stage 6 fresh current-pixel forward/reverse review; old Approved not imported; see remediation-v2-stage6-image-review.json
051,device-bits,stage10-lesson-051-device-bits.jpg,03c9b0238134678d08a19a7da006ae5f9d5bc5cdfdb462a436b15fe082ccd529,Monitor and control a device register,f50cb12155bf4aa0cd2adadf4adc740de78347a7d8b224ffea9e2d7b1fbbc162,formula-or-state;process-or-arrow,Reviewed,Reviewed,Approved,None,High,,,NotApplicable,Stage 6 fresh current-pixel forward/reverse review; old Approved not imported; see remediation-v2-stage6-image-review.json
051,hazards,stage10-lesson-051-hazards.jpg,f68afee72a4b21e81b8c4420e4feac2e3793dec202a0a4fda20b6a529b1d8d4a,Pipeline hazards: why faster is not always simpler,c54aaca0a8286efeeddd0a5078a2936c42080dc93cbe34f73f111469db75688d,process-or-arrow,Reviewed,Reviewed,Approved,None,High,,,NotApplicable,Stage 6 fresh current-pixel forward/reverse review; old Approved not imported; see remediation-v2-stage6-image-review.json
051,masks,stage10-lesson-051-masks.jpg,30eee09435bd6723113a31352cd6446044672d1205002fc0cf4c28e9c94a6147,Bit masks target selected positions,09694073c84f27f331205fae1a7c4ef348a1103f5d6b0dfefa9de6e64adfd38e,numeric;formula-or-state,Reviewed,Reviewed,Approved,None,High,,,NotApplicable,Stage 6 fresh current-pixel forward/reverse review; old Approved not imported; see remediation-v2-stage6-image-review.json
051,stalls,stage10-lesson-051-stalls.jpg,111021fa8d8b1a14d49601c1a88abefbe42332042efcb4d74acd84482f667e04,Stalls and flushes reduce the ideal gain,a007d575c931525ade791b722e19d87ddbb1496ba1c6f1b7cd242e75f2ee2f81,process-or-arrow,Reviewed,Reviewed,Approved,None,High,,,NotApplicable,Stage 6 fresh current-pixel forward/reverse review; old Approved not imported; see remediation-v2-stage6-image-review.json
051,timing,stage10-lesson-051-timing.jpg,96980c1891bc9919745dbd1a9147e4000b426ac64e6d236f6386458b4cc4b17b,"Throughput improves, but latency still exists",bf866616fe571a98abb4f1868db874e793573f49b58d316b777ea3e71bd449de,numeric;process-or-arrow,Reviewed,Reviewed,Approved,None,High,,,NotApplicable,Stage 6 fresh current-pixel forward/reverse review; old Approved not imported; see remediation-v2-stage6-image-review.json
052,clinic,stage10-lesson-052-clinic.jpg,ebb7d5ccd223d9379c162e135aac1c23bc71da5782b252c722063cf423c4b897,Turn vague into mark-worthy,f59a574fff834ffd5337496557f9de6d173c9a57f406d7a74189d8bd55833101,process-or-arrow,Reviewed,Reviewed,Approved,None,High,,,NotApplicable,Stage 6 fresh current-pixel forward/reverse review; old Approved not imported; see remediation-v2-stage6-image-review.json
052,compare,stage10-lesson-052-compare.jpg,ac690c80b6da4aad556da522d3c01bb370b2c0688beb43d1035aaeb782a67f1e,Common compare traps,f0749173190573a573b0024012baef8690453f473aa31d3602f072f9490b3481,formula-or-state,Reviewed,Reviewed,Approved,None,High,,,NotApplicable,Stage 6 fresh current-pixel forward/reverse review; old Approved not imported; see remediation-v2-stage6-image-review.json
052,map,stage10-lesson-052-map.jpg,fad90f48e6d3c3995552ade4004c05c11048004ac9a6ed32282097193bfc06db,Section 4 concept map,9758f6a474e2c7ab88744205c1102f1c1654e11a29a9cd4cbcc2fb976d40045f,numeric;formula-or-state;process-or-arrow,Reviewed,Reviewed,Approved,None,High,,,NotApplicable,Stage 6 fresh current-pixel forward/reverse review; old Approved not imported; see remediation-v2-stage6-image-review.json
052,retrieval,stage10-lesson-052-retrieval.jpg,be5dd86761326b4deaeacc5e24130fc3b56c6b62eb883f9111828831842dfb0e,"Retrieval grid: say the role, not just the name",1679f5a118616e3fbf4746e98dbef806819cf91dae27ae11ecdb714cbc3efd8a,formula-or-state,Reviewed,Reviewed,Approved,None,High,,,NotApplicable,Stage 6 fresh current-pixel forward/reverse review; old Approved not imported; see remediation-v2-stage6-image-review.json
052,timed,stage10-lesson-052-timed.jpg,df96eb137f1dd2259255de878fd53956eaf698c3d4a9497c7cf0155dab3dee92,8-minute mixed Section 4 response,9dd2b87d687b36ca49759a0075862b9b4812598b4f22dcb8e5123c0f0ff9161d,numeric;process-or-arrow,Reviewed,Reviewed,Approved,None,High,,,NotApplicable,Stage 6 fresh current-pixel forward/reverse review; old Approved not imported; see remediation-v2-stage6-image-review.json
053,categories,stage10-lesson-053-categories.jpg,2bf86f6c0ce7d0ba900ffb60868306a25b43135151d48969e1d786c8d14c4717,System software versus application software,232ebace2b84ac33390c911952297bbf19d6813cf04a6574bed8cc2cdd3039cd,conceptual,Reviewed,Reviewed,Approved,None,High,,,NotApplicable,Stage 6 fresh current-pixel forward/reverse review; old Approved not imported; see remediation-v2-stage6-image-review.json
053,concept,stage10-lesson-053-concept.jpg,3fba7799c8fffeab4436498200d466194f7ffb0bbe5d7f1de75fd51ba333baad,System software supports the running and maintenance of the computer,b192f028ffe5b256f6dda1c325f413ec77a9a0e05fc9a8f21f069079102982be,conceptual,Reviewed,Reviewed,Approved,None,High,,,NotApplicable,Stage 6 fresh current-pixel forward/reverse review; old Approved not imported; see remediation-v2-stage6-image-review.json
053,os,stage10-lesson-053-os.jpg,969cecfc4670204d064ccaf9a8ea8896ecb6918d6bafdebf9975a7ac28dd08e3,Operating system: the main coordinator,96dad34561b8d91c763c2e8fad33d1981dbc554d4e7c265a7ed1c90c347d28ab,numeric,Reviewed,Reviewed,Approved,None,High,,,NotApplicable,Stage 6 fresh current-pixel forward/reverse review; old Approved not imported; see remediation-v2-stage6-image-review.json
053,pathway,stage10-lesson-053-pathway.jpg,2f2732ee8e5f0c2061ae6229df247bde88d147ba77b302e31bfabfda7cb7dbc1,Translation pathway,f24de4c0d99a34617bfdcfbb5b16cb1a584845bee1834632a8cd6b94c16787ec,conceptual,Reviewed,Reviewed,Approved,None,High,,,NotApplicable,Stage 6 fresh current-pixel forward/reverse review; old Approved not imported; see remediation-v2-stage6-image-review.json
053,translators,stage10-lesson-053-translators.jpg,595e973bf337f8810ab57702dfce846ae65b902bf7c898fb1199a71ad8c3a400,Language translators: source code to executable behaviour,a3948f850984a7e324fe19996e062f1e3c2acfd34767275b26aafc95eb65d259,process-or-arrow,Reviewed,Reviewed,Approved,None,High,,,NotApplicable,Stage 6 fresh current-pixel forward/reverse review; old Approved not imported; see remediation-v2-stage6-image-review.json
053,utility,stage10-lesson-053-utility.jpg,4bec7bea26fe25cec00ed634d7766ede2eccfaf64372292174bed976e0b3a541,Utility software: maintenance and protection tools,14877aea3763d2a4a39c3b5e21bb960eb76fbca79c758854c7489f5df3325713,process-or-arrow,Reviewed,Reviewed,Approved,None,High,,,NotApplicable,Stage 6 fresh current-pixel forward/reverse review; old Approved not imported; see remediation-v2-stage6-image-review.json
054,compare,stage10-lesson-056-compare.jpg,cab75a286396b161d448a3e81463396b75284ad528a9a506c4ccd49297109c28,Choose the required utility by its operation,65be6facbf7cd0f16d0400d69a3195b879e632a6b1d6d279fa09e5484a296e16,conceptual,Reviewed,Reviewed,Approved,None,High,,,NotApplicable,Stage 6 fresh current-pixel forward/reverse review; old Approved not imported; see remediation-v2-stage6-image-review.json
054,concept,stage10-lesson-054-concept.jpg,b7414cd04ab22ae09da268383c728a98fd039d7a7c0ef7187a3ba4b64870eae1,Why applications need an operating system,896bf3dbba2290ff1caa223b88794e8acbc816aa200da6396482e79517708243,conceptual,Reviewed,Reviewed,Approved,None,High,,,NotApplicable,Stage 6 fresh current-pixel forward/reverse review; old Approved not imported; see remediation-v2-stage6-image-review.json
054,device,stage10-lesson-054-device.jpg,581e02ec92ea5ceff2972645e502237d7f0b78a8e2d62c293da85a4ab4bee58e,"Why drivers, buffers and queues work together",f24b0f54e4885d1ff2def6b81004f30f9147ca15bf8772b1e607f5d66d1c8716,process-or-arrow,Reviewed,Reviewed,Approved,None,High,,,NotApplicable,Stage 6 fresh current-pixel forward/reverse review; old Approved not imported; see remediation-v2-stage6-image-review.json
054,file,stage10-lesson-054-file.jpg,452c5845bfcb5094890588d0778073982cfe67a9e24c69257004f9b2ca1278b4,Why files need metadata and access rules,760542ceaa806a97a13b4f495284ff56a18ef2f3e23c92422fb39ac84e03fe8a,conceptual,Reviewed,Reviewed,Approved,None,High,,,NotApplicable,Stage 6 fresh current-pixel forward/reverse review; old Approved not imported; see remediation-v2-stage6-image-review.json
054,memory,stage10-lesson-054-memory.jpg,d1678b6566b972d10ff0ea55f74ee53bd9b8f36d518a44090dd8cedcc9fbf5cc,Why memory needs allocation and protection,643bd95e5a6f6bb98e5b2681cd88fffcbd253df9406bb673348722d30a03468b,conceptual,Reviewed,Reviewed,Approved,None,High,,,NotApplicable,Stage 6 fresh current-pixel forward/reverse review; old Approved not imported; see remediation-v2-stage6-image-review.json
054,process,stage10-lesson-054-process.jpg,2a75c24619e71c205cdef53db2daf58726b226e1e5592e85ba878aa45d564f28,How time-slicing creates apparent simultaneity,7447b3168ed5aabec4075d45c318afc311428ef7dac1dfe721e54fe26f5cea3a,process-or-arrow,Reviewed,Reviewed,Approved,None,High,,,NotApplicable,Stage 6 fresh current-pixel forward/reverse review; old Approved not imported; see remediation-v2-stage6-image-review.json
054,services,stage10-lesson-054-services.jpg,3fdc9b7d1328e2391f67fd8dbd03827bb8b52b7894854f3d31b1a46f823fa472,How OS services form one control layer,8f9ac7a467703ec5901eca39a6f37f63a50b6354a6218677d695810bc15d92ab,conceptual,Reviewed,Reviewed,Approved,None,High,,,NotApplicable,Stage 6 fresh current-pixel forward/reverse review; old Approved not imported; see remediation-v2-stage6-image-review.json
055,cli,stage10-lesson-055-cli.jpg,79e1b6841590f0237f666f1f411613379c77452047cd4ace734f27909d173e2e,Command line interface: precise text commands,60f67333cd596dd0dd2e58b4a4bd697e9b91dd44c79896982b8b1b8153af07f4,conceptual,Reviewed,Reviewed,Approved,None,High,,,NotApplicable,Stage 6 fresh current-pixel forward/reverse review; old Approved not imported; see remediation-v2-stage6-image-review.json
055,compare,stage10-lesson-055-compare.jpg,aabd7dccd473cdd803e4f7f0ca293a2d5ea899596b13e0d8f413c91d7e7dd9d9,Compare interface suitability by scenario,66465bf1fb535b16ffc791df383d3c4c6500e6514a9376549833d2bad78ae434,process-or-arrow,Reviewed,Reviewed,Approved,None,High,,,NotApplicable,Stage 6 fresh current-pixel forward/reverse review; old Approved not imported; see remediation-v2-stage6-image-review.json
055,concept,stage10-lesson-055-concept.jpg,e6d6f960f95d44c7cd4e8777c084d5e53504141086977416a93ba4ae04c0f36b,A user interface allows interaction with a computer system,f1873fa8b59d3bd1f2d2315c603511bb015e85970b4fad127017a0da57737d76,conceptual,Reviewed,Reviewed,Approved,None,High,,,NotApplicable,Stage 6 fresh current-pixel forward/reverse review; old Approved not imported; see remediation-v2-stage6-image-review.json
055,gui,stage10-lesson-055-gui.jpg,c36619d36495140f0a02715e91215fc288b132505d921020785575b00be40751,Graphical user interface: visual objects and pointer actions,f86705ceb54579c29ae2681cd968d732f8a158503b507ea9751b737f91ed6fb4,process-or-arrow,Reviewed,Reviewed,Approved,None,High,,,NotApplicable,Stage 6 fresh current-pixel forward/reverse review; old Approved not imported; see remediation-v2-stage6-image-review.json
055,libraries,stage10-lesson-059-libraries.jpg,9052c55da48e8cdba3fec8d63095766526f86ff2f4c35da990828cf14a4c9860,Libraries provide reusable routines and modules,45d414061b0d9166e99bca7ef577c47650e6189428099511d5017228ce1fd3ed,process-or-arrow,Reviewed,Reviewed,Approved,None,High,,,NotApplicable,Stage 6 fresh current-pixel forward/reverse review; old Approved not imported; see remediation-v2-stage6-image-review.json
055,menu,stage10-lesson-055-menu.jpg,bd2ac296cb3fa3674a05381f4bd00b1ac33e84ea36cb0953c47f539fb02f8317,Menu-driven interface: choose from fixed options,2cb5d09fc024dd97d054b5bd5dc6a88efe67c2377a32330d3f181d115d4bdec3,process-or-arrow,Reviewed,Reviewed,Approved,None,High,,,NotApplicable,Stage 6 fresh current-pixel forward/reverse review; old Approved not imported; see remediation-v2-stage6-image-review.json
055,natural,stage10-lesson-055-natural.jpg,f1d59b82784bb08be1244e2f4c778871109c782612d34daf3c8b0ae95ed58f4c,Natural language interface: ordinary language input,ad8db01c8c32712aa730d1890169b8b7b4a5388b2f729e1f477efa0fe51d5501,process-or-arrow,Reviewed,Reviewed,Approved,None,High,,,NotApplicable,Stage 6 fresh current-pixel forward/reverse review; old Approved not imported; see remediation-v2-stage6-image-review.json
056,antivirus,stage10-lesson-056-antivirus.jpg,82dbd2a4c1c2f3f4427655bbd95076d31aa0d23e2bae36cbe4a1dc3d1760327d,"Antivirus utilities detect, quarantine and remove malware",2c0885cb70595bff5dda2160036ad6dc301cf44d5dddb3d2749b676dc143637a,conceptual,Reviewed,Reviewed,Approved,None,High,,,NotApplicable,Stage 6 fresh current-pixel forward/reverse review; old Approved not imported; see remediation-v2-stage6-image-review.json
056,backup,stage10-lesson-056-backup.jpg,677059123e10244628c098a87eed0ce0480788d5610950c8f8e2a2ce91543f7f,Backup utilities create copies so data can be restored,a7bc6106b771ce16068498093c2d0c7047713a43a5917f1ebe77d3c5418f0ff3,process-or-arrow,Reviewed,Reviewed,Approved,None,High,,,NotApplicable,Stage 6 fresh current-pixel forward/reverse review; old Approved not imported; see remediation-v2-stage6-image-review.json
056,compression,stage10-lesson-056-compression.jpg,469dc0d160124953318a414a65b470354f9410e9dbe873ec1509d50449b7a9c0,Compression utilities reduce file size,00cd3f59b0616e722cca42880f4b391597e184814b35f439b562184b6c984111,conceptual,Reviewed,Reviewed,Approved,None,High,,,NotApplicable,Stage 6 fresh current-pixel forward/reverse review; old Approved not imported; see remediation-v2-stage6-image-review.json
056,concept,stage10-lesson-056-concept.jpg,2c63fdc8da1b391d4eb4110cf9999387215d5cc4111d7b01c70fcef21ff37c6e,Utility software performs maintenance and support tasks,323210f2573c4adf579e29af52a156b3f8ac687a63de013ad7c8718a0217386a,conceptual,Reviewed,Reviewed,Approved,None,High,,,NotApplicable,Stage 6 fresh current-pixel forward/reverse review; old Approved not imported; see remediation-v2-stage6-image-review.json
056,defrag,stage10-lesson-056-defrag.jpg,9ff9e8fc7474f7984952d22dd7699bdb0aa5e133a3a52fc048f09c9eda664e9e,Defragmentation rearranges fragmented files on magnetic disks,f6ee40564d618d58e87ccda6c9ecc6b1a1c58f893bfb45d0108e0b5a4eff1b1d,conceptual,Reviewed,Reviewed,Approved,None,High,,,NotApplicable,Stage 6 fresh current-pixel forward/reverse review; old Approved not imported; see remediation-v2-stage6-image-review.json
056,encryption,stage10-lesson-056-encryption.jpg,482f489e281f1b5168aed691fba2d4074271b98c7e0b85512c853b3d04e1244d,Encryption utilities protect confidentiality,9acaca360c161ceed035d177242ce4f3223244c53592cf60d1ab5b1103406187,conceptual,Reviewed,Reviewed,Approved,None,High,,,NotApplicable,Stage 6 fresh current-pixel forward/reverse review; old Approved not imported; see remediation-v2-stage6-image-review.json
057,assembler,stage10-lesson-057-assembler.jpg,428023a6cdd7387bec9f0352c40004ecdc1196daa7cc0c49106a1d247380cb5c,An assembler translates assembly language into machine code,9a13fd66b9b402590e87f5a2e0cb02452330e499c2ff733971151fb4e5a6cc7d,process-or-arrow,Reviewed,Reviewed,Approved,None,High,,,NotApplicable,Stage 6 fresh current-pixel forward/reverse review; old Approved not imported; see remediation-v2-stage6-image-review.json
057,compare,stage10-lesson-057-compare.jpg,44fc73141aaec2857ddd3f3d64ac507c70823c410164c519157c6305bfdf2461,"Comparison: same goal, different route",c5e8dc0ed5b070ea0632e46d759692cf3ffb549fe6df040d3c271ea9dac911da,process-or-arrow,Reviewed,Reviewed,Approved,None,High,,,NotApplicable,Stage 6 fresh current-pixel forward/reverse review; old Approved not imported; see remediation-v2-stage6-image-review.json
057,compiler,stage10-lesson-057-compiler.jpg,1adb54f931b5304038f143578faac13d1e396316b14a6a9be0d4ec3edcce6578,A compiler translates the whole high-level program before execution,73a014671bbf53a6490a8df80ab8dc91194df6c0ff1d25c3dcf140f798816da0,process-or-arrow,Reviewed,Reviewed,Approved,None,High,,,NotApplicable,Stage 6 fresh current-pixel forward/reverse review; old Approved not imported; see remediation-v2-stage6-image-review.json
057,concept,stage10-lesson-057-concept.jpg,d006f9da12de4283048f2ede80eb5713d19bf8c3beeb0c6b955af93e52d41e13,Translator software converts program code into another form,b0933029c2833865b7ebe5bc69cd0e6ebb6c86a706882da46563baf1baa05167,process-or-arrow,Reviewed,Reviewed,Approved,None,High,,CALC-065-TRANSLATOR-TOOLCHAIN,Passed,Stage 6 fresh current-pixel forward/reverse review; old Approved not imported; see remediation-v2-stage6-image-review.json
057,interpreter,stage10-lesson-057-interpreter.jpg,c3e0eb6e91b5be28a8b70381ca083e6f377c1a6fddc7407c1408bb9d5f68f525,An interpreter translates and executes statements as the program runs,c6b2c04e39a33099080c0b5ccbcee4dc0efeb355ca6610fddc003484478ff2fe,process-or-arrow,Reviewed,Reviewed,Approved,None,High,,,NotApplicable,Stage 6 fresh current-pixel forward/reverse review; old Approved not imported; see remediation-v2-stage6-image-review.json
058,generation,stage10-lesson-058-generation.jpg,4173bc9e536f56bcb56a8f6222383e8bfdfec02a391e6aabe44b93931e9d3b67,Code generation produces object code,7a2d09bde9ace4771280643499d88657d7e99fd95fdf458ea924b570480055fb,process-or-arrow,Reviewed,Reviewed,Approved,None,High,,,NotApplicable,Stage 6 fresh current-pixel forward/reverse review; old Approved not imported; see remediation-v2-stage6-image-review.json
058,lexical,stage10-lesson-058-lexical.jpg,0886aac27752ee9c3233e7c5e8e4071adc002e1db5e6f295d117816d01f5140f,Lexical analysis converts character streams into tokens,bfa5384c3c6ee4dec170bc107235bc5b73f371c81e3bb392dcbb432166afe851,conceptual,Reviewed,Reviewed,Approved,None,High,,,NotApplicable,Stage 6 fresh current-pixel forward/reverse review; old Approved not imported; see remediation-v2-stage6-image-review.json
058,optimisation,stage10-lesson-058-optimisation.jpg,3c7f30a13e0bfee074a876b3e9fc814a311436c7a55c5d5e2ca06d4c9457d511,Optimisation improves code without changing what it does,425781d236ad2d907818cac337bd26bad2c25a7786ab246024b942ec4abe1a47,conceptual,Reviewed,Reviewed,Approved,None,High,,,NotApplicable,Stage 6 fresh current-pixel forward/reverse review; old Approved not imported; see remediation-v2-stage6-image-review.json
058,pipeline,stage10-lesson-058-pipeline.jpg,c3c009ad4297cdcfeaea08745ece783a5760b74e9ca969baf2b9b2ba478bb2b0,The compilation pipeline transforms source code into object code,c531685b759b6919fad99f299a3a36c5c3e2436d7a2c26e1faa6272bc5f019d2,process-or-arrow,Reviewed,Reviewed,Approved,None,High,,,NotApplicable,Stage 6 fresh current-pixel forward/reverse review; old Approved not imported; see remediation-v2-stage6-image-review.json
058,semantic,stage10-lesson-058-semantic.jpg,64b9e0aa892ecf316915afb681851fe4561fddcaa5cc2ce48ed0cc14e0634d32,Semantic analysis checks meaning and context,2dc7f12a1764758301a1fe433c7d6e1394934f0b66c2b71f50beeb0e38fb66eb,conceptual,Reviewed,Reviewed,Approved,None,High,,,NotApplicable,Stage 6 fresh current-pixel forward/reverse review; old Approved not imported; see remediation-v2-stage6-image-review.json
058,syntax,stage10-lesson-058-syntax.jpg,6d77a3afb6459c5ca1ebbd725cdd832d132f930da3e6703b8fea8bd55c82ea81,Syntax analysis checks grammar and program structure,e05d55c73f05b064b1c2e72362e74ccb847af873673f0b6f92ffef4f8994849b,process-or-arrow,Reviewed,Reviewed,Approved,None,High,,,NotApplicable,Stage 6 fresh current-pixel forward/reverse review; old Approved not imported; see remediation-v2-stage6-image-review.json
059,compare,stage10-lesson-059-compare.jpg,e7193c5820ca2b2208ae5e1aa5ba4df9349cf848fac24215f07447fad3fbb9cf,Compare the roles without blending them,6d3d1ce67ed9d96a7900979403b0624f6dbc5a8a2c203593e70b2cdd378b0f25,process-or-arrow,Reviewed,Reviewed,Approved,None,High,,,NotApplicable,Stage 6 fresh current-pixel forward/reverse review; old Approved not imported; see remediation-v2-stage6-image-review.json
059,concept,stage10-lesson-059-concept.jpg,6f5da5d06521ec6175deebe1a857f67aba650d9c33687db0b62805763a0ea1d4,The post-compilation pathway connects code and prepares execution,e4835ccf9f1be06ed4b0671bf99bb8f1620d1159ff18b56bdf0be864b1cf04eb,process-or-arrow,Reviewed,Reviewed,Approved,None,High,,,NotApplicable,Stage 6 fresh current-pixel forward/reverse review; old Approved not imported; see remediation-v2-stage6-image-review.json
059,linkers,stage10-lesson-059-linkers.jpg,8554bf73163a046674c44174ec74ab08db7e2b4a0bc54aaff0274b6e9a65de53,Linkers combine object modules and resolve references,85ed76e855a7082c15d1b1118e1679d6fdba2a0f5c33db3326b0a6adb6d2bf64,process-or-arrow,Reviewed,Reviewed,Approved,None,High,,,NotApplicable,Stage 6 fresh current-pixel forward/reverse review; old Approved not imported; see remediation-v2-stage6-image-review.json
059,loaders,stage10-lesson-059-loaders.jpg,af2fbc95124819f531b401bf921f9ab225e2ad6a6da3db1629eb46a11478eed4,Loaders place executable code into memory,ad3cc9d1e51df88b4ca48a35cd269d2045f5511f421a98ccb65eb701716c77a9,process-or-arrow,Reviewed,Reviewed,Approved,None,High,,,NotApplicable,Stage 6 fresh current-pixel forward/reverse review; old Approved not imported; see remediation-v2-stage6-image-review.json
059,static-dynamic,stage10-lesson-059-static-dynamic.jpg,772b2a00a0c76767c6e95032d228282f85b09f94d1cecce8d5ba61297ed85b8d,Static and dynamic linking affect when library code is connected,8d6b5bf1f56e86d7f92dc2f82e5fc0b0e9bb70b6ed64823ed207569bcadc28e6,conceptual,Reviewed,Reviewed,Approved,None,High,,,NotApplicable,Stage 6 fresh current-pixel forward/reverse review; old Approved not imported; see remediation-v2-stage6-image-review.json
060,compare,stage10-lesson-060-compare.jpg,3ecde04ecdce6be59053deddc5183c4142c95ee067150911dc7a0b4a0c3821bd,Compare error types by evidence,7fd83eed4a504e43da27e62a70a93961861b5bad55ddc588f1b69234cc3ef10a,process-or-arrow,Reviewed,Reviewed,Approved,None,High,,,NotApplicable,Stage 6 fresh current-pixel forward/reverse review; old Approved not imported; see remediation-v2-stage6-image-review.json
060,concept,stage10-lesson-060-concept.jpg,664c982905f5599f353aa905dd92d883dea3dd8b795cd749aefce99ee747438b,Error classification depends on when and how the fault appears,6c4fa9d37edaea4b65d33b1f0350fb94d211e6307197067c03dfe74283f29913,process-or-arrow,Reviewed,Reviewed,Approved,None,High,,,NotApplicable,Stage 6 fresh current-pixel forward/reverse review; old Approved not imported; see remediation-v2-stage6-image-review.json
060,diagnostics,stage10-lesson-060-diagnostics.jpg,32a5800d0e589f23bee73aecd62ed2f483bc9971cb17fc09b0a3079fb839424c,Translation diagnostics help locate and correct errors,8bde5126b1d984193bfa165217733da4bcba1fc39a4b997938c96f9bf750316e,process-or-arrow,Reviewed,Reviewed,Approved,None,High,,,NotApplicable,Stage 6 fresh current-pixel forward/reverse review; old Approved not imported; see remediation-v2-stage6-image-review.json
060,runtime,stage10-lesson-060-runtime.jpg,8d10f2bcc610c85906baf1d278f15fc1f1a9e3b280119977a1fc01481ee1d801,Runtime errors occur while the program is executing,4557f779d814d8ec9aae94c23f7dfb6c643e207335244a7dc32e17d49c9ba7c4,conceptual,Reviewed,Reviewed,Approved,None,High,,,NotApplicable,Stage 6 fresh current-pixel forward/reverse review; old Approved not imported; see remediation-v2-stage6-image-review.json
060,syntax,stage10-lesson-060-syntax.jpg,5c254d328fba1298e187cf15f49d4e8ee6cf02c76f12838e37d027f03a21227a,Syntax errors break the grammar rules of the language,017864fdaca97fc55511eddd896f571a8cd31c4a1f07f4d8d0b1a8f5167b6f64,process-or-arrow,Reviewed,Reviewed,Approved,None,High,,,NotApplicable,Stage 6 fresh current-pixel forward/reverse review; old Approved not imported; see remediation-v2-stage6-image-review.json
061,decision,stage10-lesson-061-decision.jpg,192f4cab9f85cf22f0baf16003b15a6c4616dd4816896e6c848e4da09236d253,A good translator choice starts with four questions,af9109aa4f9fb880256f6e8f98e48ef27222ed4cb1825c5541fa8b6db43f0cbe,process-or-arrow,Reviewed,Reviewed,Approved,None,High,,,NotApplicable,Stage 6 fresh current-pixel forward/reverse review; old Approved not imported; see remediation-v2-stage6-image-review.json
061,deployment,stage10-lesson-061-deployment.jpg,9007aa0a18ff9a616991638a2d726a156d2b74507c9d19a9652196123939ae80,"For deployment, a compiler often produces a distributable executable",12085d3b182019f03efad7c68df29ce99ee12bf1997f6a6d8156d7a55409dae0,process-or-arrow,Reviewed,Reviewed,Approved,None,High,,,NotApplicable,Stage 6 fresh current-pixel forward/reverse review; old Approved not imported; see remediation-v2-stage6-image-review.json
061,development,stage10-lesson-061-development.jpg,298fdccebaf26a1bbe62e1a967ed5e7379af0ae563458dc1e269e1551e87eab1,"During development, an interpreter can support rapid testing",019273baf7e371c88a6c9038046f72c14b63c7d64bb6be436cb43a16295860ba,conceptual,Reviewed,Reviewed,Approved,None,High,,,NotApplicable,Stage 6 fresh current-pixel forward/reverse review; old Approved not imported; see remediation-v2-stage6-image-review.json
061,diagnostics,stage10-lesson-061-diagnostics.jpg,2a89e1a2813d9a47d511506d7f75e682f09518be8a41cf08b3e42d36f59d1ad2,Error feedback affects the best choice during development,5b8834a5ad0b52f60a8cde5d45e66d0af3fee1f791a616165749ca48d5f7f46f,process-or-arrow,Reviewed,Reviewed,Approved,None,High,,,NotApplicable,Stage 6 fresh current-pixel forward/reverse review; old Approved not imported; see remediation-v2-stage6-image-review.json
061,lowlevel,stage10-lesson-061-lowlevel.jpg,87746f48340cad8fea37cc9ff65208f025398aaf4cf813df7ee9ff4d8889cb33,"For assembly language, use an assembler",8ffdb189a48673f06dbe47542da47f84b73c015c454c72a4e645198cf9f58288,process-or-arrow,Reviewed,Reviewed,Approved,None,High,,,NotApplicable,Stage 6 fresh current-pixel forward/reverse review; old Approved not imported; see remediation-v2-stage6-image-review.json
061,pipeline,stage10-lesson-061-pipeline.jpg,fa338a01a7f1de07e2980d1c4275af2aa4962be51af2e9bc684f8513bb3d4aed,"After translation, linking and loading may still be needed",a123a907bef67ce8837287629928c6b90d170daf4d3d038a54e9a4d52ad4d833,process-or-arrow,Reviewed,Reviewed,Approved,None,High,,,NotApplicable,Stage 6 fresh current-pixel forward/reverse review; old Approved not imported; see remediation-v2-stage6-image-review.json
062,compare,stage10-lesson-062-compare.jpg,666951b25ae687e7e986d30e581a6895a4c13acc04967ed32a2bc9da26a8e48a,Similar terms that the exam likes to separate,1527a37d9e138917d7cde50982dfe90d1f6d892690b92e5387b866455b692c33,process-or-arrow,Reviewed,Reviewed,Approved,None,High,,,NotApplicable,Stage 6 fresh current-pixel forward/reverse review; old Approved not imported; see remediation-v2-stage6-image-review.json
062,precision,stage10-lesson-062-precision.jpg,26041a28fccf829b1c8bb97e04fc9244d5d3a223037a88b83fa7a534f3d5c22d,Turn a weak answer into marks,e0677748b57601904ce0687bf25d3b70f485e430442927a27d45ec8f4bbe2961,process-or-arrow,Reviewed,Reviewed,Approved,None,High,,,NotApplicable,Stage 6 fresh current-pixel forward/reverse review; old Approved not imported; see remediation-v2-stage6-image-review.json
062,retrieval,stage10-lesson-062-retrieval.jpg,50d31ca50eb8320dde1f2ddd091ac01d93aeb0afc4881314579f04eabacaadfc,Section 5 in one screen,0853f3842fb60c28b1480df262a35bacdf9ccddf5afcdbf84d384ec73b93e6f3,numeric;process-or-arrow,Reviewed,Reviewed,Approved,None,High,,,NotApplicable,Stage 6 fresh current-pixel forward/reverse review; old Approved not imported; see remediation-v2-stage6-image-review.json
063,authenticity,stage10-lesson-063-authenticity.jpg,f7352d5c75951e7839b9b10b5b75537c4585fcfe2e92e1586b493d66aa1757a5,Authenticity checks that identity or data origin is genuine,713b218fa42e0b271013b027841fa38ecbc2de4ab9b245895efa2b7219e4cc64,conceptual,Reviewed,Reviewed,Approved,None,High,,,NotApplicable,Stage 6 fresh current-pixel forward/reverse review; old Approved not imported; see remediation-v2-stage6-image-review.json
063,availability,stage10-lesson-063-availability.jpg,9173910f14d630ca6bd36bfc2f86382a9f8ec0e93ac8668afadbf82c4cbe5973,Availability keeps systems and data accessible when needed,e9ce5c7404a583a11b149135a9be8a1d2d437d66baed3e058bc5d44725a64c6f,conceptual,Reviewed,Reviewed,Approved,None,High,,,NotApplicable,Stage 6 fresh current-pixel forward/reverse review; old Approved not imported; see remediation-v2-stage6-image-review.json
063,confidentiality,stage10-lesson-063-confidentiality.jpg,80b7e68de1425961d16fb7f70c5f0186d6c27522b8d825bda3e334a0f06780d7,Confidentiality protects data from unauthorised access,bf8704ed77aa65ca3188b700249ad6a43e0ad99296b4b0d8ebf6171597dc6955,conceptual,Reviewed,Reviewed,Approved,None,High,,,NotApplicable,Stage 6 fresh current-pixel forward/reverse review; old Approved not imported; see remediation-v2-stage6-image-review.json
063,integrity,stage10-lesson-063-integrity.jpg,a681dd5000456c9a2b58fd858a293e0ad1be584aaf79d9f0861d18457d791421,Integrity protects data from unauthorised or accidental alteration,809f1abcaaa72648d90d3e37ca3c8ec4c758e0e97f3445aaa4d37a5575a2f392,conceptual,Reviewed,Reviewed,Approved,None,High,,,NotApplicable,Stage 6 fresh current-pixel forward/reverse review; old Approved not imported; see remediation-v2-stage6-image-review.json
063,risk-chain,stage10-lesson-063-risk-chain.jpg,885f2a2d318d73986ac8e0c4c8d966a1e48ddf6ec1c8ee8ad6e04098699b0cac,Use the risk chain before naming a control,7ae4a3a6bebd69754c48e65d9dd02b16e012747096452dff5e6240571c3e4a52,process-or-arrow,Reviewed,Reviewed,Approved,None,High,,,NotApplicable,Stage 6 fresh current-pixel forward/reverse review; old Approved not imported; see remediation-v2-stage6-image-review.json
064,concept,stage10-lesson-064-concept.jpg,e02ef92126a95a570c0f993b682aae5e39ab28096b037403a413a8da5ac69636,Malware is malicious software; social engineering manipulates people,f392ab6ce5f5623b417e755baa19b3a26da4ab6eed9be9bec9c4070e38ca7c4c,conceptual,Reviewed,Reviewed,Approved,None,High,,,NotApplicable,Stage 6 fresh current-pixel forward/reverse review; old Approved not imported; see remediation-v2-stage6-image-review.json
064,controls,stage10-lesson-064-controls.jpg,1ad4aa6c77990af576f79b00d35fe3cd98f17c5cbed136e517c47cec729e5b68,"Match controls to mechanism, not just the word ""malware""",bc1ab1fba0996a1592caadeaa92f35a6f0ee8730d5dfc792579cf3e9707fe36d,conceptual,Reviewed,Reviewed,Approved,None,High,,,NotApplicable,Stage 6 fresh current-pixel forward/reverse review; old Approved not imported; see remediation-v2-stage6-image-review.json
064,ransomware,stage10-lesson-064-ransomware.jpg,cd145077d647b611c320f1e69654615fae42bfbb587255349ab3b3bba59e2ab1,Ransomware denies access by encrypting or locking data,730ed242059eea40f6c26abf962102e86b8d6c6da66f007bb88b2ceeea473f9c,process-or-arrow,Reviewed,Reviewed,Approved,None,High,,,NotApplicable,Stage 6 fresh current-pixel forward/reverse review; old Approved not imported; see remediation-v2-stage6-image-review.json
064,social,stage10-lesson-064-social.jpg,60f92db84381e805fb78415225f50ffe3baa8cf042ca3bfcb751b21d02c3417f,Social engineering exploits people rather than code,ebe445389799e0e0214b78f06400a848453102fa7de9286fce20f2048a2f40cd,conceptual,Reviewed,Reviewed,Approved,None,High,,,NotApplicable,Stage 6 fresh current-pixel forward/reverse review; old Approved not imported; see remediation-v2-stage6-image-review.json
064,spyware,stage10-lesson-064-spyware.jpg,ea11428f2bca810377b6c5514a7e10ea13e92745181f8e8dda9e9611bbe17558,Spyware secretly monitors activity or collects data,61a7da292f57663571d3ec748e40a95063933b6beaebe9f180698255e6c2cc01,conceptual,Reviewed,Reviewed,Approved,None,High,,,NotApplicable,Stage 6 fresh current-pixel forward/reverse review; old Approved not imported; see remediation-v2-stage6-image-review.json
064,trojan,stage10-lesson-064-trojan.jpg,db74753b625d074bb03a21ab7270a1d78f350220f7de365f9f21d6e293d8167b,Trojan: malicious code disguised as legitimate software,1438f7922043365f55b5ed2f5c56648fb16409a70232d02ed366b334414b140f,conceptual,Reviewed,Reviewed,Approved,None,High,,,NotApplicable,Stage 6 fresh current-pixel forward/reverse review; old Approved not imported; see remediation-v2-stage6-image-review.json
064,virus,stage10-lesson-064-virus.jpg,3d6e717e38413e8613f0b67125bafc71dadb9a055ff35b2d7fbeb59a74ab74e4,"Virus and worm: both can spread, but not in the same way",1cfdbd6e6bf016719aa835e25a77168a06028977dea00ca83a3db88c13a6ef07,conceptual,Reviewed,Reviewed,Approved,None,High,,,NotApplicable,Stage 6 fresh current-pixel forward/reverse review; old Approved not imported; see remediation-v2-stage6-image-review.json
065,compare,stage10-lesson-065-compare.jpg,d071c4ce710b521adbec71d225f67b08199c418bfbe5aa66037257de68da104d,Compare by route and result,0f4dd935dd4ab682825c3ba2e66247fee110b4aa006109c759bd5ed971fa3b49,process-or-arrow,Reviewed,Reviewed,Approved,None,High,,,NotApplicable,Stage 6 fresh current-pixel forward/reverse review; old Approved not imported; see remediation-v2-stage6-image-review.json
065,controls,stage10-lesson-065-controls.jpg,304b191e90c5af78b44e60a1394116af330139c29d28818dc0b218f379bd5ad9,Controls must fit the attack route,aecb40b2b9eb8728bb630f9c063e5cb139aacae4aa8c0aa23183195adcd75ac6,process-or-arrow,Reviewed,Reviewed,Approved,None,High,,,NotApplicable,Stage 6 fresh current-pixel forward/reverse review; old Approved not imported; see remediation-v2-stage6-image-review.json
065,core,stage10-lesson-065-core.jpg,3c895ecf83552c397cf4ad3d92888acbfde9f550e73de7f4a3e6ac3ae58e068a,"Start from mechanism, then discuss impact",68506657224285adb3c4e5419b72d9ef61841751ee7684e26be95491a850f29c,process-or-arrow,Reviewed,Reviewed,Approved,None,High,,,NotApplicable,Stage 6 fresh current-pixel forward/reverse review; old Approved not imported; see remediation-v2-stage6-image-review.json
065,dos,stage10-lesson-065-dos.jpg,fdb9b92f1a0d2a94d9e1dc6fb3ab412d6f87baec52321c866ceae889172835c3,Denial-of-service: making a service unavailable,fed08a7a38c8145f20725a960543d62c94b1ef559c7dce27f60500e9564e16b2,conceptual,Reviewed,Reviewed,Approved,None,High,,,NotApplicable,Stage 6 fresh current-pixel forward/reverse review; old Approved not imported; see remediation-v2-stage6-image-review.json
065,hacking,stage10-lesson-065-hacking.jpg,8341cd2dcbd8abb08ca48d3b6707462760291e44189e9ab5834bfe1822ff3140,Hacking: gaining unauthorised access to a system or data,61881f8f09c76f8e7b40ac4efe722135862df50bb9a08b8d1b7cc7390a5cbe8c,conceptual,Reviewed,Reviewed,Approved,None,High,,,NotApplicable,Stage 6 fresh current-pixel forward/reverse review; old Approved not imported; see remediation-v2-stage6-image-review.json
065,pharming,stage10-lesson-065-pharming.jpg,85488f46ac85872bf3ba0d955a86555df5669f74f6ea21096b11a0bc8af81b24,Pharming: redirecting users to a fake website,223b440b938027a9eaf0feeb87c89b7c8ae4804846a7cd4d66ed563378d9a112,conceptual,Reviewed,Reviewed,Approved,None,High,,,NotApplicable,Stage 6 fresh current-pixel forward/reverse review; old Approved not imported; see remediation-v2-stage6-image-review.json
065,phishing,stage10-lesson-065-phishing.jpg,1f374fdae2f756a17f40f0b7a272473a1df71100f6e08be27ba0c1f9ee8f6831,Phishing: tricking users into revealing information or visiting a fake page,6d801ccb0f6b5dcbe387bb4bba103055c433e3437da02154aec6d9689d9ca960,conceptual,Reviewed,Reviewed,Approved,None,High,,,NotApplicable,Stage 6 fresh current-pixel forward/reverse review; old Approved not imported; see remediation-v2-stage6-image-review.json
066,biometrics,stage10-lesson-066-biometrics.jpg,b2aa2cdc8d1d88503ea3d11f9079e02d6f088e8e7d3c2bb6bb7915d7014401ef,Biometrics: convenient identity evidence from physical or behavioural features,3356a4899d156746390cab774b6cec00b5fda9a514db85460ec1b41a4035cb1c,conceptual,Reviewed,Reviewed,Approved,None,High,,,NotApplicable,Stage 6 fresh current-pixel forward/reverse review; old Approved not imported; see remediation-v2-stage6-image-review.json
066,compare,stage10-lesson-066-compare.jpg,243af2a23ac64fce7579c1f5a5b9938d16920134b5e7e8910ab417b54c0cb822,"Compare methods by evidence, risk and context",48849d10b5f7c383216866c88b06642dca30998e081a6c532786ee259b79ceae,conceptual,Reviewed,Reviewed,Approved,None,High,,,NotApplicable,Stage 6 fresh current-pixel forward/reverse review; old Approved not imported; see remediation-v2-stage6-image-review.json
066,core,stage10-lesson-066-core.jpg,3ac183b4d9a4dc89b79f75af07598a023c5b006b8bb092425db30c5bf6b2774d,Authentication is identity checking,79515134ce866f9b460c3738bb9d64b6af39ff98fd995642750f513bab809fe8,conceptual,Reviewed,Reviewed,Approved,None,High,,,NotApplicable,Stage 6 fresh current-pixel forward/reverse review; old Approved not imported; see remediation-v2-stage6-image-review.json
066,factors,stage10-lesson-066-factors.jpg,b0c2e8abc6e28df0bb7269c6af94fa5625b8104ad747aa05299848cdada86f12,"Authentication factors: know, have, are",219b55f57ac129834a22768d70daa6f1f6f75d17f648eed55f9329786220b70a,conceptual,Reviewed,Reviewed,Approved,None,High,,,NotApplicable,Stage 6 fresh current-pixel forward/reverse review; old Approved not imported; see remediation-v2-stage6-image-review.json
066,mfa,stage10-lesson-066-mfa.jpg,8f79451e76b15bbe84a29d7f700a2aae4fd684ce8b230f3b335c8414378b96eb,MFA combines different factor types,8d5cb4541b8be3fd5b9c1ce869ffc4bd3c34632b1690a7f729ffa16f4e020318,conceptual,Reviewed,Reviewed,Approved,None,High,,,NotApplicable,Stage 6 fresh current-pixel forward/reverse review; old Approved not imported; see remediation-v2-stage6-image-review.json
066,password-tool,stage10-lesson-066-password-tool.jpg,6c98a3c3ce3171582fdbe7e1731d39ee947445377c59e33d7ae2c44d72d8c86c,Estimate password quality without collecting real passwords,b49446b03ccaf423a10e67d909a8bdff2fd5a38bebbb3b514dee7bbb9213f96c,conceptual,Reviewed,Reviewed,Approved,None,High,,,NotApplicable,Stage 6 fresh current-pixel forward/reverse review; old Approved not imported; see remediation-v2-stage6-image-review.json
066,passwords,stage10-lesson-066-passwords.jpg,975251137e6330ee96a20e0e551dedacf56c835f2df974f4f8bafb0cfc3c1abe,"Passwords: cheap, familiar and often ruined by humans",6704b52d4320ba20caf095512a1651bdca220ea80b60b1560de723b83d4dc261,conceptual,Reviewed,Reviewed,Approved,None,High,,,NotApplicable,Stage 6 fresh current-pixel forward/reverse review; old Approved not imported; see remediation-v2-stage6-image-review.json
066,tokens,stage10-lesson-066-tokens.jpg,bf6b20e62d36f34d8a892597222b9d85e75d5176cb62278a55193cc3fb21a0ab,Tokens: proof that the user has a specific device or object,8a126cb5431f3069d84e1d884c79471bec51d74d703d336620a8d35b4f8ed310,conceptual,Reviewed,Reviewed,Approved,None,High,,,NotApplicable,Stage 6 fresh current-pixel forward/reverse review; old Approved not imported; see remediation-v2-stage6-image-review.json
067,controls,stage10-lesson-063-controls.jpg,1bdf2417bb11b5f0f61ba58f5d37323b37834cb069b2242cb9daeb8afe6f63dd,"One control can support more than one goal, but not every goal",f6f66f2e69efd1086a2675549029ad0aec9e421dbcda3d15f39b81744bf4b40c,process-or-arrow,Reviewed,Reviewed,Approved,None,High,,,NotApplicable,Stage 6 fresh current-pixel forward/reverse review; old Approved not imported; see remediation-v2-stage6-image-review.json
067,core,stage10-lesson-067-core.jpg,717608c3979f9846d236181e59a8f7bad8740f21fe2ac964566e7b8ebef2f2db,Access control decides what authenticated users may do,88e675614b739dce629b768b95dbf5969933a9f742a1ea8ff55704f2cbac31c8,process-or-arrow,Reviewed,Reviewed,Approved,None,High,,,NotApplicable,Stage 6 fresh current-pixel forward/reverse review; old Approved not imported; see remediation-v2-stage6-image-review.json
067,least,stage10-lesson-067-least.jpg,a1ee54fd047ba457897c2365ef0b884ee71b72032efe69a76581766cf1dc94ee,Least privilege reduces unnecessary damage,9b04df2cf3294a385990a38f7e8864b1bfcf41dbbfa8795807011d85f858f854,conceptual,Reviewed,Reviewed,Approved,None,High,,,NotApplicable,Stage 6 fresh current-pixel forward/reverse review; old Approved not imported; see remediation-v2-stage6-image-review.json
067,matrix,stage10-lesson-067-matrix.jpg,8fceadc33340068908d9e291350dd4bc52ea2294250e037c6a20bae9e520e8e1,A permission matrix makes access decisions visible,c22c3b67f3aed92f9001c8fe16ba638e992423a74da2f5af2f97203b14c1f13c,conceptual,Reviewed,Reviewed,Approved,None,High,,,NotApplicable,Stage 6 fresh current-pixel forward/reverse review; old Approved not imported; see remediation-v2-stage6-image-review.json
067,review,stage10-lesson-067-review.jpg,239ac7b77ced35fa667083e3ba8970a95a00e2e644cda904f8846e58a453af22,"Permissions need review, not just setup day optimism",047bcf9cc5d6cfab38eda0f818d449844a22b6e7933b120b64d94b943501fbe7,conceptual,Reviewed,Reviewed,Approved,None,High,,,NotApplicable,Stage 6 fresh current-pixel forward/reverse review; old Approved not imported; see remediation-v2-stage6-image-review.json
067,rights,stage10-lesson-067-rights.jpg,7f13ecc8a73f6dcf24655625c33259ec412de5cc77c377952f7bc69c55206ee6,Common permission types,2cb5551678207cae76665ef277dc3911dec38af90a7e3f6d64c576afa5750cc0,conceptual,Reviewed,Reviewed,Approved,None,High,,,NotApplicable,Stage 6 fresh current-pixel forward/reverse review; old Approved not imported; see remediation-v2-stage6-image-review.json
067,users,stage10-lesson-067-users.jpg,1caed43d0bcddb03381d77cb506f8ad9d56fb400be1a722f259b5ca56aa69181,"Users, groups and roles keep permissions manageable",0c222db048cfb1d610786222cff997de271edc7f88b2e926ecf509c628716be3,conceptual,Reviewed,Reviewed,Approved,None,High,,,NotApplicable,Stage 6 fresh current-pixel forward/reverse review; old Approved not imported; see remediation-v2-stage6-image-review.json
068,certificates,stage10-lesson-068-certificates.jpg,a6a12235be5adfa5887f602c1582bde729fa41e0fed0cd80a6a8bce6f3597d86,How a certificate supports trust,4776e4f49336c974949428afae1886240e6be8582c760f56996c4ea13b46afa8,process-or-arrow,Reviewed,Reviewed,Approved,None,High,,,NotApplicable,Stage 6 fresh current-pixel forward/reverse review; old Approved not imported; see remediation-v2-stage6-image-review.json
068,compare,stage10-lesson-068-compare.jpg,e7b4f1d179549ff35227b171d55b65b01776f33fb637d512016a9119caae81bb,How the required property chooses the method,ef9dbab2a993ce8fd72be6fa25aba35d851971dd5e1056db7a43cfc6458ffd89,conceptual,Reviewed,Reviewed,Approved,None,High,,,NotApplicable,Stage 6 fresh current-pixel forward/reverse review; old Approved not imported; see remediation-v2-stage6-image-review.json
068,core,stage10-lesson-068-core.jpg,7c9bf7b9044de3ef715fdd880e832b43ba42b58aea31d25354c842932461237f,Why security methods cannot substitute,9d49fbb9afaccfe0e1775ba4c90f0597156d7df45b394aa8c9a86767b065be63,conceptual,Reviewed,Reviewed,Approved,None,High,,,NotApplicable,Stage 6 fresh current-pixel forward/reverse review; old Approved not imported; see remediation-v2-stage6-image-review.json
068,encryption,stage10-lesson-068-encryption.jpg,afafc04375c5609d3af7c9bf7347ef7ebf69747b72f3f989e0b2d9f46036abe1,How encryption protects confidentiality,877c966553b4ca6d8f6ceaee7899a3259c83daecd232f6201b911bf04baa8852,process-or-arrow,Reviewed,Reviewed,Approved,None,High,,,NotApplicable,Stage 6 fresh current-pixel forward/reverse review; old Approved not imported; see remediation-v2-stage6-image-review.json
068,hashing,stage10-lesson-068-hashing.jpg,3e96cadceff2a2f43d6858f27595dbfb02308d91dee6a3facab7625c7ee7b3dc,Why a hash supports comparison,ca43a319e87b9790b52190ed650d2e5abb833c6f818dbf49933d36c57682df0a,process-or-arrow,Reviewed,Reviewed,Approved,None,High,,,NotApplicable,Stage 6 fresh current-pixel forward/reverse review; old Approved not imported; see remediation-v2-stage6-image-review.json
068,https,stage10-lesson-068-https.jpg,b6d828a3720364040dc81f37c9a27ea37e4db22a482c9af01d511822fa70f01e,How HTTPS combines trust and privacy,248fd4a0ae200b18361c2fd6a33d393124d616cdd89063d089a3d13de80e7c91,process-or-arrow,Reviewed,Reviewed,Approved,None,High,,,NotApplicable,Stage 6 fresh current-pixel forward/reverse review; old Approved not imported; see remediation-v2-stage6-image-review.json
068,keys,stage10-lesson-068-keys.jpg,023eabb1d6bcf5984c307d5a10f127b9a55378390c71eaa86407199b75ca73e3,Why key ownership changes capability,c3cdf9711f8b5aefcbb65b5aa43c6d83acc1dfca7b61796c559b0d5c61f5228b,conceptual,Reviewed,Reviewed,Approved,None,High,,,NotApplicable,Stage 6 fresh current-pixel forward/reverse review; old Approved not imported; see remediation-v2-stage6-image-review.json
069,core,stage10-lesson-069-core.jpg,c2d7c084b2510d1e9251fa33db8ede395269226f8301205ca5992d25872776e1,Network controls sit between traffic and risk,ad94522cd7e523e6d435091c1b1e15df47441f543e54d35be09a9d8c72873557,conceptual,Reviewed,Reviewed,Approved,None,High,,,NotApplicable,Stage 6 fresh current-pixel forward/reverse review; old Approved not imported; see remediation-v2-stage6-image-review.json
069,event-tool,stage10-lesson-069-event-tool.jpg,4dd41a027fa53b50f510427178b9bac18af8d13603c5466ac3771fb380432427,Which control is most relevant?,76ffee36c12e8d4666bc4c63f1af90cb9d4763b13296849667896f7b80e7c0b6,conceptual,Reviewed,Reviewed,Approved,None,High,,,NotApplicable,Stage 6 fresh current-pixel forward/reverse review; old Approved not imported; see remediation-v2-stage6-image-review.json
069,firewall,stage10-lesson-069-firewall.jpg,4c54176635ccc3398f03582670b650bfb9c113d35dd268f607a5057c6e44aed7,Firewalls filter traffic using rules,fbd525ba5b2b81375cdb0b294370a7a28caac5d03e47b16189d44079d6c9c88d,formula-or-state,Reviewed,Reviewed,Approved,None,High,,,NotApplicable,Stage 6 fresh current-pixel forward/reverse review; old Approved not imported; see remediation-v2-stage6-image-review.json
069,limits,stage10-lesson-069-limits.jpg,5688568b1e4654fa88776c5a19ff2e6a55d9a34186a6d63241da5de9322ef3bb,Controls reduce risk but have limits,4e5c04ee2bb4e132ae70bcce9c80ae7b1e42773dd686b40eb0ddff0d57d1b6fb,conceptual,Reviewed,Reviewed,Approved,None,High,,,NotApplicable,Stage 6 fresh current-pixel forward/reverse review; old Approved not imported; see remediation-v2-stage6-image-review.json
069,monitoring,stage10-lesson-069-monitoring.jpg,5abaa1977e11cc7f5244aec3dc1cde8df8eafe6b8d35bbe563a16e1eab10b4ca,Network monitoring watches for patterns and evidence,83df2f62548eaad8172da093a91a55321d7bf4613340c9ab6be21513cfc7badc,conceptual,Reviewed,Reviewed,Approved,None,High,,,NotApplicable,Stage 6 fresh current-pixel forward/reverse review; old Approved not imported; see remediation-v2-stage6-image-review.json
069,proxy,stage10-lesson-069-proxy.jpg,c36663dab448705041a6636251e142214e34a7cfb04daa3223c306253bb3bd21,A proxy acts as an intermediary,bd74836b7744b92f8d69767efdcd5cc3787a534c59305dc31ebf0787fd773703,conceptual,Reviewed,Reviewed,Approved,None,High,,,NotApplicable,Stage 6 fresh current-pixel forward/reverse review; old Approved not imported; see remediation-v2-stage6-image-review.json
069,rules,stage10-lesson-069-rules.jpg,b729cc79fd4aa5ccd073003f87393b31943a6369d36ac4a386f45f934e760717,Firewall rules should be specific and ordered,012717dfdfdb2d46627cc88042fba7a6ccbdd39951fa5a7280e63d2d65389775,numeric,Reviewed,Reviewed,Approved,None,High,,,NotApplicable,Stage 6 fresh current-pixel forward/reverse review; old Approved not imported; see remediation-v2-stage6-image-review.json
070,checks,stage10-lesson-070-checks.jpg,f4c24a2c4e514e4774bfb09b28a5bd7efee90ddbf65793ef1c22f5395100d90d,Common validation checks,b68cb0a1fb0747884f18335213abcdec329c3f44dbda3268d88cbdbc459d8848,conceptual,Reviewed,Reviewed,Approved,None,High,,,NotApplicable,Stage 6 fresh current-pixel forward/reverse review; old Approved not imported; see remediation-v2-stage6-image-review.json
070,compare,stage10-lesson-070-compare.jpg,12e3f2d7e9f229bec2250a6698d9c22a58710703f2a14da2f8b440c6bf8bc84d,"Validation and verification are partners, not synonyms",4198149fe50ef21730a4f617bf5708a20523ed34b11d942bda72a56131ca605f,numeric;process-or-arrow,Reviewed,Reviewed,Approved,None,High,,,NotApplicable,Stage 6 fresh current-pixel forward/reverse review; old Approved not imported; see remediation-v2-stage6-image-review.json
070,core,stage10-lesson-070-core.jpg,36d4a698258a8d54a33f1265659507936b7b76449882745e7c5fd84eb53a8379,Validation and verification protect data quality in different ways,8b8374ab41313cc8b46111ebd4a33c47399c1df2153492fcbfa1bd8f5ae255a4,process-or-arrow,Reviewed,Reviewed,Approved,None,High,,,NotApplicable,Stage 6 fresh current-pixel forward/reverse review; old Approved not imported; see remediation-v2-stage6-image-review.json
070,limits,stage10-lesson-070-limits.jpg,597f9bbbd7eb7dcf04c0f051d2d1ef12c6d39abbfbf27ff5aca7d335e1f594b8,Neither method guarantees truth,f559f0baed05c0e70b0212747dc918cf434f8238de7f636ab436d9eb239d9ad6,process-or-arrow,Reviewed,Reviewed,Approved,None,High,,,NotApplicable,Stage 6 fresh current-pixel forward/reverse review; old Approved not imported; see remediation-v2-stage6-image-review.json
070,validation,stage10-lesson-070-validation.jpg,afc05efc945d2dd06e3abf3dd49fef532db527867a4b9d7dc19c166ac313a8d4,Validation checks whether data obeys a rule,1f515cf7727e82170809088df4f10017e15631b50fc2c499c0e4901b02c0e05b,process-or-arrow,Reviewed,Reviewed,Approved,None,High,,,NotApplicable,Stage 6 fresh current-pixel forward/reverse review; old Approved not imported; see remediation-v2-stage6-image-review.json
070,verification,stage10-lesson-070-verification.jpg,19e3d24db87a35eb289afc7573f9e8ab5c9968d1dda0bf837e6b404e55197e19,Verification checks accuracy against the source,501564274a0c13795deff6ae9a3c03fd0b4d14ec2b1a610fc9be35bfc20c6910,formula-or-state,Reviewed,Reviewed,Approved,None,High,,,NotApplicable,Stage 6 fresh current-pixel forward/reverse review; old Approved not imported; see remediation-v2-stage6-image-review.json
070,verify-tool,stage10-lesson-070-verify-tool.jpg,48a21c36772fcf620e11858586f7cb738f348f260d9a49a4d603fb13505e5847,Which verification method fits?,cc1fefa9794a3c33bd677072c1bda63ad8bafe77437f151403564da15e9adf24,conceptual,Reviewed,Reviewed,Approved,None,High,,,NotApplicable,Stage 6 fresh current-pixel forward/reverse review; old Approved not imported; see remediation-v2-stage6-image-review.json
071,audit-trails,stage10-lesson-071-audit-trails.jpg,8ce1a41ed67b7c2129de6b20b5f534bcbdee629fb3c8f9a3186a5c92128bf911,Audit trails support accountability and investigation,7ebb34baa07fadfe07e2490508e50d263e4a002074444c90e81559b31da6e930,formula-or-state;process-or-arrow,Reviewed,Reviewed,Approved,None,High,,,NotApplicable,Stage 6 fresh current-pixel forward/reverse review; old Approved not imported; see remediation-v2-stage6-image-review.json
071,backups,stage10-lesson-071-backups.jpg,4c736a160f3a0921b874061f61fb14f07f78b329d1c6242f3211c4f482121c9b,"Backup type affects speed, storage and recovery complexity",2ca77825325db612c861648e6fe55e5a3764c6ed2cc6f3c03d4fcfc0e14ef912,conceptual,Reviewed,Reviewed,Approved,None,High,,,NotApplicable,Stage 6 fresh current-pixel forward/reverse review; old Approved not imported; see remediation-v2-stage6-image-review.json
071,compare,stage10-lesson-071-compare.jpg,3972cad4feebad9c1f354a384d99c9a3f4ff183a07002244cf8f583e11102ac7,"Compare by purpose, not by ""security word""",3e96a71a4235ea51f8d503c8ff1e26811fc7e97e7ef79d6ded4d51772ebfaca9,process-or-arrow,Reviewed,Reviewed,Approved,None,High,,,NotApplicable,Stage 6 fresh current-pixel forward/reverse review; old Approved not imported; see remediation-v2-stage6-image-review.json
071,core,stage10-lesson-071-core.jpg,6128ffe09f04da7db25642f7672f5197d106a48f6f88f28f66103ee49ff798a8,"Recovery planning is about availability, integrity and accountability",a53e04dc4575ebb3bba229d899e97e1e19f13d16e05e5c2252fc695f509c37bb,process-or-arrow,Reviewed,Reviewed,Approved,None,High,,,NotApplicable,Stage 6 fresh current-pixel forward/reverse review; old Approved not imported; see remediation-v2-stage6-image-review.json
071,recovery,stage10-lesson-071-recovery.jpg,f47ade1ce30aa853abb34998b699e9e00065fadbb4bfc1b4095a13a4f082f70f,Disaster recovery is more than data copying,0434ae49a1fe3c3f8f52a52721bcf640d765778c0896cce4d808dc1dc2e8f673,numeric;formula-or-state,Reviewed,Reviewed,Approved,None,High,,,NotApplicable,Stage 6 fresh current-pixel forward/reverse review; old Approved not imported; see remediation-v2-stage6-image-review.json
071,rpo-tool,stage10-lesson-071-rpo-tool.jpg,862ed5b335f3f6af5560f8dc9c159818d3c7c8add7349af52f69bedaa4c6e4e9,Match backup frequency to acceptable data loss,2a3984411d79218f3fe927b5eb48d66a701f17f4c5dc239190e6a6b32bb9506e,conceptual,Reviewed,Reviewed,Approved,None,High,,,NotApplicable,Stage 6 fresh current-pixel forward/reverse review; old Approved not imported; see remediation-v2-stage6-image-review.json
071,strategy,stage10-lesson-071-strategy.jpg,80f3d955b730e8a763776040fc4bd4b37ae4831083aabcaa6992e18ad170b2e0,"A strategy defines location, frequency, retention and security",138ed464706bf3c4df48868efeac0a3e5a33b699c697718fcb69f61976fc89f6,conceptual,Reviewed,Reviewed,Approved,None,High,,,NotApplicable,Stage 6 fresh current-pixel forward/reverse review; old Approved not imported; see remediation-v2-stage6-image-review.json
072,compare,stage10-lesson-072-compare.jpg,7d7691035943c3d7efdb635d86c90924783017933e66c84ecf50895262840552,Similar-looking controls: choose by mechanism,e7bd66a1feae0fcc5df091d140c37a669cb617a2b640607e0f5638c6c353ae02,conceptual,Reviewed,Reviewed,Approved,None,High,,,NotApplicable,Stage 6 fresh current-pixel forward/reverse review; old Approved not imported; see remediation-v2-stage6-image-review.json
072,controls,stage10-lesson-072-controls.jpg,df62a461edbe1faf2d97f57ee6cbe08318277881cce8528610d03026c84e7d9d,Controls have different jobs,ae685976def2b7c793c9252c4430daf4a39ac389143bef81062b076f2e026e92,conceptual,Reviewed,Reviewed,Approved,None,High,,,NotApplicable,Stage 6 fresh current-pixel forward/reverse review; old Approved not imported; see remediation-v2-stage6-image-review.json
072,diagnostic,stage10-lesson-072-diagnostic.jpg,0e815296e2cb8b6ea5524a3222bc0c3e30496f01c5105a6ffa0fb2c580d8965d,Identify the risk family first,bf36d83ace4809e724a35244aa351fd9ffe473d7452e4117fc6641396dcafb3c,process-or-arrow,Reviewed,Reviewed,Approved,None,High,,,NotApplicable,Stage 6 fresh current-pixel forward/reverse review; old Approved not imported; see remediation-v2-stage6-image-review.json
072,matcher,stage10-lesson-072-matcher.jpg,10df7b567e068df302cdddfa4a0d22db8f2c601666bd859c3759417cb3e62af5,Select the best control for the scenario,bc66796e38195e981f6259bd3e9cbe9c4036ecd2528000813cb297a9784601e8,conceptual,Reviewed,Reviewed,Approved,None,High,,,NotApplicable,Stage 6 fresh current-pixel forward/reverse review; old Approved not imported; see remediation-v2-stage6-image-review.json
072,method,stage10-lesson-072-method.jpg,4cbb1cb629faf874bd3d51de5f3f6de36852493119c4e806f44ba8ebcaf54bef,Use the four-part answer chain,ec2e6b756a20bfd45ec8f1fe2b09cbed98c2a07f3058630c2fc65a807a020bfb,numeric,Reviewed,Reviewed,Approved,None,High,,,NotApplicable,Stage 6 fresh current-pixel forward/reverse review; old Approved not imported; see remediation-v2-stage6-image-review.json
072,review-map,stage10-lesson-072-review-map.jpg,91cfef4be0efda5c1347c1a3744a9e2a17091b9f7b0ce25fc0435dd7f28b675b,Section 6 review map: risk families and likely controls,fed8b7c1be3baec89a7fb00f68fbdd20908df74fd9be93f082a1b9c1b18d70fd,numeric,Reviewed,Reviewed,Approved,None,High,,,NotApplicable,Stage 6 fresh current-pixel forward/reverse review; old Approved not imported; see remediation-v2-stage6-image-review.json
073,ethics,stage10-lesson-073-ethics.jpg,961b467683f8c07b320cff74aee75f9cba1dadd2333920d978d151459a2192c1,Ethics is about responsible decision-making,8604bb70759dfc3bc35138be0d9386e76f2bea75930d39ae2984af5a5181b2cf,conceptual,Reviewed,Reviewed,Approved,None,High,,,NotApplicable,Stage 6 fresh current-pixel forward/reverse review; old Approved not imported; see remediation-v2-stage6-image-review.json
073,mapper,stage10-lesson-073-mapper.jpg,a5753f4205bcfee90ceb0e8e58661ba44a090479c2ad1c02d26bcd27a99d23a9,"Map a decision to stakeholders, benefits and concerns",484ff129155b5b577996aab4fa9e060609b694f72433fd4f3f1602f51ac67e29,conceptual,Reviewed,Reviewed,Approved,None,High,,,NotApplicable,Stage 6 fresh current-pixel forward/reverse review; old Approved not imported; see remediation-v2-stage6-image-review.json
073,method,stage10-lesson-073-method.jpg,7641ce2a8d76820a88635ed02cfa4ed4b6ad6820e34a567d536daf731fb59a4e,Use a balanced evaluation structure,c73b2ae739053a2604e27fb9abeb58b30b013cb7c8df2130dacc3494bbca102d,numeric,Reviewed,Reviewed,Approved,None,High,,,NotApplicable,Stage 6 fresh current-pixel forward/reverse review; old Approved not imported; see remediation-v2-stage6-image-review.json
073,stakeholders,stage10-lesson-073-stakeholders.jpg,62c4461d6ba8a8dd8755476c43a90bb72d975d1be2abdb5e42edf72e8be3d6b1,Ethical answers start with stakeholders,d7ac289c042fc5655aca14cc8164ae0b4fbae427600011eb6476b72542fe14db,conceptual,Reviewed,Reviewed,Approved,None,High,,,NotApplicable,Stage 6 fresh current-pixel forward/reverse review; old Approved not imported; see remediation-v2-stage6-image-review.json
073,tradeoffs,stage10-lesson-073-tradeoffs.jpg,15982c7298c3371561d443bf026c9baca1666f8e3f0aa74b94e81c3c7da03277,"Most ethical issues are trade-offs, not slogans",7491df6d2ca7f9c51a450f4408bf145d7f94117960bf43ab016815ff2eb13349,conceptual,Reviewed,Reviewed,Approved,None,High,,,NotApplicable,Stage 6 fresh current-pixel forward/reverse review; old Approved not imported; see remediation-v2-stage6-image-review.json
074,checklist,stage10-lesson-074-checklist.jpg,3961f4bcfc3dbd1bcc26cf622e1821589de6f2fd42459d3833e861bbc7ea5c04,Choose a weak policy and see what is missing,fb46a5a98191cbbdb3e8000458b88423dbf4539b000a040a4042b2968a814ef9,conceptual,Reviewed,Reviewed,Approved,None,High,,,NotApplicable,Stage 6 fresh current-pixel forward/reverse review; old Approved not imported; see remediation-v2-stage6-image-review.json
074,method,stage10-lesson-074-method.jpg,351672a1cefaf4fce80911470d86f73e793665448e5f781b92655ff936d17c52,Use a privacy impact answer structure,ead2d19c7333f1e3bd0df0dd84f4ef1a21dc88e53d0bc6683a11157b71cd181e,numeric,Reviewed,Reviewed,Approved,None,High,,,NotApplicable,Stage 6 fresh current-pixel forward/reverse review; old Approved not imported; see remediation-v2-stage6-image-review.json
074,principles,stage10-lesson-074-principles.jpg,d9947e987b6c89689bbca9f70e8251ae37151391be8a2ef21536709bd9ec3146,Good answers link a principle to a concrete risk,17350263db9f492a2891baa8d806b65b688ff1e0ae6ae0286d19df5b1bdde78b,process-or-arrow,Reviewed,Reviewed,Approved,None,High,,,NotApplicable,Stage 6 fresh current-pixel forward/reverse review; old Approved not imported; see remediation-v2-stage6-image-review.json
074,privacy,stage10-lesson-074-privacy.jpg,c11d56b2e7698e0ee434f3e2005a6e6da06054fe5bfe284ee9a17cf2de3c46ca,Privacy is control over personal information,1ea3f3cc742859326cb05bb6af6f1d8ee225c68f11e1c0e37c225c2571f53ccd,conceptual,Reviewed,Reviewed,Approved,None,High,,,NotApplicable,Stage 6 fresh current-pixel forward/reverse review; old Approved not imported; see remediation-v2-stage6-image-review.json
074,protection,stage10-lesson-074-protection.jpg,43e6378f20d50423d2bbb6841e29de6c6dfbff7f75b7e7fca581cbce413659f2,Data protection reduces misuse and unnecessary exposure,4a781dc4788664a151902fe90a6e9c8862cff80320d5fd9850bd4cfcf9e34ead,conceptual,Reviewed,Reviewed,Approved,None,High,,,NotApplicable,Stage 6 fresh current-pixel forward/reverse review; old Approved not imported; see remediation-v2-stage6-image-review.json
074,scanner,stage10-lesson-074-scanner.jpg,6b3501506fa67aa41865fe9ab3b61ab0fe39aa4632a644bce2463ab68efada26,Find the privacy risk in a data collection scenario,86439af18ae5bc4ce9118db9f63245769f4ac5651251efc26e299735d6e4d4b9,conceptual,Reviewed,Reviewed,Approved,None,High,,,NotApplicable,Stage 6 fresh current-pixel forward/reverse review; old Approved not imported; see remediation-v2-stage6-image-review.json
074,surveillance,stage10-lesson-074-surveillance.jpg,dda9638079579a4ae6ac7c7fb2e4c49b0f71f1c60b55e8ba871cc688b372abd3,"Surveillance can protect people, but it changes behaviour and trust",89a22b5568867a36e358c3a13893c66997abc70a492bf71106035237e6613328,conceptual,Reviewed,Reviewed,Approved,None,High,,,NotApplicable,Stage 6 fresh current-pixel forward/reverse review; old Approved not imported; see remediation-v2-stage6-image-review.json
075,compare,stage10-lesson-075-compare.jpg,eeca8466f8f52e6b51cf7d3ee52e0f4dee4e7d03fc6ec8d41f56887cc80a178b,Do not confuse protection type with permission type,3e041c6bd2d9818948a7404ec8458cb8055ddca818b50e54475e2d38fe2736a3,conceptual,Reviewed,Reviewed,Approved,None,High,,,NotApplicable,Stage 6 fresh current-pixel forward/reverse review; old Approved not imported; see remediation-v2-stage6-image-review.json
075,copyright,stage10-lesson-075-copyright.jpg,48c374a3bc0b66beee5dad80a596c545ff2ade4a50c3076da42e4e0f7b894f16,"Copyright protects expression, including software code",6ffb10f49657f30e9e053cf81cbe27c861cc6f48460f054110925b0ee2305cab,conceptual,Reviewed,Reviewed,Approved,None,High,,,NotApplicable,Stage 6 fresh current-pixel forward/reverse review; old Approved not imported; see remediation-v2-stage6-image-review.json
075,ip,stage10-lesson-075-ip.jpg,e5b6372923ad9e75d62e61be56c0deab3064dbcc6e2d848cd86f231544caf99f,What intellectual property can protect,68cd35f1c8060f83676c4fec002c298544d777f44b470b33c60ac35e771c8736,conceptual,Reviewed,Reviewed,Approved,None,High,,,NotApplicable,Stage 6 fresh current-pixel forward/reverse review; old Approved not imported; see remediation-v2-stage6-image-review.json
075,licensing,stage10-lesson-075-licensing.jpg,b75db11ba6041f7db8bfbf5ad003bd27bcb6681e4711feeb2d36171c7e480b59,A licence grants permission under conditions,0d5c8ebd44a10d26e92aa8f8ae319a831ce5925961e3fe61c868b67a07ea0687,conceptual,Reviewed,Reviewed,Approved,None,High,,,NotApplicable,Stage 6 fresh current-pixel forward/reverse review; old Approved not imported; see remediation-v2-stage6-image-review.json
075,matcher,stage10-lesson-075-matcher.jpg,76379225c0f0997161bf7e5738cfe44f72dc097fa36f01d2fff3e183352e19a4,Choose the likely permission issue,2aa8b39a4c1ed4c7d9c8f91a3561bce635738137ccbe8dba13b6f0a3fb5c66e4,conceptual,Reviewed,Reviewed,Approved,None,High,,,NotApplicable,Stage 6 fresh current-pixel forward/reverse review; old Approved not imported; see remediation-v2-stage6-image-review.json
075,patents,stage10-lesson-075-patents.jpg,2439c9c23d999441fca7c4556c333ef4c9522e330facb07beae5f9e55f556cf5,"Patents protect inventions, not every line of code",9595267b74b62976a257cdc0c2d771b5fa8ef4c81e228eb88b83e81d2c79fcc3,process-or-arrow,Reviewed,Reviewed,Approved,None,High,,,NotApplicable,Stage 6 fresh current-pixel forward/reverse review; old Approved not imported; see remediation-v2-stage6-image-review.json
076,advisor,stage10-lesson-076-advisor.jpg,8807a00c4ee60fa8dede87fffa9b7d3afbc0e0908868e24be18d9e39fe83d6b3,Match the software type to the scenario,7b83e7a0a74c402579d41547026bcbc31cf2282b782d2fdfa67ae99ced33b4de,conceptual,Reviewed,Reviewed,Approved,None,High,,,NotApplicable,Stage 6 fresh current-pixel forward/reverse review; old Approved not imported; see remediation-v2-stage6-image-review.json
076,method,stage10-lesson-076-method.jpg,fd3a8240683f2f1821b644d50797843829fc6c657b3f0839238418d280594be5,Use a scenario-based comparison structure,207332bf61cf7e5b8f9bf610dc41525825c0adccb8c06da61a6a5dab0af17f99,numeric,Reviewed,Reviewed,Approved,None,High,,,NotApplicable,Stage 6 fresh current-pixel forward/reverse review; old Approved not imported; see remediation-v2-stage6-image-review.json
076,open-source,stage10-lesson-076-open-source.jpg,dbe4502550267cb62e7cb945f93717389ac10bcc94be6f505776ff1ff970d386,Open-source software makes source code available under a licence,180db3057e6477aa4d3333df6a18aca824dd08bf28efbcd955be1d7e504cf7bd,conceptual,Reviewed,Reviewed,Approved,None,High,,,NotApplicable,Stage 6 fresh current-pixel forward/reverse review; old Approved not imported; see remediation-v2-stage6-image-review.json
076,ownership,stage10-lesson-076-ownership.jpg,5a118011739e44bca9541746500a1a1457b11397a5938762858187fbbd3b65b7,Ownership and licence obligations still matter,7966404a08ea223ed550ef9862150fac6d2b6d20b136ba415c7fbd81b16d55b0,conceptual,Reviewed,Reviewed,Approved,None,High,,,NotApplicable,Stage 6 fresh current-pixel forward/reverse review; old Approved not imported; see remediation-v2-stage6-image-review.json
076,proprietary,stage10-lesson-076-proprietary.jpg,e01244ebcd0c64eba111d51996c9f7e847e113dc70182d449d222d903752b9bf,Proprietary software keeps control with the owner,ea7d60d7b28044fdfc4bd5ec5087eeacd5af081ac5ba55e28abd278c405dd821,conceptual,Reviewed,Reviewed,Approved,None,High,,,NotApplicable,Stage 6 fresh current-pixel forward/reverse review; old Approved not imported; see remediation-v2-stage6-image-review.json
076,tradeoffs,stage10-lesson-076-tradeoffs.jpg,480b9da8d3e30a9166f1c41a7c8aec75da4da201bc09fbd662ea4dea0b8a5cc5,"Compare by factor, not by favourite label",3ebddb0f2e5efd53bfd24028863b30ab576924d14f16edeb76b98af022a01c05,conceptual,Reviewed,Reviewed,Approved,None,High,,,NotApplicable,Stage 6 fresh current-pixel forward/reverse review; old Approved not imported; see remediation-v2-stage6-image-review.json
077,analyser,stage10-lesson-077-analyser.jpg,26427fad831b9d7913a3e25b47fc817ef24c016185fbc9c28727cc25ad9aaa2b,Classify the impact and choose a mitigation,a4fa8e0a6549b53c51142440bf69cc42e4038ab6bca5dd62bc79630b958be18c,conceptual,Reviewed,Reviewed,Approved,None,High,,,NotApplicable,Stage 6 fresh current-pixel forward/reverse review; old Approved not imported; see remediation-v2-stage6-image-review.json
077,digital-divide,stage10-lesson-077-digital-divide.jpg,55240b7647cee80878233a0f94b1ed47b2916a982eb16ebeeb5d6a9e9509b60c,"The digital divide is about access, skills and inclusion",0c4af335e2f8b8095c1660cb5b31ceccada641553a3845be9403a4be45dab333,conceptual,Reviewed,Reviewed,Approved,None,High,,,NotApplicable,Stage 6 fresh current-pixel forward/reverse review; old Approved not imported; see remediation-v2-stage6-image-review.json
077,environment,stage10-lesson-077-environment.jpg,c5564551ca6f025c23518584467b255dd0ddd11c4c48e4e67ff86725a3bcb266,Environmental impacts include energy use and resource consumption,c3a6ef9ceb2a703d0c8683a48d1e6ab06ae39aeea92026484eeef7158294bfc1,conceptual,Reviewed,Reviewed,Approved,None,High,,,NotApplicable,Stage 6 fresh current-pixel forward/reverse review; old Approved not imported; see remediation-v2-stage6-image-review.json
077,ewaste,stage10-lesson-077-ewaste.jpg,3c21347b0f07329d7fd664a0689595746513f47391dfb2abc8767ab004b73687,"E-waste is an ethical issue, not just a rubbish-bin issue",34ad22052023175f69de7e03d6ac5b98bdd7e6c846fa011a99c9f6161eb0d48b,conceptual,Reviewed,Reviewed,Approved,None,High,,,NotApplicable,Stage 6 fresh current-pixel forward/reverse review; old Approved not imported; see remediation-v2-stage6-image-review.json
077,method,stage10-lesson-077-method.jpg,e2f7093cad4a800361a6625f674d6756b8a9be6e504b85711b5181a822050db5,Use a balanced impact structure,1ea4aaa2d6f58838b15a55b62e5300b6e2aab731badc054373512067a6c34390,numeric,Reviewed,Reviewed,Approved,None,High,,,NotApplicable,Stage 6 fresh current-pixel forward/reverse review; old Approved not imported; see remediation-v2-stage6-image-review.json
077,social,stage10-lesson-077-social.jpg,fb769cc0954782feec7e91ab245e37892e3591bd6abdc53f04b9a68e4234aa9e,"Social impacts affect work, communication and daily life",6ff67a8d5a297d8c0b160a20728b9e73b21b949ca662f8d8f235dea6515faec8,conceptual,Reviewed,Reviewed,Approved,None,High,,,NotApplicable,Stage 6 fresh current-pixel forward/reverse review; old Approved not imported; see remediation-v2-stage6-image-review.json
078,compare,stage10-lesson-078-compare.jpg,7e6331574368d54da9ad4b50360c2d859322422ac13d83510dc91b47e3d307ba,Common contrasts that stop vague answers,fbedfd59dc7f75f58d68ca4666d13b90dd246693ee857d71540173517a037f7b,conceptual,Reviewed,Reviewed,Approved,None,High,,,NotApplicable,Stage 6 fresh current-pixel forward/reverse review; old Approved not imported; see remediation-v2-stage6-image-review.json
078,map,stage10-lesson-078-map.jpg,3854c8d4ae4b86717bd61683bf40b790eb191e871a076d99ea785097dbb8a7da,Section 7 topic map,d04a080103069d8ef8ce9f546cf78d5f95e4319a43749b2c66815a9a8efc3622,numeric,Reviewed,Reviewed,Approved,None,High,,,NotApplicable,Stage 6 fresh current-pixel forward/reverse review; old Approved not imported; see remediation-v2-stage6-image-review.json
078,marking,stage10-lesson-078-marking.jpg,17dc5d3e11ff9adb1204e0dd43b7f5ffb324283069f59a3be3d1426dfa061243,What Cambridge-style marking usually rewards,b619396c55d651c13afe439843795afcbeb380504045f715be3f60841e4d39e1,process-or-arrow,Reviewed,Reviewed,Approved,None,High,,,NotApplicable,Stage 6 fresh current-pixel forward/reverse review; old Approved not imported; see remediation-v2-stage6-image-review.json
078,structure,stage10-lesson-078-structure.jpg,7c0aa85752b72850ac7ce01231cc8bc647cbbff3ae3d7f52d4dc25c00e1b5710,The five-part evaluation answer,90ced7d31319f7962d0250e575430664a201ced22be20922796090f0c5178d06,numeric,Reviewed,Reviewed,Approved,None,High,,,NotApplicable,Stage 6 fresh current-pixel forward/reverse review; old Approved not imported; see remediation-v2-stage6-image-review.json
079,compare,stage10-lesson-080-compare.jpg,634108a073be37aa61273c1bf264a9cc662f85eb7608d5125ddec583b1aba036,Flat-file vs relational comparison,7586e9ea961a8092bee56250290a44995cf70dc9085bce09d36e5b2140796ff4,conceptual,Reviewed,Reviewed,Approved,None,High,,,NotApplicable,Stage 6 fresh current-pixel forward/reverse review; old Approved not imported; see remediation-v2-stage6-image-review.json
079,data-info,stage10-lesson-079-data-info.jpg,ac9bae173e670ca5cfbf94282ee06c119b683d8cf075577eee7a5f76ccffa648,Data vs information,4e3102fbe444b71fdb24935c73f7fc1201f85deace910852b69af5b19064df73,numeric;formula-or-state,Reviewed,Reviewed,Approved,None,High,,,NotApplicable,Stage 6 fresh current-pixel forward/reverse review; old Approved not imported; see remediation-v2-stage6-image-review.json
079,database,stage10-lesson-079-database.jpg,2e8566d02abc399b6152f5ba3942950c22ef3ea7e32556682358fb280a7147e8,What is a database?,3f9aa7e20567a951ecadbe61bde6a9cba649f01fbc7f1e7422aaea11578841a7,conceptual,Reviewed,Reviewed,Approved,None,High,,,NotApplicable,Stage 6 fresh current-pixel forward/reverse review; old Approved not imported; see remediation-v2-stage6-image-review.json
079,scenario,stage10-lesson-079-scenario.jpg,43f8d8af5528d1ca3281173c9b7a481d7d5920cf1f2d9936393e9c25f6e5d5fb,Which DBMS feature solves the problem?,461a6fc29882a60a8f93e7bb1e27287e5f1d24d0ae4ff1e9d06cef38df6f0a68,process-or-arrow,Reviewed,Reviewed,Approved,None,High,,,NotApplicable,Stage 6 fresh current-pixel forward/reverse review; old Approved not imported; see remediation-v2-stage6-image-review.json
079,sorter,stage10-lesson-079-sorter.jpg,2ec20bc163e16b15aa33ec446bbdce8672882d888a0a695c95c62e6bb47976b5,"Is it data, information, database, or DBMS?",0628789c537d4814e8cd54f1ad888e195041cbe217d714b58d15e7679ed7d148,process-or-arrow,Reviewed,Reviewed,Approved,None,High,,,NotApplicable,Stage 6 fresh current-pixel forward/reverse review; old Approved not imported; see remediation-v2-stage6-image-review.json
079,terms,stage10-lesson-079-terms.jpg,ed70b6b75817d6014207965479f7433fe30526e9d42e2f2d0c85a7e1d3a74ab6,Core relational words for this lesson,d18dff3417474738e7250367cd8fcdbd46fea08da585283beb4cf10588e10884,conceptual,Reviewed,Reviewed,Approved,None,High,,,NotApplicable,Stage 6 fresh current-pixel forward/reverse review; old Approved not imported; see remediation-v2-stage6-image-review.json
080,anomalies,stage10-lesson-080-anomalies.jpg,8f742a02c89eeef557cc1ffa7d8dd4d008f5f7a3ca4c553f14abce7939aa6892,Why repeated data causes anomalies,1f99339e814110ffa7524aad442c8bffc74efb72b1443ed713db559193afcbb5,conceptual,Reviewed,Reviewed,Approved,None,High,,,NotApplicable,Stage 6 fresh current-pixel forward/reverse review; old Approved not imported; see remediation-v2-stage6-image-review.json
080,flat,stage10-lesson-080-flat.jpg,4ed7b2007722392f488823da77b5204fe4c8c86767543321f83c9abf8aed2405,Flat-file database,e327218cd68e3830368d746b068132fd05cd0304a9899461e3bc1ba318d7bc33,conceptual,Reviewed,Reviewed,Approved,None,High,,,NotApplicable,Stage 6 fresh current-pixel forward/reverse review; old Approved not imported; see remediation-v2-stage6-image-review.json
080,referential,stage10-lesson-082-referential.jpg,3d04428f7c2b27fe8b73dcb0cc1f85a0f74448277bcbacf9fc7316fdcf5dc95b,Referential integrity,3643d77dd5e1da147e7d44e6d7c577f5f4498250743076ed9926ef8290766692,formula-or-state,Reviewed,Reviewed,Approved,None,High,,,NotApplicable,Stage 6 fresh current-pixel forward/reverse review; old Approved not imported; see remediation-v2-stage6-image-review.json
080,relational,stage10-lesson-080-relational.jpg,a57f12242cc4035ae954902a8114caef24f8ee379596ebff97cfde85a25b3f46,Relational database,6bb37d31e8b93eb54809987c58f0b919439a852976451f1557cc33c288d3262b,conceptual,Reviewed,Reviewed,Approved,None,High,,,NotApplicable,Stage 6 fresh current-pixel forward/reverse review; old Approved not imported; see remediation-v2-stage6-image-review.json
081,checkpoint,stage10-lesson-081-checkpoint.jpg,8b0d270f8e60b9071977187cc6ded32ebcb3730e25876176c0b42c5207ba288b,Section 8 basics so far,1579be55088c24487503892e52c0565da7b963523028a3b5aee0c757eea569a2,numeric,Reviewed,Reviewed,Approved,None,High,,,NotApplicable,Stage 6 fresh current-pixel forward/reverse review; old Approved not imported; see remediation-v2-stage6-image-review.json
081,constraint-tool,stage10-lesson-081-constraint-tool.jpg,4860f139930ea2ed230a9d0482a5f3c742f4367a774db3e35ecdbddf43dfca63,Which rule rejects the bad value?,3024b8094d78755b4ad1db8ef492eb9f9ca5cb0bcd5e38168d7b24696eb23d52,conceptual,Reviewed,Reviewed,Approved,None,High,,,NotApplicable,Stage 6 fresh current-pixel forward/reverse review; old Approved not imported; see remediation-v2-stage6-image-review.json
081,constraints,stage10-lesson-081-constraints.jpg,767eba86cd6d28e512d7b8db9cd1522c44b241a0c0465942af16d3da57ec9508,Constraints and validation rules,d6491c7e4ad601c508beedede60c3598ec10591486998eba560f35bf73970cdb,numeric,Reviewed,Reviewed,Approved,None,High,,,NotApplicable,Stage 6 fresh current-pixel forward/reverse review; old Approved not imported; see remediation-v2-stage6-image-review.json
081,dbms,stage10-lesson-079-dbms.jpg,d23e5ff712edf4021002075ef9f1d816702c8484182880e123e676d0f1c2eb0a,What does a DBMS provide?,9094d8f6e0341115f2bdabdce0cd765955d812427a419bd1546b66e841300e72,conceptual,Reviewed,Reviewed,Approved,None,High,,,NotApplicable,Stage 6 fresh current-pixel forward/reverse review; old Approved not imported; see remediation-v2-stage6-image-review.json
081,fields,stage10-lesson-081-fields.jpg,b08329d5ecc450038b3dfdad96135a2e163079b847c78d56cb076e98259ee9ac,Designing fields properly,76fef6e636106f263bb6d15f1abd151bc53782875c91fc6ff0105f08501aa3ff,numeric;process-or-arrow,Reviewed,Reviewed,Approved,None,High,,,NotApplicable,Stage 6 fresh current-pixel forward/reverse review; old Approved not imported; see remediation-v2-stage6-image-review.json
081,normal-forms,stage10-lesson-084-normal-forms.jpg,a895afae0535755bc051f186bed2e76a547b7d75875aa6664da5b02a2a5a1f89,How normal forms remove dependency problems,a3b3d21e5135984ecebac66040545a64b74c569f4d6a5be200780be50cde8778,conceptual,Reviewed,Reviewed,Approved,None,High,,,NotApplicable,Stage 6 fresh current-pixel forward/reverse review; old Approved not imported; see remediation-v2-stage6-image-review.json
081,terms,stage10-lesson-081-terms.jpg,1473db3fe051e59fb2e11d35ea774e0af024b94e2d0ae768b7be8d798e7ac5ac,"Tables, records and fields",2b1e2e30ddcbc7909c5e45fcf1f3fb7158710bb8f25a9303c6eeeb4fdb935f88,numeric,Reviewed,Reviewed,Approved,None,High,,,NotApplicable,Stage 6 fresh current-pixel forward/reverse review; old Approved not imported; see remediation-v2-stage6-image-review.json
081,type-tool,stage10-lesson-081-type-tool.jpg,1b71de75f13f50d7e496c770cc0b3c01e5bf78f90353016f38e8f323692bea15,Choose the best data type,e437965f7a3d6736355e7d8d077db752f7e6628ea3112b1cda60ff500b72e7e7,process-or-arrow,Reviewed,Reviewed,Approved,None,High,,,NotApplicable,Stage 6 fresh current-pixel forward/reverse review; old Approved not imported; see remediation-v2-stage6-image-review.json
081,types,stage10-lesson-081-types.jpg,57f060cafa1560414d96c7d0e2d952ec7e7dd4e002105b317583388d70a53dd8,Common database data types,7d4240188a66faf4b2bcc04660343e2fc56d717a34b3e5e9fb36bdcff1eb15cf,numeric;formula-or-state,Reviewed,Reviewed,Approved,None,High,,,NotApplicable,Stage 6 fresh current-pixel forward/reverse review; old Approved not imported; see remediation-v2-stage6-image-review.json
082,foreign,stage10-lesson-082-foreign.jpg,614d1734e7a572ee9160a3c8bab13f7a479569c7d583ebc44c042cb0de86dfd7,Foreign keys link tables,66daa9bf919c0b6dac6e3cb1b3745d46e85c728847f97b3ea58bb52c7c94a4f0,conceptual,Reviewed,Reviewed,Approved,None,High,,,NotApplicable,Stage 6 fresh current-pixel forward/reverse review; old Approved not imported; see remediation-v2-stage6-image-review.json
082,key-picker,stage10-lesson-082-key-picker.jpg,69a3f5ec141a129262512655c611b0b7f9a28b82c5b1de0f9b18610db808fc4a,Choose the best primary key,bb0ca3a3b40c4ed6dc482566f72ffe93f7a2d82be74f852dbf0796f5f912447c,conceptual,Reviewed,Reviewed,Approved,None,High,,,NotApplicable,Stage 6 fresh current-pixel forward/reverse review; old Approved not imported; see remediation-v2-stage6-image-review.json
082,primary,stage10-lesson-082-primary.jpg,ac3d7d8c60db6bc72700a87566de15fc055988002a60bbae402721a03ee6818b,Primary keys uniquely identify records,1fd5a53129ab1ca22933a8187daa9696c2445a7014ee211e4d7abcf9350880fb,conceptual,Reviewed,Reviewed,Approved,None,High,,,NotApplicable,Stage 6 fresh current-pixel forward/reverse review; old Approved not imported; see remediation-v2-stage6-image-review.json
082,relationship-tool,stage10-lesson-082-relationship-tool.jpg,303a8da31bddb87e1e5ee2cc1304bc0f69d1b27d7f3f031f86199fbbae77907f,Classify the relationship,e0958e8283ca70f14f7ab9c81146701b46a4ee0efaddabfe2cab98cb13cadb69,conceptual,Reviewed,Reviewed,Approved,None,High,,,NotApplicable,Stage 6 fresh current-pixel forward/reverse review; old Approved not imported; see remediation-v2-stage6-image-review.json
082,relationships,stage10-lesson-082-relationships.jpg,4a560a4786b4c408de34c4f2cbfde42d7f8d58277022e8116ef3063fabca4501,Relationships describe how records connect,74975c3b8faddf6407bf50d8573484dc1a67078a7ad54d832620938340731542,conceptual,Reviewed,Reviewed,Approved,None,High,,,NotApplicable,Stage 6 fresh current-pixel forward/reverse review; old Approved not imported; see remediation-v2-stage6-image-review.json
083,attributes,stage10-lesson-083-attributes.jpg,75bc870256a17a605899836281cf8a32b6ac97c86a47a218924eddc7e9ef453f,Attributes describe an entity,1d5ca2fbe1bba40263c08c3fa9229f2c2263d86cff90ba5f0ea75fba121cc515,conceptual,Reviewed,Reviewed,Approved,None,High,,,NotApplicable,Stage 6 fresh current-pixel forward/reverse review; old Approved not imported; see remediation-v2-stage6-image-review.json
083,cardinality,stage10-lesson-083-cardinality.jpg,2ee6c6e7550525f935ace02f21b34ceaddc300e733c6f98894dafb8182b15eb4,Cardinality describes how many records may be linked,ac939223db4a027a3bdda58ddc43a85e32727a00c52bcac2f2929e30361067cb,numeric;formula-or-state,Reviewed,Reviewed,Approved,None,High,,,NotApplicable,Stage 6 fresh current-pixel forward/reverse review; old Approved not imported; see remediation-v2-stage6-image-review.json
083,entities,stage10-lesson-083-entities.jpg,3532e54697fc0ac345ce6f75b7093af6794d7ce99bcfb4fcbe0a9b5bfebc7acf,Entities are things the database stores data about,e18635f5675b2a12cef995e850eb2ac0c2d1f047ab796c551e72d8b5e35c280e,conceptual,Reviewed,Reviewed,Approved,None,High,,,NotApplicable,Stage 6 fresh current-pixel forward/reverse review; old Approved not imported; see remediation-v2-stage6-image-review.json
083,parser,stage10-lesson-083-parser.jpg,fd6284e98665edd6658ebfa20623584bf82ecb7875f5f177dc0cc80442cf9bc0,Identify entities and attributes,990b061b3bbef035c2e3f1e822671549489d6e3d84e239dfd7adb360144183ff,conceptual,Reviewed,Reviewed,Approved,None,High,,,NotApplicable,Stage 6 fresh current-pixel forward/reverse review; old Approved not imported; see remediation-v2-stage6-image-review.json
083,participation,stage10-lesson-083-participation.jpg,9e1e049854b85bf12108016dfe05f75030a56f03fb2d8ff4ff157a792cbdcb20,Optional and mandatory participation,d7a9464cc8bd69a9678d711aab890e5e168926cbbb279c866ff2fba0ad24108d,numeric,Reviewed,Reviewed,Approved,None,High,,,NotApplicable,Stage 6 fresh current-pixel forward/reverse review; old Approved not imported; see remediation-v2-stage6-image-review.json
084,anomalies,stage10-lesson-084-anomalies.jpg,cbee6969a61c3339b1d9ed2a6239f6d263805131b05c8fc51020911f7e188813,Why one structure causes three anomalies,99c7a2960a0124f064890dfacf32a828e8c6151c492c8fba9b00114277c02463,conceptual,Reviewed,Reviewed,Approved,None,High,,,NotApplicable,Stage 6 fresh current-pixel forward/reverse review; old Approved not imported; see remediation-v2-stage6-image-review.json
084,dml,stage10-lesson-088-dml.jpg,69eb4a10218024b591e0c590e04ddec293ac01f22b87bc54e82c7fcb5f12c24c,"INSERT, UPDATE and DELETE are data manipulation commands",6dba1816f0448fb99b7c80f93cedaac6b43a60c1bfe24993c3b5d0df04cf4976,conceptual,Reviewed,Reviewed,Approved,None,High,,,NotApplicable,Stage 6 fresh current-pixel forward/reverse review; old Approved not imported; see remediation-v2-stage6-image-review.json
084,purpose,stage10-lesson-084-purpose.jpg,761a61ba8a2164707cbf0cff7907ece406470d5be018ef96a8e56ac5bbbc9aab,Why normalisation protects consistency,1f75ae1091d943dacf1a8e75d23cc82072d9bc2e47525a92eace054873ae5395,process-or-arrow,Reviewed,Reviewed,Approved,None,High,,,NotApplicable,Stage 6 fresh current-pixel forward/reverse review; old Approved not imported; see remediation-v2-stage6-image-review.json
084,redundancy,stage10-lesson-084-redundancy.jpg,71431f79af9066323cbddb62240d1bf494dad5396c321597a78a7c54030cf6d6,How repeated facts become risky,60650c97de5e74de11e696753e0490088a70804159ebb75ca11f6983f62c773e,process-or-arrow,Reviewed,Reviewed,Approved,None,High,,,NotApplicable,Stage 6 fresh current-pixel forward/reverse review; old Approved not imported; see remediation-v2-stage6-image-review.json
085,clauses,stage10-lesson-085-clauses.jpg,7131441b5f7cc875c117661a3e515f73baa3b425d19d423f0f0d2da54c3dcff3,The three foundation clauses,056469f1e4189311a1ebac591f893f01cff394cbbc8f529d55360adb00f10201,formula-or-state;process-or-arrow,Reviewed,Reviewed,Approved,None,High,,,NotApplicable,Stage 6 fresh current-pixel forward/reverse review; old Approved not imported; see remediation-v2-stage6-image-review.json
085,conditions,stage10-lesson-085-conditions.jpg,700b45553308f5e608aeb30cadaa8ed249bbd7007dc5beebbf2803f7e4c45e77,WHERE conditions and comparison operators,4fd6b60ad8c7c4f5cf31052021d232fd835f8a945f0bc67bbe85cda2d98a59f5,numeric;formula-or-state,Reviewed,Reviewed,Approved,None,High,,,NotApplicable,Stage 6 fresh current-pixel forward/reverse review; old Approved not imported; see remediation-v2-stage6-image-review.json
085,strings,stage10-lesson-085-strings.jpg,4a70d9e2ef41d9702c7cf5af562a8bf790c2d1b5d13fb05123bd98d2cdb6f19e,Text values need quotes; numbers usually do not,9492b280dd4ac8510dabccc8aa0d1377d4931dddac292e5f74030bf902c80b4b,numeric;formula-or-state,Reviewed,Reviewed,Approved,None,High,,,NotApplicable,Stage 6 fresh current-pixel forward/reverse review; old Approved not imported; see remediation-v2-stage6-image-review.json
086,aggregates,stage10-lesson-086-aggregates.jpg,738a17f6ff6c3ce7887bf008a54592bffa9209461affef00a1f5771f58841903,Aggregate functions calculate one summary value,375ccb4791571503ae00c5c3fc23b3daadc1486aa0459ca0924074bbae755d70,process-or-arrow,Reviewed,Reviewed,Approved,None,High,,,NotApplicable,Stage 6 fresh current-pixel forward/reverse review; old Approved not imported; see remediation-v2-stage6-image-review.json
086,groupby,stage10-lesson-086-groupby.jpg,bcc82b3ad4712900e2a0a20e38e0cb454f06a343a3fd59e99f207bca367cbf42,GROUP BY calculates summaries per group,773ca42607398c5bb347391983cc4c67bff917081579fdf914b45b6b3f14666e,conceptual,Reviewed,Reviewed,Approved,None,High,,,NotApplicable,Stage 6 fresh current-pixel forward/reverse review; old Approved not imported; see remediation-v2-stage6-image-review.json
086,join,stage10-lesson-087-join.jpg,4aa3e5e2bf7e03194cf19991b899b90baa36ce283031152ee16e42537060c817,Two-table INNER JOIN with ON,fd2f520e3628b1229d8c9039a0dd7fa397e967369efe02d6366df15592d63e2c,formula-or-state;process-or-arrow,Reviewed,Reviewed,Approved,None,High,,,NotApplicable,Stage 6 fresh current-pixel forward/reverse review; old Approved not imported; see remediation-v2-stage6-image-review.json
086,orderby,stage10-lesson-086-orderby.jpg,bd3561fe982a1fbd36260e2c54bd058c3f9cc653f892716a37818750be933d6c,ORDER BY sorts output rows,b23c67f6d46e0aca42e16aaefcd8b743c5fd1eca2c15810c1392e6995181a086,process-or-arrow,Reviewed,Reviewed,Approved,None,High,,,NotApplicable,Stage 6 fresh current-pixel forward/reverse review; old Approved not imported; see remediation-v2-stage6-image-review.json
087,aliases,stage10-lesson-087-aliases.jpg,9cc31d8ed4fabd6e83321728164a05fe4856e3b5649097ded7d25bc841bc35cc,Table-qualified names and aliases prevent ambiguity,de38b0e1b823b53ab2936e5de6bb218fc955799ba1fe1fe4751c712a94e202c3,process-or-arrow,Reviewed,Reviewed,Approved,None,High,,,NotApplicable,Stage 6 fresh current-pixel forward/reverse review; old Approved not imported; see remediation-v2-stage6-image-review.json
087,relationships,stage10-lesson-087-relationships.jpg,4258af959184685bf6b099bab7c23587bc310a44cb19e655bd147321ec393d11,Related tables use primary keys and foreign keys,455ec0979d31f8f6aeaa02bc045491b30c178ea894bb5b49c6e7f2718350bf0b,numeric,Reviewed,Reviewed,Approved,None,High,,,NotApplicable,Stage 6 fresh current-pixel forward/reverse review; old Approved not imported; see remediation-v2-stage6-image-review.json
088,delete,stage10-lesson-088-delete.jpg,06889144fb817b703a20125518fefdbc41513c3bfafb77e7cbf1223008a32e15,DELETE FROM removes records,ea9c65edf7ce10e1829c87d27980138fb5d15056b30f2f9307ab870b139f370a,formula-or-state,Reviewed,Reviewed,Approved,None,High,,,NotApplicable,Stage 6 fresh current-pixel forward/reverse review; old Approved not imported; see remediation-v2-stage6-image-review.json
088,insert,stage10-lesson-088-insert.jpg,3323195708d94d6816a1adc132404fb258cc10be4c504d8246c2db0d877b1392,INSERT INTO adds a record,62318d22021c082f916a3346d90524d132e1b46fcdc676f88e59e0bee53794f7,process-or-arrow,Reviewed,Reviewed,Approved,None,High,,,NotApplicable,Stage 6 fresh current-pixel forward/reverse review; old Approved not imported; see remediation-v2-stage6-image-review.json
088,update,stage10-lesson-088-update.jpg,e594f9d2dfeeb2015f24e09b9a18b90845a86c7b9b60a032133734128c9d6e8e,UPDATE changes existing records,7214da6a200766ec5400c004b44f99faab0e79ab0f00b6746993b2f1fa7b594c,formula-or-state,Reviewed,Reviewed,Approved,None,High,,,NotApplicable,Stage 6 fresh current-pixel forward/reverse review; old Approved not imported; see remediation-v2-stage6-image-review.json
089,backup,stage10-lesson-089-backup.jpg,cfd05527dea6bbae0036463a4b20c37086f97b50ed1e806088dadadb337a5b7f,Backups allow data recovery after loss or corruption,b720f6bf2a1016af33072ce5b9b2532698bf13e3f850a4474fced91877fef9e1,process-or-arrow,Reviewed,Reviewed,Approved,None,High,,,NotApplicable,Stage 6 fresh current-pixel forward/reverse review; old Approved not imported; see remediation-v2-stage6-image-review.json
089,security,stage10-lesson-089-security.jpg,b13dc259e8357deef810debf9c45de3e06d8c0fe1ee6798dbfd3e5865d9f5990,Database security restricts access and protects confidentiality,176eb35a25e019c551cf32a19c54a288bef84f9deeb501e9324c9634ad9f18c8,conceptual,Reviewed,Reviewed,Approved,None,High,,,NotApplicable,Stage 6 fresh current-pixel forward/reverse review; old Approved not imported; see remediation-v2-stage6-image-review.json
089,validation,stage10-lesson-089-validation.jpg,5f67dfe4af6499a45568d2980ee8ca8d9258e96faf325043c93c6c74632c4303,Validation checks whether input is sensible or acceptable,55a329914d45c64219dbde8925b6a255e56d3dcc504ba6762b144544752539fd,numeric;process-or-arrow,Reviewed,Reviewed,Approved,None,High,,,NotApplicable,Stage 6 fresh current-pixel forward/reverse review; old Approved not imported; see remediation-v2-stage6-image-review.json
089,verification,stage10-lesson-089-verification.jpg,b0a1105344858fc5ad47abd1b9c5ebe0355a0cf5465b7ba8dbf42743a4744c58,Verification checks data has been copied accurately,87acb68519997a2f838ffb5fe63d14503c255ff95ab989ac37f60d7e15d5ae32,conceptual,Reviewed,Reviewed,Approved,None,High,,,NotApplicable,Stage 6 fresh current-pixel forward/reverse review; old Approved not imported; see remediation-v2-stage6-image-review.json
090,design,stage10-lesson-090-design.jpg,ad36a2faea2ae43b7ba35d2c33372ff449e4895a8c061033f2927b82a96acd89,Relational design: what earns marks?,67bf0984924f2ec4120329610eccbb2aa278dde9e18657e896a49d52b899c1e4,conceptual,Reviewed,Reviewed,Approved,None,High,,,NotApplicable,Stage 6 fresh current-pixel forward/reverse review; old Approved not imported; see remediation-v2-stage6-image-review.json
090,map,stage10-lesson-090-map.jpg,cc7446008b008847be320acb3b4ce8fc9fb04ddc7da4afae27bbfde08baaa892,Section 8 knowledge map,52221c9976aa2ba67c1e53d9b19209f147a280b9c58d4ace612372b8164e784f,numeric,Reviewed,Reviewed,Approved,None,High,,,NotApplicable,Stage 6 fresh current-pixel forward/reverse review; old Approved not imported; see remediation-v2-stage6-image-review.json
090,protection,stage10-lesson-090-protection.jpg,dc6b6252b1fd7de21b087b513df044f0c13a81b8f9f6f1af49bdd7414e9a94e5,Do not swap the security vocabulary,22fc2b1643cba2b0fcf240ed75446d94db564dc9db7fb947be2e56573a154a9a,process-or-arrow,Reviewed,Reviewed,Approved,None,High,,,NotApplicable,Stage 6 fresh current-pixel forward/reverse review; old Approved not imported; see remediation-v2-stage6-image-review.json
090,sql,stage10-lesson-090-sql.jpg,a069a586815c55082e5b57c544474d729cbac3b4fa8bfe2d445910d9bf5dacac,SQL clauses: choose the clause that matches the request,73001d2035a5e95928dc19d71dda14ba116215a25d6ef641d3b91c6f425f280f,conceptual,Reviewed,Reviewed,Approved,None,High,,CALC-066-SQL-WRITTEN-ORDER;CALC-067-SQL-LOGICAL-ORDER,Passed,Stage 6 fresh current-pixel forward/reverse review; old Approved not imported; see remediation-v2-stage6-image-review.json
090,tracer,stage10-lesson-090-tracer.jpg,8069c28f321fea94e42408aef9fcadb8ab2a9aebdbae04c8e05b016ef10e5d68,Trace one mixed SQL result,0922ec58bb3bb1e411d3fb5bad9aaf1c4d394e694773e38f7cf3eb722c49a661,process-or-arrow,Reviewed,Reviewed,Approved,None,High,,,NotApplicable,Stage 6 fresh current-pixel forward/reverse review; old Approved not imported; see remediation-v2-stage6-image-review.json
091,calculator,stage10-lesson-091-calculator.jpg,8ca6b7e739030d587f32911bc5984cbdbd0269f537bcaebdd0e0b992e4b7103a,Calculate image or sound storage,9deb64b16844a43b6bd7606e9145695d357976b7b18ec697d9f435846661e1c2,formula-or-state,Reviewed,Reviewed,Approved,None,High,,,NotApplicable,Stage 6 fresh current-pixel forward/reverse review; old Approved not imported; see remediation-v2-stage6-image-review.json
091,communication,stage10-lesson-091-communication.jpg,660eb529260182286a3436b658e863d4917900fe59886fcb43f9d12d622d3971,Explanation answers need mechanism and consequence,d54adeec24b5eff8d658eb12c4b21bedd68d7b26cb6ead55b803dc57a55a8df0,formula-or-state;process-or-arrow,Reviewed,Reviewed,Approved,None,High,,,NotApplicable,Stage 6 fresh current-pixel forward/reverse review; old Approved not imported; see remediation-v2-stage6-image-review.json
091,map,stage10-lesson-091-map.jpg,fba19dd8ba8cd7e39d14cfb694322526b0ff280ca39c7b9127713ca589e04af5,Sections 1-2 knowledge map,1d43b2e7a86ba13337ec1ef2dff1e60607365e57431854b0bb730e0dbee37fcd,numeric;formula-or-state,Reviewed,Reviewed,Approved,None,High,,,NotApplicable,Stage 6 fresh current-pixel forward/reverse review; old Approved not imported; see remediation-v2-stage6-image-review.json
091,representation,stage10-lesson-091-representation.jpg,a9116189cafb681a829080d164132a20e21b593884163c1a4574bf2dacec8a20,Calculation formulas worth retrieving cold,0af1d4d633d89c4a6faaf82ca946f38889ddc107516356663ba840bc5c6829df,numeric,Reviewed,Reviewed,Approved,None,High,,,NotApplicable,Stage 6 fresh current-pixel forward/reverse review; old Approved not imported; see remediation-v2-stage6-image-review.json
092,hardware,stage10-lesson-092-hardware.jpg,8da5d02667fb246a4c85aa891e3551123b6e9725e74a9da0f41ee09daaa0ae88,Choose hardware by matching characteristics to use,c393bad048a7cb15edc26af53b395790a8f4ed4c50fa1b2cb0c3857bcaa369c5,conceptual,Reviewed,Reviewed,Approved,None,High,,,NotApplicable,Stage 6 fresh current-pixel forward/reverse review; old Approved not imported; see remediation-v2-stage6-image-review.json
092,logic,stage10-lesson-092-logic.jpg,844b340e3333905ca27ea2b12bc02a2cc47d662fe787ddc159d6b29b71d940d6,How hardware facts become mechanisms,c4260515193b04a10c3a4f346d56395c32bbabd332136c19c5e8d7534429c7e0,conceptual,Reviewed,Reviewed,Approved,None,High,,,NotApplicable,Stage 6 fresh current-pixel forward/reverse review; old Approved not imported; see remediation-v2-stage6-image-review.json
092,map,stage10-lesson-092-map.jpg,49b8b4294f35e692732db654c53dd9808ab02b742e475c4229b4083ba9111091,Sections 3-4 knowledge map,6ebc23a2f7b5f9d4bc4b6910f8bcb6fd6cf0de8270a14f3a975e24b720e6a422,numeric;process-or-arrow,Reviewed,Reviewed,Approved,None,High,,,NotApplicable,Stage 6 fresh current-pixel forward/reverse review; old Approved not imported; see remediation-v2-stage6-image-review.json
093,map,stage10-lesson-093-map.jpg,d4a474e6efe9fabd34f2a174c089ddd19d50342d70e09354d6c4e45900971419,Sections 5-6 knowledge map,466bd60eb0bf574c06389f72d2fab63f8b63b3a8469ad1e97eece90b73ab890c,numeric;process-or-arrow,Reviewed,Reviewed,Approved,None,High,,,NotApplicable,Stage 6 fresh current-pixel forward/reverse review; old Approved not imported; see remediation-v2-stage6-image-review.json
093,matcher,stage10-lesson-093-matcher.jpg,73c77b29a9ca9bde25b63a46f6566d8d31073d307ec448152f26ebdeec5b14a4,Choose the best control,606b3e7048032521a05538929faa941c53980acc9c0e027473a30a9b71e3f335,conceptual,Reviewed,Reviewed,Approved,None,High,,,NotApplicable,Stage 6 fresh current-pixel forward/reverse review; old Approved not imported; see remediation-v2-stage6-image-review.json
093,security,stage10-lesson-093-security.jpg,3e97700c395eadc2aa121260eccab4103ea8b3f59ba93f830f76b3f8f030fee7,Match the control to the threat,5f468359e358b5d87f962b8e2dfe9af934f505e7eabfb700f05211a13fb70269,formula-or-state,Reviewed,Reviewed,Approved,None,High,,,NotApplicable,Stage 6 fresh current-pixel forward/reverse review; old Approved not imported; see remediation-v2-stage6-image-review.json
093,software,stage10-lesson-093-software.jpg,67f59373455a558ca5b67f036e12f607db051b43ef47337662460b4d5a0985a7,OS and utility roles,b46a6a97561a0910ea9ce9ed10fb4bf7c39cd100f74a6798f58cb69037bd1a3d,conceptual,Reviewed,Reviewed,Approved,None,High,,,NotApplicable,Stage 6 fresh current-pixel forward/reverse review; old Approved not imported; see remediation-v2-stage6-image-review.json
093,translators,stage10-lesson-093-translators.jpg,3e423bf6cc145ebb26a2c17e8dfad3cdb46994b1345908065bc3c7c8a9b5806f,"Compiler, interpreter and assembler",d830c2cdf8662abe285b99b3bb08f1c31c250247e7b26cb65cbee0206a130af9,process-or-arrow,Reviewed,Reviewed,Approved,None,High,,,NotApplicable,Stage 6 fresh current-pixel forward/reverse review; old Approved not imported; see remediation-v2-stage6-image-review.json
094,databases,stage10-lesson-094-databases.jpg,ba04d9281d0c8b4b18cde607e0986e8e8349c02b43e0cf962a299d5048be24d1,Relational design: structure before SQL,0c3cf1e14ef0df2a4f81c71189cffe01980df10a5eb1c4bb884cafce5707843e,process-or-arrow,Reviewed,Reviewed,Approved,None,High,,,NotApplicable,Stage 6 fresh current-pixel forward/reverse review; old Approved not imported; see remediation-v2-stage6-image-review.json
094,ethics,stage10-lesson-094-ethics.jpg,051b52cc2b35c52c0f6239a0c9c4ea0e92a08946787093f163fb5e13d842ae9a,Evaluation answers need both sides and a condition,01a57770e0ba73861397614781b638e59c8ee33ef5ad7a50c813a5847489d3aa,conceptual,Reviewed,Reviewed,Approved,None,High,,,NotApplicable,Stage 6 fresh current-pixel forward/reverse review; old Approved not imported; see remediation-v2-stage6-image-review.json
094,map,stage10-lesson-094-map.jpg,337124644c1e7953cb821031a0e6b7d0a4aa2a13b29af2e54bf83b8bfafd68e7,Sections 7-8 knowledge map,d7d48e453eba70b53000c9fb0d026060876454424811be0a87658fbe7444b354,numeric,Reviewed,Reviewed,Approved,None,High,,,NotApplicable,Stage 6 fresh current-pixel forward/reverse review; old Approved not imported; see remediation-v2-stage6-image-review.json
094,sql,stage10-lesson-094-sql.jpg,8136a6cb9157aa6858dfbbf94af1c3435a91ae197491d88e7f65f7b1f2f2a6d9,Clause choice is not decoration,dac960431c0fcc5d9866bd89346694b2d4887db339ed2ca02f08be7ed3a3e329,process-or-arrow,Reviewed,Reviewed,Approved,None,High,,CALC-068-SQL-CLAUSE-CHOICES,Passed,Stage 6 fresh current-pixel forward/reverse review; old Approved not imported; see remediation-v2-stage6-image-review.json
094,tracer,stage10-lesson-094-tracer.jpg,987e6dcf3789ac80cdfac51c771c50bab20cf1f727950b68e71826e8fb0ab95f,Trace one customer table query,fcd5103bf321040af0e8ae97e4c1bb19b15d75c9a28811bd9db8dc67ff337e05,process-or-arrow,Reviewed,Reviewed,Approved,None,High,,,NotApplicable,Stage 6 fresh current-pixel forward/reverse review; old Approved not imported; see remediation-v2-stage6-image-review.json
095,answer,stage10-lesson-095-answer.jpg,40212cd3e1b7890276b2aa8966c069f8ee497b82578fcf2ad332feca94a60fa5,Use the smallest frame that fits the command,b8bc3ee58431d6ba61f8b850365df73a0ed567a48c914ff57b1155823fa29c2b,formula-or-state;process-or-arrow,Reviewed,Reviewed,Approved,None,High,,,NotApplicable,Stage 6 fresh current-pixel forward/reverse review; old Approved not imported; see remediation-v2-stage6-image-review.json
095,commands,stage10-lesson-095-commands.jpg,7eb32d84048b2dc7fa3fae6186f8a4f1ff7f14937d57f15086cfef69dcf14b25,What each command word usually demands,d25c6504140eedc71aebd3cda77d4901ab2fe7d54fb02ede00e584fbc284f6d8,conceptual,Reviewed,Reviewed,Approved,None,High,,,NotApplicable,Stage 6 fresh current-pixel forward/reverse review; old Approved not imported; see remediation-v2-stage6-image-review.json
095,decoder,stage10-lesson-095-decoder.jpg,f2d50976f417f7ef9732817d20c94d0867e389e2763fd449d6fe237abf926bcf,Decode the command word before writing,2398bac0e8afaca6bb8a7149a241e6cdd913d373440d0ef0e8daebfe564345c1,process-or-arrow,Reviewed,Reviewed,Approved,None,High,,,NotApplicable,Stage 6 fresh current-pixel forward/reverse review; old Approved not imported; see remediation-v2-stage6-image-review.json
095,map,stage10-lesson-095-map.jpg,76e7dc43ff68b3992abad3299b4f79750f5093fb68f84c3303cac401e02d18df,Paper 1 sections and question clues,81c284e4579515ed18c1feb9e9bb400903183abb22eeded24449ad85ec742b90,numeric;process-or-arrow,Reviewed,Reviewed,Approved,None,High,,,NotApplicable,Stage 6 fresh current-pixel forward/reverse review; old Approved not imported; see remediation-v2-stage6-image-review.json
095,strategy,stage10-lesson-095-strategy.jpg,7cc36e7388a8d46ddee882a3d598dc10531467c81cc9ab0da390c07ae57997ee,The 30-second annotation routine,74d560560ee9f0d26cf4eaeaf28dc7d499cb7053d54550e94241ed930e8eeee9,numeric;formula-or-state;process-or-arrow,Reviewed,Reviewed,Approved,None,High,,,NotApplicable,Stage 6 fresh current-pixel forward/reverse review; old Approved not imported; see remediation-v2-stage6-image-review.json
096,marking,stage10-lesson-096-marking.jpg,812349edf8083a0ef137c68656c279acbcdbb24650ce7fa204afc3b2151e58b7,Three checks before moving on,0f013364322731f7bb96696b0661173fdc1c80ab567bd795a753f54108cae549,formula-or-state;process-or-arrow,Reviewed,Reviewed,Approved,None,High,,,NotApplicable,Stage 6 fresh current-pixel forward/reverse review; old Approved not imported; see remediation-v2-stage6-image-review.json
096,planner,stage10-lesson-096-planner.jpg,6579124a494125b3d1653230a15adaffbf55f8b7ce5ec78f02c91d96fb4504b9,Estimate a sensible time budget,d57d0a24ad2da20ed4e0891b8a38a118c86943e54350b11249b7f9eed2a28b77,conceptual,Reviewed,Reviewed,Approved,None,High,,,NotApplicable,Stage 6 fresh current-pixel forward/reverse review; old Approved not imported; see remediation-v2-stage6-image-review.json
096,quiz,stage10-lesson-096-quiz.jpg,f8149634d596333e64165e78dc6f235d12b1167e7adae2e69cbc9a191a220f0e,Quick retrieval across Paper 1,a211e257ee68e7dbe64cc8b9bd1a6964cfe2c4207056b5e6d5bd110b44f68be7,numeric;formula-or-state,Reviewed,Reviewed,Approved,None,High,,,NotApplicable,Stage 6 fresh current-pixel forward/reverse review; old Approved not imported; see remediation-v2-stage6-image-review.json
096,short,stage10-lesson-096-short.jpg,41964e6e1f7ea17532d7864cd54b121dc8420342eb831b6d59386f0c69223f88,"Compress the answer, not the marks",c0693674a3e9444b80c28a9d1e5b0cd627a0eee591f7d007c1b5f4b8cc2e5a2d,formula-or-state,Reviewed,Reviewed,Approved,None,High,,,NotApplicable,Stage 6 fresh current-pixel forward/reverse review; old Approved not imported; see remediation-v2-stage6-image-review.json
096,timer,stage10-lesson-096-timer.jpg,474031248c5f0dfdf25d2a7f3a5dfe76f2cc24a8ccb67bc70b612648dc48cb5f,Run a timed short-answer sprint,0c89bc2f62865783351811515661099121c745fa7bd042d89f4fa8e1a27531e8,conceptual,Reviewed,Reviewed,Approved,None,High,,,NotApplicable,Stage 6 fresh current-pixel forward/reverse review; old Approved not imported; see remediation-v2-stage6-image-review.json
096,timing,stage10-lesson-096-timing.jpg,6a26385c1c1716453cad3d6f40f9a142360f2df96e73b3bdf8d671e84076185c,A practical mark-per-minute model,d0194f3150af20df674bf0cd2f380e4b52ac0df6b1d52cd88e596b52f3c8ce79,conceptual,Reviewed,Reviewed,Approved,None,High,,CALC-069-PAPER1-TIMING,Passed,Stage 6 fresh current-pixel forward/reverse review; old Approved not imported; see remediation-v2-stage6-image-review.json
096,triage,stage10-lesson-096-triage.jpg,69945f5de94c7bd1030d96222f3d185bf30c0cd3f7631a61e56eb0a9358ed65d,"Decide: answer now, flag, or return later?",dbf44eba27afafb68fb427df9cfad150c29e37d6de6484f576fa1a423c6e0235,conceptual,Reviewed,Reviewed,Approved,None,High,,,NotApplicable,Stage 6 fresh current-pixel forward/reverse review; old Approved not imported; see remediation-v2-stage6-image-review.json
097,balance,stage10-lesson-097-balance.jpg,94e29bcd0f51221df37b625c1e7b51159530b97934992e0e9fb4ede2f68a7f16,"Evaluation is not just ""good and bad""",b82420ffdc4674fea9b0498da2d200869ac3fdcc57bcf9e95febe0214c234a0b,conceptual,Reviewed,Reviewed,Approved,None,High,,,NotApplicable,Stage 6 fresh current-pixel forward/reverse review; old Approved not imported; see remediation-v2-stage6-image-review.json
097,map,stage10-lesson-097-map.jpg,2d6d44c78f42aac521aff4452710e4c8754472dd1edfd32fb4c772d83fc110f2,Extended-response topics across Paper 1,e52344be37ee93298fc0d21eb500550024e1c1b520646fc7c70e26a1ca9d7e03,numeric;process-or-arrow,Reviewed,Reviewed,Approved,None,High,,,NotApplicable,Stage 6 fresh current-pixel forward/reverse review; old Approved not imported; see remediation-v2-stage6-image-review.json
097,marking,stage10-lesson-097-marking.jpg,28c8422ce66b6517f6a10230b05f3e6c96a411fddda6e8a80259d15884dcfbbd,How extended marks usually appear,3fd19673c66cd7bc7c8ce6b94b68adc242c3b5f26d070f423284ce31a9257d2a,conceptual,Reviewed,Reviewed,Approved,None,High,,,NotApplicable,Stage 6 fresh current-pixel forward/reverse review; old Approved not imported; see remediation-v2-stage6-image-review.json
097,planner,stage10-lesson-097-planner.jpg,f6eb3c9bc21ee80c497f6b076466fc83cdb05777e2580c890d4c79f66ccfb304,Choose a structure before writing,50f99782b6c041fe306e959b83cfbd9b3e77bc0ed8855577427e665ff534c189,process-or-arrow,Reviewed,Reviewed,Approved,None,High,,,NotApplicable,Stage 6 fresh current-pixel forward/reverse review; old Approved not imported; see remediation-v2-stage6-image-review.json
097,structure,stage10-lesson-097-structure.jpg,4af1079752c6ddd8e286492702c0aa3db5c500e32d9d2c864c089492a41c6048,Three reliable extended-response shapes,44f83299236ee1cdfbb4d4392216b369f6b7e9362abf0a62d3ed2e9102eba630,numeric;formula-or-state,Reviewed,Reviewed,Approved,None,High,,,NotApplicable,Stage 6 fresh current-pixel forward/reverse review; old Approved not imported; see remediation-v2-stage6-image-review.json
098,clinic,stage10-lesson-098-clinic.jpg,b65f0aff67ef1491c15101bb5506ef6ab841c7e20b9ef4377e685fc799d71b22,The rewrite protocol,50d6329722bac32a4f34847ee1d8745207a46a749853e45595ba0a917158eb10,numeric,Reviewed,Reviewed,Approved,None,High,,,NotApplicable,Stage 6 fresh current-pixel forward/reverse review; old Approved not imported; see remediation-v2-stage6-image-review.json
098,coverage,stage10-lesson-098-coverage.jpg,59ccf79ceab07a75e23323234aae6f94b4131848420dfb52e91bfeebc5a31995,Paper 1 correction checklist,bdf9918f0dffff948bbae70df5689ae50472b70cf2918a6eb9c5743e5fa3e1d4,numeric,Reviewed,Reviewed,Approved,None,High,,,NotApplicable,Stage 6 fresh current-pixel forward/reverse review; old Approved not imported; see remediation-v2-stage6-image-review.json
098,diagnosis,stage10-lesson-098-diagnosis.jpg,d6dc87f64ba2824243647f0cf1bca6a9610bc76a8af369150e6ff3cc680e0cc7,Four common sources of lost marks,c0da2c787e3c5d88104e2a5fe7b084c9b1f85039a6716d777be68694c0cd469d,process-or-arrow,Reviewed,Reviewed,Approved,None,High,,,NotApplicable,Stage 6 fresh current-pixel forward/reverse review; old Approved not imported; see remediation-v2-stage6-image-review.json
098,error,stage10-lesson-098-error.jpg,70c17d82add3aa7e075c95251b77a0fdb9cc26e123b8a7e7435301c3c2eb7b00,Classify the flaw before rewriting,510c93ea09984374ddf0473b4bd1e4ca4192ed30b021a60eb84d1261c866051b,process-or-arrow,Reviewed,Reviewed,Approved,None,High,,,NotApplicable,Stage 6 fresh current-pixel forward/reverse review; old Approved not imported; see remediation-v2-stage6-image-review.json
098,rewrite,stage10-lesson-098-rewrite.jpg,92a247fbfeb6a7a7fc1c2832f252ec36dc8310934445e518b500b5cd19e0d07f,Build a corrected answer sentence,44702d1658758aa7ddc67e2eed2a252641e7a53a5de377f554b3775c8b9e927f,conceptual,Reviewed,Reviewed,Approved,None,High,,,NotApplicable,Stage 6 fresh current-pixel forward/reverse review; old Approved not imported; see remediation-v2-stage6-image-review.json
098,routine,stage10-lesson-098-routine.jpg,9090cd435e42aff2b8e5136def04eeca86b1fbd5e7008838f962586ce6ef1843,How to use the mock after today,f2b465a0334915db404cc734c4fa0d543ba8a063271fe927d4b396968a01f688,numeric;process-or-arrow,Reviewed,Reviewed,Approved,None,High,,,NotApplicable,Stage 6 fresh current-pixel forward/reverse review; old Approved not imported; see remediation-v2-stage6-image-review.json
098,score,stage10-lesson-098-score.jpg,ae2253924f84754671ca2077bd734434306c0035f8ba5e50c191098b5854b959,Turn a score into a repair priority,711b81ac3603e1d81e97a3b6e96ca9ebd7e395c9c112d08ce695cb8205f05cbf,conceptual,Reviewed,Reviewed,Approved,None,High,,,NotApplicable,Stage 6 fresh current-pixel forward/reverse review; old Approved not imported; see remediation-v2-stage6-image-review.json
099,constraints,stage10-lesson-099-constraints.jpg,21f9770d26dfdfb26e6bd12aa702fcf1031a6a640b2cb708f9f7b5a6e567622b,Constraints stop algorithms from wandering off,1b29b7bf85731cf0c9ce490d51cfd5fa12a243eb626d193262b198bae262892e,numeric,Reviewed,Reviewed,Approved,None,High,,,NotApplicable,Stage 6 fresh current-pixel forward/reverse review; old Approved not imported; see remediation-v2-stage6-image-review.json
099,model,stage10-lesson-099-model.jpg,eef2197e66f58b683e1bc076acecabcd3173b536cc38ceba31f39a964fbd4fad,Use IPOC before choosing a representation,fa2c5205f4f5cdcaaf1c72339de79c3deff8d13166bacb97a0d706c568c859a5,process-or-arrow,Reviewed,Reviewed,Approved,None,High,,,NotApplicable,Stage 6 fresh current-pixel forward/reverse review; old Approved not imported; see remediation-v2-stage6-image-review.json
100,abstraction,stage10-lesson-100-abstraction.jpg,fa21e3e6d7e21a30f9a28fdc835bc3e2466f35f707296eb4ee5e2fa3a3114375,Abstraction: keep the details that affect the algorithm,b7a1b99ca147d6f66ed7e42d42c092bb48ebdbece8fa6617cbf229de9d453640,process-or-arrow,Reviewed,Reviewed,Approved,None,High,,,NotApplicable,Stage 6 fresh current-pixel forward/reverse review; old Approved not imported; see remediation-v2-stage6-image-review.json
100,concept,stage10-lesson-099-concept.jpg,cb1983a6ad22dc5b477261264ef6fcfaba4614f21153dc31e346b282c78e79f4,An algorithm is a solution expressed as defined steps,d0516ffbe1d5783198d65c85823047ea4bb244abc6cb3bd17a2e7af92138d572,process-or-arrow,Reviewed,Reviewed,Approved,None,High,,,NotApplicable,Stage 6 fresh current-pixel forward/reverse review; old Approved not imported; see remediation-v2-stage6-image-review.json
100,decomposition,stage10-lesson-100-decomposition.jpg,2d27cd07a1c4f3bba75f476775105517295f27d3f90fccdcd909dae4cd8cc742,Decomposition: split the problem into sub-problems,dde74b2df7622ffaf2318d9131b3ffc7b907cb65649037fd9df05dadaf230cee,conceptual,Reviewed,Reviewed,Approved,None,High,,,NotApplicable,Stage 6 fresh current-pixel forward/reverse review; old Approved not imported; see remediation-v2-stage6-image-review.json
100,filter,stage10-lesson-100-filter.jpg,85aeb42df1b1661ac4c501ad6282d57996d31f58358722f7b55c670d66e7a698,Keep or ignore details,33964667d894103c7da1ff2697a7161d14ae1624404499e7f605563b53338586,conceptual,Reviewed,Reviewed,Approved,None,High,,,NotApplicable,Stage 6 fresh current-pixel forward/reverse review; old Approved not imported; see remediation-v2-stage6-image-review.json
100,ipoc,stage10-lesson-112-ipoc.jpg,67aeb005bb4fc3912b914d59ea62a697f586b25b4969cbbbe4a6df3c6135a4da,Turn paragraphs into a design table,c438243d3ec388f570f78df6a8fd527d5c7c78507578c50474dec02da4d33ab3,process-or-arrow,Reviewed,Reviewed,Approved,None,High,,,NotApplicable,Stage 6 fresh current-pixel forward/reverse review; old Approved not imported; see remediation-v2-stage6-image-review.json
100,pattern,stage10-lesson-100-pattern.jpg,65e208ee753368c28bc798dbf586638cda297ad896475066e882542ad1d9e329,Produce an abstract model,c4963c99e23b7c435d77459ad82c6b94519749dcf2445f8b73c0365d508bd096,process-or-arrow,Reviewed,Reviewed,Approved,None,High,,,NotApplicable,Stage 6 fresh current-pixel forward/reverse review; old Approved not imported; see remediation-v2-stage6-image-review.json
100,sorter,stage10-lesson-100-sorter.jpg,9c80d8a0a5331cef4e7274e530c3c634e2ac25a51d2620db4dc301fd903656dc,Classify the design move,12b3062968ba93cea807feb7423ec0aed424a0f6dc92cb6685ec9781e06167e4,conceptual,Reviewed,Reviewed,Approved,None,High,,,NotApplicable,Stage 6 fresh current-pixel forward/reverse review; old Approved not imported; see remediation-v2-stage6-image-review.json
101,combining,stage10-lesson-101-combining.jpg,61c6ac54eee9f74a7c44749f9449ddefcfb39b864f028d05424efe3195240da9,Real algorithms usually combine the three structures,22b42727d999899176f772a084923d1d426369b2df4292767bdaffe36903ed01,numeric;process-or-arrow,Reviewed,Reviewed,Approved,None,High,,,NotApplicable,Stage 6 fresh current-pixel forward/reverse review; old Approved not imported; see remediation-v2-stage6-image-review.json
101,iteration,stage10-lesson-101-iteration.jpg,301f06e466cc307882b9dd53159ca2dcf800ee6721c84c5a9a5eb9bd933569a1,Iteration: repeat steps,322262b3f52efdf3dc9bab84c18d686c162ed199b4cf212fbec8a1e8ad8e565d,numeric;formula-or-state,Reviewed,Reviewed,Approved,None,High,,,NotApplicable,Stage 6 fresh current-pixel forward/reverse review; old Approved not imported; see remediation-v2-stage6-image-review.json
101,pseudocode,stage10-lesson-101-pseudocode.jpg,475033d7d823acc5ee2665c19f9aeddbc3125db278d24217a2cd98a0d665a4bf,Cambridge pseudocode is the exam form; Java is support only,5bd31f3bf7516b95791157af67bf8418f27177c91f7c6d46eac7e13b5000c2d5,numeric;process-or-arrow,Reviewed,Reviewed,Approved,None,High,,CALC-022-COUNT-ENDIF,Passed,Stage 6 fresh current-pixel forward/reverse review; old Approved not imported; see remediation-v2-stage6-image-review.json
101,selection,stage10-lesson-101-selection.jpg,a82085662a26bd2d2eb095c90e6e7ec3d5df1fecfe12fb33bf2d37082654a6a0,Selection: choose a path using a condition,91a028606de7911abfbe1ada543d219a2393c58d9a559283f937117ae5d7528b,numeric;formula-or-state;process-or-arrow,Reviewed,Reviewed,Approved,None,High,,,NotApplicable,Stage 6 fresh current-pixel forward/reverse review; old Approved not imported; see remediation-v2-stage6-image-review.json
101,sequence,stage10-lesson-101-sequence.jpg,09837905dacfb9bb43ca0bd42ccf42d090624a6ee38fba39dfea71383f184ef2,Sequence: steps run in a fixed order,026f3da6c1da5aec64b9e089d457ca942b73c76875934b5688b76a4c88d13ba5,formula-or-state;process-or-arrow,Reviewed,Reviewed,Approved,None,High,,,NotApplicable,Stage 6 fresh current-pixel forward/reverse review; old Approved not imported; see remediation-v2-stage6-image-review.json
102,flowcharts,stage10-lesson-102-flowcharts.jpg,577416e9696ac9b35146dbfd0a946933616720439ec667838fa16c193f6200bf,Flowcharts use symbols to show control flow,709d67ec70645c7ed8a1c99c41f42ccb464dbf13ba6077b84abd07b377f19471,process-or-arrow,Reviewed,Reviewed,Approved,None,High,,,NotApplicable,Stage 6 fresh current-pixel forward/reverse review; old Approved not imported; see remediation-v2-stage6-image-review.json
102,notation,stage10-lesson-102-notation.jpg,8998a2b99aefdbb4edb9310c80b7c25de4fb5f9dcf6c56e5cd2f956f7ec63d44,Readable notation earns marks more easily,00034024df01dac5f42a9e19565efb63c3b4918a1450a31b6d68fe548d3ddb58,conceptual,Reviewed,Reviewed,Approved,None,High,,,NotApplicable,Stage 6 fresh current-pixel forward/reverse review; old Approved not imported; see remediation-v2-stage6-image-review.json
102,pseudocode,stage10-lesson-102-pseudocode.jpg,498a079fe9ed0befd9b2e1d152235fa154948cab720e33f27d0ca4928c68c049,Cambridge-style pseudocode uses structured keywords,ea8eb373a81c82af76c6e67fbe68ce591eddda91cf9d9863862f4cf9891d7584,numeric;formula-or-state;process-or-arrow,Reviewed,Reviewed,Approved,None,High,,,NotApplicable,Stage 6 fresh current-pixel forward/reverse review; old Approved not imported; see remediation-v2-stage6-image-review.json
102,structure-tool,stage10-lesson-102-structure-tool.jpg,11b257941f7a4544c77aeb13445ad21a4bbfaaffc86cc562a9fce438950defa1,Match scenario to pseudocode structure,c34547fd3d535869f82de33c21b342e4232adf1772fd6809f0b08652cbc86e88,conceptual,Reviewed,Reviewed,Approved,None,High,,,NotApplicable,Stage 6 fresh current-pixel forward/reverse review; old Approved not imported; see remediation-v2-stage6-image-review.json
102,symbol-tool,stage10-lesson-102-symbol-tool.jpg,93b17a9e183ff74099ab50b4179ddd4ef2eac44d56f6d6c0927ae14f15537abf,Choose the correct flowchart symbol,66884049d5f586a77abf6ed3b582b55487c68a277a346abecfb0f19c738f9315,process-or-arrow,Reviewed,Reviewed,Approved,None,High,,,NotApplicable,Stage 6 fresh current-pixel forward/reverse review; old Approved not imported; see remediation-v2-stage6-image-review.json
103,analyser,stage10-lesson-112-analyser.jpg,047e1c4bc3996d54c3d648e87dfecc0b53de055f538df2644602c6f68d509474,Stepwise refinement turns a high-level algorithm into implementable modules,e19bf2b2ac6819e5e3de224a13361b533c5bfd6c63d8d25c55459384d3bb2592,process-or-arrow,Reviewed,Reviewed,Approved,None,High,,,NotApplicable,Stage 6 fresh current-pixel forward/reverse review; old Approved not imported; see remediation-v2-stage6-image-review.json
103,dry-run,stage10-lesson-103-dry-run.jpg,bb6b85bc48edb21a6c121154a02f91272f805fa18e08d4eaf9c171cfedff5e97,Dry run: execute the algorithm by hand,6bcac1d586dc97c6711ed3f8c3a1164f02414cf416eb814892eec32f50acf7af,numeric;process-or-arrow,Reviewed,Reviewed,Approved,None,High,,,NotApplicable,Stage 6 fresh current-pixel forward/reverse review; old Approved not imported; see remediation-v2-stage6-image-review.json
103,loops,stage10-lesson-103-loops.jpg,67e0a83dbbb2c190f87cb40d8eed02b88bc869af4507f0e911237a9fc9ed2e18,Loops make trace tables useful and slightly unforgiving,138516787411c733c448302f84c798e136c51c63fa394ab828fff12c0673c70b,numeric;process-or-arrow,Reviewed,Reviewed,Approved,None,High,,,NotApplicable,Stage 6 fresh current-pixel forward/reverse review; old Approved not imported; see remediation-v2-stage6-image-review.json
103,predictor,stage10-lesson-103-predictor.jpg,6b1e3e5ffd1ca944521106e754b7dcc12869259819f3093fd1268c0a089b8ef7,Predict the final output,4a4a1806ebc438aba5ffc19bdefd841d26866f439643b6ea5b8f14ef23c57b64,process-or-arrow,Reviewed,Reviewed,Approved,None,High,,,NotApplicable,Stage 6 fresh current-pixel forward/reverse review; old Approved not imported; see remediation-v2-stage6-image-review.json
103,pseudocode,stage10-lesson-103-pseudocode.jpg,6cbaffbd1b2deed5cda1026498c406c4f3a404d6734bba9548fb5080ae0c40f3,Trace Cambridge pseudocode in the exam; Java is only a support view,1b9507a285466600302e3167beee8e8573a6a8c52223bb727600d210c6f22b71,process-or-arrow,Reviewed,Reviewed,Approved,None,High,,CALC-021-JAVA-SUM,Passed,Stage 6 fresh current-pixel forward/reverse review; old Approved not imported; see remediation-v2-stage6-image-review.json
103,trace-table,stage10-lesson-103-trace-table.jpg,6d9d2ff36bdeaae5250b8e2fe86c462a3c8cd16a654cc6d2e057373b81619a83,A trace table records variables after each change,bb7383928f3940a5116615e03c226c9223e46b296eb36a654b7684a148852632,process-or-arrow,Reviewed,Reviewed,Approved,None,High,,,NotApplicable,Stage 6 fresh current-pixel forward/reverse review; old Approved not imported; see remediation-v2-stage6-image-review.json
104,checks,stage10-lesson-104-checks.jpg,5b106d34e0d77259c5e6c4fe19321fb5f5813b2e74da0595b7144a614bdf7ef9,Match the rule to the risk,8ad95d03126234fa8a0313608725db2b9da6239e70eee540c3e3668f890b286f,numeric;formula-or-state;process-or-arrow,Reviewed,Reviewed,Approved,None,High,,CALC-070-MAXIMUM-LENGTH,Passed,Stage 6 fresh current-pixel forward/reverse review; old Approved not imported; see remediation-v2-stage6-image-review.json
104,defensive,stage10-lesson-104-defensive.jpg,1943a8cdb8ef5f8d68c26f53903ad3bc2acf31e8792aba2a30d153fe56336429,"Reject bad input, then ask again",be32ea057554f2b1af0e9aa8c0d0896e441c9bda6358e32d71de1f5a1e533d73,numeric;process-or-arrow,Reviewed,Reviewed,Approved,None,High,,,NotApplicable,Stage 6 fresh current-pixel forward/reverse review; old Approved not imported; see remediation-v2-stage6-image-review.json
104,equivalence,stage10-lesson-102-equivalence.jpg,5f939dd3cac18d3a2208e771cd49e0b0a60a9f04c2c9b2827dbad001c6c96594,A diamond becomes IF...THEN...ELSE,1b340799aaa1a2fa7e458b309f853368b65b13d4d2b0c241b75b4c8cefbb156b,numeric;process-or-arrow,Reviewed,Reviewed,Approved,None,High,,CALC-020-DECISION-ENDIF,Passed,Stage 6 fresh current-pixel forward/reverse review; old Approved not imported; see remediation-v2-stage6-image-review.json
104,pseudocode,stage10-lesson-104-pseudocode.jpg,1492d948633689603fe6f506bb7e7ba8205321a2dfc8d3f84754cef322955675,Use Cambridge-style validation loops in the exam,2c85b58585ab3d858689614d8a834e15797ae9ec4b3d23f11f2c9022f58e7155,process-or-arrow,Reviewed,Reviewed,Approved,None,High,,CALC-023-REPEAT-ENDIF;CALC-024-JAVA-DO-WHILE,Passed,Stage 6 fresh current-pixel forward/reverse review; old Approved not imported; see remediation-v2-stage6-image-review.json
104,tester,stage10-lesson-104-tester.jpg,d7cdde26784c1be1e9d6f726bbaa8a5ab210581ada8a3b1cfd08308a45efd5be,Test a mark against 0-100,be6a9596b01a474dc5b69a56c628818d96ffbf182749d68aa9c205e3ad7b6e7c,numeric;process-or-arrow,Reviewed,Reviewed,Approved,None,High,,,NotApplicable,Stage 6 fresh current-pixel forward/reverse review; old Approved not imported; see remediation-v2-stage6-image-review.json
104,validation,stage10-lesson-104-validation.jpg,bd390529c2b005e07ab5ee86ea380c2aaf1278dd1fd1a71c811048e5138fd521,Validation checks whether input follows a rule,a9e08d50e412de79a79bf3afcb38a97681297eaadb5d434d96b70f257f06cb3d,numeric;process-or-arrow,Reviewed,Reviewed,Approved,None,High,,,NotApplicable,Stage 6 fresh current-pixel forward/reverse review; old Approved not imported; see remediation-v2-stage6-image-review.json
105,binary,stage10-lesson-105-binary.jpg,a93f10031844cdddfe18df0a42b4dbff0027bef9afaff49a27c4fa6066097103,Binary search repeatedly halves a sorted list,68022c1e7687dc3b50c9cd55889d4f2dc0525cfbd42cd3f94eb7a3b7f3ab44e2,numeric;formula-or-state,Reviewed,Reviewed,Approved,None,High,,,NotApplicable,Stage 6 fresh current-pixel forward/reverse review; old Approved not imported; see remediation-v2-stage6-image-review.json
105,binary-tool,stage10-lesson-105-binary-tool.jpg,17e240e727487e9a56beeafaab36e7ff67690f04e1ad7b5c2ec36053d5db4197,Trace binary search on sorted data,3d1ca943fd27a3a59e32c0368a5d8b041d1067616eb8e8a6c470dc5ed54cfd99,numeric;process-or-arrow,Reviewed,Reviewed,Approved,None,High,,,NotApplicable,Stage 6 fresh current-pixel forward/reverse review; old Approved not imported; see remediation-v2-stage6-image-review.json
105,compare,stage10-lesson-105-compare.jpg,4ba3fa1e720fee58c1670eac90281de6ab7875c7e1157edf1492a0f04e7da53d,Choosing the right search,03df8e7d3fb020bf35f72012dee36f142a9bf9e6f46abfcb3adce894afc8c17b,conceptual,Reviewed,Reviewed,Approved,None,High,,,NotApplicable,Stage 6 fresh current-pixel forward/reverse review; old Approved not imported; see remediation-v2-stage6-image-review.json
105,linear-tool,stage10-lesson-105-linear-tool.jpg,5378584539690891cb9f89d5fb9bd35eee3c4c591a98b44964d96dd575fc346e,Trace linear search,67eff88d440a07b0d8fca9b80bca6201ff207bd33743e9d0b226be199f651a1d,numeric;process-or-arrow,Reviewed,Reviewed,Approved,None,High,,,NotApplicable,Stage 6 fresh current-pixel forward/reverse review; old Approved not imported; see remediation-v2-stage6-image-review.json
105,pseudocode,stage10-lesson-105-pseudocode.jpg,e695f67bf159732486e52da61751aaecb48085bff6a60deba142e6321bbc6be3,Cambridge pseudocode is the exam format,99f84584baaac89d9444c1dbe16b66ae2c3d9d0098b610592345856831b26470,process-or-arrow,Reviewed,Reviewed,Approved,None,High,,CALC-025-SEARCH-ENDIF,Passed,Stage 6 fresh current-pixel forward/reverse review; old Approved not imported; see remediation-v2-stage6-image-review.json
106,compare,stage10-lesson-106-compare.jpg,55d68db6d7f54da2de8fb38a98a553bf29ad21304a6c9ad2f3cb25ac2dc339ca,Why the sorts move data differently,43856031f42da04158c58ed4fe8163ea28177722b7014f180548c020ec176cb8,process-or-arrow,Reviewed,Reviewed,Approved,None,High,,,NotApplicable,Stage 6 fresh current-pixel forward/reverse review; old Approved not imported; see remediation-v2-stage6-image-review.json
106,insertion,stage10-lesson-106-insertion.jpg,4195ef07a49cc2846c050da67b811aa869cb32027379f2948b554e4997847701,How insertion sort grows a sorted region,c97a6c68adcd1bbc1b1f3712b838dee94da3c8d1afab60bd1a519ea294b9b4eb,conceptual,Reviewed,Reviewed,Approved,None,High,,,NotApplicable,Stage 6 fresh current-pixel forward/reverse review; old Approved not imported; see remediation-v2-stage6-image-review.json
106,pseudocode,stage10-lesson-106-pseudocode.jpg,48f152d5ea72e210c566260757d4b8db1ba09216d233008e12984f84b44692ae,Why a trace follows state,bb14f1b895de36a18b9b40a75e897093f90154f9062c6223b8fa76de5f39d10b,process-or-arrow,Reviewed,Reviewed,Approved,None,High,,,NotApplicable,Stage 6 fresh current-pixel forward/reverse review; old Approved not imported; see remediation-v2-stage6-image-review.json
107,fixed,stage10-lesson-107-fixed.jpg,cc9a58798ccfd25cbdfddbb421926c2648fb868c3985f48c0ee2808116a92de8,"When the number of values is known, use a count-controlled loop",bdab9c4ec6db48188d39b0ebf9598ef528092076f40d2d4ddafcf2da2c8a78bb,numeric;formula-or-state;process-or-arrow,Reviewed,Reviewed,Approved,None,High,,,NotApplicable,Stage 6 fresh current-pixel forward/reverse review; old Approved not imported; see remediation-v2-stage6-image-review.json
107,initialise,stage10-lesson-107-initialise.jpg,6c31a392c9b6250fc005f069ada40e97bd67c01edfce11599065d17020944ed8,The starting value decides whether the algorithm is honest,f8caf71fbd1f27a6b62c3597a5b017a01031e5dc5b47fab4aad5f2c0b129d847,process-or-arrow,Reviewed,Reviewed,Approved,None,High,,,NotApplicable,Stage 6 fresh current-pixel forward/reverse review; old Approved not imported; see remediation-v2-stage6-image-review.json
107,patterns,stage10-lesson-107-patterns.jpg,57b59e52f11e69f566c251fdf0699bcf3030756eaab1db0cef1a6c94123cc1c0,Four running-value patterns,ed4c8f70207a2090497eb074b9437af4450c5238f5ab087a45d3f1865fa2e34a,numeric;formula-or-state;process-or-arrow,Reviewed,Reviewed,Approved,None,High,,,NotApplicable,Stage 6 fresh current-pixel forward/reverse review; old Approved not imported; see remediation-v2-stage6-image-review.json
107,pseudocode,stage10-lesson-107-pseudocode.jpg,d28744191eaa72909bf7406f76b1349d480a828c93804ed53dc08aa688b29740,Use Cambridge assignment and loop keywords in exam answers,0f0ef02b5f57c23ee4e85dc0019c7c5406c6ccd2c5e8bd46db78f736f74f6e46,numeric;process-or-arrow,Reviewed,Reviewed,Approved,None,High,,CALC-026-TOTAL-COUNT-ENDIF,Passed,Stage 6 fresh current-pixel forward/reverse review; old Approved not imported; see remediation-v2-stage6-image-review.json
107,sentinel,stage10-lesson-107-sentinel.jpg,c8aed695e647fc9fc0f8c2173de7f46e1b4d0af7a0ef23a1cfd128bf803ef623,"When input stops on a special value, do not process the sentinel",dd4a4e7381d4d68adb49fa0764692e9ca81bf33410456b478935675649932354,numeric;process-or-arrow,Reviewed,Reviewed,Approved,None,High,,,NotApplicable,Stage 6 fresh current-pixel forward/reverse review; old Approved not imported; see remediation-v2-stage6-image-review.json
107,trace-tool,stage10-lesson-107-trace-tool.jpg,ccee92c13c6cdb2cc9698aa5f3a81c042439e23aa9fc73d9d6dcdc1ab66dd46f,Watch running variables change,e2bdb1d83fb776cb53266df3e3ffc96ce9eaa8f2a0bda23c34f067458ecec666,process-or-arrow,Reviewed,Reviewed,Approved,None,High,,,NotApplicable,Stage 6 fresh current-pixel forward/reverse review; old Approved not imported; see remediation-v2-stage6-image-review.json
108,build,stage10-lesson-108-build.jpg,2972a9b0c37696c0b15fffefb8990d29cd33326525465b44cf5e55b734c44295,Some algorithms construct a new string one character at a time,e41a12db01d31e37965ad98b3600127f5ad6854e7a2746222bcc6887cc36a941,numeric;formula-or-state;process-or-arrow,Reviewed,Reviewed,Approved,None,High,,,NotApplicable,Stage 6 fresh current-pixel forward/reverse review; old Approved not imported; see remediation-v2-stage6-image-review.json
108,model,stage10-lesson-108-model.jpg,2b1b1629dbc613d24dec7487425345e417d92e7cb97744b0659a59e50ac7e348,"A string algorithm needs position, character and stopping point",4c59030fc253b991d0b8e337ff999f3ac1bf8231d8f3b6cec3c73aa3576daccc,numeric;formula-or-state;process-or-arrow,Reviewed,Reviewed,Approved,None,High,,,NotApplicable,Stage 6 fresh current-pixel forward/reverse review; old Approved not imported; see remediation-v2-stage6-image-review.json
108,patterns,stage10-lesson-108-patterns.jpg,8193a75c121622e510d71deaab61a612168a79a83821b7d1d83bad31ac439ce9,Most AS string algorithms are four familiar patterns,2ba407a25ed83abb0b49dfc1da5a0943550d65e5a72e738db212a57a65f74c5a,formula-or-state,Reviewed,Reviewed,Approved,None,High,,,NotApplicable,Stage 6 fresh current-pixel forward/reverse review; old Approved not imported; see remediation-v2-stage6-image-review.json
108,pseudocode,stage10-lesson-108-pseudocode.jpg,25e108a60e7e527292c35e31d86110700e80da2182b62ac193060248d73eb289,Count vowels with a closed selection,5908b7d66ba2713eaad4898dc7aa1b53895cecd68958902350e3259a5a544d95,numeric;process-or-arrow,Reviewed,Reviewed,Approved,None,High,,CALC-027-VOWEL-ENDIF,Passed,Stage 6 fresh current-pixel forward/reverse review; old Approved not imported; see remediation-v2-stage6-image-review.json
108,scanner,stage10-lesson-108-scanner.jpg,91d1c7cba33b28c5cb51a61beceea322ef338005f1069e2243a0415ca432057a,Trace character processing,4b7d5d798ba5b4d82cab4a8b64d0c2bb842b99cd0b7984303c773385e14be066,process-or-arrow,Reviewed,Reviewed,Approved,None,High,,,NotApplicable,Stage 6 fresh current-pixel forward/reverse review; old Approved not imported; see remediation-v2-stage6-image-review.json
109,counting,stage10-lesson-109-counting.jpg,5576cfa8db357acbcbf1ac5b99b555625244d003987b35b4ed594bbf7e8b9658,Total visits = outer repetitions x inner repetitions,885ca65d53f5de61e66c60ccc013d2ceee2bbb66d2a535dbb68bee0a021efdde,numeric;formula-or-state;process-or-arrow,Reviewed,Reviewed,Approved,None,High,,,NotApplicable,Stage 6 fresh current-pixel forward/reverse review; old Approved not imported; see remediation-v2-stage6-image-review.json
109,model,stage10-lesson-109-model.jpg,c02e907d65fee93d7c3462b165f3b7b133bac5c9cfca4781029fde793b3d0451,"Outer loop first, inner loop second",ec1b915b555c606f33a239aad1ac60891d36c0988a155ada3d8f7ba719a9dae0,process-or-arrow,Reviewed,Reviewed,Approved,None,High,,CALC-071-NESTING-RULE,Passed,Stage 6 fresh current-pixel forward/reverse review; old Approved not imported; see remediation-v2-stage6-image-review.json
109,pseudocode,stage10-lesson-109-pseudocode.jpg,aeb82eb51d5d1c4361729d5982d0ff34beac579cfd4766c65f2390dbc3b510cb,Indentation is evidence in nested loops,71613859f382412ad29e5e0008a501e286bdfb9aed68364fa2566d8965f33f7e,process-or-arrow,Reviewed,Reviewed,Approved,None,High,,CALC-028-NESTED-OUTPUT,Passed,Stage 6 fresh current-pixel forward/reverse review; old Approved not imported; see remediation-v2-stage6-image-review.json
109,reset,stage10-lesson-109-reset.jpg,4f12d5aa9c6902da54d14700a4bbdeb193b44d98199c5ea454bc6167d8073bf2,Put row-level variables inside the outer loop,cacc60da5bf7803e444380820b4ec7a9032861ea23994412661e9f196242142a,numeric;formula-or-state;process-or-arrow,Reviewed,Reviewed,Approved,None,High,,,NotApplicable,Stage 6 fresh current-pixel forward/reverse review; old Approved not imported; see remediation-v2-stage6-image-review.json
109,table,stage10-lesson-109-table.jpg,fb364398c01920fa57485fd81d4880797798457521ca78b623db1f375ca7f2c5,Table-style problems usually scan row by row,5a914159d8a18f1ed8e0b570252b1870f9ab65db6de0b2419ff420864654d6c3,process-or-arrow,Reviewed,Reviewed,Approved,None,High,,,NotApplicable,Stage 6 fresh current-pixel forward/reverse review; old Approved not imported; see remediation-v2-stage6-image-review.json
110,cases,stage10-lesson-110-cases.jpg,4c93ab616507c7102d1775ea0d088a7eecb06778d04806202adef60b9314b325,The same algorithm can behave differently on different inputs,027e4dc46215196a70e5867c7e615745d8c3d1a0a566ff650f2ed442d499f23c,numeric;formula-or-state;process-or-arrow,Reviewed,Reviewed,Approved,None,High,,,NotApplicable,Stage 6 fresh current-pixel forward/reverse review; old Approved not imported; see remediation-v2-stage6-image-review.json
110,estimator,stage10-lesson-110-estimator.jpg,eacb046f9683b02f92e9baaafd68ade7cdd982d7f51b6543578d1c5b12597472,Estimate the work,8d1e70bc6752dbf987976feef78c417550c528b0ef4b6d0d1d14d085bb8aed71,process-or-arrow,Reviewed,Reviewed,Approved,None,High,,,NotApplicable,Stage 6 fresh current-pixel forward/reverse review; old Approved not imported; see remediation-v2-stage6-image-review.json
110,loops,stage10-lesson-110-loops.jpg,7876dbf6d72d843208c98d2d3b3aa829537e01e827589f50662fd84fb2432eb9,Loops reveal how work grows,445a2476bf0e09baebb3d05a7ab0fd06d58214f90c0d54cd62e04c44ec00077d,process-or-arrow,Reviewed,Reviewed,Approved,None,High,,,NotApplicable,Stage 6 fresh current-pixel forward/reverse review; old Approved not imported; see remediation-v2-stage6-image-review.json
110,measure,stage10-lesson-110-measure.jpg,e679f8afab5c2d034d7fcaaf44efbd058033c0ef684fdd8cede6bf7ced99780b,Efficiency is about resources used,1b0b4d68bdbdb950844ccef52997404d69063c242ba2cdbc18629eb4b70c7c9a,process-or-arrow,Reviewed,Reviewed,Approved,None,High,,,NotApplicable,Stage 6 fresh current-pixel forward/reverse review; old Approved not imported; see remediation-v2-stage6-image-review.json
110,pseudocode,stage10-lesson-110-pseudocode.jpg,a1d853b4851afb494a2bba56a34ddda84a4e7cab347e99f4d69ec05f07e790f5,Efficiency explanations are language-independent,3479642d9b2d3154356ec8de22feea1c8e8dfe571080241a569c11a16a6d6402,process-or-arrow,Reviewed,Reviewed,Approved,None,High,,CALC-029-EFFICIENCY-ENDIF,Passed,Stage 6 fresh current-pixel forward/reverse review; old Approved not imported; see remediation-v2-stage6-image-review.json
110,search,stage10-lesson-110-search.jpg,99178f43aa168ddaabd28cf3fd2ae5d23cd1b8b38d6a0b97b38c3f483b268ad2,Linear search checks one by one; binary search halves a sorted list,65147ff2ddc0d3fc6ee0638936fe392dd7a1b6ad135d4511c941038ce0485299,numeric;formula-or-state,Reviewed,Reviewed,Approved,None,High,,,NotApplicable,Stage 6 fresh current-pixel forward/reverse review; old Approved not imported; see remediation-v2-stage6-image-review.json
111,cleaner,stage10-lesson-111-cleaner.jpg,2927d037ed1f0cf1202e74ba670a53f36419e149ce2128ea5219ff7143f76cab,Convert Java-like syntax into Cambridge-style pseudocode,7de56b8ca09ffeeb3fbfa028432682253cf09e2cbc4456f636e351c748b95e25,conceptual,Reviewed,Reviewed,Approved,None,High,,,NotApplicable,Stage 6 fresh current-pixel forward/reverse review; old Approved not imported; see remediation-v2-stage6-image-review.json
111,conversion,stage10-lesson-111-conversion.jpg,103c61e4ce97f3aea17e2b343396ec7723ebcc480e1c4e4ef9af08db3d69f836,"Convert meaning first, syntax second",34f98ba13d446bc917ec8298a5e8b98a531c1c12e83299b911cce441c57b3105,process-or-arrow,Reviewed,Reviewed,Approved,None,High,,CALC-072-CLEARER-NAMES,Passed,Stage 6 fresh current-pixel forward/reverse review; old Approved not imported; see remediation-v2-stage6-image-review.json
111,java,stage10-lesson-111-java.jpg,ad8e23887c4e7e165a885342934d46fa6271b952007c80fa13c66c0f2caa90b6,Keep Java syntax out of Paper 2 unless Java is explicitly requested,48f085274665a126755a269c5ecb23ed5da32cf4d9839101df530e61deda6ae6,numeric;process-or-arrow,Reviewed,Reviewed,Approved,None,High,,CALC-030-JAVA-TRANSLATION-ENDIF,Passed,Stage 6 fresh current-pixel forward/reverse review; old Approved not imported; see remediation-v2-stage6-image-review.json
111,notation,stage10-lesson-111-notation.jpg,3127696d550a467883fd5ddf5b202a4b17a212b1d6c7cdf6964a89c08dbbae24,Use the symbols that make algorithm intent visible,19f233c30bd22a024baffdf570c0af8066a04502c38c658e3a2b760219bc3b11,numeric;formula-or-state;process-or-arrow,Reviewed,Reviewed,Approved,None,High,,,NotApplicable,Stage 6 fresh current-pixel forward/reverse review; old Approved not imported; see remediation-v2-stage6-image-review.json
111,readability,stage10-lesson-111-readability.jpg,6787504ef480ffe44b9c6417c2dfe8337ee18139056f5d05a97780d689846157,A marker should not need detective training,71a6255b878064c90e7795618dfee4e419c541ba9a4820ee5d2bea8392ec3eb4,conceptual,Reviewed,Reviewed,Approved,None,High,,,NotApplicable,Stage 6 fresh current-pixel forward/reverse review; old Approved not imported; see remediation-v2-stage6-image-review.json
111,structure,stage10-lesson-111-structure.jpg,cdb4a85165e090d2e0c89ac1bcb8e906a0fe7f17fa00d5754e4d0d48e34cbacf,Every opening should have a visible ending,642e0a487228eabbfb2b9f0905d2391685f168c05a2565cbacab38c34f3c8912,numeric;formula-or-state;process-or-arrow,Reviewed,Reviewed,Approved,None,High,,,NotApplicable,Stage 6 fresh current-pixel forward/reverse review; old Approved not imported; see remediation-v2-stage6-image-review.json
112,pseudocode,stage10-lesson-112-pseudocode.jpg,60a5070834184f170e45740e773aae50568389cf48aa73a8373e183fc5988081,Design in Cambridge pseudocode first; use Java only to support testing,a432abdd2829f516db9f089bf3538b60334f05b20b703c6376127b4545504f60,numeric;process-or-arrow,Reviewed,Reviewed,Approved,None,High,,CALC-031-DESIGN-ENDIF,Passed,Stage 6 fresh current-pixel forward/reverse review; old Approved not imported; see remediation-v2-stage6-image-review.json
112,requirements,stage10-lesson-112-requirements.jpg,9a8a3364128f98d4bff36f20728728ac3c95e8cbbb37aa661fdbe4ed47f31749,Words in the question usually signal a control structure,87d369970b072ed326947328dfb9704b8e8228755179f61b6cce439d67cca3c6,numeric;process-or-arrow,Reviewed,Reviewed,Approved,None,High,,,NotApplicable,Stage 6 fresh current-pixel forward/reverse review; old Approved not imported; see remediation-v2-stage6-image-review.json
112,structures,stage10-lesson-112-structures.jpg,e07afad73b012d42a0e0b5277ea9bf7e345c6695ba5c4d94daaa2c89cbdf5dd2,Pick the structure before writing the pseudocode,739c1a23b54cb4d49cd979d17ffac04ee630f6d1876574c6495df5a1c9835c13,numeric;formula-or-state;process-or-arrow,Reviewed,Reviewed,Approved,None,High,,,NotApplicable,Stage 6 fresh current-pixel forward/reverse review; old Approved not imported; see remediation-v2-stage6-image-review.json
113,fixer,stage10-lesson-113-fixer.jpg,0286503a9c03f58980ebfc3a9ae9b5099d64e33ffac9c4d43424dc9d10fb0047,Turn vague answers into mark-worthy answers,57aa3a889ced4d1a65abd7d9799cf9eaad67992de43533d529a7d07579bf98d8,conceptual,Reviewed,Reviewed,Approved,None,High,,,NotApplicable,Stage 6 fresh current-pixel forward/reverse review; old Approved not imported; see remediation-v2-stage6-image-review.json
113,patterns,stage10-lesson-113-patterns.jpg,4ce815ab743850b73126318c8160773e5fb47051c8160000c10d94986da63463,Match the scenario to the correct algorithm pattern,c46e39b19f888891e8b9143de795b11be0d22240d5547348073338927e853051,numeric;formula-or-state;process-or-arrow,Reviewed,Reviewed,Approved,None,High,,,NotApplicable,Stage 6 fresh current-pixel forward/reverse review; old Approved not imported; see remediation-v2-stage6-image-review.json
113,pseudocode,stage10-lesson-113-pseudocode.jpg,114cad011f35001e523bcfed5a15bdbb06b6d002f23b6ea7146d62f92f475075,Paper 2 wants readable Cambridge-style pseudocode,53bf8aeb806207ab90ce3649e952838e0731ca4049bf6d8cafcd9727bd3e0f9f,numeric;process-or-arrow,Reviewed,Reviewed,Approved,None,High,,,NotApplicable,Stage 6 fresh current-pixel forward/reverse review; old Approved not imported; see remediation-v2-stage6-image-review.json
113,retrieval,stage10-lesson-113-retrieval.jpg,97fcb6b2443b6a3d9d2e028c0a6523890c3c2401247834f1c0d756f62efe67ec,Section 9 in one page,415f2d8a27ea6b5c270dbf941d1b0e7fa6484949093bdd023108971c29604e64,numeric;process-or-arrow,Reviewed,Reviewed,Approved,None,High,,,NotApplicable,Stage 6 fresh current-pixel forward/reverse review; old Approved not imported; see remediation-v2-stage6-image-review.json
113,triage,stage10-lesson-113-triage.jpg,bea0ad1d8e5997e1ad84daec1484c7e9504fc50d38c9aa1e789b9e30e0f0ffda,Turn question wording into an algorithm plan,f21acff42ccaf64a1ca31a085b054325eff96af1e3cb9e1352631c1d16b3deb9,numeric;formula-or-state;process-or-arrow,Reviewed,Reviewed,Approved,None,High,,,NotApplicable,Stage 6 fresh current-pixel forward/reverse review; old Approved not imported; see remediation-v2-stage6-image-review.json
114,built-in,stage10-lesson-114-built-in.jpg,cc8ae10fa3855bb90c32ce23a718f336af72bed964e97f4afe003db5c5b4ddfe,Core AS-level data types,8324999c3eaf4fcd08739355679a1fab9e5b3397b4f1cfd200b61b1aabc46025,conceptual,Reviewed,Reviewed,Approved,None,High,,,NotApplicable,Stage 6 fresh current-pixel forward/reverse review; old Approved not imported; see remediation-v2-stage6-image-review.json
114,choose,stage10-lesson-114-choose.jpg,14f819aca9b50c29c6c4d7d1d78447af2a7f7d3bbc201f6745d9b0bbc49db6c4,"Use the scenario, not the surface appearance",6894c1cf4fd3c717be6d65ae747f6350c7c5131e0eec49ac2383f3b513e0a33a,process-or-arrow,Reviewed,Reviewed,Approved,None,High,,,NotApplicable,Stage 6 fresh current-pixel forward/reverse review; old Approved not imported; see remediation-v2-stage6-image-review.json
114,pseudocode,stage10-lesson-114-pseudocode.jpg,3c1aacb603bde122781778735917c85c855c05e16869970a5f203f6a74c02c72,The eight Cambridge pseudocode type names,fa61605f453083a027cb39d59f3d9fef5a7c238d5edca39e6533501df8eb06ce,numeric,Reviewed,Reviewed,Approved,None,High,,,NotApplicable,Stage 6 fresh current-pixel forward/reverse review; old Approved not imported; see remediation-v2-stage6-image-review.json
114,user-defined,stage10-lesson-114-user-defined.jpg,fc0ce1da7b4720d6faff43737d6256cc8d190d61a710050a138a34aa536854f3,When built-in types are not descriptive enough,9344e4ec71c61d4a179bfc987d6022039784bbce41979ff5eec21341b8add401,process-or-arrow,Reviewed,Reviewed,Approved,None,High,,,NotApplicable,Stage 6 fresh current-pixel forward/reverse review; old Approved not imported; see remediation-v2-stage6-image-review.json
114,why-types,stage10-lesson-114-why-types.jpg,284d8ccddb596ab7313609e35dd9b60c5236e3c33038f2a1fde27d553fff0ae5,A type controls meaning and valid operations,1c0bf9a2dad7a51a28be45be98e0b3704529983cf4ddeccbb1abc0eb54e7ba32,conceptual,Reviewed,Reviewed,Approved,None,High,,CALC-032-TYPE-EXAMPLES,Passed,Stage 6 fresh current-pixel forward/reverse review; old Approved not imported; see remediation-v2-stage6-image-review.json
115,assignment,stage10-lesson-115-assignment.jpg,f993ccaa4b7ddbe589df600440c354c19f3d6a84c4affd7f1df243dc185ad09d,"Right side first, left side second",c1a507a613239658dd8fb18ecd4d3aa17f908c50ec54dda0e4fb4b7c4cf1a6d2,numeric;formula-or-state,Reviewed,Reviewed,Approved,None,High,,,NotApplicable,Stage 6 fresh current-pixel forward/reverse review; old Approved not imported; see remediation-v2-stage6-image-review.json
115,constants,stage10-lesson-115-constants.jpg,c1b9d7589e1a747d6d826722897b9818179d859f94339ffded47e0f42f64ffeb,Name fixed values so the algorithm explains itself,699b19918d77ce03464a4934a6bad59688d0ccc9ced9b2d3782a09c0b6d28136,numeric;formula-or-state;process-or-arrow,Reviewed,Reviewed,Approved,None,High,,,NotApplicable,Stage 6 fresh current-pixel forward/reverse review; old Approved not imported; see remediation-v2-stage6-image-review.json
115,declare,stage10-lesson-115-declare.jpg,e8d349f09c85e68c7f7e1a903a49ef1512a95f18abf8f7047098c213108fc1b5,Declaration gives a name and a type before use,abb8f4bc09cef21fafd7b11479154e47a23b9a5f31685cb857e0a21caacd1959,process-or-arrow,Reviewed,Reviewed,Approved,None,High,,,NotApplicable,Stage 6 fresh current-pixel forward/reverse review; old Approved not imported; see remediation-v2-stage6-image-review.json
115,declare-119,stage10-lesson-119-declare.jpg,55ddf0f94d561a23d5c946f51d0fa6c933e5f94f40a0ebc4bde66f383fdaff03,"Define a record, then save and read named fields",8941b3d954ded6b16d775e7ac5afd96c80da6240be15d17f7d90c011433d6801,numeric;formula-or-state;process-or-arrow,Reviewed,Reviewed,Approved,None,High,,,NotApplicable,Stage 6 fresh current-pixel forward/reverse review; old Approved not imported; see remediation-v2-stage6-image-review.json
115,model,stage10-lesson-115-model.jpg,487d7c2ef0aaf9f814e06e768c8769ea5b5df863c67957c643b160d4164420e2,Identifiers name storage locations,561569cd98c556491e0ec92a0039e57ff0797e2087bf7a4f1083136476a13855,numeric;formula-or-state;process-or-arrow,Reviewed,Reviewed,Approved,None,High,,,NotApplicable,Stage 6 fresh current-pixel forward/reverse review; old Approved not imported; see remediation-v2-stage6-image-review.json
116,access,stage10-lesson-116-access.jpg,eb21a0bfea4408f30cc12735b9dec3a31b61a0f327e4e671dfd296afca8d5c15,The index points to exactly one element,07ffb67a8b7c1f93fabfc2bc77224d5ece1f477411291f3dd5049432dd4a5818,numeric,Reviewed,Reviewed,Approved,None,High,,,NotApplicable,Stage 6 fresh current-pixel forward/reverse review; old Approved not imported; see remediation-v2-stage6-image-review.json
116,declare,stage10-lesson-116-declare.jpg,0ed4389d58f7e3050f136fb86aed98efe58961796b9b27acbf112a719bbba92c,Bounds say which indexes are valid,a81dc74fda15c850ea8d6a4ed8a651d7f5dba3f2674ac05d165f00a13cc71e4f,numeric,Reviewed,Reviewed,Approved,None,High,,,NotApplicable,Stage 6 fresh current-pixel forward/reverse review; old Approved not imported; see remediation-v2-stage6-image-review.json
116,lookup,stage10-lesson-116-lookup.jpg,68eda7eeb1d4ff4e51a4f41138117693433424854afbe30030f295aa2aa8dcd7,Access one element,bc8ffdbeb89845d891e07c1493333128a2232464a666ec5aece7374ae48d911e,numeric;formula-or-state,Reviewed,Reviewed,Approved,None,High,,,NotApplicable,Stage 6 fresh current-pixel forward/reverse review; old Approved not imported; see remediation-v2-stage6-image-review.json
116,model,stage10-lesson-116-model.jpg,d7b9206278bcc562a106d14e72083686ca8efd5e5c586622eb04a0aec6d8f7ec,A one-dimensional array is a linear collection,d87a5149bcafac475e8047e018107ea29d98a6af870e6909e91b52016f01b010,numeric,Reviewed,Reviewed,Approved,None,High,,,NotApplicable,Stage 6 fresh current-pixel forward/reverse review; old Approved not imported; see remediation-v2-stage6-image-review.json
116,model-117,stage10-lesson-117-model.jpg,f0fb0b1c4ee580471523cf5d822f314d564319590926c422f117ae524c0f3e44,Rows and columns create coordinates,2c6809183194c124060f9c4b5952b84728e4f42315f112a188a1993b365878fd,numeric,Reviewed,Reviewed,Approved,None,High,,,NotApplicable,Stage 6 fresh current-pixel forward/reverse review; old Approved not imported; see remediation-v2-stage6-image-review.json
116,pseudocode,stage10-lesson-116-pseudocode.jpg,439019c55df11933c79ef448c57984b79d76ffa2e19f24e5f9c9d077e2808ea8,Cambridge bounds and Java indexes are not the same habit,793e0608fdf10923337771c55f240c0d3f712b02666d26b981994134717a8346,numeric;formula-or-state;process-or-arrow,Reviewed,Reviewed,Approved,None,High,,,NotApplicable,Stage 6 fresh current-pixel forward/reverse review; old Approved not imported; see remediation-v2-stage6-image-review.json
116,pseudocode-117,stage10-lesson-117-pseudocode.jpg,3ebbf74a9976f79efbbfbce58a050135b60a491665c9ff4db0395f98913fb0a7,Do not import Java indexing into Cambridge answers,1808dc29639c355ec9225f0278d462277553cfb0b05a9c9abeb9ddf1d57aa14a,numeric;process-or-arrow,Reviewed,Reviewed,Approved,None,High,,CALC-033-2D-OUTPUT,Passed,Stage 6 fresh current-pixel forward/reverse review; old Approved not imported; see remediation-v2-stage6-image-review.json
116,traversal,stage10-lesson-116-traversal.jpg,1ee10febee88562a2c5249a0069b4c3de597a233f7104801d564b8869cccf14f,Use a loop to visit every element,d39057e225ec70f94a8fd10db6580eb2d9dacd2bed14b7a16d696edf77be4c79,numeric;formula-or-state;process-or-arrow,Reviewed,Reviewed,Approved,None,High,,,NotApplicable,Stage 6 fresh current-pixel forward/reverse review; old Approved not imported; see remediation-v2-stage6-image-review.json
117,access,stage10-lesson-117-access.jpg,90fe2954b55886d3bb83047d62d1f8ea2faf55affc4591e483a7101ef9f4b63f,A cell needs row and column,52ec7afcde289a7e1f11b97565a7c7a72d71d1972de90d4eaab530eb7e011ef2,numeric;formula-or-state;process-or-arrow,Reviewed,Reviewed,Approved,None,High,,,NotApplicable,Stage 6 fresh current-pixel forward/reverse review; old Approved not imported; see remediation-v2-stage6-image-review.json
117,declare,stage10-lesson-117-declare.jpg,75ecb302d81c2fe9ff267b43d1ecbe9e14dfaf1c1cfa2b84efa0152c91e01670,Two dimensions need two ranges,5383938fe18efc6405fdd96441a223ec1e13dea79a234c9389dd81c7fc87bb7e,numeric,Reviewed,Reviewed,Approved,None,High,,,NotApplicable,Stage 6 fresh current-pixel forward/reverse review; old Approved not imported; see remediation-v2-stage6-image-review.json
117,lookup,stage10-lesson-117-lookup.jpg,4cc06d48b5415cd068a2883f9eee59eaacf7c056f35350d6f21937456da4a69a,"Read Marks[Row, Column]",21bf6102685387660007b1b9c4a7b84c8d63fb15dc377785570bccdfea8594e0,numeric,Reviewed,Reviewed,Approved,None,High,,,NotApplicable,Stage 6 fresh current-pixel forward/reverse review; old Approved not imported; see remediation-v2-stage6-image-review.json
117,nested,stage10-lesson-117-nested.jpg,a624a502afa2d45e3ca08077a4a22eb5c882fc2af5204689f736699e885bfe3f,"Outer row loop, inner column loop",781d6076d21c8aaa21abf7084c446d939e14985a00ac1a169201f58350c233eb,numeric;formula-or-state;process-or-arrow,Reviewed,Reviewed,Approved,None,High,,,NotApplicable,Stage 6 fresh current-pixel forward/reverse review; old Approved not imported; see remediation-v2-stage6-image-review.json
118,bubble,stage10-lesson-106-bubble.jpg,801f53eb0922da02f494c9bbf01b85cc3836fce94170d3df5058d496c369565f,Why bubble sort repeats adjacent comparisons,3e0730ed39eb052d6d4409aa3b7fe8338449ea4c1c72f5f7cec59fb81d33be66,numeric,Reviewed,Reviewed,Approved,None,High,,,NotApplicable,Stage 6 fresh current-pixel forward/reverse review; old Approved not imported; see remediation-v2-stage6-image-review.json
118,count,stage10-lesson-118-count.jpg,57429e31220c85fb807c25e5d2522fa8d9250f900660b916d46b02a4d4d10a22,Increment only when a condition is true,16a4d96bb76fafadca6b600b3c65a29c45d2e82e305a96e3fc19188c3b7ec292,numeric;process-or-arrow,Reviewed,Reviewed,Approved,None,High,,CALC-034-COUNT-CLOSED,Passed,Stage 6 fresh current-pixel forward/reverse review; old Approved not imported; see remediation-v2-stage6-image-review.json
118,linear,stage10-lesson-105-linear.jpg,3a38ac64255cd7ffc87d3874c48574fe795b0ab70e971e1ce3410139bba4dec4,Linear search checks each item in order,8e81e844e07073f7cb38d8c10e417559c0356eda90d3a75b792f529a9c15d312,conceptual,Reviewed,Reviewed,Approved,None,High,,,NotApplicable,Stage 6 fresh current-pixel forward/reverse review; old Approved not imported; see remediation-v2-stage6-image-review.json
118,patterns,stage10-lesson-118-patterns.jpg,9742e32b684a9d8582eb0cdb5e172144a9514ca11ebd001819f54ef5ae2b2745,Four array algorithm patterns,a1260b703df61f2f72e8ed3c4f948640c44b13bcb4c3e716424f6fd14addf06f,process-or-arrow,Reviewed,Reviewed,Approved,None,High,,,NotApplicable,Stage 6 fresh current-pixel forward/reverse review; old Approved not imported; see remediation-v2-stage6-image-review.json
118,pseudocode,stage10-lesson-118-pseudocode.jpg,d67b2be3b137bfbc413d0f4b2ffc5ca03f88bcf2670a52fe3c9a473a8bbc14e8,"Same algorithm, different array syntax",1cc4c5e2139941f083be1f4dc54ebebcad560267e303ff177d148a24d54125b4,numeric;process-or-arrow,Reviewed,Reviewed,Approved,None,High,,CALC-035-COUNT-EQUIVALENCE,Passed,Stage 6 fresh current-pixel forward/reverse review; old Approved not imported; see remediation-v2-stage6-image-review.json
118,search,stage10-lesson-118-search.jpg,180db534a8664c48cd9ab21673ed40f57714866b5cc2e0e9d887f49eb4591ba7,Use a flag to remember whether the target appeared,9b30718112cfe7ebb2aa140489418fd2230d83affda7e45d1724f340bbbda232,process-or-arrow,Reviewed,Reviewed,Approved,None,High,,CALC-036-SEARCH-CLOSED,Passed,Stage 6 fresh current-pixel forward/reverse review; old Approved not imported; see remediation-v2-stage6-image-review.json
118,selector,stage10-lesson-118-selector.jpg,a26176d2d77a5c4c1484cb2b902e452a2f7ffe65cdd06dd7859942c3e9abe5c7,Choose a scenario and inspect the matching template,7a1a5746cbdd7b89c2844b2d981cf2e9a7c5803de8e89d0d2f349f115d5d8db3,conceptual,Reviewed,Reviewed,Approved,None,High,,,NotApplicable,Stage 6 fresh current-pixel forward/reverse review; old Approved not imported; see remediation-v2-stage6-image-review.json
118,traversal,stage10-lesson-118-traversal.jpg,323a92cce2ef6373baca8b99ffa3442fd22a8a5d2b30d1cb7bcd92e11b4f0da3,Visit every element once,f395c558cde7387f92c3cca505be6c9d2a5b454df91f6e49be213f9b9dfb0407,numeric;formula-or-state;process-or-arrow,Reviewed,Reviewed,Approved,None,High,,,NotApplicable,Stage 6 fresh current-pixel forward/reverse review; old Approved not imported; see remediation-v2-stage6-image-review.json
118,update,stage10-lesson-118-update.jpg,9a3eb9f368d2c1c32680b55dd82447eae49f016c816dc9eff6d2c9d4255beb11,Change selected elements,6df529e5d8c080d7d42c30c8aa795129cc80f34438a06992cd80110e05fb234e,numeric;formula-or-state;process-or-arrow,Reviewed,Reviewed,Approved,None,High,,,NotApplicable,Stage 6 fresh current-pixel forward/reverse review; old Approved not imported; see remediation-v2-stage6-image-review.json
119,access,stage10-lesson-119-access.jpg,d3a4543873c374e0e1891d2da966ec366dae58b0ada3315c34a41d71e5658558,"Use the field name, not a numeric index",d44bd14940ffb529e27661867186a0aff46a620355442a6a040a2aadd52a7976,numeric;formula-or-state;process-or-arrow,Reviewed,Reviewed,Approved,None,High,,,NotApplicable,Stage 6 fresh current-pixel forward/reverse review; old Approved not imported; see remediation-v2-stage6-image-review.json
119,array-vs-record,stage10-lesson-119-array-vs-record.jpg,60657174955e06e923bebb1d3c9a62188f025fbb7b46bb77fd8dd58415508c3d,"Same type and index, or mixed fields and names?",2b3e9b2853ed1f39e266e308acc948bf1b0665744cb170f1a29c940ef26eca91,numeric,Reviewed,Reviewed,Approved,None,High,,,NotApplicable,Stage 6 fresh current-pixel forward/reverse review; old Approved not imported; see remediation-v2-stage6-image-review.json
119,concept,stage10-lesson-119-concept.jpg,e8cc8ae9dc64e72a46dba8fdc8b14bc79b2641b1b5c6ad8d318faf0a404e02a5,Composite data groups fields into one type,33d5ff0949d46880a37f1cec2ac32745c0a3ce3406539afccbee262a72446e00,conceptual,Reviewed,Reviewed,Approved,None,High,,,NotApplicable,Stage 6 fresh current-pixel forward/reverse review; old Approved not imported; see remediation-v2-stage6-image-review.json
119,lookup,stage10-lesson-119-lookup.jpg,218ba77bb629b923d3ed661cb41a2c58b0b7a817b923cd909fc7f1dbdaf2c80d,Read one field from a record,dc65594b5fd9334ba9d6cbb6b7fdb13d403aa9eb48b8231a0506130154c8e684,conceptual,Reviewed,Reviewed,Approved,None,High,,,NotApplicable,Stage 6 fresh current-pixel forward/reverse review; old Approved not imported; see remediation-v2-stage6-image-review.json
119,pseudocode,stage10-lesson-119-pseudocode.jpg,38f88cbf46661eb83b04dc4f47f70c034130d409f7231ffd2a01c0cd24064489,"Same modelling idea, different syntax",f84b3a0b7f2e7562412c8389e7cec5b0bf0a5eb54f846e9286a94138c9b4010b,process-or-arrow,Reviewed,Reviewed,Approved,None,High,,,NotApplicable,Stage 6 fresh current-pixel forward/reverse review; old Approved not imported; see remediation-v2-stage6-image-review.json
120,access,stage10-lesson-120-access.jpg,488191df8bff2cdd1718d2a70aacb5e8020a7c972846c708cb81063f89f1fe73,"Index first, then field name",d2e1611c91828c3d0b7be70129e86e35600c6a25fad65029bd52cd12aae4241d,numeric;formula-or-state;process-or-arrow,Reviewed,Reviewed,Approved,None,High,,,NotApplicable,Stage 6 fresh current-pixel forward/reverse review; old Approved not imported; see remediation-v2-stage6-image-review.json
120,concept,stage10-lesson-120-concept.jpg,4579b42c1b9ed11453b676cf5f88be512bc1f504bdfdc5926b09a1fed582a14e,"One array, many records, same record shape",6fdb0ee728eb900b6c7cfc590a1631c2a6cecbf0135b1d5b10a8787f3de78ce5,numeric,Reviewed,Reviewed,Approved,None,High,,,NotApplicable,Stage 6 fresh current-pixel forward/reverse review; old Approved not imported; see remediation-v2-stage6-image-review.json
120,declare,stage10-lesson-120-declare.jpg,db79c5925bdb87879ccaba15907a1c77e5bacf6318fe3de6a7741348a13eb2b1,"Define the record type, then declare the array",412717cb22d8c2919502b505ccc24c582f57dac1c489310c88566b52f7b86c31,numeric;process-or-arrow,Reviewed,Reviewed,Approved,None,High,,,NotApplicable,Stage 6 fresh current-pixel forward/reverse review; old Approved not imported; see remediation-v2-stage6-image-review.json
120,explorer,stage10-lesson-120-explorer.jpg,e142aca8b502809cf8b40bfd01e081e4a5abdd6b47c1764e72a36da4898bebf5,Read a field from a selected record,5b8c484aea445033c97d8bc0f6290ec3a29823de83656a37fad4048c8cafb87a,conceptual,Reviewed,Reviewed,Approved,None,High,,,NotApplicable,Stage 6 fresh current-pixel forward/reverse review; old Approved not imported; see remediation-v2-stage6-image-review.json
120,operations,stage10-lesson-120-operations.jpg,2d5759e762ca59a927a21930837db74eb424a1c27b24f26412a699d6403ddaae,"Search, count and update fields",d0d3337ae0e392197ed4dee907d0ac4f598c9a6e5a5c4d7a841ff08949cf6e4b,conceptual,Reviewed,Reviewed,Approved,None,High,,CALC-037-ALTERNATIVE-OPERATIONS,Passed,Stage 6 fresh current-pixel forward/reverse review; old Approved not imported; see remediation-v2-stage6-image-review.json
120,pseudocode,stage10-lesson-120-pseudocode.jpg,0d6c7eaafb01495a7c7e87fd9e5370a7f4e39d4a11f964b809fdf95562d20b9c,"Same structure, different syntax",550d440dabc8689759238da38acc2ff29e5573ef0c245169aea505582d7ba824,numeric;formula-or-state;process-or-arrow,Reviewed,Reviewed,Approved,None,High,,,NotApplicable,Stage 6 fresh current-pixel forward/reverse review; old Approved not imported; see remediation-v2-stage6-image-review.json
120,pseudocode-121,stage10-lesson-121-pseudocode.jpg,e9b08c34a1b6f4a06eacd8e6de9a5ae563333a154c019920344559e13dcec3e4,Cambridge pseudocode is the exam answer format,df3fd39775f933c05cafa5f65fddee7bc5429346dcee1f98ad5746149e63b34b,formula-or-state;process-or-arrow,Reviewed,Reviewed,Approved,None,High,,,NotApplicable,Stage 6 fresh current-pixel forward/reverse review; old Approved not imported; see remediation-v2-stage6-image-review.json
120,traversal,stage10-lesson-120-traversal.jpg,0b1c4e7a784459034c6ee4565e62d20f87c28cd3b8b5a70231de2e6786c3fb50,A loop visits each record; field access uses the loop index,48cd04651a61e934896d3e43b3e144a185784de0bfde590ecf415740b80f40b4,numeric;process-or-arrow,Reviewed,Reviewed,Approved,None,High,,CALC-038-RECORD-TRAVERSAL,Passed,Stage 6 fresh current-pixel forward/reverse review; old Approved not imported; see remediation-v2-stage6-image-review.json
121,concept,stage10-lesson-121-concept.jpg,dbdc207be7a3a692997632497d574b61e9aaf44a5661a1c188f472592681a8fe,"A text file stores characters, usually processed one line at a time",39f8ff46a67d1cd03bdac660e99a0c5076c37707af07ad7ab139e44c79f10aae,conceptual,Reviewed,Reviewed,Approved,None,High,,,NotApplicable,Stage 6 fresh current-pixel forward/reverse review; old Approved not imported; see remediation-v2-stage6-image-review.json
121,concept-123,stage10-lesson-123-concept.jpg,343d4d1a598d46bcf9d8838c876a5eded5e5735e636ded92e2e33bc362c49bc9,An ADT is data together with permitted operations,a7451fb5d3f0e4d9f0a5573ace7f706fff4b2b040ef91d8d01a3a13e8736e8a1,conceptual,Reviewed,Reviewed,Approved,None,High,,,NotApplicable,Stage 6 fresh current-pixel forward/reverse review; old Approved not imported; see remediation-v2-stage6-image-review.json
121,implementation,stage10-lesson-123-implementation.jpg,90eb3aab845f820138289664e61ee24ce3dcd94088fa2ee86834f572a4c77d76,"Implement stack, queue and linked list using arrays",9d6a33edfc446aad524cfed81c1fd6e3ad0a866d80efe0168c51100843253461,conceptual,Reviewed,Reviewed,Approved,None,High,,,NotApplicable,Stage 6 fresh current-pixel forward/reverse review; old Approved not imported; see remediation-v2-stage6-image-review.json
121,lifecycle,stage10-lesson-121-lifecycle.jpg,839d7322c5adc2f3774455115df165a85335fd861f7d3e02af77ef9f5934d905,"Open, process, close",4eb61c93655e964bee067003569e16e22b47823b5f15377d9f0b09493a7f4ba8,numeric,Reviewed,Reviewed,Approved,None,High,,,NotApplicable,Stage 6 fresh current-pixel forward/reverse review; old Approved not imported; see remediation-v2-stage6-image-review.json
121,mode-lab,stage10-lesson-121-mode-lab.jpg,d4b79f6391bd22f6ef0c129a58e43ac59bd34ae381d6d8076443b3c151c6ca50,Choose the correct file mode,1e3fce345c13a0d640b2406d16b19cdf0af45fca4183ffe320b6fe29ee3344e2,conceptual,Reviewed,Reviewed,Approved,None,High,,,NotApplicable,Stage 6 fresh current-pixel forward/reverse review; old Approved not imported; see remediation-v2-stage6-image-review.json
121,modes,stage10-lesson-121-modes.jpg,c7a60ee96212080ab0687705e3bfc5a638b6897a164d66e7c0a81425ac5e2804,Choose the mode before touching the file,f25dd5e17c26acb1330c7f269aabccfab8698b00d31a9de6360c304be4301e2c,process-or-arrow,Reviewed,Reviewed,Approved,None,High,,,NotApplicable,Stage 6 fresh current-pixel forward/reverse review; old Approved not imported; see remediation-v2-stage6-image-review.json
121,queue,stage10-lesson-123-queue.jpg,ee4e49e73df2ea28b0d79144177a6122c81540c761a5d80ebd909b195de4cf2f,Why two ends create FIFO,7fbe02f4791a3444ca07846464c0817eaefdc23ab164ab12cead4731aa27cc60,conceptual,Reviewed,Reviewed,Approved,None,High,,,NotApplicable,Stage 6 fresh current-pixel forward/reverse review; old Approved not imported; see remediation-v2-stage6-image-review.json
121,read,stage10-lesson-121-read.jpg,21501f8b2f760544011ecc2581c7b1c3203b967a5e98cc870f50e4a74c2426fb,Use EOF so the loop stops at the end of the file,b71aa63539d6176fb252b3903237c7cf63cbd7b2eb4878267f8ace8f1ae68332,process-or-arrow,Reviewed,Reviewed,Approved,None,High,,,NotApplicable,Stage 6 fresh current-pixel forward/reverse review; old Approved not imported; see remediation-v2-stage6-image-review.json
121,reader,stage10-lesson-121-reader.jpg,a657198a291c88b51e2b41d867f74f4cfd7482e4d895ddea77b1a5b841e626c4,Step through a WHILE NOT EOF loop,b339b77764261a7569338e59a950bccafbeb639aeb5433909c0b4dba658b5f3e,process-or-arrow,Reviewed,Reviewed,Approved,None,High,,CALC-039-EOF-ORDER,Passed,Stage 6 fresh current-pixel forward/reverse review; old Approved not imported; see remediation-v2-stage6-image-review.json
121,records,stage10-lesson-121-records.jpg,692e841e6517d2e791f897bc760a8ed4ff0a23c9e67b661852800dda85ce9359,A text line often represents one record,80208a082688b670ea512605da759c8cc23b5ff11a71f28c2bce6a2949799fd8,numeric;formula-or-state,Reviewed,Reviewed,Approved,None,High,,,NotApplicable,Stage 6 fresh current-pixel forward/reverse review; old Approved not imported; see remediation-v2-stage6-image-review.json
121,stack,stage10-lesson-123-stack.jpg,51958dacc695c355f049c92ee3d78947b50c4b668363096bd2bad9aba5428ec1,Why one open end creates LIFO,bd6445c1825c3f780cebe2b7dd65676aaf5ec05abd708361382be564825df0ca,conceptual,Reviewed,Reviewed,Approved,None,High,,,NotApplicable,Stage 6 fresh current-pixel forward/reverse review; old Approved not imported; see remediation-v2-stage6-image-review.json
121,write,stage10-lesson-121-write.jpg,f3bece65457bff4ca0beafddb91e73d424ec8c9f8de1aa2c889beaab7b7e0fc9,Write creates a new result; append adds to the existing story,c496c0285ec15420864d86cfcbeb48f124fabbe0a73a68f39c9626b2656f8f57,numeric,Reviewed,Reviewed,Approved,None,High,,,NotApplicable,Stage 6 fresh current-pixel forward/reverse review; old Approved not imported; see remediation-v2-stage6-image-review.json
122,concept,stage10-lesson-122-concept.jpg,c7b11a17f57bc3664c9931b7c1a67f0bdbfda2896cd9c778f39c08db38f37030,CSV-style means separated fields in a fixed order,ac42b6320c04e2ecefe15ea59a2f051caee43787dd3ccd426a6bb0dbba2fe84a,numeric,Reviewed,Reviewed,Approved,None,High,,,NotApplicable,Stage 6 fresh current-pixel forward/reverse review; old Approved not imported; see remediation-v2-stage6-image-review.json
122,format,stage10-lesson-122-format.jpg,4b1ebb916066ea50817a009556a1dfffd21cd074cd4ba98097f24f0a84971832,Design the format before writing code,5a0e9379984befaa5f2167b2026356e2d21582d9e34998a6bb31848ef2a3d89b,process-or-arrow,Reviewed,Reviewed,Approved,None,High,,,NotApplicable,Stage 6 fresh current-pixel forward/reverse review; old Approved not imported; see remediation-v2-stage6-image-review.json
122,parse,stage10-lesson-122-parse.jpg,9354fa6a65d6d89a3740f952bc0e500a8a5063de2011a7cdae01c6f4061cdd96,Use question-supplied CSV functions exactly,e03277fe47faeb056f19f7bed56f02ce0543764f2dcdd13179eed55187ad4eda,numeric;process-or-arrow,Reviewed,Reviewed,Approved,None,High,,,NotApplicable,Stage 6 fresh current-pixel forward/reverse review; old Approved not imported; see remediation-v2-stage6-image-review.json
122,parser,stage10-lesson-122-parser.jpg,52372e53117d66a32bd7965d3176e01458d94300191f25a39fce7d8bf94b76f5,Split a line into fields,03e508e8713befa6927b724bd0eedfa86119e72b7b7b45ba7f18ec48ee6b36f4,conceptual,Reviewed,Reviewed,Approved,None,High,,,NotApplicable,Stage 6 fresh current-pixel forward/reverse review; old Approved not imported; see remediation-v2-stage6-image-review.json
122,pseudocode,stage10-lesson-122-pseudocode.jpg,5537513203cbe74ab5630baabfe56c9432126196a22dddce1ac206cdbc7735cd,Question-supplied functions versus Java methods,218a3265c80233b878a84e586904981137f36d3ed4ef79860a8fb7ad5e846cdc,numeric,Reviewed,Reviewed,Approved,None,High,,,NotApplicable,Stage 6 fresh current-pixel forward/reverse review; old Approved not imported; see remediation-v2-stage6-image-review.json
122,types,stage10-lesson-122-types.jpg,90122b57bdcd543a8dbf2317bab0d4d98414f797e63ec4680aff6b2995d0b1ae,Convert CSV text before numeric comparison,98c84927b021e2b33d274499213e7474ab60acc7c58a84f6fc7a82e452b13df3,process-or-arrow,Reviewed,Reviewed,Approved,None,High,,CALC-040-CSV-CONVERSION,Passed,Stage 6 fresh current-pixel forward/reverse review; old Approved not imported; see remediation-v2-stage6-image-review.json
122,validate,stage10-lesson-122-validate.jpg,16eb1a5a2d0d43cfdeace48b84989c69e1f940e1def18f2b9f41112f31166b57,A structured file can still contain bad lines,be9086396677943210f3ca39ebb3317433c395f9862bcc5dc4efe95f0f8db0be,numeric;process-or-arrow,Reviewed,Reviewed,Approved,None,High,,,NotApplicable,Stage 6 fresh current-pixel forward/reverse review; old Approved not imported; see remediation-v2-stage6-image-review.json
122,validator,stage10-lesson-122-validator.jpg,7ae512e093b1f0ef1922bdf103a4e9d014e746a71833f82a8da6ff88dd98d86c,Check field count and mark type,20e3f1734ba5764cdbb3ff9fd15a83d57c54c13eaf5644623fcb14a2dd6c2151,conceptual,Reviewed,Reviewed,Approved,None,High,,,NotApplicable,Stage 6 fresh current-pixel forward/reverse review; old Approved not imported; see remediation-v2-stage6-image-review.json
123,errors,stage10-lesson-123-errors.jpg,7de64ce7330045dd05feab9aa14a5550f19ff95281426e7e5c4c130757fd2b8d,Why boundary checks come first,164d19260d9f41f8238496e63072c68576ace58e22ef6306e4a91537f77ddb61,process-or-arrow,Reviewed,Reviewed,Approved,None,High,,,NotApplicable,Stage 6 fresh current-pixel forward/reverse review; old Approved not imported; see remediation-v2-stage6-image-review.json
123,operations,stage10-lesson-123-operations.jpg,d192b96c20ff83840ddef591da3dfda405e1b6b0f3cba690625547a4a0d4d79b,Why operation names preserve meaning,0c7149917147367381d3ef309c779fbb1f53200e88fb9d8a8d4569a2ed2cdac4,conceptual,Reviewed,Reviewed,Approved,None,High,,,NotApplicable,Stage 6 fresh current-pixel forward/reverse review; old Approved not imported; see remediation-v2-stage6-image-review.json
123,pseudocode,stage10-lesson-123-pseudocode.jpg,15b413d349081b0766adfa442e5fb78bfee8b7666e097945a4113f858ff2ad09,Why pseudocode must expose state change,5dd603b550ffb8ae443035a2a6159b0a68eff3ec46770577cae3f178b5cc8427,process-or-arrow,Reviewed,Reviewed,Approved,None,High,,,NotApplicable,Stage 6 fresh current-pixel forward/reverse review; old Approved not imported; see remediation-v2-stage6-image-review.json
124,adt,stage10-lesson-124-adt.jpg,2a12a7bf1e3a231fea020ac9b15dfd1a627ca4cef57daf4627a9dd911b96617e,Use ADTs when the removal rule matters,9be5355aff76a5ba3eeafb0a086f972f0c3e996c03b69196dca27251bcc6f6eb,conceptual,Reviewed,Reviewed,Approved,None,High,,,NotApplicable,Stage 6 fresh current-pixel forward/reverse review; old Approved not imported; see remediation-v2-stage6-image-review.json
124,array,stage10-lesson-124-array.jpg,fd94455b7c49728f2623e51fdd7dd26098ec74d7044fcf107bd486f6de9789af,Use arrays for many similar values accessed by index,45dc603b1b2add665579ef881b9354300b61025eb5888c3f6bb36204610bf80a,numeric;formula-or-state;process-or-arrow,Reviewed,Reviewed,Approved,None,High,,,NotApplicable,Stage 6 fresh current-pixel forward/reverse review; old Approved not imported; see remediation-v2-stage6-image-review.json
124,criteria,stage10-lesson-124-criteria.jpg,f282a8a3bcdc6df6a67d5603a906dca9c98ac18420f213234714e6387a19cd98,"Start with the data and operations, not the keyword",dfb561c57ce4c69208fe374f70ee41d8f7702fa7bf4e28390e806e4a172493a0,process-or-arrow,Reviewed,Reviewed,Approved,None,High,,,NotApplicable,Stage 6 fresh current-pixel forward/reverse review; old Approved not imported; see remediation-v2-stage6-image-review.json
124,decision,stage10-lesson-124-decision.jpg,7d5892546843638947d2f2506a5340f260a835a916df3c3479e36209df16ab9e,Match scenario evidence to structure features,1ec42fa3ee66ee8e6a70565cd816ae931bd2464e5cb61de24d66eab815672817,numeric,Reviewed,Reviewed,Approved,None,High,,,NotApplicable,Stage 6 fresh current-pixel forward/reverse review; old Approved not imported; see remediation-v2-stage6-image-review.json
124,file,stage10-lesson-124-file.jpg,d212ef55564344e89a80d0ea42a1187713e08415ec1842bb79698c5ae0359513,Use files when data must persist or be exchanged,3b4435f8c159bb1cfc36382200cf4961867d70cd415b15c16b7030ce5ba996f0,process-or-arrow,Reviewed,Reviewed,Approved,None,High,,,NotApplicable,Stage 6 fresh current-pixel forward/reverse review; old Approved not imported; see remediation-v2-stage6-image-review.json
124,pseudocode,stage10-lesson-124-pseudocode.jpg,c12536f09bb0c72ad29ca8dd3b7abb9cddb22cffac7d13bf53a744ce850c4b9b,Justify the data structure in Cambridge answers,fa8568f7baf3cc58feb6dd799655419e33f18dedc3b93f116f982b5feef3cf39,numeric;process-or-arrow,Reviewed,Reviewed,Approved,None,High,,,NotApplicable,Stage 6 fresh current-pixel forward/reverse review; old Approved not imported; see remediation-v2-stage6-image-review.json
124,ranker,stage10-lesson-124-ranker.jpg,a3a07ed2af55092154e22eaa7baccc09d1de05223f14f32ab85a1b62751c10f7,Spot the answer that would earn marks,8586c69da51bd3f3218d1adf73bad3c05d93e971df6bcc08b1ae6c1524d8197d,conceptual,Reviewed,Reviewed,Approved,None,High,,,NotApplicable,Stage 6 fresh current-pixel forward/reverse review; old Approved not imported; see remediation-v2-stage6-image-review.json
124,record,stage10-lesson-124-record.jpg,0051deac6aef180c88ddcd15aca152afddae85f0cd3a84d10dff59e8236b783a,Use records when named fields belong to one entity,7aa0ff82e603cd153843eed2ae832f52f474fc192959bb8592bf0cd263d801d6,numeric,Reviewed,Reviewed,Approved,None,High,,,NotApplicable,Stage 6 fresh current-pixel forward/reverse review; old Approved not imported; see remediation-v2-stage6-image-review.json
125,arrays,stage10-lesson-125-arrays.jpg,ce72392bbd3a382cb0e99ca4cf9c1f808fbef87165cf37df09101c9305e72f01,Cambridge array bounds are stated explicitly,22513a10a06da3ed78ab038b1e411842ee1ec6c3fa965d8b20ba93611d82086d,numeric;formula-or-state,Reviewed,Reviewed,Approved,None,High,,,NotApplicable,Stage 6 fresh current-pixel forward/reverse review; old Approved not imported; see remediation-v2-stage6-image-review.json
125,assignment,stage10-lesson-125-assignment.jpg,e1d1a665e9066c79d3cdb67c90af14b98a7b11d821576c7ebb57d8fc5ba228f6,<- changes a value; = usually tests equality in conditions,a8841aefbf83bfa06951375677e8a085d9fe8a15b7a1b706f876cd099e4f45b5,numeric;formula-or-state;process-or-arrow,Reviewed,Reviewed,Approved,None,High,,,NotApplicable,Stage 6 fresh current-pixel forward/reverse review; old Approved not imported; see remediation-v2-stage6-image-review.json
125,constants,stage10-lesson-125-constants.jpg,4eeb158bfee2498330a71391bca44f31b05782125c4a7e390a601e8026f7104d,Constants are named values that should not change,49c031d20393f4795e91e5ce3d63090b736acedf4c9ad3dffca60d0b93e4b10a,numeric;formula-or-state,Reviewed,Reviewed,Approved,None,High,,,NotApplicable,Stage 6 fresh current-pixel forward/reverse review; old Approved not imported; see remediation-v2-stage6-image-review.json
125,principle,stage10-lesson-125-principle.jpg,462f7d97135b5d908f884456b51a81f2cc6df90dbb8b19afaa104104198b0ae3,Do not mix the two languages inside one answer,8e8ecb5ed3bbe0dca80aff93ad7524418b3068e65073d4508747c0c7ea959c8f,numeric;formula-or-state,Reviewed,Reviewed,Approved,None,High,,,NotApplicable,Stage 6 fresh current-pixel forward/reverse review; old Approved not imported; see remediation-v2-stage6-image-review.json
125,records,stage10-lesson-125-records.jpg,f94e197fab8ab8259ba508dd51371c39ef682e1f0973d9f7af357e996ab928c8,Record declarations use TYPE and ENDTYPE,fe055eabf6f57d0c4e4b1dce02b5217ae17860b87f17adf1585bcebf1b54a02b,formula-or-state,Reviewed,Reviewed,Approved,None,High,,,NotApplicable,Stage 6 fresh current-pixel forward/reverse review; old Approved not imported; see remediation-v2-stage6-image-review.json
125,sorter,stage10-lesson-125-sorter.jpg,9b75c64910e48e6efa990f4824a8a17306540c9da261e8ce1e199568b7a6352e,Which syntax belongs to which answer style?,57ccd4b0fc247a2e2cf3f608be29a51b3772fa98fffeb604e4cf9c5ff7af7794,conceptual,Reviewed,Reviewed,Approved,None,High,,,NotApplicable,Stage 6 fresh current-pixel forward/reverse review; old Approved not imported; see remediation-v2-stage6-image-review.json
125,types,stage10-lesson-125-types.jpg,3ece9c49c507bcd00ae279ccaabac9dde184e95becf3011c206565a0c9bfe499,"Map concepts, not spelling",2b3e220d0abf6f3b9a453d383e28b3f551b76699754b579b7ddee37afd981828,conceptual,Reviewed,Reviewed,Approved,None,High,,,NotApplicable,Stage 6 fresh current-pixel forward/reverse review; old Approved not imported; see remediation-v2-stage6-image-review.json
125,variables,stage10-lesson-125-variables.jpg,6622318d7b229d06487163284367889fe5730aee2cefe5469f2c10d37dc9d888,Declare first; initialise separately when needed,d007f4bc615a2fbce71cdb601bfbe531f0005a24c5e5a906ad1fbac68e4db844,numeric;formula-or-state,Reviewed,Reviewed,Approved,None,High,,,NotApplicable,Stage 6 fresh current-pixel forward/reverse review; old Approved not imported; see remediation-v2-stage6-image-review.json
126,adts,stage10-lesson-126-adts.jpg,0c8c2506efb4eaa807d20bee6e00b48bebb7a943b6b837dcc6fac61e1b12fe68,Order of removal is the key clue,ef16683d709f1ab976601f44de4785d0785cc328c804cf7992ed8c2f8fa7aeac,conceptual,Reviewed,Reviewed,Approved,None,High,,,NotApplicable,Stage 6 fresh current-pixel forward/reverse review; old Approved not imported; see remediation-v2-stage6-image-review.json
126,decision,stage10-lesson-126-decision.jpg,426d342b3e6e2baa537a9862f626dcfe868726b581912a6c97c16482270f7753,A good answer names the structure and the reason,1c107926912fd457b3735a257e139dfe3b89a9312e347f61cc6499ac03bc5b61,numeric;formula-or-state,Reviewed,Reviewed,Approved,None,High,,,NotApplicable,Stage 6 fresh current-pixel forward/reverse review; old Approved not imported; see remediation-v2-stage6-image-review.json
126,declare,stage10-lesson-126-declare.jpg,665b0a4109feebc9a4548cc698e312f963f72b860f46e037b3bf7997645c548a,Cambridge pseudocode remains the exam standard,62ad10cee85165f1168bdab230daf497eb839110c856274dbc7e4d0c92a33c40,numeric;process-or-arrow,Reviewed,Reviewed,Approved,None,High,,,NotApplicable,Stage 6 fresh current-pixel forward/reverse review; old Approved not imported; see remediation-v2-stage6-image-review.json
126,files,stage10-lesson-126-files.jpg,f09647c12f384772483eb287307629393044d21018133eedf4eb171b4cebb3fc,Files preserve data beyond the running program,e2bdba1e6b17710651da67064713508c9c8d13c605f4bf718b89bc57d50834c5,numeric,Reviewed,Reviewed,Approved,None,High,,,NotApplicable,Stage 6 fresh current-pixel forward/reverse review; old Approved not imported; see remediation-v2-stage6-image-review.json
126,improver,stage10-lesson-126-improver.jpg,5703d1b00a0c65070884c3a6e25f13d6d196e6aed65844398b693f716459e024,Turn a weak answer into a useful answer,86f2be9f9d435c21174a09a7af311907164aea97fc8a7a9d5e26de7ac0c3ec9a,conceptual,Reviewed,Reviewed,Approved,None,High,,,NotApplicable,Stage 6 fresh current-pixel forward/reverse review; old Approved not imported; see remediation-v2-stage6-image-review.json
126,map,stage10-lesson-126-map.jpg,71cb36d6353cc797cf594a41697edcf9c66bec6cc0cd04c9acb12b910e51c875,Section 10 in one review grid,163d499b33aa00d08b7b681beeb2371e614f9314838a1d5cdf777f10e8c4d0b9,numeric,Reviewed,Reviewed,Approved,None,High,,,NotApplicable,Stage 6 fresh current-pixel forward/reverse review; old Approved not imported; see remediation-v2-stage6-image-review.json
126,marks,stage10-lesson-126-marks.jpg,c9aa219a278592937b413a7e46b035867c5ab632ab37e8519834a2bfc6dd290d,Upgrade vague words into credit-bearing words,36299794f6c647101a821268fd4bd289fba038805f4317bcf19b7ff83565b19c,process-or-arrow,Reviewed,Reviewed,Approved,None,High,,,NotApplicable,Stage 6 fresh current-pixel forward/reverse review; old Approved not imported; see remediation-v2-stage6-image-review.json
127,constructs,stage10-lesson-127-constructs.jpg,075e1ee3b2ae16ceee4b313185c94dedb947054acf87f72b1c30eed59900e12b,Three control-flow ideas,f75c4b3d7d1daf8e30e4eaf57db364503f1be2b216fcf94476f7b91053a32780,process-or-arrow,Reviewed,Reviewed,Approved,None,High,,CALC-041-THREE-CONSTRUCTS,Passed,Stage 6 fresh current-pixel forward/reverse review; old Approved not imported; see remediation-v2-stage6-image-review.json
127,iteration,stage10-lesson-127-iteration.jpg,1d3a93438befc82cc3a5456f64aa5d3ce4571dcc1ee3ea6fea5a3ffffb14e12c,Loops repeat with control,471241f6ee875cdd89d3da37a53d36a7558f279711b299e25dd7c842a55a68ec,process-or-arrow,Reviewed,Reviewed,Approved,None,High,,CALC-042-LOOP-FORMS,Passed,Stage 6 fresh current-pixel forward/reverse review; old Approved not imported; see remediation-v2-stage6-image-review.json
127,java,stage10-lesson-127-java.jpg,dd3c066ef28ff9886891469d71864e6a6d6e362da6d47fdac132eccb6cf0937f,"Same logic, different exam language",451b8503a5bd2db28983b0cdefc9e8adf1f7a24b58a64c3d36280d1e2b1dbf02,numeric;process-or-arrow,Reviewed,Reviewed,Approved,None,High,,CALC-043-JAVA-SELECTION,Passed,Stage 6 fresh current-pixel forward/reverse review; old Approved not imported; see remediation-v2-stage6-image-review.json
127,selection,stage10-lesson-127-selection.jpg,5946e6c7c44e1307dfc8e79cfe7ccc360a720a24d7b8347069c21ce5cc514b23,Conditions decide the path,1d808efcf5e2df433f7aaf36c74c4f0453fb087b7b9f8666a2a85990f378fecf,numeric,Reviewed,Reviewed,Approved,None,High,,CALC-044-SELECTION-CLOSURES,Passed,Stage 6 fresh current-pixel forward/reverse review; old Approved not imported; see remediation-v2-stage6-image-review.json
127,sequence,stage10-lesson-127-sequence.jpg,7bd1033ee3b839eb718c8d071e495dd70db06e900fdd9944e843c20e7b7af653,Order changes meaning,e3264ea78adef6e155c2faaff7779f11c4d729c7fde6613ae324080e5912003b,formula-or-state;process-or-arrow,Reviewed,Reviewed,Approved,None,High,,,NotApplicable,Stage 6 fresh current-pixel forward/reverse review; old Approved not imported; see remediation-v2-stage6-image-review.json
127,standard,stage10-lesson-141-standard.jpg,999f9c28a0070d1dfd5dac66452a33a268570ce52ab5578a85475af35bb19077,Translate a flowchart or structured English into pseudocode,8f80e2008b51b683657ac38c3f517aefdcd79b819c6f0a5e328f3865321cacd8,process-or-arrow,Reviewed,Reviewed,Approved,None,High,,,NotApplicable,Stage 6 fresh current-pixel forward/reverse review; old Approved not imported; see remediation-v2-stage6-image-review.json
127,tracer,stage10-lesson-127-tracer.jpg,948debec34563d4013bc41acdd9408cee8e894974dcdff6665fe930fd72a897d,Run a small loop by hand,30b77a7de33dcfdc2efb5b43d598b4e86d33eb6848432f1cf3e24f99ed503379,numeric;formula-or-state;process-or-arrow,Reviewed,Reviewed,Approved,None,High,,,NotApplicable,Stage 6 fresh current-pixel forward/reverse review; old Approved not imported; see remediation-v2-stage6-image-review.json
128,choice,stage10-lesson-128-choice.jpg,a83a0ccf6fc95db3e93702db54187e56214f02e7b1237b0fe4cc972e0e16886f,Start with the shape of the decision,c7c37d952d341dcf15ac24f731bd9bf1648e0d3fdfaf41011ebba31d5e5b4946,numeric,Reviewed,Reviewed,Approved,None,High,,,NotApplicable,Stage 6 fresh current-pixel forward/reverse review; old Approved not imported; see remediation-v2-stage6-image-review.json
128,if,stage10-lesson-128-if.jpg,722f56632b4e7e246c40ff1684f3477a26f3b2a3117b194e77f7d61f1000bf8f,Use IF when a Boolean condition decides the route,ee1d46802ee8ec55bbbe1a8c1f2d8537a379ada06e108ae7a18e3f01ceaea0e3,numeric;formula-or-state;process-or-arrow,Reviewed,Reviewed,Approved,None,High,,,NotApplicable,Stage 6 fresh current-pixel forward/reverse review; old Approved not imported; see remediation-v2-stage6-image-review.json
128,java,stage10-lesson-128-java.jpg,71828d7873bef5c8f6e21b0f1c17af79e7b7e61f82317471e2bc5cb541017f67,"Same idea, different syntax",3da8268999aa4a877f01b64276d9365c6faa956cf2fc54035ddc4db37a6af301,conceptual,Reviewed,Reviewed,Approved,None,High,,CALC-046-CASE-JAVA-CLOSED,Passed,Stage 6 fresh current-pixel forward/reverse review; old Approved not imported; see remediation-v2-stage6-image-review.json
128,nested,stage10-lesson-128-nested.jpg,248775365f020115847b8893ed8096eec0a1884e5c670e3e8f42a7a707344215,A decision inside another decision,cc6c4fa98c112fd0b057b4f6d6aa66283d3e8c68b38bef7c5ef9477ff3fa9929,numeric;formula-or-state;process-or-arrow,Reviewed,Reviewed,Approved,None,High,,,NotApplicable,Stage 6 fresh current-pixel forward/reverse review; old Approved not imported; see remediation-v2-stage6-image-review.json
128,path,stage10-lesson-128-path.jpg,18e3826b9fec27a9bfb7113d0a25880953fdab533012301f359f6da5f32955d4,Trace a nested IF,587f7104d08ec87c282202a394dc790ee01c0605d7234a1351a998de47e13611,process-or-arrow,Reviewed,Reviewed,Approved,None,High,,,NotApplicable,Stage 6 fresh current-pixel forward/reverse review; old Approved not imported; see remediation-v2-stage6-image-review.json
128,pseudocode,stage10-lesson-115-pseudocode.jpg,4a022be33e5cad2219261bf64299a666da254047f7185054179681db714c2896,"The symbol changes, the update idea does not",e2c96f8cd5b9601621121adf653c2e15eba841e2417a4adf7b38237f03e4db75,numeric;formula-or-state;process-or-arrow,Reviewed,Reviewed,Approved,None,High,,,NotApplicable,Stage 6 fresh current-pixel forward/reverse review; old Approved not imported; see remediation-v2-stage6-image-review.json
129,arrays,stage10-lesson-129-arrays.jpg,9f696e61d45ed3d17eb9632852e74507093b9aae50485da610499356313833c1,FOR loops are natural for fixed array bounds,53b86c3b21e22b6cc8b6de7fe64d567ecb52de338b76fa5653ccaa82420d88f7,numeric;formula-or-state;process-or-arrow,Reviewed,Reviewed,Approved,None,High,,,NotApplicable,Stage 6 fresh current-pixel forward/reverse review; old Approved not imported; see remediation-v2-stage6-image-review.json
129,bounds,stage10-lesson-129-bounds.jpg,fba7595f100e774a3408f8c92bfe2017410d2494acb7ad673ced0dbe4bd57f8b,One wrong bound can miss or invent an iteration,2209868b9264f50b4ac5215c8dace7e836bc8682c8399ed8c0d2eab78c863486,numeric,Reviewed,Reviewed,Approved,None,High,,,NotApplicable,Stage 6 fresh current-pixel forward/reverse review; old Approved not imported; see remediation-v2-stage6-image-review.json
129,counter,stage10-lesson-129-counter.jpg,bd9dba48e0fefecba5a1dbf1711d66808976b2ae872475684d1286150f29c6e4,Do not confuse the counter with the running total,72dd2b50783a5c7ce94944ddf4eb82d745ed5c9443a5424bbfe1c8fdc079fbd1,numeric,Reviewed,Reviewed,Approved,None,High,,,NotApplicable,Stage 6 fresh current-pixel forward/reverse review; old Approved not imported; see remediation-v2-stage6-image-review.json
129,java,stage10-lesson-129-java.jpg,49de08f3225bed7a2895eb13b29fdef22e30051ea5e4066cb1ddae92e5197fab,"Java for loops are useful, but not the exam answer format",9ffced49aeb287f97e0440e2d49bfb9484e7a105624bbb8e53e859e181c883ae,numeric;formula-or-state;process-or-arrow,Reviewed,Reviewed,Approved,None,High,,,NotApplicable,Stage 6 fresh current-pixel forward/reverse review; old Approved not imported; see remediation-v2-stage6-image-review.json
129,substring,stage10-lesson-134-substring.jpg,126859fc4b6a47f7f44664557bafa9736fc86fc533ae9c68af4ad2e246a3a388,Use the string-function definition supplied in the question,9b60a757baa688a7c0f6478d87b5070b9624ef586f99e244cf6da6d20158e69f,process-or-arrow,Reviewed,Reviewed,Approved,None,High,,,NotApplicable,Stage 6 fresh current-pixel forward/reverse review; old Approved not imported; see remediation-v2-stage6-image-review.json
130,case,stage10-lesson-128-case.jpg,13cf0055126a4752540b930d4150102364c7d11f0b852c9e1d1290c7c67c2786,Use CASE for clear values of one expression,4dc19d5b2699792db690f6713a55449d5a809ec25de0d68d532086d7278200c4,conceptual,Reviewed,Reviewed,Approved,None,High,,CALC-045-CASE-CLOSED,Passed,Stage 6 fresh current-pixel forward/reverse review; old Approved not imported; see remediation-v2-stage6-image-review.json
130,compare,stage10-lesson-130-compare.jpg,a24ab8b01ba432546fd3cbb77a8dd9ddae1b2018b3555f8219536ba5ec52cfd6,The difference is when the condition is tested,71d4207be38b970f0b61894a39b49811ccf5ff3c7225e19a866c0390e250eda3,process-or-arrow,Reviewed,Reviewed,Approved,None,High,,,NotApplicable,Stage 6 fresh current-pixel forward/reverse review; old Approved not imported; see remediation-v2-stage6-image-review.json
130,for,stage10-lesson-129-for.jpg,0ef620da6459ae733ed35f4d9a1ec1645de0da8a8d59eef92dca1ff8701d6df7,"A FOR loop has a counter, a start value and an end value",c2cceb2e002022c2e2f09bc3cf318e7185269ddfecb8cd1d5595c07c2a9d213f,numeric;formula-or-state;process-or-arrow,Reviewed,Reviewed,Approved,None,High,,,NotApplicable,Stage 6 fresh current-pixel forward/reverse review; old Approved not imported; see remediation-v2-stage6-image-review.json
130,java,stage10-lesson-130-java.jpg,d206e9607ad030cf1b25a405460b4e60dadc71f422b29504e54d99b061b61205,"Java syntax is support, not Cambridge pseudocode",0db475fb17cb72b36c70bc12ffa98287720819bb4257413e407463e38ad85568,numeric;formula-or-state;process-or-arrow,Reviewed,Reviewed,Approved,None,High,,,NotApplicable,Stage 6 fresh current-pixel forward/reverse review; old Approved not imported; see remediation-v2-stage6-image-review.json
130,repeat,stage10-lesson-130-repeat.jpg,fa31828822e122c297d48d55a1691f62fe0ac64043581f8f935a0b679a999a71,"Post-condition loop: run once, then check",5788e8258390e8027f9d8056f4332db93140d3c6e31f39bd7425932231115f2c,numeric;process-or-arrow,Reviewed,Reviewed,Approved,None,High,,CALC-047-ONE-INPUT-PER-ATTEMPT,Passed,Stage 6 fresh current-pixel forward/reverse review; old Approved not imported; see remediation-v2-stage6-image-review.json
130,sentinel,stage10-lesson-130-sentinel.jpg,3c53ba760ab9df9d03f8ee4a206e965a3a6a9a2c4a9694b7bc0390ab74515612,A special value can stop the loop,279d4b8612f00638bd5096e352341ccb7c7dd3a4c64da7fff506a5f7f892cc18,numeric;process-or-arrow,Reviewed,Reviewed,Approved,None,High,,,NotApplicable,Stage 6 fresh current-pixel forward/reverse review; old Approved not imported; see remediation-v2-stage6-image-review.json
130,validation,stage10-lesson-130-validation.jpg,b3d1dd38dbd6c9c9b3b85cf4cc21c210680c4db7c2399c393abdf4ca2d9eb0f9,Keep asking until the input is valid,1dcf70b847ffdd40e328685cc2019b731b3e331c041c87969fe9068b66274a3b,numeric;formula-or-state;process-or-arrow,Reviewed,Reviewed,Approved,None,High,,,NotApplicable,Stage 6 fresh current-pixel forward/reverse review; old Approved not imported; see remediation-v2-stage6-image-review.json
130,while,stage10-lesson-130-while.jpg,edef10ffb0328ccb5717e13c689e8ab9215932974d4f89ec37c0f2e8548833b1,Pre-condition loop: check before running,1609de17ab7a48cdfa6f16acdf866ced5fc78e58cb8d543ad62ef06d8ae7a925,process-or-arrow,Reviewed,Reviewed,Approved,None,High,,,NotApplicable,Stage 6 fresh current-pixel forward/reverse review; old Approved not imported; see remediation-v2-stage6-image-review.json
131,byref-compare,stage10-lesson-132-compare.jpg,d482f70a2f2c77162b08d32cd1c9b8d551ad18aea1f1ab29d23d839017090c37,"Same procedure body, different final result",05fe5dc06db0935eee8736e77d83af73ba3b58e645ce6f957f8b95104c7ae3f6,conceptual,Reviewed,Reviewed,Approved,None,High,,,NotApplicable,Stage 6 fresh current-pixel forward/reverse review; old Approved not imported; see remediation-v2-stage6-image-review.json
131,calls,stage10-lesson-131-calls.jpg,f6d9a9e2e20e2028c44cf23900caa6777e226b1395e1c159d8669f8d731a461f,Function calls can appear where a value is needed,3270b6acec2e95cb94223603c056a4dd2be095248cc4c88087c679009a9f8306,formula-or-state;process-or-arrow,Reviewed,Reviewed,Approved,None,High,,,NotApplicable,Stage 6 fresh current-pixel forward/reverse review; old Approved not imported; see remediation-v2-stage6-image-review.json
131,compare,stage10-lesson-131-compare.jpg,c8a7d6ccbe768786db9fa9dadcc763a71b8725b8a4b8ea0951f499214952fd9a,The mark-winning difference is the returned value,80bff734a2be7330427817da4f499f5ddd642322e27a0f68b1f8a60cbeb08e10,conceptual,Reviewed,Reviewed,Approved,None,High,,,NotApplicable,Stage 6 fresh current-pixel forward/reverse review; old Approved not imported; see remediation-v2-stage6-image-review.json
131,function,stage10-lesson-131-function.jpg,5cd2c853e615c392d0088046fd5d114d432191635aa76439383423baf9f106af,A function returns a value to the caller,0fbf2b9af801fa99118575dbac3c983582beee7c7e2cd9024b16d5fb821b49bf,numeric;formula-or-state,Reviewed,Reviewed,Approved,None,High,,,NotApplicable,Stage 6 fresh current-pixel forward/reverse review; old Approved not imported; see remediation-v2-stage6-image-review.json
131,java,stage10-lesson-131-java.jpg,bf3e9cd52cd91362e98a0dfe91537ec80ca2237a9c5ca194393860c4f0953f97,Java method syntax is not Cambridge pseudocode,dec5d3ff5be5f2950fe7ac9eb60f0afe81ab499c0929b8ae9bf602dfacefe323,numeric,Reviewed,Reviewed,Approved,None,High,,,NotApplicable,Stage 6 fresh current-pixel forward/reverse review; old Approved not imported; see remediation-v2-stage6-image-review.json
131,parameters,stage10-lesson-131-parameters.jpg,8f439b2b82370dd9dc3acad9688bbf3355504957b36733e874473eb6cff5b252,A subprogram interface connects caller and header,4e7a5d502ed327cc9b31ffb38fe4a2ae3c2e03cbbfa842e1d308cb076747ed37,process-or-arrow,Reviewed,Reviewed,Approved,None,High,,CALC-048-FUNCTION-SELECTIONS,Passed,Stage 6 fresh current-pixel forward/reverse review; old Approved not imported; see remediation-v2-stage6-image-review.json
131,procedure,stage10-lesson-131-procedure.jpg,9d3145713204d0baa396560f4912c73b3c478b8bbb611bf5c93962a6e2cb6517,A procedure performs actions and returns no value,79124d7079b0187a790d63c295d6802529e20b49ee99f5cb1034d2794358c3e3,conceptual,Reviewed,Reviewed,Approved,None,High,,,NotApplicable,Stage 6 fresh current-pixel forward/reverse review; old Approved not imported; see remediation-v2-stage6-image-review.json
131,returner,stage10-lesson-131-returner.jpg,068442332c09cf4ee5d8f5a95c16a74232ac3cafddd467c77fb62d06f6aefdcc,Calculate a function return value,63fabb459555ef2c33863dcd43210c2a07deeb1eca8946bb068bfce6d236b5a6,numeric,Reviewed,Reviewed,Approved,None,High,,,NotApplicable,Stage 6 fresh current-pixel forward/reverse review; old Approved not imported; see remediation-v2-stage6-image-review.json
132,java,stage10-lesson-132-java.jpg,484c90bdfb3c4313f7ee3167634cb5aec132db83a5264080e4e94ff0c3e50b14,Do not replace Cambridge BYREF with Java syntax,bfd2d7bbc9b9b7b699f7c23ac32192e8203a5559b15b35497c445235d29d7ce5,numeric;formula-or-state,Reviewed,Reviewed,Approved,None,High,,,NotApplicable,Stage 6 fresh current-pixel forward/reverse review; old Approved not imported; see remediation-v2-stage6-image-review.json
132,reference,stage10-lesson-132-reference.jpg,0606efacfe02668fb4af55ce65027843b39d65239fd23facf1392c12be2defa3,BYREF links the parameter back to the caller's variable,ad55d253a2c397216b1c2a58257ea44f15b5bdf031890cfbfe87fa4e75ce15ce,numeric;formula-or-state;process-or-arrow,Reviewed,Reviewed,Approved,None,High,,,NotApplicable,Stage 6 fresh current-pixel forward/reverse review; old Approved not imported; see remediation-v2-stage6-image-review.json
132,terms,stage10-lesson-132-terms.jpg,2472bf617823216a9e49cd812e29a8bd2713b69949334c698d582e3840716c9b,The header names the parameter. The call supplies the argument.,51f9d5d58f63365512f69643753f7aa48905391dd34870c8fcbec816f9d7b1a1,formula-or-state;process-or-arrow,Reviewed,Reviewed,Approved,None,High,,,NotApplicable,Stage 6 fresh current-pixel forward/reverse review; old Approved not imported; see remediation-v2-stage6-image-review.json
132,use,stage10-lesson-132-use.jpg,cfeff3c827d0cd317a5bf6aadb810cf24a26fd96e804920ea7aeb2530ed53340,Use it when the procedure must deliberately update caller data,d742a0a2edda5fd1620131ff7aa329beaa31118de2ff19123657d6504d286ddc,conceptual,Reviewed,Reviewed,Approved,None,High,,,NotApplicable,Stage 6 fresh current-pixel forward/reverse review; old Approved not imported; see remediation-v2-stage6-image-review.json
132,value,stage10-lesson-132-value.jpg,2c82a526f943559a942fee69eb56808f64fb9f541ff8cd711cfd43da0967eb65,By value means the subroutine works with a copy,526489d1e051424ad9b4dfa0159fbc70a0b92a88a800acd207b135cc7f756e76,numeric;formula-or-state;process-or-arrow,Reviewed,Reviewed,Approved,None,High,,,NotApplicable,Stage 6 fresh current-pixel forward/reverse review; old Approved not imported; see remediation-v2-stage6-image-review.json
133,compare,stage10-lesson-133-compare.jpg,4bb5dd0dababbe897d00b2d554a76ede2d2f4067ef550ba61325d4db798ab48c,Local and global variables differ by accessibility and lifetime,9c9c70db1851577a416fabd2369e74d38339212cce72681fd8e0e1e655a9385a,conceptual,Reviewed,Reviewed,Approved,None,High,,,NotApplicable,Stage 6 fresh current-pixel forward/reverse review; old Approved not imported; see remediation-v2-stage6-image-review.json
133,global,stage10-lesson-133-global.jpg,ca9e5c7d7948a42ed97b1e1a7f0e8cae990390fd76dd9f447fef0d1a3f73ead1,Global variables are declared outside subroutines and can be accessed widely,5569d72cd4113c255331ba6ad98473e8af794bb9eaa3dee763dec28d71a69570,numeric;formula-or-state,Reviewed,Reviewed,Approved,None,High,,,NotApplicable,Stage 6 fresh current-pixel forward/reverse review; old Approved not imported; see remediation-v2-stage6-image-review.json
133,java,stage10-lesson-133-java.jpg,51c6ee363c40d35e12168d8201bfc7fabe6b45e1be49f6a0dcb9f7b440f51d3e,"Java helps illustrate scope, but Cambridge pseudocode remains the answer format",3dad1e87f246f7624d48093f45414afe6e0b0243d48ae20aa60dd7d46377ad6a,numeric;formula-or-state;process-or-arrow,Reviewed,Reviewed,Approved,None,High,,,NotApplicable,Stage 6 fresh current-pixel forward/reverse review; old Approved not imported; see remediation-v2-stage6-image-review.json
133,lifetime,stage10-lesson-133-lifetime.jpg,9b2e538422179bf89302bd66d65a75cec3aeda154c5428248782c2c2287911f4,Lifetime means how long a variable exists during execution,6e357e3fb19d83bdefcb835cdb2088886b114a0ecd73a916466228fcf5dc3c10,conceptual,Reviewed,Reviewed,Approved,None,High,,,NotApplicable,Stage 6 fresh current-pixel forward/reverse review; old Approved not imported; see remediation-v2-stage6-image-review.json
133,local,stage10-lesson-133-local.jpg,b50f58c802450e74e9c4de43b8599b232f47d90a6826e742533ed76acf595d40,Local variables are declared inside a subroutine or block,cb6e14512b7a4b0dac9dc477c0a637af0e5a7eb1340b1b36e95d4580952870f7,numeric;formula-or-state;process-or-arrow,Reviewed,Reviewed,Approved,None,High,,,NotApplicable,Stage 6 fresh current-pixel forward/reverse review; old Approved not imported; see remediation-v2-stage6-image-review.json
133,scope,stage10-lesson-133-scope.jpg,63501f88968f0a20ce6889661008f887076b03ad1924d478f1c9f33c6b114238,Scope means where a variable or identifier can be accessed,9f408d6865ed3ace2c60f534e429422e47383481c4dbca325143ac126040c97a,numeric;formula-or-state;process-or-arrow,Reviewed,Reviewed,Approved,None,High,,,NotApplicable,Stage 6 fresh current-pixel forward/reverse review; old Approved not imported; see remediation-v2-stage6-image-review.json
133,shadowing,stage10-lesson-133-shadowing.jpg,52ec447e48a634f17d906c463a2bb8680b493f3647dfad4b3dce842838f415e2,A local variable can hide a global variable with the same name,84e7d5de659e7c559ac7836594b0262e98dbdb0d4d24f9e810e64efbec8398e8,numeric,Reviewed,Reviewed,Approved,None,High,,CALC-049-SHADOWING-DECLARATIONS,Passed,Stage 6 fresh current-pixel forward/reverse review; old Approved not imported; see remediation-v2-stage6-image-review.json
134,case,stage10-lesson-134-case.jpg,3c0c2567a137f9cc578afc2e5f56891bcbd5a9c4f28e8b2713344d26e4ab4ce6,LCASE and UCASE convert one CHAR,275f1e2dac3373dbf79cfef5e37a365e32452681fdebe03852b78ae72bd40484,process-or-arrow,Reviewed,Reviewed,Approved,None,High,,CALC-050-CASE-NORMALISATION,Passed,Stage 6 fresh current-pixel forward/reverse review; old Approved not imported; see remediation-v2-stage6-image-review.json
134,concat,stage10-lesson-134-concat.jpg,664236145ee017a8401cd0565dfb98442b2688d051e1bdfb4aee555ea2596eff,Concatenation joins STRING values,913e450c05569e532db3ccaa56298e5b3932461d48bc2dcb33ec7a782f86f494,numeric;formula-or-state,Reviewed,Reviewed,Approved,None,High,,,NotApplicable,Stage 6 fresh current-pixel forward/reverse review; old Approved not imported; see remediation-v2-stage6-image-review.json
134,java,stage10-lesson-134-java.jpg,237daf31e2a28b46459a76e83e0c3aa2be22088c567e986fd5b3f0fa3671ae56,MID and Java substring use different positions,2f6603d3357ea39447a13381f8921281a8f115fde15ec89261b401b2b5f206e1,numeric,Reviewed,Reviewed,Approved,None,High,,,NotApplicable,Stage 6 fresh current-pixel forward/reverse review; old Approved not imported; see remediation-v2-stage6-image-review.json
134,java-140,stage10-lesson-140-java.jpg,f5a8fdef26683846fb30a2762a079fd268bddc20ccd716730a3709a5eaed3d84,"Java methods can model modularity, but Cambridge pseudocode remains the exam format",f69142957593d801c8c01e987dd90463abc4a2b06ba2d9f5e3051c3a0d7ec6dc,numeric;formula-or-state,Reviewed,Reviewed,Approved,None,High,,,NotApplicable,Stage 6 fresh current-pixel forward/reverse review; old Approved not imported; see remediation-v2-stage6-image-review.json
134,lab,stage10-lesson-134-lab.jpg,118b6cee403ef7ca4cc894ddcbedd7682520c2c0971bc81199fd1be4d14587ae,Test a built-in function,407d6ba05c2d90c35657b6e2d860751e368789f742325b1bbe6870b17c7a8923,numeric,Reviewed,Reviewed,Approved,None,High,,,NotApplicable,Stage 6 fresh current-pixel forward/reverse review; old Approved not imported; see remediation-v2-stage6-image-review.json
134,length,stage10-lesson-134-length.jpg,fd907f327957c7ac9c150779a3eaee603eacaa399f9c2b8e9f24dd53df0a79e5,LENGTH(String) returns the number of characters,b0b5d77f452d6fc2d3d029f66132d876e562c1d5618bccede726e042b79debda,numeric;formula-or-state;process-or-arrow,Reviewed,Reviewed,Approved,None,High,,CALC-017-LENGTH,Passed,Stage 6 fresh current-pixel forward/reverse review; old Approved not imported; see remediation-v2-stage6-image-review.json
134,position,stage10-lesson-134-position.jpg,cd14919c60829466ce60cc4d6ef76a4847bf2451a73743cc665bd172e4871e4d,Exam traces must follow the position convention stated or implied,3c4b3d8bb786f080aa0400a370d5d980f9c5d75a3aa7ac687beccfbe3b7e5982,numeric;formula-or-state;process-or-arrow,Reviewed,Reviewed,Approved,None,High,,,NotApplicable,Stage 6 fresh current-pixel forward/reverse review; old Approved not imported; see remediation-v2-stage6-image-review.json
134,strings,stage10-lesson-134-strings.jpg,144b8093410b78983952ed7c5e5565f277e2766fe2f72253450a35bf3848e948,A string is a sequence of characters,a2ecc1442523ec9582c386848bbdca7869aeaf35887f43eb274f2130734b1133,formula-or-state;process-or-arrow,Reviewed,Reviewed,Approved,None,High,,,NotApplicable,Stage 6 fresh current-pixel forward/reverse review; old Approved not imported; see remediation-v2-stage6-image-review.json
135,calculator,stage10-lesson-135-calculator.jpg,09e764c3a0ddef6bd78cc2b844f17755de717c54a74e461b701db4466f64e6e9,"Compare / , DIV and MOD",daee9aee55f060746bd904467bd55c86656e87f5c0681e244fde1c3f3aad0a8c,conceptual,Reviewed,Reviewed,Approved,None,High,,,NotApplicable,Stage 6 fresh current-pixel forward/reverse review; old Approved not imported; see remediation-v2-stage6-image-review.json
135,division,stage10-lesson-135-division.jpg,31ea09da6208fc267b2c6c795446e45fd8b8f8a5d4547c250a82c4fbd58bda2d,DIV returns the whole-number quotient,8b8d0f91f7a425a05e13e1d11705d3a95210ed3fa3a79fa56a23445926150b20,numeric;formula-or-state;process-or-arrow,Reviewed,Reviewed,Approved,None,High,,,NotApplicable,Stage 6 fresh current-pixel forward/reverse review; old Approved not imported; see remediation-v2-stage6-image-review.json
135,java,stage10-lesson-135-java.jpg,28f19fd1e712f04976c8a24a9f7a63418346d3167852a0de9e7fcffe4c435371,"Java can support the idea, but Cambridge pseudocode remains the answer format",a7d347f8165c49046345455a41a4e7b0ee4ffcc85a0ef6974f357121f38e73d7,formula-or-state,Reviewed,Reviewed,Approved,None,High,,,NotApplicable,Stage 6 fresh current-pixel forward/reverse review; old Approved not imported; see remediation-v2-stage6-image-review.json
135,mod,stage10-lesson-135-mod.jpg,6b5d13ed685d0a8ea4578dfb51e75a79a7261be49deacf87a91c59a10e4a47e3,MOD returns the remainder,d7a2d07a83e975e1ae1fb4a918449477405bbd3e63f1ac78f6102b0511e4b026,numeric;formula-or-state;process-or-arrow,Reviewed,Reviewed,Approved,None,High,,,NotApplicable,Stage 6 fresh current-pixel forward/reverse review; old Approved not imported; see remediation-v2-stage6-image-review.json
135,operators,stage10-lesson-135-operators.jpg,d5bdaec752f4c2b124985ea4ce0181e35456aaefc50daae2f78cc6bfed7191a6,Operators combine values to calculate a result,e7c16c3b0f4791ce7d34f33e6f11240b0cd461b2cd81c4e9443fc70017a285c1,numeric;formula-or-state,Reviewed,Reviewed,Approved,None,High,,,NotApplicable,Stage 6 fresh current-pixel forward/reverse review; old Approved not imported; see remediation-v2-stage6-image-review.json
135,patterns,stage10-lesson-135-patterns.jpg,98850c25c283e9a4afb0c3d053230e02ca111a91530efcae8da8ca6087731e23,DIV and MOD often appear in practical algorithm tasks,81d4ddd0d737c2f3812cb411897e0343831325dd96218ed1d426d9d6560c1376,numeric;formula-or-state,Reviewed,Reviewed,Approved,None,High,,,NotApplicable,Stage 6 fresh current-pixel forward/reverse review; old Approved not imported; see remediation-v2-stage6-image-review.json
135,precedence,stage10-lesson-135-precedence.jpg,df255144042a1688079285ec026697db5cc97bd8d4fa01f9b12eb4c758d40300,Use brackets when the intended order matters,9a20b3796ff381141ef9f8032a1bf731259607db681d1edba263b133c0193040,numeric;formula-or-state;process-or-arrow,Reviewed,Reviewed,Approved,None,High,,,NotApplicable,Stage 6 fresh current-pixel forward/reverse review; old Approved not imported; see remediation-v2-stage6-image-review.json
135,relationship,stage10-lesson-135-relationship.jpg,5ce95bc9b4dcfcf00b7b5e6972fc98875863423e7cb5fc02327bf65a20b70c39,Use the identity to check your answer,a3484d90f438d9a8792bc0428cba1de1fd98028de78a32eb54ee6e5cc6da3fcf,numeric;formula-or-state,Reviewed,Reviewed,Approved,None,High,,CALC-018-DIVMOD,Passed,Stage 6 fresh current-pixel forward/reverse review; old Approved not imported; see remediation-v2-stage6-image-review.json
136,formatter,stage10-lesson-136-formatter.jpg,af9bea7801ebaeef9c2fb579c519cbb17be5776c9de7e5aefd6fe7a37ac165d5,Build a readable result line,8dfb53c3828eb5872d337c8d8865f60e2980c73aae85400965d1d018f3ceb0ab,process-or-arrow,Reviewed,Reviewed,Approved,None,High,,,NotApplicable,Stage 6 fresh current-pixel forward/reverse review; old Approved not imported; see remediation-v2-stage6-image-review.json
136,formatting,stage10-lesson-136-formatting.jpg,385488b70b5ad9f9cd7e65ce9cc5a0ace0bf658c9c8ae7bb1bd535ae9baa7823,Formatting means controlling how values are shown,d84c887a5c5da401a5ffa0e474ab4d8e423cb6f30ac79f6441c2d66504ae673e,numeric;process-or-arrow,Reviewed,Reviewed,Approved,None,High,,,NotApplicable,Stage 6 fresh current-pixel forward/reverse review; old Approved not imported; see remediation-v2-stage6-image-review.json
136,input,stage10-lesson-136-input.jpg,f57d8b6cf052f1e0233d9c6d5424c4ce75b78814795a4139834e0cd22d2bb75f,INPUT reads data and stores it in a variable,67f20f9ac89ceb112803c7c8a61e23991a7118123270116f2561a1993b8c8674,numeric;process-or-arrow,Reviewed,Reviewed,Approved,None,High,,,NotApplicable,Stage 6 fresh current-pixel forward/reverse review; old Approved not imported; see remediation-v2-stage6-image-review.json
136,java,stage10-lesson-136-java.jpg,b47d6cf13aaaf3a355aa179f3cc2ee3c602134d47af1a9dad5646e8c29719a3b,Java I/O syntax is not Cambridge pseudocode,3ee3aa0f53af581ef38c16c85ad2ab3c136f376f97b1d1d8d451c2bef59fc66a,numeric;formula-or-state;process-or-arrow,Reviewed,Reviewed,Approved,None,High,,,NotApplicable,Stage 6 fresh current-pixel forward/reverse review; old Approved not imported; see remediation-v2-stage6-image-review.json
136,output,stage10-lesson-136-output.jpg,17cf5d6b42c101aecbb43b69b06a2faeb4ae196cd034474188c0dae764f735ef,"OUTPUT displays text, values or expressions",e561759aa9e56a9773000724340f1caeb279e0edd766ba4ba9d0fe2e6376a79c,numeric;formula-or-state;process-or-arrow,Reviewed,Reviewed,Approved,None,High,,,NotApplicable,Stage 6 fresh current-pixel forward/reverse review; old Approved not imported; see remediation-v2-stage6-image-review.json
136,prompts,stage10-lesson-136-prompts.jpg,b8594dd16708ef91e276f80b964886dd16e45e278b78d5e62a5f809d9d69f49a,A good prompt tells the user what to enter and the expected format,ecc03b39d2e26c48d1a290e8b10da127bde4c135ec4bb0d9d0e1f7fa8c7a43d4,numeric;process-or-arrow,Reviewed,Reviewed,Approved,None,High,,,NotApplicable,Stage 6 fresh current-pixel forward/reverse review; old Approved not imported; see remediation-v2-stage6-image-review.json
136,tables,stage10-lesson-136-tables.jpg,81605c24aed3cd9b321f094db95454d1be1668353355254a562c0f367ccd4912,Formatted output can make repeated records readable,f0670ca2c64ae7599edfd36314f44c109d34076cdb026b69d550408902797281,numeric;process-or-arrow,Reviewed,Reviewed,Approved,None,High,,,NotApplicable,Stage 6 fresh current-pixel forward/reverse review; old Approved not imported; see remediation-v2-stage6-image-review.json
136,types,stage10-lesson-136-types.jpg,93e86d450f1986e2f2c500a331efbc121e1b7dec23d4cf784b2edee4dc9697d7,Input data must be used with the correct data type,8035afae8a7415b000389a44ccbf052e5ff36ba205f6eba35cb48a55c7e2160d,numeric;formula-or-state;process-or-arrow,Reviewed,Reviewed,Approved,None,High,,,NotApplicable,Stage 6 fresh current-pixel forward/reverse review; old Approved not imported; see remediation-v2-stage6-image-review.json
137,append,stage10-lesson-137-append.jpg,aa68b46c85af13aecbe610f05e9eaf92d2f12f4e72b2da9fef3282ed70971ad9,FOR APPEND adds new data to the end,80d45fce84823085b732b4469e2beb3b69694c8b84ead0863720891258ca37dd,numeric;process-or-arrow,Reviewed,Reviewed,Approved,None,High,,,NotApplicable,Stage 6 fresh current-pixel forward/reverse review; old Approved not imported; see remediation-v2-stage6-image-review.json
137,close,stage10-lesson-137-close.jpg,5876d4362d2603a414a0b4a217744788dcc0221f5727dd415a0beba04ab28dd2,CLOSEFILE completes the pattern,b6c315dd138a85b3c7e16200a25781c4955fdcad8db934038f81d42c4eed9900,process-or-arrow,Reviewed,Reviewed,Approved,None,High,,,NotApplicable,Stage 6 fresh current-pixel forward/reverse review; old Approved not imported; see remediation-v2-stage6-image-review.json
137,eof,stage10-lesson-137-eof.jpg,a0ac3e42d444adf897ad08b0b2a0a6d4289358e78a6cbafdda4267ae322ec08d,EOF prevents reading past the end of the file,6be8347812d7cecd62c37e33fa10049f5c2f7d4639cca2d00b99962861e51aa2,numeric;formula-or-state;process-or-arrow,Reviewed,Reviewed,Approved,None,High,,,NotApplicable,Stage 6 fresh current-pixel forward/reverse review; old Approved not imported; see remediation-v2-stage6-image-review.json
137,java,stage10-lesson-137-java.jpg,fc3274a1f48258ddf976a9a158b2dc09ac8e634cdb7e57c06ae053724303e4b6,"Java file handling helps understanding, but does not replace pseudocode",117c65b251bf5e0e4b6cbfb0b7a6bb7e11ce83578be068d7cb55986abda7205b,formula-or-state;process-or-arrow,Reviewed,Reviewed,Approved,None,High,,,NotApplicable,Stage 6 fresh current-pixel forward/reverse review; old Approved not imported; see remediation-v2-stage6-image-review.json
137,modes,stage10-lesson-137-modes.jpg,4f009c37915e996adf9c0d3bdfed31be022999477809743e25c6ef4cd2e0fbb3,The mode controls what the program intends to do with the file,295bd403670651c559bdff214ef083ec5958b337ea08b196a12b3902cb0c483d,conceptual,Reviewed,Reviewed,Approved,None,High,,,NotApplicable,Stage 6 fresh current-pixel forward/reverse review; old Approved not imported; see remediation-v2-stage6-image-review.json
137,purpose,stage10-lesson-137-purpose.jpg,9e41a3d70a5534058cd878d3efaceba5531847a053083ba22a095a21ead6686f,Files store data outside the running program,4f0f2db78c9f4f1c14b9446640895855bb4235af7014dfd6193398dda4eb8f66,conceptual,Reviewed,Reviewed,Approved,None,High,,,NotApplicable,Stage 6 fresh current-pixel forward/reverse review; old Approved not imported; see remediation-v2-stage6-image-review.json
137,read,stage10-lesson-137-read.jpg,6c5fbc2936b8aabaad68a4176aa6d13b714f857b524b7d5c79f7155e0f42b60c,Read every line using WHILE NOT EOF,98fc119b9c6636c1bc456160379cb86a8433f9974019e31be6567522b64fc648,process-or-arrow,Reviewed,Reviewed,Approved,None,High,,,NotApplicable,Stage 6 fresh current-pixel forward/reverse review; old Approved not imported; see remediation-v2-stage6-image-review.json
137,write,stage10-lesson-137-write.jpg,d023d096eba15e1b9994753d1ca259f032f6a23dc09a498585b36310802150cf,FOR WRITE writes new contents,93dcf15978f469cb1ad7c087350c00b5028e9f7df55cbfea2f325e988ddcbb2a,numeric,Reviewed,Reviewed,Approved,None,High,,,NotApplicable,Stage 6 fresh current-pixel forward/reverse review; old Approved not imported; see remediation-v2-stage6-image-review.json
138,erroneous,stage10-lesson-138-erroneous.jpg,0f6ea9280fbd43db3b4f141d8f5179de10f230569b95146b90a959bc6a9c3b27,Abnormal data is invalid data that should be rejected,00a06171f58a5598f4a764b6c62760efba18ccdb47fd3ac00a8d00590e97e5f5,numeric,Reviewed,Reviewed,Approved,None,High,,,NotApplicable,Stage 6 fresh current-pixel forward/reverse review; old Approved not imported; see remediation-v2-stage6-image-review.json
138,java,stage10-lesson-138-java.jpg,d3d71ae665b8b819286fe57be3570c6b4ee4f7d3c5569f9603d8b4cd75fed69a,"Java can help you run examples, but Cambridge pseudocode is the exam answer format",655319327f50eb9e1a60246187a8d9a94d1e70327c2c3dd06c9174d735a18478,numeric;formula-or-state;process-or-arrow,Reviewed,Reviewed,Approved,None,High,,,NotApplicable,Stage 6 fresh current-pixel forward/reverse review; old Approved not imported; see remediation-v2-stage6-image-review.json
138,normal,stage10-lesson-138-normal.jpg,fa8cfbd193739678a64e50b728ea5a6182445f795bbdc19098fbb6e06e9c66f2,"Normal data is valid, typical data inside the allowed range",9b772098821addd11b62bd4928f576c02f2e5936ce0b0e1a41b51f609b972a9e,numeric,Reviewed,Reviewed,Approved,None,High,,,NotApplicable,Stage 6 fresh current-pixel forward/reverse review; old Approved not imported; see remediation-v2-stage6-image-review.json
138,purpose,stage10-lesson-138-purpose.jpg,072babf7647510496fc3ec67bfe8496607fa723ed7edeb09f94b043504a9fded,Testing compares actual results with expected results,4ddeed975ac87cd9bc52c01db0e4aea82490d15dd49635e88904191115097d27,numeric;formula-or-state;process-or-arrow,Reviewed,Reviewed,Approved,None,High,,,NotApplicable,Stage 6 fresh current-pixel forward/reverse review; old Approved not imported; see remediation-v2-stage6-image-review.json
138,table,stage10-lesson-138-table.jpg,0c79b42f7a22f5b51ade83e0ee057111758a9f686734e174aa54f4b75e444589,A clear test table turns thinking into marks,168e6614e305807a09f3ae537e89fb075869bac12e6adb94d1018250765bcf21,numeric;process-or-arrow,Reviewed,Reviewed,Approved,None,High,,,NotApplicable,Stage 6 fresh current-pixel forward/reverse review; old Approved not imported; see remediation-v2-stage6-image-review.json
138,validation,stage10-lesson-138-validation.jpg,d2c360ee2e045cd4accf7c6f88abf512a418cf14488f0b15337639a42e809f9b,Testing checks validation against expected results,6f8e1e387c67fe0741f50a1ddd9a581a2b8beb1d8dfaac5a48dff003a6ccf0b8,conceptual,Reviewed,Reviewed,Approved,None,High,,,NotApplicable,Stage 6 fresh current-pixel forward/reverse review; old Approved not imported; see remediation-v2-stage6-image-review.json
139,breakpoint,stage10-lesson-139-breakpoint.jpg,44ef5a61cb0c2bc8639472beeaee0f404a245308debe5cb1919e6c98177e1fcf,A breakpoint pauses execution at a chosen line,6c66a9abdcb19010b4f2f9151f0b39ad042ff67b02d289b2bc9b6fead8dd421c,process-or-arrow,Reviewed,Reviewed,Approved,None,High,,,NotApplicable,Stage 6 fresh current-pixel forward/reverse review; old Approved not imported; see remediation-v2-stage6-image-review.json
139,java,stage10-lesson-139-java.jpg,a8ceb1453e08b9c8b3131d43a266997f302517a2b9e1279706c3e967536c5e76,"Java debugging tools help practice, but Cambridge pseudocode remains the exam format",0d988262a496af2248c38bce5850fb34f1df46e2e2a850d9750a0b245409a421,numeric;formula-or-state;process-or-arrow,Reviewed,Reviewed,Approved,None,High,,,NotApplicable,Stage 6 fresh current-pixel forward/reverse review; old Approved not imported; see remediation-v2-stage6-image-review.json
139,purpose,stage10-lesson-139-purpose.jpg,e5d7686b90e0742d91a1211febbdd929679646511ffbe976243c48a7466f1f41,Debugging locates and corrects faults,dcc595b72cefde28db47ba6b12f6ea880fbd765f6083b0eeabd3900b9c7e6a8c,numeric;formula-or-state;process-or-arrow,Reviewed,Reviewed,Approved,None,High,,,NotApplicable,Stage 6 fresh current-pixel forward/reverse review; old Approved not imported; see remediation-v2-stage6-image-review.json
139,stepping,stage10-lesson-139-stepping.jpg,fbef68946b3644a1fc02edd31f6cf4bbab1229b74950202475eaa6463f904070,Step through code one instruction at a time,82ce7fff16d653bef058d59e4b507b2dac40c4f3f321006e212d928a382f6760,process-or-arrow,Reviewed,Reviewed,Approved,None,High,,,NotApplicable,Stage 6 fresh current-pixel forward/reverse review; old Approved not imported; see remediation-v2-stage6-image-review.json
139,watch,stage10-lesson-139-watch.jpg,f6cfe7fc12b2619eb0a6cf349fda83314f3b957dca0b0eb22a73c1ebd4fbdba9,Watching variables shows state changes while stepping,e7f1752c458db8d102a7cc53e6cee5c52d0a58ab5cc19d145a97aa70877accde,numeric,Reviewed,Reviewed,Approved,None,High,,,NotApplicable,Stage 6 fresh current-pixel forward/reverse review; old Approved not imported; see remediation-v2-stage6-image-review.json
140,checks,stage10-lesson-140-checks.jpg,725b96c693d7f3904caa50e57b71088bcece569eec0cf938d4cf3ef2c59203a4,Pick the check that matches the rule,e9362111249646439523ff65c8e1810d99941faf70dde2994c622d9b193074fe,numeric,Reviewed,Reviewed,Approved,None,High,,,NotApplicable,Stage 6 fresh current-pixel forward/reverse review; old Approved not imported; see remediation-v2-stage6-image-review.json
140,integration,stage10-lesson-140-integration.jpg,8e56f135745d22d5472b21edbd5491ca6688038856f8ba10b57498b5fde2b9df,Validation and modularity support each other,70bea795b7dca109ee8e5ef14be45b2f0d8249d37fbfdb669a4633799751b5ce,numeric;process-or-arrow,Reviewed,Reviewed,Approved,None,High,,CALC-051-INTEGRATED-VALIDATION,Passed,Stage 6 fresh current-pixel forward/reverse review; old Approved not imported; see remediation-v2-stage6-image-review.json
140,modularity,stage10-lesson-140-modularity.jpg,edad854ac9893ff68783cd32e4595b22e0038ce08b14bba53e8abf4c63f6abfc,Modular design splits a solution into smaller named parts,6526ea361f63a68d4601ae31e738543f425e14ef636bfd9c0bd913170379ae0d,formula-or-state;process-or-arrow,Reviewed,Reviewed,Approved,None,High,,,NotApplicable,Stage 6 fresh current-pixel forward/reverse review; old Approved not imported; see remediation-v2-stage6-image-review.json
140,module-tool,stage10-lesson-140-module-tool.jpg,b983783e8c61aac30eb9888c5d47488dd4deb40ea8fa88a91f8da46d2bfc8a1f,Choose a module for each responsibility,72f008b7850b8e3f004c9cb735ffd16e9bf0fa94f01853558cfc5265d8c2ddab,conceptual,Reviewed,Reviewed,Approved,None,High,,,NotApplicable,Stage 6 fresh current-pixel forward/reverse review; old Approved not imported; see remediation-v2-stage6-image-review.json
140,parameters,stage10-lesson-140-parameters.jpg,e2402d4b1df34a592b8ebb280f1e78decc28682af672ea1b516ba84d1b8d4079,Pass data into a module and return only what is needed,a6fdf668877083f9d8c0b9bb18329a24d3450d887a4e37f1bd73f1e83bdd142c,process-or-arrow,Reviewed,Reviewed,Approved,None,High,,CALC-052-MODULE-ROLES,Passed,Stage 6 fresh current-pixel forward/reverse review; old Approved not imported; see remediation-v2-stage6-image-review.json
140,robust,stage10-lesson-140-robust.jpg,69b33f362e2f5e49e11f01a495a5ecfeb0d19fc0a2f88ff92629251869d23cfb,A robust program handles expected misuse without collapsing,e386d45be6042c8bf141e88b0e99bdf73853c0c3a5b7328282e01ec9c737f5c5,process-or-arrow,Reviewed,Reviewed,Approved,None,High,,,NotApplicable,Stage 6 fresh current-pixel forward/reverse review; old Approved not imported; see remediation-v2-stage6-image-review.json
140,validation,stage10-lesson-140-validation.jpg,7b8b1083eabea03b2b3ba71445391c007b5fc220db1ecd2aee18f5b4b98bba0b,Validation checks whether data is acceptable for the program,2c45021e29f93e80cb591c1e76ab647c7944e2f697a02ab32b5293d09540dfe7,numeric;formula-or-state;process-or-arrow,Reviewed,Reviewed,Approved,None,High,,,NotApplicable,Stage 6 fresh current-pixel forward/reverse review; old Approved not imported; see remediation-v2-stage6-image-review.json
140,validator,stage10-lesson-140-validator.jpg,41580a74940f8baab0f3dc6dd83a9c57027a47a773e2b7069da139c8b5a3242e,Check whether a mark input is robustly acceptable,69084f2f3f6891106f388da5b926450068111807b75043732b46ba803437136f,process-or-arrow,Reviewed,Reviewed,Approved,None,High,,,NotApplicable,Stage 6 fresh current-pixel forward/reverse review; old Approved not imported; see remediation-v2-stage6-image-review.json
141,arrays,stage10-lesson-141-arrays.jpg,6c9b0f184bc7f2364c0cfff7ec403ea43dbeada8e19ad62ed785afeec5353ece,Use Cambridge array notation consistently,d16a1e6cffb39c483a90d1cbad306b94f71d263bdbce47f0aea61c6101fae92d,numeric;formula-or-state;process-or-arrow,Reviewed,Reviewed,Approved,None,High,,,NotApplicable,Stage 6 fresh current-pixel forward/reverse review; old Approved not imported; see remediation-v2-stage6-image-review.json
141,assignment,stage10-lesson-141-assignment.jpg,16a674b1b993bf12c31b8c572c2ea3dff7aa15bb83304bb223f29c324f7298bf,Use the assignment arrow for storing a value,aac7d15ddca554f075a7d1f1876fadae86fe797585cb7fca58aa9df46561c5a2,formula-or-state,Reviewed,Reviewed,Approved,None,High,,,NotApplicable,Stage 6 fresh current-pixel forward/reverse review; old Approved not imported; see remediation-v2-stage6-image-review.json
141,checkpoint,stage10-lesson-141-checkpoint.jpg,7a00764089ee6562c9e0d2b136a0c417d6ebb9809b3df916d3cf856c54dbcbcc,5-minute quiz focus,2497134bac7b721a16a73d4ae37d9bad59f5463241d8fc704d68e62836c57601,numeric;process-or-arrow,Reviewed,Reviewed,Approved,None,High,,,NotApplicable,Stage 6 fresh current-pixel forward/reverse review; old Approved not imported; see remediation-v2-stage6-image-review.json
141,io,stage10-lesson-141-io.jpg,0fea35dca1d98cc12d3321310b238720db8dad22ee5a9dce79741bebf1b1c985,Replace library calls with algorithm keywords,6bdb5ae6ba199f48de30b4777200f65aacdb333eba4d5f1b499bdcebd2466523,formula-or-state;process-or-arrow,Reviewed,Reviewed,Approved,None,High,,,NotApplicable,Stage 6 fresh current-pixel forward/reverse review; old Approved not imported; see remediation-v2-stage6-image-review.json
141,loops,stage10-lesson-141-loops.jpg,060f2d7984a7a34f8b3153ed85804dd5738890e74bc4d025389bd5f665340350,Choose the loop keyword that matches the logic,d6c30d90125b0f1abfb0fc4a3b764fc8193cb028b69b8738d8d85642120f4d7d,process-or-arrow,Reviewed,Reviewed,Approved,None,High,,CALC-053-POST-CONDITION-LOOP,Passed,Stage 6 fresh current-pixel forward/reverse review; old Approved not imported; see remediation-v2-stage6-image-review.json
141,selection,stage10-lesson-141-selection.jpg,f68ac8e59dda5b30cba7bc2f81883cea5da0baa901ad19d51231b0cf9f1da53d,"Use IF , THEN , ELSE , ENDIF",bea6340c326b77b7f9eb5ba4a6f816e18c336b1ee7f4614f04ed7d85af58f261,numeric;formula-or-state;process-or-arrow,Reviewed,Reviewed,Approved,None,High,,,NotApplicable,Stage 6 fresh current-pixel forward/reverse review; old Approved not imported; see remediation-v2-stage6-image-review.json
141,spotter,stage10-lesson-141-spotter.jpg,65be82d696bd4ec38e12487a17ce474259f6626e6f29d0c16c0a581fcd7f704c,Spot the Java-only syntax in an exam answer,15188f0f60d1e6b656251d12503e553e5efc105ed0c6e1626547ab593a3eebc8,conceptual,Reviewed,Reviewed,Approved,None,High,,,NotApplicable,Stage 6 fresh current-pixel forward/reverse review; old Approved not imported; see remediation-v2-stage6-image-review.json
141,subroutines,stage10-lesson-141-subroutines.jpg,f15a1c051b3c8b58f073590164f3cdee9c50530b9363d24142ca57bfbf65f1f1,Use PROCEDURE and FUNCTION instead of Java method wrappers,8dd48bfeacb213dffc16a88b2122f2e8eba1f8ef8ab73291d291f5b20e2c866e,numeric;formula-or-state,Reviewed,Reviewed,Approved,None,High,,,NotApplicable,Stage 6 fresh current-pixel forward/reverse review; old Approved not imported; see remediation-v2-stage6-image-review.json
142,arrays,stage10-lesson-142-arrays.jpg,bb4ca37d32ac3d3239cdd9df9e3f92a519b95f705220aff24d88b3a1101966a0,Arrays need consistent indexing and meaningful loop bounds,3f8e7045e79864552b3ae0cea9300bec82186207660e7f7cc73c1539cb272e82,numeric;formula-or-state;process-or-arrow,Reviewed,Reviewed,Approved,None,High,,,NotApplicable,Stage 6 fresh current-pixel forward/reverse review; old Approved not imported; see remediation-v2-stage6-image-review.json
142,checklist,stage10-lesson-142-checklist.jpg,c76b67162c5e73b6dd820317adce7adcc6dbf738c8eeb399b2f62020635e3942,Use a checklist before calling a fragment finished,aa541372569ebc3e83a0e947eb49fd4d5bfa3f273c6e9d5c696e9d262673fddc,process-or-arrow,Reviewed,Reviewed,Approved,None,High,,,NotApplicable,Stage 6 fresh current-pixel forward/reverse review; old Approved not imported; see remediation-v2-stage6-image-review.json
142,debugging,stage10-lesson-142-debugging.jpg,bc233063004c1d3600cfb42e6c449d04b681c382ecbf217afc1eb1405a5468e0,Review answers should be traceable,3144871bc9971b67d5f568962d6b3e12b1a73535d28b6011ac9a458420dd0cee,process-or-arrow,Reviewed,Reviewed,Approved,None,High,,,NotApplicable,Stage 6 fresh current-pixel forward/reverse review; old Approved not imported; see remediation-v2-stage6-image-review.json
142,files,stage10-lesson-142-files.jpg,2f27d3ddba8ca117f7a5891152ba3a81b2f00d37812ba9001a3cdd2a0bc57eaa,"File fragments need open, process and close",ce1add10d87b3c884a7ff37889e9f5e8c9e19f4132ae9049d152921336f00e92,process-or-arrow,Reviewed,Reviewed,Approved,None,High,,,NotApplicable,Stage 6 fresh current-pixel forward/reverse review; old Approved not imported; see remediation-v2-stage6-image-review.json
142,fragment,stage10-lesson-142-fragment.jpg,ba574762816caee586a35f27d641670cf6c2ffa797ce873611c2216f3bf6d791,"A complete fragment has setup, logic and result",b3d480cdbf0a27aba789c4ff75581c8de8cd2d4090e9af059f110dfd260fde70,process-or-arrow,Reviewed,Reviewed,Approved,None,High,,CALC-054-REVIEW-FRAGMENT,Passed,Stage 6 fresh current-pixel forward/reverse review; old Approved not imported; see remediation-v2-stage6-image-review.json
142,java,stage10-lesson-142-java.jpg,643fc3ce27226e1276b5d88861ada7f17b0d1d2ab10f22db2b455ca64f16e388,Java can support practice; the review answer should be Cambridge pseudocode,63d1dc9f2e5db4f0000de35322a84b697b90fa5f27eb6ac6c59fcb4314d10b04,numeric;process-or-arrow,Reviewed,Reviewed,Approved,None,High,,CALC-055-REVIEW-JAVA,Passed,Stage 6 fresh current-pixel forward/reverse review; old Approved not imported; see remediation-v2-stage6-image-review.json
142,review-map,stage10-lesson-142-review-map.jpg,e93559b2d8ddb455c29d51524a76e1b81ab32b4b43fbff13effedc55d4f42040,Section 11 tools become stronger when combined,d93864528a4caa3c61f4f281c8fdf9856d69c8d917dfecb5bf0c352dff57501a,numeric,Reviewed,Reviewed,Approved,None,High,,,NotApplicable,Stage 6 fresh current-pixel forward/reverse review; old Approved not imported; see remediation-v2-stage6-image-review.json
142,subroutines,stage10-lesson-142-subroutines.jpg,82229e4839eb000855ed775069322abd748e7978bd8ea131b388796af150baaa,Use functions for returned values and procedures for actions,82b65a3c87f3be6e9630a470a61749f332eaf653159d62a302545d4c74455f84,numeric;process-or-arrow,Reviewed,Reviewed,Approved,None,High,,CALC-056-SUBROUTINE-CLOSURES,Passed,Stage 6 fresh current-pixel forward/reverse review; old Approved not imported; see remediation-v2-stage6-image-review.json
142,validation,stage10-lesson-142-validation.jpg,c8d877e526b3dd15e2d66e5faf715093bdf7358cf58d7ab116d655a2840366d9,Review fragments often need input checks,31ae0901a1aaab9f5f4202b066f70759344410b01388bd8eb7e8f24912eb2bcd,numeric;process-or-arrow,Reviewed,Reviewed,Approved,None,High,,,NotApplicable,Stage 6 fresh current-pixel forward/reverse review; old Approved not imported; see remediation-v2-stage6-image-review.json
143,agile,stage10-lesson-143-agile.jpg,e229cf6b45cf4ae0233729faed5b8f28948cd87baf54c49cf572442012c7a949,Why short feedback cycles support change,cb24155258498479220e0fff7a7d897258e064d588f48a304f58b16b23710ad4,conceptual,Reviewed,Reviewed,Approved,None,High,,,NotApplicable,Stage 6 fresh current-pixel forward/reverse review; old Approved not imported; see remediation-v2-stage6-image-review.json
143,artefacts,stage10-lesson-143-artefacts.jpg,0e5a67a798ca6fd98e512bd20c7c3500bfd694912b704772c24e9dfb75005359,Why artefacts make decisions traceable,13193a02fe08dfc8adb33f3aee51d300b757ab219db2138f7c65c8aa2ed93d53,conceptual,Reviewed,Reviewed,Approved,None,High,,,NotApplicable,Stage 6 fresh current-pixel forward/reverse review; old Approved not imported; see remediation-v2-stage6-image-review.json
143,compare,stage10-lesson-143-compare.jpg,d103f38d5fdc44fa9479a908552d9b83d9073c95bb9001babe39e838d20fbcdc,How project conditions choose a model,06df28547eb83d2a4032566403c0f18393dda1b019e8c8109bfbaf8f6dc40e6c,conceptual,Reviewed,Reviewed,Approved,None,High,,,NotApplicable,Stage 6 fresh current-pixel forward/reverse review; old Approved not imported; see remediation-v2-stage6-image-review.json
143,iterative,stage10-lesson-143-iterative.jpg,cf3b17b41c0149ad2a7a045280a6f92663441433f714a7d55862e278958c5775,Why repeated cycles expose mistakes,b792b1265b2e7fd678e46a3d065fc526efb7d38794217e54defb3aefc695818e,process-or-arrow,Reviewed,Reviewed,Approved,None,High,,,NotApplicable,Stage 6 fresh current-pixel forward/reverse review; old Approved not imported; see remediation-v2-stage6-image-review.json
143,purpose,stage10-lesson-143-purpose.jpg,54441a2a14bed6854ba50d34e7d47fc51405767ad72150eb984ea5376ba02248,Why a lifecycle reduces uncertainty,a461f31d52ef579400fdd284cb8bef20967b91828218aa0dbf419f17de3ceb92,process-or-arrow,Reviewed,Reviewed,Approved,None,High,,,NotApplicable,Stage 6 fresh current-pixel forward/reverse review; old Approved not imported; see remediation-v2-stage6-image-review.json
143,rad,stage10-lesson-143-rad.jpg,9026ce096e5f396838c5f03288eaff93b012d7e494a4fdc2c4cb9926809fd87c,Rapid application development (RAD),ef3b0139757506f35554a3f2b0e912f3db2e1f52d02e662435e10ed9e1370858,process-or-arrow,Reviewed,Reviewed,Approved,None,High,,,NotApplicable,Stage 6 fresh current-pixel forward/reverse review; old Approved not imported; see remediation-v2-stage6-image-review.json
143,stages,stage10-lesson-143-stages.jpg,6d6c86e9f245c2a837288fd9ca48c33d5770dc6aaf1f904fad0d926f875804ad,How one stage supplies the next,d1cb78ade2a15c8201d9338f7537fe6a668d1f3ede0b4737d32709d878d572e5,process-or-arrow,Reviewed,Reviewed,Approved,None,High,,,NotApplicable,Stage 6 fresh current-pixel forward/reverse review; old Approved not imported; see remediation-v2-stage6-image-review.json
143,waterfall,stage10-lesson-143-waterfall.jpg,19700e264634dbb279cdc3d7258208e336772bcb71ee9160acf3ebee1e6e67f9,Why sequence helps and resists change,f9ec1c8926b7e2fa1bb1e74f6f13a3580be0c3d62ee095cd3101a86462c9b036,process-or-arrow,Reviewed,Reviewed,Approved,None,High,,,NotApplicable,Stage 6 fresh current-pixel forward/reverse review; old Approved not imported; see remediation-v2-stage6-image-review.json
144,acceptance,stage10-lesson-144-acceptance.jpg,df8c6ae3554703f08dd8bba44bf55aa7b1bf2bae9a9225478af277e29896d393,Acceptance tests check whether requirements are met,63ee4d27e43de52ba90bbb186f44899919dd8cb0638390d8ca8ebf0f171affda,numeric,Reviewed,Reviewed,Approved,None,High,,,NotApplicable,Stage 6 fresh current-pixel forward/reverse review; old Approved not imported; see remediation-v2-stage6-image-review.json
144,algorithms,stage10-lesson-145-algorithms.jpg,d11acdef5331cfd769016abc8583241275207674210f2ad57bfae4263aa13688,"Structure charts, derived pseudocode and state transitions",78032a0bcf5119e12b5ac24b36d9f9051822dedae7ba6b1b5302cc3e78d9fac8,conceptual,Reviewed,Reviewed,Approved,None,High,,CALC-057-NESTED-DECISIONS,Passed,Stage 6 fresh current-pixel forward/reverse review; old Approved not imported; see remediation-v2-stage6-image-review.json
144,analysis,stage10-lesson-144-analysis.jpg,008cf72ea64c44850628f9b1e869d97fa4131bb1a0152c7c1b2aff632dcd2b52,Analysis turns user needs into a requirements specification,c0de751c13ad96dde13c2a214c73448ed7f85a7a4c399133e922abb0fc08758f,conceptual,Reviewed,Reviewed,Approved,None,High,,,NotApplicable,Stage 6 fresh current-pixel forward/reverse review; old Approved not imported; see remediation-v2-stage6-image-review.json
144,criteria-tool,stage10-lesson-144-criteria-tool.jpg,695366cd380efb66301dbb6635fadabf3225d3a964513ce1ea06be9e4bb97029,Is the criterion testable?,5709e5e4b574e36034e7e9fdebf8a94ac00be51550033f60e5e24ffe8c178820,conceptual,Reviewed,Reviewed,Approved,None,High,,,NotApplicable,Stage 6 fresh current-pixel forward/reverse review; old Approved not imported; see remediation-v2-stage6-image-review.json
144,functional,stage10-lesson-144-functional.jpg,ee651787d7914e3d84ebdff7c7f3c3bca80cdf4bab1e680f9766bb981ff7c10c,Functional requirements describe what the system must do,09970939b0a3eaf1ec315941adb3d3037be1705e54f8a1435444978d618237f3,conceptual,Reviewed,Reviewed,Approved,None,High,,,NotApplicable,Stage 6 fresh current-pixel forward/reverse review; old Approved not imported; see remediation-v2-stage6-image-review.json
144,non-functional,stage10-lesson-144-non-functional.jpg,a3abfbb23969798f75d3000108add444eca8e759136536c63d33b8463c4275c4,Non-functional requirements describe qualities or constraints,0d996e1bc3640c5a8caa57862d11d6ec9a0ac9a1eee426b5d4c06bfa1bb527a1,numeric;process-or-arrow,Reviewed,Reviewed,Approved,None,High,,,NotApplicable,Stage 6 fresh current-pixel forward/reverse review; old Approved not imported; see remediation-v2-stage6-image-review.json
144,rewriter,stage10-lesson-144-rewriter.jpg,db9d3f5af565dc21d512d4ac5fe61ac777223293326b78774744a5ad40d02ff3,Turn vague requests into stronger requirements,11dc930f963e265687bf369915d426fda770ed3750a8720f8544f76bd10e5d43,conceptual,Reviewed,Reviewed,Approved,None,High,,,NotApplicable,Stage 6 fresh current-pixel forward/reverse review; old Approved not imported; see remediation-v2-stage6-image-review.json
144,stakeholders,stage10-lesson-144-stakeholders.jpg,17e826a3f3292673180906a0d805f564e6d351586e3632e0b611fa807abb0fd6,Different users reveal different requirements,8661eeda9f2cf17bfa0df51724f582f9d8a59105975aaec5c182678832ffe684,conceptual,Reviewed,Reviewed,Approved,None,High,,,NotApplicable,Stage 6 fresh current-pixel forward/reverse review; old Approved not imported; see remediation-v2-stage6-image-review.json
144,success,stage10-lesson-144-success.jpg,dccf293db36a8c74a64d6013a9eba0b6c3cceffca99fcf47dbab1e7ae9287d5f,Success criteria make evaluation possible,efd3f19d30bf05a4db7d0906887bd8b16740f9573fa172d07095d883da77ac61,numeric,Reviewed,Reviewed,Approved,None,High,,,NotApplicable,Stage 6 fresh current-pixel forward/reverse review; old Approved not imported; see remediation-v2-stage6-image-review.json
145,dictionary,stage10-lesson-145-dictionary.jpg,33315f511a4c02921df266bf8b2164cc89533b430bc796a4baee826c41bef6e2,A data dictionary defines each data item consistently,89446e881f725b6af23547f55ac320d7b768630ebd58086baad5d05eb8afed48,conceptual,Reviewed,Reviewed,Approved,None,High,,,NotApplicable,Stage 6 fresh current-pixel forward/reverse review; old Approved not imported; see remediation-v2-stage6-image-review.json
145,dictionary-tool,stage10-lesson-145-dictionary-tool.jpg,df59e440245c46e45d091e7fd1c93b261d33079c409d3c668fff20c3043f8048,Inspect a field definition,65a516e509e66f57c53a0847a3d6a3f369822533f33aa05b87526c5840e5c3a8,conceptual,Reviewed,Reviewed,Approved,None,High,,,NotApplicable,Stage 6 fresh current-pixel forward/reverse review; old Approved not imported; see remediation-v2-stage6-image-review.json
145,interfaces,stage10-lesson-145-interfaces.jpg,e65d2019642c363744eec047bb60e1cba4881a16b1742c5d0d133f4fac53fcfe,Interface designs show how users will enter data and navigate the system,30ad76afa59aa644d76bbcb6cb915094c93fca8e74290722da1ca1742e38c7b8,conceptual,Reviewed,Reviewed,Approved,None,High,,,NotApplicable,Stage 6 fresh current-pixel forward/reverse review; old Approved not imported; see remediation-v2-stage6-image-review.json
145,lifecycle,stage10-lesson-145-lifecycle.jpg,ff9e4e83101cc671fc6ee3ca76ebdff60572343ea5a93f8bef827d15dd82cb9a,"Design documentation supports implementation, testing and maintenance",f19dae7aee2851b0f0fbaf4ef4a7de2124c02269e73d392b8386925cd18f15b3,conceptual,Reviewed,Reviewed,Approved,None,High,,,NotApplicable,Stage 6 fresh current-pixel forward/reverse review; old Approved not imported; see remediation-v2-stage6-image-review.json
145,logic,stage10-lesson-060-logic.jpg,ef988e007251f1935575cd7143031f841824f2c3a94ebeb7e7dc5d677f5c620f,Logic errors make the program do the wrong thing,09afff59e5b942089a0189f6f637aa744767fc943a7c4567cca4d455b69c6403,formula-or-state;process-or-arrow,Reviewed,Reviewed,Approved,None,High,,,NotApplicable,Stage 6 fresh current-pixel forward/reverse review; old Approved not imported; see remediation-v2-stage6-image-review.json
145,purpose,stage10-lesson-145-purpose.jpg,3d4a23d11a43af5efb7f8ffb3bb0547cf07e6fce3f7312d16f4f632b48b0885e,Design documents translate requirements into a buildable plan,c7eb192a59764ad18af3cb80e4dbcf33aef4845267d5082fb7323f32a63d75c1,process-or-arrow,Reviewed,Reviewed,Approved,None,High,,,NotApplicable,Stage 6 fresh current-pixel forward/reverse review; old Approved not imported; see remediation-v2-stage6-image-review.json
145,traceability,stage10-lesson-145-traceability.jpg,e9e3350b02af5d6bb6d21387815cea057df3959fa6a68635c4d120d9af0e35d9,Traceability keeps the design connected to the original need,f1dd780422f6753eee1a8976c15910081a9b0723943231d15a957af27175551e,process-or-arrow,Reviewed,Reviewed,Approved,None,High,,,NotApplicable,Stage 6 fresh current-pixel forward/reverse review; old Approved not imported; see remediation-v2-stage6-image-review.json
146,boundary,stage10-lesson-138-boundary.jpg,b48c89432ef8606573327b77951e0780a09ec1fe5af5ce40885b88449f6092b7,Extreme or boundary data uses valid values at accepted limits,9209c8afa4b9c2c9874dbabc09734439c562307616e941b2c05976e29d48ca65,numeric,Reviewed,Reviewed,Approved,None,High,,,NotApplicable,Stage 6 fresh current-pixel forward/reverse review; old Approved not imported; see remediation-v2-stage6-image-review.json
146,bug,stage10-lesson-139-bug.jpg,1eecb2abfa32436af864a2f84576117dc697202ace416402b8a3e491d45045a2,Analyse and amend an existing program,c0e16fac90759a814d1fa1f8feb74f8b68cdc6102bc250ce2f165b4c8afeaba5,process-or-arrow,Reviewed,Reviewed,Approved,None,High,,,NotApplicable,Stage 6 fresh current-pixel forward/reverse review; old Approved not imported; see remediation-v2-stage6-image-review.json
146,changeover,stage10-lesson-146-changeover.jpg,01dc581fb36aaea4dcad72fce747338b290ca16c213422d858b9f3fce97e2aa1,Test strategy and test plan are different documents,371246e297fd09d7bff3f7d8074d207290f1f96773bfb9f5b27a0cc75b1d4847,process-or-arrow,Reviewed,Reviewed,Approved,None,High,,,NotApplicable,Stage 6 fresh current-pixel forward/reverse review; old Approved not imported; see remediation-v2-stage6-image-review.json
146,data-tool,stage10-lesson-146-data-tool.jpg,b74b9600cfd3ff0d258d99a786f10ea3f80e181c76e67ad27a02ab4b41d640f1,"Classify input for NumberOfStudents, valid range 1 to 30",1afbcba3489cca788c0f6d7738ca93f1e6140ddf2186bb31eb45977b1e0bbdb2,numeric;process-or-arrow,Reviewed,Reviewed,Approved,None,High,,,NotApplicable,Stage 6 fresh current-pixel forward/reverse review; old Approved not imported; see remediation-v2-stage6-image-review.json
146,evaluation,stage10-lesson-146-evaluation.jpg,6632a954fbe2c097a58f17b1c8503d0039d501a35e83ccc253c6a0aae2e7cc5a,Evaluation uses requirements and measurable success criteria,29a3aaa109ec3297b1b8c822015271be68a15ef3fea3039f1a1cf6ba08222087,numeric;process-or-arrow,Reviewed,Reviewed,Approved,None,High,,,NotApplicable,Stage 6 fresh current-pixel forward/reverse review; old Approved not imported; see remediation-v2-stage6-image-review.json
146,implementation,stage10-lesson-146-implementation.jpg,937750402be8a92fbea3df415f5cf4c34c8018aead698e67a34b22ef4ca7af6c,Implementation turns the design into a working system,e7b4a08e2790e52f8730c1bf2f4aea218c8c2d0b19a80843d52742a6d54210a4,conceptual,Reviewed,Reviewed,Approved,None,High,,,NotApplicable,Stage 6 fresh current-pixel forward/reverse review; old Approved not imported; see remediation-v2-stage6-image-review.json
146,maintenance,stage10-lesson-146-maintenance.jpg,e17c59940ced6699dc69d9eb3decd9f8b13314ac4db0038fefaf2203fb43b6cf,Maintenance changes a system after it has been delivered,9a8ce0683effe2396a5cae4fd5a4b377d6478a33e10b8c981046c8d1f42ca5a4,process-or-arrow,Reviewed,Reviewed,Approved,None,High,,,NotApplicable,Stage 6 fresh current-pixel forward/reverse review; old Approved not imported; see remediation-v2-stage6-image-review.json
146,stage-tool,stage10-lesson-146-stage-tool.jpg,e3cdfb9a79c33f4e6e743b8e9c731d8be4ada051fa26732046e4caaf691c7db6,Which lifecycle stage is being described?,229950ce5e44ac53aff6f4bc6e928a35b6044af2651599644d027ceca2f4d10d,process-or-arrow,Reviewed,Reviewed,Approved,None,High,,,NotApplicable,Stage 6 fresh current-pixel forward/reverse review; old Approved not imported; see remediation-v2-stage6-image-review.json
146,test-data,stage10-lesson-146-test-data.jpg,d3b76a8e3456869455353686e28d7d7d5a2bacb74f98a436005921108877c987,Good testing uses different categories of data,0c94181f761f306b581e0816c1f18f6a4acc1773789aaf04c9ff29d94dd392f9,numeric,Reviewed,Reviewed,Approved,None,High,,,NotApplicable,Stage 6 fresh current-pixel forward/reverse review; old Approved not imported; see remediation-v2-stage6-image-review.json
146,testing,stage10-lesson-146-testing.jpg,c8b410acdbec3c59d4b85ab27f14ebbd640428e99e12f9171e8bb7541ed0dea6,Testing is planned evidence that the system behaves as expected,636ea0e213b8352d254e986764e8149a9f9980788f8d84c3e591bca69db09611,process-or-arrow,Reviewed,Reviewed,Approved,None,High,,,NotApplicable,Stage 6 fresh current-pixel forward/reverse review; old Approved not imported; see remediation-v2-stage6-image-review.json
147,analysis,stage10-lesson-147-analysis.jpg,0b5e39cd5a88dd111ebd80afc0432c5535ae11c60d5e6f380fd0805a0897b362,From vague request to measurable criteria,640dabec56941e89d0f4d91ee385585ed5f9f27922c2d70a5c6058ec3de36044,numeric;formula-or-state,Reviewed,Reviewed,Approved,None,High,,,NotApplicable,Stage 6 fresh current-pixel forward/reverse review; old Approved not imported; see remediation-v2-stage6-image-review.json
147,answer-tool,stage10-lesson-147-answer-tool.jpg,9bf1f4ee373467b543d9faacf4719f6cdc8e36fc4e7a1bd58c318e3d51a2f25f,Turn a weak line into a mark-worthy line,0604977d7251dde6ca30f366d01ba3a5076853ceb852ac67fdc9266a4440dad0,conceptual,Reviewed,Reviewed,Approved,None,High,,,NotApplicable,Stage 6 fresh current-pixel forward/reverse review; old Approved not imported; see remediation-v2-stage6-image-review.json
147,case,stage10-lesson-147-case.jpg,574ab40c5afa7a4adf89f32aab8fc85646f25b6ccafc095e023cf6d68c8e1a2a,School activity sign-up system,d599983bdf402fbd1b397e705df93d73fbfc3411c5d100f13901faab5e9d3034,process-or-arrow,Reviewed,Reviewed,Approved,None,High,,,NotApplicable,Stage 6 fresh current-pixel forward/reverse review; old Approved not imported; see remediation-v2-stage6-image-review.json
147,case-tool,stage10-lesson-147-case-tool.jpg,47353bb3307ec73b659d4528b23e74bf984e838bcd89b1786445074e5df2aaad,Identify the Section 12 concept,17adef145154254bddce99bc67898c71d7df2af227eb525b2ab4662a71be36c1,numeric,Reviewed,Reviewed,Approved,None,High,,,NotApplicable,Stage 6 fresh current-pixel forward/reverse review; old Approved not imported; see remediation-v2-stage6-image-review.json
147,commands,stage10-lesson-147-commands.jpg,c453e67b5520e84399dc118ddf3b93dacfcaba508007963758adab61a4d612a8,Match response depth to the command,65c6779e14a756ffab4a62864e44d8f604500e3e44ebf80fbde0ea547e3b3a6f,conceptual,Reviewed,Reviewed,Approved,None,High,,,NotApplicable,Stage 6 fresh current-pixel forward/reverse review; old Approved not imported; see remediation-v2-stage6-image-review.json
147,design,stage10-lesson-147-design.jpg,8d289c5bf8d4d209a17e996342fbe92d658c1bb4f5ca25356812c15e6911890d,Design answers must name the artefact,066b54983d6799046cbe5baec778f999093899df028320156dcf58e21bc3efee,conceptual,Reviewed,Reviewed,Approved,None,High,,,NotApplicable,Stage 6 fresh current-pixel forward/reverse review; old Approved not imported; see remediation-v2-stage6-image-review.json
147,evaluation,stage10-lesson-147-evaluation.jpg,4f099b06e1129579330d71c054b955eef5c3b14309b33b791815854ff58ba6ee,"After release, classify changes and judge success with evidence",01af7ac207e32200ca52a279a44e0ea20902578d65523832668dd7f83bce7b00,process-or-arrow,Reviewed,Reviewed,Approved,None,High,,,NotApplicable,Stage 6 fresh current-pixel forward/reverse review; old Approved not imported; see remediation-v2-stage6-image-review.json
147,lifecycle,stage10-lesson-147-lifecycle.jpg,cf0a745642b1e2b167bb03e5e7c320f500bbfb980faec5d76e8905985b9003a3,"One scenario, many stages",cb1ad24a8fbf237205e6c07e3b99db9e3f1cc8ac54c126d0df1b217adf66f791,process-or-arrow,Reviewed,Reviewed,Approved,None,High,,,NotApplicable,Stage 6 fresh current-pixel forward/reverse review; old Approved not imported; see remediation-v2-stage6-image-review.json
147,testing,stage10-lesson-147-testing.jpg,444f9d7a3f53c3b26383d83366599d5501a16552bee4ce036824bc2e242ad382,"Test cases need data, expected result and purpose",15e16b93cf74b01286d74511eacf5cd21d175b13d6b134367c32f2b2398ee69e,process-or-arrow,Reviewed,Reviewed,Approved,None,High,,,NotApplicable,Stage 6 fresh current-pixel forward/reverse review; old Approved not imported; see remediation-v2-stage6-image-review.json
148,algorithms,stage10-lesson-148-algorithms.jpg,7699db879d9019d5b642e125419de6044ce256a77f10ca8a671f2b45134dd9ae,Good pseudocode is precise enough to trace,fdd798a45e6454ffee3efad8601a9cbc6e29cb57e5cb53235417f7adb34ad1b4,process-or-arrow,Reviewed,Reviewed,Approved,None,High,,,NotApplicable,Stage 6 fresh current-pixel forward/reverse review; old Approved not imported; see remediation-v2-stage6-image-review.json
148,files,stage10-lesson-148-files.jpg,fcc1267a9d26f19522824486a020d2e34bb854e5d4feaa520f29e19e234ff270,Persistent data needs clear read/write logic,3b9806f7f967e5d6626b13b50cef77fea463ce69ddcd92aa2a9d2e983bca70ff,process-or-arrow,Reviewed,Reviewed,Approved,None,High,,,NotApplicable,Stage 6 fresh current-pixel forward/reverse review; old Approved not imported; see remediation-v2-stage6-image-review.json
148,selection,stage10-lesson-148-selection.jpg,bead467a7abfd1be346d40faa62199894361b6170185b2ba0e43c848d1a38603,The reason matters more than the name,73a8f35bb6395a17f28488dd5dbdd498a1a6a4381ca78b9c239bcd5d30d2e26a,numeric,Reviewed,Reviewed,Approved,None,High,,,NotApplicable,Stage 6 fresh current-pixel forward/reverse review; old Approved not imported; see remediation-v2-stage6-image-review.json
148,strategy,stage10-lesson-148-strategy.jpg,429e7d4f2c6e01f59152790bd28ecd60669aff5d3e66f472075ef725c21cd2e8,Choose the tool before writing the answer,4228b0a8ec599a045f8731b6d92220a2c000e71be893e7a05bd7eb4344833d8e,process-or-arrow,Reviewed,Reviewed,Approved,None,High,,,NotApplicable,Stage 6 fresh current-pixel forward/reverse review; old Approved not imported; see remediation-v2-stage6-image-review.json
148,structure-tool,stage10-lesson-148-structure-tool.jpg,7c81a2af7e3415dc02fbe375e2234e371282c2c6b0b36c483a3b7113dbbaea9e,Choose the structure and explain why,bc37f8795c8cc49ca879a75846c8a878d00681137683281389a59c88b9195c09,conceptual,Reviewed,Reviewed,Approved,None,High,,,NotApplicable,Stage 6 fresh current-pixel forward/reverse review; old Approved not imported; see remediation-v2-stage6-image-review.json
148,structures,stage10-lesson-148-structures.jpg,d153317cf50365e9bccac1a55d8091d134042a4b019a257db183d46b27192830,Choose structures by how the data is used,56d41833572539c514e889a66dc423ba8eb96feba30b28029475c30ce876cdcb,numeric,Reviewed,Reviewed,Approved,None,High,,,NotApplicable,Stage 6 fresh current-pixel forward/reverse review; old Approved not imported; see remediation-v2-stage6-image-review.json
148,trace-tool,stage10-lesson-148-trace-tool.jpg,537add09e62eb311ba98225efaf869971819681c32bc3c2f7ba32a3efbea8f26,Calculate Total for the selected score list,f316ff439cd275009d93f98b949fdc24dd1b6f67b9edacc01d017cd3339effca,process-or-arrow,Reviewed,Reviewed,Approved,None,High,,,NotApplicable,Stage 6 fresh current-pixel forward/reverse review; old Approved not imported; see remediation-v2-stage6-image-review.json
149,construct-tool,stage10-lesson-149-construct-tool.jpg,9433ad6422fce51af7ca9da4bb21f1f79b227357a0f706b811badfcc6c483809,Identify the construct from the scenario,53f5709c902c720b05b4aa95105cb9238de2d8e88eceee426140558368426a1b,conceptual,Reviewed,Reviewed,Approved,None,High,,,NotApplicable,Stage 6 fresh current-pixel forward/reverse review; old Approved not imported; see remediation-v2-stage6-image-review.json
149,constructs,stage10-lesson-149-constructs.jpg,a9e6801db6b434f7a6e7dfee890efc241d126763e7ba4cb6ed752663f4b224b1,Constructs control the order in which statements run,42706f9d09513e800614f924bc89986ac7cf48c6237d32e50e5abd323e7672c9,process-or-arrow,Reviewed,Reviewed,Approved,None,High,,,NotApplicable,Stage 6 fresh current-pixel forward/reverse review; old Approved not imported; see remediation-v2-stage6-image-review.json
149,file-tool,stage10-lesson-149-file-tool.jpg,09265c2ecaa0e42feaf5a4579b773e743063a0f048e688a794b989c2bb3ef988,"Choose READ, WRITE or APPEND",e2a3dd478cc0ae6ba104e2e4f4e9569ffeec44e8625a31b3750cdb6776fb22c9,conceptual,Reviewed,Reviewed,Approved,None,High,,,NotApplicable,Stage 6 fresh current-pixel forward/reverse review; old Approved not imported; see remediation-v2-stage6-image-review.json
149,files,stage10-lesson-149-files.jpg,309e6e4372ebb1668b2e39ffba935b6969b2fa132708394a65077cd372a7c2eb,"Open the file in the correct mode, process records, then close it",271534898f45181582ef08e7ead876127b4230100898fff839d01cae04b0ff5b,process-or-arrow,Reviewed,Reviewed,Approved,None,High,,,NotApplicable,Stage 6 fresh current-pixel forward/reverse review; old Approved not imported; see remediation-v2-stage6-image-review.json
149,iteration,stage10-lesson-149-iteration.jpg,f43d18cf1f41abf420e1b5b1fc99d3616efa05a31e147c6158d5105698f599b4,Choose the loop by what is known before the loop starts,290a9a0ad3296682fa97787d09e9bea1aca39a6aa6e85f891b49c058517516ea,numeric;process-or-arrow,Reviewed,Reviewed,Approved,None,High,,,NotApplicable,Stage 6 fresh current-pixel forward/reverse review; old Approved not imported; see remediation-v2-stage6-image-review.json
149,selection,stage10-lesson-149-selection.jpg,8bce8b1c87f7573e9b40166184d249fae5ca62e72d97aaa826e9ee8b9860def4,"Use IF for decisions, CASE for clean multi-way choices",135ca4f0f0077ac987b6289ddb8e2e2590a9ebd9e81f29d24557c60de221dc38,conceptual,Reviewed,Reviewed,Approved,None,High,,CALC-058-REVIEW-SELECTIONS,Passed,Stage 6 fresh current-pixel forward/reverse review; old Approved not imported; see remediation-v2-stage6-image-review.json
149,subprograms,stage10-lesson-149-subprograms.jpg,fea73f95bb8043f7f6a7a67b0dcda0c6c3080b586edf6ec0bead362bb2641eb0,Subprograms reduce repetition and make code testable,f40ff87c1a8d37fe545cccea9fbef1db58ae7addfbd231c464d8adedd0885fd8,process-or-arrow,Reviewed,Reviewed,Approved,None,High,,CALC-059-REVIEW-SUBPROGRAMS,Passed,Stage 6 fresh current-pixel forward/reverse review; old Approved not imported; see remediation-v2-stage6-image-review.json
149,validation,stage10-lesson-149-validation.jpg,bb17ada525452d0e00aa4966c7d9e251b850bc18ec48084f90359bbc96c7c001,Validation rejects unsuitable input before it damages the logic,7948ad5d6db6ffd258717787fd8700c02c39e867ce1568a58d89ea9466fe5f7e,numeric;process-or-arrow,Reviewed,Reviewed,Approved,None,High,,,NotApplicable,Stage 6 fresh current-pixel forward/reverse review; old Approved not imported; see remediation-v2-stage6-image-review.json
150,constructs,stage10-lesson-150-constructs.jpg,2a1c5a7a973167d66b5f8c3fc1a5bb48e98522b40369b09a310e73c83575957d,Choose the smallest construct that fits the task,0925c26acb1ae7cc41c3811f16acc0b9deaa7aad5b86e5dcecc9b53c8a6c621b,process-or-arrow,Reviewed,Reviewed,Approved,None,High,,,NotApplicable,Stage 6 fresh current-pixel forward/reverse review; old Approved not imported; see remediation-v2-stage6-image-review.json
150,method,stage10-lesson-150-method.jpg,8bebc5621b1f3dc986e0f716cf541355da4ab8e3a10d0916f3e6385d864cf71d,The four-pass approach,0c02327ff3c05a9f322730c003e2d0be95aec8faa2659861bd88ae20bcdc5708,numeric;process-or-arrow,Reviewed,Reviewed,Approved,None,High,,,NotApplicable,Stage 6 fresh current-pixel forward/reverse review; old Approved not imported; see remediation-v2-stage6-image-review.json
150,quality,stage10-lesson-150-quality.jpg,bd5bde6d067fbf48ca65014c0e6da5c6ca068eb35685b0d5169ac04486d502d9,"Before moving on, ask six questions",69e352f19d782b3bdf131ab71ac04b4b5d83220377f3dacf2efcbae59ada1e40,process-or-arrow,Reviewed,Reviewed,Approved,None,High,,,NotApplicable,Stage 6 fresh current-pixel forward/reverse review; old Approved not imported; see remediation-v2-stage6-image-review.json
150,skeleton-tool,stage10-lesson-150-skeleton-tool.jpg,dd2cd7a52c6d0067235c3d04c78fb200edc50db81e33fcd7280334d7fe89dab3,Build the outer shape before details,cca2b43c02e32548a98909ca121de91540d15c1c87fb12e1b605194e40c8eb9e,process-or-arrow,Reviewed,Reviewed,Approved,None,High,,,NotApplicable,Stage 6 fresh current-pixel forward/reverse review; old Approved not imported; see remediation-v2-stage6-image-review.json
150,timer-tool,stage10-lesson-150-timer-tool.jpg,ba58bf2a8bcc95bf41d5b00bb45c535c0bf428f450afbf6c79b589002b127dc8,Choose a mark value and plan the response,7f00c731523ddfc0c0e9474ee0a7062711198c0587261eaeaf66c26296c2778c,conceptual,Reviewed,Reviewed,Approved,None,High,,,NotApplicable,Stage 6 fresh current-pixel forward/reverse review; old Approved not imported; see remediation-v2-stage6-image-review.json
150,timing,stage10-lesson-150-timing.jpg,eba580e42df97444d5aa075f12420b1b80792fabb3f008a01e7328ff2f3b8500,Spend time according to marks,c6f75ac5c787bec5c9994c9955b1db722a7587a032b40168c5a08ab604cec3c3,numeric,Reviewed,Reviewed,Approved,None,High,,CALC-073-PAPER2-TIMING,Passed,Stage 6 fresh current-pixel forward/reverse review; old Approved not imported; see remediation-v2-stage6-image-review.json
151,correction,stage10-lesson-151-correction.jpg,3e42201fa071a928fdbdbfed833d6cf7dc3a12f8043c43b6d1439a20674536a2,The four-line correction format,41fec728ab61a189180bf5977007b4e3e82d1a57290b05227a721c26efd42670,numeric,Reviewed,Reviewed,Approved,None,High,,,NotApplicable,Stage 6 fresh current-pixel forward/reverse review; old Approved not imported; see remediation-v2-stage6-image-review.json
151,marking,stage10-lesson-151-marking.jpg,1c45cec52d04e1f0d6f25fc5cdcc7729ecbeaa16e95b074d374ddf4bfab23c4b,Translate feedback into a repeatable checklist,9b551bfd3e6956e3f3c70b408b9284b75ced36525f4ca271f834433e6e65a81f,process-or-arrow,Reviewed,Reviewed,Approved,None,High,,,NotApplicable,Stage 6 fresh current-pixel forward/reverse review; old Approved not imported; see remediation-v2-stage6-image-review.json
151,sections,stage10-lesson-151-sections.jpg,433d8efb80b575cb1edc717c451c5072bfffd259b0bb2dd59cd1cdd3e8689802,Know which skill the mark scheme is testing,77055f71b25d9c4094eb4b89a2a83d9ec05d1a2fef56453b6f12655c9ebab0fc,numeric;process-or-arrow,Reviewed,Reviewed,Approved,None,High,,,NotApplicable,Stage 6 fresh current-pixel forward/reverse review; old Approved not imported; see remediation-v2-stage6-image-review.json
151,triage,stage10-lesson-151-triage.jpg,964699fd2b7a0451b8fe77935e774925a593bd4bcdbf6917c2c0272167d16771,Sort errors before trying to fix everything,580cdc85a4094d768d80561f8b1b9f7b8d81028a82693ae055f2fc7814f6d3b2,process-or-arrow,Reviewed,Reviewed,Approved,None,High,,,NotApplicable,Stage 6 fresh current-pixel forward/reverse review; old Approved not imported; see remediation-v2-stage6-image-review.json
