lesson,visual_id,section_id,method,topic,required_facts,source,status,content_hash
001,explanation-knowledge-img-1,explanation-knowledge,Raster image,Academic knowledge-point infographic explaining The storage ladder with a structured visual model.,bit 0 or 1 nibble 4 bits byte 8 bits = 2 nibbles KiB 1024 bytes MiB 1024 KiB GiB 1024 MiB TiB 1024 GiB,Lesson content and applicable syllabus row,NeedsFactReview,0eb0e6bebe8bdb48bb7b54eed34e267517cfb1451ee60436a6f761d2dc6ac009
002,bitVisual,converter,HTML/CSS,Interactive place-value visual,Interactive place-value visual,Lesson content and applicable syllabus row,NeedsFactReview,caa5cd27f5c8b9c1fd6908e0fc71401fa957d7fb33e1ffc8ca196a55438dcfb5
002,explanation-knowledge-img-1,explanation-knowledge,Raster image,Academic knowledge-point infographic explaining 8-bit binary place values with a structured visual model.,Bit position 7 6 5 4 3 2 1 0 Place value 128 64 32 16 8 4 2 1 Example bits 1 0 1 1 0 1 1 0 Count? yes no yes yes no yes yes no 10110110₂ = 128 + 32 + 16 + 4 + 2 = 182₁₀,Lesson content and applicable syllabus row,NeedsFactReview,e72b779b5b32b9ad37a30f093d0d7fcd1213c3fe91417816da85568f05afdd21
002,explanation-methods-img-1,explanation-methods,Raster image,"Academic knowledge-point infographic explaining Two conversion directions, two reliable methods with a structured visual model.","Binary to denary Write the place-value row: 128, 64, 32, 16, 8, 4, 2, 1. Place the binary digits under the row. Add only the values with a 1 above them. Label the answer as denary. Denary to binary Start at 128 and move right. Write 1 if the place value fits into the remaining number. Subtract that place value when a 1 is used. Write 0 when it does not fit.",Lesson content and applicable syllabus row,NeedsFactReview,686821bdd2b834bdb675d840706cde5e80809da815fcf080a993e28cdcb83895
002,explanation-range-img-1,explanation-range,Raster image,Academic knowledge-point infographic explaining Range and leading zeros with a structured visual model.,Smallest 8-bit value 00000000₂ = 0₁₀ All place values are off. Largest 8-bit value 11111111₂ = 255₁₀ All place values are on: 128 + 64 + 32 + 16 + 8 + 4 + 2 + 1. Leading zeros 00000111₂ = 111₂ = 7₁₀ Leading zeros preserve fixed bit width; they do not change the value.,Lesson content and applicable syllabus row,NeedsFactReview,4b918a15c3aa6d6501865c7e8b4aacd9dd148a8519be27ba9b890497f06b9c7a
003,explanation-digits-img-1,explanation-digits,Raster image,Academic knowledge-point infographic explaining Hexadecimal digits: 0-9 then A-F with a structured visual model.,nibble 4-bit group,Lesson content and applicable syllabus row,NeedsFactReview,5c2252c8aea315ac002a9caad75dafc0be62aa817723668b3b0420a6e5ef26ca
003,explanation-grouping-img-1,explanation-grouping,Raster image,Academic knowledge-point infographic explaining One hex digit represents one nibble with a structured visual model.,"Why four bits? Four bits can represent 16 patterns: from 0000₂ to 1111₂. Hexadecimal has exactly 16 digits: 0 to F. Binary to hex Group the binary value into nibbles from the right. Convert each nibble separately. Hex to binary Replace each hex digit with its 4-bit binary nibble. Keep all four bits for each digit. 1101₂ = D₁₆ and 0110₂ = 6₁₆, so 1101 0110₂ = D6₁₆.",Lesson content and applicable syllabus row,NeedsFactReview,7b27ce461ce62bd56a03b3302fea3a02e1a13973517f6a999a43f03265037b36
003,explanation-padding-img-1,explanation-padding,Raster image,Academic knowledge-point infographic explaining Padding with leading zeros with a structured visual model.,"When padding is needed If the leftmost group has fewer than four bits, add leading zeros to complete the nibble. 101101₂ → 0010 1101₂ → 2D₁₆ The value does not change because leading zeros do not add active place values. Base labels 10 could mean denary ten or binary two. Use base labels when the notation could be ambiguous.",Lesson content and applicable syllabus row,NeedsFactReview,79d7f40743af574010e802ad694527af08b8c9226a67d80e9e88995cdb9f9fa3
003,nibbleVisual,converter,HTML/CSS,Nibble grouping visual,Nibble grouping visual,Lesson content and applicable syllabus row,NeedsFactReview,f0eeffc02c57adcbf66e3d093499d58b6cc0124510cf6bfbf6e290440d9eae07
004,additionVisual,adder,HTML/CSS,Binary addition visual,Binary addition visual,Lesson content and applicable syllabus row,NeedsFactReview,dbf5e28ddbe0e9ee2d642f6d8670d5977d9810889ebd1cd2144d0d747db9e91a
004,explanation-method-img-1,explanation-method,Raster image,Academic knowledge-point infographic explaining 8-bit addition method with a structured visual model.,"Align the two 8-bit operands and start at the rightmost column. Add both bits and any carry-in; write the result bit and carry 1 left when required. For unsigned addition, a carry-out beyond bit 7 means the true sum needs more than 8 bits. Without a carry-out, the stored 8-bit result remains within the unsigned range 0 to 255. A leftmost result bit of 1 is not by itself evidence of unsigned overflow.",Lesson content and applicable syllabus row,NeedsFactReview,a2bd3fb011b5df401b14b1f63ec65c9e74133147097477459b0cb14badc951e5
004,explanation-overflow-img-1,explanation-overflow,Raster image,Academic knowledge-point infographic explaining Unsigned 8-bit overflow with a structured visual model.,"00000000₂ to 11111111₂ = 0 to 255 An unsigned 8-bit result cannot store a value above 255. Carry-out 11110000₂ + 00010000₂ = 1 00000000₂ The ninth bit is a carry-out beyond the 8-bit storage width. Boundary warning 01111111₂ + 00000001₂ = 10000000₂ No unsigned overflow: the result is 128, which still fits in 8 bits.",Lesson content and applicable syllabus row,NeedsFactReview,b2823c82368a9a13f12164b5e3804f05c48b9c20491de9e21f6f9a22bced70d1
004,explanation-rules-img-1,explanation-rules,Raster image,Academic knowledge-point infographic explaining Single-bit addition rules with a structured visual model.,"A full-adder truth table has eight A, B and carry-in combinations. 000 gives sum 0 carry 0; 001 and 010 give sum 1 carry 0; 011 gives sum 0 carry 1. 100 gives sum 1 carry 0; 101 and 110 give sum 0 carry 1; 111 gives sum 1 carry 1.",Lesson content and applicable syllabus row,NeedsFactReview,9a376fb183c776fa8347fff900ac7138cbd201f9e1864d2ec92c67ca2cba4320
005,bitVisual,converter,HTML/CSS,Two's complement bit visual,Two's complement bit visual,Lesson content and applicable syllabus row,NeedsFactReview,6856a3be266c7e2e6676afb1a92afdbb20cc2785a7a3fd68b9e40d2ed9e6754b
005,explanation-range-img-1,explanation-range,Raster image,Academic knowledge-point infographic explaining 8-bit signed ranges and zero with a structured visual model.,Sign-and-magnitude uses one sign bit and seven magnitude bits; its range is -127 to +127 and it has two zero patterns. One's complement forms a negative value by inverting all eight bits; its range is -127 to +127 and it has two zero patterns. Two's complement uses all eight bits as one weighted value with MSB place value -128. The 8-bit two's-complement range is -128 to +127 and it has one zero pattern. One's complement and two's complement do not store a separate magnitude field.,Lesson content and applicable syllabus row,NeedsFactReview,0c99bb792d06161975113b1f68ae1fe6db5f2714ea744ad7c2a28cfed3a78e04
005,explanation-systems-img-1,explanation-systems,Raster image,Academic knowledge-point infographic explaining Three ways to represent negative binary values with a structured visual model.,"Positive 23 in 8 bits is 00010111. The 8-bit sign-and-magnitude representation of -23 is 10010111. The 8-bit one's-complement representation of -23 is 11101000. The 8-bit two's-complement representation of -23 is 11101001. Every input, intermediate state and result must contain exactly 8 bits.",Lesson content and applicable syllabus row,NeedsFactReview,65b4862ba2d9d28bd8bced796f285f8f9d1e2b35c9689399bcc7be9e0155c236
005,explanation-twos-img-1,explanation-twos,Raster image,Academic knowledge-point infographic explaining Two’s complement method with a structured visual model.,"Write the positive magnitude using exactly 8 bits. Invert every bit, then add 1 to form the negative two's-complement value. For +45: 00101101 becomes 11010010 after inversion, then 11010011 after adding 1. The 8-bit value 11010011 represents -45 in two's complement. When the MSB is 1, quick decode uses unsigned value minus 256.",Lesson content and applicable syllabus row,NeedsFactReview,f2093e3f7484f23bdf1803216a1cde34adfc15f113302fe26c046097748ac7b3
006,bitVisual,tool,HTML/CSS,Binary fraction bit visual,Binary fraction bit visual,Lesson content and applicable syllabus row,NeedsFactReview,ff70d9388abb66df24bdf9d0ea6322ec64ed779b4e10c170a4b4bbd352ccc3c9
006,explanation-convert-img-1,explanation-convert,Raster image,Academic knowledge-point infographic explaining Converting simple binary fractions with a structured visual model.,"Binary fractional place values are 1/2, 1/4, 1/8 and 1/16 from left to right. 0.1010 binary equals 1/2 + 1/8 = 0.625 denary. 0.1100 binary equals 1/2 + 1/4 = 0.75 denary.",Lesson content and applicable syllabus row,NeedsFactReview,1cd7892932e9ad36cf3413a77cc8205b0b72c38c5f22775be7d5305c35d7aeb6
006,explanation-point-img-1,explanation-point,Raster image,Academic knowledge-point infographic explaining Binary fractional place value with a structured visual model.,Example 10.101₂ 10.101₂ = 2 + 1/2 + 1/8 = 2.625₁₀,Lesson content and applicable syllabus row,NeedsFactReview,296f42e917be5195e877e35121baeec1fc8e2baa9bdf4b610bdbae9c1004b154
006,explanation-precision-img-1,explanation-precision,Raster image,Academic knowledge-point infographic explaining Precision limits: why computers sometimes approximate with a structured visual model.,"0.75 denary equals 0.1100 binary exactly. With four fractional bits, truncating 0.1 gives 0.0001 binary, which equals 0.0625 denary. The truncation error is 0.0375. Rounding 0.1 to the nearest four-bit fractional value gives 0.0010 binary, which equals 0.125 denary. The rounding error is 0.025, so 0.125 is nearer to 0.1 than 0.0625.",Lesson content and applicable syllabus row,NeedsFactReview,75b53bfc85744cf54ebf3934d790480cc73e31cbc1c554cfbb28bf2981969d26
007,byteVisual,tool,HTML/CSS,Character byte visual,Character byte visual,Lesson content and applicable syllabus row,NeedsFactReview,a35876b7e754e48669c2b1f20b165b0018c5ce661c5e62eead6e6a704a396d81
007,explanation-ascii-img-1,explanation-ascii,Raster image,Academic knowledge-point infographic explaining ASCII and extended ASCII with a structured visual model.,"Standard ASCII Uses 7 bits, so it can represent 2⁷ = 128 possible codes. It covers common English letters, digits, punctuation and control characters. Extended ASCII Uses 8 bits, so it can represent 2⁸ = 256 possible codes. It adds extra characters, but still cannot cover the world’s writing systems. Character Denary code 8-bit binary Exam note 01000001 Example only; no need to memorise.",Lesson content and applicable syllabus row,NeedsFactReview,b64c0d43334e59d57a013b1a3a30c6bae365c2af04adc63eb582f02c62b77f95
007,explanation-concept-img-1,explanation-concept,Raster image,Academic knowledge-point infographic explaining What a character set actually does with a structured visual model.,"Character Character set A defined collection of characters and the code assigned to each character. Character code The numeric value used to represent a character inside the computer. Binary storage The numeric code is stored using bits, for example 65₁₀ = 01000001₂.",Lesson content and applicable syllabus row,NeedsFactReview,c5c07dedfdbd46385f59d4047fecfd6ab5202b83d2aa82e1e8fef8a99461d56d
007,explanation-encoding-img-1,explanation-encoding,Raster image,Academic knowledge-point infographic explaining Character set vs encoding with a structured visual model.,"Character set Defines the characters and their code points or code values. Example idea: A has a defined code in ASCII and Unicode. Encoding Defines how those codes are stored as bytes. For AS exam answers, keep this distinction simple unless the question gives a specific encoding. A good exam sentence: “Unicode can represent a wider range of characters, so it is more suitable for multilingual text.”",Lesson content and applicable syllabus row,NeedsFactReview,50cbdfcbf37160f73dd32655b5798d2201ad77f353e77bbe69cab08df5f965ca
007,explanation-unicode-img-1,explanation-unicode,Raster image,"Academic knowledge-point infographic explaining Unicode: more characters, more global use with a structured visual model.","Unicode is designed to represent characters from many languages and symbol systems. Unicode supports far more characters than ASCII, including Chinese characters and many symbols. Trade-off More possible characters may require more bits per character, depending on the encoding used. Emoji are characters assigned Unicode code points and rendered by software using available fonts or graphics.",Lesson content and applicable syllabus row,NeedsFactReview,c9df8464d4d30ead41517c98da6cd77b8f5236272dab9ed7d64f3c7560099325
008,explanation-depth-img-1,explanation-depth,Raster image,Academic knowledge-point infographic explaining Colour depth: bits per pixel with a structured visual model.,"1-bit colour 2¹ = 2 possible colours. Useful for black/white examples. 4-bit colour 2⁴ = 16 possible colours. 8-bit colour 2⁸ = 256 possible colours. 24-bit colour 2²⁴ = 16 777 216 possible colours. Higher colour depth allows more possible colours, but it cannot add detail that is absent from the original image.",Lesson content and applicable syllabus row,NeedsFactReview,d366088db33d49911a62e8a0c7c7606713397c95cb1e5694b811b3950ebcffef
008,explanation-formula-img-1,explanation-formula,Raster image,Academic knowledge-point infographic explaining Bitmap file size formula with a structured visual model.,file size in bits = width × height × colour depth file size in bytes = bits ÷ 8 100 × 80 × 8 = 64 000 bits = 8000 bytes,Lesson content and applicable syllabus row,NeedsFactReview,fd452fdda21a1c6b7603223d908bffd6b0494738df7eb418a99080146cd242f1
008,explanation-pixels-img-1,explanation-pixels,Raster image,Academic knowledge-point infographic explaining Bitmap file header and pixel data with a structured visual model.,"A bitmap file contains a file header and pixel data. The file header stores metadata needed to interpret the bitmap; it is not an image pixel. Pixel-data size is width x height x colour depth. When a question says to ignore the file header, do not add metadata bytes to the pixel-data calculation.",Lesson content and applicable syllabus row,NeedsFactReview,0b3788b4986663b021dc239e9e32a03c50f8b4007d3d34ee0ff5944d88e68b80
008,explanation-resolution-img-1,explanation-resolution,Raster image,Academic knowledge-point infographic explaining Resolution: width × height with a structured visual model.,Pixel dimensions 100 × 80 means 100 pixels across and 80 pixels down. Total pixels: 100 × 80 = 8000. Quality effect Higher resolution can show more detail because more pixels are stored. It also increases file size if colour depth stays the same. Click pixels to toggle them. Each square is one stored picture element.,Lesson content and applicable syllabus row,NeedsFactReview,9bc1dbc6f935871bdb27b97846a2e928c2b4e297e26c362a33498f0831cd6a1b
009,explanation-chain-img-1,explanation-chain,Raster image,Academic knowledge-point infographic explaining The calculation chain with a structured visual model.,1. Pixels width × height pixels × colour depth 3. Bytes bits ÷ 8 4. Metadata add only if the question includes it 100 × 80 × 8 = 64 000 bits = 8000 bytes,Lesson content and applicable syllabus row,NeedsFactReview,3693c3fb889b8a6aee1721795e53d21d444a75e9c9c5d1b238dc4cc8e181662b
009,explanation-metadata-img-1,explanation-metadata,Raster image,"Academic knowledge-point infographic explaining Metadata is data about the image, not the pixels themselves with a structured visual model.","Examples Width, height, colour depth, file type, date created, camera model, location data or thumbnail data. Metadata helps software interpret, organise, search or display the image correctly. Calculation rule Add metadata size only when the question gives it and asks for total file size. Exam wording matters: “ignore metadata” means pixel data only.",Lesson content and applicable syllabus row,NeedsFactReview,282ac4e9c0af637bd2b52d451043788deb4ae9360054d4f3f66d635d88876585
009,explanation-units-img-1,explanation-units,Raster image,Academic knowledge-point infographic explaining Units: do not trip at the finish line with a structured visual model.,"When a formula gives a size in bits, divide by 8 to convert to bytes. When binary units are required, divide bytes by 1024 for KiB and continue by factors of 1024. A quantity may already be supplied in bytes or a larger unit; not every measurement starts as bits.",Lesson content and applicable syllabus row,NeedsFactReview,a286d58e6546d1d99e0621d1cb419b439feb05a8725de1f4aa4cf2de9db2b86e
010,explanation-duration-img-1,explanation-duration,Raster image,Academic knowledge-point infographic explaining Duration: how long the sound lasts with a structured visual model.,"Seconds matter A 10-second clip stores ten times as many samples as a 1-second clip if the sample rate is unchanged. Mono for today This lesson uses mono sound, so there is one channel. Stereo channels are handled in the next calculation lesson.",Lesson content and applicable syllabus row,NeedsFactReview,c8044a8f060c8e7464ee7b115eafe4502155d6d7c9b0452738bbe2fed63fce9f
010,explanation-formula-img-1,explanation-formula,Raster image,Academic knowledge-point infographic explaining Basic mono sound file size formula with a structured visual model.,size in bits = sampling rate × sampling resolution × duration size in bytes = bits ÷ 8 8000 × 16 × 10 = 1 280 000 bits = 160 000 bytes,Lesson content and applicable syllabus row,NeedsFactReview,d17f6c8db4c0592ad2b38ce78f39ec6c17fc98288f8ffa9cbff7bf2194a5f2c5
010,explanation-rate-img-1,explanation-rate,Raster image,Academic knowledge-point infographic explaining Sampling rate: samples per second with a structured visual model.,"Definition Sampling rate is the number of samples taken each second. It is commonly measured in hertz, Hz. A higher sampling rate records more measurements each second. This can improve accuracy, but increases file size.",Lesson content and applicable syllabus row,NeedsFactReview,f83934a1d9b0c38f5b7f1cbe41f64c99a2dac6190bbc13bffd20443394a73924
010,explanation-resolution-img-1,explanation-resolution,Raster image,Academic knowledge-point infographic explaining Sampling resolution: bits per sample with a structured visual model.,"Sampling resolution is the official syllabus term; sample resolution is a common synonym. An 8-bit sampling resolution provides 2^8 = 256 possible amplitude levels. A 16-bit sampling resolution provides 2^16 = 65,536 possible amplitude levels. More bits per sample can represent amplitude more precisely, but use more storage.",Lesson content and applicable syllabus row,NeedsFactReview,b344511b97e2764c8b17d2fb1bd72d855a0fc4a46196cae760f182cbd92d467e
010,explanation-sampling-img-1,explanation-sampling,Raster image,Academic knowledge-point infographic explaining Sampling turns an analogue wave into digital values with a structured visual model.,Analogue sound A continuous wave. The pressure changes smoothly over time. A measurement of the wave amplitude at one moment in time. Digital sound A sequence of sample values stored as binary numbers.,Lesson content and applicable syllabus row,NeedsFactReview,1ba8025cc1008a31fe212ef1db4a9977d84f9712acc97bc4cfa5f572baec9e3e
010,overview-svg-1,overview,Inline SVG,Sampled sound wave,Sampled sound wave,Lesson content and applicable syllabus row,NeedsFactReview,5f5bcc08bc169920182de60b863bcdbcd3fe523597ba84313b4763425913756c
011,explanation-channels-img-1,explanation-channels,Raster image,Academic knowledge-point infographic explaining Channels: mono and stereo with a structured visual model.,"One channel of audio. Use channel factor 1. rate × resolution × duration × 1 Two channels, commonly left and right. Use channel factor 2. rate × resolution × duration × 2",Lesson content and applicable syllabus row,NeedsFactReview,cf39987bf3e96a21d04067233a56953ea051764fd43703308c32f8d304a93503
011,explanation-formula-img-1,explanation-formula,Raster image,Academic knowledge-point infographic explaining The full uncompressed sound formula with a structured visual model.,"size in bits = sampling rate × sampling resolution × duration × channels size in bytes = bits ÷ 8 KiB = bytes ÷ 1024; MiB = KiB ÷ 1024 Sampling rate samples per second, measured in Hz Sampling resolution bits used for each sample Duration length of the sound in seconds Channels mono = 1, stereo = 2",Lesson content and applicable syllabus row,NeedsFactReview,3c068e0bd7967cef95508306898ecbeab60b0715be269962406482fca6c4ed4f
011,explanation-tradeoffs-img-1,explanation-tradeoffs,Raster image,Academic knowledge-point infographic explaining Parameter changes and consequences with a structured visual model.,Higher sampling rate More samples per second; may improve accuracy; increases file size. Higher sampling resolution More bits per sample; more amplitude levels; increases file size. Longer duration More seconds of samples; increases file size in direct proportion. More channels More separate audio streams; stereo doubles mono size when other factors match.,Lesson content and applicable syllabus row,NeedsFactReview,2de70746ff8844a65269e6d1975138bbe8680e0de75bc3171d812e6fd04748e9
011,explanation-units-img-1,explanation-units,Raster image,Academic knowledge-point infographic explaining Unit conversion without changing the answer with a structured visual model.,The formula gives bits first. 8 bits = 1 byte. 1 KiB = 1024 bytes. 1 MiB = 1024 KiB. Do not divide by 1000 when the question asks for KiB or MiB.,Lesson content and applicable syllabus row,NeedsFactReview,0ccb70033a66b604881a7481dc6911ca85ce4db1adcf6ed7355cff80957588ec
012,explanation-lossless-img-1,explanation-lossless,Raster image,Academic knowledge-point infographic explaining Lossless compression: exact reconstruction with a structured visual model.,"Definition Lossless compression reduces file size while allowing the original data to be restored exactly. Suitable uses Text files, program files, spreadsheets, databases, medical records and backups. If one changed bit could change meaning or break the file, lossless is the safer answer.",Lesson content and applicable syllabus row,NeedsFactReview,3b33039d866c089c39a7efa733ac6376f5c0c41680527d58592db3579dcf4786
012,explanation-lossy-img-1,explanation-lossy,Raster image,"Academic knowledge-point infographic explaining Lossy compression: smaller, but not exact with a structured visual model.","Definition Lossy compression reduces file size by permanently removing some data. Suitable uses Images, video and sound where small quality loss may be acceptable. Lossy is not suitable when exact reconstruction is required.",Lesson content and applicable syllabus row,NeedsFactReview,4c8b7c896588fc4dbf7203a9d534c6182e3d5d6fe0ea6ba27f007e9797cbdc7a
012,explanation-purpose-img-1,explanation-purpose,Raster image,Academic knowledge-point infographic explaining Why compress data? with a structured visual model.,Less storage Smaller files use less disk or memory space. Faster transfer Smaller files need less bandwidth and may download or upload faster. Trade-off Compression and decompression may require processing time.,Lesson content and applicable syllabus row,NeedsFactReview,1b8d1797e82f86748ca27c847dfddb66bfb2428bcf924f7968e281eb3336d2eb
012,explanation-ratio-img-1,explanation-ratio,Raster image,Academic knowledge-point infographic explaining Compression ratio and saved space with a structured visual model.,compression ratio = original size : compressed size percentage saved = ((original - compressed) ÷ original) × 100 Example: 1000 KB → 250 KB gives ratio 4:1 and 75% saved.,Lesson content and applicable syllabus row,NeedsFactReview,cb7865b539be1e36e459d9a0a4039cd7d377b9ae8194e48a34d6ffaeecadf8f4
013,explanation-dictionary-img-1,explanation-dictionary,Raster image,Academic knowledge-point infographic explaining Dictionary-style compression with a structured visual model.,"Find repeated patterns and store them once in a dictionary. Reference Replace later occurrences with a shorter code or pointer to the dictionary entry. COMPUTER COMPUTER COMPUTER can store COMPUTER once, then use references. Dictionary #1 = COMPUTER Compressed form #1 #1 #1 Decoded form COMPUTER COMPUTER COMPUTER",Lesson content and applicable syllabus row,NeedsFactReview,a66072db2998972380cb78a71500c3edcd566d52e22195154389ad5111b51b2b
013,explanation-effectiveness-img-1,explanation-effectiveness,Raster image,Academic knowledge-point infographic explaining When does it help? with a structured visual model.,"RLE helps Long repeated runs, simple graphics, repeated pixels or repeated characters. RLE struggles Alternating or random-looking data with very short runs. Dictionary helps Repeated words, phrases, byte patterns or sequences across the file. Both methods are lossless if the dictionary and encoded data allow exact reconstruction.",Lesson content and applicable syllabus row,NeedsFactReview,84029da7399b7cc257aee867c3f039b949c8f05b537eef4449420c64a34d5c6d
013,explanation-rle-img-1,explanation-rle,Raster image,Academic knowledge-point infographic explaining Run-length encoding with a structured visual model.,Encoding rule Replace each consecutive run with count + value. AAAAAABBBBCCCCCCCC → 6A4B8C Decoding rule Expand each count and value back into repeated data. 3A2B1C → AAABBC,Lesson content and applicable syllabus row,NeedsFactReview,188caa7f6b53b0002b147950cb9e7e7754e0723c39ea3b9e15a0fd040ab12f7b
014,explanation-cases-img-1,explanation-cases,Raster image,Academic knowledge-point infographic explaining System cases with a structured visual model.,Multilingual chat app Use Unicode so messages can include characters from many languages. Sensor logger Use enough bits and signed representation if values may be negative. Website thumbnail Lower resolution and lossy compression may be acceptable to reduce transfer time. Legal archive Use lossless compression because exact reconstruction is required.,Lesson content and applicable syllabus row,NeedsFactReview,51255e500405e4da7e87a6f52b1fb9adbadff66e62e9a6cf3f791c18b9958941
014,explanation-framework-img-1,explanation-framework,Raster image,Academic knowledge-point infographic explaining A decision framework with a structured visual model.,"1. What data? Integer, signed value, text, image, sound or repeated data. 2. What range? Check minimum, maximum, precision and whether negative values are possible. 3. What quality? Choose resolution, colour depth, sample rate or sampling resolution only as high as needed. 4. What constraints? Storage, bandwidth, compatibility, exact reconstruction and processing cost.",Lesson content and applicable syllabus row,NeedsFactReview,9ed931ac945c6b0231884cdcf39fd0b8ddbe12890c92245f1feb1c2df1315cfe
014,explanation-tradeoffs-img-1,explanation-tradeoffs,Raster image,Academic knowledge-point infographic explaining Useful trade-off sentences with a structured visual model.,"Higher image resolution or colour depth can improve image quality and increases image file size. Higher sample rate or sample resolution can improve sound accuracy and increases audio file size. Use an audio or neutral data-file symbol for sound data, not an image-file thumbnail.",Lesson content and applicable syllabus row,NeedsFactReview,1033fc74079edc965b9052e26fdf354924fd64bf6bab1f18f21f9f8a2937d306
015,explanation-methods-img-1,explanation-methods,Raster image,Academic knowledge-point infographic explaining Section 1 method bank with a structured visual model.,"Storage units 1 KiB = 1024 bytes. 1 MiB = 1024 KiB. Decimal prefixes use 1000, binary prefixes use 1024. Binary to denary Add active place values. For 8-bit unsigned, range is 0 to 255. File size Image bits = width x height x colour depth. Sound bits = sample rate x sampling resolution x duration x channels. Compression choice Lossless allows exact reconstruction. Lossy removes data permanently but can reduce file size more.",Lesson content and applicable syllabus row,NeedsFactReview,f11eea98414d1556a67fd3abc4617903700b2630f2b27b473af66a07fbe26595
015,explanation-sprint-img-1,explanation-sprint,Raster image,Academic knowledge-point infographic explaining Six-minute review sprint with a structured visual model.,"Timed section Use the timer for a short retrieval round. The goal is not panic; the goal is clean method under a clock. Convert 10101100 to denary. Calculate the size in bits of a 100 x 50 bitmap image with 8-bit colour depth. State why Unicode is suitable for a multilingual app. Choose lossless or lossy compression for a legal document archive and justify the choice. 1: 172, because 128 + 32 + 8 + 4 = 172. 2: 100 x 50 x 8 = 40 000 bits. 3: Unicode supports a wider range of characters, so it can represent many languages. 4: Lossless, because the document must be reconstructed exactly.",Lesson content and applicable syllabus row,NeedsFactReview,cc341a3b65c25b1f4d0a9cfc85136a9813d4ed67755b409160dbce547fa3804f
015,explanation-triage-img-1,explanation-triage,Raster image,Academic knowledge-point infographic explaining Question triage: choose the toolbox first with a structured visual model.,"Number bases Look for binary, denary, hexadecimal, place values, carries, overflow or two's complement. Text representation Look for ASCII, Unicode, character set, character code, multilingual text or symbols. Images and sound Look for resolution, colour depth, sampling rate, sampling resolution, duration and file size. Compression Look for lossless, lossy, exact reconstruction, reduced quality, RLE or repeated data.",Lesson content and applicable syllabus row,NeedsFactReview,f84099940b8e360348d0b9f1cd3b39122e32e5b7363ddb21b6d5bdda65af73f3
016,explanation-lanwan-img-1,explanation-lanwan,Raster image,Academic knowledge-point infographic explaining Why LAN and WAN management differs through a cause-and-effect diagram.,"A LAN usually stays within one organisation's controlled site. A WAN crosses distance and often uses provider-owned infrastructure. More owners and routes add latency, cost and fault-finding complexity.",Cambridge 9618 syllabus 2027-2029 section 2.1,NeedsFactReview,32f1f5814723f296f1aea2caf036478b58d2cd8ce1cbae126af1914e67d792c0
016,explanation-purpose-img-1,explanation-purpose,Raster image,Academic knowledge-point infographic explaining How a shared resource becomes useful through a cause-and-effect diagram.,A device packages a request and names the destination. The network carries that request to the shared resource. One managed resource can then serve many authorised devices.,Cambridge 9618 syllabus 2027-2029 section 2.1,NeedsFactReview,b8516f702c0bc04f0084f2d9e14f5f9bc16c63dd9892f25c112f614cb95958d7
016,explanation-topologies-img-1,explanation-topologies,Raster image,Academic knowledge-point infographic explaining Why connection patterns change risk through a cause-and-effect diagram.,A topology diagram's link count must match the physical links actually drawn. Alternative paths improve resilience but require additional links and ports. Use one consistent topology in the mechanism and result views; this example has nine links including the inter-switch link.,Cambridge 9618 syllabus 2027-2029 section 2.1,NeedsFactReview,e6abe07fdb0bf3b81031abfac61d6ef397b8772c1cc3d31adecf049f14c791ff
016,topologies-circle-10,topologies,HTML/CSS,Network topologies,Define exact facts for manual review of Network topologies.,Cambridge 9618 syllabus 2027-2029 section 2.1,PilotReview,d33a57cdd1f5ead5139f4ecc476c207f60465b77b3d23cb10091e840e13c73f9
016,topologies-circle-11,topologies,HTML/CSS,Network topologies,Define exact facts for manual review of Network topologies.,Cambridge 9618 syllabus 2027-2029 section 2.1,PilotReview,91685d3a981d203f64546c1b50a03fbb1cadb2d375f0d24fa5f5bacc048503c8
016,topologies-circle-18,topologies,HTML/CSS,Network topologies,Define exact facts for manual review of Network topologies.,Cambridge 9618 syllabus 2027-2029 section 2.1,PilotReview,10fd7b8c2e6bb4f69cbc20d34783fd22c8151a0439368d66398d958fa20c3b82
016,topologies-circle-19,topologies,HTML/CSS,Network topologies,Define exact facts for manual review of Network topologies.,Cambridge 9618 syllabus 2027-2029 section 2.1,PilotReview,2a988a53df606e170ea664e23cd34ba1e3a3af96cb3ad9d94f691cf9e5bcc17b
016,topologies-circle-20,topologies,HTML/CSS,Network topologies,Define exact facts for manual review of Network topologies.,Cambridge 9618 syllabus 2027-2029 section 2.1,PilotReview,754884a743d2cf70f275a9c1d369b5f6394c5f2b65266744c6d9b7d3561ec626
016,topologies-circle-21,topologies,HTML/CSS,Network topologies,Define exact facts for manual review of Network topologies.,Cambridge 9618 syllabus 2027-2029 section 2.1,PilotReview,04e67857caae1037c51a27e1f197008267443babff2ac80d34d4ff77e202a52e
016,topologies-circle-31,topologies,HTML/CSS,Network topologies,Define exact facts for manual review of Network topologies.,Cambridge 9618 syllabus 2027-2029 section 2.1,PilotReview,3479bad03838500dca1b9cf776400eb1305b101aa12f20eba9606543aa059d85
016,topologies-circle-32,topologies,HTML/CSS,Network topologies,Define exact facts for manual review of Network topologies.,Cambridge 9618 syllabus 2027-2029 section 2.1,PilotReview,43ab1f971445e75b59c6dae4719d3d6ad448f7d4390d4b4d51689faf0325719b
016,topologies-circle-33,topologies,HTML/CSS,Network topologies,Define exact facts for manual review of Network topologies.,Cambridge 9618 syllabus 2027-2029 section 2.1,PilotReview,924564cac98ba855b85ec30932daebb489120e7aaca164ff505b35dc8b400c57
016,topologies-circle-34,topologies,HTML/CSS,Network topologies,Define exact facts for manual review of Network topologies.,Cambridge 9618 syllabus 2027-2029 section 2.1,PilotReview,4c347210877432c6f3c4e0bc7957a667fd207415a68df66056e11d1a77ce3a18
016,topologies-circle-43,topologies,HTML/CSS,Network topologies,Define exact facts for manual review of Network topologies.,Cambridge 9618 syllabus 2027-2029 section 2.1,PilotReview,802b9399dc34b60c27e2c4a762af20172ea2ea44dcc4e9981425d4b57ff37bd3
016,topologies-circle-44,topologies,HTML/CSS,Network topologies,Define exact facts for manual review of Network topologies.,Cambridge 9618 syllabus 2027-2029 section 2.1,PilotReview,c174aca428bfb5d7db72c079bfde33ad10f241666c1082799e7c210c9721b019
016,topologies-circle-45,topologies,HTML/CSS,Network topologies,Define exact facts for manual review of Network topologies.,Cambridge 9618 syllabus 2027-2029 section 2.1,PilotReview,aa908f82bda4b93be2f62fe3052e8b1a76348bb9ab7a43a698c259263ab05bc4
016,topologies-circle-46,topologies,HTML/CSS,Network topologies,Define exact facts for manual review of Network topologies.,Cambridge 9618 syllabus 2027-2029 section 2.1,PilotReview,71dae4e8fb682a0bf865a4d04e6db448fa81ae010f28d13488aa1b3db5597c76
016,topologies-circle-47,topologies,HTML/CSS,Network topologies,Define exact facts for manual review of Network topologies.,Cambridge 9618 syllabus 2027-2029 section 2.1,PilotReview,26e944a7073afd9f56ada38d28ccb44b801b3da767f833d2fdf48d7f72eb349e
016,topologies-circle-48,topologies,HTML/CSS,Network topologies,Define exact facts for manual review of Network topologies.,Cambridge 9618 syllabus 2027-2029 section 2.1,PilotReview,6f8a372f493f515c24608df31783d7fd326a62fba00f467826034865f9c3e1ce
016,topologies-circle-8,topologies,HTML/CSS,Network topologies,Define exact facts for manual review of Network topologies.,Cambridge 9618 syllabus 2027-2029 section 2.1,PilotReview,b0f4312150e1b79bbc82334e26874d12aad6dd51c3e0de3ad683b538ad5c45e5
016,topologies-circle-9,topologies,HTML/CSS,Network topologies,Define exact facts for manual review of Network topologies.,Cambridge 9618 syllabus 2027-2029 section 2.1,PilotReview,e1aba03c05462bf7026d6115de4cb0825f6b3c30edef03c882fa1d7d88013568
016,topologies-div-1,topologies,HTML/CSS,Network topologies,Define exact facts for manual review of Network topologies.,Cambridge 9618 syllabus 2027-2029 section 2.1,PilotReview,a8dfd7c9de6c2ec52f79cc3abe44234d3287b9faed505161b53e32790d6446f7
016,topologies-line-14,topologies,HTML/CSS,Network topologies,Define exact facts for manual review of Network topologies.,Cambridge 9618 syllabus 2027-2029 section 2.1,PilotReview,ef0e49a41aa0cabc67847e45fa73a4e8677032057a0fa2aad4e6cae22f33b1fb
016,topologies-line-15,topologies,HTML/CSS,Network topologies,Define exact facts for manual review of Network topologies.,Cambridge 9618 syllabus 2027-2029 section 2.1,PilotReview,b08fa59150482a9eccee4729c3bda00391367b4301fcaf1aad7614685d84600e
016,topologies-line-16,topologies,HTML/CSS,Network topologies,Define exact facts for manual review of Network topologies.,Cambridge 9618 syllabus 2027-2029 section 2.1,PilotReview,7c382ec43208952337ea9dbb593296c9c89f2aed63c74ca3a36063911f4e0efc
016,topologies-line-17,topologies,HTML/CSS,Network topologies,Define exact facts for manual review of Network topologies.,Cambridge 9618 syllabus 2027-2029 section 2.1,PilotReview,bc352cf3ed465d7f8da4e92bb069e11effc211455ae3e79f0cd3629d43ced990
016,topologies-line-25,topologies,HTML/CSS,Network topologies,Define exact facts for manual review of Network topologies.,Cambridge 9618 syllabus 2027-2029 section 2.1,PilotReview,754bda297abdd85c2a7b35af03f5b0107975a726ba12f6a025d0736d37728323
016,topologies-line-26,topologies,HTML/CSS,Network topologies,Define exact facts for manual review of Network topologies.,Cambridge 9618 syllabus 2027-2029 section 2.1,PilotReview,dec7aaa1522554e5dc6647e5a7a14f6e9e46287606e03ba361d92581506acda0
016,topologies-line-27,topologies,HTML/CSS,Network topologies,Define exact facts for manual review of Network topologies.,Cambridge 9618 syllabus 2027-2029 section 2.1,PilotReview,c36d929035af20b93cc83a6bb552b52173c1a59d366c0e249fac3031af2d9f44
016,topologies-line-28,topologies,HTML/CSS,Network topologies,Define exact facts for manual review of Network topologies.,Cambridge 9618 syllabus 2027-2029 section 2.1,PilotReview,b78443d45484188062864c9d19782dbfb28ef23f724e58f3e95e75f0cf53abef
016,topologies-line-29,topologies,HTML/CSS,Network topologies,Define exact facts for manual review of Network topologies.,Cambridge 9618 syllabus 2027-2029 section 2.1,PilotReview,7e8eb65c279072c3b09c11897ef7a37f4ebbd1896f3fbb7ff027b814b3995873
016,topologies-line-3,topologies,HTML/CSS,Network topologies,Define exact facts for manual review of Network topologies.,Cambridge 9618 syllabus 2027-2029 section 2.1,PilotReview,53d8cbe010ce3c145d32150b952dcf269ffe7252fe9a825f586b90f84dc52644
016,topologies-line-30,topologies,HTML/CSS,Network topologies,Define exact facts for manual review of Network topologies.,Cambridge 9618 syllabus 2027-2029 section 2.1,PilotReview,e2d7ef9041d5e0eaa241e5f9278181675d7f1f43132a6aeccd04a3397076547c
016,topologies-line-36,topologies,HTML/CSS,Network topologies,Define exact facts for manual review of Network topologies.,Cambridge 9618 syllabus 2027-2029 section 2.1,PilotReview,1cef2cc2a993439a94c84c8e1ac1d18c8f8c52c3d81f423a00f0020521ab5c7f
016,topologies-line-37,topologies,HTML/CSS,Network topologies,Define exact facts for manual review of Network topologies.,Cambridge 9618 syllabus 2027-2029 section 2.1,PilotReview,e7dd2dd276161baa1659c6ee8a7370ae6b934c3fa5e1fbdb50b4ce2b22f0a113
016,topologies-line-38,topologies,HTML/CSS,Network topologies,Define exact facts for manual review of Network topologies.,Cambridge 9618 syllabus 2027-2029 section 2.1,PilotReview,7e9418c53b6e3ccead32ba6077bd8abc513c7dbc614c2efeb7f987258480ba0f
016,topologies-line-39,topologies,HTML/CSS,Network topologies,Define exact facts for manual review of Network topologies.,Cambridge 9618 syllabus 2027-2029 section 2.1,PilotReview,f5d149f69a4648b558545e7be8cf8ac558abb1af0d7e11b6f497d1949dbe0200
016,topologies-line-4,topologies,HTML/CSS,Network topologies,Define exact facts for manual review of Network topologies.,Cambridge 9618 syllabus 2027-2029 section 2.1,PilotReview,f5925797d44bddd628eafa5b3ccf3cb6e5ce5a1cbb57eba60796993679290cb2
016,topologies-line-40,topologies,HTML/CSS,Network topologies,Define exact facts for manual review of Network topologies.,Cambridge 9618 syllabus 2027-2029 section 2.1,PilotReview,7f7d82e252388e08d0ce2d2413e6bc726c4a5781ded25b5ec7d926e735dfc7e4
016,topologies-line-41,topologies,HTML/CSS,Network topologies,Define exact facts for manual review of Network topologies.,Cambridge 9618 syllabus 2027-2029 section 2.1,PilotReview,9013244d071b5378705c5018b04229d97fa37c4e68834d40777d96cd221ad643
016,topologies-line-42,topologies,HTML/CSS,Network topologies,Define exact facts for manual review of Network topologies.,Cambridge 9618 syllabus 2027-2029 section 2.1,PilotReview,17899dd4d2af78527fbe9b7f72d0f48bdf59bbd6755ccd470cd96b5502cb1cec
016,topologies-line-5,topologies,HTML/CSS,Network topologies,Define exact facts for manual review of Network topologies.,Cambridge 9618 syllabus 2027-2029 section 2.1,PilotReview,2e0213e7659a43fcc2a2edc6aecc520f1a45011b544c95176cd17c45663dc9a7
016,topologies-line-6,topologies,HTML/CSS,Network topologies,Define exact facts for manual review of Network topologies.,Cambridge 9618 syllabus 2027-2029 section 2.1,PilotReview,eadcdd723627a598fe19b60aff8988e95192e2bde06ed5e86670d4c9c38dba7e
016,topologies-line-7,topologies,HTML/CSS,Network topologies,Define exact facts for manual review of Network topologies.,Cambridge 9618 syllabus 2027-2029 section 2.1,PilotReview,da8218e5662dc8821b10a37181222f481df16c5a42ef0f0edc4146897b29185e
016,topologies-rect-22,topologies,HTML/CSS,Network topologies,Define exact facts for manual review of Network topologies.,Cambridge 9618 syllabus 2027-2029 section 2.1,PilotReview,52f83baf942a2b13ca72606a6b78c3b4600add147bab4a3fc106406bc5f85c63
016,topologies-rect-49,topologies,HTML/CSS,Network topologies,Define exact facts for manual review of Network topologies.,Cambridge 9618 syllabus 2027-2029 section 2.1,PilotReview,15be98558c8765f31d05bed252457344d3d8c565bcab52580aadd90edaf90161
016,topologies-rect-50,topologies,HTML/CSS,Network topologies,Define exact facts for manual review of Network topologies.,Cambridge 9618 syllabus 2027-2029 section 2.1,PilotReview,9a3d002f443b8c3f3266ae8e257b5bfce1daa2438000a176da5a5254581f937a
016,topologies-svg-13,topologies,Inline SVG,Star topology,Four devices each have an independent link to one central switch.,Cambridge 9618 syllabus 2027-2029 section 2.1,PilotReview,c0807d85331b5367ca67d0bd24005e2b6063064decfa204609645acaa7f71d63
016,topologies-svg-2,topologies,Inline SVG,Bus topology,Four devices connect by short branches to one shared horizontal backbone cable.,Cambridge 9618 syllabus 2027-2029 section 2.1,PilotReview,2b64eaa0c9801bfecadf58d02a2c7a06e2e5a07adf15c4b30e46439ae9bca70f
016,topologies-svg-24,topologies,Inline SVG,Full mesh topology example,"Four devices are fully connected: every device has a direct link to each of the other three devices, making six links.",Cambridge 9618 syllabus 2027-2029 section 2.1,PilotReview,2732b5392e4139e7c2416b3d3f00446c78abb2ac9310ca50de72ecbcdb88cb5a
016,topologies-svg-35,topologies,Inline SVG,Hybrid topology,Two star segments are connected together. Each segment has a central switch and three attached devices.,Cambridge 9618 syllabus 2027-2029 section 2.1,PilotReview,5e557f666891facda3f900f74b7bc129a94a83415e35ae6b6a8d2cd88af1a65c
016,topologies-text-12,topologies,HTML/CSS,Network topologies,Define exact facts for manual review of Network topologies.,Cambridge 9618 syllabus 2027-2029 section 2.1,PilotReview,d638ace78f482ba5bb86a2385c54d2b41d56da901e9dd940987db6a378a5c46b
016,topologies-text-23,topologies,HTML/CSS,Network topologies,Define exact facts for manual review of Network topologies.,Cambridge 9618 syllabus 2027-2029 section 2.1,PilotReview,3951fd52cd697137526acc15efffe2ae8c36cb9098a092f210d82ada17b54b72
017,explanation-compare-img-1,explanation-compare,Raster image,Academic knowledge-point infographic explaining Client-server vs peer-to-peer with a structured visual model.,"Client-server Peer-to-peer Centralised management, security, backups and permissions. Decentralised control; each peer may manage its own resources. May need dedicated server hardware, software and administration. Can be cheaper for small networks because no dedicated server is required. Reliability Server failure may affect many clients unless redundancy is used. No single central server, but availability depends on peers being online. Typical use School login, file server, web server, email server. Small file sharing, local collaboration, distributed sharing.",Lesson content and applicable syllabus row,ApprovedBaseline,97ca1be68701f1577172a9d0d20ef9c9791be3e66a6f5cb0a54f4cb90b0170bd
017,explanation-model-visual-img-1,explanation-model-visual,Raster image,Academic knowledge-point infographic explaining One model has equal peers; the other has dedicated service roles with a structured visual model.,"Visual explanation Follow the arrows and identify which devices can provide a resource. Peer-to-peer: every device can request and provide The lines show possible direct sharing between peers. They do not define a physical topology: peer-to-peer describes device roles. No dedicated central server is required. Each peer can request a file and provide one. A peer going offline can make its shared resource unavailable. Client-server: clients request a managed service Requests go to the server and responses return to clients. The server role may be performed by hardware or software. Accounts, permissions and backups can be managed centrally. Dedicated server resources and administration add cost. Server failure can affect many clients unless redundancy is used.",Lesson content and applicable syllabus row,ApprovedBaseline,04cea8458075156c049285c4161c94de7d4f39a661327a6437c311dd85840ef6
017,explanation-roles-img-1,explanation-roles,Raster image,Academic knowledge-point infographic explaining Core roles with a structured visual model.,"A client requests a service or resource, such as a web page, file, login or print job. A server provides a service or resource to clients, often with central control over data and access. A peer can request and provide resources directly, so devices share responsibility instead of relying on one central server. A service is the function provided, such as file storage, authentication, email, printing or web hosting.",Lesson content and applicable syllabus row,ApprovedBaseline,24ddfbbdb5364499b4640d2e61ad663faf28284351445dbb44e8088e13784ec4
017,explanation-usecases-img-1,explanation-usecases,Raster image,Academic knowledge-point infographic explaining Scenario choices with a structured visual model.,"School accounts Client-server fits because logins, permissions and backups can be centrally managed. Small home sharing Peer-to-peer may fit when a few devices share files directly without a dedicated server. Public web app Client-server fits because many clients request data from managed servers. Distributed file sharing Peer-to-peer can spread sharing across peers, reducing reliance on one central source.",Lesson content and applicable syllabus row,ApprovedBaseline,40dc58f42d2541cb3237543359843d0bebeaad5b7972a2bb65dd1f048fa01657
017,model-visual-details-8,model-visual,HTML/CSS,One model has equal peers; the other has dedicated service roles,Define exact facts for manual review of One model has equal peers; the other has dedicated service roles.,Lesson content and applicable syllabus row,ApprovedBaseline,7b98969bb0ebc2044d71f17686f6890a8abb96d658fa89ac3686f6a5380154f1
017,model-visual-div-1,model-visual,HTML/CSS,One model has equal peers; the other has dedicated service roles,Define exact facts for manual review of One model has equal peers; the other has dedicated service roles.,Lesson content and applicable syllabus row,ApprovedBaseline,b8d6a67c84d2224e01c239357c6ecfc883f2fb8b7f28b0312e94ec1581dd3ba9
017,model-visual-div-2,model-visual,HTML/CSS,One model has equal peers; the other has dedicated service roles,Define exact facts for manual review of One model has equal peers; the other has dedicated service roles.,Lesson content and applicable syllabus row,ApprovedBaseline,d0be4a49e3d4c0075aea3dd7eb54521944fb06cbe9e822c8134c51df1e25998b
017,model-visual-img-3,model-visual,Raster image,"Four equally sized computers, each displaying upload and download controls to show that every peer can provide and request files.","Four equally sized computers, each displaying upload and download controls to show that every peer can provide and request files.",Lesson content and applicable syllabus row,ApprovedBaseline,cf454d9c0f8787bbaa9af876298a8243a8ea9b1da2a3e9d53172e05307294442
017,model-visual-svg-4,model-visual,Inline SVG,Client-server network model,Four clients exchange requests and responses with one central server that provides a managed service.,Lesson content and applicable syllabus row,ApprovedBaseline,bb877034e982d96d69ef06fab3a20da9202e5075e4ddb1d9e0918021fd36730f
017,model-visual-svg-6,model-visual,Inline SVG,Client-server network model,Four clients exchange requests and responses with one central server that provides a managed service.,Lesson content and applicable syllabus row,ApprovedBaseline,e5f3174dc87b30009bc09cf23bb3bdc16595062320678e24471827453d360542
017,model-visual-ul-5,model-visual,HTML/CSS,One model has equal peers; the other has dedicated service roles,Define exact facts for manual review of One model has equal peers; the other has dedicated service roles.,Lesson content and applicable syllabus row,ApprovedBaseline,0f1d0fc40faba9969d85b59ac0f65c359b10fcd0c952f2bc54c7ec5a5b87124f
017,model-visual-ul-7,model-visual,HTML/CSS,One model has equal peers; the other has dedicated service roles,Define exact facts for manual review of One model has equal peers; the other has dedicated service roles.,Lesson content and applicable syllabus row,ApprovedBaseline,0f1d0fc40faba9969d85b59ac0f65c359b10fcd0c952f2bc54c7ec5a5b87124f
018,explanation-packet-journey-img-1,explanation-packet-journey,Raster image,"Academic knowledge-point infographic explaining One message, several routes, one reassembled result with a structured visual model.","Visual explanation Follow the numbered packets. Routers make next-hop decisions, so packets from one message do not need to travel together. 1. Split and label Each packet carries payload plus control data such as addresses and a sequence number. 2. Choose next hop Each router uses the destination address and routing information. 3. Travel independently Different routes can produce different arrival times. 4. Reassemble The receiver uses sequence numbers to restore the original order. Check the diagram: why can packet 2 arrive after packet 3? Packet 2 can take a different route with a longer delay. The receiver uses sequence numbers to place it back between packets 1 and 3.",Lesson content and applicable syllabus row,ApprovedBaseline,c042bf3af3b2bcd518216ac22620d76cb22b04ac8890280c41147f3173433739
018,explanation-routing-img-1,explanation-routing,Raster image,Academic knowledge-point infographic explaining Routing and arrival with a structured visual model.,Router decision Routers forward packets based on destination address and routing information. Different paths Packets from the same message may take different routes through the network. Out of order Packets may arrive in a different order because routes have different delays. Error handling Checksum/error checks can detect corruption; missing/corrupt packets may be requested again.,Lesson content and applicable syllabus row,ApprovedBaseline,b5886d87ca737ffc05e6768cb508605e89b830ca70702a57a8c89bae3411384f
018,explanation-structure-img-1,explanation-structure,Raster image,Academic knowledge-point infographic explaining Packet structure with a structured visual model.,"Source address, destination address, sequence number, protocol/control data. The actual data being sent, such as part of a file or message. Error-checking information such as checksum, depending on the protocol. Common error Do not describe the header as “extra information” only. Name what is inside it and what each item does.",Lesson content and applicable syllabus row,ApprovedBaseline,816c9340ac3ef49e09e5705b81de69118c2d9fa57af2e297b2a041fa910ea7cd
018,explanation-switching-img-1,explanation-switching,Raster image,Academic knowledge-point infographic explaining Packet switching with a structured visual model.,A message or file is divided into smaller packets before transmission. Packets from many users can share network links instead of one message reserving a whole route. Each packet can be routed independently through available paths. Reassemble The destination uses sequence numbers to put packets back in the correct order.,Lesson content and applicable syllabus row,ApprovedBaseline,bbf3761d925151efec3fe431538c43d36ef616ad8c1cbee2b5c171c79a6822e6
018,packet-journey-details-3,packet-journey,HTML/CSS,"One message, several routes, one reassembled result","Define exact facts for manual review of One message, several routes, one reassembled result.",Lesson content and applicable syllabus row,ApprovedBaseline,7b98969bb0ebc2044d71f17686f6890a8abb96d658fa89ac3686f6a5380154f1
018,packet-journey-ol-2,packet-journey,HTML/CSS,"One message, several routes, one reassembled result","Define exact facts for manual review of One message, several routes, one reassembled result.",Lesson content and applicable syllabus row,ApprovedBaseline,cac54d708d99534a4de51767abb0840d96595af3a7a5a43bf1c919a3a1ebf838
018,packet-journey-svg-1,packet-journey,Inline SVG,Packet switching journey across alternative routes,A sender splits a message into three numbered packets. Routers send packets one and three on the upper route and packet two on the lower route. The receiver reorders the packets to recreate the message.,Lesson content and applicable syllabus row,ApprovedBaseline,80d4c820f44aa4569194894795bcc89bfbb168d367d8e382d1d7da740337ecb9
018,routeVisual,tool,HTML/CSS,Packet route simulator,Define exact facts for manual review of Packet route simulator.,Lesson content and applicable syllabus row,ApprovedBaseline,7a3828afb0d0dc0901b13e0e1c77fb4750f6608a3c33945f908661225e5a54f2
018,structure-div-1,structure,HTML/CSS,Packet structure diagram,Packet structure diagram,Lesson content and applicable syllabus row,ApprovedBaseline,ce14ddfd8bd5885ee9e7db32109a0458d956eba23aba7fba239e530a18f22d77
019,explanation-layers-img-1,explanation-layers,Raster image,Academic knowledge-point infographic explaining Layered communication with a structured visual model.,"Application layer idea What the user or application wants to do, such as send a web request. Transport layer idea Breaks data into segments, manages reliability or delivery style. Network layer idea Adds logical addressing and routing between networks. Link/physical layer idea Moves frames or bits across the local medium. Encapsulation and de-encapsulation As data moves down layers, each layer may add control information. At the receiver, layers remove and interpret that control information in reverse order.",Lesson content and applicable syllabus row,NeedsFactReview,225b43410dab3b892196fdcc049467eee09ec6433b83523b01e08c72a2e35695
019,explanation-protocols-img-1,explanation-protocols,Raster image,Academic knowledge-point infographic explaining What a protocol is with a structured visual model.,"Definition A protocol is a set of rules that governs how data is transmitted and received. Shared meaning Both sender and receiver follow the same rules, so messages can be interpreted correctly. Interoperability Different devices and software can communicate if they implement the same protocol. Reliability Protocols can specify error checking, acknowledgements and retransmission rules.",Lesson content and applicable syllabus row,NeedsFactReview,293ff80a25d04f9cf6451e6bdd4b4230130a282ea1d870e5f522adacfd130f42
019,explanation-rules-img-1,explanation-rules,Raster image,Academic knowledge-point infographic explaining What protocol rules can specify with a structured visual model.,"Protocols define rules for data format, addressing, timing, error handling, flow control and connection management. A protocol may provide reliability and ordered delivery, but these are not guaranteed by every protocol. TCP provides reliable ordered delivery; UDP does not guarantee reliability or ordering.",Lesson content and applicable syllabus row,NeedsFactReview,4bbc536230fa859062217532ebd9e8c47b5fb4a63ad9e6a584605953f8553244
020,address-journey-details-3,address-journey,HTML/CSS,From a URL to a packet on the local link,Define exact facts for manual review of From a URL to a packet on the local link.,Lesson content and applicable syllabus row,ApprovedBaseline,7b98969bb0ebc2044d71f17686f6890a8abb96d658fa89ac3686f6a5380154f1
020,address-journey-ol-2,address-journey,HTML/CSS,From a URL to a packet on the local link,Define exact facts for manual review of From a URL to a packet on the local link.,Lesson content and applicable syllabus row,ApprovedBaseline,cac54d708d99534a4de51767abb0840d96595af3a7a5a43bf1c919a3a1ebf838
020,address-journey-svg-1,address-journey,Inline SVG,"Roles of URL, DNS, IP address and MAC address","The user enters a URL. The domain-name part is sent to DNS, which returns an IP address. The IP address is used for routing between networks, while a MAC address identifies the network interface used for delivery on the current local link.",Lesson content and applicable syllabus row,ApprovedBaseline,57506232bf8cbbdfc54ffb295143c0093146d2bd93535183df92e6280ede67f7
020,explanation-address-journey-img-1,explanation-address-journey,Raster image,Academic knowledge-point infographic explaining From a URL to a packet on the local link with a structured visual model.,"DNS resolves a domain name to an IP address; it does not return a MAC address. The network-layer packet header contains the destination IP address of the endpoint. For one local hop, a link-layer frame contains the IP packet and a destination MAC address. The destination IP and destination MAC belong to different encapsulation headers.",Lesson content and applicable syllabus row,ApprovedBaseline,08b83bfc420b63108834863b0179b75f173426fef464e8924ad8dfa74511f029
020,explanation-addresses-img-1,explanation-addresses,Raster image,Academic knowledge-point infographic explaining IP address vs MAC address with a structured visual model.,"IP and MAC addresses work together at different layers; they are not an either-or choice. The destination IP identifies the endpoint for end-to-end packet delivery. The destination MAC identifies the receiving interface for one local-link frame. On a routed path, the frame normally targets the next-hop router MAC while the packet retains the remote destination IP.",Lesson content and applicable syllabus row,ApprovedBaseline,ddc2e976205fd1cee872cddc08b9abfe091825e3adcee43e46da8814682f5fec
020,explanation-checkpoint-img-1,explanation-checkpoint,Raster image,Academic knowledge-point infographic explaining 5-minute mini assessment with a structured visual model.,Monthly checkpoint Use this as a short checkpoint before moving to named protocols. Expand the answer key after attempting. Explain why DNS is needed when a user enters a URL. State one difference between an IP address and a MAC address. Identify the domain name in https://store.example.com/products/item7 . 1: DNS resolves the domain name in the URL to an IP address so packets can be routed to the server. 2: IP is a logical network address that can change; MAC is a hardware/interface address used locally. 3: store.example.com .,Lesson content and applicable syllabus row,ApprovedBaseline,d00c53ce8ca8c28700f286034d45ee2621a73d4040528aaeb9959e7108d649e2
020,explanation-dns-img-1,explanation-dns,Raster image,Academic knowledge-point infographic explaining DNS: name to IP address with a structured visual model.,1. URL entered The user enters a URL containing a domain name. 2. DNS lookup The device asks a DNS server to resolve the domain name. 3. IP returned The DNS server returns the IP address for that domain name. 4. Packets sent Packets can now be addressed and routed to the web server. Common error DNS failure may stop a domain name working even if the server is still reachable by IP address.,Lesson content and applicable syllabus row,ApprovedBaseline,bfbbc1fb8f50e8dfa3c3ce559389ef74d2f32ec573ca59fcfe784a4d5e4eb648
020,explanation-urls-img-1,explanation-urls,Raster image,Academic knowledge-point infographic explaining URL components with a structured visual model.,https://www.example.org/resources/page.html Protocol / scheme https tells the browser which communication protocol to use. Domain name www.example.org is resolved by DNS to an IP address. Path /resources/page.html identifies the resource on the server.,Lesson content and applicable syllabus row,ApprovedBaseline,08ff031afb5940dbc28afcd837352fa6040651af4fbebe1e178ba914e224524a
021,explanation-email-img-1,explanation-email,Raster image,"Academic knowledge-point infographic explaining Email protocols: SMTP, POP3 and IMAP with a structured visual model.","Used to send email from a client to a mail server and between mail servers. Used to download email from a mail server to a client, often removing it from the server depending on settings. Used to access and synchronise email stored on a mail server across multiple devices. Common error IMAP is usually better for multiple devices because messages and folders stay on the server and remain synchronised.",Lesson content and applicable syllabus row,NeedsFactReview,5c71aec35f414b941a97635c0146585d1913aecdc809141dd6ac420952c575d7
021,explanation-file-img-1,explanation-file,Raster image,Academic knowledge-point infographic explaining FTP for file transfer with a structured visual model.,"FTP: File Transfer Protocol FTP is used to transfer files between a client and a server, such as uploading website files or downloading files from a file server. Do not use FTP as a generic answer for “anything on the internet”. It is specifically about file transfer.",Lesson content and applicable syllabus row,NeedsFactReview,8410dd2a173ccf1b15b0cc85b0cfe74a5b7a7ab8f0f36230d735159921af50fd
021,explanation-web-img-1,explanation-web,Raster image,Academic knowledge-point infographic explaining HTTP and HTTPS with a structured visual model.,"Protocol Exam distinction Transfers web pages and web resources between browser and web server. Does not provide the same secure encrypted connection as HTTPS. Secure version of HTTP used for encrypted web communication. Helps protect data such as logins, payments and form submissions in transit.",Lesson content and applicable syllabus row,NeedsFactReview,94223ea99f02bf4a573fd613e4e3d7e5f47da88108e4f8872a7635fe004d23b3
022,explanation-compare-img-1,explanation-compare,Raster image,"Academic knowledge-point infographic explaining Compare by factor, not by vibe with a structured visual model.","Wired networks Wireless networks Mobility Poor for moving devices because a cable is required. Better for mobile devices because no physical cable is needed. Interference Copper may suffer electromagnetic interference; fibre is less affected. Can be affected by walls, distance, other devices and weather. Security Physical access to the cable is usually needed to intercept traffic. Signals travel through air, so encryption and access control are important. Performance",Lesson content and applicable syllabus row,NeedsFactReview,fed0e330c783dd37eace258b5b08c4efaac6b26f09dcb1e665dfe438213d294c
022,explanation-wired-img-1,explanation-wired,Raster image,Academic knowledge-point infographic explaining Wired transmission media with a structured visual model.,"Wired media carry signals through a physical cable. They are usually suitable for fixed devices and controlled environments. Copper cable Copper cable transmits data using electrical signals. It is common in local networks because it is relatively cheap and easy to install. Good for: short local links, desktop PCs, classroom networks. Limits: affected by electromagnetic interference; lower bandwidth and distance than fibre in many contexts. Exam wording: say ""electrical signals"", not ""data flows like water"". The cable is not a tiny plumbing system. Fibre-optic cable Fibre-optic cable transmits data as pulses of light through glass or plastic fibres. Good for: high-bandwidth links, long distances, backbone connections. Strengths: less affected by electromagnetic interference and can support high data rates. Limits: installation can be more expensive and the cable can be more delicate to handle.",Lesson content and applicable syllabus row,NeedsFactReview,5b110f837d994d7fe1b0d307486d4c2df1d1a562794b6dac4b75f6d372c76cec
022,explanation-wireless-img-1,explanation-wireless,Raster image,Academic knowledge-point infographic explaining Wireless transmission media with a structured visual model.,"Wireless media transmit through the air or space. They support mobility, but the signal can be affected by distance, obstacles and interference. Radio waves Radio waves are used by technologies such as WiFi to transmit data without a physical cable. Good for: mobile devices, classrooms, homes, short-range wireless networking. Limits: shared medium, interference from other devices, weaker security if poorly configured. Microwaves Microwave links can transmit data between fixed points, often using directional antennas. Good for: point-to-point links where a line of sight is available. Limits: obstacles, weather and alignment can affect the link. Satellites Satellite communication uses signals to and from satellites to cover large geographical areas. Good for: remote locations, ships, aircraft or areas without cable infrastructure.",Lesson content and applicable syllabus row,NeedsFactReview,2f5a9a9b6622980b39fcb380a576e720b5864d9733a24487360793c556ae2e93
023,explanation-compare-img-1,explanation-compare,Raster image,Academic knowledge-point infographic explaining Compare by job and boundary with a structured visual model.,A switch forwards frames inside a LAN using MAC addresses. A router forwards packets between networks using IP addresses and a routing table. A wireless access point connects wireless devices to a network. A gateway connects systems or networks that use different protocols or formats and may perform translation.,Lesson content and applicable syllabus row,NeedsFactReview,0f272f41fbfe6230d189a84f8bd7b7e441dba9ae014bb02f815c531eca9ba305
023,explanation-gateway-img-1,explanation-gateway,Raster image,Academic knowledge-point infographic explaining Gateways: connecting different network rules with a structured visual model.,"A gateway connects networks that may use different protocols, data formats or communication standards, translating where needed. Useful when: two systems need to communicate but do not use the same rules. Default gateway note: in many LANs, the default gateway is the device used to send traffic outside the local network, often a router. Common error: do not use ""gateway"" as a general term for every network device.",Lesson content and applicable syllabus row,NeedsFactReview,dab3a432e3efca61b03e63641c6c07ea95bcab35cefc7be33835dd6e2083c5b6
023,explanation-lan-img-1,explanation-lan,Raster image,Academic knowledge-point infographic explaining Switches: forwarding inside a LAN with a structured visual model.,"A switch connects devices on a local area network and forwards frames to the correct device. Uses: MAC addresses to decide which port should receive the frame. Why useful: reduces unnecessary traffic compared with sending every frame everywhere. Exam wording: say ""within a LAN"" and ""MAC address"" when the scenario is local device-to-device traffic. LAN idea PC A -> switch -> PC B The switch is the traffic desk inside the local network. It does not decide the route across the wider internet.",Lesson content and applicable syllabus row,NeedsFactReview,52b6d7bf5ddbfe441145cf237b8aa522b79271e5c4f8bac096c90f8772763105
023,explanation-routing-img-1,explanation-routing,Raster image,Academic knowledge-point infographic explaining Routers: forwarding between networks with a structured visual model.,"A router connects different networks and forwards packets towards their destination. Uses: IP addresses and routing information to choose a path. Common role: connects a LAN to the internet or to another network. Careful wording: a router does not simply ""make WiFi"". Some home boxes combine router and access point functions, but the jobs are distinct. Between networks LAN -> router -> internet / WAN Inside the LAN, MAC-address forwarding matters. Between networks, IP-address routing matters.",Lesson content and applicable syllabus row,NeedsFactReview,dcb94770ef12063303cc404fff0d4518f3ed68544ccab7598823e2aec89aaf05
023,explanation-wireless-img-1,explanation-wireless,Raster image,Academic knowledge-point infographic explaining Wireless access points: joining wireless devices with a structured visual model.,"Wireless access point A wireless access point allows wireless devices to connect to a network using radio waves, often linking them to a wired LAN. Good exam phrase: provides wireless access to a network. Not enough: ""it gives internet"". Internet access may also require a router and wider network connection. Security link: access points can use authentication and encryption, but this lesson focuses on their network role.",Lesson content and applicable syllabus row,NeedsFactReview,7672d67877490956efec667028cdf968803632f3e445dcbf514b29e47a3eb953
023,lan-article-1,lan,HTML/CSS,Switches: forwarding inside a LAN,Define exact facts for manual review of Switches: forwarding inside a LAN.,Lesson content and applicable syllabus row,NeedsFactReview,aecb8860bb36d4a7320f5e02e159f59303208dd92ac80481bdc2cbc1f9c947d4
023,routing-article-1,routing,HTML/CSS,Routers: forwarding between networks,Define exact facts for manual review of Routers: forwarding between networks.,Lesson content and applicable syllabus row,NeedsFactReview,aecb8860bb36d4a7320f5e02e159f59303208dd92ac80481bdc2cbc1f9c947d4
024,explanation-cloud-img-1,explanation-cloud,Raster image,Academic knowledge-point infographic explaining Cloud services with a structured visual model.,"Cloud services provide storage, software or computing resources from remote servers over a network. The user does not need to own all the local infrastructure. Cloud storage Files are stored on remote servers and accessed from different devices over a network. Example: a student saves project files online and opens them at home and school. Cloud software Applications run through a browser or client while data and updates are managed by the provider. Example: collaborative documents or email systems. Cloud infrastructure Servers, processing power or databases are rented from a provider instead of bought and maintained locally. Example: hosting a school portal on remote servers. Common error Cloud advantages are not automatic. A strong answer links the benefit or risk to a scenario: remote access, collaboration, backup, scalability, provider dependence, security, privacy or internet connection.",Lesson content and applicable syllabus row,NeedsFactReview,07990c7f63850557a359af7ff8436aeae5122e8fe0ca44446b1f002fbd21cf95
024,explanation-compare-img-1,explanation-compare,Raster image,Academic knowledge-point infographic explaining Compare networks by access and control with a structured visual model.,Access / control Exam distinction Internet Global public network; services may be public or login-protected. Do not call every online service an intranet. Intranet Private internal network controlled by one organisation. Restricted to authorised internal users. Extranet Private controlled access extended to selected external users. Not fully public; access is still controlled. Cloud service,Lesson content and applicable syllabus row,NeedsFactReview,89d4a3edcfacf2a0282f7f3969b5c4b7650011011ffe8d01799d9abb1f5bf970
024,explanation-networks-img-1,explanation-networks,Raster image,"Academic knowledge-point infographic explaining Internet, intranet and extranet with a structured visual model.","These terms describe access scope and purpose. Distinguish these terms by access scope and purpose. Internet A global public network of interconnected networks. It allows public services such as websites, email and online platforms. Access: public, though individual services may still require login. Use case: public website, online search, public cloud service access. Intranet A private network used within an organisation, often using web technologies but restricted to authorised users. Access: internal staff or members only. Use case: staff policies, internal forms, private school resources. Extranet A private network that allows controlled access to selected external users or organisations. Access: authorised internal users plus selected partners/customers/suppliers.",Lesson content and applicable syllabus row,NeedsFactReview,f662f724036ef3ac40f59b6aae281fe09950ec74c758a8cc49969cee17131943
025,explanation-calculation-img-1,explanation-calculation,Raster image,Academic knowledge-point infographic explaining Simple transfer time calculation with a structured visual model.,Transfer time = file size in bits / bandwidth in bits per second Remember: 1 byte = 8 bits . A 50 MB file is not 50 Mb. That capital B is doing real work. Mini example A 25 MB file is downloaded over a 10 Mbps link. Convert file size: 25 MB x 8 = 200 Mb . Divide by bandwidth: 200 Mb / 10 Mbps = 20 seconds . This is an ideal estimate; real throughput may be lower due to congestion and overhead.,Lesson content and applicable syllabus row,NeedsFactReview,97ac94654983fa4897364bf83e0b076dc430b8b9dd968e865b666e45abe3f9c5
025,explanation-concepts-img-1,explanation-concepts,Raster image,Academic knowledge-point infographic explaining Core performance terms with a structured visual model.,"Bandwidth is the maximum data-transfer capacity per second. Latency is delay before data starts to arrive or a response is received. Congestion creates queues, delay or packet loss and can reduce throughput. Throughput is the actual successful transfer rate and may be below bandwidth.",Lesson content and applicable syllabus row,NeedsFactReview,34d26ad47dbc6c80fa69506a2b4bf64cffc14cc0a661c0e44f7613ae662817a3
025,explanation-factors-img-1,explanation-factors,Raster image,Academic knowledge-point infographic explaining Factors that affect performance with a structured visual model.,"Good answers name a factor and explain its effect. ""It becomes slower"" needs a cause. Transmission medium Fibre may provide high bandwidth and low interference; wireless may vary with distance, obstacles and interference. Number of users More users can share the same capacity, increasing congestion and reducing throughput per user. Distance and route Longer physical distance and more hops can increase latency. Hardware and server load Slow routers, overloaded servers or weak wireless access points can become bottlenecks. Packet loss and retransmission If packets are lost, data may need to be resent, increasing delay and reducing effective throughput. Protocol overhead",Lesson content and applicable syllabus row,NeedsFactReview,34297c9b0791f292c571b3589a7df93b7b1a50459ae101a8bdce5f7f9899d81d
026,explanation-map-img-1,explanation-map,Raster image,Academic knowledge-point infographic explaining Section 2 in one page with a structured visual model.,Packets in a packet-switched network are routed independently. A response is sent back to the source but may take the same or a different route. Routing decisions depend on the available network paths at each stage.,Lesson content and applicable syllabus row,NeedsFactReview,28d8c932e2669df67adda3e0e4f1804ecb3f7487e0c07aab6dbfe4e9526be6bc
026,explanation-precision-img-1,explanation-precision,Raster image,Academic knowledge-point infographic explaining Precision rules for Section 2 answers with a structured visual model.,"Answer craft 1. Define with a boundary Switch: inside a LAN. Router: between networks. Extranet: selected external users. These boundary phrases often carry marks. 2. Name the mechanism DNS resolves names to IP addresses. Fibre uses light pulses. HTTPS encrypts communication. Congestion causes queues. 3. Link to the scenario If the question says online banking, mention sensitive data in transit. If it says tablets, mention mobility and wireless access. 4. Avoid empty adjectives ""Better"", ""faster"", ""secure"" and ""efficient"" need a cause and consequence. The adjective is not the mark.",Lesson content and applicable syllabus row,NeedsFactReview,c435b5cefa955a882d3fff1c1d241c3ad8f182a009c7af55f88f9a5858ca0ac1
027,explanation-components-img-1,explanation-components,Raster image,Academic knowledge-point infographic explaining Component roles and examples with a structured visual model.,"Input devices Allow data to enter the system. Examples: keyboard, mouse, barcode reader, touch screen, microphone, camera, sensor. Output devices Present data or results from the system. Examples: monitor, speaker, printer, projector, actuator. Processor Executes instructions and coordinates operations. It processes data; it is not where user files are stored. Primary memory Stores instructions and data currently in use. RAM is volatile; ROM is non-volatile and stores startup instructions. Secondary storage Stores data and files long term, even when power is off.",Lesson content and applicable syllabus row,NeedsFactReview,a53b7c0b663b5e397ae271a2f7dacc86f91cc7af4b1903faac93f586aeaabc7b
027,explanation-flow-img-1,explanation-flow,Raster image,Academic knowledge-point infographic explaining The basic system flow with a structured visual model.,Input devices capture data for processing. The processor works with instructions and data held in primary memory. Processed results can go directly to output devices. Secondary storage is a separate bidirectional persistence path and is not a compulsory stage before output.,Lesson content and applicable syllabus row,NeedsFactReview,288314bd3259d06d5489519809062ad44fa1f6a9d826db5e3511d0f786e0f61a
027,explanation-memory-storage-img-1,explanation-memory-storage,Raster image,Academic knowledge-point infographic explaining Memory is not the same as storage with a structured visual model.,Primary memory Secondary storage Holds data/instructions currently being used. Holds files and data long term. Volatility RAM is volatile; contents are lost without power. Non-volatile; data remains when power is off. Speed and capacity Usually faster but smaller and more expensive per unit. Usually larger and cheaper per unit but slower than RAM.,Lesson content and applicable syllabus row,NeedsFactReview,e55b363206a811d2b612f4dc82ad04d70c980d0a7c0a188ee3ccbeb6db93dee0
028,explanation-automatic-img-1,explanation-automatic,Raster image,Academic knowledge-point infographic explaining Manual input vs automatic data capture with a structured visual model.,"Manual input Automatic data capture A person enters data, such as typing into a form. A device captures data directly, such as scanning or sensing. Advantages Flexible, cheap for occasional input, useful for unusual data. Fast, consistent, reduces transcription errors, suitable for high volume. Limitations Typing mistakes, slower, depends on user attention. May need codes/tags/sensors; can fail if labels are damaged or conditions are poor.",Lesson content and applicable syllabus row,NeedsFactReview,372fb39cf9a661caa6545d93e9828be1d0c7bc8cc8a0a0755e0a09fc0b2a5176
028,explanation-capture-img-1,explanation-capture,Raster image,Academic knowledge-point infographic explaining What input devices do with a structured visual model.,"1. Capture The device captures data from a user, document, object or environment. 2. Convert The data is converted into a digital form the computer can process. 3. Validate later Input is not automatically correct. Validation and verification may still be needed.",Lesson content and applicable syllabus row,NeedsFactReview,b3e0cdea7b768efe33d0d224431068f1026bcb3659b79bb6959268d86374c754
028,explanation-devices-img-1,explanation-devices,Raster image,Academic knowledge-point infographic explaining Common input devices and what they capture with a structured visual model.,"Captures Good use Exam warning Keyboard Typed text/numbers Short manual entries, corrections, commands Slow and error-prone for long repeated codes Barcode / QR reader Encoded product, ticket or ID data Fast repeated identification Needs a readable code; does not capture handwriting RFID / NFC reader",Lesson content and applicable syllabus row,NeedsFactReview,b1e9ac4d9687354c6d82f9f35c69218c6296dcadd0dec7ba4a783bc12009177f
029,explanation-devices-img-1,explanation-devices,Raster image,Academic knowledge-point infographic explaining Common output devices and when they fit with a structured visual model.,"Output form Good use Exam warning Monitor / screen Visual soft copy Live results, interfaces, dashboards, maps Not suitable when permanent paper evidence is required Hard copy on paper or labels Receipts, reports, tickets, labels Usually slower and uses consumables Speaker / buzzer Audio output",Lesson content and applicable syllabus row,NeedsFactReview,026040df25ae80113c1fa4b0bb29a8817a99622ebc79c85d7632644197302b8e
029,explanation-feedback-img-1,explanation-feedback,Raster image,Academic knowledge-point infographic explaining User feedback must fit the situation with a structured visual model.,"Display, auditory and haptic feedback are alternative output forms, not inputs. Printed records and actuator actions are separate output types rather than downstream results of display, sound or touch feedback. Haptic feedback requires physical contact and may be missed when vibration is weak or the device is not being held.",Lesson content and applicable syllabus row,NeedsFactReview,db228fb57735c7cd289a8b5bd4b23e194f3520cd7cd09d94ee4158c743c8e923
029,explanation-purpose-img-1,explanation-purpose,Raster image,Academic knowledge-point infographic explaining What output devices do with a structured visual model.,"1. Present Output devices present processed data to a user, such as text, images or sound. 2. Record Some output creates a physical record, such as a printout or receipt. 3. Act Actuators convert computer output into physical movement or control.",Lesson content and applicable syllabus row,NeedsFactReview,bd9e25b2657908ba58d99d6b701ee7a09bc5419ae53f51bb44b39c0504876c63
030,explanation-cache-vm-img-1,explanation-cache-vm,Raster image,Academic knowledge-point infographic explaining Why cache helps and virtual memory slows through a cause-and-effect diagram.,Cache holds copies of recently or frequently used instructions and data close to the CPU. A cache hit avoids a slower main-memory access. Virtual memory uses secondary storage when RAM is insufficient and increases apparent capacity rather than physical RAM speed.,Lesson content and applicable syllabus row,NeedsFactReview,8341e3a85e0117f8fca5083b032aeeb7ec7f5c6352071163dc154518875c472c
030,explanation-primary-img-1,explanation-primary,Raster image,Academic knowledge-point infographic explaining Why active data stays close to the CPU through a cause-and-effect diagram.,The CPU repeatedly requests current instructions and data. Nearby electronic storage answers with less delay than secondary storage. Faster access prevents the processor waiting as often.,Lesson content and applicable syllabus row,NeedsFactReview,0e35c1ec654f800d6705e6e20219a5afa4a9b6f4de349a367ea23b57d8351893
030,explanation-ram-rom-img-1,explanation-ram-rom,Raster image,Academic knowledge-point infographic explaining Why RAM changes while ROM remains stable through a cause-and-effect diagram.,RAM holds the changing state of running programs. Most RAM needs continuous power to preserve that state. ROM retains fixed startup instructions when power is removed.,Lesson content and applicable syllabus row,NeedsFactReview,16977f996ef6d19f89209554d9fc96a18ca7c0bee4f18dc46e6b017964f391bd
031,explanation-compare-img-1,explanation-compare,Raster image,"Academic knowledge-point infographic explaining Compare by scenario, not by favourite brand with a structured visual model.",An HDD provides high capacity at relatively low cost and suits large file libraries or cost-sensitive backups. Magnetic tape provides high capacity with sequential access and suits archival backups. Optical media suits distributing read-only content or archiving data that changes rarely.,Lesson content and applicable syllabus row,ApprovedBaseline,e005d0ad5e8fccd33dd2c7ad5fd056ad5edf54b62199e1ef13f6b89afb4281bf
031,explanation-media-img-1,explanation-media,Raster image,Academic knowledge-point infographic explaining Three main storage media with a structured visual model.,Magnetic storage uses magnetised areas; examples include HDD and tape. Optical storage uses laser light to read marks on a disc. Solid-state secondary storage uses non-volatile flash memory with no moving parts; an SSD or NAND flash chip is the correct illustration. A volatile RAM DIMM is primary memory and is not an SSD.,Lesson content and applicable syllabus row,ApprovedBaseline,57a15862b1456448c1220d47b0cb63ec3f6ccd220ddb026e2daa247fab929653
031,explanation-purpose-img-1,explanation-purpose,Raster image,Academic knowledge-point infographic explaining What secondary storage does with a structured visual model.,"Non-volatile Data remains when power is switched off. Long-term Stores files, programs, backups and operating system data. Usually slower Secondary storage is usually slower than RAM for direct access. Scenario-based The best medium depends on speed, capacity, durability, portability and cost.",Lesson content and applicable syllabus row,ApprovedBaseline,b9e2d5cdca4298da25a362792ff6cff61b1e13c0223502ccc96f42d5c6b1f996
031,explanation-storage-visual-img-1,explanation-storage-visual,Raster image,Academic knowledge-point infographic explaining Look at the storage mechanism before comparing performance with a structured visual model.,"Visual explanation The physical mechanism helps explain speed, durability and suitable uses. Magnetic Solid-state Three ways to store data when power is off. The illustration identifies the mechanism; the cards below state the exam-safe explanation. Magnetic HDD Magnetised areas store data on rotating platters. A moving actuator positions the read/write head. Consequence: high capacity and low cost per GB, but mechanical parts are vulnerable to shock. Optical disc A laser reads changes such as pits and lands on the disc surface. Consequence: portable and cheap to distribute, but generally slower and lower-capacity. Solid-state drive",Lesson content and applicable syllabus row,ApprovedBaseline,83f745102c79e08ae109a27399a4950bdf9d483958d3995e71d2924b4fe42004
031,storage-visual-details-2,storage-visual,HTML/CSS,Look at the storage mechanism before comparing performance,Define exact facts for manual review of Look at the storage mechanism before comparing performance.,Lesson content and applicable syllabus row,ApprovedBaseline,7b98969bb0ebc2044d71f17686f6890a8abb96d658fa89ac3686f6a5380154f1
031,storage-visual-img-1,storage-visual,Raster image,"An opened magnetic hard disk with platter and actuator arm, an optical disc and drive, and a solid-state drive circuit board with flash-memory chips.","An opened magnetic hard disk with platter and actuator arm, an optical disc and drive, and a solid-state drive circuit board with flash-memory chips.",Lesson content and applicable syllabus row,ApprovedBaseline,e0d8fdfdc02f03cc5f353a4de005f1b2fb8255c86e5400851d35b792c95a52f1
032,explanation-answer-img-1,explanation-answer,Raster image,Academic knowledge-point infographic explaining The answer pattern: choice -> characteristic -> context -> consequence with a structured visual model.,"Choice Use an SSD Characteristic because it has fast access and no moving parts Context for a laptop carried to school each day Consequence so programs load quickly and it is less likely to be damaged by knocks Weak: ""SSD is better."" Strong: ""SSD is suitable because fast access reduces loading time and no moving parts improves durability in a portable laptop.""",Lesson content and applicable syllabus row,NeedsFactReview,b5ea043b3c781eada410b6e091cfb251637c4c0d6c7ebe900654ea187be5c90c
032,explanation-criteria-img-1,explanation-criteria,Raster image,Academic knowledge-point infographic explaining The five core characteristics with a structured visual model.,"Capacity How much data can be stored, usually measured in GB or TB. Speed How quickly data can be read or written; affects startup, loading and transfer. Durability How well the device resists damage, wear, shock, scratches or environmental conditions. Portability How easy it is to carry, remove, connect and use between devices. Cost Price of the device and cost per unit of storage; not always the same thing.",Lesson content and applicable syllabus row,NeedsFactReview,34dfff0e2c9be0cdfba1f18c117959359939502dc09296185c1718bf3464e802
032,explanation-tradeoffs-img-1,explanation-tradeoffs,Raster image,Academic knowledge-point infographic explaining Trade-offs by common storage device with a structured visual model.,"Strengths Weaknesses Suitable when... High capacity; low cost per GB. Moving parts; slower; less shock-resistant than SSD. Large storage is needed cheaply and portability is less critical. Fast; durable; no moving parts; low power. Often higher cost per GB than HDD. Speed and durability matter, especially in laptops. Magnetic tape Very high capacity; low cost for archives. Slow sequential access; not convenient for frequent random access.",Lesson content and applicable syllabus row,NeedsFactReview,2c880d8a1166bbc769166f9338d4055ac9f3053ce9ecccfc72d7719ae9c909b0
033,explanation-embedded-img-1,explanation-embedded,Raster image,Academic knowledge-point infographic explaining What is an embedded system? with a structured visual model.,"An embedded system is designed to perform a specific task or closely related set of tasks. It forms part of a larger product, such as a washing machine, microwave oven or router. It often uses a limited interface and task-specific resources. Low cost, low power and reliable repeated operation may be relevant design priorities. Define an embedded system by purpose and context, not only by physical size.",Lesson content and applicable syllabus row,NeedsFactReview,2c831936ba8af6b8dc3e7ab921f853c826079e1e932fd4f2c4bb22e0f1e66d3c
033,explanation-microcontroller-img-1,explanation-microcontroller,Raster image,Academic knowledge-point infographic explaining Microcontroller vs general-purpose computer with a structured visual model.,"Microcontroller / embedded system General-purpose computer Designed for a specific control task. Designed to run many different programs. Hardware Often integrates CPU, memory and I/O on one chip. Separate high-performance components are common. Interface May have simple buttons, LEDs or no screen. Usually has richer input/output and user interface. Design priorities Low cost, low power, reliability, real-time response.",Lesson content and applicable syllabus row,NeedsFactReview,a8f27e9a9c66c6a417b9f9f3ea169f12ae45e21c856c0f24348555f1499b1ade
034,control-details-3,control,HTML/CSS,Control systems use rules and feedback,Define exact facts for manual review of Control systems use rules and feedback.,Lesson content and applicable syllabus row,ApprovedBaseline,7b98969bb0ebc2044d71f17686f6890a8abb96d658fa89ac3686f6a5380154f1
034,control-img-1,control,Raster image,"A greenhouse containing a temperature sensor, a controller box, and a ventilation fan with an open roof vent.","A greenhouse containing a temperature sensor, a controller box, and a ventilation fan with an open roof vent.",Lesson content and applicable syllabus row,ApprovedBaseline,afc3f919b0c2fb0731491946becfeb6919fd6273c8bd624843da8720290022ff
034,control-svg-2,control,Inline SVG,Control systems use rules and feedback,Define exact facts for manual review of Control systems use rules and feedback.,Lesson content and applicable syllabus row,ApprovedBaseline,9fd73986291eee173ecd8d48e21bfcd9ca32845ef594bd331359b77b62c4f166
034,explanation-actuators-img-1,explanation-actuators,Raster image,Academic knowledge-point infographic explaining Actuators turn output signals into physical action with a structured visual model.,"Motor Creates movement, such as opening a door or spinning a fan. Valve Controls flow of water, gas or air. Heater Changes temperature by producing heat. Light Turns visual warning or illumination on/off. Lock / brake Controls physical safety or movement. An actuator receives an output signal. It does not decide the rule; the processor/controller does that.",Lesson content and applicable syllabus row,ApprovedBaseline,545ddff87bb6d18b592d6f570fd9873c66710e920c051070a45a6b7028e6f19b
034,explanation-control-img-1,explanation-control,Raster image,Academic knowledge-point infographic explaining Control systems use rules and feedback with a structured visual model.,1 Sensor reads 2 Processor compares 3 Fan and vent act The solid arrows show input and output signals. The dashed arrow shows feedback: the changed temperature is measured again. Sense: the temperature sensor produces a reading. Compare: the controller compares the reading with its threshold. Act: an output signal switches or adjusts the fan and vent. Repeat: a new reading checks whether further action is needed. Input Sensor reads the physical condition. Decision Processor compares the reading with a threshold or rule. Output Signal is sent to an actuator. Feedback New sensor readings check the result.,Lesson content and applicable syllabus row,ApprovedBaseline,c151b6a59528d9b1fa4f7b9f76da12b1b58e49815e332ccec9fc4bf01b14cc88
034,explanation-sensors-img-1,explanation-sensors,Raster image,Academic knowledge-point infographic explaining Required sensor types and applications with a structured visual model.,"A temperature sensor measures temperature and a pressure sensor measures pressure. An infra-red sensor detects infra-red radiation, for example in a beam alarm or remote-control receiver. A sound sensor detects sound level or sound waves, for example in a noise monitor. A sensor supplies input data; the processor applies the rule and an actuator performs any physical output. Light intensity is supporting context and does not replace the named infra-red or sound sensors.",Lesson content and applicable syllabus row,ApprovedBaseline,3bbb1d308ff19602aab1440fe33fc61449c7f7cbbce2e70e9dcba14b2ac9f1d1
035,explanation-gate-visual-img-1,explanation-gate-visual,Raster image,"Academic knowledge-point infographic explaining Six symbols, six exact output rules with a structured visual model.","Visual explanation Read each symbol from left to right. A small circle on the output means “invert”; the extra curved input line distinguishes XOR from OR. NOT One input; output is the opposite value. AND / NAND AND tests whether both are 1; NAND inverts that result. OR / NOR OR tests whether at least one is 1; NOR inverts that result. XOR Output is 1 only when the two inputs are different. Check the diagram: what two visual clues separate NOR from XOR? NOR has an output bubble. XOR has no output bubble, but it has an extra curved line on the input side.",Lesson content and applicable syllabus row,ApprovedBaseline,a873421c0b9cd14dd4c0792d44016817548959b045040bb31b61f1964c13836b
035,explanation-gates-img-1,explanation-gates,Raster image,Academic knowledge-point infographic explaining The six gate rules with a structured visual model.,"The six gates are NOT, AND, OR, NAND, NOR and XOR. NAND is the negation of AND and NOR is the negation of OR. XOR outputs 1 when exactly one of its two inputs is 1. Ordinary OR also outputs 1 when both inputs are 1, so OR and XOR are different.",Lesson content and applicable syllabus row,ApprovedBaseline,c6d3bbdc916a028e5e42f9c540f85b1af9189adee0657366632bf21cdce6f49e
035,explanation-signals-img-1,explanation-signals,Raster image,Academic knowledge-point infographic explaining Logic gates use binary signals with a structured visual model.,"Logic 0 means false, off or a valid low logic level. Logic 1 means true, on or a valid high logic level. An absent, floating or undriven signal is not automatically a valid logic 0.",Lesson content and applicable syllabus row,ApprovedBaseline,1650f5911d8a9bf7409fb2c6a218f1d2b6bcf9ce172c7a798235609542df6591
035,explanation-symbols-img-1,explanation-symbols,Raster image,Academic knowledge-point infographic explaining Recognise gate symbols and the inversion bubble with a structured visual model.,"NOT Triangle + bubble One input. Bubble means inversion. AND Flat left, curved right Output 1 only when all inputs are 1. OR Curved input side Output 1 when at least one input is 1. NAND AND + bubble Complete AND first, then invert. NOR OR + bubble Complete OR first, then invert. XOR OR with extra curved line Output 1 when inputs differ. Exam habit: if a symbol has a small bubble at the output, say ""then invert the result"" before writing the final column.",Lesson content and applicable syllabus row,ApprovedBaseline,50d98a465a86cddf3b5b449f437e9a4266210141130f9ab31263a93503245358
035,gate-visual-details-3,gate-visual,HTML/CSS,"Six symbols, six exact output rules","Define exact facts for manual review of Six symbols, six exact output rules.",Lesson content and applicable syllabus row,ApprovedBaseline,7b98969bb0ebc2044d71f17686f6890a8abb96d658fa89ac3686f6a5380154f1
035,gate-visual-ol-2,gate-visual,HTML/CSS,"Six symbols, six exact output rules","Define exact facts for manual review of Six symbols, six exact output rules.",Lesson content and applicable syllabus row,ApprovedBaseline,cac54d708d99534a4de51767abb0840d96595af3a7a5a43bf1c919a3a1ebf838
035,gate-visual-svg-1,gate-visual,Inline SVG,Standard symbols and output rules for six logic gates,NOT is a triangle with an output bubble. AND has a flat input side and curved output side. OR has curved sides. NAND and NOR add an output bubble to AND and OR. XOR adds a second curved line on the input side of OR.,Lesson content and applicable syllabus row,ApprovedBaseline,d970c9ba554d4510d13ed699fd3b54aafe7bbbd98683b96ceceb99c37a4947b3
035,gates-div-1,gates,HTML/CSS,Logic gate rules,Logic gate rules,Lesson content and applicable syllabus row,ApprovedBaseline,96d19c310b967a47266fe5f45f487bdfb3de9faa5876b23ad05662f6c79ab6e9
035,overview-div-1,overview,HTML/CSS,Logic gate expression,Logic gate expression,Lesson content and applicable syllabus row,ApprovedBaseline,91699ce4a173bc858b0c218e232fb8f283cbc4e41158801ff60059a5e924be01
036,explanation-expressions-img-1,explanation-expressions,Raster image,Academic knowledge-point infographic explaining Boolean expressions describe gate behaviour with a structured visual model.,"Variables A, B and C represent input signals. Each row assigns them 0 or 1. Operators NOT, AND, OR, NAND, NOR and XOR describe the logic applied. Intermediate columns Each bracketed part or gate output should get its own column. Final output Q is the final result after all intermediate columns have been combined.",Lesson content and applicable syllabus row,NeedsFactReview,11831c73bc734afd5bce0b434da9a97594bb23e4409c8f78840676d90b54ab8b
036,explanation-precedence-img-1,explanation-precedence,Raster image,Academic knowledge-point infographic explaining Brackets and NOT usually come before the final combination with a structured visual model.,"Brackets first For (A OR B) AND C, complete A OR B before the AND with C. NOT next For A AND NOT B, invert B before applying AND. Then combine Use AND, OR or XOR to combine the prepared columns. Check one row Pick one row and explain it in words to catch swapped columns. Do not assume a hidden priority when the expression is unclear. In exam answers, use brackets or intermediate columns to remove ambiguity.",Lesson content and applicable syllabus row,NeedsFactReview,adee2ea7465a2cff9e2a912df21a3b7e8fd90170a6edad6cb8d8bfa2a0982493
036,explanation-table-method-img-1,explanation-table-method,Raster image,Academic knowledge-point infographic explaining A reliable truth-table method with a structured visual model.,"1. Count inputs n inputs produce 2^n rows. Two inputs give 4 rows; three inputs give 8 rows. 2. List input combinations Use a systematic order such as 000, 001, 010, 011, 100, 101, 110, 111. 3. Add intermediate columns One column for each gate result, such as A AND B or NOT C. 4. Fill final Q Use the intermediate columns to avoid guessing the final output. Row number",Lesson content and applicable syllabus row,NeedsFactReview,c37ce9bf532bb167d9e4c692ae941ff3a203577254ed94aba9da8278b16a69bd
036,overview-div-1,overview,HTML/CSS,Boolean expression,Boolean expression,Lesson content and applicable syllabus row,NeedsFactReview,087de6ee94ce6687d879e7575f9a6f4f2c4c1c2eab7545dbbbfa8ecb2b0a0423
037,explanation-design-img-1,explanation-design,Raster image,Academic knowledge-point infographic explaining A circuit design method that examiners can follow with a structured visual model.,"1. Name the output Use a clear output such as Alarm, Unlock, Fan or Light. 2. Define variables Write what each input means, for example A = system armed. 3. Write expression Translate the requirement with AND, OR, NOT, NAND, NOR or XOR. 4. Draw in stages Draw inner gates first, then connect them to the final output gate. A correct circuit is not just a pretty drawing. It must match the Boolean expression and produce the correct truth-table output.",Lesson content and applicable syllabus row,NeedsFactReview,87eed474134b659fc5b436aeff4d8a8ed0965905dea063d2fd482ee22873049c
037,explanation-diagram-img-1,explanation-diagram,Raster image,Academic knowledge-point infographic explaining Gate sequence creates the circuit structure with a structured visual model.,"Door Input D Window Input W OR D OR W Armed Input A AND A AND (D OR W) Alarm Final output Q Draw the OR branch first, then feed it into AND with Armed. If the drawing order is unclear, label intermediate outputs.",Lesson content and applicable syllabus row,NeedsFactReview,e51f14d91b74e498b387c491558a6dc8db4fd2b0aacbb13af94cd9d2a34c8a13
037,explanation-parse-img-1,explanation-parse,Raster image,Academic knowledge-point infographic explaining Parse requirement wording into logic with a structured visual model.,AND means every listed condition must be true; OR means at least one condition is true. NOT directly inverts a condition. P unless Q means P when NOT Q; the full sentence determines which condition is negated. Do not treat the word unless as a universal unary NOT operator.,Lesson content and applicable syllabus row,NeedsFactReview,e811a45e824d7a7049e7e1e8f227a83142fb40763245e33bcfb1b67ef7ffbf72
037,overview-div-1,overview,HTML/CSS,Circuit expression,Circuit expression,Lesson content and applicable syllabus row,NeedsFactReview,e1657309449b2bc2a344e38ae9001b55b779473ad38902cdac69148da51249ce
038,explanation-categories-img-1,explanation-categories,Raster image,Academic knowledge-point infographic explaining Classify the hardware before choosing it with a structured visual model.,The touch-sensing layer of a touchscreen is an input device. The display layer of a touchscreen is an output device. A touchscreen is therefore a combined input/output device.,Lesson content and applicable syllabus row,NeedsFactReview,923b3fc89816f5f903e60756e852748e4d363ee5f19ff88b7ef95703948ddecb
038,explanation-criteria-img-1,explanation-criteria,Raster image,Academic knowledge-point infographic explaining Choose hardware using stated criteria with a structured visual model.,"Speed Needed for real-time input, rapid searches, video editing or low-delay output. Capacity Needed for large files, media archives, backups or databases. Cost Matters when many devices must be purchased or the user has a fixed budget. Durability Important for mobile, outdoor or high-use environments. Accuracy Important for barcode scanning, sensors, medical data and attendance records. Compatibility Hardware must connect to existing software, ports, networks and operating systems. Exam sentence frame: ""I would choose X because it has Y, which matters for Z, so the user can...""",Lesson content and applicable syllabus row,NeedsFactReview,89f7f174b2c38ca98b7ad26e640244781d0d5c83f68db4a082dde69e6e55e628
038,explanation-users-img-1,explanation-users,Raster image,Academic knowledge-point infographic explaining Different users value different trade-offs with a structured visual model.,"Librarian Needs fast, accurate item input and reliable local/network database access. Delivery driver Needs portable, durable, wireless hardware and quick barcode/QR capture. Video editor Needs high-speed storage, strong CPU/GPU performance and colour-accurate display. Weather station Needs accurate sensors, durable enclosure, low power use and stable communication. A strong answer rejects one tempting unsuitable option. This proves the choice was evaluated, not guessed.",Lesson content and applicable syllabus row,NeedsFactReview,7f2abc4addf7af58fe7345590bae7e51a0e851eb8e09bae6cc7f3d3c0f97cf98
039,explanation-environment-img-1,explanation-environment,Raster image,Academic knowledge-point infographic explaining Environmental factors change hardware suitability with a structured visual model.,"Possible effect Suitable protection Exam warning Temperature Overheating can slow, shut down or damage components. Cooling, heat sinks, ventilation, temperature-rated hardware Do not just say ""fast""; explain heat tolerance or cooling. Moisture / water Corrosion or short circuits can stop the system working. Sealed casing, waterproof enclosure, humidity control Name what water does to reliability. Dust / dirt",Lesson content and applicable syllabus row,NeedsFactReview,d8b06838e794ac5b79c8f6bb853bc9b2c3775424b9baf47493217399c3408c36
039,explanation-mitigation-img-1,explanation-mitigation,Raster image,Academic knowledge-point infographic explaining Mitigation must match the risk with a structured visual model.,"Outdoor weather station Weatherproof casing, low-power controller, battery/solar power and wireless communication. Hospital workstation Reliable power, backup, regular maintenance and quick replacement to reduce downtime. Delivery handheld Rugged case, long battery life, mobile data fallback and SSD/flash storage. Data server Cooling, UPS, RAID, backup, monitoring and controlled access. A strong answer rejects an unsuitable protection. A UPS helps power cuts; it does not make a sensor waterproof.",Lesson content and applicable syllabus row,NeedsFactReview,c2272695c47f1061287e846879183764f8ac96775576b94f2ebb12813434ee68
039,explanation-reliability-img-1,explanation-reliability,Raster image,Academic knowledge-point infographic explaining Reliability is about continuing to work correctly with a structured visual model.,"Redundancy, failover and a UPS can support continuity when a component or power source fails. Backup and restore support recovery after data loss or failure. A backup copy reduces data loss and recovery time but does not by itself keep a live service running.",Lesson content and applicable syllabus row,NeedsFactReview,2d3ee9caecf2e1b83bda9f4d54a2a7a7d204c44eaea23f2fcd04ae75fec83360
040,explanation-checkpoint-img-1,explanation-checkpoint,Raster image,Academic knowledge-point infographic explaining Short timed review structure with a structured visual model.,"Monthly checkpoint 3 minutes Classify five questions by topic and command word. 8 minutes Answer one 6-mark scenario question. 5 minutes Complete one truth table or Boolean trace. 7 minutes Mark with MS, identify missing marks, rewrite one answer. The checkpoint is included as lesson practice, not a midterm or final exam.",Lesson content and applicable syllabus row,NeedsFactReview,e2b3acff6e9721e9d0369e5ad49f5e6104e92d3c207daeb1e2d8d51b80697ab8
040,explanation-map-img-1,explanation-map,Raster image,Academic knowledge-point infographic explaining Section 3 topic map with a structured visual model.,"RAM and ROM are primary memory; SSD, HDD and optical media are secondary storage. Virtual memory is a memory-management technique that uses secondary storage to supplement RAM. Do not classify virtual memory as a type of primary memory.",Lesson content and applicable syllabus row,NeedsFactReview,f40ca62a63bd8d451b36c9903423adc5dcd849daa7fe68c02d5bf2656f3b3288
040,explanation-skills-img-1,explanation-skills,Raster image,"Academic knowledge-point infographic explaining Three review skills: compare, justify, calculate with a structured visual model.","Compare Give both sides and use the same criterion, e.g. SSD is faster than HDD, but HDD may be cheaper per GB. Justify Name a choice, name a feature, link it to the user's need, then explain the consequence. Calculate / trace Show working: input values, intermediate result, final output. Describe Use a sequence, such as sensor reading -> comparison -> output signal -> actuator. Explain Include cause and effect, not only a definition. Correct Find the missing mark, then rewrite the answer with specific wording. Exam answer frame: ""Because [feature], it meets [need], so [practical consequence].""",Lesson content and applicable syllabus row,NeedsFactReview,4288305373224c0e2086f2f91ecf33f07f650a23b09d861b2203e5861a01b285
041,architecture-div-1,architecture,HTML/CSS,CPU architecture is about cooperating parts,Define exact facts for manual review of CPU architecture is about cooperating parts.,Lesson content and applicable syllabus row,ApprovedBaseline,18c5b257583aca47247fe67988a66d089ebf58f9bdfcbfa27b6d8a7ef3df534a
041,cpu-map-details-3,cpu-map,HTML/CSS,"Inside the CPU, outside the CPU, and what connects them","Define exact facts for manual review of Inside the CPU, outside the CPU, and what connects them.",Lesson content and applicable syllabus row,ApprovedBaseline,7b98969bb0ebc2044d71f17686f6890a8abb96d658fa89ac3686f6a5380154f1
041,cpu-map-ol-2,cpu-map,HTML/CSS,"Inside the CPU, outside the CPU, and what connects them","Define exact facts for manual review of Inside the CPU, outside the CPU, and what connects them.",Lesson content and applicable syllabus row,ApprovedBaseline,cac54d708d99534a4de51767abb0840d96595af3a7a5a43bf1c919a3a1ebf838
041,cpu-map-svg-1,cpu-map,Inline SVG,CPU architecture and system buses,"A CPU contains the control unit, arithmetic logic unit, registers and clock. Main memory sits outside the CPU. The address bus points from CPU to memory, while data and control buses carry signals between them.",Lesson content and applicable syllabus row,ApprovedBaseline,21abb0ef7af9a2d080d837f11eb94a095596edeefa1627a7e20ceef3ad3cd9e9
041,explanation-alu-cu-img-1,explanation-alu-cu,Raster image,Academic knowledge-point infographic explaining Why control and calculation are separate through a cause-and-effect diagram.,The control unit decodes what the instruction demands. It sends signals that select data movement and an ALU operation. The ALU returns a result and status information.,Lesson content and applicable syllabus row,ApprovedBaseline,c2ecc16f8c19a85e667e42376823c99024778b2554d45e797e53ffd32e5130b6
041,explanation-architecture-img-1,explanation-architecture,Raster image,Academic knowledge-point infographic explaining Why a CPU divides specialised work through a cause-and-effect diagram.,The control unit interprets the current instruction. The ALU performs the required arithmetic or logical operation. Registers and buses hold and move the immediate values.,Lesson content and applicable syllabus row,ApprovedBaseline,6e69e42ab25fc06dba4199adfab4a00a3795287448165dc40af7901ba8743078
041,explanation-cpu-map-img-1,explanation-cpu-map,Raster image,"Academic knowledge-point infographic explaining Inside the CPU, outside the CPU, and what connects them with a structured visual model.",The address bus normally carries addresses from the CPU to memory or I/O. The data bus is bidirectional and carries data or instructions. The control bus is bidirectional overall: the CPU sends read/write signals and devices or controllers can send interrupts and status signals back.,Lesson content and applicable syllabus row,ApprovedBaseline,492e244debb79e153849d90b568667a082a13188fafdb60f0873e5f1b4485458
041,explanation-registers-img-1,explanation-registers,Raster image,"Academic knowledge-point infographic explaining How registers, buses and clock stay aligned through a cause-and-effect diagram.","Registers expose small values needed immediately. Buses carry values, addresses and control signals on distinct paths. Clock events determine when components may capture a new state.",Lesson content and applicable syllabus row,ApprovedBaseline,c95d9739225adaac2f44fef151b0b8034eb62c86ddf5d1b4e840f21bb7325ef8
042,cycle-div-1,cycle,HTML/CSS,The cycle in one clean sentence,Define exact facts for manual review of The cycle in one clean sentence.,Lesson content and applicable syllabus row,ApprovedBaseline,f365454f3ec60e43c574518b8f492cce30e50a877a018c8d844f66914932244c
042,cycle-visual-details-3,cycle-visual,HTML/CSS,Trace one instruction through the fetch stage,Define exact facts for manual review of Trace one instruction through the fetch stage.,Lesson content and applicable syllabus row,ApprovedBaseline,7b98969bb0ebc2044d71f17686f6890a8abb96d658fa89ac3686f6a5380154f1
042,cycle-visual-ol-2,cycle-visual,HTML/CSS,Trace one instruction through the fetch stage,Define exact facts for manual review of Trace one instruction through the fetch stage.,Lesson content and applicable syllabus row,ApprovedBaseline,cac54d708d99534a4de51767abb0840d96595af3a7a5a43bf1c919a3a1ebf838
042,cycle-visual-svg-1,cycle-visual,Inline SVG,"Fetch, decode and execute register sequence","The Program Counter address is copied to the Memory Address Register. Memory is read and returns the instruction to the Memory Data Register. The instruction is copied to the Current Instruction Register, the Program Counter is incremented, the Control Unit decodes the instruction, and the CPU executes it before repeating the cycle.",Lesson content and applicable syllabus row,ApprovedBaseline,98fc51b0c19c8721fab854d1e07f1f277a7ceccab61e57747d49cc939e641fd5
042,explanation-cycle-img-1,explanation-cycle,Raster image,Academic knowledge-point infographic explaining The cycle in one clean sentence with a structured visual model.,"The CPU gets the next instruction from main memory using the address stored in the PC. The CU interprets the instruction in the CIR and identifies the operation and any operands needed. The CPU carries out the instruction, for example using the ALU, accessing memory, or changing the PC.",Lesson content and applicable syllabus row,ApprovedBaseline,e3c4c149bc8a27bed2db8dd30959e815f1b4d69aa2a7a37927050bc7a5c45588
042,explanation-cycle-visual-img-1,explanation-cycle-visual,Raster image,Academic knowledge-point infographic explaining Trace one instruction through the fetch stage with a structured visual model.,Copy the next-instruction address from PC to MAR and read the instruction from memory into MDR. Move the fetched instruction from MDR to CIR. Increment PC independently so that PC points to the next instruction. PC does not feed CIR; only the instruction held in MDR is transferred to CIR.,Lesson content and applicable syllabus row,ApprovedBaseline,c69c73e1e4c1853f54d53daad29e130c931f1bcb4b0c6327dc98d698f62cb0fa
042,explanation-decode-img-1,explanation-decode,Raster image,Academic knowledge-point infographic explaining Decode and execute are not filler words with a structured visual model.,"The control unit interprets the instruction in the CIR. It identifies the opcode, decides what operation is required, and identifies any operands or addresses needed. Execute: arithmetic or logic If the instruction is arithmetic or logical, the ALU performs the operation and a result may be stored in a register. Execute: memory access If the instruction needs data from memory, the CPU uses buses and registers to read from or write to the required memory address. Execute: branch If the instruction is a branch/jump, the PC may be changed to a different address rather than just continuing with the next instruction. Common error ""Execute"" does not always mean ""ALU does maths"". Some instructions move data, access memory or change the PC.",Lesson content and applicable syllabus row,ApprovedBaseline,e56cdbccd230a020b4a20ceb1ee6dadcd699c31d1012f498d832021350df602f
042,explanation-fetch-img-1,explanation-fetch,Raster image,Academic knowledge-point infographic explaining Fetch stage: the register sequence with a structured visual model.,This is the part students must be able to trace precisely. Register / bus focus Exam-safe wording Address copied from PC to MAR. PC -> MAR The PC contains the address of the next instruction; this address is copied to the MAR. Address sent to memory. Address bus The address in the MAR is placed on the address bus. Memory read signal is sent. Control bus The CU sends a read signal on the control bus.,Lesson content and applicable syllabus row,ApprovedBaseline,5361144b0ed2db18183cd6a6a32a0a14b5d5bf443f662475269f0a2e1944f4e7
042,explanation-registers-img-1,explanation-registers,Raster image,Academic knowledge-point infographic explaining The four fetch-stage names you cannot blur together with a structured visual model.,Register roles PC Program Counter: stores the address of the next instruction to be fetched. MAR Memory Address Register: stores the address of the memory location being accessed. MDR Memory Data Register: stores data or an instruction being transferred to or from memory. CIR Current Instruction Register: stores the instruction currently being decoded/executed.,Lesson content and applicable syllabus row,ApprovedBaseline,967d212141ccd2ef7f726a9d7589262412ec1ef479c19e732a00c14d88a60870
042,overview-div-1,overview,HTML/CSS,The CPU follows a routine. It is not improvising jazz with your instructions.,Define exact facts for manual review of The CPU follows a routine. It is not improvising jazz with your instructions..,Lesson content and applicable syllabus row,ApprovedBaseline,59ef1f5bd9e4dba6eb540a0cedc4700aa825ac821ea15b540513fdef8aeb5606
043,explanation-acc-status-img-1,explanation-acc-status,Raster image,Academic knowledge-point infographic explaining ACC and status register: execute-stage evidence with a structured visual model.,"Accumulator (ACC) The accumulator commonly holds intermediate results from the ALU. For example, after adding two values, the result may be stored in the ACC. Status register The status register holds flags that describe the outcome of an operation or the processor state. Zero flag Can be set when an operation result is zero. Useful after comparisons or subtraction. Carry / overflow flags Can indicate a carry out or arithmetic overflow. Exact flag names vary by architecture, but the exam idea is that flags record result conditions. Common error The status register does not store the calculation result itself. It stores flags about the result.",Lesson content and applicable syllabus row,NeedsFactReview,5008693f8b10689f13b7d222d653cdb8b89b6110c87800bf05af0075ec20e27a
043,explanation-main-registers-img-1,explanation-main-registers,Raster image,Academic knowledge-point infographic explaining The seven named register roles with a structured visual model.,PC holds the address of the next instruction to be fetched. CIR holds the instruction currently being decoded or executed. MAR holds the address of the memory location being accessed. MDR holds data or an instruction being transferred to or from memory. ACC holds an intermediate or final ALU result. IX holds an offset used in indexed addressing. The status register holds flags about a result or processor state. A general-purpose register can hold varied working values; a special-purpose register has a defined processor role. Cambridge assembly questions assume ACC is the available general-purpose working register.,Lesson content and applicable syllabus row,NeedsFactReview,befca43aa8234dccd9940b2149c970ea96ce47fd2a486256ac29c574433457be
043,explanation-purpose-img-1,explanation-purpose,Raster image,Academic knowledge-point infographic explaining Why registers exist with a structured visual model.,"Inside the CPU Registers are located inside the processor, so they can be accessed very quickly. Small capacity They hold only a small amount of data, usually one value, address, instruction or set of flags. Temporary role They hold values needed immediately during fetch, decode or execute. Specific jobs Different registers are designed for different temporary values.",Lesson content and applicable syllabus row,NeedsFactReview,6ee707809bbbfed596cc10764abadb64051f1e36b22849c4f34790c26a6c8496
044,explanation-concept-img-1,explanation-concept,Raster image,Academic knowledge-point infographic explaining What a system bus does with a structured visual model.,"Communication pathway A bus is a set of parallel wires or connections used to carry signals. Connects components System buses connect CPU, main memory and other devices through controlled transfers. Not storage A bus transfers signals; it does not permanently store data or instructions. Part of a trace In processor questions, bus roles often appear inside fetch, read and write sequences.",Lesson content and applicable syllabus row,NeedsFactReview,d55c56182db17210682fb92ed858102997d196a993cdc96ee695fdf3569d20e5
044,explanation-read-write-img-1,explanation-read-write,Raster image,Academic knowledge-point infographic explaining Read and write traces with a structured visual model.,"Memory read CPU places the required address on the address bus. CPU sends a read signal on the control bus. Memory places the requested data/instruction on the data bus. CPU receives the data, often through the MDR. Memory write CPU places the target address on the address bus. CPU places the data to be stored on the data bus. CPU sends a write signal on the control bus. Memory stores the data at the addressed location. Common error Read and write both use all three buses, but the direction of data transfer changes.",Lesson content and applicable syllabus row,NeedsFactReview,1d092a4e46ed1c92fad2056b2136a6e64dd96af601492d031408f787873d898b
044,explanation-three-buses-img-1,explanation-three-buses,Raster image,Academic knowledge-point infographic explaining The three buses with a structured visual model.,"The address bus carries the address of the location being accessed and is normally directed from the CPU. The data bus carries data and instructions in both directions. The control bus carries control and timing signals in both directions, including read/write from the CPU and interrupts toward the CPU.",Lesson content and applicable syllabus row,NeedsFactReview,e913567ac7270a5790e7738d33ffa8e4ac26c34d324c8247b867705ae7116995
044,explanation-width-img-1,explanation-width,Raster image,Academic knowledge-point infographic explaining Bus width and addressable locations with a structured visual model.,"Address bus width If the address bus has n lines, it can represent 2^n different addresses. A 16-bit address bus can address 2^16 = 65,536 memory locations. Data bus width A wider data bus can transfer more bits at once, which can affect throughput. Precision Address bus width affects address range; data bus width affects transfer size.",Lesson content and applicable syllabus row,NeedsFactReview,5ca027622ccc50bc8337dec28f65581e3439435c57bf809ff4ec2ed0a30e0659
045,explanation-compatibility-img-1,explanation-compatibility,Raster image,Academic knowledge-point infographic explaining Instruction sets and compatibility with a structured visual model.,"Same ISA A program compiled to one instruction set can run on compatible processors that implement that instruction set. Different ISA Machine code for one architecture may not run correctly on another architecture. Translation needed Source code may need to be recompiled, interpreted, emulated or translated for a different processor. Exam wording Say ""the CPU cannot recognise/execute those opcodes"" rather than simply ""the CPU does not like it"".",Lesson content and applicable syllabus row,NeedsFactReview,ff63e1d870b858c05e14b57924edf01c0738c2f482f3aa4d8aba0ffe10a6a17e
045,explanation-instruction-set-img-1,explanation-instruction-set,Raster image,Academic knowledge-point infographic explaining What is an instruction set? with a structured visual model.,"Definition The set of instructions that a particular processor can recognise and execute. Includes operations Examples include load, store, add, subtract, compare, jump and input/output instructions. Processor-specific Different processor families can have different instruction sets and instruction formats. Defines meaning The instruction set tells the CPU what each opcode means and how operands are interpreted.",Lesson content and applicable syllabus row,NeedsFactReview,57595841dff4e4815f8b0da80907ce72c873ee2222a59c674d09eb1582a135b3
045,explanation-machine-code-img-1,explanation-machine-code,Raster image,Academic knowledge-point infographic explaining Machine code is binary instructions for the CPU with a structured visual model.,"Lowest-level executable form Machine code consists of binary instructions that can be executed directly by the processor. Not friendly for humans Binary instructions are difficult for people to read and write accurately, but they are the form the processor executes directly. Stored in memory Machine-code instructions are stored in memory and fetched by the CPU during the fetch-decode-execute cycle. CPU-specific meaning The same bit pattern can have different meanings on different architectures because opcodes are defined by the instruction set.",Lesson content and applicable syllabus row,NeedsFactReview,683fb07368a7d63d76500075c621f997ad7d20bb2d0e33eee3e69139d4484d21
045,explanation-opcode-img-1,explanation-opcode,Raster image,Academic knowledge-point infographic explaining Opcode and operand with a structured visual model.,"Opcode tells the CPU which operation to perform. Operand gives the data, register, address or value used by the operation. Operation Example with operand Load value from memory into ACC. 0001 01011010 = LOAD address 90 Store ACC value into memory. 0010 01011010 = STORE address 90 Add value from memory to ACC. 0011 01011010 = ADD value at address 90 Jump to a different instruction address. 0100 00001100 = jump to address 12 Common error",Lesson content and applicable syllabus row,NeedsFactReview,3ee44abb06bbadaa866e25876b35ae4b5babea181117abf0ab41d20aa5a14cf5
046,explanation-assembler-img-1,explanation-assembler,Raster image,"Academic knowledge-point infographic explaining Instruction groups: data movement, I/O, arithmetic, control and compare with a structured visual model.","The five groups are data movement, input/output, arithmetic, unconditional/conditional instructions and compare. Data movement uses LDM, LDD, LDI, LDX, LDR, MOV and STO; LDR #n loads the immediate value n into IX. Input/output uses IN and OUT; arithmetic uses ADD, SUB, INC and DEC. JMP is unconditional; CMP and CMI compare; JPE jumps after True and JPN jumps after False. END returns control to the operating system.",Lesson content and applicable syllabus row,NeedsFactReview,cb31593b97cd59f92479a20820050241c275028c9f2fd6551f05b87555221cee
046,explanation-assembly-img-1,explanation-assembly,Raster image,Academic knowledge-point infographic explaining What assembly language is with a structured visual model.,Low-level language Assembly language is close to machine code and closely linked to a processor's instruction set. Uses mnemonics Human-readable abbreviations represent machine-code operations. Processor-specific Assembly syntax and available instructions depend on the target architecture. Needs translation An assembler converts assembly language into machine code.,Lesson content and applicable syllabus row,NeedsFactReview,4e5628aef6b79f24f8b78897810d2020931c444d997628d7ec8ab46d75c51fca
046,explanation-mnemonics-img-1,explanation-mnemonics,Raster image,Academic knowledge-point infographic explaining Mnemonics represent operations with a structured visual model.,Mnemonic Likely operation Exam-safe wording Load a value into a register/ACC. LOAD count LOAD is a mnemonic for a machine-code load instruction. Store a register/ACC value in memory. STORE total STORE represents an operation that writes a value to memory. Add a value to a register/ACC. ADD value ADD is easier to read than a binary opcode for addition.,Lesson content and applicable syllabus row,NeedsFactReview,0ffcc0060d4e953c7e79915bd90e733aa15cd3e22fd25dabbe574e4491f948b4
046,explanation-structure-img-1,explanation-structure,Raster image,Academic knowledge-point infographic explaining Instruction labels and symbolic data addresses with a structured visual model.,<label>: <opcode> <operand> gives a symbolic address to an instruction. <label>: <data> gives a symbolic address to a memory location containing data. Pass 1 records both instruction and data labels in the symbol table. Pass 2 replaces a label reference with its resolved address while translating.,Lesson content and applicable syllabus row,NeedsFactReview,00359d7948f2f85c77edbc44d5ca2caf9fd26447784a7e5acecd1d52c5f82efc
047,explanation-arrays-img-1,explanation-arrays,Raster image,Academic knowledge-point infographic explaining Indexed addressing and arrays with a structured visual model.,"Base address The start address of a block of related values, such as an array. Index register A register holding an offset from the base address. Effective address Calculated as base address + index/offset. Why useful Changing the index can access different array elements without changing the instruction's base address. Common error Indexed addressing does not mean ""convert the operand into an index number"". It calculates an effective address using a base and an offset.",Lesson content and applicable syllabus row,NeedsFactReview,a09df5249c227f13ee895d2148df55dd61a78d286947cf9df40c5f7c886c3b1b
047,explanation-concept-img-1,explanation-concept,Raster image,Academic knowledge-point infographic explaining Addressing mode means operand interpretation with a structured visual model.,"The part of an instruction that supplies data, an address, a register or another reference. Addressing mode The rule used to interpret the operand and locate the data needed by the instruction. Effective address The actual memory address used after applying the addressing mode. Fetched value The final data value obtained or used by the instruction after interpretation.",Lesson content and applicable syllabus row,NeedsFactReview,7ef54286e286a5ff6a049e28797ca35ae6c0bc9eb6097d06f3f63a9510323e46
047,explanation-effective-img-1,explanation-effective,Raster image,"Academic knowledge-point infographic explaining Official LDR, CMI, JPE and JPN semantics with a structured visual model.","LDR #n loads the immediate value n into the index register IX. CMI <address> compares ACC with a value reached using indirect addressing. JPE <address> jumps when the preceding comparison result is True. JPN <address> jumps when the preceding comparison result is False. Do not reinterpret these instructions as relative load, immediate compare, equal/zero branch or negative-status branch.",Lesson content and applicable syllabus row,NeedsFactReview,c5d49602b6fbf2b7a817b7bc5f608ba940e6402d77f33a27929f98724aa42158
047,explanation-modes-img-1,explanation-modes,Raster image,Academic knowledge-point infographic explaining Five addressing modes with a structured visual model.,Immediate addressing uses the operand field as the value itself. Direct addressing uses the operand field as the address of the value. Indirect addressing follows an address stored at the operand address to reach the value. Indexed addressing adds an index value to a base address to form the effective address. Relative addressing adds an offset to a PC-based instruction address to form the target or effective address. LDR #n loads the immediate value n into IX; it is not relative addressing.,Lesson content and applicable syllabus row,NeedsFactReview,6d92494a4da4bdb1b07111a50a49dbfa7c147f9d705fb3ba823e02207dc3c4c6
048,explanation-concept-img-1,explanation-concept,Raster image,Academic knowledge-point infographic explaining What an interrupt is with a structured visual model.,"Interrupt A signal that causes the processor to pause normal execution and deal with an event. Interrupt service routine A program routine that handles a specific interrupt. Processor state The information needed to continue later, such as PC, registers and status flags. Interrupt flag A stored indication that an interrupt has occurred or is waiting to be handled.",Lesson content and applicable syllabus row,NeedsFactReview,9fb0e9ceb76127ec23e0b3ca65b5b71b43fe5bf6b4c25ebd72adc67b78f19807
048,explanation-cycle-img-1,explanation-cycle,Raster image,Academic knowledge-point infographic explaining The interrupt handling cycle with a structured visual model.,"1. Execute instruction The CPU finishes the current instruction before accepting most maskable interrupts. 2. Check interrupt The control unit checks whether an interrupt is pending and enabled. 3. Save state Important registers, PC and status information are stored, often on a stack. 4. Find ISR The interrupt type is used to locate the correct interrupt service routine. 5. Run ISR The routine handles the event, such as reading a key or acknowledging a device. 6. Restore and return The saved state is restored and the interrupted program continues. Why this matters Saving state is the ""bookmark"". Without it, the CPU may not know where or how to resume the interrupted program.",Lesson content and applicable syllabus row,NeedsFactReview,9bfe70d0df18e95386600dc294b3f9ee3ee78aa4baac259ffce4e56113e37f09
048,explanation-polling-img-1,explanation-polling,Raster image,Academic knowledge-point infographic explaining Interrupts versus polling with a structured visual model.,"Interrupt-driven input The device signals the CPU when attention is needed. The CPU can do useful work meanwhile. Efficient when events are unpredictable. Requires interrupt handling and state saving. Good exam phrase: ""CPU does not continually check the device."" The CPU repeatedly checks a device or flag to see whether attention is needed. Simple to understand and implement. Can waste processor time if checks are frequent and no event has occurred. Good exam phrase: ""regularly checks the status of the device.""",Lesson content and applicable syllabus row,NeedsFactReview,d5c6692937b474ad8261e2f090965698e15d49c372dc02723da2dc3149762bbd
048,explanation-priority-img-1,explanation-priority,Raster image,Academic knowledge-point infographic explaining Priority and masking with a structured visual model.,Exam-safe wording Priority Some interrupts are more urgent than others. A higher-priority interrupt may be handled before a lower-priority one. Maskable interrupt Can be disabled or delayed by the processor. Used when a less urgent event can wait. Non-maskable interrupt Cannot normally be ignored. Used for critical events such as serious hardware faults. Nested interrupt An interrupt occurs while another ISR is running.,Lesson content and applicable syllabus row,NeedsFactReview,0debdec45e0dad24e035355a571ff6b3e3a084412ab5a501524c4f2c6b6e9653
048,explanation-sources-img-1,explanation-sources,Raster image,Academic knowledge-point infographic explaining Where interrupts come from with a structured visual model.,"Input/output device A keyboard, printer or network interface signals that it needs CPU attention. Example: key pressed; printer buffer ready. A timer interrupt lets an operating system share CPU time between tasks. Example: scheduler checks whether another process should run. Hardware fault A device or hardware condition signals a problem that must be handled. Example: power warning or device failure signal. Software / exception A program event requires special handling. Example: division by zero or system call, depending on architecture. Common error",Lesson content and applicable syllabus row,NeedsFactReview,52cca306e80e026aa07cb1b1f78735d4f517476af70389327271e1856f8afdfc
049,explanation-cache-img-1,explanation-cache,Raster image,Academic knowledge-point infographic explaining Cache: reduce slow memory access with a structured visual model.,"1. CPU requests data The CPU needs an instruction or data item. 2. Cache checked first Cache is much faster than main memory. 3. Cache hit If found, access is fast and the CPU waits less. 4. Cache miss If not found, data is fetched from slower main memory and may be copied into cache. Common error Cache is not the same as RAM capacity. It is smaller, faster and used to reduce repeated slow access to main memory.",Lesson content and applicable syllabus row,NeedsFactReview,2afd90c305cdcf891a3ae5cf2465bbc3a3b83ce333adeca9dc5abc23d6d71753
049,explanation-clock-img-1,explanation-clock,Raster image,Academic knowledge-point infographic explaining Clock speed: more cycles per second with a structured visual model.,"Mechanism A higher clock speed means more fetch-decode-execute cycle steps can be started per second, if other parts keep up. 3.6 GHz means 3.6 billion clock cycles per second, not automatically 3.6 billion completed programs. Limitation Memory access, heat, power use and CPU architecture can limit the real improvement.",Lesson content and applicable syllabus row,NeedsFactReview,5a2a268ab8d18b9778764e332f01f64ed74e80c28352b526aa757239546fa97c
049,explanation-concept-img-1,explanation-concept,Raster image,Academic knowledge-point infographic explaining Performance factor means a hardware feature that can affect processing speed with a structured visual model.,"Clock speed How many clock cycles the CPU can perform per second, commonly measured in Hz/GHz. Processing units that can execute instructions independently, allowing parallel work. Small, fast memory close to the CPU storing frequently or recently used data/instructions. Word length The number of bits the CPU can process as a unit in one operation/register word.",Lesson content and applicable syllabus row,NeedsFactReview,1b930ed13f7a1df6193d743dbcd73cd08e8de3f21282d1a2c5d6a7631d097130
049,explanation-cores-img-1,explanation-cores,Raster image,Academic knowledge-point infographic explaining Cores: more independent processing units with a structured visual model.,One thread can execute on only one core at a time. A single-threaded task cannot run its own instructions concurrently across several cores. Other cores may still execute operating-system work or other processes; they are not necessarily idle.,Lesson content and applicable syllabus row,NeedsFactReview,46008bfcbf45a143dc4618ef7a67c81161df8392b3157abf003c71d088395730
049,explanation-limits-img-1,explanation-limits,Raster image,Academic knowledge-point infographic explaining Performance is limited by bottlenecks with a structured visual model.,Memory bottleneck A fast CPU still waits if data arrives slowly from memory. Software bottleneck Single-threaded code cannot fully use many cores. Heat and power Higher clock speed can require more power and produce more heat. Architecture Different CPU designs may do different amounts of work per clock cycle.,Lesson content and applicable syllabus row,NeedsFactReview,647b851256714307f9e5c2409851a5fe0c7710671ad76fb33f751c536289c27a
049,explanation-word-img-1,explanation-word,Raster image,Academic knowledge-point infographic explaining Word length: bits processed as a unit with a structured visual model.,"Explanation Exam-safe wording Larger values More bits can represent larger numbers in one word. A longer word can process larger data values in a single operation. More precision More bits can support greater numeric precision where relevant. Useful for calculations needing larger or more precise operands. Addressing In some architectures, word/register/address size can affect addressable memory. Do not claim this without linking it to the architecture or address size. Limitation",Lesson content and applicable syllabus row,NeedsFactReview,ab0dde2a8f662c6bfc9a9357b50f35718abda6ceab6789242d146f6e00e45385
050,explanation-compare-img-1,explanation-compare,Raster image,Academic knowledge-point infographic explaining Without and with pipelining with a structured visual model.,"Without pipelining, each instruction completes fetch, decode and execute before the next starts. In an ideal three-stage pipeline, instruction 1 completes in cycle 3, instruction 2 in cycle 4 and instruction 3 in cycle 5. Instruction 3 must execute in cycle 5; it is not complete after decode in cycle 4.",Lesson content and applicable syllabus row,NeedsFactReview,9882c35d91ba376a90d12a46872ff3662fbd90278701d443cb45294deb4ec39e
050,explanation-concept-img-1,explanation-concept,Raster image,Academic knowledge-point infographic explaining Pipelining overlaps instruction-cycle stages with a structured visual model.,"Pipeline A processor technique where multiple instructions are at different stages of execution at the same time. The next instruction is fetched from memory using the program counter and memory registers. The control unit interprets the instruction and prepares required operands/control signals. The instruction is carried out, such as arithmetic, memory access or a branch.",Lesson content and applicable syllabus row,NeedsFactReview,8d83aa809e7dd8d03a27e96d2cd0d5b56fed6f166abedafa754579c8fd6ad409
050,explanation-device-bits-img-1,explanation-device-bits,Raster image,Academic knowledge-point infographic explaining Monitor and control a device register through a cause-and-effect diagram.,AND a status byte with a one-bit mask to test a named device flag. OR a control byte with a one-bit mask to set the selected output flag. AND with an inverted mask clears a flag; XOR with a one-bit mask toggles it.,Lesson content and applicable syllabus row,NeedsFactReview,fd73ed3de1ff775eb9bce39f97f106ca904f2c5ac605a5e31b272ddb71ba44fc
050,explanation-hazards-img-1,explanation-hazards,Raster image,Academic knowledge-point infographic explaining Pipeline hazards: why faster is not always simpler with a structured visual model.,"Consequence Data hazard An instruction needs a result that a previous instruction has not produced yet. The pipeline may stall until the needed value is available. Control hazard A branch or jump changes which instruction should be fetched next. Incorrectly fetched instructions may need to be discarded or the pipeline may wait. Resource hazard Two stages need the same hardware resource in the same cycle. One stage may wait, reducing the ideal performance gain.",Lesson content and applicable syllabus row,NeedsFactReview,e28539d49ca28d859a769a378dfb0db398852cb0f741376e8b76450e66398d28
050,explanation-masks-img-1,explanation-masks,Raster image,Academic knowledge-point infographic explaining Bit masks target selected positions through a cause-and-effect diagram.,"AND with a 1 preserves or tests a bit, while AND with a 0 clears it. OR with a 1 sets a bit without clearing unrelated positions. XOR with a 1 toggles a bit while XOR with a 0 preserves it.",Lesson content and applicable syllabus row,NeedsFactReview,29cff0ff0357d77307492e15c7d53ba255b49456b39cc156bfb8066bf5f23b49
050,explanation-shifts-img-1,explanation-shifts,Raster image,"Academic knowledge-point infographic explaining Binary shifts: logical, arithmetic, cyclic through a cause-and-effect diagram.",Every shown input and stored result contains exactly eight bits. Logical shifts insert zero; logical left 10110011 becomes 01100110 and logical right becomes 01011001. Arithmetic left 10110011 becomes 01100110; arithmetic right copies sign bit 1 and becomes 11011001. Cyclic left rotates the outgoing bit to give 01100111; cyclic right gives 11011001. Unsigned logical-left overflow and signed arithmetic-left overflow both occur here; rotations do not use an overflow label.,Lesson content and applicable syllabus row,NeedsFactReview,ed4a0f0897c77a3110166bf18e5ddccb51bb1cbba6c39490c3324a0e3bccedb8
050,explanation-stalls-img-1,explanation-stalls,Raster image,Academic knowledge-point infographic explaining Stalls and flushes reduce the ideal gain with a structured visual model.,"The pipeline pauses one or more stages because an instruction cannot safely continue yet. Incorrect or unwanted instructions are removed from the pipeline, often after a branch decision. Dependency One instruction depends on the result or effect of an earlier instruction. Ideal case Pipeline is full, stages are balanced, no hazards occur and instructions complete regularly.",Lesson content and applicable syllabus row,NeedsFactReview,ec3e87e56d4da151eea393205ab4109b07f8187c42e19b979a7e72beb75051aa
050,explanation-timing-img-1,explanation-timing,Raster image,"Academic knowledge-point infographic explaining Throughput improves, but latency still exists with a structured visual model.","A three-stage pipeline processes each instruction through fetch, decode and execute exactly once. For four instructions, cycles 1 and 2 fill the pipeline. In cycles 3 and 4, different instructions occupy fetch, decode and execute concurrently. Cycle 5 completes instruction 3 and decodes instruction 4; cycle 6 executes instruction 4. Pipelining improves throughput after fill but does not remove the latency of one instruction.",Lesson content and applicable syllabus row,NeedsFactReview,84ef23f707f5366651cf07e408db79a10401cfe4e893e2520c6fbb85163dc60d
050,overview-div-1,overview,HTML/CSS,Bit mask sketch,Bit mask sketch,Lesson content and applicable syllabus row,NeedsFactReview,c8b316e2e425845d0038e680426a14e277e188c641b525a11d5cc3d3579e5a75
051,explanation-clinic-img-1,explanation-clinic,Raster image,Academic knowledge-point infographic explaining Turn vague into mark-worthy with a structured visual model.,"Answer clinic Weak answer: ""The CPU uses registers and buses to get instructions. It is faster because of cache and pipelining."" Diagnosis: This names several topics but does not answer any one of them precisely. Fix pattern: Topic → mechanism → exact role/sequence → consequence.",Lesson content and applicable syllabus row,NeedsFactReview,52065a45cd6c9f23ce39b3b3bfcf09b3bcef07d8b4a8f66d8aad84578e028cf2
051,explanation-compare-img-1,explanation-compare,Raster image,Academic knowledge-point infographic explaining Common compare traps with a structured visual model.,"MAR vs MDR MAR holds an address. MDR holds the data or instruction being transferred. One points where; the other carries what. Direct vs indirect Direct uses the operand as the address of the value. Indirect uses the operand as the address of a pointer to the value. Clock speed vs throughput Clock speed is cycles per second. Throughput is completed work per unit time. They are related, not identical. Interrupt vs polling An interrupt lets a device signal the CPU. Polling means the CPU repeatedly checks the device/status flag.",Lesson content and applicable syllabus row,NeedsFactReview,82821382f0208f075c37179f9dce7a42ab58a8739097ddb4901fb20668af6524
051,explanation-map-img-1,explanation-map,Raster image,Academic knowledge-point infographic explaining Section 4 concept map with a structured visual model.,"Fetch copies PC to MAR, reads memory into MDR, copies MDR to CIR and increments PC. Decode begins after CIR holds the current instruction; the control unit interprets its opcode and operands. The address in MAR does not flow into MDR; memory returns the addressed instruction or data into MDR.",Lesson content and applicable syllabus row,NeedsFactReview,b00e4d17cf257f673d840e07115512ee6ad602aed2b0c2e22e6b67f2519fa8e5
051,explanation-retrieval-img-1,explanation-retrieval,Raster image,"Academic knowledge-point infographic explaining Retrieval grid: say the role, not just the name with a structured visual model.","PC holds the address of the next instruction; MAR holds the memory address being accessed. The address bus carries addresses between the processor and memory. MDR holds data or instructions transferred through the data bus. CIR holds the current instruction while it is decoded and executed. The control bus carries control and timing signals such as read, write and interrupt.",Lesson content and applicable syllabus row,NeedsFactReview,e8813a94104b0f507cfff0605e665ec7e1cd9c0f42b5ee3f523aaaef5d3cf49b
051,explanation-timed-img-1,explanation-timed,Raster image,Academic knowledge-point infographic explaining 8-minute mixed Section 4 response with a structured visual model.,"Timed task Choose one question, write the answer, then compare with the expandable MS in the exam section. Question A Trace the fetch stage and name the role of PC, MAR and MDR. Question B Explain why an interrupt service routine must save and restore processor state. Question C Discuss why pipelining may improve CPU performance but not always reach ideal speed-up.",Lesson content and applicable syllabus row,NeedsFactReview,dc241b0863f53cafce75928e70d060b660f2739f10278639dd930ae6a1a21853
052,explanation-categories-img-1,explanation-categories,Raster image,Academic knowledge-point infographic explaining System software versus application software with a structured visual model.,"System software Runs, manages or maintains the computer system. It provides services that applications depend on. Operating system Utility software Language translators Application software Helps the user perform a specific task, such as writing a document, editing a video or browsing the web. Word processor Spreadsheet Web browser",Lesson content and applicable syllabus row,NeedsFactReview,8ea9d5fa8884f3cad6b2db439b307863fa68170da7f6d0296b3897bfdf464f93
052,explanation-concept-img-1,explanation-concept,Raster image,Academic knowledge-point infographic explaining System software supports the running and maintenance of the computer with a structured visual model.,"System software Software that manages hardware, supports applications and helps maintain the computer system. Operating system System software that manages resources and provides an interface and services for users and applications. Utility software System software that performs maintenance, protection or optimisation tasks. Translator System software that converts source code into code that can be executed or further processed.",Lesson content and applicable syllabus row,NeedsFactReview,de445bb66a35645f45b56d56f605c75a263fc30574f3ab03e017a661b4d2507f
052,explanation-os-img-1,explanation-os,Raster image,Academic knowledge-point infographic explaining Operating system: the main coordinator with a structured visual model.,"User interface Provides a way for users to interact with the computer, such as GUI or command line. Resource management Allocates and controls hardware resources such as processor time, memory and devices. File services Provides file organisation, storage access and permission support. Application services Provides services and APIs that application software can use. Boundary Detailed process, memory, file and device management are developed in Lesson 053. Here the OS is introduced as the main system coordinator.",Lesson content and applicable syllabus row,NeedsFactReview,a61a532cb33bc2fd346ba8ddc39615168ee554e7e23cfaf4ce20db74698c59cc
052,explanation-pathway-img-1,explanation-pathway,Raster image,Academic knowledge-point infographic explaining Translation pathway with a structured visual model.,"High-level source code Human-readable instructions such as Python, Java or pseudocode-like code. Translator Compiler/interpreter converts or executes the source language. Object / executable / machine code Low-level code that the processor can execute directly or as part of a build process. Error feedback Syntax and translation errors must be reported so the programmer can correct them.",Lesson content and applicable syllabus row,NeedsFactReview,1efd3495acc4f76633c996f57746a0db0faf75c7cd84fe6a8e69b8a7e4c6575d
052,explanation-translators-img-1,explanation-translators,Raster image,Academic knowledge-point infographic explaining Language translators: source code to executable behaviour with a structured visual model.,"Compiler Translates the whole source program before execution, often producing object or executable code. Interpreter Translates and executes source code statement by statement, often useful during development and debugging. Assembler Translates assembly language mnemonics into machine code for a specific processor. Common error An interpreter is not a ""bad compiler"". It is a different translation approach with different trade-offs.",Lesson content and applicable syllabus row,NeedsFactReview,87bdeeab2d45d93e200b26585dada1e1badce3e8659aeabdc2aa22725e23a415
052,explanation-utility-img-1,explanation-utility,Raster image,Academic knowledge-point infographic explaining Utility software: maintenance and protection tools with a structured visual model.,"Exam-safe wording Antivirus Detects, quarantines or removes malware. Protects the system from malicious software. Creates copies of files/data. Allows recovery after data loss, corruption or hardware failure. Compression Reduces file size. Saves storage space or reduces transmission time. Disk/file tools Manage storage, clean temporary files or check disks. Maintains storage organisation and may improve usability.",Lesson content and applicable syllabus row,NeedsFactReview,4135acbe38f437b0885974b36522ae4a3c08887394c2797426bc83f686835018
053,explanation-concept-img-1,explanation-concept,Raster image,Academic knowledge-point infographic explaining Why applications need an operating system through a cause-and-effect diagram.,Applications request services instead of controlling hardware directly. The operating system checks and schedules those requests. Drivers translate approved requests for particular devices.,Lesson content and applicable syllabus row,NeedsFactReview,8d208266c5d246bb6a1208170b7991ee495f19c151c4ff43fe5829f875224c80
053,explanation-device-img-1,explanation-device,Raster image,"Academic knowledge-point infographic explaining Why drivers, buffers and queues work together through a cause-and-effect diagram.",A driver converts a general request into device-specific commands. A buffer absorbs the speed difference between producer and device. A queue preserves an orderly sequence of pending requests.,Lesson content and applicable syllabus row,NeedsFactReview,ad40b15b95488095ed961897849f336f70b9fd30261b74ff9f5378e37c28e7e3
053,explanation-file-img-1,explanation-file,Raster image,Academic knowledge-point infographic explaining Why files need metadata and access rules through a cause-and-effect diagram.,"A name and path let software locate stored content. Metadata records size, timestamps, type and storage information. Permissions determine which users may read or change it.",Lesson content and applicable syllabus row,NeedsFactReview,2451bc77bab49d76b2b6dd402fe8d5666a178c5bc6ebf0a37b121325df22fdca
053,explanation-memory-img-1,explanation-memory,Raster image,Academic knowledge-point infographic explaining Why memory needs allocation and protection through a cause-and-effect diagram.,Each process receives addresses for its code and data. Protection blocks one process from overwriting another's region. Released memory can be reassigned safely to later work.,Lesson content and applicable syllabus row,NeedsFactReview,244d62ce6d2bef53f212d525fcb8fb6fe28d09eea6110c194f257dbb87c0e71a
053,explanation-process-img-1,explanation-process,Raster image,Academic knowledge-point infographic explaining How time-slicing creates apparent simultaneity through a cause-and-effect diagram.,A running process receives a short interval of CPU time. Its state is saved before another ready process runs. Rapid switching keeps several programs responsive.,Lesson content and applicable syllabus row,NeedsFactReview,7613ab267da4417f02dedf989da1aecd6b2dc143e1e4ec12196b461a63836722
053,explanation-services-img-1,explanation-services,Raster image,Academic knowledge-point infographic explaining How OS services form one control layer through a cause-and-effect diagram.,"Process, memory, file and device managers track different resources. Common permissions and scheduling rules coordinate their decisions. Applications receive a stable service interface above changing hardware.",Lesson content and applicable syllabus row,NeedsFactReview,74c399ea00882cc36f09bf1486bb676dc2335e37090106b838e4018f7edd6a4d
054,explanation-cli-img-1,explanation-cli,Raster image,Academic knowledge-point infographic explaining Command line interface: precise text commands with a structured visual model.,"How it works The user types commands and parameters at a prompt. Advantages Fast for experts, supports automation/scripts, can use fewer system resources. Limitations Users must know exact commands; errors can occur from mistyped syntax. Good fit System administration, batch operations, remote servers and repeatable tasks.",Lesson content and applicable syllabus row,NeedsFactReview,aa5363edf8a99a68b66b1f3d5626c55b95018bc17249454bd30d369cd0dcb573
054,explanation-compare-img-1,explanation-compare,Raster image,Academic knowledge-point infographic explaining Compare interface suitability by scenario with a structured visual model.,Scenario Likely suitable interface Expert admin repeats a file operation Commands/scripts are efficient for repeatable precise tasks. Novice edits photos Visual feedback and direct manipulation support the task. Customer buys a train ticket Menu-driven Fixed choices guide the user and reduce input errors. Driver asks for directions hands-free Natural language Speech input can be used without touching the device.,Lesson content and applicable syllabus row,NeedsFactReview,4e50da346371fa93d2d0db6e7c5c87e058773abcea48cbbbb4910dc352d97c7f
054,explanation-concept-img-1,explanation-concept,Raster image,Academic knowledge-point infographic explaining A user interface allows interaction with a computer system with a structured visual model.,"User interface The method by which a user communicates with a computer system. Usability How easy and effective an interface is for a specific user and task. Accessibility How well an interface can be used by people with different needs or abilities. Context The environment, user skill level and task determine suitability.",Lesson content and applicable syllabus row,NeedsFactReview,9fc8a2c862f8a960904f6c090a8b785bf44b8debcf94ac6222225586c184603e
054,explanation-gui-img-1,explanation-gui,Raster image,Academic knowledge-point infographic explaining Graphical user interface: visual objects and pointer actions with a structured visual model.,"How it works Uses windows, icons, menus and a pointer/touch input. Advantages Intuitive for many users, easy to learn, supports visual feedback and direct manipulation. Limitations Can use more memory/processing power; repetitive actions may be slower than commands. Good fit General desktop use, creative work, browsing files and visual tasks.",Lesson content and applicable syllabus row,NeedsFactReview,ae20eff277b1577783983279889c875f818f9820a69c8eb6846130e731a5c3c4
054,explanation-menu-img-1,explanation-menu,Raster image,Academic knowledge-point infographic explaining Menu-driven interface: choose from fixed options with a structured visual model.,"How it works The user selects from displayed options, often step by step. Advantages Reduces memorisation, restricts invalid choices, useful for simple repeated tasks. Limitations Can be slow for expert users; limited to available options; nested menus can frustrate users. Good fit ATMs, ticket machines, phone menus and kiosks.",Lesson content and applicable syllabus row,NeedsFactReview,8a85af6b2765e1ff8c97a5b725054a7ad2e674de7359f65535f824b3af0499d1
054,explanation-natural-img-1,explanation-natural,Raster image,Academic knowledge-point infographic explaining Natural language interface: ordinary language input with a structured visual model.,"How it works The user speaks or types instructions in ordinary human language. Advantages Can be accessible, hands-free and intuitive for simple requests. Limitations May misinterpret ambiguous wording, accents, noise or context. Good fit Voice assistants, search queries, smart speakers and accessibility support.",Lesson content and applicable syllabus row,NeedsFactReview,f3d8786b98a825cbb78f0d4e4a98cec83626de3ee2da1c30eb38e45d3fc7ad16
055,explanation-antivirus-img-1,explanation-antivirus,Raster image,"Academic knowledge-point infographic explaining Antivirus utilities detect, quarantine and remove malware with a structured visual model.","Purpose Scan files, memory or downloads for malware signatures or suspicious behaviour. Actions Warn the user, quarantine infected files, delete malware or block malicious activity. Updates Definitions and detection rules should be updated to recognise newer threats. Limitation Antivirus reduces risk but cannot guarantee protection against every new or disguised threat.",Lesson content and applicable syllabus row,NeedsFactReview,c5c6a06d7273349b8f244613f7468a4d932d07220eab08f706edde2966c5c273
055,explanation-backup-img-1,explanation-backup,Raster image,Academic knowledge-point infographic explaining Backup utilities create copies so data can be restored with a structured visual model.,"Purpose Create copies of files or systems in another location or storage medium. Benefit Data can be restored after accidental deletion, hardware failure, corruption or ransomware. Good practice Use automatic scheduling, versioning and off-site/cloud copies where appropriate. Limitation A backup is only useful if it is recent, complete and can actually be restored.",Lesson content and applicable syllabus row,NeedsFactReview,3f88f352db30c332505031e29fc87aa57a87aefa1c51623e0348da5d9e9b0cf1
055,explanation-compare-img-1,explanation-compare,Raster image,Academic knowledge-point infographic explaining Choose the required utility by its operation with a structured visual model.,"A disk formatter prepares a storage medium with file-system structures. A virus checker scans for, quarantines and removes malware. A disk defragmenter rearranges fragmented file blocks on a magnetic disk. A disk contents analysis/repair utility examines file-system structures and attempts defined repairs. Compression reduces file size; backup creates a separate recoverable copy.",Lesson content and applicable syllabus row,NeedsFactReview,d698a7dd885f3e47210c3d5e90846e1db710679200616405e01c3dab9420e3ea
055,explanation-compression-img-1,explanation-compression,Raster image,Academic knowledge-point infographic explaining Compression utilities reduce file size with a structured visual model.,"Purpose Encode data so it takes up fewer bits than the original file. Uses Save storage space, reduce upload/download time and fit within attachment limits. Lossless Original data can be reconstructed exactly, suitable for text, programs and archives. Lossy Some detail is discarded, often suitable for media where small quality loss is acceptable.",Lesson content and applicable syllabus row,NeedsFactReview,24e361b9a8a8bc5f67b71f840ac399cb9b8cc06b962bcf036115216002bac53a
055,explanation-concept-img-1,explanation-concept,Raster image,Academic knowledge-point infographic explaining Utility software performs maintenance and support tasks with a structured visual model.,"System software Software that supports the operation and management of the computer system. Utility software System software designed for a specific maintenance, protection or management task. Not application software It supports the system rather than directly producing user documents, games or media. Scenario link The correct utility depends on whether the problem is loss, size, confidentiality, fragmentation or malware.",Lesson content and applicable syllabus row,NeedsFactReview,944caaefd4fd23baa01d90c23405ea6014e4e597090dd02c5a2fca42394a57cd
055,explanation-defrag-img-1,explanation-defrag,Raster image,Academic knowledge-point infographic explaining Defragmentation rearranges fragmented files on magnetic disks with a structured visual model.,Fragmentation Parts of a file are stored in non-contiguous blocks across a disk. Purpose Rearrange file blocks so related parts are stored closer together. Benefit Can reduce mechanical disk head movement and improve hard disk access time. Boundary Do not apply the same benefit to SSDs; they have no moving disk head.,Lesson content and applicable syllabus row,NeedsFactReview,fa0703ce02090fdc54e08530fb3a482e84758c60cd6fafc4a1f7eaeeec0a33a6
055,explanation-encryption-img-1,explanation-encryption,Raster image,Academic knowledge-point infographic explaining Encryption utilities protect confidentiality with a structured visual model.,"Purpose Scramble plaintext into ciphertext using an algorithm and a key. Benefit Unauthorised users cannot read the data without the correct key. Examples Encrypting a laptop drive, a backup archive or files sent over a network. Limitation Encryption does not stop deletion or malware; losing the key can make data unrecoverable.",Lesson content and applicable syllabus row,NeedsFactReview,b9bdf7783f94e165e5cfb90a2badf0d12833acd584bae58bbcc3bd605a137d98
056,explanation-assembler-img-1,explanation-assembler,Raster image,Academic knowledge-point infographic explaining An assembler translates assembly language into machine code with a structured visual model.,An assembler translates assembly-language mnemonics into machine code or an object-code module. Machine code uses the instruction set and binary encodings of the target processor. An object module may still need a linker to combine modules and resolve external library references before an executable can be produced. An assembler does not translate high-level languages such as Java or Cambridge pseudocode.,Lesson content and applicable syllabus row,NeedsFactReview,c85c40b3cc13184f9e3e8f0e941b1dd0ad7843307b66dbdf5f23210e23adcb26
056,explanation-compare-img-1,explanation-compare,Raster image,"Academic knowledge-point infographic explaining Comparison: same goal, different route with a structured visual model.","A compiler translates a whole high-level program before execution and produces target or object code; a linked executable can run repeatedly without the source. An interpreter translates and executes high-level statements during execution and normally produces no separate permanent object-code file. An assembler translates assembly-language mnemonics into target machine code or an object module for a specific processor instruction set. If an assembler or compiler produces object modules, a linker may still be required before there is an executable program. Choose the translator from the input language and the development or deployment need; do not claim that every assembler output is immediately executable.",Lesson content and applicable syllabus row,NeedsFactReview,deff0eb9e201f6453974ab3243611abeca3763ebef40a34f522837c623481d5c
056,explanation-compiler-img-1,explanation-compiler,Raster image,Academic knowledge-point infographic explaining A compiler translates the whole high-level program before execution with a structured visual model.,"Input High-level language source code. Output Object code or executable code after translation. Advantages Executable can run without source code; repeated execution may be faster after compilation. Limitations Errors are often reported after compilation, so debugging may involve checking a list of errors.",Lesson content and applicable syllabus row,NeedsFactReview,c2cb55968e3ae7dd2688a8caae540fcb6a83b574bd5a94a46ba88825b182c4d9
056,explanation-concept-img-1,explanation-concept,Raster image,Academic knowledge-point infographic explaining Translator software converts program code into another form with a structured visual model.,A compiler translates high-level source into target machine or object code. An assembler translates assembly mnemonics into target machine or object code. A linker combines object modules and resolves references to form an executable. A loader places executable code and data into memory; it is not a generic object-to-machine translation stage.,Lesson content and applicable syllabus row,NeedsFactReview,f2581a8856e664a4efda65d702366428b1ca714930701b191ade4db4f196d2e3
056,explanation-interpreter-img-1,explanation-interpreter,Raster image,Academic knowledge-point infographic explaining An interpreter translates and executes statements as the program runs with a structured visual model.,Input High-level language source code. Output No separate permanent object code is normally produced. Advantages Useful during development because errors can be found statement by statement. Limitations Program may run more slowly because translation happens during execution; source code is needed.,Lesson content and applicable syllabus row,NeedsFactReview,f9f80e0c42b18ee7ce319395159c53db2d2177d0c54a12f0379bb3a93902d5d3
057,explanation-generation-img-1,explanation-generation,Raster image,Academic knowledge-point infographic explaining Code generation produces object code with a structured visual model.,"Input Checked intermediate representation or syntax tree. Action Generates target low-level instructions for the processor or virtual machine. Output Object code, often not yet a complete final executable. Boundary Linking external modules and loading into memory belong to the next lesson.",Lesson content and applicable syllabus row,NeedsFactReview,567cbff7689a2a8d1e09e4048348f603bc12469d5c5604e9ec105c6e03e7f937
057,explanation-lexical-img-1,explanation-lexical,Raster image,Academic knowledge-point infographic explaining Lexical analysis converts character streams into tokens with a structured visual model.,"Lexical analysis converts source characters into tokens. Keywords, identifiers, literals and operators are distinct token categories. Semicolons, parentheses and braces are delimiters or punctuation, not all operators.",Lesson content and applicable syllabus row,NeedsFactReview,b99cefb27447e3a1f30b08502582eae8188866cd076bafa703b3b06f3b3ed8cb
057,explanation-optimisation-img-1,explanation-optimisation,Raster image,Academic knowledge-point infographic explaining Optimisation improves code without changing what it does with a structured visual model.,"Purpose Improve efficiency, such as speed or memory use. Examples Remove unreachable code or avoid repeated calculations. Rule The program's intended behaviour should remain the same. Common error Optimisation does not mean fixing all logic errors in the programmer's algorithm.",Lesson content and applicable syllabus row,NeedsFactReview,0d45a106645cecffec723806e06f49bc09f042994505eb2db76a74e8fd775295
057,explanation-pipeline-img-1,explanation-pipeline,Raster image,Academic knowledge-point infographic explaining The compilation pipeline transforms source code into object code with a structured visual model.,"Source code The high-level program written by the programmer. Tokens Meaningful units such as identifiers, keywords, operators and literals. Checks The compiler checks structure and meaning before generating code. Object code Translated low-level code output by the compiler before linking/loading details.",Lesson content and applicable syllabus row,NeedsFactReview,782d161f5e640c12c2d193dca8e2f8045ced7dfba73eda84b1cb3465fdfaae89
057,explanation-semantic-img-1,explanation-semantic,Raster image,Academic knowledge-point infographic explaining Semantic analysis checks meaning and context with a structured visual model.,"Meaning Code can be grammatically correct but still not make valid sense. Checks Type compatibility, variable declarations, scope and valid operations. Symbol table Stores information about identifiers such as names, types and locations. Errors Examples include using an undeclared variable or adding incompatible types.",Lesson content and applicable syllabus row,NeedsFactReview,10097365529fb95d7b5bc9d91d5a6c086237a5d1256a268140de7c42ebfce769
057,explanation-syntax-img-1,explanation-syntax,Raster image,Academic knowledge-point infographic explaining Syntax analysis checks grammar and program structure with a structured visual model.,"Input Tokens produced by lexical analysis. Action Checks whether tokens follow the grammar rules of the language. Output May build a parse tree or syntax tree to represent structure. Errors Can detect missing brackets, invalid statement order or malformed expressions.",Lesson content and applicable syllabus row,NeedsFactReview,ac5407865b125bfcdbb351a9d7415788c870075b07fbee8a890f51e6f4a0bc98
057,overview-div-1,overview,HTML/CSS,Compilation pipeline,Compilation pipeline,Lesson content and applicable syllabus row,NeedsFactReview,e33cab964ea0e55d2241ca8ff2e9f76c549172e607a704a0500ddd966244d930
057,overview-div-2,overview,HTML/CSS,A compiler is not one giant button. It is a careful sequence of checks and transformations.,Define exact facts for manual review of A compiler is not one giant button. It is a careful sequence of checks and transformations..,Lesson content and applicable syllabus row,NeedsFactReview,d288137facc5f0d93a3d2f9cdbb14beaf6a8d142168280efd86b00a2b0403d32
058,explanation-compare-img-1,explanation-compare,Raster image,Academic knowledge-point infographic explaining Compare the roles without blending them with a structured visual model.,Main role Typical input Typical output/result Stores reusable routines/modules. Calls from a program. Routine code can be linked or used at run time. Combines object modules and resolves external references. Object files and library references. Executable/linked object code. Places executable program into main memory. Executable file/program image. Program ready for execution in memory.,Lesson content and applicable syllabus row,NeedsFactReview,6c3b43af49d970e2bc9967f5d1c284ef78e3f32c94ea2cdbcde795ff534b1448
058,explanation-concept-img-1,explanation-concept,Raster image,Academic knowledge-point infographic explaining The post-compilation pathway connects code and prepares execution with a structured visual model.,"Object code Translated output from compilation or assembly, not always a complete executable. External reference A call to code or data defined in another module or library. Executable file A program file with required code linked and arranged for execution. In memory Code and data must be placed into main memory before the CPU can execute it.",Lesson content and applicable syllabus row,NeedsFactReview,fe7ee1eb83b337a43687057ccf05dc1196fab61cdb7d7cdee1c94d02b53f946a
058,explanation-libraries-img-1,explanation-libraries,Raster image,Academic knowledge-point infographic explaining Libraries provide reusable routines and modules with a structured visual model.,"Purpose Provide pre-written, tested routines that programs can use. Examples Mathematical functions, input/output routines, graphics or string-handling routines. Benefits Saves development time, reduces duplication and may improve reliability. Requirement Calls to library routines must be linked or made available at run time.",Lesson content and applicable syllabus row,NeedsFactReview,3796d7854773b5e1c3f3f4f2e71d29b588fbbab700fa2a558104bfc0e6ddd479
058,explanation-linkers-img-1,explanation-linkers,Raster image,Academic knowledge-point infographic explaining Linkers combine object modules and resolve references with a structured visual model.,Input Object code modules and required library routines or references. Action Resolves external references between modules and libraries. Output Produces executable code or a linked object file. Error Can report unresolved external references if a required routine cannot be found.,Lesson content and applicable syllabus row,NeedsFactReview,3ff8652bfa1ec9ac98062af482006e543a9f48410cc0f528e24da56f13ff4a68
058,explanation-loaders-img-1,explanation-loaders,Raster image,Academic knowledge-point infographic explaining Loaders place executable code into memory with a structured visual model.,Input An executable program or loadable program image. Action Loads code and data into main memory and prepares it to run. Addresses May allocate memory and adjust addresses depending on where the program is loaded. Boundary A loader does not translate source code or combine object modules.,Lesson content and applicable syllabus row,NeedsFactReview,b8266ea6592faeaf4aac92b34b698ff04888c8c007c928d49425d5b5c9b9285d
058,explanation-static-dynamic-img-1,explanation-static-dynamic,Raster image,Academic knowledge-point infographic explaining Static and dynamic linking affect when library code is connected with a structured visual model.,"Static linking Library code is copied into the executable at link time. Static trade-off Executable can be more self-contained but may be larger. Dynamic linking Library code is linked at load time or run time from a shared library. Dynamic trade-off Can reduce duplication, but the required shared library must be available and compatible.",Lesson content and applicable syllabus row,NeedsFactReview,7dd6c79a1b731ca624186d6330370a2df1dae9e1da8eec4b377629eb26eaad61
059,explanation-compare-img-1,explanation-compare,Raster image,Academic knowledge-point infographic explaining Compare error types by evidence with a structured visual model.,Error type When noticed Evidence Translation/parsing time Invalid grammar or structure. Missing bracket or malformed IF statement. Testing/output checking Program runs but result is incorrect. Average calculated with wrong divisor. While executing Program fails due to operation or resource problem. Division by zero or file not found.,Lesson content and applicable syllabus row,NeedsFactReview,0c0a6740683be06ea943d4e273f3728c34b77162e010b05c6f5b1a793aaf6527
059,explanation-concept-img-1,explanation-concept,Raster image,Academic knowledge-point infographic explaining Error classification depends on when and how the fault appears with a structured visual model.,Before execution Syntax and translation errors may stop a program from being translated or run. During execution Runtime errors occur while the program is running. After execution Logic errors may allow completion but produce an incorrect result. Diagnostics Error messages and locations help the programmer identify and correct faults.,Lesson content and applicable syllabus row,NeedsFactReview,a9dc87dc202e1f5cd2555d5f48428beb1cde0139e89bb8a41c2556387b0dd393
059,explanation-diagnostics-img-1,explanation-diagnostics,Raster image,Academic knowledge-point infographic explaining Translation diagnostics help locate and correct errors with a structured visual model.,"Compiler May report a list of errors after attempting translation. Interpreter May stop at or near the statement being translated/executed. Useful details Error type, line number, token, expected symbol or explanation of the fault. Limitation The reported line may be near the cause, not always the exact cause.",Lesson content and applicable syllabus row,NeedsFactReview,4be11081af394be71e7c7a0478378a63c5d1b6a249382d69921da306dc17ab6a
059,explanation-logic-img-1,explanation-logic,Raster image,Academic knowledge-point infographic explaining Logic errors make the program do the wrong thing with a structured visual model.,"Meaning The code is syntactically valid and may run, but the algorithm or condition is wrong. Examples Using < instead of <= , wrong formula, wrong loop condition or off-by-one error. Detection Usually found by testing, tracing or comparing actual output with expected output. Common error A translator may not detect it because the instructions are legal.",Lesson content and applicable syllabus row,NeedsFactReview,43355bacde6b5850ae2c4eb1185e245d3c7afa152a032de07f957b1763ee019c
059,explanation-runtime-img-1,explanation-runtime,Raster image,Academic knowledge-point infographic explaining Runtime errors occur while the program is executing with a structured visual model.,"Meaning The program starts running but fails because of an event or invalid operation during execution. Examples Division by zero, file not found, array index out of range or insufficient memory. Result The program may crash, halt, raise an exception or display an error message. Handling Robust programs may use validation and exception handling to reduce runtime failure.",Lesson content and applicable syllabus row,NeedsFactReview,b9d61156ac9751256b88a981ee5fd9a62e4dc531658037cae085f9bb8a4da5fd
059,explanation-syntax-img-1,explanation-syntax,Raster image,Academic knowledge-point infographic explaining Syntax errors break the grammar rules of the language with a structured visual model.,"Meaning The code structure does not follow the language grammar. Examples Missing brackets, missing keywords, invalid statement structure or misplaced punctuation. Detection Detected by translator syntax analysis or parser before successful translation/execution. Diagnostic Usually reports a line number or location near the invalid syntax.",Lesson content and applicable syllabus row,NeedsFactReview,faef1e59104da9a8702a3e229f4cdbdad96e7df4dfa8af47194e451407d5d9ba
060,explanation-decision-img-1,explanation-decision,Raster image,Academic knowledge-point infographic explaining A good translator choice starts with four questions with a structured visual model.,"What code? High-level source code, assembly language, object modules or executable code? What stage? Development, testing, deployment, linking or running? What output? Immediate execution, object code, executable code or program loaded in memory? What feedback? Line-by-line diagnostics, a compiler error list, linker errors or runtime messages?",Lesson content and applicable syllabus row,NeedsFactReview,291f7e64f19ec8be331ca2d36f45dfdabdc5030d601fd5f2772d2bef0e0c072f
060,explanation-deployment-img-1,explanation-deployment,Raster image,"Academic knowledge-point infographic explaining For deployment, a compiler often produces a distributable executable with a structured visual model.",Useful when A finished program will be distributed to users or run many times. Mechanism Translates the whole high-level program before execution. Benefit Executable/object code can run without giving users the source code. Trade-off Compilation must complete before running; errors may be reported as a list.,Lesson content and applicable syllabus row,NeedsFactReview,e375f9329c3011896c18491873969662cfc0949e3b438f091f8ab937a926df09
060,explanation-development-img-1,explanation-development,Raster image,"Academic knowledge-point infographic explaining During development, an interpreter can support rapid testing with a structured visual model.","Useful when The programmer wants immediate feedback while writing and testing code. Mechanism Translates and executes statements as the program runs. Benefit Can stop at or near the statement with an error, helping debugging. Trade-off Execution may be slower and source code/interpreter may be needed.",Lesson content and applicable syllabus row,NeedsFactReview,2bec605f6e59f5856ddb5887d1f73f6a5b1cfdc210377b037c915d077c7933d8
060,explanation-diagnostics-img-1,explanation-diagnostics,Raster image,Academic knowledge-point infographic explaining Error feedback affects the best choice during development with a structured visual model.,"Compiler May provide a list of syntax/translation errors after trying to compile. Interpreter May stop at the current statement, useful for step-by-step testing. Linker May report unresolved external references after object code exists. Testing Logic errors may still need test data and tracing regardless of translator.",Lesson content and applicable syllabus row,NeedsFactReview,b6d34726db1e74ae72dc9c806d6ede11ca8167470fa86a5a41a75de65840b33f
060,explanation-lowlevel-img-1,explanation-lowlevel,Raster image,"Academic knowledge-point infographic explaining For assembly language, use an assembler with a structured visual model.","Input Assembly language mnemonics for a specific processor. Output Machine code/object code. Use case Low-level code close to hardware or processor instructions. Boundary Assembler is not the correct tool for Java, Python or Cambridge pseudocode.",Lesson content and applicable syllabus row,NeedsFactReview,e800d59f7b5c3096f37d560104f05a90c4eb24951a27ad189955ae63b8aed726
060,explanation-pipeline-img-1,explanation-pipeline,Raster image,"Academic knowledge-point infographic explaining After translation, linking and loading may still be needed with a structured visual model.",A compiler translates a whole high-level program before execution. An interpreter translates and executes high-level source statement by statement during execution. An interpreter normally does not create a separate permanent executable file. An assembler translates assembly mnemonics into machine or object code. A linker combines object modules and resolves references; a loader places executable code and data into memory.,Lesson content and applicable syllabus row,NeedsFactReview,7aaeab200341e36f6643df0f5472fbb62999662a1d37dbbfc175410c458b0080
060,overview-div-1,overview,HTML/CSS,Translation choice sketch,Translation choice sketch,Lesson content and applicable syllabus row,NeedsFactReview,6e452cdd092697c5d272f82beab3bd7a3c761cb129187f4ccf091cabdabd0e50
060,pipeline-div-1,pipeline,HTML/CSS,Translation pipeline,Translation pipeline,Lesson content and applicable syllabus row,NeedsFactReview,56f59bb84c776895208f76b5492eb7def1faac2cda5a9b056baed41106d2f725
061,explanation-compare-img-1,explanation-compare,Raster image,Academic knowledge-point infographic explaining Similar terms that the exam likes to separate with a structured visual model.,"High-value comparisons Difference that earns marks Common wrong answer OS vs utility OS manages resources; a utility performs a specific maintenance/protection task. ""Both are apps."" Compiler vs interpreter Compiler translates whole program before execution; interpreter translates/executes statement by statement. ""Interpreter is a bad compiler."" Syntax vs semantic Syntax checks grammar; semantic checks meaning such as type, scope and declarations. ""Both mean spelling mistakes.""",Lesson content and applicable syllabus row,NeedsFactReview,305983c59e648cd9bfef4a9f37f5bbcb8f33ea8836138e05074f05769373e68a
061,explanation-precision-img-1,explanation-precision,Raster image,Academic knowledge-point infographic explaining Turn a weak answer into marks with a structured visual model.,"Precision rules Weak ""A compiler changes code so it can run."" Too vague: no input, output or timing. Better ""A compiler translates the whole high-level source program into object/executable code before execution."" Names input, output and timing. Weak ""Encryption makes data safe."" Too broad: safe from what? Better ""Encryption converts plaintext into ciphertext using a key so unauthorised users cannot read it."" Names mechanism and security goal.",Lesson content and applicable syllabus row,NeedsFactReview,4b81e1dd4a28cda21b7545dc1b75149fa6f01e6d7ff3a399dfcf84741a50fa2e
061,explanation-retrieval-img-1,explanation-retrieval,Raster image,Academic knowledge-point infographic explaining Section 5 in one screen with a structured visual model.,"A compiler translates a whole high-level program into object code before execution. An assembler translates assembly language into machine or object code. A linker combines object modules and libraries, and a loader places an executable into memory. An interpreter translates and executes source during runtime without producing a permanent object file for the linker path.",Lesson content and applicable syllabus row,NeedsFactReview,ad4be6a6e488d61435eaa9f8fb5c6c0bfdc730748c6985851c335e5099257e31
062,explanation-authenticity-img-1,explanation-authenticity,Raster image,Academic knowledge-point infographic explaining Authenticity checks that identity or data origin is genuine with a structured visual model.,"Goal Users, devices, messages or files should be verified as genuine. Risk An attacker pretends to be a valid user, sender or website. Controls Authentication, digital certificates, digital signatures and multi-factor authentication can support authenticity. Exam wording Say what identity or source is being verified, not just ""make it secure"".",Lesson content and applicable syllabus row,NeedsFactReview,990a0cb3b44e1a5a9972aaec35a56ea3b06fbc595a0e566f2b1048ee25d6de1d
062,explanation-availability-img-1,explanation-availability,Raster image,Academic knowledge-point infographic explaining Availability keeps systems and data accessible when needed with a structured visual model.,"Goal Authorised users should be able to access data and services when required. Risk Hardware failure, network failure or overload prevents legitimate use. Controls Backups, redundancy, disaster recovery, UPS and monitoring can support availability. Exam wording State what remains accessible or recoverable, and for whom.",Lesson content and applicable syllabus row,NeedsFactReview,31faa7873765e880a61e32c982c7979a986293d46734a6bae790b7209b5557fc
062,explanation-confidentiality-img-1,explanation-confidentiality,Raster image,Academic knowledge-point infographic explaining Confidentiality protects data from unauthorised access with a structured visual model.,"Goal Only authorised users should be able to view or access the data. Risk Personal details, passwords or exam marks are viewed by unauthorised people. Controls Access rights, authentication, encryption and least privilege can support confidentiality. Exam wording Say who is prevented from reading what, and why they are unauthorised.",Lesson content and applicable syllabus row,NeedsFactReview,a7104598c1d32775f6ea0fd86d1c7c5faba3f86e17cba6913748a80e8e64034d
062,explanation-controls-img-1,explanation-controls,Raster image,"Academic knowledge-point infographic explaining One control can support more than one goal, but not every goal with a structured visual model.","Encryption makes data unreadable without the correct key and supports confidentiality. Access rights prevent unauthorised viewing and prevent unauthorised alteration; they support confidentiality and integrity but do not detect whether data changed. Backups allow recovery after data loss or corruption and support availability. Hash/checksum comparison can detect whether data changed and supports integrity, but it does not prevent unauthorised alteration.",Lesson content and applicable syllabus row,NeedsFactReview,820daffafea8dbc749396958733a677967e772737de839a51bef918ca8c632a9
062,explanation-integrity-img-1,explanation-integrity,Raster image,Academic knowledge-point infographic explaining Integrity protects data from unauthorised or accidental alteration with a structured visual model.,"Goal Data should remain accurate, complete and unaltered unless changed by an authorised process. Risk Exam marks, bank balances or stock levels are changed incorrectly. Validation and verification Validation checks stated rules; verification checks entered or transferred data against its source, not whether the source is true or complete. Other controls Access rights, checksums, hashes and audit trails can prevent, detect or record some changes, but no control guarantees integrity. Exam wording Explain exactly how the named control prevents, detects or records an incorrect change.",Lesson content and applicable syllabus row,NeedsFactReview,1bec8a672653218e86907436e73f400acca3cb25d7e2eb0c4ddf269c776b99e1
062,explanation-risk-chain-img-1,explanation-risk-chain,Raster image,Academic knowledge-point infographic explaining Use the risk chain before naming a control with a structured visual model.,"Asset Something valuable that needs protection, such as exam marks, passwords or customer records. Threat A possible cause of harm, such as unauthorised access, data corruption or service failure. Vulnerability A weakness that a threat could exploit, such as weak passwords or poor permissions. Control A safeguard that reduces likelihood or impact, such as access rights, backups or authentication.",Lesson content and applicable syllabus row,NeedsFactReview,6c7710ef32b4abd88e3f1e2509b2d7a70f1ed3cb90969350ef2d54279ecc3fcd
063,explanation-concept-img-1,explanation-concept,Raster image,Academic knowledge-point infographic explaining Malware is malicious software; social engineering manipulates people with a structured visual model.,"Malware Software created to disrupt, damage, steal data or gain unauthorised access. Payload The harmful action, such as deleting files, encrypting data or stealing credentials. Propagation How it spreads, such as infected files, networks, removable media or deceptive downloads. Social engineering Manipulating a person into revealing information or performing an unsafe action.",Lesson content and applicable syllabus row,NeedsFactReview,0cf3eb52102678d033baa7726e09f4b5395cd95452f50c6a8663d641bdb2b23f
063,explanation-controls-img-1,explanation-controls,Raster image,"Academic knowledge-point infographic explaining Match controls to mechanism, not just the word ""malware"" with a structured visual model.","Likely impact Suitable controls Virus/worm Corrupts data, spreads, slows systems, uses resources. Anti-malware, patching, scanning removable media, network monitoring. Disguised malicious installation or backdoor. Trusted sources, permissions review, user education, anti-malware. Secret monitoring, credential/data theft. Anti-spyware, least privilege, MFA, patching, download caution. Ransomware Loss of access to files/services. Offline backups, patching, anti-malware, restricted write access.",Lesson content and applicable syllabus row,NeedsFactReview,7c73efc78b054b1a14108fc350b0c4d16247e7f21a9fb4ac8c9bfab290f35e2c
063,explanation-ransomware-img-1,explanation-ransomware,Raster image,Academic knowledge-point infographic explaining Ransomware denies access by encrypting or locking data with a structured visual model.,"Mechanism Encrypts files or locks systems, then demands payment for restoration. Goal affected Mainly threatens availability; may also threaten confidentiality if data is stolen. Control Offline backups, patching, anti-malware, restricted permissions and user training. Common error Paying is not a reliable recovery strategy in an exam answer.",Lesson content and applicable syllabus row,NeedsFactReview,48dbacc1cc7cf1c4c45aa67c58d0fcf0eaacda33621fb94c681b660cd6901dcc
063,explanation-social-img-1,explanation-social,Raster image,Academic knowledge-point infographic explaining Social engineering exploits people rather than code with a structured visual model.,"Mechanism Uses trust, urgency, authority, curiosity or fear to influence a user. Action User may reveal passwords, approve access, install software or transfer data. Goal affected Often threatens confidentiality and authenticity through impersonation or credential theft. Control User training, verification procedures, MFA, reporting routes and least privilege.",Lesson content and applicable syllabus row,NeedsFactReview,fe91c7a6c2ef31c9a4ab691193a34167b8b7c4c1a961a0e7919fa2448a1e9baf
063,explanation-spyware-img-1,explanation-spyware,Raster image,Academic knowledge-point infographic explaining Spyware secretly monitors activity or collects data with a structured visual model.,"Mechanism Runs without clear user awareness and gathers information. Examples Keylogger, screen monitoring or browser tracking used to capture credentials. Goal affected Often threatens confidentiality and authenticity if credentials are stolen. Control Anti-malware, least privilege, patching, browser controls and caution with downloads.",Lesson content and applicable syllabus row,NeedsFactReview,2c729a2151a0144ef0b5f7c6724549e028815eac03a5a9f4bf8680dbdc2f11da
063,explanation-trojan-img-1,explanation-trojan,Raster image,Academic knowledge-point infographic explaining Trojan: malicious code disguised as legitimate software with a structured visual model.,"Mechanism Appears useful or harmless so a user installs or runs it. Impact May create a backdoor, steal data, install other malware or change settings. Control Download from trusted sources, check permissions, use anti-malware and user education. Common error A Trojan does not need to self-replicate to be harmful.",Lesson content and applicable syllabus row,NeedsFactReview,8ad0dbf79e48e775f456a42e30fe38ee06c7b676b8875f7bd0a81c3e8e4b59c6
063,explanation-virus-img-1,explanation-virus,Raster image,"Academic knowledge-point infographic explaining Virus and worm: both can spread, but not in the same way with a structured visual model.","Virus Attaches to a host file/program and often needs the host to be run or shared. Worm Self-replicates, often across networks, without needing to attach to a host file. Impact Can corrupt data, slow systems, consume bandwidth or install further malware. Common error Do not say every self-spreading threat is a virus.",Lesson content and applicable syllabus row,NeedsFactReview,f83a44113b28ffb7013203bedf3aa63506c1f3cebd591f4e16057628b2d4e7c7
064,explanation-compare-img-1,explanation-compare,Raster image,Academic knowledge-point infographic explaining Compare by route and result with a structured visual model.,"Route or mechanism Direct result Access controls are bypassed or abused. Unauthorised access; data may then be viewed, copied, changed or deleted. Phishing A deceptive message, link or site persuades the user to reveal information. Credentials or personal data are disclosed; later unauthorised access is possible but not guaranteed. Pharming Traffic is redirected to a fake site, possibly after the correct URL is entered. The user may submit data to the fake site; later credential theft or misuse is possible but not guaranteed. DoS/DDoS A server or network is overwhelmed by requests or traffic.",Lesson content and applicable syllabus row,NeedsFactReview,fe51dc8a3511f5efe495047f10bb26c931f0265ddcced26350535cf69e5b755c
064,explanation-controls-img-1,explanation-controls,Raster image,Academic knowledge-point infographic explaining Controls must fit the attack route with a structured visual model.,"Against hacking Strong authentication, access rights, patching, audit logs and monitoring. Against phishing User training, checking URLs/senders, email filtering, reporting routes and MFA. Against pharming Secure DNS, certificate checks, HTTPS warnings, anti-malware and browser updates. Against DoS Traffic filtering, rate limiting, firewalls, load balancing and DDoS mitigation services. Do not overclaim. A control reduces risk; it rarely makes the attack impossible.",Lesson content and applicable syllabus row,NeedsFactReview,ba15ee364dc394908409a05946c6c4b7062f4dcb033e082f5316d0b6953b4122
064,explanation-core-img-1,explanation-core,Raster image,"Academic knowledge-point infographic explaining Start from mechanism, then discuss impact with a structured visual model.","Asset Data, account, system or service being protected. Attack vector The route used by the attacker: access, deception, redirection or flooding. Impact Loss of confidentiality, integrity, availability or authenticity. Control A safeguard that reduces risk, detects attack or supports recovery.",Lesson content and applicable syllabus row,NeedsFactReview,700ba8632dc06f0c502d28a426f9dfd5bf6d37d48cb0ebdc4dbdfbf145a890e1
064,explanation-dos-img-1,explanation-dos,Raster image,Academic knowledge-point infographic explaining Denial-of-service: making a service unavailable with a structured visual model.,"Mechanism Floods a server, network or service with traffic or requests so legitimate users cannot access it. DDoS Distributed DoS uses many devices/sources, making filtering harder. Impact Loss of availability, lost sales, disrupted lessons or inability to access online services. Common error DoS does not primarily mean data is stolen; the main issue is service availability.",Lesson content and applicable syllabus row,NeedsFactReview,9c77bb7e7d344a0dbab9a1fba0e9d1756d1093044d168f2f94bf7f35bab9c845
064,explanation-hacking-img-1,explanation-hacking,Raster image,Academic knowledge-point infographic explaining Hacking: gaining unauthorised access to a system or data with a structured visual model.,"Mechanism Bypasses or abuses access controls to enter an account, device or system. Examples Using stolen credentials, exploiting a vulnerability or accessing an account without permission. Impact Data may be viewed, copied, changed or deleted; system settings may be altered. Common error Do not use ""hacking"" as a label for every cyber attack. It specifically involves unauthorised access.",Lesson content and applicable syllabus row,NeedsFactReview,8c622d245f88ad1772859504d8ca6720ab8a004593f7f6664dff521ccc9701ea
064,explanation-pharming-img-1,explanation-pharming,Raster image,Academic knowledge-point infographic explaining Pharming: redirecting users to a fake website with a structured visual model.,"Mechanism Redirects traffic from a legitimate website to a fake one, often by attacking name resolution. User clue The user may type the correct URL but still arrive at a fraudulent page. Impact Users may submit credentials or payment details to the attacker. Common error Do not define pharming as just ""sending a fake email""; that is phishing.",Lesson content and applicable syllabus row,NeedsFactReview,8e4b56f768453a59f1f4712e98ade4ea86d5524e13ed5c1d60182c75ccabf1eb
064,explanation-phishing-img-1,explanation-phishing,Raster image,Academic knowledge-point infographic explaining Phishing: tricking users into revealing information or visiting a fake page with a structured visual model.,"Mechanism Uses deceptive emails, messages or websites that appear to come from a trusted source. User action The user may enter credentials, personal data or payment details. Clues Urgent language, suspicious sender, unexpected link, spelling issues or mismatched URL. Impact Credential theft can lead to unauthorised access and impersonation.",Lesson content and applicable syllabus row,NeedsFactReview,d7431f5e92f8a68c990418a56bc073da87e430baa5456872911dd75f3c22da00
065,explanation-biometrics-img-1,explanation-biometrics,Raster image,Academic knowledge-point infographic explaining Biometrics: convenient identity evidence from physical or behavioural features with a structured visual model.,"A biometric sensor captures a physical or behavioural feature and the system compares its template with a stored enrolled template. A match authenticates the identity claim; authorisation is a separate process that decides what an authenticated user may access or do. A false reject denies a valid enrolled user by mistake; a false accept authenticates an impostor by mistake. Biometrics require sensors and stored templates and may create privacy, false-accept and false-reject risks.",Lesson content and applicable syllabus row,NeedsFactReview,c045a983325c8c31906d343e5df5b2312255d369b0db42188e16692362d00453
065,explanation-compare-img-1,explanation-compare,Raster image,"Academic knowledge-point infographic explaining Compare methods by evidence, risk and context with a structured visual model.","Evidence Strengths and limitations Password/PIN Something the user knows. Low cost and familiar; can be guessed, reused, shared, phished or forgotten. Biometric Something the user is. Convenient and hard to forget; needs sensors and may have false accepts/rejects or privacy concerns. Something the user has. Useful second factor; can be lost, stolen, damaged or unavailable. Two or more different factor categories. Reduces account takeover risk; increases setup, support and recovery complexity.",Lesson content and applicable syllabus row,NeedsFactReview,4cb5082ab478579f64c64668af8dbfdc3b7a690e367582d6deb0a1d806805ae8
065,explanation-core-img-1,explanation-core,Raster image,Academic knowledge-point infographic explaining Authentication is identity checking with a structured visual model.,"Authentication Verifies that a user, device or process is who it claims to be. Claim The identity presented, such as a username, account or device ID. Credential Evidence used to prove the claim, such as a password, biometric or token. Authorisation Decides what an authenticated user is allowed to access or change.",Lesson content and applicable syllabus row,NeedsFactReview,c22c43aa686444148ac0ba72ceb4e37b5d725ba1e7ae26ea5332100f6f424ca7
065,explanation-factors-img-1,explanation-factors,Raster image,"Academic knowledge-point infographic explaining Authentication factors: know, have, are with a structured visual model.","Something you know Password, passphrase or PIN. Risk: guessed, reused, shared or phished. Something you have Security token, smart card or one-time code device. Risk: lost, stolen or unavailable. Something you are Biometric characteristic such as fingerprint, face, iris or voice. Risk: false acceptance or privacy concerns. Factor type Two checks only become MFA when they come from different factor categories.",Lesson content and applicable syllabus row,NeedsFactReview,db759546274df46d9a4c72b5b5e4df590fdb92a6398e867e5cb26ca69469dd06
065,explanation-mfa-img-1,explanation-mfa,Raster image,Academic knowledge-point infographic explaining MFA combines different factor types with a structured visual model.,"Definition Multi-factor authentication requires evidence from two or more different factor categories. Example Password plus phone app code: something you know plus something you have. Benefit If a password is stolen, the attacker still needs the second factor. Cost More setup, recovery problems and user friction if a device is unavailable.",Lesson content and applicable syllabus row,NeedsFactReview,566b4fab20746ce7fe64b3098d1742b3d39c7955130e95ac8424e36da3c44e9e
065,explanation-password-tool-img-1,explanation-password-tool,Raster image,Academic knowledge-point infographic explaining Estimate password quality without collecting real passwords with a structured visual model.,"Interactive password check Use a practice string only. Never type a real password into lesson tools, screenshots or chat. Practice password",Lesson content and applicable syllabus row,NeedsFactReview,af876f185e43eca4b29805648962b1a04924b540d41454ef2de9de5a6ec7dec9
065,explanation-passwords-img-1,explanation-passwords,Raster image,"Academic knowledge-point infographic explaining Passwords: cheap, familiar and often ruined by humans with a structured visual model.","Strength Longer passwords or passphrases with less predictable structure are harder to guess. Weakness Users may reuse, share, write down or choose predictable passwords. Storage Systems should not store plaintext passwords; hashes are commonly used for verification. Control Password policy, lockout/rate limiting, user education and MFA reduce risk.",Lesson content and applicable syllabus row,NeedsFactReview,77556c6fcb3ecb0f7a1a061f7b8c0559d8cb1e621f53d061433ab3670f2bca18
065,explanation-tokens-img-1,explanation-tokens,Raster image,Academic knowledge-point infographic explaining Tokens: proof that the user has a specific device or object with a structured visual model.,"Hardware token A physical device, card or key used during login. Software token An app or service that generates a one-time code. One-time code A code valid for a short time or single login attempt. Limitation Tokens can be lost, stolen, damaged, out of battery or unavailable without a phone/network.",Lesson content and applicable syllabus row,NeedsFactReview,dbe30da6d029a38971f7cfa682beadf31f920ce6a2a5a228b6f7518e83a065a0
066,explanation-core-img-1,explanation-core,Raster image,Academic knowledge-point infographic explaining Access control decides what authenticated users may do with a structured visual model.,"Access right A permission to perform an action on a resource, such as read or write. Resource A file, database table, account, device, folder, application or network service. Authorisation The decision to allow or deny an action after identity has been checked. Policy The rule set that maps users, groups or roles to permitted actions.",Lesson content and applicable syllabus row,NeedsFactReview,8421a22e06791dba41383f97bcfdc912403756dc0ab0f5b6e396d8069d9a9d39
066,explanation-least-img-1,explanation-least,Raster image,Academic knowledge-point infographic explaining Least privilege reduces unnecessary damage with a structured visual model.,"Definition Give users only the minimum permissions needed to perform their role. Confidentiality Users cannot view data that is not needed for their work. Integrity Users cannot accidentally or deliberately change data outside their responsibility. Availability Fewer users can delete files, disable services or change critical settings.",Lesson content and applicable syllabus row,NeedsFactReview,790e6362d448bcde4b50df0e3612ca406e8a5c6c07e75f1a713abc592f7756de
066,explanation-matrix-img-1,explanation-matrix,Raster image,Academic knowledge-point infographic explaining A permission matrix makes access decisions visible with a structured visual model.,Student records Exam marks System settings Read own record No access Read class records Write marks for own classes Exam officer Read relevant records Read/write exam data Administrator Manage accounts,Lesson content and applicable syllabus row,NeedsFactReview,3b230abc077d3f31a497673a67583f2ce2e707a3c6e4c27a46ca01722d95b320
066,explanation-review-img-1,explanation-review,Raster image,"Academic knowledge-point infographic explaining Permissions need review, not just setup day optimism with a structured visual model.","Joiner New user receives permissions based on role, not copied blindly from a friend. Mover User changes role; old permissions are removed and new ones are added. Leaver Account is disabled or removed when the user leaves. Review Regular checks remove excessive, stale or temporary permissions.",Lesson content and applicable syllabus row,NeedsFactReview,e58e5afb4a9fc1e668b5a82df9f047fa8e778a0d8e20222926aebfe6545da8af
066,explanation-rights-img-1,explanation-rights,Raster image,Academic knowledge-point infographic explaining Common permission types with a structured visual model.,"Read View or open data without changing it. Protects confidentiality when restricted. Write/modify Create or change data. Protects integrity when restricted. Delete Remove data or accounts. Often high risk because loss may affect availability. Execute/admin Run programs, install software or manage settings. Usually limited to trusted roles.",Lesson content and applicable syllabus row,NeedsFactReview,34638be619ce816b7f45487d0312d5bc7e0f31798bfed5c985ed73ed748aa16a
066,explanation-users-img-1,explanation-users,Raster image,"Academic knowledge-point infographic explaining Users, groups and roles keep permissions manageable with a structured visual model.","User account Individual identity, useful for accountability and audit trails. Group A collection of accounts that share permissions, such as ""Students"" or ""Finance"". Role A job-based permission set, such as teacher, receptionist, technician or administrator. Audit log Records access attempts or changes, helping detect misuse and investigate incidents.",Lesson content and applicable syllabus row,NeedsFactReview,9fc3ac79de33e665842bb40ca0b894d8f777161c6ce6f95b542dcb8cef6dd2ae
067,explanation-certificates-img-1,explanation-certificates,Raster image,Academic knowledge-point infographic explaining How a certificate supports trust through a cause-and-effect diagram.,A certificate contains an identity and its public key. A trusted authority digitally signs that binding. Software verifies the signature before trusting the presented key.,Lesson content and applicable syllabus row,NeedsFactReview,b29a3c1fd28dcb02be9db9b0bed2a571932104361ae6e6598993b00515ec23ce
067,explanation-compare-img-1,explanation-compare,Raster image,Academic knowledge-point infographic explaining How the required property chooses the method through a cause-and-effect diagram.,"First identify confidentiality, integrity, authentication or several needs. Choose the mechanism whose operation creates that property. Combine methods when the communication needs multiple properties.",Lesson content and applicable syllabus row,NeedsFactReview,e2c823b7a2a7e5f78801e9ad35050a0ce16f141401b1ead2bacfdd22eaf3c678
067,explanation-core-img-1,explanation-core,Raster image,Academic knowledge-point infographic explaining Why security methods cannot substitute through a cause-and-effect diagram.,Encryption hides readable content from unauthorised viewers. Hashing creates a comparison value for integrity checks. Certificates bind an identity to a public key through trust.,Lesson content and applicable syllabus row,NeedsFactReview,b3cd80dac93af7624a91902c0ccbe575bc13cc636e7ddc1d5ab112fbdd1d1600
067,explanation-encryption-img-1,explanation-encryption,Raster image,Academic knowledge-point infographic explaining How encryption protects confidentiality through a cause-and-effect diagram.,An algorithm combines plaintext with a key. The output is ciphertext that lacks readable meaning without the key. An authorised key reverses the transformation for the recipient.,Lesson content and applicable syllabus row,NeedsFactReview,ca4f365ddd58580619d23fa4a48ec02ffef2713782349d262daed3309cbcc1f9
067,explanation-hashing-img-1,explanation-hashing,Raster image,Academic knowledge-point infographic explaining Why a hash supports comparison through a cause-and-effect diagram.,A hash function maps input data to a fixed-length digest. A small input change should produce a substantially different digest. Matching digests provide evidence that the checked data is unchanged.,Lesson content and applicable syllabus row,NeedsFactReview,2869831762bc9ecf255095a2a9c352e8e450d8a0ee064ea1a92a12954fb0189a
067,explanation-https-img-1,explanation-https,Raster image,Academic knowledge-point infographic explaining How HTTPS combines trust and privacy through a cause-and-effect diagram.,The server presents its certificate and public-key information. The browser verifies the trust chain and agreed connection details. Both sides establish session keys for efficient encrypted transport.,Lesson content and applicable syllabus row,NeedsFactReview,16355a8bf0e4ee4ef84eb47d6a223b51820696d1451b5664bac3e9b19b4655d1
067,explanation-keys-img-1,explanation-keys,Raster image,Academic knowledge-point infographic explaining Why key ownership changes capability through a cause-and-effect diagram.,A symmetric key can both encrypt and decrypt shared data. An asymmetric key pair separates public and private operations. Protecting the private or shared secret preserves the security boundary.,Lesson content and applicable syllabus row,NeedsFactReview,f98dfc7c3245bcc6a345aab1d92573dd3f9e0eecf8ada1ba707961851d5122c6
068,explanation-core-img-1,explanation-core,Raster image,Academic knowledge-point infographic explaining Network controls sit between traffic and risk with a structured visual model.,"Traffic Data packets or requests moving across a network. Rule A condition that allows, blocks or logs traffic based on properties. Log A record of events, traffic, blocked attempts or user activity. Alert A warning generated when traffic or behaviour matches a suspicious pattern.",Lesson content and applicable syllabus row,NeedsFactReview,5464534f183a8bdf02674deb4214625f76593f2da53123b64259a1af2a6e441a
068,explanation-event-tool-img-1,explanation-event-tool,Raster image,Academic knowledge-point infographic explaining Which control is most relevant? with a structured visual model.,Interactive event classifier,Lesson content and applicable syllabus row,NeedsFactReview,0ebf1a75f0792315d70327663992198fcbaa9326522fbaa52f1c552c9930714f
068,explanation-firewall-img-1,explanation-firewall,Raster image,Academic knowledge-point infographic explaining Firewalls filter traffic using rules with a structured visual model.,"Purpose Control traffic entering or leaving a network/device. Checks Can inspect source/destination IP address, port number, protocol or connection state. Decision Allow, deny, reject or log traffic depending on rule match. Placement Can protect a network boundary or run on an individual host.",Lesson content and applicable syllabus row,NeedsFactReview,e73f5e72d4c1652a3c681837e7878a2df99c78db6b84ed166e779ddc43f90b26
068,explanation-limits-img-1,explanation-limits,Raster image,Academic knowledge-point infographic explaining Controls reduce risk but have limits with a structured visual model.,"Firewall limit Allowed traffic can still carry attacks, and rules may be misconfigured. Proxy limit Encrypted traffic and unmanaged devices can reduce visibility if not configured properly. Monitoring limit Alerts need review and response; too many false positives can be ignored. Layering Use with authentication, permissions, patching, encryption and user training.",Lesson content and applicable syllabus row,NeedsFactReview,c191b6d35d60bf41b21e0cb6a9136148fa38ac587271ff39bd9cb9cff0acb873
068,explanation-monitoring-img-1,explanation-monitoring,Raster image,Academic knowledge-point infographic explaining Network monitoring watches for patterns and evidence with a structured visual model.,"Traffic volume Unusual spikes may suggest DoS, malware activity or misconfiguration. Connection attempts Repeated failed access attempts may suggest probing or brute force activity. Alerts Monitoring systems can notify staff when thresholds or signatures are triggered. Investigation Logs help reconstruct what happened, when, and from where.",Lesson content and applicable syllabus row,NeedsFactReview,4436e6a250dfe9ab4353a078c00446471d90a3c1297cfc7e593d86e745cfdcd7
068,explanation-proxy-img-1,explanation-proxy,Raster image,Academic knowledge-point infographic explaining A proxy acts as an intermediary with a structured visual model.,"Forward requests Client sends request to proxy; proxy requests the resource from the destination. Filtering Can block sites, content types, categories or requests that break policy. Caching Can store copies of frequently requested resources to reduce bandwidth and latency. Logging Can record user requests for audit, investigation or policy enforcement.",Lesson content and applicable syllabus row,NeedsFactReview,16ab0d89a074d5981e59e8fade39d39f05f4c8bdc6a038fc7a8f826c10e4a7c5
068,explanation-rules-img-1,explanation-rules,Raster image,Academic knowledge-point infographic explaining Firewall rules should be specific and ordered with a structured visual model.,Allow HTTPS from internal users to internet Permit web traffic on port 443. Needed for secure website access. Block inbound unknown traffic Deny unsolicited external connections. Reduces unauthorised access attempts. Allow admin only from management subnet Restrict sensitive admin ports by source. Limits attack surface and misuse. Log repeated denied connections Record unusual or repeated blocked attempts. Supports monitoring and investigation.,Lesson content and applicable syllabus row,NeedsFactReview,14a2eb4bcb69759fdb2ec2b992b5a42f36ed5dbb45c0a99eb6bf22b75214b57a
069,explanation-checks-img-1,explanation-checks,Raster image,Academic knowledge-point infographic explaining Common validation checks with a structured visual model.,"The seven required validation methods are range, format, length, presence, existence, limit and check digit. A range check applies both a lower and an upper bound; a limit check applies one stated upper or lower limit. An existence check confirms that a value is present in a specified stored lookup or file. A check digit is calculated from the other digits and compared to detect many entry or scanning errors. Validation checks rules and reasonableness; it does not prove that data is true.",Lesson content and applicable syllabus row,NeedsFactReview,1065df42e41b02dfe581b91966279a16437e576f01a54fad680568214a555c2f
069,explanation-compare-img-1,explanation-compare,Raster image,"Academic knowledge-point infographic explaining Validation and verification are partners, not synonyms with a structured visual model.","Question answered Validation Does this data obey the rule? Reject mark 91 when maximum mark is 75. Verification Was this copied or entered correctly? Compare typed name with the paper form. Both together Does it follow rules, and does it match the source? Check date format, then compare with original application form.",Lesson content and applicable syllabus row,NeedsFactReview,7839242963d2b1e7d0a9b165816439a6293fe6efa2ba50a39c8bc671aab04d4d
069,explanation-core-img-1,explanation-core,Raster image,Academic knowledge-point infographic explaining Validation and verification protect data quality in different ways with a structured visual model.,"Validation Checks input data against rules before it is accepted. Verification Checks that data has been copied, entered or transferred accurately. Input error A mistake made while entering or transferring data. Data integrity Data remains accurate, consistent and not accidentally corrupted.",Lesson content and applicable syllabus row,NeedsFactReview,341d69069fef02f9109510e044476fdca5f61dfc674103c33b065df68db35f69
069,explanation-limits-img-1,explanation-limits,Raster image,Academic knowledge-point infographic explaining Neither method guarantees truth with a structured visual model.,"Validation limit A valid value can still be wrong, such as a valid but incorrect postcode. Verification limit Data can be copied accurately from a source that was already wrong. Human factor Visual checks can be skipped or performed carelessly. Security link Better input quality supports integrity but does not replace access control or backup.",Lesson content and applicable syllabus row,NeedsFactReview,f7ae1548a32ecde881c5276eefd8fe2a1cb65c5ed7bdf0482e1e932452841aaa
069,explanation-validation-img-1,explanation-validation,Raster image,Academic knowledge-point infographic explaining Validation checks whether data obeys a rule with a structured visual model.,"Before acceptance Invalid input can be rejected or a warning can be shown. Rule-based The rule may test type, range, length, format, presence or check digit. Benefit Reduces obvious errors and prevents unsuitable data entering the system. Limit Valid data can still be factually wrong, such as an incorrect but possible date.",Lesson content and applicable syllabus row,NeedsFactReview,97e8aec9f7c49193f2f4908283cdee919c9825d4cac6bcca28bc282df974a3c9
069,explanation-verification-img-1,explanation-verification,Raster image,Academic knowledge-point infographic explaining Verification checks accuracy against the source with a structured visual model.,"During data entry, visual checking compares entered data with its source and double entry compares two independently entered values. During transfer, a parity check on a byte tests the agreed odd or even parity; block parity applies parity across rows and columns of a data block. For a checksum, the sender calculates and transmits a value for the data block; the receiver recalculates and compares it. These methods detect many errors but do not prove truth or automatically correct every error. A validation check digit belongs to an identifier; a transfer checksum belongs to a transmitted data block.",Lesson content and applicable syllabus row,NeedsFactReview,d6dec7e5578b3153510a6a4fef0c6c76adda0b2b46331095bcb43add3d6e15a2
069,explanation-verify-tool-img-1,explanation-verify-tool,Raster image,Academic knowledge-point infographic explaining Which verification method fits? with a structured visual model.,Interactive verification selector Scenario,Lesson content and applicable syllabus row,NeedsFactReview,604b3af15eb340390f6efda06a3924cbcc3678e8dd3a823efb04c83a27337e20
070,explanation-audit-trails-img-1,explanation-audit-trails,Raster image,Academic knowledge-point infographic explaining Audit trails support accountability and investigation with a structured visual model.,"Who User ID, account, device or process involved. What Action such as login, read, edit, delete, approve or restore. When/where Timestamp, location, device or IP address. Use Trace errors, detect misuse, investigate incidents and prove compliance.",Lesson content and applicable syllabus row,NeedsFactReview,45f7bbb80715c3c827467c8dcd436bb93ad0959c0d2340186a61f850678c6dab
070,explanation-backups-img-1,explanation-backups,Raster image,"Academic knowledge-point infographic explaining Backup type affects speed, storage and recovery complexity with a structured visual model.","Full backup Copies all selected data. Simple to restore, but uses more time and storage. Incremental backup Copies only data changed since the last backup. Faster and smaller, but restore may need a chain. Differential idea Copies changes since last full backup. Useful comparison, though full/incremental is the main contrast here. Testing Backups must be tested by restoring sample data, not only by checking that a file exists.",Lesson content and applicable syllabus row,NeedsFactReview,1041e22a15db4909fe5b01a508886392a1218503748fd317657ac581680f4d93
070,explanation-compare-img-1,explanation-compare,Raster image,"Academic knowledge-point infographic explaining Compare by purpose, not by ""security word"" with a structured visual model.","Main purpose Limitation Restore data after deletion, corruption, hardware failure or ransomware. May be too old, corrupted, inaccessible or affected by same incident. Disaster recovery plan Restore systems and services in a planned order after major disruption. Needs testing, clear roles and updated documentation. Audit trail Record actions for accountability, investigation and evidence. Does not restore data by itself and must be protected from tampering.",Lesson content and applicable syllabus row,NeedsFactReview,033dd8753b30453bd6c506cd97debbdbcca74e25c6302b9c2e447e08bf131355
070,explanation-core-img-1,explanation-core,Raster image,"Academic knowledge-point infographic explaining Recovery planning is about availability, integrity and accountability with a structured visual model.","Backup A separate copy of data that can be used to restore the original after loss or corruption. Restore The process of recovering data or systems from a backup. Disaster recovery Planned actions to restore systems and services after a major incident. Audit trail A chronological record of actions, changes and access events.",Lesson content and applicable syllabus row,NeedsFactReview,7649ffea309dac6f11180a3c5f58d60b3622f5fc8bf7dd64072f4f17d9d7f18b
070,explanation-recovery-img-1,explanation-recovery,Raster image,Academic knowledge-point infographic explaining Disaster recovery is more than data copying with a structured visual model.,"1. Identify incident Detect failure, confirm scope and prevent further damage. 2. Communicate Notify staff/users and assign responsibilities. 3. Restore systems Recover data, applications, hardware/network access and configuration. 4. Test and review Check service works, document lessons and improve the plan. Useful exam language: RPO = how much data loss is acceptable; RTO = how quickly service must be restored.",Lesson content and applicable syllabus row,NeedsFactReview,998673fc5398b5ccace93f49e9f5703b716ed1752890222563f1db2aad2e37e2
070,explanation-rpo-tool-img-1,explanation-rpo-tool,Raster image,Academic knowledge-point infographic explaining Match backup frequency to acceptable data loss with a structured visual model.,Interactive recovery objective tool Maximum acceptable data loss,Lesson content and applicable syllabus row,NeedsFactReview,959ad333963f0b0988124f79f0f47d51f226b18c6bbe0e853bbe248b47044c6f
070,explanation-strategy-img-1,explanation-strategy,Raster image,"Academic knowledge-point infographic explaining A strategy defines location, frequency, retention and security with a structured visual model.","Onsite Fast to access, but vulnerable to the same fire, flood, theft or ransomware incident. Offsite Stored in a different physical location, reducing site-wide disaster risk. Cloud Remote provider storage; useful for offsite copies but needs network access and access control. Retention How long versions are kept, so accidental deletion or corruption can be rolled back.",Lesson content and applicable syllabus row,NeedsFactReview,3fb4a64ffec94b702e792edeaef632488434f0e0410bcf18f1225d01c5364a6b
071,explanation-compare-img-1,explanation-compare,Raster image,Academic knowledge-point infographic explaining Similar-looking controls: choose by mechanism with a structured visual model.,Difference Common error Validation vs verification Validation checks rule acceptability; verification checks accurate transfer/copying. A valid value can still be the wrong value. Authentication vs authorisation Authentication confirms identity; authorisation/access rights decide permitted actions. Logging in does not mean full access should be granted. Encryption vs hashing Encryption is reversible with a key; hashing is one-way and often used for password storage. Do not say hashed data can be decrypted. Backup vs audit trail,Lesson content and applicable syllabus row,NeedsFactReview,519807675f74955bdedff895de5910bb2c1afa04dfe3b7f3ef53a9cbdb341791
071,explanation-controls-img-1,explanation-controls,Raster image,Academic knowledge-point infographic explaining Controls have different jobs with a structured visual model.,"Verification checks that copied, entered or transferred data agrees with the source or repeated entry. Double entry and visual checking can reduce copying errors. Matching values may still be false, so verification does not guarantee accuracy or truth.",Lesson content and applicable syllabus row,NeedsFactReview,bd1c6e762d7955a5b3abc1c5a1361f002e192c1aa77faa84fb09b6e758db6279
071,explanation-diagnostic-img-1,explanation-diagnostic,Raster image,Academic knowledge-point infographic explaining Identify the risk family first with a structured visual model.,Interactive diagnostic Choose the broad risk family. Then compare the suggested control route.,Lesson content and applicable syllabus row,NeedsFactReview,85edfe665979e5c4a4f5a4211df454f6bd557c189295e5ab6cbcfdbe2945f31b
071,explanation-matcher-img-1,explanation-matcher,Raster image,Academic knowledge-point infographic explaining Select the best control for the scenario with a structured visual model.,Interactive risk matcher The best answer is the one whose mechanism directly addresses the named risk. Scenario,Lesson content and applicable syllabus row,NeedsFactReview,17223fc913bf3077b7a62730eae5578c8b7bd5b8f746f1948cbf90ca38ed8c4a
071,explanation-method-img-1,explanation-method,Raster image,Academic knowledge-point infographic explaining Use the four-part answer chain with a structured visual model.,"1. Name the risk Example: unauthorised users may view medical records. 2. Choose a control Example: role-based access levels and authentication. 3. Explain mechanism Example: only authenticated staff with the correct role can open the record. 4. Link consequence Example: this protects confidentiality and reduces privacy breaches. Answer frame: [Control] reduces [risk] because [mechanism]. In this scenario, this matters because [impact/consequence].",Lesson content and applicable syllabus row,NeedsFactReview,2dd2885033bee5dc37fd0c9dda49286ee661339c3f7f970a34a09c4569b38e54
071,explanation-review-map-img-1,explanation-review-map,Raster image,Academic knowledge-point infographic explaining Section 6 review map: risk families and likely controls with a structured visual model.,"Risk family Typical problem Useful controls Unauthorised access A user enters a system or data they should not access. Authentication, access levels, strong passwords, two-factor authentication. Disclosure Sensitive data is read or intercepted by an unauthorised party. Encryption in transit/at rest, access rights, staff training. Corruption / inaccurate data Data is changed incorrectly, accidentally or maliciously. Validation, verification, permissions, audit trails, backups.",Lesson content and applicable syllabus row,NeedsFactReview,e8ac403f439ea586d39efe249cb05c5314089d70cd7f979f65bf05b1fba7ab2a
072,explanation-ethics-img-1,explanation-ethics,Raster image,Academic knowledge-point infographic explaining Ethics is about responsible decision-making with a structured visual model.,"Ethics Principles about right and wrong behaviour, responsibility and fairness. Stakeholder A person or group affected by a decision, directly or indirectly. Responsibility The duty to consider consequences and act appropriately. Proportionality The response should be no more intrusive or harmful than needed for the aim.",Lesson content and applicable syllabus row,NeedsFactReview,0f1704821a45c18989c00d2cd362ecb03c0bd95fa9659c8ead7fe63a168bdb78
072,explanation-mapper-img-1,explanation-mapper,Raster image,"Academic knowledge-point infographic explaining Map a decision to stakeholders, benefits and concerns with a structured visual model.",Interactive stakeholder mapper Select a scenario and compare the ethical tension. The aim is not to memorise one answer; it is to see the pattern. Scenario,Lesson content and applicable syllabus row,NeedsFactReview,c2f89a351ba2c3af52aeecc93a8f9a458a3c6637aa5d996b53563d6c7d221b67
072,explanation-method-img-1,explanation-method,Raster image,Academic knowledge-point infographic explaining Use a balanced evaluation structure with a structured visual model.,"1. Context State the decision and the computing system involved. 2. For Explain a benefit for a named stakeholder, with scenario detail. 3. Against Explain a harm or right that may be affected. 4. Judgement Give a justified conclusion with conditions or safeguards. Answer frame: Although [benefit] helps [stakeholder], [harm] may affect [stakeholder]. Therefore, the decision is justified only if [condition/safeguard].",Lesson content and applicable syllabus row,NeedsFactReview,257dc392e8a1c34c59cffc1eac65aa25426f0a92328aee7da2f0b17451f55f4c
072,explanation-stakeholders-img-1,explanation-stakeholders,Raster image,Academic knowledge-point infographic explaining Ethical answers start with stakeholders with a structured visual model.,"Stakeholder Possible benefit Possible harm or concern Users / students / patients Better service, safety, convenience, personalisation. Loss of privacy, unfair treatment, pressure, exclusion. Organisation Efficiency, security, reduced cost, legal compliance. Reputation damage, misuse of data, over-collection. Wider society Public safety, accessibility, innovation. Surveillance culture, inequality, environmental impact.",Lesson content and applicable syllabus row,NeedsFactReview,c8e7c2fcdad618b55aee3e8442fec13b6a4d0a75a7aacfbb8ccba376ed908231
072,explanation-tradeoffs-img-1,explanation-tradeoffs,Raster image,"Academic knowledge-point infographic explaining Most ethical issues are trade-offs, not slogans with a structured visual model.","Privacy vs safety Monitoring may protect users, but can intrude into personal behaviour. Efficiency vs fairness Automation may save time, but may disadvantage some groups if data or rules are biased. Convenience vs consent Personalisation can help users, but data collection should be clear and justified. Innovation vs responsibility New systems can create benefits, but developers still need to consider harms.",Lesson content and applicable syllabus row,NeedsFactReview,1d6022134a2fe57df7c1c09fa5473b9d6dacfc05b1ac6f92d9f5c6b845274e84
073,explanation-checklist-img-1,explanation-checklist,Raster image,Academic knowledge-point infographic explaining Choose a weak policy and see what is missing with a structured visual model.,Interactive data protection checklist Weak policy,Lesson content and applicable syllabus row,NeedsFactReview,4254ec0c9bc1b852d7815aa9817f038b5bab4755b5b5db9e16c20cd3c0f892fc
073,explanation-method-img-1,explanation-method,Raster image,Academic knowledge-point infographic explaining Use a privacy impact answer structure with a structured visual model.,"1. Data Name the personal or sensitive data being collected. 2. Purpose Explain why the organisation claims it is needed. 3. Risk Describe misuse, over-collection, surveillance or unfair effect. 4. Safeguard Recommend a specific protection and link it to the risk. Answer frame: The system collects [data] for [purpose]. This may affect privacy because [risk]. A suitable safeguard is [control], which reduces the risk by [mechanism].",Lesson content and applicable syllabus row,NeedsFactReview,49103d6c68041fb441adbec785677e4b6b8a59c306cbb6acab27f52cc62a1022
073,explanation-principles-img-1,explanation-principles,Raster image,Academic knowledge-point infographic explaining Good answers link a principle to a concrete risk with a structured visual model.,Principle Plain English Scenario use Fair and lawful use Do not mislead users or use data in unexpected harmful ways. A health app should not secretly sell location patterns. Data minimisation Collect less when less is enough. A step counter may not need contacts or microphone access. Retention Do not keep personal data forever by default. CCTV footage should be deleted after a defined period unless needed.,Lesson content and applicable syllabus row,NeedsFactReview,83bc3d1e7e94ddf5413fb1679d93fe16859aeac78465185fbbb2d75892a2bd78
073,explanation-privacy-img-1,explanation-privacy,Raster image,Academic knowledge-point infographic explaining Privacy is control over personal information with a structured visual model.,"Privacy The ability to control how personal information is collected, used and shared. Personal data Data that can identify a person directly or indirectly. Sensitive data Data that could cause greater harm if misused, such as health, biometric or location data. Consent A clear agreement to a specific use of data, based on understandable information.",Lesson content and applicable syllabus row,NeedsFactReview,cb41ae9a148ec0af7bf26fd3f55eba5b3a815802eabb2b8ca7060ef3bc93ff0f
073,explanation-protection-img-1,explanation-protection,Raster image,Academic knowledge-point infographic explaining Data protection reduces misuse and unnecessary exposure with a structured visual model.,"Data minimisation Collect only what is necessary for the stated purpose. Purpose limitation Use data only for the purpose users were told about. Access control Limit who can view, edit or export personal data. Retention limit Delete data when it is no longer needed. Transparency Explain what data is collected, why and how it is used. Security Protect data using measures such as encryption, authentication and audit trails. Accuracy Keep personal data correct and allow errors to be corrected. Accountability Record and justify processing decisions so misuse can be investigated.",Lesson content and applicable syllabus row,NeedsFactReview,8b2eece3bbcdc68f63f972cc066f063216da76029aaff49dc09986395d0518fe
073,explanation-scanner-img-1,explanation-scanner,Raster image,Academic knowledge-point infographic explaining Find the privacy risk in a data collection scenario with a structured visual model.,"Interactive privacy scanner Select a scenario and compare data collected, risk and safeguard. Scenario",Lesson content and applicable syllabus row,NeedsFactReview,e71efe25c4b13a59e285dbcd0d011c5b131fc2578cb4ce725266c876c8594ba3
073,explanation-surveillance-img-1,explanation-surveillance,Raster image,"Academic knowledge-point infographic explaining Surveillance can protect people, but it changes behaviour and trust with a structured visual model.","Monitoring example Possible benefit Privacy concern CCTV with analytics Deter crime and support emergency response. May track people who have done nothing wrong. School device monitoring Detect unsafe websites, bullying or misuse. May record personal activity if scope is unclear. Workplace productivity tracking Identify workload issues and bottlenecks. May create pressure and reduce trust.",Lesson content and applicable syllabus row,NeedsFactReview,42719d3f9c7a60589864caa94d279b0202ed840a09b131c89c877074e3ab89e9
074,explanation-compare-img-1,explanation-compare,Raster image,Academic knowledge-point infographic explaining Do not confuse protection type with permission type with a structured visual model.,"Protects / controls Common misconception Copyright Original expression, including source code and media. Changing a few names does not automatically avoid infringement. An invention or technical process for a limited time. Not every software idea or algorithm is patentable. Permission to use protected work under conditions. A licence does not always transfer ownership. Ownership Legal control over rights to the work. Using software is not the same as owning its source code.",Lesson content and applicable syllabus row,NeedsFactReview,d5e49d4bbda8bbb5e9a67cbf7c8ab458f9693bae5aafa7d6c30b48baecda0d9f
074,explanation-copyright-img-1,explanation-copyright,Raster image,"Academic knowledge-point infographic explaining Copyright protects expression, including software code with a structured visual model.","Copyright Protects original expression such as source code, documentation, graphics or text. Automatic protection Copyright usually exists when the work is created; registration is not always needed for protection. Restricted acts Copying, distributing, adapting or using beyond permission can breach copyright. Fair use/dealing caution Exceptions are limited and context-specific; do not assume every educational use is allowed.",Lesson content and applicable syllabus row,NeedsFactReview,480d38379bd3c3cca26e4a1f9cc1d0d3d4d5962bad94915e6e5a2b17a6e1cc60
074,explanation-ip-img-1,explanation-ip,Raster image,Academic knowledge-point infographic explaining What intellectual property can protect with a structured visual model.,"Copyright protects qualifying expression, not an abstract idea by itself. Patents may protect qualifying inventions subject to legal requirements. Intellectual property can protect qualifying creations, expressions, designs and inventions; do not state that every idea is automatically protected.",Lesson content and applicable syllabus row,NeedsFactReview,3e7c5912b64ec6b355de0a4a7a21ab7e257b9c532136bfe3297ceb85c41db1c5
074,explanation-licensing-img-1,explanation-licensing,Raster image,Academic knowledge-point infographic explaining A licence grants permission under conditions with a structured visual model.,"Licence idea What it allows or limits Exam caution Proprietary licence Usually permits use under conditions but restricts copying, modification or redistribution. Paying for software usually buys permission to use, not ownership of the code. Open-source licence Allows source code access and certain rights to use, modify and share. Still has conditions such as attribution or sharing changes under the same licence. Creative Commons style Often used for media/text; may require attribution or block commercial use. Check exact terms; symbols are not decoration.",Lesson content and applicable syllabus row,NeedsFactReview,1ffb0da4eb79b817b8863201eb054f172caffb595ba671073521dac12e6a8782
074,explanation-matcher-img-1,explanation-matcher,Raster image,Academic knowledge-point infographic explaining Choose the likely permission issue with a structured visual model.,Interactive licence matcher Select a scenario and compare the relevant IP concept with the common error. Scenario,Lesson content and applicable syllabus row,NeedsFactReview,b65266f673659c1ccb062412e5f527120cc9319da166d32f28ef96a9b3544b1a
074,explanation-patents-img-1,explanation-patents,Raster image,"Academic knowledge-point infographic explaining Patents protect inventions, not every line of code with a structured visual model.","Patent A legal right protecting an invention for a limited time, often requiring novelty and inventive step. Invention A new technical solution, product or process; software patent rules vary by jurisdiction. Disclosure Patent applications normally require public description of the invention. Limitation Patents are expensive and time-limited; they do not protect all ideas or ordinary code automatically.",Lesson content and applicable syllabus row,NeedsFactReview,9282c4f145bb6bcffd0e7a2d41a1deb86dd54d993eca3b6bb038aa654dfb00eb
075,explanation-advisor-img-1,explanation-advisor,Raster image,Academic knowledge-point infographic explaining Match the software type to the scenario with a structured visual model.,Interactive software choice advisor Select a scenario and compare the recommendation with its trade-off. Scenario,Lesson content and applicable syllabus row,NeedsFactReview,4d4c9cadd26c07e7f7d0bde1fa6a51b8d8999afcccf86c3ef980a087e58306ca
075,explanation-method-img-1,explanation-method,Raster image,Academic knowledge-point infographic explaining Use a scenario-based comparison structure with a structured visual model.,"1. Need Identify the user's priority: cost, support, control, reliability, security or compatibility. 2. Open source point Explain one benefit or risk linked to that priority. 3. Proprietary point Explain a contrasting benefit or risk. 4. Judgement Recommend one option with conditions and trade-offs. Answer frame: For [scenario], [option] may be suitable because [factor]. However, [trade-off]. Therefore, the best choice depends on [condition/evidence].",Lesson content and applicable syllabus row,NeedsFactReview,fde8573f1140f7fdd6cb9a8778eee2140bffcbd71f5faf9d38cf17c5eae6e358
075,explanation-open-source-img-1,explanation-open-source,Raster image,Academic knowledge-point infographic explaining Open-source software makes source code available under a licence with a structured visual model.,"Source code available Users can inspect the program code rather than only using compiled software. Modify Licence may allow users to adapt the code for their own needs. Redistribute Licence may allow sharing original or modified versions under conditions. Community Development and support may come from volunteers, companies or mixed communities.",Lesson content and applicable syllabus row,NeedsFactReview,cffdcae0990ee5cd35c94f6c531e4a158e3724f825d929b06b90ee537698b53d
075,explanation-ownership-img-1,explanation-ownership,Raster image,Academic knowledge-point infographic explaining Ownership and licence obligations still matter with a structured visual model.,Copyright remains Open-source software is still protected; the licence grants permissions. Attribution Some licences require credit or notices to be kept. Share-alike Some licences require modified versions to be shared under similar terms. Compliance Organisations must track third-party components and meet licence conditions.,Lesson content and applicable syllabus row,NeedsFactReview,beb23c5429447caa167f02cab7145eb40291409da1a2b180cef0b150aadc1ada
075,explanation-proprietary-img-1,explanation-proprietary,Raster image,Academic knowledge-point infographic explaining Proprietary software keeps control with the owner with a structured visual model.,"Closed source Source code is usually not available to users. Restricted rights Licences often restrict copying, modification and redistribution. Vendor support Users may receive official updates, warranties, help desk or service agreements. Vendor lock-in Users may depend on one supplier, format, subscription or ecosystem.",Lesson content and applicable syllabus row,NeedsFactReview,59324f3cf2119b87fde503a21a2f6adb1785b1f95cc0b4ccfaa055c52906d906
075,explanation-tradeoffs-img-1,explanation-tradeoffs,Raster image,"Academic knowledge-point infographic explaining Compare by factor, not by favourite label with a structured visual model.","Open source may offer Proprietary may offer Low or no licence fee, but support and training can still cost money. Licence/subscription cost, but bundled support may reduce operational risk. More ability to inspect, modify and adapt code. Less control over internals; vendor controls source and roadmap. Security Code can be reviewed publicly, but someone must apply updates and assess trust. Vendor may provide tested updates, but users must trust closed code and vendor response. Community help or paid third-party support may vary. Official support agreements may be clearer for organisations.",Lesson content and applicable syllabus row,NeedsFactReview,e80e76cdeb56dc2fd656a054acb07b895a2be2641c7b4e1368ffe7ae9f16784d
076,explanation-analyser-img-1,explanation-analyser,Raster image,Academic knowledge-point infographic explaining Classify the impact and choose a mitigation with a structured visual model.,"Interactive impact analyser Select a scenario and compare the positive impact, negative impact and mitigation. Scenario",Lesson content and applicable syllabus row,NeedsFactReview,acfcd69cc711cb361954b0c840525f1ccf5e4a2d589629aa98684d45e73fd707
076,explanation-digital-divide-img-1,explanation-digital-divide,Raster image,"Academic knowledge-point infographic explaining The digital divide is about access, skills and inclusion with a structured visual model.",Device access Some users cannot afford suitable hardware. Connectivity Reliable high-speed internet is not equally available. Digital skills Users may lack confidence or training to use online systems. Accessibility Systems should support users with disabilities or different needs.,Lesson content and applicable syllabus row,NeedsFactReview,7fc9d9f491882071434c12da118b687e44a9327372af17e24c40e01fcaa5ef1c
076,explanation-environment-img-1,explanation-environment,Raster image,Academic knowledge-point infographic explaining Environmental impacts include energy use and resource consumption with a structured visual model.,"Energy use Devices, networks and data centres consume electricity during operation. Carbon emissions Emissions depend on electricity source, device manufacture and transport. Resource extraction Manufacturing hardware requires metals, rare materials, water and energy. Lifespan Short upgrade cycles increase manufacturing and disposal impact.",Lesson content and applicable syllabus row,NeedsFactReview,7c7b8fb5eec28e096a167e6947fb948e826b5c8bc58e2cd28bdb3c42affada39
076,explanation-ewaste-img-1,explanation-ewaste,Raster image,"Academic knowledge-point infographic explaining E-waste is an ethical issue, not just a rubbish-bin issue with a structured visual model.","E-waste Discarded electronic devices and components. Toxic materials Some components contain harmful substances that can pollute soil or water if mishandled. Recycling Responsible recycling can recover materials and reduce landfill, but must be managed safely. Reuse and repair Extending device life reduces demand for new manufacturing.",Lesson content and applicable syllabus row,NeedsFactReview,11bda4472d4e7b3abd1d61c6edcabfab7ab3a73ea08e46cebd35b7c3681df2b3
076,explanation-method-img-1,explanation-method,Raster image,Academic knowledge-point infographic explaining Use a balanced impact structure with a structured visual model.,"1. Change Name the computing change, such as automation or online services. 2. Benefit Explain a positive impact for a named stakeholder. 3. Harm Explain a negative impact with a realistic consequence. 4. Mitigation Suggest a practical way to reduce harm. Answer frame: [Technology] benefits [stakeholder] because [reason]. However, it may harm [stakeholder] by [consequence]. This can be reduced by [mitigation].",Lesson content and applicable syllabus row,NeedsFactReview,dd35ac93d57a893e1f0d5fb413d1c96ae07d934d4b9f5dda3fe566e5b75fb76e
076,explanation-social-img-1,explanation-social,Raster image,"Academic knowledge-point infographic explaining Social impacts affect work, communication and daily life with a structured visual model.","Computing change Possible benefit Possible harm Remote work Less commuting, flexible work, access to wider jobs. Isolation, blurred work-life boundaries, unequal home access. Automation Efficiency, safer handling of dangerous or repetitive tasks. Job displacement, need for retraining, deskilling. Online services Access to education, banking, healthcare and communication. Excludes users without devices, internet, skills or accessible design.",Lesson content and applicable syllabus row,NeedsFactReview,44b566b3a1c9e8e2a8a30ae470bac8c4ea791cbbd7a75e6e55e34526fb9e6874
077,explanation-compare-img-1,explanation-compare,Raster image,Academic knowledge-point infographic explaining Common contrasts that stop vague answers with a structured visual model.,Contrast Difference Common error Privacy vs security Privacy concerns control of personal data; security protects systems/data from threats. Encryption alone does not answer every privacy ethics question. Copyright vs licence Copyright protects the work; a licence grants permission under conditions. Free to access does not mean free to reuse. Open source vs no owner Open source gives code access and permissions; copyright and licence terms still apply. Do not say open source has no copyright.,Lesson content and applicable syllabus row,NeedsFactReview,1c595eb94bb95d8ca89a865f5300d117f19e3627d8ee7cda269f21d6fb23bc67
077,explanation-map-img-1,explanation-map,Raster image,Academic knowledge-point infographic explaining Section 7 topic map with a structured visual model.,"Trigger words Useful answer focus Ethical decisions stakeholders, consent, fairness, responsibility, proportionality benefits, harms, rights, responsibilities and justified judgement Privacy/data protection personal data, monitoring, surveillance, retention, access, consent data collected, purpose, risk, safeguard and transparency IP/licensing copyright, patent, licence, ownership, attribution, infringement what is protected, who owns it, permission and consequences Software ownership",Lesson content and applicable syllabus row,NeedsFactReview,55dc84f8e184a552cf5124291d61654ecd7afcd7c6676b17d39901db6d345fbe
077,explanation-marking-img-1,explanation-marking,Raster image,Academic knowledge-point infographic explaining What Cambridge-style marking usually rewards with a structured visual model.,"Precise term privacy, copyright, e-waste, digital divide, open source, stakeholder. Scenario link Explain how the issue affects the school, company, user or worker in the question. Consequence Say what happens: exclusion, legal risk, privacy loss, job displacement, reduced emissions. Balance Include both benefit and concern before final judgement in evaluate/discuss questions.",Lesson content and applicable syllabus row,NeedsFactReview,6145ae6cce6b1f1c7acc1ca6a486a4fa949b22f494d903c6f60bb1a3f70062ed
077,explanation-structure-img-1,explanation-structure,Raster image,Academic knowledge-point infographic explaining The five-part evaluation answer with a structured visual model.,"1. Context Use the actual scenario, not a memorised opening sentence. 2. Benefit Explain one advantage for a named stakeholder. 3. Concern Explain one risk, harm or right that may be affected. 4. Safeguard Suggest a condition, limit, policy or technical measure. 5. Judgement Reach a supported conclusion using ""if"", ""provided that"" or ""unless"". Answer frame: Although [benefit] helps [stakeholder], [concern] may harm [stakeholder]. Therefore, [decision] is justified only if [condition/safeguard].",Lesson content and applicable syllabus row,NeedsFactReview,bdc6062c6bf16eefe8c5ea0ac75d712cc42a7179814894ac43d64c4f08617ae0
078,explanation-data-info-img-1,explanation-data-info,Raster image,Academic knowledge-point infographic explaining Data vs information with a structured visual model.,"Data is raw facts and values. Information is data that has been processed, organised or interpreted so it has meaning. Raw data BookID=B144 , DueDate=2026-06-20 , Returned=FALSE Processing compare due date, filter not returned, group by student Information ""Amira has two overdue books and needs a reminder."" Loan dates, student IDs, book IDs Which students have overdue loans Temperatures, appointment times, patient IDs Patients needing urgent triage Online shop",Lesson content and applicable syllabus row,NeedsFactReview,89a8105a872bd0e311fde369d1b3937b7f900978f8681a8a1355e4a358c1ba60
078,explanation-database-img-1,explanation-database,Raster image,Academic knowledge-point infographic explaining What is a database? with a structured visual model.,"A database is an organised collection of related data that can be stored, retrieved and updated. Organised Data is arranged using defined structures, not random notes in one giant document. Related Records are connected by a shared context, such as students, books and loans. Retrievable Users can search, filter and query the data to produce information. Maintainable Data can be updated while rules help reduce invalid or inconsistent values. StudentID | Name | Form S0234 | Amira Chen | 12A S0318 | Leo Singh | 12B linked by ID LoanID | StudentID | BookID | Returned L9001 | S0234 | B144 | FALSE L9002 | S0318 | B102 | TRUE",Lesson content and applicable syllabus row,NeedsFactReview,27f65292500206d5a5dc06eed75cf0c6d3d8c0db75af6ad7073fa1eef3eb6f70
078,explanation-dbms-img-1,explanation-dbms,Raster image,Academic knowledge-point infographic explaining What does a DBMS provide? with a structured visual model.,"A DBMS is software used to create, manage and control access to a database. It sits between users/applications and stored data. Data management stores, organises, retrieves and updates data; maintains metadata in a data dictionary. Data modelling helps define entities, tables, fields and the logical schema of the database. Data integrity enforces rules so values are valid and relationships remain consistent. Data security uses access rights for individuals or groups; supports backup and recovery procedures. Developer interface provides tools for creating structures, forms, reports or database applications. Query processor interprets and carries out queries so users can retrieve or change data. Exam sentence: The DBMS manages the database by controlling data definition, access, integrity, security and queries; the database is the organised data itself.",Lesson content and applicable syllabus row,NeedsFactReview,e32943ac5fc42d9d73a3410f09e1422cce4116abd04391fd483a42a4eaa69bf0
078,explanation-scenario-img-1,explanation-scenario,Raster image,Academic knowledge-point infographic explaining Which DBMS feature solves the problem? with a structured visual model.,"Interactive DBMS selector Choose a problem, then select the DBMS feature. The answer should name a feature and explain its purpose.",Lesson content and applicable syllabus row,NeedsFactReview,64fb44ea8eb33f9f9aad305bd529c99fc263f0332ac88a20ff318572704dc0c3
078,explanation-sorter-img-1,explanation-sorter,Raster image,"Academic knowledge-point infographic explaining Is it data, information, database, or DBMS? with a structured visual model.","Interactive concept sorter Scenario item Choose an item, then classify it. Reasoning will appear here.",Lesson content and applicable syllabus row,NeedsFactReview,02e52cdff770c316552a347f4a8dd2e31c921e7d38caa4a278df801964c46b5e
078,explanation-terms-img-1,explanation-terms,Raster image,Academic knowledge-point infographic explaining Core relational words for this lesson with a structured visual model.,"This is the vocabulary doorway. Later lessons will go deeper into keys, relationships, E-R diagrams, normalisation and SQL. A thing about which data is stored Student, Book, Loan A set of records about one entity Student table Record / tuple One row in a table S0234, Amira Chen, 12A Field / attribute One column or property StudentID, Name, Form",Lesson content and applicable syllabus row,NeedsFactReview,c1219017aed02a957a161637c2d6317c4e83be1e1b8cb63e1a8aaf4b8a05969c
079,explanation-anomalies-img-1,explanation-anomalies,Raster image,Academic knowledge-point infographic explaining Why repeated data causes anomalies with a structured visual model.,"An anomaly is a problem caused when data is inserted, updated or deleted in a structure that stores repeated facts poorly. Update anomaly A parent email is changed in one row but not in another, so the same member has two different emails. Insertion anomaly A new member cannot be recorded until they join a session, because member details only exist in lesson rows. Deletion anomaly Deleting a cancelled session row may accidentally delete the only copy of a member's contact details.",Lesson content and applicable syllabus row,NeedsFactReview,9b37f907619d5b12831999f3cfb9a48fb5e819eddd1ee0886ca88ea808869ffe
079,explanation-compare-img-1,explanation-compare,Raster image,Academic knowledge-point infographic explaining Flat-file vs relational comparison with a structured visual model.,Flat-file Relational Structure Single table Multiple linked tables Redundancy More likely because related details are repeated Reduced because shared data can be stored once Consistency Harder to maintain if repeated values are updated differently Improved because updates can be made in one relevant table Complexity,Lesson content and applicable syllabus row,NeedsFactReview,391dbb33d3054ebe9645ae399efc2946754e35ea7cf3cdbffb7fd242803c772a
079,explanation-flat-img-1,explanation-flat,Raster image,Academic knowledge-point infographic explaining Flat-file database with a structured visual model.,"A flat-file database stores data in a single table. It is simple, but related data may be repeated in many records. MemberID ParentEmail Amira Chen lee@example.com Robotics Leo Singh patel@example.com",Lesson content and applicable syllabus row,NeedsFactReview,7f0d416ac16196f9f7a88127353cda8ddca96b00d53307c881919ab815b77c8a
079,explanation-relational-img-1,explanation-relational,Raster image,Academic knowledge-point infographic explaining Relational database with a structured visual model.,"A relational database stores data in multiple tables that are linked using shared fields. Shared facts can be stored once and referenced where needed. MemberID | Name | ParentEmail M104 | Amira Chen | lee@example.com M211 | Leo Singh | patel@example.com linked by MemberID Enrolment EnrolID | MemberID | Session | FeePaid E501 | M104 | Python | TRUE E502 | M104 | Robotics | FALSE Exam sentence: A relational database reduces redundancy by separating related data into linked tables, so a fact such as a parent email is stored once instead of repeated in every lesson record.",Lesson content and applicable syllabus row,NeedsFactReview,6d4f74a5c9eeba8504cbab1c9025024523e66ce85c6a46bdd169d743f43d5c7b
079,overview-div-1,overview,HTML/CSS,Flat-file and relational visual,Flat-file and relational visual,Lesson content and applicable syllabus row,NeedsFactReview,d13b51617e440a5a5e48d3b71ca65ad7c1559da7a531d92d9e20beab327a09b1
080,explanation-checkpoint-img-1,explanation-checkpoint,Raster image,Academic knowledge-point infographic explaining Section 8 basics so far with a structured visual model.,"Monthly checkpoint This checkpoint connects Lessons 078-080 without becoming a full exam. 1. Define data, information, database, DBMS, flat-file, relational database. 2. Compare one-table repeated data vs linked tables with reduced redundancy. 3. Design choose data types and constraints for five fields in a small scenario.",Lesson content and applicable syllabus row,NeedsFactReview,6c68d86c5cefe0ed7a5d0679caa1d985361ebff1c7fb05b7241bd4803b0237e3
080,explanation-constraint-tool-img-1,explanation-constraint-tool,Raster image,Academic knowledge-point infographic explaining Which rule rejects the bad value? with a structured visual model.,Interactive constraint checker Bad value Choose a bad value to identify the check. Name the rule and explain what it prevents.,Lesson content and applicable syllabus row,NeedsFactReview,1be161c05093d3a1ee1253871c27c1f698f557fbfcd6e02b1e7231bf75771e78
080,explanation-constraints-img-1,explanation-constraints,Raster image,Academic knowledge-point infographic explaining Constraints and validation rules with a structured visual model.,"A constraint limits accepted values to help maintain data integrity. It does not prove the data is true; it helps reject impossible or invalid data. Presence check Value must not be blank. Example: Name is required. Range check Value must be within limits. Example: Mark is 0 to 100. Type check Value must match the data type. Example: Quantity must be Integer. Length check Value must have a permitted length. Example: StudentID has 5 characters. Format check Value must match a pattern. Example: postcode or email pattern. Lookup check Value must be from an allowed list. Example: Grade is A, B, C, D, E or U. Exam sentence: A constraint improves data integrity by preventing values that do not meet a rule, such as rejecting a mark outside 0 to 100.",Lesson content and applicable syllabus row,NeedsFactReview,239b58c6c83d63671760b69fe421e8938b3b88d78b418dc99123d3f37085e2af
080,explanation-fields-img-1,explanation-fields,Raster image,Academic knowledge-point infographic explaining Designing fields properly with a structured visual model.,"Each field should have a name, data type, possible field size and constraints. Good design reduces invalid data at entry. Field name Clear and specific: DateOfBirth , not date . Data type Controls the kind of data: text, integer, real, date/time, Boolean. Field size Maximum storage length where relevant, such as 8 characters for StudentID. Constraint A rule that a value must satisfy before it is accepted.",Lesson content and applicable syllabus row,NeedsFactReview,e06729f6a3258c449ef9e0658fdacfee88bae247bf518f806d55b6139b0ad446
080,explanation-terms-img-1,explanation-terms,Raster image,"Academic knowledge-point infographic explaining Tables, records and fields with a structured visual model.","A table stores records about one entity. A record is one complete row. A field is one column or attribute. A collection of records for one entity Student table Record / tuple One complete row in a table S0234, Amira Chen, 2009-04-18, TRUE Field / attribute One column or property stored for each record StudentID, Name, DateOfBirth, FeePaid One item of data in a field for a record TRUE in the FeePaid field",Lesson content and applicable syllabus row,NeedsFactReview,5ae2f9af768e1866edc516de6ad2642b982b52ce4560b0649a1e5d5e4060773f
080,explanation-type-tool-img-1,explanation-type-tool,Raster image,Academic knowledge-point infographic explaining Choose the best data type with a structured visual model.,"Interactive data type chooser Choose a field, then decide the data type. The best answer depends on how the value is used, not how numeric it looks.",Lesson content and applicable syllabus row,NeedsFactReview,3a204973f124fefc5e549c31c805f13ea3429ffd6816e45a67cb3cfefa371c7f
080,explanation-types-img-1,explanation-types,Raster image,Academic knowledge-point infographic explaining Common database data types with a structured visual model.,"Data type Use when Text / string The value may contain letters, spaces, symbols or leading zeroes PhoneNumber = ""02071234567"" Whole number used for counting or arithmetic Quantity = 24 Real / decimal Number may include fractional part MassKg = 62.5 Only two logical states are needed FeePaid = TRUE",Lesson content and applicable syllabus row,NeedsFactReview,f1c13fdb327cd06b3c846bbdd8dc977c7c8810a00527c41656d14d299cd1b619
080,overview-div-1,overview,HTML/CSS,Annotated table visual,Annotated table visual,Lesson content and applicable syllabus row,NeedsFactReview,0ba0bfcadb3f53098788ae2bd47824bc648dec7c25acf03b1f01c334bc47d093
080,overview-div-2,overview,HTML/CSS,"A table is not just boxes. It is boxes with rules, otherwise the data starts doing parkour.","Define exact facts for manual review of A table is not just boxes. It is boxes with rules, otherwise the data starts doing parkour..",Lesson content and applicable syllabus row,NeedsFactReview,e26adf21719a50e3540fcf9f0d7ecae8e5e3ed14a9c9a2f6541fa181d3c90488
080,overview-div-3,overview,HTML/CSS,"A table is not just boxes. It is boxes with rules, otherwise the data starts doing parkour.","Define exact facts for manual review of A table is not just boxes. It is boxes with rules, otherwise the data starts doing parkour..",Lesson content and applicable syllabus row,NeedsFactReview,e107bc9cab13432abcde0db2676832d7e3c60a7eb4462b47ae3d2ae8af086ac2
080,overview-div-4,overview,HTML/CSS,"A table is not just boxes. It is boxes with rules, otherwise the data starts doing parkour.","Define exact facts for manual review of A table is not just boxes. It is boxes with rules, otherwise the data starts doing parkour..",Lesson content and applicable syllabus row,NeedsFactReview,e107bc9cab13432abcde0db2676832d7e3c60a7eb4462b47ae3d2ae8af086ac2
081,explanation-foreign-img-1,explanation-foreign,Raster image,Academic knowledge-point infographic explaining Foreign keys link tables with a structured visual model.,"A foreign key is a field in one table that references the primary key in another table. It creates a link between related records. StudentID | Name S0234 | Alex Chen S0318 | Maya Patel StudentID links tables LoanID | StudentID | BookID L9001 | S0234 | B144 L9002 | S0234 | B102 Exam sentence: StudentID is a primary key in Student and a foreign key in Loan , linking each loan to the student who borrowed the book.",Lesson content and applicable syllabus row,NeedsFactReview,7fde6a9aff410da064ed4f090f9ffbbd96fcc4a089650ddbc2e2c8c6a3eebd71
081,explanation-key-picker-img-1,explanation-key-picker,Raster image,Academic knowledge-point infographic explaining Choose the best primary key with a structured visual model.,"Interactive key picker Choose a table to identify the strongest primary key. A good primary key is unique, not null and stable.",Lesson content and applicable syllabus row,NeedsFactReview,1e0a0984fbfdb3dab28e2d4de55f68b67c3751c342d210d2c0f49b146ea91fdc
081,explanation-primary-img-1,explanation-primary,Raster image,Academic knowledge-point infographic explaining Primary keys uniquely identify records with a structured visual model.,"A primary key uniquely identifies each row and cannot be null. Candidate keys are minimal sets of attributes that can uniquely identify a row. Stability is a desirable design property when choosing a primary key, not a formal defining constraint of every primary key.",Lesson content and applicable syllabus row,NeedsFactReview,8b568a7350719cc6f1a2f1758850caf054935a5941958ab199db0f838d65e579
081,explanation-referential-img-1,explanation-referential,Raster image,Academic knowledge-point infographic explaining Referential integrity with a structured visual model.,"Referential integrity means a foreign key value must match an existing primary key value in the referenced table. Valid Loan.StudentID = S0234 is valid if Student.StudentID = S0234 exists. Invalid Loan.StudentID = S9999 is invalid if no student with that ID exists. Why It prevents orphan records, such as a loan assigned to a non-existent student.",Lesson content and applicable syllabus row,NeedsFactReview,9e7fc62da9bf8ede649e170341415c763dd70b7997f2c5e20bd8dd00c4bc8b52
081,explanation-relationship-tool-img-1,explanation-relationship-tool,Raster image,Academic knowledge-point infographic explaining Classify the relationship with a structured visual model.,"Interactive relationship classifier Scenario Choose a scenario to classify the relationship. Use one-to-one, one-to-many or many-to-many with a scenario reason.",Lesson content and applicable syllabus row,NeedsFactReview,3828906ccdda82dbfcda46164bf35533504d42d47a45a03dee3d9d6733a80dae
081,explanation-relationships-img-1,explanation-relationships,Raster image,Academic knowledge-point infographic explaining Relationships describe how records connect with a structured visual model.,A relationship describes how records in one table are associated with records in another table. One-to-one One record in A relates to one record in B. Example: person and passport in a simplified system. One-to-many One record in A relates to many records in B. Example: one student can have many loans. Many-to-many Many records in A relate to many in B. Often resolved using a linking table. Example: students and clubs.,Lesson content and applicable syllabus row,NeedsFactReview,d21340ab3b43fba11f5a942352743ed93dee49e6d726d5e4011ab85cbd7dfabc
081,overview-div-1,overview,HTML/CSS,Key relationship visual,Key relationship visual,Lesson content and applicable syllabus row,NeedsFactReview,aae694284f03a205044598deddac786b0c489be3be067c62bb00772d16f04ee4
081,relationships-div-1,relationships,HTML/CSS,Relationships describe how records connect,Define exact facts for manual review of Relationships describe how records connect.,Lesson content and applicable syllabus row,NeedsFactReview,37054d961497c05b6b9849110acf87070f3da4f6f1d2f5ed3f398c8fb33c01e8
082,cardinality-div-1,cardinality,HTML/CSS,Cardinality describes how many records may be linked,Define exact facts for manual review of Cardinality describes how many records may be linked.,Lesson content and applicable syllabus row,NeedsFactReview,d7c4325fd8c131ede3bbcbe0bd8945f8fb78a55a038150a141342226f563e5df
082,cardinality-div-2,cardinality,HTML/CSS,Cardinality describes how many records may be linked,Define exact facts for manual review of Cardinality describes how many records may be linked.,Lesson content and applicable syllabus row,NeedsFactReview,eafbf60f61ba1d2aed5162df1ecf6ac947d4582fe9546b090e4596ccd71f7577
082,cardinality-div-3,cardinality,HTML/CSS,Cardinality describes how many records may be linked,Define exact facts for manual review of Cardinality describes how many records may be linked.,Lesson content and applicable syllabus row,NeedsFactReview,b56489901ae8791f1a03af39cd8ae1d64cea601fb7be97d87bb8069e84ee88a1
082,cardinality-div-4,cardinality,HTML/CSS,Cardinality describes how many records may be linked,Define exact facts for manual review of Cardinality describes how many records may be linked.,Lesson content and applicable syllabus row,NeedsFactReview,eafbf60f61ba1d2aed5162df1ecf6ac947d4582fe9546b090e4596ccd71f7577
082,explanation-attributes-img-1,explanation-attributes,Raster image,Academic knowledge-point infographic explaining Attributes describe an entity with a structured visual model.,"An attribute is a property stored about an entity. It often becomes a field in the table for that entity. Possible attributes Not usually an attribute here StudentID, Name, DateOfBirth, TutorGroup BookTitle, LoanDate BookID, ISBN, Title, Author StudentName, ReturnDate LoanID, StudentID, BookID, DateBorrowed, DateReturned StudentDateOfBirth, BookAuthor if already stored in Book",Lesson content and applicable syllabus row,NeedsFactReview,8719079ee35322eba0c78bc8a888ff529140be32f3f66359cd8a3817e6e58dd3
082,explanation-cardinality-img-1,explanation-cardinality,Raster image,Academic knowledge-point infographic explaining Cardinality describes how many records may be linked with a structured visual model.,Cardinality states how many records in one entity can be associated with records in another entity. One-to-one One record in A links to one record in B. Example: one person has one passport in a simplified model. One-to-many One record in A links to many records in B. Example: one customer can place many orders. Many-to-many Many records in A link to many records in B. Usually resolved by a linking entity. 1 -> many,Lesson content and applicable syllabus row,NeedsFactReview,3497167405e9720459c617bb417da4cfaf67518654c111489bd923dab77104d7
082,explanation-entities-img-1,explanation-entities,Raster image,Academic knowledge-point infographic explaining Entities are things the database stores data about with a structured visual model.,"An entity is a person, object, event or concept about which data is stored. In a relational design, an entity often becomes a table. Person Student, Customer, Doctor, Teacher. Object Book, Product, Vehicle, Equipment. Event Loan, Appointment, Order, Booking. Concept Course, Club, Department, Module. Exam wording: say why it is an entity. ""Student is an entity because the system stores multiple facts about each student.""",Lesson content and applicable syllabus row,NeedsFactReview,74b68bf158e6679cdfa2d6a662cb3384523cf497d687191f51cae7cd8e3ecaab
082,explanation-parser-img-1,explanation-parser,Raster image,Academic knowledge-point infographic explaining Identify entities and attributes with a structured visual model.,Interactive scenario parser Scenario Choose a scenario to identify likely entities. The answer will separate entities from attributes and relationship events.,Lesson content and applicable syllabus row,NeedsFactReview,1def558aa375f13d5a52d2e2095f3b11940c87e86341c0cdcda1907b0e2dc96c
082,explanation-participation-img-1,explanation-participation,Raster image,Academic knowledge-point infographic explaining Optional and mandatory participation with a structured visual model.,"Participation describes whether a record must be linked. This is often written using minimum and maximum values such as 0..* or 1..1. 0..* Optional many: a student may have no loans, or many loans. 1..* Mandatory many: an order must have at least one order line. 0..1 Optional one: a member may have zero or one parking permit. 1..1 Mandatory one: each loan must refer to exactly one student.",Lesson content and applicable syllabus row,NeedsFactReview,29f8ace0164823fbf349fd556c326a8fa3a449a056215c14fb96ee395481264d
082,overview-div-1,overview,HTML/CSS,Entity relationship visual,Entity relationship visual,Lesson content and applicable syllabus row,NeedsFactReview,e714afe35b9f598e969a5d8b7658d63edd5bba334cb3a4549588a7d6153322ba
082,overview-div-2,overview,HTML/CSS,An ER model is a map before the database is built. Tables without a map are just furniture in the dark.,Define exact facts for manual review of An ER model is a map before the database is built. Tables without a map are just furniture in the dark..,Lesson content and applicable syllabus row,NeedsFactReview,56c55ae1bd31a6a899752e374c567fd97251788bcf814e10f3636244e8887e68
082,overview-div-3,overview,HTML/CSS,An ER model is a map before the database is built. Tables without a map are just furniture in the dark.,Define exact facts for manual review of An ER model is a map before the database is built. Tables without a map are just furniture in the dark..,Lesson content and applicable syllabus row,NeedsFactReview,56c55ae1bd31a6a899752e374c567fd97251788bcf814e10f3636244e8887e68
083,explanation-anomalies-img-1,explanation-anomalies,Raster image,Academic knowledge-point infographic explaining Why one structure causes three anomalies through a cause-and-effect diagram.,Insertion may require an unrelated fact that is not yet known. Updating requires finding every repeated copy. Deleting one event may accidentally remove the only descriptive fact.,Lesson content and applicable syllabus row,NeedsFactReview,4cc111c2f7c28b20f2c8dfef408bd2cc0e05611d23f098f8899d229ab91dee51
083,explanation-normal-forms-img-1,explanation-normal-forms,Raster image,Academic knowledge-point infographic explaining How normal forms remove dependency problems through a cause-and-effect diagram.,"First Normal Form (1NF) requires atomic values and no repeating groups. Second Normal Form (2NF) is in 1NF and removes partial dependency: each non-key attribute depends on the whole primary key. Third Normal Form (3NF) is in 2NF and removes transitive dependency: a non-key attribute must not depend on another non-key attribute. A valid decomposition retains every original fact, preserves keys and relationships, and follows the stated functional dependencies.",Lesson content and applicable syllabus row,NeedsFactReview,8fd7fce656113dd1a3f35f670189b4bc51647fccb3d38e9b10a527b175960489
083,explanation-purpose-img-1,explanation-purpose,Raster image,Academic knowledge-point infographic explaining Why normalisation protects consistency through a cause-and-effect diagram.,Each fact is stored in a relation where its determinant is clear. Other tables reference that fact instead of copying it repeatedly. One update then changes the authoritative value once.,Lesson content and applicable syllabus row,NeedsFactReview,5265894120d4d1b50a60b16fd1f552c68859348247c183d7fc753fa7ed5abea8
083,explanation-redundancy-img-1,explanation-redundancy,Raster image,Academic knowledge-point infographic explaining How repeated facts become risky through a cause-and-effect diagram.,The same real-world fact appears in several rows. A later update may change only some copies. Queries then return conflicting versions of one fact.,Lesson content and applicable syllabus row,NeedsFactReview,509cc72d591fe378294f4c3e5e6a87810826d208bd5314d9087e11a55e4f008f
083,overview-div-1,overview,HTML/CSS,Normalisation visual,Normalisation visual,Lesson content and applicable syllabus row,NeedsFactReview,11c8ebac6872a0a8f6b180729641c8759259955d0bd71ed4bf3bad07a1bbc820
084,explanation-clauses-img-1,explanation-clauses,Raster image,Academic knowledge-point infographic explaining The three foundation clauses with a structured visual model.,"SELECT Names the fields to output, such as Title, DueDate . FROM Names the table to use, such as Loan . WHERE Filters records using a condition, such as Returned = FALSE . Thinking order: What fields do I need? Which table contains them? Which records should be included?",Lesson content and applicable syllabus row,NeedsFactReview,8206e4112a2aaff38e9e66069bf70e31d6cb6b9e02975f9870f33e8631e090d8
084,explanation-conditions-img-1,explanation-conditions,Raster image,Academic knowledge-point infographic explaining WHERE conditions and comparison operators with a structured visual model.,"A WHERE clause tests each record and returns only records where the condition is true. Operator equal to Category = 'Fiction' not equal to Status <> 'Returned' greater than, less than Price < 10.00 greater/less than or equal to ExamMark >= 80",Lesson content and applicable syllabus row,NeedsFactReview,2ce1cd6c28aac6e6e44e8592f9f6e083f2ac891980771d75d2b9b0b8a228f7e9
084,explanation-strings-img-1,explanation-strings,Raster image,Academic knowledge-point infographic explaining Text values need quotes; numbers usually do not with a structured visual model.,"Text/string Category = 'Fiction' . The text value is quoted. Number Price < 10.00 . Numeric values are not quoted in basic exam SQL. Boolean Returned = FALSE . Use the Boolean value expected by the question/table. Field names Usually not quoted: SELECT Title , not SELECT 'Title' .",Lesson content and applicable syllabus row,NeedsFactReview,ac228942a5146e6c86c4a838909fe1dd1f49c12017e1255b2bae5018b577caa0
084,overview-div-1,overview,HTML/CSS,SQL query visual,SQL query visual,Lesson content and applicable syllabus row,NeedsFactReview,8df5818f54c6a9154c12e240d38614bf5fe653633b2a8af5a8f5616f2db7b6e9
085,aggregates-div-1,aggregates,HTML/CSS,Aggregate functions,Aggregate functions,Lesson content and applicable syllabus row,NeedsFactReview,f9f8c79b7101147e87aa9fe35680bbae189a0bf963d6c436e3abc51b1c892643
085,explanation-aggregates-img-1,explanation-aggregates,Raster image,Academic knowledge-point infographic explaining Aggregate functions calculate one summary value with a structured visual model.,"COUNT(*) counts all rows in the result, including rows containing null values. COUNT(column) counts only non-null values in the named column. SUM, AVG and COUNT operate on the rows remaining after filtering and grouping rules are applied.",Lesson content and applicable syllabus row,NeedsFactReview,dc2bf9998e35377d9d32ca0ac0886b219ab6c71b96e28ca4712a2a55831a1d49
085,explanation-groupby-img-1,explanation-groupby,Raster image,Academic knowledge-point infographic explaining GROUP BY calculates summaries per group with a structured visual model.,"Use GROUP BY when the question asks for a summary for each category, each borrower, each course or each group. Pattern: SELECT Category, COUNT(*) FROM Book GROUP BY Category;",Lesson content and applicable syllabus row,NeedsFactReview,6a3233379f11fd6c8dae2c65d575c42fe6016ebe02ba439d6e8ae2ff31ed938f
085,explanation-orderby-img-1,explanation-orderby,Raster image,Academic knowledge-point infographic explaining ORDER BY sorts output rows with a structured visual model.,"ORDER BY controls the order of the result rows. ASC means ascending; DESC means descending. Ascending ORDER BY Price ASC : low to high, A to Z, oldest to newest. Descending ORDER BY Price DESC : high to low, Z to A, newest to oldest. Default Many SQL systems default to ascending, but exams may expect explicit ASC if asked.",Lesson content and applicable syllabus row,NeedsFactReview,5f9492e2f89adf62a349c75782122b483cb805957aaac42a0f7930409eb0be9a
085,overview-div-1,overview,HTML/CSS,SQL aggregate visual,SQL aggregate visual,Lesson content and applicable syllabus row,NeedsFactReview,4b0365b1b970d2ad026818a5a04b90accefb1cb9cbb8144848b10a7bc2ddc2c4
086,explanation-aliases-img-1,explanation-aliases,Raster image,Academic knowledge-point infographic explaining Table-qualified names and aliases prevent ambiguity with a structured visual model.,"If two tables have a field with the same name, write the table name or alias before the field. Full name Student.StudentID clearly means the field from Student. Alias Student AS S lets you write S.StudentID . Exam caution Only use aliases if they make the query clear. Do not hide the join logic.",Lesson content and applicable syllabus row,NeedsFactReview,2cc7491244e5b77855d9c725c16165878bf99c4a893a11c923b4e245659dff6d
086,explanation-join-img-1,explanation-join,Raster image,Academic knowledge-point infographic explaining Two-table INNER JOIN with ON with a structured visual model.,AS DML questions use at most two tables. SELECT Student.StudentName FROM Student INNER JOIN Loan ON Student.StudentID = Loan.StudentID uses an explicit two-table join. ON states the matching key relationship between the tables. WHERE adds a separate row filter after the join; it does not replace the required INNER JOIN syntax.,Lesson content and applicable syllabus row,NeedsFactReview,417811fa58f4e30fb6902b618dcdf75246f7a9c479ee47c9a2816ef77e6be9a5
086,explanation-relationships-img-1,explanation-relationships,Raster image,Academic knowledge-point infographic explaining Related tables use primary keys and foreign keys with a structured visual model.,"A join combines rows when matching key fields refer to the same real-world item. StudentID primary key StudentName , TutorGroup 1 to many StudentID LoanID primary key StudentID , BookID foreign keys many to 1 BookID primary key Title , Category",Lesson content and applicable syllabus row,NeedsFactReview,1990149943c162f04b764ee327cd2dea951a168b507477ed2d8141136e0bb177
086,overview-div-1,overview,HTML/CSS,SQL join visual,SQL join visual,Lesson content and applicable syllabus row,NeedsFactReview,fab9b70c1024086aa7f26e11820411c8f3df045cdc6ca759602a767ba6f49c87
086,relationships-div-1,relationships,HTML/CSS,Related tables use primary keys and foreign keys,Define exact facts for manual review of Related tables use primary keys and foreign keys.,Lesson content and applicable syllabus row,NeedsFactReview,6f06f79127992678d6ddd5a3148f7bca6d87f6a3cd32285a1bcd6dad0404007b
087,explanation-delete-img-1,explanation-delete,Raster image,Academic knowledge-point infographic explaining DELETE FROM removes records with a structured visual model.,"Use DELETE only when the whole record should be removed. A missing condition can remove all records. Pattern: DELETE FROM Student WHERE StudentID = 'S03'; Exam caution: DELETE FROM Student; has no WHERE , so it targets every record in the table.",Lesson content and applicable syllabus row,NeedsFactReview,889298234e319e2c2a9cefdfcff17938c1382c879ef8440c3be04489678945b5
087,explanation-dml-img-1,explanation-dml,Raster image,"Academic knowledge-point infographic explaining INSERT, UPDATE and DELETE are data manipulation commands with a structured visual model.","They change stored data. In exam answers, be precise about command keywords and affected records. INSERT Adds a new record to a table. UPDATE Changes values in existing records. DELETE Removes existing records from a table.",Lesson content and applicable syllabus row,NeedsFactReview,43f2e8f0f65123448c98aad6d1ecb973e7c1b88cdf1e9f9b8afe215d54f024b8
087,explanation-insert-img-1,explanation-insert,Raster image,Academic knowledge-point infographic explaining INSERT INTO adds a record with a structured visual model.,"List the fields, then list matching values in the same order. Text values use quotes. Pattern: INSERT INTO Student (StudentID, StudentName, TutorGroup) VALUES ('S04', 'Nina', '12C');",Lesson content and applicable syllabus row,NeedsFactReview,df24cd551177a9e1409fb93e8eecbed240a7027d2cd16f6b8adc6824fe7d1c03
087,explanation-update-img-1,explanation-update,Raster image,Academic knowledge-point infographic explaining UPDATE changes existing records with a structured visual model.,SET names the field and new value. WHERE restricts which rows are changed. Pattern: UPDATE Student SET TutorGroup = '12C' WHERE StudentID = 'S01'; Table UPDATE Student chooses the table. New value SET TutorGroup = '12C' changes the field. Target rows WHERE StudentID = 'S01' prevents changing every student.,Lesson content and applicable syllabus row,NeedsFactReview,68a15371f76b7a9ce4dd2ae27fafeb55b242193bcc581dd64690a175f7300491
087,overview-div-1,overview,HTML/CSS,SQL data modification visual,SQL data modification visual,Lesson content and applicable syllabus row,NeedsFactReview,e5d35345f44aff02b3db0908cf603cdd3f37421c698bf22eec87220ec4e41b74
088,explanation-backup-img-1,explanation-backup,Raster image,Academic knowledge-point infographic explaining Backups allow data recovery after loss or corruption with a structured visual model.,"A backup is a separate copy of data kept so the database can be restored after failure, deletion or corruption. Frequency How often backups are made, such as daily or hourly. Location Copies should be stored separately, often off-site or in secure cloud storage. Testing A backup is only useful if restoration is tested. Untested backup plans are optimistic fiction.",Lesson content and applicable syllabus row,NeedsFactReview,0e07b1eed7e5a2221544536d7f031b441dcfa803604a0cd557dfecb378e9d6d5
088,explanation-security-img-1,explanation-security,Raster image,Academic knowledge-point infographic explaining Database security restricts access and protects confidentiality with a structured visual model.,"Security controls reduce unauthorised access, accidental damage and inappropriate disclosure of data. Access rights Different users can view or edit only the data they need. Authentication Usernames, passwords and multi-factor methods check user identity. Encryption Data is encoded so it is unreadable without the correct key.",Lesson content and applicable syllabus row,NeedsFactReview,ce599a00d936e012301e7c656a933ebfaf528bbc4950458cc90992cfe4794a1e
088,explanation-validation-img-1,explanation-validation,Raster image,Academic knowledge-point infographic explaining Validation checks whether input is sensible or acceptable with a structured visual model.,Validation applies rules before data is accepted into the database. It reduces errors but cannot prove truth. Range check Checks a value is within limits Age must be 11 to 19 Type check Checks data has the correct data type PaymentAmount must be numeric Presence check Checks required data is not blank StudentID must be entered Format check Checks data follows a pattern,Lesson content and applicable syllabus row,NeedsFactReview,f7be962a0f7173cb014882e0c0d827776fed1927b7b93b9f877fe1f1202f9113
088,explanation-verification-img-1,explanation-verification,Raster image,Academic knowledge-point infographic explaining Verification checks data has been copied accurately with a structured visual model.,Verification compares entered data with the source or repeats entry to reduce transcription errors. Double entry The same data is entered twice and compared. Useful for passwords or email addresses. Proofreading A person checks entered data against the original source document. Key distinction Verification checks copying accuracy; it does not decide whether the original source was true.,Lesson content and applicable syllabus row,NeedsFactReview,75e232836308be7f2c0abdf15b36d69ebaf89f8c0aa29bf56edc0cbe5e3ceb63
088,overview-div-1,overview,HTML/CSS,Database protection visual,Database protection visual,Lesson content and applicable syllabus row,NeedsFactReview,f952ea7f0e4dc37ce350f7d57daed0ac6582456f99fce2c421eaf8f6c3ea822d
089,explanation-design-img-1,explanation-design,Raster image,Academic knowledge-point infographic explaining Relational design: what earns marks? with a structured visual model.,"Design review Primary key Uniquely identifies a record in one table. It must be unique and reliable. Foreign key Stores a value that matches a primary key in another table, creating a relationship. Normalisation Separates repeated data into related tables to reduce duplication and update errors.",Lesson content and applicable syllabus row,NeedsFactReview,3578ccab3351e1de300d9dd3a6b489994b4d28b396a54ec76f5a0e049f41715a
089,explanation-map-img-1,explanation-map,Raster image,Academic knowledge-point infographic explaining Section 8 knowledge map with a structured visual model.,"Retrieval map Data and DBMS data vs information; DBMS roles; avoiding flat-file limitations Tables and keys records, fields, data types, constraints, primary keys and foreign keys Design entity-relationship modelling and normalisation to reduce duplication SQL retrieval SELECT , FROM , WHERE , ORDER BY , aggregates and joins SQL modification INSERT , UPDATE , DELETE , field/value matching and safe WHERE Protection validation, verification, security controls, backups and restore testing",Lesson content and applicable syllabus row,NeedsFactReview,2f2ebd16bf90cd5b555f6cf1b2d903f2cba94d6cc43a0994fe7cb171a88a76bc
089,explanation-protection-img-1,explanation-protection,Raster image,Academic knowledge-point infographic explaining Do not swap the security vocabulary with a structured visual model.,"Protection review Validation Checks data follows rules, such as range, type, format or presence. Verification Checks entered data matches a source, using proofreading or double entry. Security and backup Security restricts access; backup enables recovery after loss or corruption.",Lesson content and applicable syllabus row,NeedsFactReview,5abdb365765195a12c41b67599d9de97a7f5994e88ecc6a5854ded516af67bfd
089,explanation-sql-img-1,explanation-sql,Raster image,Academic knowledge-point infographic explaining SQL clauses: choose the clause that matches the request with a structured visual model.,"For the clauses shown, written syntax order is SELECT, FROM, WHERE, GROUP BY, ORDER BY. A simplified logical processing order is FROM, WHERE, GROUP BY, SELECT, ORDER BY. GROUP BY forms groups and ORDER BY sorts the final rows. Written syntax order and logical processing order are different.",Lesson content and applicable syllabus row,NeedsFactReview,057524ada9cb9f3c5ab2b5ee5d5e4a11b9c2e1c461eca8224c02f723222a76ad
089,explanation-tracer-img-1,explanation-tracer,Raster image,Academic knowledge-point infographic explaining Trace one mixed SQL result with a structured visual model.,Interactive SQL tracer Category Networks Computing Literature Databases Choose a query to see the result.,Lesson content and applicable syllabus row,NeedsFactReview,0d73ce969404c5950da928c7bace6baa252d00a48ed73ed45654fee1e78cf4d3
089,overview-div-1,overview,HTML/CSS,Review visual,Review visual,Lesson content and applicable syllabus row,NeedsFactReview,a18f7c80d74fc83babfd1a4c947b61527d33789a93f7bf31124737ca07a6c53c
090,explanation-calculator-img-1,explanation-calculator,Raster image,Academic knowledge-point infographic explaining Calculate image or sound storage with a structured visual model.,"Interactive calculation checker Bits/sample or depth For image: A = width, B = height, C = colour depth. For sound: A = sample rate, B = duration seconds, C = sampling resolution. Run a calculation to see bits, bytes and KiB/MiB.",Lesson content and applicable syllabus row,NeedsFactReview,dd265193b3e8132218b4b99e47233adb45c23957b962c1a4eb5a16c41387dc65
090,explanation-communication-img-1,explanation-communication,Raster image,Academic knowledge-point infographic explaining Explanation answers need mechanism and consequence with a structured visual model.,"Communication review Packets Data is split into packets, each with address/control data, then reassembled at the destination. Protocols Rules that define how devices format, transmit and interpret data. DNS Translates a domain name into an IP address so a device can locate the server.",Lesson content and applicable syllabus row,NeedsFactReview,8e2f6ff926819816802a9f013dbce4514ce69f76b13adad0b8ba3f115f5378a7
090,explanation-map-img-1,explanation-map,Raster image,Academic knowledge-point infographic explaining Sections 1-2 knowledge map with a structured visual model.,"Retrieval map Number bases binary, denary, hexadecimal, two's complement, overflow and precision limits Storage units bit, nibble, byte, KiB, MiB, GiB, TiB and careful base-2 conversions Text ASCII, Unicode, character sets and why more characters require more bit patterns Images and sound resolution, colour depth, sample rate, sampling resolution, duration and metadata Compression lossless, lossy, run-length encoding and dictionary-style compression Communication LAN/WAN, client-server, peer-to-peer, packets, protocols, IP/MAC/DNS and media",Lesson content and applicable syllabus row,NeedsFactReview,90d0c5f5a4e67ca368e81564946d6b7f5a7432daebe35f9cf0b7fa5f474c1366
090,explanation-representation-img-1,explanation-representation,Raster image,Academic knowledge-point infographic explaining Calculation formulas worth retrieving cold with a structured visual model.,Representation review Question type Core method Exam reminder Image size width x height x colour depth Answer starts in bits; convert carefully. Sound size sample rate x sampling resolution x duration Include channels if stereo is stated. Binary place value sum active powers of 2,Lesson content and applicable syllabus row,NeedsFactReview,0f7f62b4511e3745cdb0fe2f4cdd44920e8a8e2115436fdee6cf1f47d21a2d5b
090,overview-div-1,overview,HTML/CSS,Review visual,Review visual,Lesson content and applicable syllabus row,NeedsFactReview,a18f7c80d74fc83babfd1a4c947b61527d33789a93f7bf31124737ca07a6c53c
091,explanation-hardware-img-1,explanation-hardware,Raster image,Academic knowledge-point infographic explaining Choose hardware by matching characteristics to use with a structured visual model.,"Hardware review Likely choice Justification phrase fast temporary access RAM / cache volatile memory used while programs run / frequently used data close to CPU portable durable storage no moving parts, fast access, resistant to shock cheap high-capacity archive magnetic disk large capacity and lower cost per GiB automatic physical response",Lesson content and applicable syllabus row,NeedsFactReview,875d8e19142b2ab0983dc5247cc6ae923c9c439ba7dd65874d44efc4e2af7900
091,explanation-logic-img-1,explanation-logic,Raster image,Academic knowledge-point infographic explaining How hardware facts become mechanisms through a cause-and-effect diagram.,Name the component or representation involved. Explain the operation performed on data or signals. Link that operation to the observable result or limitation.,Lesson content and applicable syllabus row,NeedsFactReview,441810a072ff1c578aa3a9258dfbf4d2930d448ed6247b9d296b9ef0c6f1811f
091,explanation-map-img-1,explanation-map,Raster image,Academic knowledge-point infographic explaining Sections 3-4 knowledge map with a structured visual model.,"Retrieval map Computer system input, output, storage, memory, processor and data capture Storage and memory RAM, ROM, cache, virtual memory, magnetic/optical/solid-state storage Embedded systems sensors, actuators, microcontrollers and control systems Logic NOT, AND, OR, NAND, NOR, XOR, truth tables and Boolean expressions Processor ALU, CU, registers, buses, fetch-decode-execute and addressing modes Performance clock speed, cores, cache, word length, pipelining and interrupts",Lesson content and applicable syllabus row,NeedsFactReview,2d0dae038ccfa171f1ca85efbe8629b2d1a3ab4ccc9bfc362ca3e239a61e007d
091,explanation-processor-img-1,explanation-processor,Raster image,Academic knowledge-point infographic explaining Registers and buses: the FDE cycle vocabulary with a structured visual model.,Processor review PC Stores the address of the next instruction to be fetched. MAR / MDR MAR stores an address; MDR stores data/instruction being transferred. CIR / ACC CIR stores current instruction; ACC stores intermediate arithmetic/logic results.,Lesson content and applicable syllabus row,NeedsFactReview,bfb44533df3b65c4e46a897ddcb6ba5727ffe7aad1355c93ad4453f87b5e6929
091,overview-div-1,overview,HTML/CSS,Processor review visual,Processor review visual,Lesson content and applicable syllabus row,NeedsFactReview,19d8cf5fb60666bdb37e2d528437e9ba845b0c4b347b7957d7866a80450e1398
092,explanation-map-img-1,explanation-map,Raster image,Academic knowledge-point infographic explaining Sections 5-6 knowledge map with a structured visual model.,"Compiler, interpreter and assembler are alternative translator paths rather than one serial pipeline. High-level source can be compiled to object code and then linked and loaded. High-level source can instead be interpreted and executed at runtime. Assembly source is translated by an assembler into machine or object code.",Lesson content and applicable syllabus row,NeedsFactReview,1eba68e861dd1222022e28192395608ee57efe7a454616d634e7c6f67b271641
092,explanation-matcher-img-1,explanation-matcher,Raster image,Academic knowledge-point infographic explaining Choose the best control with a structured visual model.,Interactive risk-control matcher Choose a risk to see a suitable control and justification.,Lesson content and applicable syllabus row,NeedsFactReview,515f658b1ec0e07fb4086f46ec04bdde22bccca87b27a81b888e0c9c2f88d505
092,explanation-security-img-1,explanation-security,Raster image,Academic knowledge-point infographic explaining Match the control to the threat with a structured visual model.,"Security review Threat / need Mechanism unauthorised login authentication / MFA checks user identity using factors such as password and token intercepted data encryption encodes data so it is unreadable without the key malicious traffic firewall filters traffic using rules such as IP address, port or protocol",Lesson content and applicable syllabus row,NeedsFactReview,5beffaab0c63ef035455313434c86e03b8a3c39860e410c656e59d5390bcf7c3
092,explanation-software-img-1,explanation-software,Raster image,Academic knowledge-point infographic explaining OS and utility roles with a structured visual model.,"System software review Mark-worthy phrase OS process management schedules processes allocates processor time and manages multitasking OS memory management allocates memory keeps programs/data in separate memory areas and manages virtual memory File management organises files stores, names, retrieves and controls access to files Utility software",Lesson content and applicable syllabus row,NeedsFactReview,f740559e08a1010262c7f354caee40c908799bdea41096047d85277af7f88880
092,explanation-translators-img-1,explanation-translators,Raster image,"Academic knowledge-point infographic explaining Compiler, interpreter and assembler with a structured visual model.",Translator review Compiler Translates whole source program into object code before execution; can report errors after compilation. Interpreter Translates and executes code line by line; useful for testing and debugging. Assembler Translates assembly language mnemonics into machine code.,Lesson content and applicable syllabus row,NeedsFactReview,2af01d0a596e05c6e9de45423e361ecad525f0cf9ef0b18af7699d0f4c65dcf5
092,overview-div-1,overview,HTML/CSS,System software and security visual,System software and security visual,Lesson content and applicable syllabus row,NeedsFactReview,635f2a8486de94c34713c6f356d0086d557d334baa25be5fb81d15b69701fe55
093,explanation-databases-img-1,explanation-databases,Raster image,Academic knowledge-point infographic explaining Relational design: structure before SQL with a structured visual model.,"Normalisation must retain every original attribute and fact so the original information remains reconstructable. If the original rows contain A and B values, the decomposition must keep each B value with its relevant key. A relation containing only a foreign key to A loses the represented B facts.",Lesson content and applicable syllabus row,NeedsFactReview,9d25ffab7505f0adb924cb780262735c65bc74dd346279727550afb418c3cdb8
093,explanation-ethics-img-1,explanation-ethics,Raster image,Academic knowledge-point infographic explaining Evaluation answers need both sides and a condition with a structured visual model.,"Ethics review Question clue Mark-worthy phrase personal data, tracking, surveillance collect only necessary data with consent, clear purpose and controlled access Ownership copyright, licence, copied software a licence gives permission under conditions; copyright still applies Environmental impact energy use, disposal, replacement reduce e-waste through recycling, repair and longer device life Social impact",Lesson content and applicable syllabus row,NeedsFactReview,5ff333b6f7f67f7a5383895159506cb78a01b87408d5f025baefdbf98c75161e
093,explanation-map-img-1,explanation-map,Raster image,Academic knowledge-point infographic explaining Sections 7-8 knowledge map with a structured visual model.,"Retrieval map Ethics stakeholders, consent, fairness, responsibility, proportionality and safeguards Privacy and data protection personal data, collection purpose, access, retention, monitoring and transparency Ownership copyright, patents, licences, open-source/proprietary software and obligations Impact environmental impact, e-waste, energy use, automation, digital divide and social consequences Database design data/information, DBMS, tables, records, fields, keys, relationships and normalisation SQL and protection SELECT, WHERE, ORDER BY, GROUP BY, joins, INSERT/UPDATE/DELETE, validation, verification and backup",Lesson content and applicable syllabus row,NeedsFactReview,111380ed2c9d53179e1d3347e0cc14a99b216bbca4346cadcc303363c8e6a090
093,explanation-sql-img-1,explanation-sql,Raster image,Academic knowledge-point infographic explaining Clause choice is not decoration with a structured visual model.,"SELECT, WHERE, GROUP BY and ORDER BY are clause choices with different effects, not mandatory consecutive stages. SELECT controls fields, WHERE filters rows, GROUP BY forms groups and ORDER BY sorts final rows. When combined in written SQL, GROUP BY appears before ORDER BY.",Lesson content and applicable syllabus row,NeedsFactReview,1e283fbc4f82e9f0fa60fecf554b8c8c76f2eb62ac4237ab1dfe23f6d1b434a0
093,explanation-tracer-img-1,explanation-tracer,Raster image,Academic knowledge-point infographic explaining Trace one customer table query with a structured visual model.,Interactive SQL tracer CustomerID Choose a query to see the result.,Lesson content and applicable syllabus row,NeedsFactReview,5d2d97d8128ffba9f90c61ea14c753336adbd519185c8ff2d5f3f189554f4e70
093,overview-div-1,overview,HTML/CSS,Ethics and database review visual,Ethics and database review visual,Lesson content and applicable syllabus row,NeedsFactReview,3d85be6894435dfea9a9ed8ec8fe35f9ed0e1f1827c8a340320ff2f8ac23ddfe
094,explanation-answer-img-1,explanation-answer,Raster image,Academic knowledge-point infographic explaining Use the smallest frame that fits the command with a structured visual model.,"Answer frames Calculation write formula, substitute values, show unit conversion, state final unit. Comparison Item A does X whereas item B does Y; link to scenario if asked. Security control threat, control, mechanism, consequence, limitation if needed. Processor trace name register/bus, state transfer/action, then next step. Ethics evaluation stakeholder, benefit, concern, safeguard and justified judgement. SQL SELECT fields, FROM table(s), WHERE filter, GROUP BY/ORDER BY if required.",Lesson content and applicable syllabus row,NeedsFactReview,7003d79806e2c2b89e3457f983e2452f48855d803b4e66a03873542108c7ef41
094,explanation-commands-img-1,explanation-commands,Raster image,Academic knowledge-point infographic explaining What each command word usually demands with a structured visual model.,"Command words Answer shape Weak answer pattern State / identify one precise term or value writing a paragraph and hiding the answer Describe what happens or what it is saying only why it is useful cause plus consequence, usually with because/so that listing a keyword without mechanism paired differences using both items",Lesson content and applicable syllabus row,NeedsFactReview,b799ca020387dfb6df2c438a51d0f6bf75ba8d546b057639e05337dd9c6dde79
094,explanation-decoder-img-1,explanation-decoder,Raster image,Academic knowledge-point infographic explaining Decode the command word before writing with a structured visual model.,Interactive command decoder Command word Choose a command word to see the expected answer shape.,Lesson content and applicable syllabus row,NeedsFactReview,48e45c11e5f87e2fe9719cfa2e34d918af32be1cfdd264f7aca7f877726a8bdd
094,explanation-map-img-1,explanation-map,Raster image,Academic knowledge-point infographic explaining Paper 1 sections and question clues with a structured visual model.,"Paper map Section 1 binary/hex, storage units, images, sound, compression, file size calculations Section 2 LAN/WAN, packets, protocols, IP/MAC/DNS, hardware, performance Section 3 input/output/storage, RAM/ROM/cache, embedded systems, logic gates Section 4 CPU, registers, buses, FDE cycle, interrupts, performance factors Sections 5-6 OS roles, utilities, translators, errors, security threats and controls Sections 7-8 ethics, ownership, impacts, relational design, SQL and data protection",Lesson content and applicable syllabus row,NeedsFactReview,4e18926a7e3cc1cca4938b60e53fa02accc91aabfe14c710781d922afcf878ff
094,explanation-strategy-img-1,explanation-strategy,Raster image,Academic knowledge-point infographic explaining The 30-second annotation routine with a structured visual model.,"Mixed question strategy What to mark Why it protects marks 1. Topic clue underline the syllabus clue: register, packet, licence, primary key, etc. prevents selection of an unrelated syllabus concept 2. Command word circle state, describe, explain, compare, justify or evaluate sets depth and answer structure 3. Output type calculation, table, SQL, diagram label, prose explanation prevents writing paragraphs when a method/result is needed",Lesson content and applicable syllabus row,NeedsFactReview,b94516fb27ecec991f7d04e4b2ff5892d0572b15dcaf1657fddb3c8c5cedea35
094,overview-div-1,overview,HTML/CSS,Mixed question strategy visual,Mixed question strategy visual,Lesson content and applicable syllabus row,NeedsFactReview,8ac8749999e77594ff176135feb06d70a0c2da4327cde2bae52ce4d8f4874658
095,explanation-marking-img-1,explanation-marking,Raster image,Academic knowledge-point infographic explaining Three checks before moving on with a structured visual model.,"Self-marking Question to ask Fix if missing Precision Did I use the exact term or unit? add the term, register, SQL clause, protocol or unit Mechanism Did I say how it works? add the process: filters, encrypts, schedules, links, fetches Did I link to the scenario? name the user, network, database, school or business from the question",Lesson content and applicable syllabus row,NeedsFactReview,2d3e12c63eb00f61a98d888869aa313bbe1d7b51f0779cbe9b40637fcef61fca
095,explanation-planner-img-1,explanation-planner,Raster image,Academic knowledge-point infographic explaining Estimate a sensible time budget with a structured visual model.,Interactive mark planner Marks available Choose a mark value to see the target writing behaviour.,Lesson content and applicable syllabus row,NeedsFactReview,aba3c3693c4b3a319a62b1d0dd9f600e431fa33dcd5c36719df1d2d56fb0ed3c
095,explanation-quiz-img-1,explanation-quiz,Raster image,Academic knowledge-point infographic explaining Quick retrieval across Paper 1 with a structured visual model.,5-minute quiz Use the timer below if you want the pressure. The questions here are deliberately short. 1. What is the 8-bit denary range for unsigned binary? 2. Name the protocol used to transfer web pages securely. 3. Which register stores the address of the next instruction? 4. Which translator executes code one statement at a time? 5. Which SQL clause filters records?,Lesson content and applicable syllabus row,NeedsFactReview,f1e73c4186e19627a57a038d6e62008bd1f2de523e23a84ef05954b5edd14b39
095,explanation-short-img-1,explanation-short,Raster image,"Academic knowledge-point infographic explaining Compress the answer, not the marks with a structured visual model.","Short-answer craft Definition Term + essential property. Example: A primary key uniquely identifies a record. Calculation Formula + substitution + conversion + unit. Skip none of these. Explain Mechanism + consequence. Use ""because"" or ""so that"". Compare Paired differences. Use ""whereas"" to force contrast. SQL Required fields, table, condition/group/sort. Avoid SELECT * unless asked. Evaluate Benefit, concern, safeguard, judgement. Keep each point short.",Lesson content and applicable syllabus row,NeedsFactReview,b5cdaa6ba717068e2f2178f50f1c10e005696b906fb9c52b29bdc89d3c6d3da1
095,explanation-timer-img-1,explanation-timer,Raster image,Academic knowledge-point infographic explaining Run a timed short-answer sprint with a structured visual model.,Interactive timer,Lesson content and applicable syllabus row,NeedsFactReview,1ba791a610b4fd11bb67d9b11b9e956bdb979a79a1eaea7dab6876fb79ba36f3
095,explanation-timing-img-1,explanation-timing,Raster image,Academic knowledge-point infographic explaining A practical mark-per-minute model with a structured visual model.,"Use one declared mark-to-time rate consistently across the practice set. The example planning rate is one minute per mark, so equal marks receive equal time. Reading, planning, writing and checking all fit inside the question's total target time. Marks guide both the time budget and the required answer depth.",Lesson content and applicable syllabus row,NeedsFactReview,6843ee5961bfc44fd55715f3f539fa777eb5174729c162c594026954227d28d7
095,explanation-triage-img-1,explanation-triage,Raster image,"Academic knowledge-point infographic explaining Decide: answer now, flag, or return later? with a structured visual model.",Interactive question triage Situation Choose a situation to decide a practical exam move.,Lesson content and applicable syllabus row,NeedsFactReview,f47d7780c6c4d02f62ea334cf4b9cc90a9ad7f0fadb551ebb27b1d73f0a1e7ef
095,overview-div-1,overview,HTML/CSS,Timed short-answer visual,Timed short-answer visual,Lesson content and applicable syllabus row,NeedsFactReview,7a4fc25b502f13a3dca09606ebf95ad7fdf5e31bfe73a9951fbf0594232ff200
096,explanation-balance-img-1,explanation-balance,Raster image,"Academic knowledge-point infographic explaining Evaluation is not just ""good and bad"" with a structured visual model.","Stakeholder Name who is affected: student, staff, customer, business, public, developer. Benefit Explain the advantage and who receives it. Concern Explain harm, risk, fairness, privacy, legal or environmental issue. Safeguard Add condition, limit, policy, access control, transparency or testing. Judgement Reach a conclusion using provided that, unless, only if or because. Scenario Use the actual organisation, users and data in the question.",Lesson content and applicable syllabus row,NeedsFactReview,2236af1ceab9255e9889605fef36e7bddbb426067857672f649739d9af873c7b
096,explanation-map-img-1,explanation-map,Raster image,Academic knowledge-point infographic explaining Extended-response topics across Paper 1 with a structured visual model.,"Question map Representation choice justify storage, compression, image/sound settings and file-size trade-offs Communication compare networks, models, protocols, media and cloud services in context Hardware/processor explain component roles, FDE cycle, interrupts and performance factors System software compare translators, OS roles, utility software and development choices Security explain threats, controls, limitations and data integrity consequences Ethics/databases evaluate impacts and design relational data/SQL solutions with justification",Lesson content and applicable syllabus row,NeedsFactReview,353303d1cc7b759f943c82f92b5cd43f2f7a67ef4dee08aaaa8d69dcacf0ab9b
096,explanation-marking-img-1,explanation-marking,Raster image,Academic knowledge-point infographic explaining How extended marks usually appear with a structured visual model.,"Marking focus Mark type What earns it What loses it accurate named point or fact vague wording such as ""secure"" or ""efficient"" method, mechanism, comparison or logical development keyword with no explanation application, consequence, judgement or correct final result generic answer that ignores the scenario",Lesson content and applicable syllabus row,NeedsFactReview,cb20365ba5d89373c346aee1d7d91dcbcaed33f875eb8d9b0bd130d094ede7b1
096,explanation-planner-img-1,explanation-planner,Raster image,Academic knowledge-point infographic explaining Choose a structure before writing with a structured visual model.,Interactive response planner Question type Choose a question type to see a compact plan.,Lesson content and applicable syllabus row,NeedsFactReview,bdc5c015ba8911301bb0695619828e98a6e7bd19370997b5aaefa9ab60fa1063
096,explanation-structure-img-1,explanation-structure,Raster image,Academic knowledge-point infographic explaining Three reliable extended-response shapes with a structured visual model.,"Structure Question type Sentence pattern Explain three... 3 x named point + mechanism + consequence Control X works by..., so in this scenario... Compare... 3 paired contrasts A does..., whereas B does..., which matters because... Evaluate/discuss... benefit + concern + safeguard + judgement Although..., however..., therefore only if...",Lesson content and applicable syllabus row,NeedsFactReview,3f71ca0049cb2e3c3937ffe3c6b0c460708c67ed639146ed49ce3cb4cbfb25bf
096,overview-div-1,overview,HTML/CSS,Extended response visual,Extended response visual,Lesson content and applicable syllabus row,NeedsFactReview,08e6a4e4d55d90ac64e8a172bdd40c8fc0b76491d061334f0870cf41a955210e
097,explanation-clinic-img-1,explanation-clinic,Raster image,Academic knowledge-point infographic explaining The rewrite protocol with a structured visual model.,"Correction clinic 1. Label Write the section/topic and command word beside the question. 2. Locate Underline the exact missing mark: term, method, mechanism, context or judgement. 3. Rewrite Write a new answer, not a note saying ""be more careful"". 4. Mark Use B/M/A labels to show why the corrected answer earns marks. 5. Drill Create one similar question and answer it under a time limit. 6. Track Record whether the issue is knowledge, method, wording or timing.",Lesson content and applicable syllabus row,NeedsFactReview,370646f73b4ecd8c83b9b23b5afface40470f239745321c117cfb23e1e67b8e8
097,explanation-coverage-img-1,explanation-coverage,Raster image,Academic knowledge-point infographic explaining Paper 1 correction checklist with a structured visual model.,"Coverage map Section 1 units, binary/hex, image/sound file size, compression method and units Section 2 network types, protocols, packets, addressing, hardware and performance Sections 3-4 hardware choice, memory/storage, logic, registers, FDE, interrupts, performance Section 5 OS roles, utilities, translators, errors, linkers/loaders/libraries Section 6 threats, CIA, authentication, access rights, encryption, hashing, firewalls, backup Sections 7-8 ethics, ownership, environmental/social impact, relational design, SQL, validation/verification",Lesson content and applicable syllabus row,NeedsFactReview,44ed3e93f225016dfc5feb8a1704b7de6806a925465d920c061a6ae4e98f3073
097,explanation-diagnosis-img-1,explanation-diagnosis,Raster image,Academic knowledge-point infographic explaining Four common sources of lost marks with a structured visual model.,"Diagnosis Error type What it looks like Repair move Topic gap wrong section or wrong concept re-label the syllabus area and write the first correct keyword Command error state/describe/explain/compare/evaluate answered with wrong depth reshape the answer to match the command word Method error calculation, SQL, trace or logic method is wrong/incomplete",Lesson content and applicable syllabus row,NeedsFactReview,9d2b3f99bf47b4b5acb08225036dab1685d0a2d2f9ed28d74ca8d9d7e61ee910
097,explanation-error-img-1,explanation-error,Raster image,Academic knowledge-point infographic explaining Classify the flaw before rewriting with a structured visual model.,Interactive error classifier Weak mock answer Choose a weak answer to classify the correction need.,Lesson content and applicable syllabus row,NeedsFactReview,7999ea8e64410796456f18e779726b62ac6632259832a072acddf874eb6f288d
097,explanation-rewrite-img-1,explanation-rewrite,Raster image,Academic knowledge-point infographic explaining Build a corrected answer sentence with a structured visual model.,Interactive rewrite builder Missing focus Choose a focus and topic to generate a repair model.,Lesson content and applicable syllabus row,NeedsFactReview,79a4db2e0135b89014430a3975912922391002e7b5df5e89311c06f2b5d79188
097,explanation-routine-img-1,explanation-routine,Raster image,Academic knowledge-point infographic explaining How to use the mock after today with a structured visual model.,Review routine Same day classify every lost mark error tally by topic and flaw Next 48 hours rewrite the top five weak answers corrected answers with MS labels Next week retry similar questions under time evidence that the error has changed Maintenance mix one Paper 1 drill into Paper 2 weeks,Lesson content and applicable syllabus row,NeedsFactReview,8ace3eefb0ee715e961c557d2f3a274feb8392c1b10a6ac192bf21d1004edba5
097,explanation-score-img-1,explanation-score,Raster image,Academic knowledge-point infographic explaining Turn a score into a repair priority with a structured visual model.,Interactive score analyser Mock score band Choose a score pattern to see the repair priority.,Lesson content and applicable syllabus row,NeedsFactReview,f46a010cb0e70c59b27d8a38e494a993944fe82ba82a7f89f5f9fce4c3a98cb8
097,overview-div-1,overview,HTML/CSS,Mock correction clinic visual,Mock correction clinic visual,Lesson content and applicable syllabus row,NeedsFactReview,bc49aa5db6deabc4eeb899f03dfbaea318240cb4d551a5592dc48f32c0cf8a60
098,explanation-concept-img-1,explanation-concept,Raster image,Academic knowledge-point infographic explaining An algorithm is a solution expressed as defined steps with a structured visual model.,"An algorithm is a solution to a problem expressed as a sequence of defined steps. Each step must be unambiguous, ordered where order matters and capable of being carried out. Identify what data is supplied, state the required transformation and state the exact result. Record limits, quantity requirements and supported assumptions. Check that every requirement maps to an input, process, output, constraint or assumption.",Lesson content and applicable syllabus row,NeedsFactReview,77e4e14abae4dacc02ae033a6ff657df0c1c91fa1b683ac2f2b41ce59731ed17
098,explanation-constraints-img-1,explanation-constraints,Raster image,Academic knowledge-point infographic explaining Constraints stop algorithms from wandering off with a structured visual model.,A range of 0 to 100 requires both limits to be checked. Exactly 10 supplied readings means the plan must process all 10 readings. A capacity of 30 bookings means a request beyond the remaining capacity must be rejected. Each stated constraint must have a specific consequence in the plan.,Lesson content and applicable syllabus row,NeedsFactReview,165e43c8a69ab871c217aac2c10814060e4c21a1b6eb9680779128fac6c9d23a
098,explanation-model-img-1,explanation-model,Raster image,Academic knowledge-point infographic explaining Use IPOC before choosing a representation with a structured visual model.,List each input and record its type or range when the problem supplies them. Write the required processing in ordered natural-language steps. State the exact required output. Record constraints and supported assumptions. Confirm completeness before choosing a representation.,Lesson content and applicable syllabus row,NeedsFactReview,631cf7c27334c4277ad86a95aa80c5378d42ceac75ab30f901e6242cfa52a667
098,overview-div-1,overview,HTML/CSS,Algorithm pipeline visual,Algorithm pipeline visual,Lesson content and applicable syllabus row,NeedsFactReview,dde83e4ef2290b482cb1a0d8d8bde6740d930391e9e88afc43b41c0be0072e90
099,explanation-abstraction-img-1,explanation-abstraction,Raster image,Academic knowledge-point infographic explaining Abstraction: keep the details that affect the algorithm with a structured visual model.,"Keep details that affect an input, rule, calculation, constraint or output. Ignore decoration that does not change the required result. Ask whether removing a detail would change the result. Explain why a detail is relevant or irrelevant rather than only labelling it.",Lesson content and applicable syllabus row,NeedsFactReview,b41386ce6c490681ff0c37087702a3e08aaf567bd857f51c593b9fc112d6fddd
099,explanation-decomposition-img-1,explanation-decomposition,Raster image,Academic knowledge-point infographic explaining Decomposition: split the problem into sub-problems with a structured visual model.,"Split the whole task into meaningful sub-problems with distinct responsibilities. Express the resulting design as program modules with clear inputs, processing and outputs. A module may become a procedure that performs an action or a function that returns a value. Confirm that all modules connect into one complete solution.",Lesson content and applicable syllabus row,NeedsFactReview,bbb24810e522d345429b1f5671249552d551b2d0ee593e274a7781dcdbba92fc
099,explanation-filter-img-1,explanation-filter,Raster image,Academic knowledge-point infographic explaining Keep or ignore details with a structured visual model.,Interactive abstraction filter,Lesson content and applicable syllabus row,NeedsFactReview,e71be4e2b28d308394f8254317ad0039cfa8ed68221537e13eb45c738aa5b505
099,explanation-pattern-img-1,explanation-pattern,Raster image,Academic knowledge-point infographic explaining Produce an abstract model with a structured visual model.,Underline the required output and keep only details that affect it. Create verb-based sub-problems with distinct responsibilities. State each sub-problem's input and output. Check that the parts collectively meet every requirement without gaps or overlap. The result is a natural-language responsibility plan ready for a later representation lesson.,Lesson content and applicable syllabus row,NeedsFactReview,d3231a40443ba082476f885572b31723a9ef73281c9ce7e0002fe1ca3f46d6fe
099,explanation-sorter-img-1,explanation-sorter,Raster image,Academic knowledge-point infographic explaining Classify the design move with a structured visual model.,"Interactive task sorter Design statement Choose a statement to see whether it demonstrates decomposition, abstraction or an error.",Lesson content and applicable syllabus row,NeedsFactReview,8555dcae1b65104dbb413f61440ec0ae34d6d9ab66a503725472ce817013d2c5
099,overview-div-1,overview,HTML/CSS,Decomposition and abstraction visual,Decomposition and abstraction visual,Lesson content and applicable syllabus row,NeedsFactReview,e9b86d767a2b49eaf8872aa8322fe367a54926bec3c20235a4f329168102cbdd
100,explanation-combining-img-1,explanation-combining,Raster image,Academic knowledge-point infographic explaining Real algorithms usually combine the three structures with a structured visual model.,Combining structures 1 Use sequence to initialise variables and read inputs. 2 Use iteration when the same action happens repeatedly. 3 Use selection inside the loop when each item needs a decision. 4 Use sequence after the loop to calculate or output final results. 5 Indent nested structures so the examiner can see the logic.,Lesson content and applicable syllabus row,NeedsFactReview,9c7447b855498a8cbfdc5e052d8b53319317825aafa1f5233c4bd14bc66cc914
100,explanation-iteration-img-1,explanation-iteration,Raster image,Academic knowledge-point infographic explaining Iteration: repeat steps with a structured visual model.,Knowledge explanation Use when Cambridge-style pattern Count-controlled the number of repeats is known FOR Count <- 1 TO 10 ... NEXT Count Condition-controlled repeat until a condition changes WHILE Number <> -1 ... ENDWHILE Repeat-until style the body must run at least once REPEAT ... UNTIL Valid = TRUE,Lesson content and applicable syllabus row,NeedsFactReview,e3abaad157d358c8044048fb4ea3535557534d5ac96abcb64bc55a4a9e994fbd
100,explanation-pseudocode-img-1,explanation-pseudocode,Raster image,Academic knowledge-point infographic explaining Cambridge pseudocode is the exam form; Java is support only with a structured visual model.,Initialise PassCount to zero before processing five marks. Input Mark inside the FOR loop and increment PassCount only when Mark is at least 50. Close the conditional with ENDIF before NEXT Count. Output PassCount after the loop.,Lesson content and applicable syllabus row,NeedsFactReview,df5bb1481f0dc41041b5541e5d532f50f8e23d247b545dd4c578832282c81952
100,explanation-selection-img-1,explanation-selection,Raster image,Academic knowledge-point infographic explaining Selection: choose a path using a condition with a structured visual model.,"Knowledge explanation Selection is used when the algorithm must decide between different actions. INPUT Mark IF Mark >= 50 THEN OUTPUT ""Pass"" OUTPUT ""Resit""",Lesson content and applicable syllabus row,NeedsFactReview,fbe14dc47fa145708f2145ff826acf9f2748e8e107c24862888fa888d6a67619
100,explanation-sequence-img-1,explanation-sequence,Raster image,Academic knowledge-point infographic explaining Sequence: steps run in a fixed order with a structured visual model.,"Knowledge explanation Sequence is used when every step must happen once, in order, with no branch and no repetition. INPUT Length INPUT Width Area <- Length * Width OUTPUT Area",Lesson content and applicable syllabus row,NeedsFactReview,011015d7485079b663a0c8b935c819b8044764356e1703a982ad1dcfc88548aa
100,overview-div-1,overview,HTML/CSS,Control structure visual,Control structure visual,Lesson content and applicable syllabus row,NeedsFactReview,e538672b590c3ace79558659d034077d3dff2618d8e72b202249d7b48e7949fb
101,explanation-equivalence-img-1,explanation-equivalence,Raster image,Academic knowledge-point infographic explaining A diamond becomes IF...THEN...ELSE with a structured visual model.,A flowchart decision diamond becomes an IF condition in pseudocode. The labelled Yes and No branches become THEN and ELSE branches. Close the selection with ENDIF after the two branches rejoin. Input Age before testing whether it is between 11 and 18 inclusive.,Lesson content and applicable syllabus row,NeedsFactReview,5db2c1905670caeec00c889a0b57462d888d299f88c9afd2cbbd75ca2a93802c
101,explanation-flowcharts-img-1,explanation-flowcharts,Raster image,Academic knowledge-point infographic explaining Flowcharts use symbols to show control flow with a structured visual model.,A terminator marks START or END; a parallelogram marks INPUT or OUTPUT. A rectangle marks a calculation or assignment; a diamond marks a yes/no decision. Flow lines show the next step and decision branches must be labelled. Every output value must first be assigned or input. A loop must contain a route that can change its condition.,Lesson content and applicable syllabus row,NeedsFactReview,a7b1769f3dfb7ded28779d23302fd9afa7143c8a6907291614796fbb7b74b95f
101,explanation-notation-img-1,explanation-notation,Raster image,Academic knowledge-point infographic explaining Readable notation earns marks more easily with a structured visual model.,"Notation rules One entry Flowcharts should have a clear start and a clear direction of travel. Decision labels Decision outputs should be labelled, usually Yes/No or True/False. Indentation Indented pseudocode shows which statements belong inside a branch or loop. Matching endings Use ENDIF, NEXT, ENDWHILE or equivalent to close a structure clearly. Meaningful names Use Mark, Total, Count, Found instead of X1 unless the question gives X1. No mixed syntax Do not mix Java braces with Cambridge pseudocode keywords in the same answer.",Lesson content and applicable syllabus row,NeedsFactReview,b2a33643fd13ecc12be7f3efb65ca8c9bea01ecceecef7d999ddb2c2a825022b
101,explanation-pseudocode-img-1,explanation-pseudocode,Raster image,Academic knowledge-point infographic explaining Cambridge-style pseudocode uses structured keywords with a structured visual model.,"Knowledge explanation Selection INPUT Mark IF Mark >= 50 THEN OUTPUT ""Pass"" OUTPUT ""Resit"" Count-controlled iteration Total <- 0 FOR Count <- 1 TO 5 Total <- Total + Mark NEXT Count OUTPUT Total",Lesson content and applicable syllabus row,NeedsFactReview,3f5cf156f3c0351f60bb84d6faf0d2bcbe07ca2627b5349c35862daf823a0585
101,explanation-structure-tool-img-1,explanation-structure-tool,Raster image,Academic knowledge-point infographic explaining Match scenario to pseudocode structure with a structured visual model.,Interactive structure tool Scenario clue Choose a clue to see the likely structure.,Lesson content and applicable syllabus row,NeedsFactReview,54132421b61cfe0befa097d6509a061c4473025e76ae0ac1870446f07c07829f
101,explanation-symbol-tool-img-1,explanation-symbol-tool,Raster image,Academic knowledge-point infographic explaining Choose the correct flowchart symbol with a structured visual model.,Interactive symbol tool Algorithm step Choose a step to see the matching symbol and reason.,Lesson content and applicable syllabus row,NeedsFactReview,3744144bfec7a91a3a4bc1a4153565f932591aa188a2ff74fd1007727be24f2c
101,overview-div-1,overview,HTML/CSS,Flowchart and pseudocode visual,Flowchart and pseudocode visual,Lesson content and applicable syllabus row,NeedsFactReview,66bb7121ce3fbe33a01dfb777f487d1cdf930e5ec7b84bb1cff7b957803a2b28
102,explanation-dry-run-img-1,explanation-dry-run,Raster image,Academic knowledge-point infographic explaining Dry run: execute the algorithm by hand with a structured visual model.,1 Copy the variable names into table columns. 2 Write initial values before the loop starts. 3 Use each input value in order. 4 Update variables exactly when pseudocode updates them. 5 Record output only when an OUTPUT statement is executed.,Lesson content and applicable syllabus row,NeedsFactReview,1686e606502039bb93773b355f6b4996cc88c0659f12268eee6ca0ebdf07253b
102,explanation-loops-img-1,explanation-loops,Raster image,Academic knowledge-point infographic explaining Loops make trace tables useful and slightly unforgiving with a structured visual model.,"Loop tracing Initialisation Variables such as Total and Count usually need a starting value before the loop. Update Record new values after assignment, not before. Condition For WHILE loops, check the condition before each iteration. Sentinel A sentinel value stops input and should usually not be processed as data. Output timing If OUTPUT is after the loop, output appears once at the end. Boundary Check whether loops run 5 times, 6 times, or one time too many.",Lesson content and applicable syllabus row,NeedsFactReview,3ee9e9c0d48121fd6205bc9e9553e061c71d991b6c29a97ae1b25c6a38407265
102,explanation-predictor-img-1,explanation-predictor,Raster image,Academic knowledge-point infographic explaining Predict the final output with a structured visual model.,Interactive output predictor Input set The pseudocode totals three input numbers and outputs Total.,Lesson content and applicable syllabus row,NeedsFactReview,2fcd84f35cf13975c6771cd7dc03373576e33b13ed8314c67ea77ad208e28967
102,explanation-pseudocode-img-1,explanation-pseudocode,Raster image,Academic knowledge-point infographic explaining Trace Cambridge pseudocode in the exam; Java is only a support view with a structured visual model.,"Initialise Total to zero before a three-iteration loop. Input one Number and add it to Total during each iteration. Output Total once after the loop has processed all three numbers. A Java support version must preserve the same input, accumulation and final output.",Lesson content and applicable syllabus row,NeedsFactReview,c33507d1f412a6f986bbfa27651ad7383da60be52dbf19e9c8f719108295c760
102,explanation-trace-table-img-1,explanation-trace-table,Raster image,Academic knowledge-point infographic explaining A trace table records variables after each change with a structured visual model.,"Knowledge explanation What it records Exam note Line / step which statement is being executed optional, but useful for debugging Input value the test data read by INPUT do not invent values not given by the question Variable columns current values of Count, Total, Mark, Found, etc. write changed values clearly",Lesson content and applicable syllabus row,NeedsFactReview,50ab36c550973723fd8d3e71f85c943725925b876696e6eeecf1d8c289daa2a6
102,overview-div-1,overview,HTML/CSS,Trace table visual,Trace table visual,Lesson content and applicable syllabus row,NeedsFactReview,2bdea59010282ac0646e72fc7aa7a0e96ac4623676ea9f7af16d3b17e303d1a9
103,explanation-checks-img-1,explanation-checks,Raster image,Academic knowledge-point infographic explaining Match the rule to the risk with a structured visual model.,LENGTH(Postcode) <= 8 is a maximum-length check. The rule accepts no more than eight characters and prevents input that is too long. It does not require exactly eight characters. Use equality or bounded limits only when an exact or minimum-and-maximum length is intended.,Lesson content and applicable syllabus row,NeedsFactReview,4edb027e0b075e107ad503ffdf7ea6eb2676172555371c7c2df5e6826c8beba0
103,explanation-defensive-img-1,explanation-defensive,Raster image,"Academic knowledge-point infographic explaining Reject bad input, then ask again with a structured visual model.","Defensive input handling 1 Input the value. 2 Test the validation condition. 3 If invalid, output a helpful message. 4 Repeat input until valid. 5 Process only the accepted value.",Lesson content and applicable syllabus row,NeedsFactReview,eefd57eb5ab7caeb6f9355ac128a02c62e2e938cce99e6577bad76e6f551f8dc
103,explanation-pseudocode-img-1,explanation-pseudocode,Raster image,Academic knowledge-point infographic explaining Use Cambridge-style validation loops in the exam with a structured visual model.,A post-condition validation loop starts with REPEAT and ends with UNTIL. Input Mark inside the loop so every retry obtains a replacement value. Close the invalid-mark selection with ENDIF before UNTIL. A Java do-while support version must begin with do and close its blocks correctly.,Lesson content and applicable syllabus row,NeedsFactReview,7104631277ea662b5ffa6fd9f12225750d679ed169915986de856d93735669d3
103,explanation-tester-img-1,explanation-tester,Raster image,Academic knowledge-point infographic explaining Test a mark against 0-100 with a structured visual model.,Interactive input tester Enter a mark and test whether it is valid.,Lesson content and applicable syllabus row,NeedsFactReview,7bcff4f22cecb03888ca065aeef6f051713cba9c4909110c2f282dd5f16899cf
103,explanation-validation-img-1,explanation-validation,Raster image,Academic knowledge-point infographic explaining Validation checks whether input follows a rule with a structured visual model.,"Knowledge explanation What validation does Validation rejects unacceptable input before processing. It can check range, presence, length, type, format, existence or check digit rules. What validation does not do Validation does not prove input is true. It checks whether input is reasonable or follows the expected pattern. Example: age 15 passes a school-age range check, but it might still be a lie.",Lesson content and applicable syllabus row,NeedsFactReview,7cef86f883fbe0fbca1cc52e175f184ef5cb9c562426c05fc3be98687794b54e
103,overview-div-1,overview,HTML/CSS,Validation pipeline visual,Validation pipeline visual,Lesson content and applicable syllabus row,NeedsFactReview,74b92dc4a346f80085eced7d2ea23881aca2f378548b9445f7c66ad7d36ebdf8
104,explanation-binary-img-1,explanation-binary,Raster image,Academic knowledge-point infographic explaining Binary search repeatedly halves a sorted list with a structured visual model.,"Binary search requires sorted data and repeatedly narrows the search interval. In Cambridge pseudocode, / performs real division and DIV performs integer division. Mid <- (Low + High) DIV 2
This produces an integer array index.",Lesson content and applicable syllabus row,NeedsFactReview,01f78e524ed5925fbbf669e707fc9d59eacab4febd6c0ef9bbd5640c9031021c
104,explanation-binary-tool-img-1,explanation-binary-tool,Raster image,Academic knowledge-point infographic explaining Trace binary search on sorted data with a structured visual model.,"Interactive binary trace Target in [13, 21, 42, 56, 70, 88, 91] Choose a target to trace low, mid and high.",Lesson content and applicable syllabus row,NeedsFactReview,f1edae78fb123a42bee450a00d668345a2098acaa4fee0d03ba9844868bc5dee
104,explanation-compare-img-1,explanation-compare,Raster image,Academic knowledge-point infographic explaining Choosing the right search with a structured visual model.,Comparison Linear search Binary search Data order works on unsorted or sorted data requires sorted data checks each item one by one checks middle and discards half Worst case may check every item checks far fewer items for large sorted lists Exam phrase,Lesson content and applicable syllabus row,NeedsFactReview,d0f9fd01a38294eb53af53758520f8eb24a3568f1e662a1660e730135532e3d2
104,explanation-linear-img-1,explanation-linear,Raster image,Academic knowledge-point infographic explaining Linear search checks each item in order with a structured visual model.,"Knowledge explanation How it works Start at the first item. Compare it with the target. If it matches, stop. If not, move to the next item until found or the list ends. When it is suitable Use it when data is unsorted, the list is small, or simplicity matters more than speed. Worst case: the target is last or absent, so every item may be checked.",Lesson content and applicable syllabus row,NeedsFactReview,c1ddf3e271eae49c0a5cb36bd930eeff66c9e3be08db6a5ba32dfe4aaf6e89d0
104,explanation-linear-tool-img-1,explanation-linear-tool,Raster image,Academic knowledge-point infographic explaining Trace linear search with a structured visual model.,"Interactive linear trace Target in [13, 42, 56, 70] Choose a target to trace comparisons.",Lesson content and applicable syllabus row,NeedsFactReview,16645f467e610aea5cdf1a6fb6fbf76db4787b3bf25cadc19351c2b90c2a8b97
104,explanation-pseudocode-img-1,explanation-pseudocode,Raster image,Academic knowledge-point infographic explaining Cambridge pseudocode is the exam format with a structured visual model.,"Initialise Found to FALSE and Index to the first valid position. While the target is not found and Index remains valid, compare the current item. Close the match selection with ENDIF, then increment Index. ENDWHILE closes the surrounding search loop.",Lesson content and applicable syllabus row,NeedsFactReview,2c82cdc11108ef74b9dec9c00e5d31c1bd53435858ebab4788ece03edd74be96
104,overview-div-1,overview,HTML/CSS,Search visual,Search visual,Lesson content and applicable syllabus row,NeedsFactReview,69e0598f7a13c0b1337ec6ca9834bb810a54d076155fd5e1063c2e3ad44412a4
105,explanation-bubble-img-1,explanation-bubble,Raster image,Academic knowledge-point infographic explaining Why bubble sort repeats adjacent comparisons through a cause-and-effect diagram.,"Bubble sort compares adjacent items and swaps an inverted pair. For [1, 4, 2, 5, 8], pass 2 makes one swap: 4 and 2. The resulting list is [1, 2, 4, 5, 8], and the next pass makes zero swaps.",Lesson content and applicable syllabus row,NeedsFactReview,a92483cd676ffe8550fc27376bb82e6b5083b557735cb4c27183a892ef0b1cbb
105,explanation-compare-img-1,explanation-compare,Raster image,Academic knowledge-point infographic explaining Why the sorts move data differently through a cause-and-effect diagram.,Bubble sort repairs local inversions through repeated neighbouring swaps. Insertion sort moves one key through an existing sorted region. Their movement patterns produce different trace states and operation counts.,Lesson content and applicable syllabus row,NeedsFactReview,cb1f2193bc6008e6e8b858313a206c5ed6d7462760fba8f5e9890c2a0db091d1
105,explanation-insertion-img-1,explanation-insertion,Raster image,Academic knowledge-point infographic explaining How insertion sort grows a sorted region through a cause-and-effect diagram.,"Treat the first item as an already sorted region. Remove the next key and shift larger sorted items right. Insert the key into the gap, expanding the sorted region.",Lesson content and applicable syllabus row,NeedsFactReview,cf1a6155fb50cb6ef0da1c9c0c6d4f21805f1d9849598c0a667e35a8babfda3c
105,explanation-pseudocode-img-1,explanation-pseudocode,Raster image,Academic knowledge-point infographic explaining Why a trace follows state through a cause-and-effect diagram.,"Record the variables and list at the agreed trace point. Apply exactly one comparison, swap, shift or insertion step. Write the new state before advancing the loop.",Lesson content and applicable syllabus row,NeedsFactReview,e0e696697882da03bfa11605acdef8d825a835df6c0eebe7d7b72640a4c9ecf3
105,overview-div-1,overview,HTML/CSS,Sorting visual,Sorting visual,Lesson content and applicable syllabus row,NeedsFactReview,dfc926f6195cc0776f9a388cc24aa085811aad1945d4daa5fb08f2bb8332bca7
106,explanation-fixed-img-1,explanation-fixed,Raster image,"Academic knowledge-point infographic explaining When the number of values is known, use a count-controlled loop with a structured visual model.","Fixed-count input Example: total and average of 4 scores Total <- 0 FOR Index <- 1 TO 4 INPUT Score Total <- Total + Score NEXT Index Average <- Total / 4 OUTPUT Average Trace focus For scores 72, 55, 91, 64, the total becomes 72, 127, 218, 282. The average is 70.5. Do not output the average inside the loop unless the question asks for a running average.",Lesson content and applicable syllabus row,NeedsFactReview,dd0f51e22e793c049c0eba9ae57d5f725f639dc22eeb4f9d575223121844aa16
106,explanation-initialise-img-1,explanation-initialise,Raster image,Academic knowledge-point infographic explaining The starting value decides whether the algorithm is honest with a structured visual model.,Initialise totals and counters to zero before processing values. Initialise Maximum and Minimum from the first real input value or from proven safe bounds. Compare each remaining value with Maximum and Minimum. Replace Maximum only when a larger value is found and Minimum only when a smaller value is found.,Lesson content and applicable syllabus row,NeedsFactReview,9407b58e42d17839a9c03dfb73a600edf487537740f1b764957cd2d9178bc448
106,explanation-patterns-img-1,explanation-patterns,Raster image,Academic knowledge-point infographic explaining Four running-value patterns with a structured visual model.,"Knowledge explanation Start with a concrete list, then name the algorithm pattern. Variable Update rule Total <- Total + Value running sum of values Count <- Count + 1 when a value is processed or meets a condition number of items Maximum replace when Value > Maximum largest value seen so far Minimum",Lesson content and applicable syllabus row,NeedsFactReview,9f15ee55677a2dae7d822b3eeb71043bfe740ea04735d958c9affe884dc78d66
106,explanation-pseudocode-img-1,explanation-pseudocode,Raster image,Academic knowledge-point infographic explaining Use Cambridge assignment and loop keywords in exam answers with a structured visual model.,Initialise Total and PassCount to zero before processing five marks. Every input mark is added to Total. Increment PassCount only when Mark is at least 50 and close that selection with ENDIF. Output Total and PassCount after NEXT Index.,Lesson content and applicable syllabus row,NeedsFactReview,0cd1f3d22d14ba6202c2effc973e95ceb8f7b83c5b52d873efa6a9f3a2e603ff
106,explanation-sentinel-img-1,explanation-sentinel,Raster image,"Academic knowledge-point infographic explaining When input stops on a special value, do not process the sentinel with a structured visual model.","Initialise Total and Count, then input the first Number. While Number is not -1, add it to Total and increment Count. Input the next Number at the end of the WHILE body before ENDWHILE. The sentinel -1 stops the loop and is not added or counted.",Lesson content and applicable syllabus row,NeedsFactReview,edb0bfaa8e2bb4e82b1e0aff0f698ca4fe76de0366c8d6e71088d5516a98af0d
106,explanation-trace-tool-img-1,explanation-trace-tool,Raster image,Academic knowledge-point infographic explaining Watch running variables change with a structured visual model.,"Interactive trace simulator Data set Choose a data set and goal, then trace the algorithm.",Lesson content and applicable syllabus row,NeedsFactReview,a5940baee478f7d066631cf92a502593aceaf4616b5e98de8ffe1129816b2ac3
106,overview-div-1,overview,HTML/CSS,Accumulator visual,Accumulator visual,Lesson content and applicable syllabus row,NeedsFactReview,8c85940a672ff7a9f78b146373438e3fbd6ffccf3c3b7ac5fac72b5a5d8ec38f
107,explanation-build-img-1,explanation-build,Raster image,Academic knowledge-point infographic explaining Some algorithms construct a new string one character at a time with a structured visual model.,"Building output Remove spaces from a string NewString <- """" FOR Index <- 1 TO LENGTH(Text) Character <- character at position Index IF Character <> "" "" THEN NewString <- NewString & Character NEXT Index OUTPUT NewString Why concatenation matters For ""A S"", the algorithm appends A, skips the space, then appends S. The result is ""AS"".",Lesson content and applicable syllabus row,NeedsFactReview,2c9c4d8867bd954163ebfb422e6b94512b52349b9857d59c69f37ab69130ed18
107,explanation-model-img-1,explanation-model,Raster image,"Academic knowledge-point infographic explaining A string algorithm needs position, character and stopping point with a structured visual model.","Knowledge explanation Concrete model In Cambridge-style reasoning, text is processed by taking one character at a time from a known position. Word <- ""DATA"" FOR Index <- 1 TO LENGTH(Word) Character <- character at position Index OUTPUT Character NEXT Index Trace for ""DATA"" Character",Lesson content and applicable syllabus row,NeedsFactReview,4fae0d3958d647cda9e9bf231a941958129a1e956146cd0990fb9dc4c03b242b
107,explanation-patterns-img-1,explanation-patterns,Raster image,Academic knowledge-point infographic explaining Most AS string algorithms are four familiar patterns with a structured visual model.,Core patterns State variable Typical condition Character = Target number of matches Found flag Character = Target true/false or position Validate Valid flag character is allowed / not allowed valid or invalid,Lesson content and applicable syllabus row,NeedsFactReview,ef2f43bbf08cae9fff8cf02b014314053784a6cadedd6ad16a03a0042ed81104
107,explanation-pseudocode-img-1,explanation-pseudocode,Raster image,Academic knowledge-point infographic explaining Keep exam pseudocode readable and avoid Java indexing leakage with a structured visual model.,"Visit each character position in Word and normalise the current character with UCASE. Increment VowelCount only when the character is A, E, I, O or U. Close the vowel selection with ENDIF before NEXT Index. Output VowelCount after the loop.",Lesson content and applicable syllabus row,NeedsFactReview,090655d556723d3b3b35f35bbee2ad2a29e36a03ece76ab55c76367e5c28e810
107,explanation-scanner-img-1,explanation-scanner,Raster image,Academic knowledge-point infographic explaining Trace character processing with a structured visual model.,"Interactive string scanner Operation Choose text and operation, then trace the string.",Lesson content and applicable syllabus row,NeedsFactReview,dbcd46dc4c8eee90e5c15e7e8236400d16c9d7ef373bfb26b46481f38236745e
107,overview-div-1,overview,HTML/CSS,String visual,String visual,Lesson content and applicable syllabus row,NeedsFactReview,799d48a12a0338f830584bddc7040f919ee07431e458339320c1c34d2481f1ca
108,explanation-counting-img-1,explanation-counting,Raster image,Academic knowledge-point infographic explaining Total visits = outer repetitions x inner repetitions with a structured visual model.,"Counting steps FOR Row <- 1 TO 2 FOR Column <- 1 TO 3 OUTPUT ""*"" NEXT Column NEXT Row Count it The OUTPUT ""*"" statement runs 2 x 3 = 6 times. The inner loop runs fully for Row 1, then fully again for Row 2. Do not add 2 + 3. Nested loop visits multiply when every inner loop runs for every outer loop value.",Lesson content and applicable syllabus row,NeedsFactReview,de38ff68cedc5e92ece2cee4d631bb48adcd22359d0f5577af4b0b7525c650d4
108,explanation-model-img-1,explanation-model,Raster image,"Academic knowledge-point infographic explaining Outer loop first, inner loop second with a structured visual model.","Choose nested-loop order from the required traversal and grouping, not from which range is wider. The outer-loop value changes less frequently. The inner loop completes its full traversal for every outer-loop value. In row-major traversal, hold one row while visiting every column, then advance the row.",Lesson content and applicable syllabus row,NeedsFactReview,bb51217fbe5323170d04cb2a707dbc67fed2ebb4b6e333742e125dfdfade1968
108,explanation-pseudocode-img-1,explanation-pseudocode,Raster image,Academic knowledge-point infographic explaining Indentation is evidence in nested loops with a structured visual model.,Use an outer loop for three rows and an inner loop for four columns. Calculate Product from the current Row and Column inside the inner loop. Output Product during every inner-loop iteration. A corresponding Java support version must also output each product.,Lesson content and applicable syllabus row,NeedsFactReview,584d4f1b3e5ba5f1503d3b4722c98400263d87bc9910706d36be71007b10110f
108,explanation-reset-img-1,explanation-reset,Raster image,Academic knowledge-point infographic explaining Put row-level variables inside the outer loop with a structured visual model.,Reset rules Correct: row total resets for each row GrandTotal <- 0 FOR Row <- 1 TO 3 RowTotal <- 0 FOR Column <- 1 TO 4 INPUT Mark RowTotal <- RowTotal + Mark NEXT Column OUTPUT RowTotal GrandTotal <- GrandTotal + RowTotal NEXT Row,Lesson content and applicable syllabus row,NeedsFactReview,a7be85797998cf7b631a6d592540169d39cfe8343199e72cfba03e446983f314
108,explanation-table-img-1,explanation-table,Raster image,Academic knowledge-point infographic explaining Table-style problems usually scan row by row with a structured visual model.,Table traversal Problem type Outer loop Inner loop Typical output Grid / table cell coordinates or cell values Class marks students subjects/tests row total or average per student Multiplication table,Lesson content and applicable syllabus row,NeedsFactReview,49aa3699728c007e9bfe01b7e1222a1691b93257906a09949b1867e98fa631b1
108,overview-div-1,overview,HTML/CSS,Nested loop visual,Nested loop visual,Lesson content and applicable syllabus row,NeedsFactReview,877d3744c5e1ab6037cd9b3dd353a922a6109b8b1c29543d716cefd9752d29c1
109,explanation-cases-img-1,explanation-cases,Raster image,Academic knowledge-point infographic explaining The same algorithm can behave differently on different inputs with a structured visual model.,"Best and worst cases Linear search Found <- FALSE Index <- 1 WHILE Found = FALSE AND Index <= Length IF List[Index] = Target THEN Found <- TRUE Index <- Index + 1 ENDWHILE Case language Best case: target is first, so only 1 comparison. Worst case: target is last or absent, so all n items may be checked. Do not say ""linear search is always slow"". It can be quick in the best case, but grows linearly in the worst case.",Lesson content and applicable syllabus row,NeedsFactReview,424809ba65bb5863719707e824525416dbc59ee85c85791e01299cfd3f39ae44
109,explanation-estimator-img-1,explanation-estimator,Raster image,Academic knowledge-point infographic explaining Estimate the work with a structured visual model.,"Interactive step estimator Input size n Algorithm pattern Choose a size and pattern, then estimate the number of steps.",Lesson content and applicable syllabus row,NeedsFactReview,cf3542d5d4defd886645ca7dc2420484c9cd09faf24f12a0dbe7c1f0585579db
109,explanation-loops-img-1,explanation-loops,Raster image,Academic knowledge-point infographic explaining Loops reveal how work grows with a structured visual model.,Loop growth Structure Work for n items AS-level explanation Single loop total all marks n additions one step per item Nested loop n rows and n columns n x n visits inner loop repeats for every outer value,Lesson content and applicable syllabus row,NeedsFactReview,74dee86c54eb829284de0c41c4b2ef0431e6170bd7e12c96fcdce11766421356
109,explanation-measure-img-1,explanation-measure,Raster image,Academic knowledge-point infographic explaining Efficiency is about resources used with a structured visual model.,"Knowledge explanation What to count Exam wording Common error comparisons, loop repetitions, steps fewer checks / fewer iterations ""faster"" without reason extra variables, arrays, copied data uses less memory / no extra list ignoring memory when data is copied Input size number of items, characters, rows, columns",Lesson content and applicable syllabus row,NeedsFactReview,fd8957692caa91c2b2977f8b0a12d54b5642f0fab8ea3eb9eb978566f36bab24
109,explanation-pseudocode-img-1,explanation-pseudocode,Raster image,Academic knowledge-point infographic explaining Efficiency explanations are language-independent with a structured visual model.,"A linear search compares Target with each visited list item. Set Found to TRUE only inside the matching IF branch. Close the selection with ENDIF before NEXT Index. Without early exit, the algorithm can perform up to Length comparisons in either language.",Lesson content and applicable syllabus row,NeedsFactReview,03edd1c45fe198d5f970e3f029a06b4dd82dbee6828dbe235a0210a9755665d2
109,explanation-search-img-1,explanation-search,Raster image,Academic knowledge-point infographic explaining Linear search checks one by one; binary search halves a sorted list with a structured visual model.,"Search comparison Linear search on 8 items Worst case: check item 1, 2, 3, 4, 5, 6, 7, 8. That is up to 8 comparisons. [3, 8, 11, 18, 25, 31, 40, 52] target 52 -> 8 comparisons Binary search on sorted 8 items Compare the middle item, discard half, repeat. For 8 items, the target is found or ruled out in about 4 checks. middle 18 -> search right middle 31 -> search right middle 40 -> search right middle 52 -> found",Lesson content and applicable syllabus row,NeedsFactReview,8dea7f90d1a4c1398234a542517846b6660c58e17853333cd2c0675694a96d1f
109,overview-div-1,overview,HTML/CSS,Efficiency visual,Efficiency visual,Lesson content and applicable syllabus row,NeedsFactReview,7e4fde3f6616fd7f3d25ada01f6eeb5c30a0eea221053a9fb1383c55756c1873
110,explanation-cleaner-img-1,explanation-cleaner,Raster image,Academic knowledge-point infographic explaining Convert Java-like syntax into Cambridge-style pseudocode with a structured visual model.,Interactive Java cleaner Java-like fragment Choose a fragment to convert.,Lesson content and applicable syllabus row,NeedsFactReview,2f2e0d8ccc9c0b85f123f15750532859973c1e8b169173ad3133ae2cbd85e065
110,explanation-conversion-img-1,explanation-conversion,Raster image,"Academic knowledge-point infographic explaining Convert meaning first, syntax second with a structured visual model.","Preserve the algorithm's meaning before converting notation or syntax. Rename abbreviated draft variables toward clearer names: m to Mark, i to Index and pc to PassCount. Use Cambridge blocks after the inputs, processing and outputs are defined. Trace the completed algorithm once to verify where each value changes.",Lesson content and applicable syllabus row,NeedsFactReview,520ecc31f8077987bae0ebbfa002735bb31f40d59cee3d75334eea01c787b204
110,explanation-java-img-1,explanation-java,Raster image,Academic knowledge-point infographic explaining Keep Java syntax out of Paper 2 unless Java is explicitly requested with a structured visual model.,"Java braces, semicolons and increment operators are support syntax, not Cambridge pseudocode. In Cambridge pseudocode, initialise PassCount and iterate over explicitly defined array positions. Increment PassCount only when the current mark is at least 50. Close the conditional with ENDIF before NEXT Index.",Lesson content and applicable syllabus row,NeedsFactReview,03c009b796a2be295e6e8209282bf01bd42f34cf6bb4197b0718c1e9a75a40bb
110,explanation-notation-img-1,explanation-notation,Raster image,Academic knowledge-point infographic explaining Use the symbols that make algorithm intent visible with a structured visual model.,Core notation Cambridge-style pseudocode Java support only Exam note Assignment Total <- Total + 1 total = total + 1; <- shows value is stored INPUT Mark scanner.nextInt() name the value being read OUTPUT Total,Lesson content and applicable syllabus row,NeedsFactReview,b16b3901ea6c1d571351f146aedb1352fb368ad117deafec0445a4c094224849
110,explanation-readability-img-1,explanation-readability,Raster image,Academic knowledge-point infographic explaining A marker should not need detective training with a structured visual model.,"Readability Weak answer Improved answer Why it helps Identifier x, y, z Mark, Total, PassCount purpose is visible Indentation all lines aligned nested lines indented block ownership is clear",Lesson content and applicable syllabus row,NeedsFactReview,f5da824953e0b80c39b4624d61943922b5c0745ccefe1368456a3f9b2e6a9f47
110,explanation-structure-img-1,explanation-structure,Raster image,Academic knowledge-point infographic explaining Every opening should have a visible ending with a structured visual model.,"Block structure Readable selection IF Mark >= 50 THEN OUTPUT ""Pass"" OUTPUT ""Resit"" ENDIF makes the selection boundary clear. Readable loop FOR Index <- 1 TO 5 INPUT Mark Total <- Total + Mark NEXT Index NEXT Index shows which loop is ending, useful when loops are nested.",Lesson content and applicable syllabus row,NeedsFactReview,b89ca4f0ab136864a44165a853e59459b9490ab4446bb337afbcdca6df59793c
110,overview-div-1,overview,HTML/CSS,Pseudocode visual,Pseudocode visual,Lesson content and applicable syllabus row,NeedsFactReview,a7c781be57a58914937b69c5df72bdcfb4e3564cd5d3a601d274d182b0734f9c
111,explanation-analyser-img-1,explanation-analyser,Raster image,Academic knowledge-point infographic explaining Stepwise refinement turns a high-level algorithm into implementable modules with a structured visual model.,"Stepwise refinement starts with a high-level algorithm and repeatedly replaces each complex step with a smaller sequence of defined substeps. Refinement stops when every step is precise enough to implement and its input and output are clear. At each level, preserve the parent step's purpose and input-process-output relationship. Related substeps can be expressed as program modules, including procedures that perform actions and functions that return calculated values. Every level must reduce ambiguity and collectively remain a complete solution.",Lesson content and applicable syllabus row,NeedsFactReview,8c88ce8b8b1cd393f4011b5947659d3e78f58e85323b7aff81959499621752b3
111,explanation-ipoc-img-1,explanation-ipoc,Raster image,Academic knowledge-point infographic explaining Turn paragraphs into a design table with a structured visual model.,"IPOC reading Question to ask Example evidence Algorithm consequence What data is provided? mark, price, password, reading use INPUT or given array/list item What must be calculated or checked? total, maximum, validation, search choose assignment, IF, loop What must be displayed or returned? message, total, average, position",Lesson content and applicable syllabus row,NeedsFactReview,16cc84c9b6e91ba775def7d2184c0dcfc14e59b58fd22b80f19bf8f97dc21a9b
111,explanation-pseudocode-img-1,explanation-pseudocode,Raster image,Academic knowledge-point infographic explaining Design in Cambridge pseudocode first; use Java only to support testing with a structured visual model.,Initialise PassCount before processing five marks. Input one Mark per iteration and increment PassCount only when Mark is at least 50. Close the conditional with ENDIF before NEXT Index. Output the final PassCount after the loop in both equivalent forms.,Lesson content and applicable syllabus row,NeedsFactReview,0f97ebe459ff12ebd20f22b8d2792bcd7559b696e226fe85b6bd0513d9c818f8
111,explanation-requirements-img-1,explanation-requirements,Raster image,Academic knowledge-point infographic explaining Words in the question usually signal a control structure with a structured visual model.,"Requirements Likely structure Variables exactly / for each / ten values count-controlled loop Index, Total, Count input 10 marks until / while / sentinel condition-controlled loop Number, Total, Count input until -1 if / otherwise / valid",Lesson content and applicable syllabus row,NeedsFactReview,61ba1f3a9feb4672b752eef517901eea79b0aab89eb4acff9edd8a076931f021
111,explanation-structures-img-1,explanation-structures,Raster image,Academic knowledge-point infographic explaining Pick the structure before writing the pseudocode with a structured visual model.,Control choice Known count Total <- 0 FOR Index <- 1 TO 5 INPUT Mark Total <- Total + Mark NEXT Index OUTPUT Total Use when the number of repetitions is given. Unknown count with sentinel WHILE Mark <> -1 ENDWHILE,Lesson content and applicable syllabus row,NeedsFactReview,cd6b8527f0cc2fb6d4be892cd7d6c1bc868590d7c464d82e1eb439934a68f62c
111,overview-div-1,overview,HTML/CSS,Scenario visual,Scenario visual,Lesson content and applicable syllabus row,NeedsFactReview,71b0deb087cd7eec30c31c25e2d429731d8e68d057e6f2bc269d8833cc0c0d9b
112,explanation-fixer-img-1,explanation-fixer,Raster image,Academic knowledge-point infographic explaining Turn vague answers into mark-worthy answers with a structured visual model.,Interactive answer fixer Weak answer Choose a weak answer to see a stricter version.,Lesson content and applicable syllabus row,NeedsFactReview,0e8903e3ee8813ad19df40a1ca256e79f56282f93be292afdfc19997e4045321
112,explanation-patterns-img-1,explanation-patterns,Raster image,Academic knowledge-point infographic explaining Match the scenario to the correct algorithm pattern with a structured visual model.,Pattern choice Scenario clue Core pseudocode feature One precise explanation exactly 10 readings Count-controlled loop FOR Index <- 1 TO 10 The number of repetitions is known before the loop starts. until 0 is entered Condition-controlled loop WHILE Value <> 0 The number of repetitions depends on input values.,Lesson content and applicable syllabus row,NeedsFactReview,d01b58c6292eec9bc3944550a940cdc9613d968e45e570afacd2ac0b8ddf13cb
112,explanation-pseudocode-img-1,explanation-pseudocode,Raster image,Academic knowledge-point infographic explaining Paper 2 wants readable Cambridge-style pseudocode with a structured visual model.,"Initialise Total and Count, then input the first Value. While Value is not -1, add it to Total and increment Count. Input the next Value inside the WHILE body before ENDWHILE. If Count is greater than zero, calculate Average using real division and output it. Java may support understanding but is not the Cambridge pseudocode answer format.",Lesson content and applicable syllabus row,NeedsFactReview,c84dbd05c40da16cbdd62ac65b78b77d308f7e851582017ba3055e40d1f2f920
112,explanation-retrieval-img-1,explanation-retrieval,Raster image,Academic knowledge-point infographic explaining Section 9 in one page with a structured visual model.,"Retrieval map Signal words Expected mechanism Typical marking error IPOC / decomposition scenario, requirements, constraints break problem into inputs, processing, outputs and rules copying the story without design decisions Trace tables dry run, trace, values after each loop update variables row by row in execution order jumping to final answer and missing intermediate states",Lesson content and applicable syllabus row,NeedsFactReview,f4d1490756c926cff3e94aa4a38e49e50e3edc72cfaf80282f4310801d3e60ca
112,explanation-triage-img-1,explanation-triage,Raster image,Academic knowledge-point infographic explaining Turn question wording into an algorithm plan with a structured visual model.,"Scenario triage Step 1: Output first Ask: what must be displayed, returned or stored at the end? The final output tells you which variables need to exist. Output needed: average rainfall Therefore: Total is needed Count is needed Average <- Total / Count Step 2: Stop condition Ask: does the question state a fixed number of values, or does input continue until a condition is met? Exactly 7 days -> FOR Day <- 1 TO 7 Until -1 entered -> WHILE Value <> -1",Lesson content and applicable syllabus row,NeedsFactReview,f3be2719ae209f602a70ef641bb6cd68f550ed32f9a6aa6874ee8a9d60b828e5
112,overview-div-1,overview,HTML/CSS,Review visual,Review visual,Lesson content and applicable syllabus row,NeedsFactReview,dc8a5a8821f9e804a409a4d69c48cf6e401bcca01f34a02e71a345818f66c4c6
113,explanation-built-in-img-1,explanation-built-in,Raster image,Academic knowledge-point infographic explaining Core AS-level data types with a structured visual model.,"Built-in types Good example Do not use for whole numbers Score, Count, Quantity values needing decimals numbers with fractional parts Temperature, Mass, Average exact counters or indexes TRUE or FALSE Found, IsValid, HasPaid more than two possible states",Lesson content and applicable syllabus row,NeedsFactReview,30677fcf527eed852cb97532d19f98c726f85031b1b8805bb6da79af76942922
113,explanation-choose-img-1,explanation-choose,Raster image,"Academic knowledge-point infographic explaining Use the scenario, not the surface appearance with a structured visual model.","INTEGER stores whole numbers and REAL stores values that may have a fractional part. Both INTEGER and REAL values can be used in arithmetic. First decide whether a value is numeric, then choose INTEGER for whole-only values or REAL when fractions are possible.",Lesson content and applicable syllabus row,NeedsFactReview,62d185a8980b8486be123a29fedbc710c1c27f661a914f1bb3a1345da6149fd2
113,explanation-pseudocode-img-1,explanation-pseudocode,Raster image,Academic knowledge-point infographic explaining The eight Cambridge pseudocode type names with a structured visual model.,"Cambridge pseudocode uses INTEGER, REAL, CHAR, STRING, BOOLEAN and DATE for scalar values. The Version 2 Notes also name ARRAY and FILE among the pseudocode data types. Select a type from the value's meaning and required operations; numeric-looking identifiers may still require STRING.",Lesson content and applicable syllabus row,NeedsFactReview,2cd69cf5492052f57a44575b7f734cc99a6b21624c515da7eaef8cae4ad207ca
113,explanation-user-defined-img-1,explanation-user-defined,Raster image,Academic knowledge-point infographic explaining When built-in types are not descriptive enough with a structured visual model.,"TYPE TStudent
    DECLARE Name : STRING
    DECLARE Mark : INTEGER
ENDTYPE Fields of different data types are declared between TYPE and ENDTYPE. DECLARE Student1 : TStudent
Declare variables of the record type only after ENDTYPE.",Lesson content and applicable syllabus row,NeedsFactReview,0353b925b1564e54738c0d5b9c416f3891b3f587dd6582207adbe84b1cb883b2
113,explanation-why-types-img-1,explanation-why-types,Raster image,Academic knowledge-point infographic explaining A type controls meaning and valid operations with a structured visual model.,A data type determines which operations are meaningful for a stored value. A BOOLEAN can control a decision and a DATE can be compared with another date. Close every structured IF example with ENDIF. Choosing the correct type does not replace validation against the problem's allowed range.,Lesson content and applicable syllabus row,NeedsFactReview,8865a11139b11add48d5b07c6b9bb48f531774b198cc03115a7557941d8a7d6c
113,overview-div-1,overview,HTML/CSS,Data type visual,Data type visual,Lesson content and applicable syllabus row,NeedsFactReview,9bd7cb96ce59cf117136f77a0b8e395687f7be088d2f12a383839200c299d2d7
114,explanation-assignment-img-1,explanation-assignment,Raster image,"Academic knowledge-point infographic explaining Right side first, left side second with a structured visual model.",Assignment Statement Total <- 0 Total is set to 0 initialises Total Total <- Total + Mark Total becomes old Total plus Mark running total update Count <- Count + 1 Count is incremented counter update Found <- TRUE,Lesson content and applicable syllabus row,NeedsFactReview,7f33028ec5cc733b7a5ada8ffe1bad1bae0f13bfe6bfcf3e455a9596190d14b4
114,explanation-constants-img-1,explanation-constants,Raster image,Academic knowledge-point infographic explaining Name fixed values so the algorithm explains itself with a structured visual model.,"Constants Without a constant IF Mark >= 50 THEN OUTPUT ""Pass"" The value 50 appears without explaining its role. With a constant CONSTANT PassMark = 50 IF Mark >= PassMark THEN The identifier documents the meaning of the fixed value. Exam point: changing a constant later is a contradiction. If it must change during execution, it should be a variable.",Lesson content and applicable syllabus row,NeedsFactReview,613b53dbc3e9391254b6678137250d37572134a4a8d5a13f790b6dc0211faf4c
114,explanation-declare-img-1,explanation-declare,Raster image,Academic knowledge-point infographic explaining Declaration gives a name and a type before use with a structured visual model.,Declare variables Cambridge-style pseudocode Whole-number counter DECLARE Count : INTEGER Count can store whole numbers Decimal total DECLARE Price : REAL Price can store decimal values True/false state DECLARE Found : BOOLEAN Found can store TRUE or FALSE Text value,Lesson content and applicable syllabus row,NeedsFactReview,53ed034a540b837ece5ed5e2745639885c9f32407308ed044d520357bfc8c623
114,explanation-model-img-1,explanation-model,Raster image,Academic knowledge-point infographic explaining Identifiers name storage locations with a structured visual model.,"Memory model Variable A named storage location whose value can change while the algorithm runs. DECLARE Count : INTEGER Count <- 0 Count <- Count + 1 Constant A named value that should remain fixed. Use it when the same fixed value is used in several places. CONSTANT MaxMark = 100 CONSTANT VATRate = 0.2 Assignment Assignment evaluates the right-hand expression first, then stores the result in the left-hand variable.",Lesson content and applicable syllabus row,NeedsFactReview,5a6672e02d6be90941cb182e6a4e605f92ab14c369c6ab77475931e7a4fcae30
114,explanation-pseudocode-img-1,explanation-pseudocode,Raster image,"Academic knowledge-point infographic explaining The symbol changes, the update idea does not with a structured visual model.",Pseudocode vs Java Cambridge-style pseudocode CONSTANT PassMark = 50 DECLARE Mark : INTEGER DECLARE Passed : BOOLEAN INPUT Mark Passed <- Mark >= PassMark Java support only final int PASS_MARK = 50; int mark = input.nextInt(); boolean passed = mark >= PASS_MARK; Paper 2 reminder: use Cambridge-style assignment <- in pseudocode. Java uses = for assignment.,Lesson content and applicable syllabus row,NeedsFactReview,8d6ecff74bf87e0cfee545b3ab425de0947e093a01d32a4f85a600e98a0f30ea
114,overview-div-1,overview,HTML/CSS,Assignment visual,Assignment visual,Lesson content and applicable syllabus row,NeedsFactReview,619303e2be1c87ef70143bd575307e3709467766dd894d893bbc17af005f9e31
115,explanation-access-img-1,explanation-access,Raster image,Academic knowledge-point infographic explaining The index points to exactly one element with a structured visual model.,"Cambridge array declarations state an explicit lower and upper bound. Valid indexes follow the declared bounds and are not universally zero-based. Label 0 to n-1 as a chosen zero-based example, or use the lesson's declared bounds consistently.",Lesson content and applicable syllabus row,NeedsFactReview,e0de66a791f47e153f6a4a02eafe3285ea966abb552decf9ffcb10a50eed10bd
115,explanation-declare-img-1,explanation-declare,Raster image,Academic knowledge-point infographic explaining Bounds say which indexes are valid with a structured visual model.,"Declare arrays Cambridge-style pseudocode Valid indexes Five integer scores DECLARE Scores : ARRAY[1:5] OF INTEGER 1, 2, 3, 4, 5 Ten names DECLARE Names : ARRAY[1:10] OF STRING 1 to 10 inclusive Seven temperatures DECLARE Temp : ARRAY[1:7] OF REAL 1 to 7 inclusive",Lesson content and applicable syllabus row,NeedsFactReview,476db424668634cad31925a3ec5c04a8f6effb8c44b3e0bfd18b71aa1f20cfdc
115,explanation-lookup-img-1,explanation-lookup,Raster image,Academic knowledge-point infographic explaining Access one element with a structured visual model.,"Interactive index lookup Array: Scores[1:5] = 42, 67, 55, 81, 49.",Lesson content and applicable syllabus row,NeedsFactReview,4da93a4ddaa58948a9d3be2b1e4372db819be1d391ff38e159db8654335b03e3
115,explanation-model-img-1,explanation-model,Raster image,Academic knowledge-point infographic explaining A one-dimensional array is a linear collection with a structured visual model.,"Array model Same identifier All elements belong to one array name. Same type At AS level, an array stores elements of the same data type. ARRAY[1:5] OF INTEGER Indexed access An index selects one element. Scores[3] Scores[Index]",Lesson content and applicable syllabus row,NeedsFactReview,b68ec5fd2c348fd1edbf87a77049f44a125064c9497f79dd00f8572c6ef5c777
115,explanation-pseudocode-img-1,explanation-pseudocode,Raster image,Academic knowledge-point infographic explaining Cambridge bounds and Java indexes are not the same habit with a structured visual model.,Pseudocode vs Java Cambridge-style pseudocode DECLARE Scores : ARRAY[1:5] OF INTEGER FOR Index <- 1 TO 5 INPUT Scores[Index] NEXT Index Java support only int[] scores = new int[5]; for (int index = 0; index < 5; index++) { scores[index] = input.nextInt(); Paper 2 reminder: Cambridge pseudocode may use bounds such as ARRAY[1:5] . Do not import Java's zero-based indexing unless the question states it.,Lesson content and applicable syllabus row,NeedsFactReview,9b70becd415d6308c0dc013fdc6882a2fbe96586102e3a972fa8a8958753b342
115,explanation-traversal-img-1,explanation-traversal,Raster image,Academic knowledge-point infographic explaining Use a loop to visit every element with a structured visual model.,"Traversal Input all scores FOR Index <- 1 TO 5 INPUT Scores[Index] NEXT Index Total all scores Total <- 0 Total <- Total + Scores[Index] OUTPUT Total The loop bounds must match the declared array bounds. If the array is 1:5, index 0 and index 6 are out of range.",Lesson content and applicable syllabus row,NeedsFactReview,612bdc49846c67d763482fb6a9e61bb6a9856149e2b58dd1637b1f35199dd052
115,overview-div-1,overview,HTML/CSS,One-dimensional array visual,One-dimensional array visual,Lesson content and applicable syllabus row,NeedsFactReview,e325f8bd2a64164f3a27f2bfa3618a3e0f81c0e3facba4e90dc96f90364851b3
116,explanation-access-img-1,explanation-access,Raster image,Academic knowledge-point infographic explaining A cell needs row and column with a structured visual model.,"Access and update Read one cell OUTPUT Marks[2, 3] Outputs the value in row 2, column 3. Update one cell Marks[2, 3] <- Marks[2, 3] + 1 Only that cell changes; other rows and columns are untouched.",Lesson content and applicable syllabus row,NeedsFactReview,86bb61cfe176f2569dcd6c14c065893029f4e4c799d540e38cdfdb09cfe9d3cc
116,explanation-declare-img-1,explanation-declare,Raster image,Academic knowledge-point infographic explaining Two dimensions need two ranges with a structured visual model.,"Declare 2D arrays Cambridge-style pseudocode Valid cells 3 by 4 mark table DECLARE Marks : ARRAY[1:3, 1:4] OF INTEGER 3 rows, 4 columns, 12 cells 5 by 7 temperatures DECLARE Temp : ARRAY[1:5, 1:7] OF REAL 5 rows, 7 columns, 35 cells 10 by 10 grid DECLARE Grid : ARRAY[1:10, 1:10] OF BOOLEAN 100 Boolean cells",Lesson content and applicable syllabus row,NeedsFactReview,776aa3ec8be618a729dea28a40befbd008f72f17fd7c6571f1ecb88581883020
116,explanation-lookup-img-1,explanation-lookup,Raster image,"Academic knowledge-point infographic explaining Read Marks[Row, Column] with a structured visual model.","Interactive cell lookup Array: Marks[1:3, 1:4]. Choose a row and column.",Lesson content and applicable syllabus row,NeedsFactReview,e065e7c41abe850963f214a19de6a8b81bec198578da1c03a16f59a7faceb917
116,explanation-model-img-1,explanation-model,Raster image,Academic knowledge-point infographic explaining Rows and columns create coordinates with a structured visual model.,"2D model Same identifier The whole grid has one array name. Two indexes The first index usually selects the row; the second index selects the column. Marks[Row, Column] Same type Each cell stores the same data type. ARRAY[1:3, 1:4] OF INTEGER",Lesson content and applicable syllabus row,NeedsFactReview,7d03ca5345895789dd7a4a09faf546bb05aa5be410b61354dd26a3ecdc161313
116,explanation-nested-img-1,explanation-nested,Raster image,"Academic knowledge-point infographic explaining Outer row loop, inner column loop with a structured visual model.","Nested loops Input every cell FOR Row <- 1 TO 3 FOR Column <- 1 TO 4 INPUT Marks[Row, Column] NEXT Column NEXT Row Total every cell Total <- 0 Total <- Total + Marks[Row, Column] OUTPUT Total For a 3 by 4 array, the inner statement runs 3 * 4 = 12 times.",Lesson content and applicable syllabus row,NeedsFactReview,893be7ba468c7548e8c90156189ae672ddc664433919f2b13ede5d31031a679c
116,explanation-pseudocode-img-1,explanation-pseudocode,Raster image,Academic knowledge-point infographic explaining Do not import Java indexing into Cambridge answers with a structured visual model.,Traverse a 3 by 4 array with nested loops. Output the current cell inside the inner loop. A corresponding Java support version must also output every current cell. The two versions use explicitly stated indexing conventions.,Lesson content and applicable syllabus row,NeedsFactReview,37c9683f3bdf062d350ff213372ed0238580fbe8c1418162fafc9fbe4b454d17
116,overview-div-1,overview,HTML/CSS,Two-dimensional array visual,Two-dimensional array visual,Lesson content and applicable syllabus row,NeedsFactReview,815e995d2ee945db131c1f64f9c5003650f1c54d1cee48577d3e7a166d911552
117,explanation-count-img-1,explanation-count,Raster image,Academic knowledge-point infographic explaining Increment only when a condition is true with a structured visual model.,Initialise PassCount to zero before traversing five scores. Increment PassCount only when the current score is at least 50. Close the selection with ENDIF before NEXT Index. Output PassCount after the loop.,Lesson content and applicable syllabus row,NeedsFactReview,24cae43bbfc248c3ca8e3bb45933b93ce2c931d3a571f4b3295a9a859fd6cd4a
117,explanation-patterns-img-1,explanation-patterns,Raster image,Academic knowledge-point infographic explaining Four array algorithm patterns with a structured visual model.,"Pattern map Question wording Core idea Key variable Traversal output all, process each visit every valid index increase, replace, apply discount assign a new value to selected elements Scores[Index] find, present, target compare each element with target",Lesson content and applicable syllabus row,NeedsFactReview,e5b2cf010b38e57db1e7c090646a7da8b34caca583bd4b390150c13d4f33ce30
117,explanation-pseudocode-img-1,explanation-pseudocode,Raster image,"Academic knowledge-point infographic explaining Same algorithm, different array syntax with a structured visual model.",Both pseudocode and Java versions visit five score positions. Increment the pass counter only when the current score is at least 50. Close the conditional before advancing the loop. Both complete versions output the final pass count after the loop.,Lesson content and applicable syllabus row,NeedsFactReview,e4b0e8cf0f411be0a1011cc2b1c4196c2a3c5662dfcc7784881edec9418c14d2
117,explanation-search-img-1,explanation-search,Raster image,Academic knowledge-point infographic explaining Use a flag to remember whether the target appeared with a structured visual model.,Initialise Found to FALSE before traversing the names. Set Found to TRUE only when the current name equals TargetName. Close the match selection with ENDIF before NEXT Index. Output Found after the traversal.,Lesson content and applicable syllabus row,NeedsFactReview,4de02f97710480d36305a6531fcca289eda7cc2f4a8f7e3129b64cdf8c2a2ff6
117,explanation-selector-img-1,explanation-selector,Raster image,Academic knowledge-point infographic explaining Choose a scenario and inspect the matching template with a structured visual model.,Interactive pattern selector Scenario Choose a scenario to see the algorithm pattern.,Lesson content and applicable syllabus row,NeedsFactReview,2a01ba4c2ff80c578abee77ad53a4554ec99d2069673a37f145e285449b2d6c9
117,explanation-traversal-img-1,explanation-traversal,Raster image,Academic knowledge-point infographic explaining Visit every element once with a structured visual model.,"Traversal FOR Index <- 1 TO 5 OUTPUT Scores[Index] NEXT Index Traversal is the skeleton. Update, search and count usually add logic inside this skeleton.",Lesson content and applicable syllabus row,NeedsFactReview,affcc7c79f9df7704d22e0b0878abbb9f84a292c29b22b73fb853d37b836ee80
117,explanation-update-img-1,explanation-update,Raster image,Academic knowledge-point infographic explaining Change selected elements with a structured visual model.,"Traverse the array with a FOR loop so Index is defined for every access. Place the conditional update inside the traversal. FOR Index <- 1 TO 10
    IF Scores[Index] < 50 THEN
        Scores[Index] <- Scores[Index] + 5
    ENDIF
NEXT Index",Lesson content and applicable syllabus row,NeedsFactReview,4ee946f79c7c518df17e3741c8d9b58dd921e11fe163475c1121541a5e0a8ec9
117,overview-div-1,overview,HTML/CSS,Array algorithm visual,Array algorithm visual,Lesson content and applicable syllabus row,NeedsFactReview,119bb4d06e70806d89d679a3acf3d3d67dc043b6a54c1421182a21a049d404e0
118,explanation-access-img-1,explanation-access,Raster image,"Academic knowledge-point infographic explaining Use the field name, not a numeric index with a structured visual model.",Access and update Pseudocode Read field OUTPUT Student1.Name outputs the Name field Update field Student1.Mark <- 80 changes only the Mark field Test field IF Student1.Enrolled = TRUE THEN uses Boolean field in selection,Lesson content and applicable syllabus row,NeedsFactReview,b9c52a06712350537bf0eae5e8743b712826cf0284bed3a0f94dfbab6100e16b
118,explanation-array-vs-record-img-1,explanation-array-vs-record,Raster image,"Academic knowledge-point infographic explaining Same type and index, or mixed fields and names? with a structured visual model.",Array vs record Elements / fields usually same type can be different types index: Scores[3] field name: Student1.Mark Best for many similar values several facts about one entity,Lesson content and applicable syllabus row,NeedsFactReview,edcf4e1649a83e84e61c9fb5d14f916b61d8ab6faf0de2b9f42b0251efad4f74
118,explanation-concept-img-1,explanation-concept,Raster image,Academic knowledge-point infographic explaining Composite data groups fields into one type with a structured visual model.,"a composite structure containing named fields TStudent one named item inside a record Name , Mark Composite data data made from several components student details grouped together Dot notation access to one field of a record variable Student1.Mark",Lesson content and applicable syllabus row,NeedsFactReview,cb612156af2a5cc26ea1b5ab523e95337554e92b4a8be30ae91fdf9789731f92
118,explanation-declare-img-1,explanation-declare,Raster image,"Academic knowledge-point infographic explaining Define a record, then save and read named fields with a structured visual model.","A record groups related named fields of different data types under one identifier. Define the record between TYPE and ENDTYPE, then declare a variable of that record type. Student1.Mark <- 75 saves a field value; OUTPUT Student1.Mark reads that named field.",Lesson content and applicable syllabus row,NeedsFactReview,1da59cd2d6079afb8ef90267325e1b8f24872513b411a9310523e26a56b4c6c9
118,explanation-lookup-img-1,explanation-lookup,Raster image,Academic knowledge-point infographic explaining Read one field from a record with a structured visual model.,"Interactive field lookup Student1 has Name, DateOfBirth, Mark and Enrolled fields.",Lesson content and applicable syllabus row,NeedsFactReview,64eef0c04d17c256730d885811579d539625234809f1cbc34723bdc6c2231d30
118,explanation-pseudocode-img-1,explanation-pseudocode,Raster image,"Academic knowledge-point infographic explaining Same modelling idea, different syntax with a structured visual model.","TYPE TBook
    DECLARE Title : STRING
    DECLARE Pages : INTEGER
ENDTYPE Book fields are declared inside the TYPE block. DECLARE Book1 : TBook
This declaration belongs after ENDTYPE.",Lesson content and applicable syllabus row,NeedsFactReview,2645d010aefd12f5aae20e5887401e7e8a3a35b11ab429cbc046322e4a0c032b
118,overview-div-1,overview,HTML/CSS,Record visual,Record visual,Lesson content and applicable syllabus row,NeedsFactReview,1381cd333a93eb5596eceb4a724e6b9bdd4ceb86ab6056ebdb57d5954122b185
119,explanation-access-img-1,explanation-access,Raster image,"Academic knowledge-point infographic explaining Index first, then field name with a structured visual model.",Access pattern Pseudocode Read one field OUTPUT Students[3].Name name field of record 3 Update one field Students[3].Mark <- 80 mark field of record 3 Test one field IF Students[Index].Enrolled = TRUE THEN Boolean field in current record,Lesson content and applicable syllabus row,NeedsFactReview,41df117985115a5624a1540b9a61539e444f880cb4730bf92992e478f86ced0d
119,explanation-concept-img-1,explanation-concept,Raster image,"Academic knowledge-point infographic explaining One array, many records, same record shape with a structured visual model.",Students[5] selects the complete record at array position 5. Students[5].Mark selects the Mark field in that record. Array indexing and record field selection are separate operations.,Lesson content and applicable syllabus row,NeedsFactReview,c1a13d03ee4af041a5ffe9a5d61325e83ce6eb40bc1079da70300ab4384bbb2b
119,explanation-declare-img-1,explanation-declare,Raster image,"Academic knowledge-point infographic explaining Define the record type, then declare the array with a structured visual model.","TYPE TStudent
    DECLARE Name : STRING
    DECLARE Mark : INTEGER
ENDTYPE DECLARE Students : ARRAY[1:30] OF TStudent
This declaration follows ENDTYPE. The record type and the array declaration are separate declarations.",Lesson content and applicable syllabus row,NeedsFactReview,50972593fb49fd64dd7698635cf20630c6996b9c65035a3784c824ec93bbaeac
119,explanation-explorer-img-1,explanation-explorer,Raster image,Academic knowledge-point infographic explaining Read a field from a selected record with a structured visual model.,Interactive record explorer Record index Choose an index and a field to read from the array of records.,Lesson content and applicable syllabus row,NeedsFactReview,1af865a75728809bbe7d9504b0535193da1ed912423dd67f27a89aa878313545
119,explanation-operations-img-1,explanation-operations,Raster image,"Academic knowledge-point infographic explaining Search, count and update fields with a structured visual model.","Search, count and update are alternative record operations, not mandatory consecutive stages. A search condition locates a matching record and outputs its position or details. A count condition increments a counter for qualifying records. An update condition changes the required field of qualifying records.",Lesson content and applicable syllabus row,NeedsFactReview,65512b52be7e12db18890b65a9d8fde56cf3ad3191af3d37b0222a0abbb559bc
119,explanation-pseudocode-img-1,explanation-pseudocode,Raster image,"Academic knowledge-point infographic explaining Same structure, different syntax with a structured visual model.",Pseudocode vs Java Cambridge-style pseudocode DECLARE Students : ARRAY[1:30] OF TStudent FOR Index <- 1 TO 30 OUTPUT Students[Index].Name NEXT Index Java support only Student[] students = new Student[30]; for (int index = 0; index < 30; index++) { System.out.println(students[index].name); Paper 2 reminder: Java arrays are often zero-based. Cambridge pseudocode ranges follow the declaration shown in the question.,Lesson content and applicable syllabus row,NeedsFactReview,68fbed31ce6369663855c956b1d623e12bbb3a4c213f20a0891b1b76bd6abd86
119,explanation-traversal-img-1,explanation-traversal,Raster image,Academic knowledge-point infographic explaining A loop visits each record; field access uses the loop index with a structured visual model.,Use Index to select each Students record in turn. Test the Mark field of the current record. Output the Name field only when Mark is at least 70. Close the selection with ENDIF before NEXT Index.,Lesson content and applicable syllabus row,NeedsFactReview,c5e0cc4d7ec90ade18d02871403cf6a057f8ae5853f13bcd7145683da44bf6e7
119,overview-div-1,overview,HTML/CSS,Array of records visual,Array of records visual,Lesson content and applicable syllabus row,NeedsFactReview,702106970b4a0871f8120c4fa89e8bd897cd95b4d4cbfa0b3d6671723c7a6229
120,explanation-concept-img-1,explanation-concept,Raster image,"Academic knowledge-point infographic explaining A text file stores characters, usually processed one line at a time with a structured visual model.","Exam clue Text file file containing character data ""Scores.txt"" get data from an existing file FOR READ store data to a file, often replacing previous contents FOR WRITE add data to the end of an existing file FOR APPEND",Lesson content and applicable syllabus row,NeedsFactReview,ca4a90547f390a7964436762f084a005f0876b719c1b1ec53cedd1eb35d19bb2
120,explanation-lifecycle-img-1,explanation-lifecycle,Raster image,"Academic knowledge-point infographic explaining Open, process, close with a structured visual model.","File lifecycle 1. Open choose READ, WRITE or APPEND 2. Process READFILE or WRITEFILE using variables 3. Close release the file and finalise changes A file algorithm without CLOSEFILE is like leaving the exam hall without submitting the answer booklet.",Lesson content and applicable syllabus row,NeedsFactReview,64f9c97599fbb07bdb98e2cadd9689394e8a313d42de8358774727e9b0d505c4
120,explanation-mode-lab-img-1,explanation-mode-lab,Raster image,Academic knowledge-point infographic explaining Choose the correct file mode with a structured visual model.,Interactive mode lab Scenario Choose a scenario and a mode.,Lesson content and applicable syllabus row,NeedsFactReview,c78514d4d56606c9cda375ca4b437d77239bc7861ff43cb582a57f3f6747ae13
120,explanation-modes-img-1,explanation-modes,Raster image,Academic knowledge-point infographic explaining Choose the mode before touching the file with a structured visual model.,"File modes Use when Risk if wrong existing file contents are needed cannot write new lines creating/replacing output contents old contents may be overwritten adding new data to the end old lines remain, so duplicates are possible",Lesson content and applicable syllabus row,NeedsFactReview,8d0384a50101022f76c147611d0ada9316a059433c12fd98f61806b3f7bd4649
120,explanation-pseudocode-img-1,explanation-pseudocode,Raster image,Academic knowledge-point infographic explaining Cambridge pseudocode is the exam answer format with a structured visual model.,"Pseudocode vs Java Cambridge-style pseudocode OPENFILE ""Scores.txt"" FOR READ WHILE NOT EOF(""Scores.txt"") READFILE ""Scores.txt"", Line OUTPUT Line ENDWHILE CLOSEFILE ""Scores.txt"" Java support only try (Scanner file = new Scanner(new File(""Scores.txt""))) { while (file.hasNextLine()) { String line = file.nextLine();",Lesson content and applicable syllabus row,NeedsFactReview,4fdd1974351c1f71a3659608efc055a07140e34afe7e8f739e2c027f44bc46f6
120,explanation-read-img-1,explanation-read,Raster image,Academic knowledge-point infographic explaining Use EOF so the loop stops at the end of the file with a structured visual model.,"Read loop OPENFILE ""Scores.txt"" FOR READ WHILE NOT EOF(""Scores.txt"") READFILE ""Scores.txt"", Line OUTPUT Line ENDWHILE CLOSEFILE ""Scores.txt"" The file line is read into Line . Only after that can the program output, split or validate it.",Lesson content and applicable syllabus row,NeedsFactReview,bc03e48acb2475281e22d0e3e86c6c8ae2d6b087d42028cd0ef32f549b423278
120,explanation-reader-img-1,explanation-reader,Raster image,Academic knowledge-point infographic explaining Step through a WHILE NOT EOF loop with a structured visual model.,"Open the file for reading before entering the loop. Check NOT EOF before attempting READFILE. When more data exists, read and process the next line. When EOF is true, skip READFILE, leave the loop and close the file.",Lesson content and applicable syllabus row,NeedsFactReview,51a1aed6f6d9b0a9b93559f19469f1e38380488b1b773fe99ba353930505dad3
120,explanation-records-img-1,explanation-records,Raster image,Academic knowledge-point infographic explaining A text line often represents one record with a structured visual model.,"Text records In simple exam-style examples, one line may contain fields separated by a comma. The delimiter must be consistent. Name = Ali Mark = 72 Name = Bea Mark = 64",Lesson content and applicable syllabus row,NeedsFactReview,dff2a681c5b436eafaaf2d2c43851968896630a782c3401e1ee5e2697a728469
120,explanation-write-img-1,explanation-write,Raster image,Academic knowledge-point infographic explaining Write creates a new result; append adds to the existing story with a structured visual model.,"Write and append Write a new report OPENFILE ""Report.txt"" FOR WRITE WRITEFILE ""Report.txt"", ""Pass count: "" & Count CLOSEFILE ""Report.txt"" Append a new score OPENFILE ""Scores.txt"" FOR APPEND WRITEFILE ""Scores.txt"", ""Dina,91"" CLOSEFILE ""Scores.txt""",Lesson content and applicable syllabus row,NeedsFactReview,22df7200038e9ce9b68d4b31df0a5f13f777c1156412e2b2065108c1fd70ba68
120,overview-div-1,overview,HTML/CSS,Text file visual,Text file visual,Lesson content and applicable syllabus row,NeedsFactReview,a09beda2f52d8be20f66baf1893a3d69dd69d426ec600fa8214948907c3eddc9
121,explanation-concept-img-1,explanation-concept,Raster image,Academic knowledge-point infographic explaining CSV-style means separated fields in a fixed order with a structured visual model.,"one complete line of data S001,Ali,72 one item inside the record Delimiter character that separates fields Fixed order each position has agreed meaning ID, Name, Mark",Lesson content and applicable syllabus row,NeedsFactReview,bd7c00abd22322539d856c181d6448d8473d0abbff5fa99a63b2621e5ca4dd1a
121,explanation-format-img-1,explanation-format,Raster image,Academic knowledge-point infographic explaining Design the format before writing code with a structured visual model.,CSV format Position Field name Data type after conversion StudentID The file stores all fields as text. The program gives each position meaning.,Lesson content and applicable syllabus row,NeedsFactReview,bc7cee23be5edab74eec040d40dfd8e779e77f299aa925f60d8c60c234073304
121,explanation-parse-img-1,explanation-parse,Raster image,Academic knowledge-point infographic explaining Read the line before splitting it with a structured visual model.,"Parse fields READFILE ""Scores.csv"", Line Fields <- SPLIT(Line, "","") StudentID <- Fields[1] Name <- Fields[2] Mark <- STRING_TO_INTEGER(Fields[3]) SPLIT is used here as clear Cambridge-style pseudocode for separating a line by a delimiter.",Lesson content and applicable syllabus row,NeedsFactReview,220abe63caf739be214eadaf5c17cb677a85458c49f3e77553c919b1aec9d249
121,explanation-parser-img-1,explanation-parser,Raster image,Academic knowledge-point infographic explaining Split a line into fields with a structured visual model.,Interactive CSV parser CSV line Delimiter Enter a line and split it into fields.,Lesson content and applicable syllabus row,NeedsFactReview,7d4944490ab6c4c7f1c851957fe3e0310d289ce399720159dee9f9a162ab6d56
121,explanation-pseudocode-img-1,explanation-pseudocode,Raster image,"Academic knowledge-point infographic explaining Java split helps understanding, but Cambridge pseudocode remains the answer format with a structured visual model.","Pseudocode vs Java Cambridge-style pseudocode READFILE ""Scores.csv"", Line Fields <- SPLIT(Line, "","") Mark <- STRING_TO_INTEGER(Fields[3]) Java support only String[] fields = line.split("",""); int mark = Integer.parseInt(fields[2]); Notice the index difference: Cambridge-style examples here use Fields[1] ; Java arrays are zero-based.",Lesson content and applicable syllabus row,NeedsFactReview,91d32404cde78c0d84d8c058cba6e486c066ea1bc80dbd9ff1867a0df4fd6997
121,explanation-types-img-1,explanation-types,Raster image,"Academic knowledge-point infographic explaining CSV fields arrive as text, then become useful values with a structured visual model.",CSV fields arrive as text. Close every IF example with ENDIF. Convert the mark field to INTEGER before comparing it numerically with 70. Structural closure and type conversion solve different problems.,Lesson content and applicable syllabus row,NeedsFactReview,a687160a366467a94c0bd0b6a56471a95775cd3c3c46f7333dfaf8e4a66c8037
121,explanation-validate-img-1,explanation-validate,Raster image,Academic knowledge-point infographic explaining A structured file can still contain bad lines with a structured visual model.,"Validation Correction prompt S003,Chen missing Mark field check field count before using Fields[3] S004,Dina,Ninety mark is not numeric validate before converting to INTEGER S005;Eli;88 wrong delimiter use the delimiter specified by the format",Lesson content and applicable syllabus row,NeedsFactReview,93cac1385d79953b631e63c4d05c93d59e159d880836f5f78f52954fb1b601a7
121,explanation-validator-img-1,explanation-validator,Raster image,Academic knowledge-point infographic explaining Check field count and mark type with a structured visual model.,Interactive validator Choose a sample line to validate.,Lesson content and applicable syllabus row,NeedsFactReview,956a026328cc6f2d95144c45b32b846077f23b7190fadd123be59bda333f2057
121,overview-div-1,overview,HTML/CSS,CSV visual,CSV visual,Lesson content and applicable syllabus row,NeedsFactReview,58978c319c2afb6a142091f7f1ee7843eb1516a8ca6e92b523b4026b55617e4a
122,explanation-concept-img-1,explanation-concept,Raster image,Academic knowledge-point infographic explaining An ADT is data together with permitted operations through a cause-and-effect diagram.,"An abstract data type is a collection of data and a set of operations on those data. Stack, queue and linked list are examples whose permitted operations define their behaviour. The implementation may use arrays and indexes without changing the ADT's observable rules.",Lesson content and applicable syllabus row,NeedsFactReview,c4fa0ca0d1f84d1ee17459cbb7f16388bf02783c9816eddd468594ff87cbb06f
122,explanation-errors-img-1,explanation-errors,Raster image,Academic knowledge-point infographic explaining Why boundary checks come first through a cause-and-effect diagram.,"Underflow occurs when removal is requested from an empty structure. Overflow occurs when fixed storage has no free position. Checking first prevents invalid reads, writes and pointer changes.",Lesson content and applicable syllabus row,NeedsFactReview,ba2af2e29b5b245f5884d540491f511c1c3cbb4e618c045db08bb795de08ca90
122,explanation-implementation-img-1,explanation-implementation,Raster image,"Academic knowledge-point infographic explaining Implement stack, queue and linked list using arrays through a cause-and-effect diagram.","An array stack uses Top; a queue uses Front and Rear; a linked list uses Data, Next, Start and a free list. Add/delete preserve stack LIFO, queue FIFO and linked-list links; edit changes stored data without corrupting structure. Candidates are not required to write pseudocode for these ADT operations; understand add, edit, delete and array implementation.",Lesson content and applicable syllabus row,NeedsFactReview,20dbb1cd1a59c6c482ef037757a3053d1db7a54f28f43d25bec8ef1246ccb31d
122,explanation-operations-img-1,explanation-operations,Raster image,Academic knowledge-point infographic explaining Why operation names preserve meaning through a cause-and-effect diagram.,Push and pop describe changes at a stack's top. Enqueue and dequeue describe changes at opposite queue ends. Using the correct operation prevents accidental access-rule changes.,Lesson content and applicable syllabus row,NeedsFactReview,59a956969afcdbf46cc5426eab0a2b8c3c0b95ca075ac92a1bf6d9e539a30a72
122,explanation-pseudocode-img-1,explanation-pseudocode,Raster image,Academic knowledge-point infographic explaining Why pseudocode must expose state change through a cause-and-effect diagram.,Test the empty or full condition before accessing storage. Read or write the element at the correct pointer. Update the pointer so the invariant remains true.,Lesson content and applicable syllabus row,NeedsFactReview,fd9819f56a46fe8deeea98ab8ba1093a82e0635cc78f97fc68e58e538378c987
122,explanation-queue-img-1,explanation-queue,Raster image,Academic knowledge-point infographic explaining Why two ends create FIFO through a cause-and-effect diagram.,Enqueue adds a new item at the rear. Dequeue removes the waiting item at the front. Earlier arrivals remain ahead of later arrivals.,Lesson content and applicable syllabus row,NeedsFactReview,88dfaec4099b95df2a9b507e6151ebdf0ff670bf34464cf30c8df865f39c5fdb
122,explanation-stack-img-1,explanation-stack,Raster image,Academic knowledge-point infographic explaining Why one open end creates LIFO through a cause-and-effect diagram.,Push adds the new item at the top position. Only the current top item is available to pop. The most recently pushed item therefore leaves first.,Lesson content and applicable syllabus row,NeedsFactReview,a88640089e6bd52804b0a688f2f7103db33458328d2f21f43e69bb130c901cd3
122,overview-div-1,overview,HTML/CSS,Stack and queue visual,Stack and queue visual,Lesson content and applicable syllabus row,NeedsFactReview,40e4d039538471cbf55554d5671d95e16535e24533ef4b810771f3671921955f
123,explanation-adt-img-1,explanation-adt,Raster image,Academic knowledge-point infographic explaining Use ADTs when the removal rule matters with a structured visual model.,Stack and queue Scenario clue Structure undo last action most recent action is reversed first print jobs in arrival order first job submitted should print first customer service line fair FIFO order,Lesson content and applicable syllabus row,NeedsFactReview,b004ba9a5d26d54967332a3b853e1707c495886b6b310ed5e6b80c1ba5df150e
123,explanation-array-img-1,explanation-array,Raster image,Academic knowledge-point infographic explaining Use arrays for many similar values accessed by index with a structured visual model.,"Initialise Total <- 0 before using Total as an accumulator. Add each Scores[Index] value during the traversal. Total <- 0
FOR Index <- 1 TO 10
    Total <- Total + Scores[Index]
NEXT Index
OUTPUT Total",Lesson content and applicable syllabus row,NeedsFactReview,f501d009f034757ae61e57dffe43f813accbe77250ebcc5d606835ab234daf0c
123,explanation-criteria-img-1,explanation-criteria,Raster image,"Academic knowledge-point infographic explaining Start with the data and operations, not the keyword with a structured visual model.",Selection criteria Question to ask Why it matters Likely structure Are there many values of the same type? indexed traversal/search Does one item have several named fields? mixed types and meaningful field names Are there many entities with the same fields? repeat a record shape Array of records Must the data survive after the program ends?,Lesson content and applicable syllabus row,NeedsFactReview,32da662eaefb9eb402888aa59fa53440c39d0c110f94af77f85db1dc7b1d94df
123,explanation-decision-img-1,explanation-decision,Raster image,Academic knowledge-point infographic explaining Match scenario evidence to structure features with a structured visual model.,"Store one book as a record with ISBN, title and pages fields. Store ISBN as STRING because it is an identifier, may contain leading zeroes or hyphens, and ISBN-10 may end in X. Store many books with the same fields as an array of records. Use a file when data must remain available for a later program run. Choose a queue when requests must be served in arrival order.",Lesson content and applicable syllabus row,NeedsFactReview,46288bc88ee0353db0b240044ff85a40e15c52942d109e72ea35ebd33f592dc7
123,explanation-file-img-1,explanation-file,Raster image,Academic knowledge-point infographic explaining Use files when data must persist or be exchanged with a structured visual model.,"OPENFILE ""Scores.csv"" FOR APPEND WRITEFILE ""Scores.csv"", NewLine CLOSEFILE ""Scores.csv"" Good reason: the data must be stored after the program has finished, so memory-only structures are not enough.",Lesson content and applicable syllabus row,NeedsFactReview,d94fbcdb17dfbf3f81d4ffac1c0397dccb12dd2e2bb7bfb571ced283f6b8586c
123,explanation-pseudocode-img-1,explanation-pseudocode,Raster image,Academic knowledge-point infographic explaining Justify the data structure in Cambridge answers with a structured visual model.,"TYPE TBook
    DECLARE Title : STRING
    DECLARE Pages : INTEGER
ENDTYPE DECLARE Books : ARRAY[1:200] OF TBook
This declaration follows ENDTYPE. A record definition must be complete before an array uses that type.",Lesson content and applicable syllabus row,NeedsFactReview,4ef6ead8d6ab27a4666d1cd1f0fd02c4d38315ef09295eeb76910de19c39a363
123,explanation-ranker-img-1,explanation-ranker,Raster image,Academic knowledge-point infographic explaining Spot the answer that would earn marks with a structured visual model.,Reason ranker Choose the answer with scenario evidence and consequence.,Lesson content and applicable syllabus row,NeedsFactReview,2441e1864d8bef6057ad63c0bad644e4a0044753eb1e1407ee19d7f9b5dd876d
123,explanation-record-img-1,explanation-record,Raster image,Academic knowledge-point infographic explaining Use records when named fields belong to one entity with a structured visual model.,"TYPE TStudent
    DECLARE Name : STRING
    DECLARE Mark : INTEGER
ENDTYPE DECLARE Students : ARRAY[1:28] OF TStudent
This declaration follows ENDTYPE. An array of records combines explicit array bounds with a complete record type.",Lesson content and applicable syllabus row,NeedsFactReview,198cce6cb68ed6cfff9a8d517131d6a8afc0c8a63295942da0a58ff3dcfa4eeb
123,overview-div-1,overview,HTML/CSS,Data structure decision visual,Data structure decision visual,Lesson content and applicable syllabus row,NeedsFactReview,6bfb11dd36a8aea46b42ce20d67fd1dd09633277576a9a190f7a1066c48029b9
124,explanation-arrays-img-1,explanation-arrays,Raster image,Academic knowledge-point infographic explaining Cambridge array bounds are stated explicitly with a structured visual model.,"Cambridge-style pseudocode DECLARE Scores : ARRAY[1:30] OF INTEGER Scores[1] <- 72 Java support only int[] scores = new int[30]; scores[0] = 72; Index warning: if pseudocode declares ARRAY[1:30] , do not automatically use Java's index 0 in the exam answer.",Lesson content and applicable syllabus row,NeedsFactReview,cd0b6a8e1a82dbe0a970628196c746d6e6ea5316bce609e1db2e1bb79d317530
124,explanation-assignment-img-1,explanation-assignment,Raster image,Academic knowledge-point infographic explaining <- changes a value; = usually tests equality in conditions with a structured visual model.,Assignment versus comparison Pseudocode Count <- Count + 1 store a new value in Count IF Count = 10 THEN test whether Count equals 10 Java warning count == 10 Java equality syntax is not the expected pseudocode style,Lesson content and applicable syllabus row,NeedsFactReview,ac05a59c3e11d7b905a5334fc3da3fbbf6ab4cbcaf764c8c3b6e13014ae24d77
124,explanation-constants-img-1,explanation-constants,Raster image,Academic knowledge-point infographic explaining Constants are named values that should not change with a structured visual model.,Constants Cambridge-style pseudocode CONSTANT MaxSize = 100 CONSTANT PassMark = 40 Java support only final int MAX_SIZE = 100; final int PASS_MARK = 40; Java naming conventions may use capitals for constants. Cambridge pseudocode credit comes from clear constant declaration and use.,Lesson content and applicable syllabus row,NeedsFactReview,d0dacd531676d83d8007d719ec141ae48383daf6708c9fb8f8b2aecb2f2d3f5c
124,explanation-principle-img-1,explanation-principle,Raster image,Academic knowledge-point infographic explaining Do not mix the two languages inside one answer with a structured visual model.,Core principle Cambridge-style pseudocode Java support only Variable declaration DECLARE Count : INTEGER int count; Assignment Count <- 0 count = 0; Array declaration DECLARE Scores : ARRAY[1:30] OF INTEGER int[] scores = new int[30];,Lesson content and applicable syllabus row,NeedsFactReview,7f5e7bbe54ecd14d9e89e2820ac22cdd7c5897b04f473948e41c86fca20a76d8
124,explanation-records-img-1,explanation-records,Raster image,Academic knowledge-point infographic explaining Record declarations use TYPE and ENDTYPE with a structured visual model.,Cambridge-style pseudocode TYPE TStudent DECLARE Name : STRING DECLARE Mark : INTEGER DECLARE Student1 : TStudent Java support only class Student { String name; int mark; Student student1 = new Student();,Lesson content and applicable syllabus row,NeedsFactReview,11a27dd54b3a36f3384d7b3b8ef332d489c4327c4fd6551a270c21b6753e037e
124,explanation-sorter-img-1,explanation-sorter,Raster image,Academic knowledge-point infographic explaining Which syntax belongs to which answer style? with a structured visual model.,Syntax sorter Click a statement to identify whether it is pseudocode or Java-style.,Lesson content and applicable syllabus row,NeedsFactReview,db40dd736483d1c2e9b20d6198cdc912272804e1c59d23555ba5f008508e7b07
124,explanation-types-img-1,explanation-types,Raster image,"Academic knowledge-point infographic explaining Map concepts, not spelling with a structured visual model.",Data type mapping Pseudocode type Java support example whole number decimal number single character true/false,Lesson content and applicable syllabus row,NeedsFactReview,af86de9b946918b4656e12a7ea6c74bef4225d81e43a5f180a0885e30becb0ea
124,explanation-variables-img-1,explanation-variables,Raster image,Academic knowledge-point infographic explaining Declare first; initialise separately when needed with a structured visual model.,"Variables Cambridge-style pseudocode DECLARE Count : INTEGER Count <- 0 DECLARE Name : STRING Name <- ""Ali"" Java support only int count = 0; String name = ""Ali"";",Lesson content and applicable syllabus row,NeedsFactReview,88020003b97a07d4c653a2fa49ff2377bd337bb41fadf9e9154fbef1ae186396
124,overview-div-1,overview,HTML/CSS,Pseudocode versus Java visual,Pseudocode versus Java visual,Lesson content and applicable syllabus row,NeedsFactReview,f70805d9f0db01f0337d4539c18f221273309bb592da04f738596967effe8e36
125,explanation-adts-img-1,explanation-adts,Raster image,Academic knowledge-point infographic explaining Order of removal is the key clue with a structured visual model.,"Stack and queue review Typical operations Scenario clue LIFO: Last In, First Out PUSH, POP, PEEK undo, backtracking, nested calls FIFO: First In, First Out ENQUEUE, DEQUEUE print jobs, calls, waiting line",Lesson content and applicable syllabus row,NeedsFactReview,2a4f063af935c3dba4bd946d2112f5a32435942394a5672ba7bb2c9c347fcf70
125,explanation-decision-img-1,explanation-decision,Raster image,Academic knowledge-point infographic explaining A good answer names the structure and the reason with a structured visual model.,"Data model decision Scenario A school stores 120 students. Each student has an ID, name, class group and average mark. Strong choice Use an array of records: the array stores many students; each record keeps fields for one student together. Why not just an array? A single array normally stores one type of value. A record is better when one logical item has different fields. Mark-worthy pattern: structure + scenario clue + consequence .",Lesson content and applicable syllabus row,NeedsFactReview,2f1f332c89b35aee8132899ad24a042f9e4d7cb1d4299a2f517676e1bec2f3d0
125,explanation-declare-img-1,explanation-declare,Raster image,Academic knowledge-point infographic explaining Cambridge pseudocode remains the exam standard with a structured visual model.,"TYPE TStudent
    DECLARE ID : STRING
    DECLARE Name : STRING
    DECLARE Mark : INTEGER
ENDTYPE Close TStudent after the Mark field. DECLARE Students : ARRAY[1:120] OF TStudent
This declaration follows ENDTYPE.",Lesson content and applicable syllabus row,NeedsFactReview,484ce0302aa6ac9e18dba9ecf2937af3f50293edeeea840853616e1ff7f4abe3
125,explanation-files-img-1,explanation-files,Raster image,Academic knowledge-point infographic explaining Files preserve data beyond the running program with a structured visual model.,"TYPE TStudent
    DECLARE Name : STRING
    DECLARE Mark : INTEGER
ENDTYPE DECLARE Students : ARRAY[1:120] OF TStudent
The array follows the completed record type. File storage preserves data between program runs and is separate from record-type syntax.",Lesson content and applicable syllabus row,NeedsFactReview,e37973e85de9dd09f4eb103b25b025061940bd5e3c1da65811d40bc270571374
125,explanation-improver-img-1,explanation-improver,Raster image,Academic knowledge-point infographic explaining Turn a weak answer into a useful answer with a structured visual model.,Mark improver Weak answer Pick a weak answer to see a mark-worthy rewrite.,Lesson content and applicable syllabus row,NeedsFactReview,1848140bb87e06cd61bfcb57c0369186aa45c03334c91b5e098e0ac438b1b0e0
125,explanation-map-img-1,explanation-map,Raster image,Academic knowledge-point infographic explaining Section 10 in one review grid with a structured visual model.,"Retrieval map Best clue Exam action Common weak answer many values of the same type declare bounds, loop over indexes ""list of data"" one item has several fields declare TYPE, fields and variables ""array with different things"" Array of records many items, each with fields",Lesson content and applicable syllabus row,NeedsFactReview,fb08f7bc6cc96d84b2779d2c32d07ec5f882a0c3bdb8dea34c0551a30b47d735
125,explanation-marks-img-1,explanation-marks,Raster image,Academic knowledge-point infographic explaining Upgrade vague words into credit-bearing words with a structured visual model.,Mark-scheme language Weak wording Stronger wording Why it earns more It is better. It keeps all fields for one student together. names the consequence It is ordered. A queue removes items in the same order they arrived. states FIFO clearly Use a file. Use a text file so data remains after the program closes.,Lesson content and applicable syllabus row,NeedsFactReview,8bed8e798ac1be9f2e7896ec10a7b86a8e2dca78fe2730c293184ff741de28ed
125,overview-div-1,overview,HTML/CSS,Section 10 review visual,Section 10 review visual,Lesson content and applicable syllabus row,NeedsFactReview,c2558576d026215ec1499ba8ed4257a3a66b4dffb2163c03c30d2e555dd8abe8
126,explanation-constructs-img-1,explanation-constructs,Raster image,Academic knowledge-point infographic explaining Three control-flow ideas with a structured visual model.,"Sequence answers what happens next and depends on statement order. Selection answers which path is taken and uses IF or CASE structures. Iteration answers what repeats and when repetition stops. FOR, WHILE and REPEAT are iteration forms with different controls.",Lesson content and applicable syllabus row,NeedsFactReview,2fce17c51701719610c6320d4ad8db86605e0353d9b23d295be101abcce15d3f
126,explanation-iteration-img-1,explanation-iteration,Raster image,Academic knowledge-point infographic explaining Loops repeat with control with a structured visual model.,A FOR loop uses a counter range and checks whether the next iteration is within its bounds. A FOR loop may execute zero times when its bounds are incompatible. A WHILE loop checks its condition before each iteration and may execute zero times. A REPEAT loop checks after the body and therefore runs at least once.,Lesson content and applicable syllabus row,NeedsFactReview,76606a0d34756106c30aa16fc3a8c18a2ae5920d2d02152a802bc6646d136cdc
126,explanation-java-img-1,explanation-java,Raster image,"Academic knowledge-point infographic explaining Same logic, different exam language with a structured visual model.","Cambridge pseudocode uses IF, THEN, ELSE and ENDIF for a two-way selection. Mark 50 follows the pass branch when the condition uses greater than or equal to 50. Java braces may support understanding but are not Cambridge pseudocode.",Lesson content and applicable syllabus row,NeedsFactReview,b1993dfbedcdf2cf33a9124982260c37871bc97cd02850029b811cc529314c74
126,explanation-selection-img-1,explanation-selection,Raster image,Academic knowledge-point infographic explaining Conditions decide the path with a structured visual model.,"Use IF for a Boolean condition or range and close it with ENDIF. Use CASE for several discrete values of one expression and close it with ENDCASE. Test marks 49, 50 and 51 to verify the pass boundary.",Lesson content and applicable syllabus row,NeedsFactReview,bf6006154bed2adf9dace784bd89e85181c8d4db6bbd557a77abf850bb0aa856
126,explanation-sequence-img-1,explanation-sequence,Raster image,Academic knowledge-point infographic explaining Order changes meaning with a structured visual model.,"Sequence Correct order INPUT Price INPUT Quantity Total <- Price * Quantity OUTPUT Total Wrong order A sequence is simple, but not optional. Using a value before it has been input is algorithmic optimism, not a method.",Lesson content and applicable syllabus row,NeedsFactReview,a08371b66c2d5c90abf90ac623e94a0a66bacf27c49864390b1aaaa3a6d87556
126,explanation-tracer-img-1,explanation-tracer,Raster image,Academic knowledge-point infographic explaining Run a small loop by hand with a structured visual model.,Interactive trace FOR Count <- 1 TO Choose a loop limit to build a trace table.,Lesson content and applicable syllabus row,NeedsFactReview,f3334b576fa361c0354ea3ecbec077b7f41d6de9c0fb8a8785cb8e3b2b3e538f
126,overview-div-1,overview,HTML/CSS,Programming construct visual,Programming construct visual,Lesson content and applicable syllabus row,NeedsFactReview,552c1bcb31289d369f79d1531359067f5dab9a22f47c82acfd89a8b9df2a6270
127,explanation-case-img-1,explanation-case,Raster image,Academic knowledge-point infographic explaining Use CASE for clear values of one expression with a structured visual model.,CASE compares one expression with several discrete values. Each listed value has its own action and OTHERWISE handles unlisted values. Close the complete multi-way selection with ENDCASE.,Lesson content and applicable syllabus row,NeedsFactReview,3639e5510523c5e065aee19c24a7924628f937a18582e654df55600263893cf3
127,explanation-choice-img-1,explanation-choice,Raster image,Academic knowledge-point infographic explaining Start with the shape of the decision with a structured visual model.,"Choosing IF or CASE Situation Usually better Pass if mark is at least 50 uses a relational comparison Menu option 1, 2, 3 or invalid one variable has discrete values Adult members get one discount; adult non-members another Nested IF second decision depends on the first Grade A/B/C/D with ranges of marks IF or nested IF",Lesson content and applicable syllabus row,NeedsFactReview,2e652844444a228b9fd9a180a781f8f18947405f826b57104b14041ff5e271de
127,explanation-if-img-1,explanation-if,Raster image,Academic knowledge-point infographic explaining Use IF when a Boolean condition decides the route with a structured visual model.,IF selection Use when Cambridge-style pattern action is needed only when condition is true IF Found THEN ... ENDIF IF...ELSE two paths are needed IF Mark >= 50 THEN ... ELSE ... ENDIF Nested IF a second decision depends on the first decision IF Age >= 18 THEN IF Member THEN ... ENDIF ENDIF,Lesson content and applicable syllabus row,NeedsFactReview,84a463f21f5186c0538843acd35a23cb9c9589110ca22871393e86de5f1c12f0
127,explanation-java-img-1,explanation-java,Raster image,"Academic knowledge-point infographic explaining Same idea, different syntax with a structured visual model.","Cambridge pseudocode uses CASE...OF, OTHERWISE and ENDCASE. Java switch syntax may support understanding but is not Cambridge pseudocode. Both forms must preserve the same branch meanings.",Lesson content and applicable syllabus row,NeedsFactReview,92b28c03b6532f00b2f8e2dafe558e65527f04f76551bb2a4a4f06b5a57331ab
127,explanation-nested-img-1,explanation-nested,Raster image,Academic knowledge-point infographic explaining A decision inside another decision with a structured visual model.,Nested selection Discount example IF Age >= 18 THEN IF Member = TRUE THEN Discount <- 0.20 Discount <- 0.10 Discount <- 0.05 Trace the paths Discount,Lesson content and applicable syllabus row,NeedsFactReview,19c0f83c6a48c8cf76cef10d5e5ae483f0c4c00cfab8dbd5c3181c28e31d444f
127,explanation-path-img-1,explanation-path,Raster image,Academic knowledge-point infographic explaining Trace a nested IF with a structured visual model.,Interactive path tracer Enter values to trace which branch runs.,Lesson content and applicable syllabus row,NeedsFactReview,c8dfd75269ee53d52e01e1f85f77d539c0b47f0ab447cb7b7c88089e6935eb3f
127,overview-div-1,overview,HTML/CSS,Selection visual,Selection visual,Lesson content and applicable syllabus row,NeedsFactReview,a75d66fa9105202b70d8650d5b12c447ff29ef0c66f30540d09e6e5e3a5f4270
128,explanation-arrays-img-1,explanation-arrays,Raster image,Academic knowledge-point infographic explaining FOR loops are natural for fixed array bounds with a structured visual model.,Array processing Output all marks FOR Index <- 1 TO 30 OUTPUT Marks[Index] NEXT Index Total all marks Total <- 0 Total <- Total + Marks[Index] The loop bounds should match the declared array bounds unless the question gives a reason not to.,Lesson content and applicable syllabus row,NeedsFactReview,c01639b6ae9c867a26bdd18bd281b92112a4e108242f33c4df0d7fe79cff8e11
128,explanation-bounds-img-1,explanation-bounds,Raster image,Academic knowledge-point infographic explaining One wrong bound can miss or invent an iteration with a structured visual model.,"Bounds and off-by-one errors Counter values Iterations Common issue 1, 2, 3, 4, 5 0, 1, 2, 3, 4 only if array uses 0-based bounds 1, 2, 3, 4 misses item 5 if five items are required",Lesson content and applicable syllabus row,NeedsFactReview,e642e77aba9008a52af63d44b043fe35f4dcb98b63458a44a624f70b772a853b
128,explanation-counter-img-1,explanation-counter,Raster image,Academic knowledge-point infographic explaining Do not confuse the counter with the running total with a structured visual model.,"Counter and accumulator Variable loop counter; controls the current iteration 1, 2, 3, 4, 5 accumulator; stores a running total 0, 1, 3, 6, 10, 15 bound; controls where the loop stops 5 in 1 TO 5",Lesson content and applicable syllabus row,NeedsFactReview,c327bd0f2a95c45c9b986dc83702ba8d09348ea5ba03ed77fe0c69e3a073b866
128,explanation-for-img-1,explanation-for,Raster image,"Academic knowledge-point infographic explaining A FOR loop has a counter, a start value and an end value with a structured visual model.",FOR loop structure General pattern FOR Counter <- StartValue TO EndValue // repeated statements NEXT Counter Concrete example Total <- 0 FOR Count <- 1 TO 5 Total <- Total + Count NEXT Count OUTPUT Total Use a FOR loop when the number of repetitions is known before the loop starts.,Lesson content and applicable syllabus row,NeedsFactReview,c9a7074b772927e3417dedd0dfc099acfa54c5aecaba85adbb001ac2c0c32942
128,explanation-java-img-1,explanation-java,Raster image,"Academic knowledge-point infographic explaining Java for loops are useful, but not the exam answer format with a structured visual model.",Java support only Cambridge-style pseudocode FOR Count <- 1 TO 5 OUTPUT Count NEXT Count Java support example only for (int count = 1; count <= 5; count++) { System.out.println(count);,Lesson content and applicable syllabus row,NeedsFactReview,6574219bba2e33990137c5fee9643b8925c31fdcc0524cef9be85bd1cccca7f8
128,overview-div-1,overview,HTML/CSS,Count-controlled loop visual,Count-controlled loop visual,Lesson content and applicable syllabus row,NeedsFactReview,8d4d009d4998101a614d021b9268027b1fdb8a4231d41f7e089139e1d04b08cf
129,explanation-compare-img-1,explanation-compare,Raster image,Academic knowledge-point infographic explaining The difference is when the condition is tested with a structured visual model.,"WHILE vs REPEAT REPEAT...UNTIL Condition checked before the loop body after the loop body Minimum iterations Continues when condition is TRUE UNTIL condition becomes TRUE Typical use read while not EOF, repeat while invalid input validation where input must be requested once",Lesson content and applicable syllabus row,NeedsFactReview,1c94069d6ce890c026d81eef85e7a486185bb54307cc8105483b987e5a2d4bb4
129,explanation-java-img-1,explanation-java,Raster image,"Academic knowledge-point infographic explaining Java syntax is support, not Cambridge pseudocode with a structured visual model.",Java support only Cambridge-style pseudocode WHILE Mark < 0 OR Mark > 100 INPUT Mark ENDWHILE Java support example only while (mark < 0 || mark > 100) { mark = scanner.nextInt();,Lesson content and applicable syllabus row,NeedsFactReview,a710db59525ac958cc3f03012702cbfb3d83fd830bdd4a6bc64f29bde1ca5101
129,explanation-repeat-img-1,explanation-repeat,Raster image,"Academic knowledge-point infographic explaining Post-condition loop: run once, then check with a structured visual model.",A REPEAT...UNTIL loop checks its condition after executing the body. Place INPUT Mark once inside REPEAT so each attempt obtains one value. Do not add a duplicate INPUT before the loop. Stop when Mark is between 0 and 100 inclusive.,Lesson content and applicable syllabus row,NeedsFactReview,c02a9f40a4529e444decff8761f05a9e9081c15f09fd0c0e8f234c32d0af337b
129,explanation-sentinel-img-1,explanation-sentinel,Raster image,Academic knowledge-point infographic explaining A special value can stop the loop with a structured visual model.,"Initialise Total and input the first Number before WHILE. While Number is not -1, add Number to Total and input the next Number. The repeated input changes the condition and allows the loop to terminate. The sentinel -1 stops the loop and is not included in Total.",Lesson content and applicable syllabus row,NeedsFactReview,c8b2ab71a4303bb2c562bf15d8854d8b205ec8299ca84b3b02844d5e78caec03
129,explanation-validation-img-1,explanation-validation,Raster image,Academic knowledge-point infographic explaining Keep asking until the input is valid with a structured visual model.,"Validation pattern REPEAT version OUTPUT ""Enter mark 0 to 100"" INPUT Mark UNTIL Mark >= 0 AND Mark <= 100 WHILE version WHILE Mark < 0 OR Mark > 100 OUTPUT ""Invalid"" ENDWHILE",Lesson content and applicable syllabus row,NeedsFactReview,625c4883046705eb84f19b8d63c26aa34d2a0fbc15418a89c701d9de36a0994a
129,explanation-while-img-1,explanation-while,Raster image,Academic knowledge-point infographic explaining Pre-condition loop: check before running with a structured visual model.,"A WHILE loop checks its condition before each iteration and may run zero times. Input Password before testing whether it differs from CorrectPassword. Inside the loop, output the retry message and input a replacement Password. Output Access granted only after the WHILE condition becomes false.",Lesson content and applicable syllabus row,NeedsFactReview,704f2017d8646d0ba8c76ded64a058757cf19b7ef76fee835a76bb0dba26298c
129,overview-div-1,overview,HTML/CSS,Condition-controlled loop visual,Condition-controlled loop visual,Lesson content and applicable syllabus row,NeedsFactReview,17ae7c6ad621a3634948bf95652bed14a2f2da5b66bb9f505b06f1f408f55dcd
130,explanation-calls-img-1,explanation-calls,Raster image,Academic knowledge-point infographic explaining Function calls can appear where a value is needed with a structured visual model.,Calls and returned values CALL DisplayMenu() procedure call performs an action VAT <- CalculateVAT(Price) function return value is stored Total <- DisplayMenu() procedure does not return a value OUTPUT CalculateVAT(Price) function return value can be output,Lesson content and applicable syllabus row,NeedsFactReview,a9ff575387e18672d91770846e24884e600b16d8f42247e929125136f4871204
130,explanation-compare-img-1,explanation-compare,Raster image,Academic knowledge-point infographic explaining The mark-winning difference is the returned value with a structured visual model.,Procedure vs function Procedure Function Main purpose perform an action return a value PROCEDURE Name(...) FUNCTION Name(...) RETURNS Type End keyword ENDPROCEDURE ENDFUNCTION Typical call,Lesson content and applicable syllabus row,NeedsFactReview,f767603a418b8817654f8d32e052d063769d94a26c5f145b04b87ef53dedefe5
130,explanation-function-img-1,explanation-function,Raster image,Academic knowledge-point infographic explaining A function returns a value to the caller with a structured visual model.,"Function Cambridge-style pseudocode FUNCTION CalculateVAT(Price : REAL) RETURNS REAL RETURN Price * 0.20 ENDFUNCTION VAT <- CalculateVAT(120.00) When it fits Use a function when a calculated, searched or checked result must be used later in the algorithm. A function should have a return type and a RETURN statement that matches that type.",Lesson content and applicable syllabus row,NeedsFactReview,ab6df9afeef003e6d3385ef3f6de65980f0fbcf0b497e93790ba151931df9b6f
130,explanation-java-img-1,explanation-java,Raster image,Academic knowledge-point infographic explaining Java method syntax is not Cambridge pseudocode with a structured visual model.,Java support only Cambridge-style pseudocode FUNCTION CalculateVAT(Price : REAL) RETURNS REAL RETURN Price * 0.20 ENDFUNCTION Java support example only static double calculateVAT(double price) { return price * 0.20;,Lesson content and applicable syllabus row,NeedsFactReview,4aeec736965ad7a6e21bbb6ff33cf90fcb24a55fb63f8c48407949b79dc6d088
130,explanation-parameters-img-1,explanation-parameters,Raster image,Academic knowledge-point infographic explaining A subprogram interface connects caller and header with a structured visual model.,"A subprogram interface gives the caller the name, parameter list and types, and any return value/type. A procedure header or function header declares that interface; a function header also declares its return type. A parameter is named in the header; an argument is the actual value or variable supplied at a call. RETURN sends a function value to the caller; displayed output is an effect, not a return value.",Lesson content and applicable syllabus row,NeedsFactReview,5cc608f149aa2b93aa5d91d151a1e54cd8f8e09ea549d826cecdc92d33bad359
130,explanation-procedure-img-1,explanation-procedure,Raster image,Academic knowledge-point infographic explaining A procedure performs actions and returns no value with a structured visual model.,A procedure performs an action and does not return a value. A function returns a value and can be used in an expression. Do not describe returning a value as optional for a Cambridge procedure.,Lesson content and applicable syllabus row,NeedsFactReview,134c2997ba6c0efb9856fb4199a14a481f9d6d16cd02cbbb34300214638cbfd7
130,explanation-returner-img-1,explanation-returner,Raster image,Academic knowledge-point infographic explaining Calculate a function return value with a structured visual model.,Interactive return simulator Use CalculateVAT(Price) to return Price * 0.20 .,Lesson content and applicable syllabus row,NeedsFactReview,41e71d16249bd8d6e686d116123f1550ae30b0ffce9a86e08f9626eadf151bac
130,overview-div-1,overview,HTML/CSS,Procedure and function visual,Procedure and function visual,Lesson content and applicable syllabus row,NeedsFactReview,d8f23f13d05f9aac9587d83c9f622563d630acbc8e89334784934c841d2e8a44
131,explanation-compare-img-1,explanation-compare,Raster image,"Academic knowledge-point infographic explaining Same procedure body, different final result with a structured visual model.",Side-by-side comparison By value By reference Header clue Number : INTEGER BYREF Number : INTEGER What is passed a copy of the value a reference to the caller's variable Change inside subroutine affects local parameter only can affect original variable,Lesson content and applicable syllabus row,NeedsFactReview,5619966dd0dd568505dd873f70215c24707a1ac39256af788f73fe3b1c2c8f11
131,explanation-java-img-1,explanation-java,Raster image,Academic knowledge-point infographic explaining Do not replace Cambridge BYREF with Java syntax with a structured visual model.,"Java support only Cambridge exam answer format PROCEDURE Increase(BYREF Score : INTEGER) Score <- Score + 1 ENDPROCEDURE Java support note // Java support example only, not exam pseudocode static void increase(int score) { score = score + 1; Java primitive parameters are passed by value. Do not use this as evidence that Cambridge BYREF is absent.",Lesson content and applicable syllabus row,NeedsFactReview,9cbb475d967ce1a71ba806924262d14441038b3c6a9d2575fa9fbc14f3a4724e
131,explanation-reference-img-1,explanation-reference,Raster image,Academic knowledge-point infographic explaining BYREF links the parameter back to the caller's variable with a structured visual model.,Passing by reference Cambridge-style pseudocode PROCEDURE AddOne(BYREF Number : INTEGER) Number <- Number + 1 ENDPROCEDURE CALL AddOne(X) OUTPUT X Trace reasoning Before call X = 5 Inside procedure Number is linked to X After call caller's X becomes 6 BYREF is useful when a procedure must update the caller's variable directly.,Lesson content and applicable syllabus row,NeedsFactReview,652bed33eebc285ae126e35c7e071de510708abe5d7c3f7dfc520e780dbc216c
131,explanation-terms-img-1,explanation-terms,Raster image,Academic knowledge-point infographic explaining The header names the parameter. The call supplies the argument. with a structured visual model.,"Parameter and argument Parameter in the procedure header PROCEDURE DisplayMessage(Message : STRING) OUTPUT Message ENDPROCEDURE Message is the parameter. It is a named input expected by the procedure. Argument in the call CALL DisplayMessage(""Ready"") Text <- ""Saved"" CALL DisplayMessage(Text) ""Ready"" and Text are arguments. They are the actual values supplied.",Lesson content and applicable syllabus row,NeedsFactReview,4c0e2d7bc313c9890652573a4d4f7990940b08d0182457f9a4cb1685210d9181
131,explanation-use-img-1,explanation-use,Raster image,Academic knowledge-point infographic explaining Use it when the procedure must deliberately update caller data with a structured visual model.,"When to use BYREF Good use IncrementScore(BYREF Score : INTEGER) updates a stored score in the main algorithm. Swap(BYREF A : INTEGER, BYREF B : INTEGER) must change both original variables. Avoid if unnecessary If the subroutine only needs to read a value, by value is clearer and reduces accidental changes.",Lesson content and applicable syllabus row,NeedsFactReview,818d464b1aefbc603c6404f5a2380bc4a1b42960a79360981935b774239dcffa
131,explanation-value-img-1,explanation-value,Raster image,Academic knowledge-point infographic explaining By value means the subroutine works with a copy with a structured visual model.,Passing by value Cambridge-style pseudocode PROCEDURE AddOne(Number : INTEGER) Number <- Number + 1 ENDPROCEDURE CALL AddOne(X) OUTPUT X Trace reasoning Before call X = 5 Inside procedure local Number becomes 6 After call caller's X is still 5 No BYREF means do not update the original caller variable.,Lesson content and applicable syllabus row,NeedsFactReview,9d6caa9a9bdd28c42a4231f47a602cd4606ab5b812db751c36b228b1f3fccfdd
131,overview-div-1,overview,HTML/CSS,By value and BYREF visual,By value and BYREF visual,Lesson content and applicable syllabus row,NeedsFactReview,6f9328f954d8ec25b4b6c6bf901513accd9df1a634af0fab3bfd17c5492e6d07
132,explanation-compare-img-1,explanation-compare,Raster image,Academic knowledge-point infographic explaining Local and global variables differ by accessibility and lifetime with a structured visual model.,Local variable Global variable Declared inside a subroutine or block outside subroutines limited to that subroutine or block available more widely in the program Lifetime usually while the subroutine call is active usually while the program is running Main risk using it outside scope,Lesson content and applicable syllabus row,NeedsFactReview,321ceb545a194f599ea2c34d8cc7e844cceb7d7ce590c17ca0e42a6ce094a1b8
132,explanation-global-img-1,explanation-global,Raster image,Academic knowledge-point infographic explaining Global variables are declared outside subroutines and can be accessed widely with a structured visual model.,"Global variables Cambridge-style pseudocode Total <- 0 PROCEDURE AddScore(Score : INTEGER) Total <- Total + Score ENDPROCEDURE Reasoning Total is declared outside the procedure, so it is global in this fragment. Global variables can make updates convenient, but they can also make tracing harder because many parts of a program may change the value.",Lesson content and applicable syllabus row,NeedsFactReview,5ac44346aa00f92658483d0718f6c5a624adfc23d3d5470cdbf687952ce0781f
132,explanation-java-img-1,explanation-java,Raster image,"Academic knowledge-point infographic explaining Java helps illustrate scope, but Cambridge pseudocode remains the answer format with a structured visual model.","Java support only Cambridge-style pseudocode PROCEDURE PrintLocal() Value <- 7 OUTPUT Value ENDPROCEDURE Java support example only static void printLocal() { int value = 7; System.out.println(value); Do not answer Paper 2 with Java braces, semicolons or access modifiers unless the question specifically asks for Java.",Lesson content and applicable syllabus row,NeedsFactReview,db64a1d28a12715d5e2b61b9711839c251ad93d8635eef90d66f8bf32e745674
132,explanation-lifetime-img-1,explanation-lifetime,Raster image,Academic knowledge-point infographic explaining Lifetime means how long a variable exists during execution with a structured visual model.,Lifetime Main program starts global variables may be created and keep their values Procedure is called local variables are created for that call Procedure ends local variables are destroyed or become inaccessible Main continues global variables still exist unless the program ends A local variable's lifetime is usually one subroutine call. It is not a tiny global variable in disguise.,Lesson content and applicable syllabus row,NeedsFactReview,5ac363c5c3b980fd0ec164c8a7fc4b9a42a39ddf8a30bde6929c50243bc72e87
132,explanation-local-img-1,explanation-local,Raster image,Academic knowledge-point infographic explaining Local variables are declared inside a subroutine or block with a structured visual model.,Local variables Cambridge-style pseudocode PROCEDURE CalculateBonus(Mark : INTEGER) Bonus <- Mark DIV 10 OUTPUT Bonus ENDPROCEDURE Reasoning Mark parameter local to this procedure call Bonus local variable used only inside the procedure After call Bonus is not directly available in the main algorithm,Lesson content and applicable syllabus row,NeedsFactReview,bd89539dfe565ad70893e40e122f76a91c0d13c119fba0912ea8308532e12907
132,explanation-scope-img-1,explanation-scope,Raster image,Academic knowledge-point infographic explaining Scope means where a variable or identifier can be accessed with a structured visual model.,"Inside scope PROCEDURE DisplayTotal() Total <- 25 OUTPUT Total ENDPROCEDURE Total is accessible inside DisplayTotal . Outside scope CALL DisplayTotal() If Total was local to the procedure, the main algorithm cannot use it directly.",Lesson content and applicable syllabus row,NeedsFactReview,8ccd5e9a3b6f14cf344e28527d916bc5bebef4634b383db657cfda3273db34fe
132,explanation-shadowing-img-1,explanation-shadowing,Raster image,Academic knowledge-point infographic explaining A local variable can hide a global variable with the same name with a structured visual model.,"Declare a global Score and set it to 50. Inside ChangeScore, explicitly declare a separate local Score and set it to 80. The local Score hides the global Score only inside the procedure. The procedure outputs 80, while the main program later outputs the unchanged global 50.",Lesson content and applicable syllabus row,NeedsFactReview,2eb14330f3d3949f9ebb867ddb3227e5cf51a623f7e5fbd3e1cbaaa778afbe20
132,overview-div-1,overview,HTML/CSS,Scope visual,Scope visual,Lesson content and applicable syllabus row,NeedsFactReview,ad669477378e3f7a762a4844f2e08afd13dfff94cdd787c7cf74a89c5e87964a
133,explanation-case-img-1,explanation-case,Raster image,Academic knowledge-point infographic explaining UCASE and LCASE normalise text before comparison with a structured visual model.,"Input Answer and normalise it with UCASE before comparison. If the normalised answer equals Y, output Continue. Close the selection with ENDIF. Case conversion changes letter case but does not remove spaces or correct spelling.",Lesson content and applicable syllabus row,NeedsFactReview,cacca3edd0c0020d43eab078a31c9a6d6f90b00055765c0ab2027013f315d7f8
133,explanation-concat-img-1,explanation-concat,Raster image,Academic knowledge-point infographic explaining Concatenation joins strings to form a new string with a structured visual model.,"Concatenation Build a username FirstName <- ""Lin"" Year <- ""2029"" Username <- LCASE(FirstName) & Year OUTPUT Username LCASE(FirstName) ""lin"" Username ""lin2029"" Common error treating Year as arithmetic instead of text",Lesson content and applicable syllabus row,NeedsFactReview,b44db138bd14bc3dd7734bb4d4ffc4a7647d56f466c85ab8b0098d0ffc39e3a7
133,explanation-java-img-1,explanation-java,Raster image,Academic knowledge-point infographic explaining Java method syntax is not Cambridge pseudocode with a structured visual model.,"Java support only Cambridge-style pseudocode Code <- LEFT(UCASE(Name), 3) Java support example only String code = name.toUpperCase().substring(0, 3); Java's substring(0, 3) uses indexes 0 to 2. That is not the same notation as LEFT(Name, 3) .",Lesson content and applicable syllabus row,NeedsFactReview,23c187ff0904798a581fc343112273824be0ec0248b7b3f5556c0c84518cbb34
133,explanation-lab-img-1,explanation-lab,Raster image,Academic knowledge-point infographic explaining Test a built-in function with a structured visual model.,"Interactive string lab Use a short string and compare the returned value. For MID , positions start at 1. Function Choose a function and run it.",Lesson content and applicable syllabus row,NeedsFactReview,97344c8e047804df4a7ea6a0eeab04fdb2f0fb4fa739b4d13c02158d13137593
133,explanation-length-img-1,explanation-length,Raster image,Academic knowledge-point infographic explaining LENGTH(String) returns the number of characters with a structured visual model.,"Word <- ""ALGORITHM"" Size <- LENGTH(Word) OUTPUT Size Word ""ALGORITHM"" LENGTH(Word) 9",Lesson content and applicable syllabus row,NeedsFactReview,7c9b3f95752fa99ded160acf1056bdd5a77a4b68bb0dfa37ecafb95bde4a093f
133,explanation-position-img-1,explanation-position,Raster image,Academic knowledge-point infographic explaining Exam traces must follow the position convention stated or implied with a structured visual model.,"Positions and indexing Cambridge-style trace Word <- ""DATA"" Part <- MID(Word, 2, 2) OUTPUT Part Using 1-based positions, the output is ""AT"" . Common error Do not import Java's zero-based indexing into a pseudocode trace unless the question explicitly tells you to.",Lesson content and applicable syllabus row,NeedsFactReview,f981e416ab10373b3c10d15be1d9fed40cd202eda96daf98c35f13d591fcaeaa
133,explanation-strings-img-1,explanation-strings,Raster image,Academic knowledge-point infographic explaining A string is a sequence of characters with a structured visual model.,"Cambridge-style assignment Name <- ""Ada"" Message <- ""Hello, "" & Name OUTPUT Message Reasoning ""Ada"" is a string of three characters. & is used here for concatenation. If a question uses a different concatenation operator, follow the question. The mark is for clear string construction.",Lesson content and applicable syllabus row,NeedsFactReview,92fac1c0382dc859a054e3b9c2ec9f4bb1bbd3d293814fefc00745678c567705
133,explanation-substring-img-1,explanation-substring,Raster image,Academic knowledge-point infographic explaining Use the string-function definition supplied in the question with a structured visual model.,"String manipulation functions are supplied in the question; use the stated name, parameter order and position convention. Trace the supplied routine exactly, then use its returned string in an assignment, comparison, output or expression. Do not import Java's zero-based substring convention or memorise an unstated course-specific signature.",Lesson content and applicable syllabus row,NeedsFactReview,f784ac19cde9f153efd820db0c6702cb97c5b06423b17e8d466d2a434871ab4e
133,overview-div-1,overview,HTML/CSS,String visual,String visual,Lesson content and applicable syllabus row,NeedsFactReview,799d48a12a0338f830584bddc7040f919ee07431e458339320c1c34d2481f1ca
134,explanation-calculator-img-1,explanation-calculator,Raster image,"Academic knowledge-point infographic explaining Compare / , DIV and MOD with a structured visual model.",Interactive arithmetic calculator Use positive integers for this lesson's calculator. Operation Enter values and calculate.,Lesson content and applicable syllabus row,NeedsFactReview,9eda09d9cc6c45c0aba7de6b01f1b07047529bc4d2caeb1d121cc92ffd1994aa
134,explanation-division-img-1,explanation-division,Raster image,Academic knowledge-point infographic explaining DIV returns the whole-number quotient with a structured visual model.,Integer division Cambridge-style pseudocode Students <- 17 SeatsPerRow <- 5 FullRows <- Students DIV SeatsPerRow OUTPUT FullRows 17 / 5 3.4 17 DIV 5 3 Meaning three complete groups of five,Lesson content and applicable syllabus row,NeedsFactReview,5afb693d7d88fec42ab16a9706c8514b65c5a6df05fd009141f46b2db1be0e8a
134,explanation-java-img-1,explanation-java,Raster image,"Academic knowledge-point infographic explaining Java can support the idea, but Cambridge pseudocode remains the answer format with a structured visual model.",Java support only Cambridge-style pseudocode Quotient <- Number DIV Divisor Remainder <- Number MOD Divisor Java support example only int quotient = number / divisor; int remainder = number % divisor; Do not write Java % as the exam pseudocode operator when the question expects MOD .,Lesson content and applicable syllabus row,NeedsFactReview,e3874658069be2f4f7709aad5fd425c0b8d2baaf1718d1ff8cfb65c754e0d21f
134,explanation-mod-img-1,explanation-mod,Raster image,Academic knowledge-point infographic explaining MOD returns the remainder with a structured visual model.,Cambridge-style pseudocode Students <- 17 SeatsPerRow <- 5 LeftOver <- Students MOD SeatsPerRow OUTPUT LeftOver 17 DIV 5 3 full groups 3 * 5 15 used 17 MOD 5 2 left over,Lesson content and applicable syllabus row,NeedsFactReview,4ed2bd70cb2741670b23c9d797f04b4b4c29b913fd296dc9810e5e61b3c60016
134,explanation-operators-img-1,explanation-operators,Raster image,Academic knowledge-point infographic explaining Operators combine values to calculate a result with a structured visual model.,Arithmetic operators Operator addition 7 + 3 = 10 subtraction 7 - 3 = 4 multiplication 7 * 3 = 21 real division 7 / 2 = 3.5 integer quotient 7 DIV 2 = 3,Lesson content and applicable syllabus row,NeedsFactReview,f1e54883a995a67a4cf50a5e9ee9c86dde4e42282e5e8fb65ca56a31620fb562
134,explanation-patterns-img-1,explanation-patterns,Raster image,Academic knowledge-point infographic explaining DIV and MOD often appear in practical algorithm tasks with a structured visual model.,Common patterns Even / odd Number MOD 2 = 0 means even. Digit extraction Number MOD 10 gives the last digit of a positive integer. Time conversion Minutes DIV 60 gives hours; Minutes MOD 60 gives remaining minutes.,Lesson content and applicable syllabus row,NeedsFactReview,58e862c5c6162712da1e812dff04046cdc02eeae29627f0aa25efcea4ea970f1
134,explanation-precedence-img-1,explanation-precedence,Raster image,Academic knowledge-point infographic explaining Use brackets when the intended order matters with a structured visual model.,"Precedence Without brackets Result <- 2 + 3 * 4 OUTPUT Result Multiplication is evaluated before addition, so the result is 14 . With brackets Result <- (2 + 3) * 4 Brackets force the addition first, so the result is 20 .",Lesson content and applicable syllabus row,NeedsFactReview,5fa2694f651a34894a39b272fc7fca064a7c62ef12d116221cff534c494a21dd
134,explanation-relationship-img-1,explanation-relationship,Raster image,Academic knowledge-point infographic explaining Use the identity to check your answer with a structured visual model.,"Quotient and remainder relationship Number = Divisor * (Number DIV Divisor) + (Number MOD Divisor) Example: 17 = 5 * (17 DIV 5) + (17 MOD 5) = 5 * 3 + 2 For positive integers, the remainder is smaller than the divisor. If 17 MOD 5 becomes 5 , the remainder has become too enthusiastic.",Lesson content and applicable syllabus row,NeedsFactReview,b24912b56dc28d0b55260435230d5ac51a26807b9d2bc8b2471b4e320bd655bb
134,overview-div-1,overview,HTML/CSS,DIV and MOD visual,DIV and MOD visual,Lesson content and applicable syllabus row,NeedsFactReview,18f22c1313c41879667395b28ecce55adba88b53cc19168081ed083d7e104eff
135,explanation-formatter-img-1,explanation-formatter,Raster image,Academic knowledge-point infographic explaining Build a readable result line with a structured visual model.,Interactive output formatter Enter values and choose a format. The goal is not decoration; it is clarity. Choose values and format the output.,Lesson content and applicable syllabus row,NeedsFactReview,082a2bddacaf86ccb7e25e15d86a54bab4622d93e9f85a0c12411aaeed19fc5f
135,explanation-formatting-img-1,explanation-formatting,Raster image,Academic knowledge-point infographic explaining Formatting means controlling how values are shown with a structured visual model.,"Formatting output Unformatted OUTPUT Name OUTPUT Mark OUTPUT Grade Formatted OUTPUT ""Name: "" & Name OUTPUT ""Mark: "" & Mark OUTPUT ""Grade: "" & Grade Name: Ada Mark: 72 Grade: B",Lesson content and applicable syllabus row,NeedsFactReview,e8357f45025ee60ef55669467f99ff1050fd3d83900986dec1182aff886eeae5
135,explanation-input-img-1,explanation-input,Raster image,Academic knowledge-point infographic explaining INPUT reads data and stores it in a variable with a structured visual model.,"Cambridge-style pseudocode OUTPUT ""Enter mark"" INPUT Mark Prompt screen shows Enter mark Input user enters a value such as 72 Storage Mark now stores 72",Lesson content and applicable syllabus row,NeedsFactReview,e246dfba08c0d638231c3966d440f34495d220139d15fd4da63a198a165f6f84
135,explanation-java-img-1,explanation-java,Raster image,Academic knowledge-point infographic explaining Java I/O syntax is not Cambridge pseudocode with a structured visual model.,"Java support only Cambridge-style pseudocode OUTPUT ""Enter mark"" INPUT Mark OUTPUT ""Mark: "" & Mark Java support example only Scanner input = new Scanner(System.in); System.out.print(""Enter mark: ""); int mark = input.nextInt(); System.out.println(""Mark: "" + mark); Do not copy Scanner , semicolons or Java method calls into Paper 2 pseudocode unless Java is explicitly requested.",Lesson content and applicable syllabus row,NeedsFactReview,521317825041e85fe1b2dd5202cf8858a827b827c457da93b8739f9545fc08f4
135,explanation-output-img-1,explanation-output,Raster image,"Academic knowledge-point infographic explaining OUTPUT displays text, values or expressions with a structured visual model.","Display text and values Name <- ""Ada"" Mark <- 72 OUTPUT ""Student: "" & Name OUTPUT ""Mark: "" & Mark Displayed output Student: Ada Mark: 72 Labels make the output meaningful. A lonely 72 on a screen is not a user interface; it is a small mystery.",Lesson content and applicable syllabus row,NeedsFactReview,93041c19f8f57e77a5e0052b63f5fe71e6a86cfc3fa9d4394079754196ff3640
135,explanation-prompts-img-1,explanation-prompts,Raster image,Academic knowledge-point infographic explaining A good prompt tells the user what to enter and the expected format with a structured visual model.,"OUTPUT ""Input"" does not say what value is needed OUTPUT ""Enter mark"" states the required data item OUTPUT ""Enter mark 0 to 100"" states expected range and reduces invalid input",Lesson content and applicable syllabus row,NeedsFactReview,f7fa969feaa64f570f49d48ea6e68233dbe365c94999d1383fe036d2892e639e
135,explanation-tables-img-1,explanation-tables,Raster image,Academic knowledge-point infographic explaining Formatted output can make repeated records readable with a structured visual model.,"Table-like output Pseudocode idea OUTPUT ""Name Mark"" OUTPUT ""Ada 72"" OUTPUT ""Lin 85"" Displayed output Name Mark Headings, spacing and row order make the values interpretable.",Lesson content and applicable syllabus row,NeedsFactReview,c93d5c01eea97059232f215e642bc234bc1216ce5e217dffd5b190e5e13a1088
135,explanation-types-img-1,explanation-types,Raster image,Academic knowledge-point infographic explaining Input data must be used with the correct data type with a structured visual model.,"Input type handling Numeric calculation OUTPUT ""Enter price"" INPUT Price Total <- Price * 1.20 OUTPUT ""Total: "" & Total Reasoning Price must be treated as numeric for multiplication. If a language reads all input as text, conversion may be needed. Cambridge pseudocode usually focuses on the algorithm. If the question demands conversion, show it clearly.",Lesson content and applicable syllabus row,NeedsFactReview,7ac5586548e7209b787fbe21bb4d62ee7661bf821757ac74d7f952602d3155d0
135,overview-div-1,overview,HTML/CSS,Input output visual,Input output visual,Lesson content and applicable syllabus row,NeedsFactReview,29d155b614a87e4051c643238ff7773edbd34836ab534b7d36055497810791ab
136,explanation-append-img-1,explanation-append,Raster image,Academic knowledge-point infographic explaining FOR APPEND adds new data to the end with a structured visual model.,"Append pattern Cambridge-style pseudocode OPENFILE ""Scores.txt"" FOR APPEND WRITEFILE ""Scores.txt"", ""Lin,85"" CLOSEFILE ""Scores.txt"" Reasoning Use FOR APPEND when previous records should remain and new records should be added after them.",Lesson content and applicable syllabus row,NeedsFactReview,a6eb67df3d2154e1e1951ca8b6fbfaaf84dea589e12ae183f64304a736846fec
136,explanation-close-img-1,explanation-close,Raster image,Academic knowledge-point infographic explaining CLOSEFILE completes the pattern with a structured visual model.,Closing files Reliability Data written to a file should be properly finished and released. Resources The operating system can free the file handle or lock. Exam pattern Questions often expect CLOSEFILE after reading or writing.,Lesson content and applicable syllabus row,NeedsFactReview,62b287c3c3500716aa2df875077a5b8730124cda8fe7461be47731070467b7eb
136,explanation-eof-img-1,explanation-eof,Raster image,Academic knowledge-point infographic explaining EOF prevents reading past the end of the file with a structured visual model.,"EOF loop Count records Count <- 0 OPENFILE ""Orders.txt"" FOR READ WHILE NOT EOF(""Orders.txt"") READFILE ""Orders.txt"", OrderLine Count <- Count + 1 ENDWHILE CLOSEFILE ""Orders.txt"" OUTPUT Count Common trace If Orders.txt has 3 lines, the loop runs 3 times and Count becomes 3 .",Lesson content and applicable syllabus row,NeedsFactReview,0852bc3d71bbd0ff59a6e6fe2290716c22e245f48c36adc3374494d73873a82d
136,explanation-java-img-1,explanation-java,Raster image,"Academic knowledge-point infographic explaining Java file handling helps understanding, but does not replace pseudocode with a structured visual model.","Java support only Cambridge-style pseudocode OPENFILE ""Scores.txt"" FOR READ WHILE NOT EOF(""Scores.txt"") READFILE ""Scores.txt"", Line OUTPUT Line ENDWHILE CLOSEFILE ""Scores.txt"" Java support example only try (Scanner file = new Scanner(new File(""Scores.txt""))) { while (file.hasNextLine()) { System.out.println(file.nextLine());",Lesson content and applicable syllabus row,NeedsFactReview,28ba5b51fca75999992d29827ec5f4b56c0963e6ca212f15710665f6112b7970
136,explanation-modes-img-1,explanation-modes,Raster image,Academic knowledge-point infographic explaining The mode controls what the program intends to do with the file with a structured visual model.,File modes Exam warning FOR READ read existing data from a file do not use it to add new records FOR WRITE write new file contents may overwrite existing contents FOR APPEND add new data to the end of an existing file keeps previous records,Lesson content and applicable syllabus row,NeedsFactReview,5cc16543cf9e54a8cbaa0749dabfcc0fb5c5f03aa85b1b744b5e1e2b94b65eb5
136,explanation-purpose-img-1,explanation-purpose,Raster image,Academic knowledge-point infographic explaining Files store data outside the running program with a structured visual model.,Volatile variable A variable value is lost when the program ends unless it is saved elsewhere. Persistent file A file such as Scores.txt can keep records for the next time the program runs.,Lesson content and applicable syllabus row,NeedsFactReview,1f9113fd67e45c8f3954912ee3fbff8a4bf460eb383e36663edefae33ead0bcf
136,explanation-read-img-1,explanation-read,Raster image,Academic knowledge-point infographic explaining Read every line using WHILE NOT EOF with a structured visual model.,"Read pattern Cambridge-style pseudocode OPENFILE ""Scores.txt"" FOR READ WHILE NOT EOF(""Scores.txt"") READFILE ""Scores.txt"", Line OUTPUT Line ENDWHILE CLOSEFILE ""Scores.txt"" Trace idea Open prepare Scores.txt for reading EOF check continue while records remain Read store one line in Line",Lesson content and applicable syllabus row,NeedsFactReview,2906ad83f3470f4cc5f5940580f56a101eaee894b4ca6a472b2f50e7291dc23c
136,explanation-write-img-1,explanation-write,Raster image,Academic knowledge-point infographic explaining FOR WRITE writes new contents with a structured visual model.,"Write pattern Cambridge-style pseudocode OPENFILE ""Report.txt"" FOR WRITE WRITEFILE ""Report.txt"", ""Name,Mark"" WRITEFILE ""Report.txt"", ""Ada,72"" CLOSEFILE ""Report.txt"" Reasoning Use FOR WRITE when the program is creating or replacing the file contents. If old contents must be preserved, FOR WRITE is the suspicious choice. It may wipe the slate clean with too much confidence.",Lesson content and applicable syllabus row,NeedsFactReview,635dd59acb410266a1c76bbc72ed148a249de8689287a97f53c026ad72b47881
136,overview-div-1,overview,HTML/CSS,File handling visual,File handling visual,Lesson content and applicable syllabus row,NeedsFactReview,c11be2f6c2ae2cee62c5461f4e5a2d0949d833c9028ea45c78e119dec2d944de
137,explanation-boundary-img-1,explanation-boundary,Raster image,Academic knowledge-point infographic explaining Extreme or boundary data uses valid values at accepted limits with a structured visual model.,"Extreme/boundary data uses valid values at the accepted lower or upper limit. For an accepted mark range of 0 to 100 inclusive, 0 and 100 are valid extreme/boundary values. Values just outside the limits, such as -1 and 101, are abnormal and should be rejected.",Lesson content and applicable syllabus row,NeedsFactReview,815aa798902d4bdd5f697c15a16260f5888f89dbd7c3dbefa4c3e39922d95906
137,explanation-erroneous-img-1,explanation-erroneous,Raster image,Academic knowledge-point infographic explaining Abnormal data is invalid data that should be rejected with a structured visual model.,"Abnormal data is invalid data that should be rejected or handled. For a mark from 0 to 100, -1 and 101 are out-of-range abnormal data. The string ""cat"" is wrong-type abnormal data when an integer mark is required.",Lesson content and applicable syllabus row,NeedsFactReview,8a3f0e2fea2dfc9c2a68a3c93af7784c7868134f72c465dba9b2c1a48d12774e
137,explanation-java-img-1,explanation-java,Raster image,"Academic knowledge-point infographic explaining Java can help you run examples, but Cambridge pseudocode is the exam answer format with a structured visual model.","Java support only Cambridge-style pseudocode IF Mark >= 0 AND Mark <= 100 THEN OUTPUT ""Accepted"" ELSE OUTPUT ""Rejected"" ENDIF Java support example only if (mark >= 0 && mark <= 100) { System.out.println(""Accepted""); } else { System.out.println(""Rejected""); } Do not write Java syntax as the final Cambridge pseudocode answer unless the question specifically asks for Java.",Lesson content and applicable syllabus row,NeedsFactReview,37002e97d60f590e185b4ee5a8c41635d372c1519e57e4cd08d903b3e55d8739
137,explanation-normal-img-1,explanation-normal,Raster image,"Academic knowledge-point infographic explaining Normal data is valid, typical data inside the allowed range with a structured visual model.",Normal data Normal test data Expected result Mark 0 to 100 inclusive Accepted Password length 8 to 20 12 characters Age 11 to 18 inclusive,Lesson content and applicable syllabus row,NeedsFactReview,3bc79b0385a113c28566097c7926a89f4e9c2d2d622d503ce8776be20a335f5b
137,explanation-purpose-img-1,explanation-purpose,Raster image,Academic knowledge-point infographic explaining Testing compares actual results with expected results with a structured visual model.,"IF Mark >= 0 AND Mark <= 100 THEN
    OUTPUT ""Valid""
ELSE
    OUTPUT ""Invalid""
ENDIF Normal, abnormal and extreme/boundary test data provide evidence for the selected cases. Finite testing can expose faults but does not prove correctness for every possible input.",Lesson content and applicable syllabus row,NeedsFactReview,3c17d5b9251cd37b780a2cd0633442510daa12e7cffe4161b8339eff9547e7f6
137,explanation-table-img-1,explanation-table,Raster image,Academic knowledge-point infographic explaining A clear test table turns thinking into marks with a structured visual model.,"A test table records test data, its category and the expected result. Use 50 as normal accepted data and 0 or 100 as valid extreme/boundary accepted data. Use -1, 101 or a wrong-type input as abnormal data with a rejected or handled expected result.",Lesson content and applicable syllabus row,NeedsFactReview,fb33d36173a4e06d6adda83975a71a68000d5f264a402bb8303461da0a4f778e
137,explanation-validation-img-1,explanation-validation,Raster image,Academic knowledge-point infographic explaining Testing checks validation against expected results with a structured visual model.,"Testing checks whether validation behaves as expected for selected normal, abnormal and extreme/boundary cases. Expected and actual results are compared for each test. Passing a finite test set is evidence, not a proof of universal correctness.",Lesson content and applicable syllabus row,NeedsFactReview,60723f9a532551d7ff50a6bce4549c71b7d9c22c2ba317268eb30d20efe1bbe0
137,overview-div-1,overview,HTML/CSS,Test data visual,Test data visual,Lesson content and applicable syllabus row,NeedsFactReview,bb0f5f708b38d2d27b33173263cb8be7ae63a66103e4ae2535f3fff2ff23a816
138,explanation-breakpoint-img-1,explanation-breakpoint,Raster image,Academic knowledge-point infographic explaining A breakpoint pauses execution at a chosen line with a structured visual model.,"Breakpoint Best place Place a breakpoint before or on the line where the suspected decision or calculation happens. What to inspect Check variable values, the next line to execute, and whether the condition is true or false. What not to do Do not scatter breakpoints randomly. Random pausing is just procrastination wearing a technical hat.",Lesson content and applicable syllabus row,NeedsFactReview,a21ac582ebc79b666a4f0c6fc4579cc309fdf2113ea4d3f528e86e604562f7b1
138,explanation-bug-img-1,explanation-bug,Raster image,Academic knowledge-point infographic explaining Analyse and amend an existing program with a structured visual model.,"Analyse the existing program's purpose, inputs, outputs, control flow and behaviour that must remain unchanged before editing it. Amend declarations, initialisation, processing and output coherently to add the requested functionality rather than rewriting unrelated code. Test the new path and rerun regression tests for the existing path; adding functionality is an enhancement, not merely correcting a fault.",Lesson content and applicable syllabus row,NeedsFactReview,844928d0719270bd3cdc8fadaa2302ae4549d14e1111c7ef817f95f3369cd14e
138,explanation-java-img-1,explanation-java,Raster image,"Academic knowledge-point infographic explaining Java debugging tools help practice, but Cambridge pseudocode remains the exam format with a structured visual model.","Java support only Cambridge-style pseudocode INPUT Mark IF Mark >= 50 THEN OUTPUT ""Pass"" OUTPUT ""Resit needed"" Java support example only int mark = 50; if (mark >= 50) { System.out.println(""Pass""); } else { System.out.println(""Resit needed"");",Lesson content and applicable syllabus row,NeedsFactReview,b4ccb22da441765bc4103366d90b5b86b12fb02487095c8dd078cd75b3e83cf4
138,explanation-purpose-img-1,explanation-purpose,Raster image,Academic knowledge-point infographic explaining Debugging locates and corrects faults with a structured visual model.,"IF Mark > 50 THEN
    OUTPUT ""Pass""
ELSE
    OUTPUT ""Fail""
ENDIF The example is syntactically valid but still contains the deliberate logic error Mark > 50 at the boundary. Cambridge pseudocode closes the selection with ENDIF, not END IF.",Lesson content and applicable syllabus row,NeedsFactReview,811f86280913eb0161630db69c3bc5e6390e5e3569662ed87d18129728b06b72
138,explanation-stepping-img-1,explanation-stepping,Raster image,Academic knowledge-point infographic explaining Step through code one instruction at a time with a structured visual model.,Stepping Step over Run the next line without entering a called procedure or function. Useful when the call itself is not suspicious. Step into Enter a called procedure or function. Useful when the fault may be inside that subroutine.,Lesson content and applicable syllabus row,NeedsFactReview,1e7ecc7c768be5a1ce472709aa93db883d8a3756cecc1a2dbdc4473ee96ecc20
138,explanation-watch-img-1,explanation-watch,Raster image,Academic knowledge-point infographic explaining Watching variables shows state changes while stepping with a structured visual model.,Watch variables Variable Expected Suspicious result increases by each item price resets to 0 inside loop moves through every array element skips first or last element 50 passes 50 goes to ELSE branch,Lesson content and applicable syllabus row,NeedsFactReview,71404c3c7cdbfe874055ae0263c0113af26f2846b2ce42a0910bf20d247ada9b
138,overview-div-1,overview,HTML/CSS,Debugging visual,Debugging visual,Lesson content and applicable syllabus row,NeedsFactReview,8018df5f001f3310d79fe839c7526d62fa77614c885df7a0bd9513e7d0cb8f7c
139,explanation-checks-img-1,explanation-checks,Raster image,Academic knowledge-point infographic explaining Pick the check that matches the rule with a structured visual model.,"Validation check types Range check value inside limits 0 to 100 Type check correct data type INTEGER mark ""banana"" Length check correct number of characters password 8 to 20 short or very long password",Lesson content and applicable syllabus row,NeedsFactReview,aad4cfb6ec0c8f50971a4e666bacf857fad930b2f0eedb76d4130bba570f6305
139,explanation-integration-img-1,explanation-integration,Raster image,Academic knowledge-point infographic explaining Validation and modularity support each other with a structured visual model.,IsValidMark returns TRUE only for marks from 0 to 100 inclusive. Close the valid branch with ENDIF before the false return. Close the reusable function with ENDFUNCTION. Call the function instead of repeating the validation condition.,Lesson content and applicable syllabus row,NeedsFactReview,fd0d74b5101afc609b8c1f8a976fb995797d9bf4fdaa956271d921be9d288a7c
139,explanation-java-img-1,explanation-java,Raster image,"Academic knowledge-point infographic explaining Java methods can model modularity, but Cambridge pseudocode remains the exam format with a structured visual model.","Java support only Cambridge-style pseudocode FUNCTION IsValidMark(Mark : INTEGER) RETURNS BOOLEAN RETURN Mark >= 0 AND Mark <= 100 ENDFUNCTION Java support example only static boolean isValidMark(int mark) { return mark >= 0 && mark <= 100; Use Java to practise running code, but use Cambridge-style pseudocode when the exam asks for algorithm design.",Lesson content and applicable syllabus row,NeedsFactReview,cca4dd462503be7d7e3f5d9e7db3cbf9bf6ea5cbb7bebafb49cd2e7cf41d21c3
139,explanation-modularity-img-1,explanation-modularity,Raster image,Academic knowledge-point infographic explaining Modular design splits a solution into smaller named parts with a structured visual model.,"Modularity Less robust structure All input, validation, calculation and output in one long block. Harder to test, reuse and debug. More robust structure Mark <- GetValidMark() Grade <- CalculateGrade(Mark) OUTPUT Grade",Lesson content and applicable syllabus row,NeedsFactReview,a9823890b6d62467c6e1c2a1da3711a1f5124dc374176c7f2bc6818e49f094ad
139,explanation-module-tool-img-1,explanation-module-tool,Raster image,Academic knowledge-point infographic explaining Choose a module for each responsibility with a structured visual model.,Module chooser Responsibility,Lesson content and applicable syllabus row,NeedsFactReview,674aa209e1cd66a3d544de7719f9c01aac75ea8e0184f0196ca033a862942a6c
139,explanation-parameters-img-1,explanation-parameters,Raster image,Academic knowledge-point infographic explaining Pass data into a module and return only what is needed with a structured visual model.,"GetValidMark inputs and validates a mark, then returns a valid INTEGER. CalculateGrade receives Mark and returns a grade character. DisplayResult is a procedure that performs OUTPUT and returns no value. Return values and screen-output effects must not be conflated.",Lesson content and applicable syllabus row,NeedsFactReview,d7abb0aec9bfab382cd368bc99560efdb55eb900f2e51fb47bbace8445e9714e
139,explanation-robust-img-1,explanation-robust,Raster image,Academic knowledge-point infographic explaining A robust program handles expected misuse without collapsing with a structured visual model.,Robust design Input checks Reject or handle invalid values before they affect processing. Clear modules Give each procedure or function one focused responsibility. Useful messages Tell the user what is wrong and what valid input is expected.,Lesson content and applicable syllabus row,NeedsFactReview,2af1ae1543b0f2762115a8ec33090fb7a4a0417f3fe6fe4bda9cd773426ff3b1
139,explanation-validation-img-1,explanation-validation,Raster image,Academic knowledge-point infographic explaining Validation checks whether data is acceptable for the program with a structured visual model.,"Place INPUT Mark inside REPEAT so every retry reads a new value. Set Valid to TRUE only when Mark is between 0 and 100 inclusive. Otherwise output the valid range, set Valid to FALSE and repeat. Close the selection with ENDIF and terminate with UNTIL Valid = TRUE.",Lesson content and applicable syllabus row,NeedsFactReview,54c926e0b5a15bd570db45e43ac289c7cd83baa7809c2c09e0c9f8f23975f217
139,explanation-validator-img-1,explanation-validator,Raster image,Academic knowledge-point infographic explaining Check whether a mark input is robustly acceptable with a structured visual model.,Interactive validator,Lesson content and applicable syllabus row,NeedsFactReview,f76a7ee469eed302330a68e9dddcdf18647b776995b801ab1aa750fa7ed75200
139,overview-div-1,overview,HTML/CSS,Robust design visual,Robust design visual,Lesson content and applicable syllabus row,NeedsFactReview,9fff38e57ba77ade30dfe52d926b67bcc95f55f317cd46491ccc65570fb9a66f
140,explanation-arrays-img-1,explanation-arrays,Raster image,Academic knowledge-point infographic explaining Use Cambridge array notation consistently with a structured visual model.,Java support example only scores[0] = 72; System.out.println(scores[0]); Cambridge-style pseudocode Scores[1] <- 72 OUTPUT Scores[1] Cambridge examples often use 1-based indexing unless a question defines otherwise. Follow the question's stated indexing.,Lesson content and applicable syllabus row,NeedsFactReview,6cad1d731388db57379edd430086cc2652c4bb3af152405e5711f8d07909d16d
140,explanation-assignment-img-1,explanation-assignment,Raster image,Academic knowledge-point infographic explaining Use the assignment arrow for storing a value with a structured visual model.,"Assignment Java support example only total = total + mark; Cambridge-style pseudocode Total <- Total + Mark A single equals sign can be read as assignment in Java, but Cambridge pseudocode normally uses the left arrow.",Lesson content and applicable syllabus row,NeedsFactReview,676d5321748646f040fd744e9b4ae019350afd89864979a93128dce24b45bae0
140,explanation-checkpoint-img-1,explanation-checkpoint,Raster image,Academic knowledge-point infographic explaining 5-minute quiz focus with a structured visual model.,"Monthly checkpoint Conversion Translate one Java selection, one loop and one output statement. Explanation Explain why Java syntax is support only, not the Paper 2 answer format. Accuracy Check that the algorithm meaning is unchanged after conversion.",Lesson content and applicable syllabus row,NeedsFactReview,0a1c7777046a769890d5c8b04c43b1c23e3a4941f2980bd91afc3f888a106d4e
140,explanation-io-img-1,explanation-io,Raster image,Academic knowledge-point infographic explaining Replace library calls with algorithm keywords with a structured visual model.,Input and output Java support example only Scanner input = new Scanner(System.in); mark = input.nextInt(); System.out.println(mark); Cambridge-style pseudocode INPUT Mark OUTPUT Mark,Lesson content and applicable syllabus row,NeedsFactReview,0776de1ffda552bdac88acf7f94c75ded6d0f94f927aadfaf058d7769255d057
140,explanation-loops-img-1,explanation-loops,Raster image,Academic knowledge-point infographic explaining Choose the loop keyword that matches the logic with a structured visual model.,"Use FOR when a counter range determines the number of iterations. Use WHILE when the condition is checked before each iteration. Use REPEAT, then the body, then UNTIL Condition for a post-condition loop. Do not use DO...ENDWHILE as the Cambridge post-condition form.",Lesson content and applicable syllabus row,NeedsFactReview,560364e41953e89e4e5ea393c96bfe8fdf270ee103b6c34faf0c4e7b41b06840
140,explanation-selection-img-1,explanation-selection,Raster image,"Academic knowledge-point infographic explaining Use IF , THEN , ELSE , ENDIF with a structured visual model.","Selection Java support example only if (mark >= 50) { System.out.println(""Pass""); } else { System.out.println(""Resit needed""); Cambridge-style pseudocode IF Mark >= 50 THEN OUTPUT ""Pass"" OUTPUT ""Resit needed""",Lesson content and applicable syllabus row,NeedsFactReview,118fd9a6d44a94a3bcd9c7ba3e359b92e894a1f98d12db2dcfedba162ff208a4
140,explanation-spotter-img-1,explanation-spotter,Raster image,Academic knowledge-point infographic explaining Spot the Java-only syntax in an exam answer with a structured visual model.,Java spotter Suspicious answer fragment,Lesson content and applicable syllabus row,NeedsFactReview,bc1b84745b3e31c7f99e6d4b8f9aa1335f9d448d49254d8dc58976ff166157b2
140,explanation-standard-img-1,explanation-standard,Raster image,Academic knowledge-point infographic explaining Translate a flowchart or structured English into pseudocode with a structured visual model.,"Follow a flowchart from Start: translate input/output symbols, decisions, branches and loop-back arrows without losing a path. From structured English, preserve the controlled verbs, conditions and indentation when selecting Cambridge pseudocode constructs. Dry-run the source description and pseudocode with the same data; matching paths and outputs confirm equivalence.",Lesson content and applicable syllabus row,NeedsFactReview,24d0fccd4f197d32031f3ff8d0e816ce8d085c4934559f24602910796f4d91ce
140,explanation-subroutines-img-1,explanation-subroutines,Raster image,Academic knowledge-point infographic explaining Use PROCEDURE and FUNCTION instead of Java method wrappers with a structured visual model.,Subroutines Java support example only static boolean isValidMark(int mark) { return mark >= 0 && mark <= 100; Cambridge-style pseudocode FUNCTION IsValidMark(Mark : INTEGER) RETURNS BOOLEAN RETURN Mark >= 0 AND Mark <= 100 ENDFUNCTION,Lesson content and applicable syllabus row,NeedsFactReview,f2660c332f0e9599bc0ff69eb1f460950c7a99e029bf52956d09740375c944e1
140,overview-div-1,overview,HTML/CSS,Java to pseudocode visual,Java to pseudocode visual,Lesson content and applicable syllabus row,NeedsFactReview,7fbad5d5bbfbd56943846392d446e08c4fc5c09dc037c818053635a589c5c1bd
141,explanation-arrays-img-1,explanation-arrays,Raster image,Academic knowledge-point infographic explaining Arrays need consistent indexing and meaningful loop bounds with a structured visual model.,"Arrays and loops Question wording Good answer feature Mark-risk 10 marks FOR Index <- 1 TO 10 looping 0 to 10 gives 11 iterations highest score initialise Highest before comparing uninitialised comparison total and average update Total inside loop, divide after loop",Lesson content and applicable syllabus row,NeedsFactReview,2b692358a6869b130fc5cb334b339e3479c325b5cb98296c26b18f81754f5c1b
141,explanation-checklist-img-1,explanation-checklist,Raster image,Academic knowledge-point infographic explaining Use a checklist before calling a fragment finished with a structured visual model.,Mark checklist,Lesson content and applicable syllabus row,NeedsFactReview,c2f7b71cb53239fc96f5206bef3efdab76e41056946474bbfefee41d5ad82b72
141,explanation-debugging-img-1,explanation-debugging,Raster image,Academic knowledge-point infographic explaining Review answers should be traceable with a structured visual model.,"Debugging awareness A well-written fragment can be traced: values change in clear places, conditions are testable, and outputs are easy to predict. If you cannot trace your own fragment with a small example, the examiner probably cannot rescue it for you either.",Lesson content and applicable syllabus row,NeedsFactReview,3109acc16fa423a1844dfe17e1b63ec3bff64f4c4ba9f66c73333c3f8ad59e87
141,explanation-files-img-1,explanation-files,Raster image,"Academic knowledge-point infographic explaining File fragments need open, process and close with a structured visual model.","OPENFILE ""Scores.txt"" FOR READ WHILE NOT EOF(""Scores.txt"") READFILE ""Scores.txt"", Line OUTPUT Line ENDWHILE CLOSEFILE ""Scores.txt""",Lesson content and applicable syllabus row,NeedsFactReview,571701a02998cb76ffbf913c04d471778045abc41c4ee32f7ba09d0a6af11177
141,explanation-fragment-img-1,explanation-fragment,Raster image,"Academic knowledge-point infographic explaining A complete fragment has setup, logic and result with a structured visual model.",Initialise PassCount before processing ten array positions. Input the current element before testing it. Close the passing-mark selection with ENDIF before NEXT Index. Output PassCount once after the loop.,Lesson content and applicable syllabus row,NeedsFactReview,5569d14ca8262889ce4d45e466a1c4e8b5c526ba5b97d6f60d6bf1ab64affa70
141,explanation-java-img-1,explanation-java,Raster image,Academic knowledge-point infographic explaining Java can support practice; the review answer should be Cambridge pseudocode with a structured visual model.,Java may support practice but the review answer uses Cambridge pseudocode. Increment PassCount only when the current mark is at least 50. Close the pseudocode selection with ENDIF before NEXT Index. Keep Java and pseudocode indexing conventions explicit.,Lesson content and applicable syllabus row,NeedsFactReview,c783fd249fb0abce9ea34c0ac95a123451b2e3ece202bb77f974f92d78beebe9
141,explanation-review-map-img-1,explanation-review-map,Raster image,Academic knowledge-point infographic explaining Section 11 tools become stronger when combined with a structured visual model.,"Review map Likely construct Evidence in answer Common slip repeat known number of times start, end and NEXT wrong loop bounds make a decision condition, branches, ENDIF missing ELSE when needed store several values index used consistently",Lesson content and applicable syllabus row,NeedsFactReview,bab168d04881e577e1f46399949d59369e036b4ab550aa3f4ed4c5eb777fa104
141,explanation-subroutines-img-1,explanation-subroutines,Raster image,Academic knowledge-point infographic explaining Use functions for returned values and procedures for actions with a structured visual model.,A function returns a value; a procedure performs an action. IsPass returns a BOOLEAN based on whether Mark is at least 50. Close the function's IF with ENDIF before ENDFUNCTION. DisplayResult outputs its parameters and returns no value.,Lesson content and applicable syllabus row,NeedsFactReview,95e5a8701117b1ca74a194203c49e9a55db8277597e45154d42cc3f48890d950
141,explanation-validation-img-1,explanation-validation,Raster image,Academic knowledge-point infographic explaining Review fragments often need input checks with a structured visual model.,A complete validation fragment prompts for and inputs Mark inside REPEAT. Set Valid to TRUE when Mark is between 0 and 100 inclusive; otherwise set it to FALSE. Close the selection with ENDIF and repeat until Valid is TRUE. Every invalid retry must read a replacement Mark.,Lesson content and applicable syllabus row,NeedsFactReview,3f2893d87878e31d10eec6398615e93a0ad9c12a789c685c2fa42f98474d3ed4
141,overview-div-1,overview,HTML/CSS,Program fragment visual,Program fragment visual,Lesson content and applicable syllabus row,NeedsFactReview,0c9f216beea6fabc557bedb9d457f01c4fe47039a540fd4d2a710b02c844d937
142,explanation-agile-img-1,explanation-agile,Raster image,Academic knowledge-point infographic explaining Why short feedback cycles support change through a cause-and-effect diagram.,A small increment makes assumptions visible quickly. Frequent stakeholder feedback reprioritises the next increment. Less unreviewed work depends on a mistaken requirement.,Lesson content and applicable syllabus row,NeedsFactReview,288d5e35f457e0a119f6873c09cb7bd54bf624fda9fed9be2089787d89ebe765
142,explanation-artefacts-img-1,explanation-artefacts,Raster image,Academic knowledge-point infographic explaining Why artefacts make decisions traceable through a cause-and-effect diagram.,Requirements define what successful behaviour means. Designs and tests link implementation choices to those requirements. Traceability exposes every item affected by a later change.,Lesson content and applicable syllabus row,NeedsFactReview,4f64f2bbe322fced0203ea2a6755244b08a76d2f9b7496c7140d947052d02c19
142,explanation-compare-img-1,explanation-compare,Raster image,Academic knowledge-point infographic explaining How project conditions choose a model through a cause-and-effect diagram.,"Stable regulated work values traceability and formal approval. Uncertain user-facing work values short feedback distance. Dependencies, risk and stakeholder availability constrain the viable choice.",Lesson content and applicable syllabus row,NeedsFactReview,857d38835a0f84f9c876d03cce3df2a1036a4713f95da4f884854e152803a5f1
142,explanation-iterative-img-1,explanation-iterative,Raster image,Academic knowledge-point infographic explaining Why repeated cycles expose mistakes through a cause-and-effect diagram.,"Build a limited version around a defined goal. Review evidence from users, tests or prototypes. Feed the findings into the next improved cycle.",Lesson content and applicable syllabus row,NeedsFactReview,e0e12058a4a329115663f3d34caf62e5b03ab54f60160a0fb2d86059bc2029a5
142,explanation-purpose-img-1,explanation-purpose,Raster image,Academic knowledge-point infographic explaining Why a lifecycle reduces uncertainty through a cause-and-effect diagram.,"Each stage asks a different question about need, design or evidence. Its output makes assumptions visible for review. Later work proceeds with clearer constraints and acceptance criteria.",Lesson content and applicable syllabus row,NeedsFactReview,5ef9e13548db7bcbf170115688884a8e9492236c169c9a35c0d4db2f8c718412
142,explanation-rad-img-1,explanation-rad,Raster image,Academic knowledge-point infographic explaining Rapid application development (RAD) through a cause-and-effect diagram.,"RAD builds rapid prototypes inside short time boxes. Users review prototypes frequently and their feedback changes the next version. RAD can respond quickly, but may not suit work requiring exhaustive assurance and stable architecture.",Lesson content and applicable syllabus row,NeedsFactReview,5e8e1456d5570f078a33bcae7f34dc957fd3b28a89051c64c4f9eaec286ab02e
142,explanation-stages-img-1,explanation-stages,Raster image,Academic knowledge-point infographic explaining How one stage supplies the next through a cause-and-effect diagram.,"Analysis defines the problem and required outcomes. Design translates requirements into components, data and interfaces. Implementation and testing create and check the resulting system.",Lesson content and applicable syllabus row,NeedsFactReview,da6d589d0f0b38d8af1c879ddae38985c4a3d70a924dd937b4952e0bec3de3c3
142,explanation-waterfall-img-1,explanation-waterfall,Raster image,Academic knowledge-point infographic explaining Why sequence helps and resists change through a cause-and-effect diagram.,"A stage is reviewed before the next major stage begins. Early agreement supports budgets, contracts and traceable approvals. Late change crosses completed boundaries and causes expensive rework.",Lesson content and applicable syllabus row,NeedsFactReview,2c0ebc6831d427157c004445c700de8a98c15834ecca69e12d7a151bb8a524b4
142,iterative-div-1,iterative,HTML/CSS,Iterative cycle,Iterative cycle,Lesson content and applicable syllabus row,NeedsFactReview,dd0641efbabfb39df9194fa2887bfed37dad743cddfe7fd11e5e7a8011fdb433
142,overview-div-1,overview,HTML/CSS,Lifecycle visual,Lifecycle visual,Lesson content and applicable syllabus row,NeedsFactReview,02c614e19264cf887b70dd89147470d69807796a9f729d45025158c03d78fd74
143,explanation-acceptance-img-1,explanation-acceptance,Raster image,Academic knowledge-point infographic explaining Acceptance tests check whether requirements are met with a structured visual model.,Acceptance tests Requirement Test data/action Expected result Evidence reject double booking try to book Room 12 at an occupied time booking rejected with message test result screenshot/log search within 2 seconds search all rooms for Monday period 3 results shown within 2 seconds,Lesson content and applicable syllabus row,NeedsFactReview,d281ae77aa35f04a0e945f3d048b56d5373ba44fc10215e98a40d412797778d4
143,explanation-analysis-img-1,explanation-analysis,Raster image,Academic knowledge-point infographic explaining Analysis turns user needs into a requirements specification with a structured visual model.,"Requirements analysis Use interviews, questionnaires, observation or document analysis to find needs. Remove ambiguity by asking about users, tasks, data, constraints and priorities. Write requirements that can guide design and later testing.",Lesson content and applicable syllabus row,NeedsFactReview,b544ce533cf8d96cfdd71dc4f6796ebac8f00d41371c50a63e67e10d34546dae
143,explanation-criteria-tool-img-1,explanation-criteria-tool,Raster image,Academic knowledge-point infographic explaining Is the criterion testable? with a structured visual model.,Criteria checker Criterion,Lesson content and applicable syllabus row,NeedsFactReview,1dfb39d17e7922411638039ea613965c87f0264b526f5b8fd4fd2efbb8da40ab
143,explanation-functional-img-1,explanation-functional,Raster image,Academic knowledge-point infographic explaining Functional requirements describe what the system must do with a structured visual model.,"Functional requirements Vague request Functional requirement Why stronger manage bookings allow teachers to create, edit and cancel room bookings states actions and user avoid clashes reject a booking if the room is already booked for that time states exact rule show information display a timetable for a selected room and date",Lesson content and applicable syllabus row,NeedsFactReview,9e4e60d5b39439b0dc2f6b633a2a004ebf60a888d6da4b545407bcf4d3a67c46
143,explanation-non-functional-img-1,explanation-non-functional,Raster image,Academic knowledge-point infographic explaining Non-functional requirements describe qualities or constraints with a structured visual model.,Non-functional requirements Measurable requirement Possible evidence performance room search results display within 2 seconds timed test usability a new teacher can create a booking in under 2 minutes after one demonstration user trial security only staff with valid login credentials can create bookings access test,Lesson content and applicable syllabus row,NeedsFactReview,efcefb0603a5aa55103d5a7cfcd2939d195ea3127f3690ca58be0c36a7255fc6
143,explanation-rewriter-img-1,explanation-rewriter,Raster image,Academic knowledge-point infographic explaining Turn vague requests into stronger requirements with a structured visual model.,Interactive rewriter Vague request,Lesson content and applicable syllabus row,NeedsFactReview,b814ccc688a0d9fa515c601d089e65ce373ecb5aac64355bb362466f79175172
143,explanation-stakeholders-img-1,explanation-stakeholders,Raster image,Academic knowledge-point infographic explaining Different users reveal different requirements with a structured visual model.,"Stakeholders Teachers Need quick booking and clear room availability. Admin staff Need reports, conflict resolution and permission controls. IT support Need backup, user management and maintainable configuration.",Lesson content and applicable syllabus row,NeedsFactReview,b181b78b96fab550acd4883f7ab1673704e825e96b8bde90b4ba49bf289fce4b
143,explanation-success-img-1,explanation-success,Raster image,Academic knowledge-point infographic explaining Success criteria make evaluation possible with a structured visual model.,Success criteria “The system should be easy to use.” Stronger “At least 8 out of 10 teachers can create a booking without help in under 2 minutes.” A success criterion should be specific enough that two people can test it and reach the same conclusion.,Lesson content and applicable syllabus row,NeedsFactReview,045257123b21d41e5c65279af0b63910b12c1f8c147be53145c111760bf5f6b1
143,overview-div-1,overview,HTML/CSS,Requirement analysis visual,Requirement analysis visual,Lesson content and applicable syllabus row,NeedsFactReview,1e2f246b76e749c877b568bf862d5004f17533de210e451dc4dc42067246b194
144,explanation-algorithms-img-1,explanation-algorithms,Raster image,"Academic knowledge-point infographic explaining Structure charts, derived pseudocode and state transitions with a structured visual model.","A structure chart shows module hierarchy, calling relationships and labelled parameters passed between modules, procedures or functions. Derive pseudocode by turning each box into a complete subprogram header and each hierarchy connection into a matching call with arguments. A separate state-transition diagram marks the start state and uses directed, event-labelled transitions between persistent states; it is not a flowchart of processing steps.",Lesson content and applicable syllabus row,NeedsFactReview,5a275b6b68f075afe1df0051836b89bfbfbd4750c011112d8aa0d84f621e657c
144,explanation-dictionary-img-1,explanation-dictionary,Raster image,Academic knowledge-point infographic explaining A data dictionary defines each data item consistently with a structured visual model.,Data dictionary Validation letter plus digits not blank; exists in room file identifies the room BookingDate YYYY-MM-DD school day; not in past date of booking StartTime valid period start time booking start,Lesson content and applicable syllabus row,NeedsFactReview,ab6de858cfab7f5102b4aeb1e25585acd515c5a9fe2bf97972e4f010edeee594
144,explanation-dictionary-tool-img-1,explanation-dictionary-tool,Raster image,Academic knowledge-point infographic explaining Inspect a field definition with a structured visual model.,Data dictionary checker Data item,Lesson content and applicable syllabus row,NeedsFactReview,626df7f17a62c12cb772a419ae0449191777119e63f8f0ef4094e89ade8871ef
144,explanation-interfaces-img-1,explanation-interfaces,Raster image,Academic knowledge-point infographic explaining Interface designs show how users will enter data and navigate the system with a structured visual model.,"Interface designs Create room booking Date calendar control Period drop-down list Room searchable list Error message area: “Room already booked for this time.” Interface design is not just “make the screen pretty”. It specifies controls, navigation, prompts, validation messages and user feedback.",Lesson content and applicable syllabus row,NeedsFactReview,53b1a5f85d8b65d6a17f8e2d097c819ff5e2b67dd0234c238d3341d21483f22d
144,explanation-lifecycle-img-1,explanation-lifecycle,Raster image,"Academic knowledge-point infographic explaining Design documentation supports implementation, testing and maintenance with a structured visual model.","Using design docs later Implementation Developers know which data fields, algorithms and interface behaviours to build. Testers compare actual behaviour with the designed rules, validation and expected messages. Maintenance Future changes are safer because developers can see existing data rules and processing assumptions.",Lesson content and applicable syllabus row,NeedsFactReview,216ce0cfb00f71d2fbeff671891f7c167bb32588b40cf96e9d8d0b6ec0d5df4c
144,explanation-purpose-img-1,explanation-purpose,Raster image,Academic knowledge-point infographic explaining Design documents translate requirements into a buildable plan with a structured visual model.,"Design documentation purpose Before coding They decide data structures, processing logic and user interaction before the implementation language takes over. For testers They provide expected rules and interface behaviour so tests can check more than “it seems fine”. For maintenance They help future developers understand why the system works in a particular way. A useful design document is specific enough to guide construction, but not just a pasted block of final program code.",Lesson content and applicable syllabus row,NeedsFactReview,d3b2e008f88e79eb6391e425dbe991c5535f33b812182e67629fa949d2788fb8
144,explanation-traceability-img-1,explanation-traceability,Raster image,Academic knowledge-point infographic explaining Traceability keeps the design connected to the original need with a structured visual model.,"Linking requirements to design Requirement Algorithm design Data dictionary Interface design Prevent double booking compare requested time with existing bookings RoomID, date, start and end times availability check button and clash message Only staff can book check user role before saving StaffID and Role fields",Lesson content and applicable syllabus row,NeedsFactReview,9f0b5586583d34d7c788b513c4a002008cb4301365239d51cbe7d071e8a5058f
144,overview-div-1,overview,HTML/CSS,Design documentation visual,Design documentation visual,Lesson content and applicable syllabus row,NeedsFactReview,2d7a90bd5b20d0b6eac60c984e2d5657a37c90070ac29fbc90c0f5a635697f2f
145,explanation-changeover-img-1,explanation-changeover,Raster image,Academic knowledge-point infographic explaining Test strategy and test plan are different documents with a structured visual model.,"A test strategy states the testing levels, methods, responsibilities, sequence and resources for the project. A test plan records individual cases with a test ID, purpose, data, expected result, actual result and pass/fail outcome. Normal, abnormal and extreme/boundary values are test-data categories; a list of values alone is neither a complete strategy nor a complete test plan.",Lesson content and applicable syllabus row,NeedsFactReview,8ce17a9eba1bb146c8dbe83830da630417a0a40af82f3a05c96e93e54d935159
145,explanation-data-tool-img-1,explanation-data-tool,Raster image,"Academic knowledge-point infographic explaining Classify input for NumberOfStudents, valid range 1 to 30 with a structured visual model.",Test data classifier Test value,Lesson content and applicable syllabus row,NeedsFactReview,448ad0b3fe38bf634cc738a039a2d5e731d071b881df7025f61b773dae5f3016
145,explanation-evaluation-img-1,explanation-evaluation,Raster image,Academic knowledge-point infographic explaining Evaluation uses requirements and measurable success criteria with a structured visual model.,"A success criterion must state a measurable threshold before evidence can be judged against it. If 8 of 10 users or 95 of 100 searches is sufficient, state that threshold explicitly. Without a threshold, do not label partial evidence as an unqualified criterion met.",Lesson content and applicable syllabus row,NeedsFactReview,ef5befd56784e7018e127f8c6ff91980594d3327c08989a2fe76658c915946a2
145,explanation-implementation-img-1,explanation-implementation,Raster image,Academic knowledge-point infographic explaining Implementation turns the design into a working system with a structured visual model.,"Implementation Program modules, create files or databases, implement interfaces and connect components. Put the system into the user environment, configure hardware, accounts, permissions and data. Document Prepare user instructions and technical notes so the system can be used and supported. Implementation should follow the design documentation. If implementation silently changes the design, testing may no longer match the intended system.",Lesson content and applicable syllabus row,NeedsFactReview,1cca6e292e071fcdcd06ea794212d718abfa621ac68da920a20f7e52493efc85
145,explanation-maintenance-img-1,explanation-maintenance,Raster image,Academic knowledge-point infographic explaining Maintenance changes a system after it has been delivered with a structured visual model.,"Maintenance Corrective Fixing faults found after release, such as a booking clash that was not rejected. Adaptive Changing the system because the environment changes, such as a new timetable structure. Perfective Improving performance, usability or features, such as faster room search.",Lesson content and applicable syllabus row,NeedsFactReview,d184ddd373f9833d41cb2f8daa5b2837daf74226e9cd5395ff867a0948ab1d2c
145,explanation-stage-tool-img-1,explanation-stage-tool,Raster image,Academic knowledge-point infographic explaining Which lifecycle stage is being described? with a structured visual model.,Interactive stage chooser Scenario,Lesson content and applicable syllabus row,NeedsFactReview,dab6db574aea9d9b52a736633ab9ee2bd0a5bcbaebae1e3cf99debbd23b186de
145,explanation-test-data-img-1,explanation-test-data,Raster image,Academic knowledge-point infographic explaining Good testing uses different categories of data with a structured visual model.,Test data Category Room capacity example Expected result valid typical data 24 students for capacity 30 accepted Boundary valid or invalid data at the edge 30 and 31 for capacity 30 30 accepted; 31 rejected Abnormal,Lesson content and applicable syllabus row,NeedsFactReview,0f5726814232eb1afd9ef08e1914487271bc7f14d43410c73eb43bfeb8db3508
145,explanation-testing-img-1,explanation-testing,Raster image,Academic knowledge-point infographic explaining Testing is planned evidence that the system behaves as expected with a structured visual model.,Evidence Unit testing one module or subroutine check clash detection function actual output compared with expected output Integration testing modules working together booking form sends data to save module data passes correctly between parts System testing whole system complete booking workflow,Lesson content and applicable syllabus row,NeedsFactReview,adb6538314be867fc5e77e33c16989375ecb9f4034fefaa845ebd6f27559be2a
145,overview-div-1,overview,HTML/CSS,Lifecycle visual,Lifecycle visual,Lesson content and applicable syllabus row,NeedsFactReview,02c614e19264cf887b70dd89147470d69807796a9f729d45025158c03d78fd74
146,explanation-analysis-img-1,explanation-analysis,Raster image,Academic knowledge-point infographic explaining From vague request to measurable criteria with a structured visual model.,"Analysis review Weak wording Stronger requirement Success criterion easy sign-up students can reserve a place using activity list, confirm button and student ID 90% of trial students reserve a place in under 2 minutes avoid too many students system prevents reservations above activity capacity all tests at capacity plus one are rejected staff need reports staff can print or export a register for each activity",Lesson content and applicable syllabus row,NeedsFactReview,dfd8134c49b07a7f0129d8c8418e51443116c98e21de425d5b3caab7c4a772d2
146,explanation-answer-tool-img-1,explanation-answer-tool,Raster image,Academic knowledge-point infographic explaining Turn a weak line into a mark-worthy line with a structured visual model.,Answer improver Weak answer,Lesson content and applicable syllabus row,NeedsFactReview,159b7ca0669a654a6516790402be4de55c3007826097f1057ea27c854eb05b9f
146,explanation-case-img-1,explanation-case,Raster image,Academic knowledge-point infographic explaining School activity sign-up system with a structured visual model.,"Case study A school wants a system for students to sign up for after-school activities. Students can view activities, reserve a place, cancel a reservation and see a waiting list. Staff can create activities, set capacity, view registers and close sign-ups. The school wants the system ready before the new term. Every review task on this page uses this case. That forces answers to be specific instead of floating around as textbook fog.",Lesson content and applicable syllabus row,NeedsFactReview,2d5a0743d59992132f8ef9bf88ed13c37cc0d29ab8123023a68aeb0bfa485731
146,explanation-case-tool-img-1,explanation-case-tool,Raster image,Academic knowledge-point infographic explaining Identify the Section 12 concept with a structured visual model.,Interactive case tool Case detail,Lesson content and applicable syllabus row,NeedsFactReview,d4d6fabc6547472d173a7b28a71e935714b9d8eaaa4bfc05ded4696293f3debd
146,explanation-commands-img-1,explanation-commands,Raster image,Academic knowledge-point infographic explaining Match response depth to the command with a structured visual model.,"Explain sets out reasons or relationships and says why or how. Evaluate makes a judgement about quality, importance, amount or value using evidence. Cause and consequence support an explanation; they do not replace the judgement required by evaluate.",Lesson content and applicable syllabus row,NeedsFactReview,4a84c3cd95c2951ce862c2d6b06fb2decd7cd343ac469e7bc202a673766446bd
146,explanation-design-img-1,explanation-design,Raster image,Academic knowledge-point infographic explaining Design answers must name the artefact with a structured visual model.,"Design review Algorithm Describe how the system checks capacity and places extra students on a waiting list. Data dictionary Define ActivityID, StudentID, Capacity, PlacesTaken and WaitingListPosition. Interface Show activity list, reserve/cancel controls, confirmation prompts and validation messages. Cambridge-style pseudocode is suitable for algorithm design. Java can support implementation practice, but final code is not the whole design document.",Lesson content and applicable syllabus row,NeedsFactReview,4af0233137cddf02d7e8c9218fd24f2a8e227f61ca1a1d121a1a2c981c9bb962
146,explanation-evaluation-img-1,explanation-evaluation,Raster image,"Academic knowledge-point infographic explaining After release, classify changes and judge success with evidence with a structured visual model.",Maintenance and evaluation review Maintenance examples Corrective: fix a crash when cancelling a reservation. Adaptive: change the system for a new two-term activity structure. Perfective: make the activity search faster or clearer. Evaluation evidence Timing logs from sign-up tasks. User survey results linked to success criteria. Test records showing capacity rules were met.,Lesson content and applicable syllabus row,NeedsFactReview,1f9435657f15561833581456a73c0469e3807a68d5360cbcc8c96b7c73b7e927
146,explanation-lifecycle-img-1,explanation-lifecycle,Raster image,"Academic knowledge-point infographic explaining One scenario, many stages with a structured visual model.","The syllabus names analysis, design, coding, testing and maintenance as the program development lifecycle stages. Implementation may be used only as an explanation of coding, not as a replacement stage that removes testing or maintenance. Operation and evaluation are not substitutes for the five named syllabus stages.",Lesson content and applicable syllabus row,NeedsFactReview,4f5a74533ee5f9e85af9aab8c4cfd0f27b86b3e191435b2d885f5efaa96b9b48
146,explanation-testing-img-1,explanation-testing,Raster image,"Academic knowledge-point infographic explaining Test cases need data, expected result and purpose with a structured visual model.","Normal data is valid and typical; boundary data is at an accepted limit; abnormal data violates the stated validation rule. A 21st valid reservation at a capacity boundary requires the defined business outcome, such as waiting list or rejection due to capacity. Do not call a request invalid unless it violates a stated input-validity rule.",Lesson content and applicable syllabus row,NeedsFactReview,e3df12c87ae1dd0b6c015c94e4275621ddd014a12dd4b66afad258551bec0a71
146,overview-div-1,overview,HTML/CSS,Section 12 review visual,Section 12 review visual,Lesson content and applicable syllabus row,NeedsFactReview,817306538fd1c1b6b6c446529a29e6446853e32344c5a2babe30068858e90272
147,explanation-algorithms-img-1,explanation-algorithms,Raster image,Academic knowledge-point infographic explaining Good pseudocode is precise enough to trace with a structured visual model.,"Algorithm design review State the data being read, such as target name, score list or file record. Use sequence, selection and iteration with clear variable updates. State exactly what is displayed, returned or stored.",Lesson content and applicable syllabus row,NeedsFactReview,a94b7d16f2e4c8a1567c22680da198df9aaa7e297a8804e94174374f89851ba0
147,explanation-files-img-1,explanation-files,Raster image,Academic knowledge-point infographic explaining Persistent data needs clear read/write logic with a structured visual model.,"Files and records Pseudocode pattern OPENFILE ""Scores.txt"" FOR READ WHILE NOT EOF(""Scores.txt"") READFILE ""Scores.txt"", StudentRecord OUTPUT StudentRecord.Name ENDWHILE CLOSEFILE ""Scores.txt"" Review note File questions often test the sequence: open, read or write, loop until end of file, then close. Keep the file mode clear.",Lesson content and applicable syllabus row,NeedsFactReview,f43243b4b97eebf15cf2513326b965da5ef27029a8cd49b041802bfd85ea7417
147,explanation-selection-img-1,explanation-selection,Raster image,Academic knowledge-point infographic explaining The reason matters more than the name with a structured visual model.,"Structure choice Scenario Likely structure store 30 daily temperatures 1D array same type, indexed by day store student name, ID and mark related fields of different types undo recent edits most recent action is undone first print jobs waiting first job added should print first",Lesson content and applicable syllabus row,NeedsFactReview,6aa670781789d126fe68cd41f2effec63427d968d97e74ddeaaa3a9308d876b4
147,explanation-strategy-img-1,explanation-strategy,Raster image,Academic knowledge-point infographic explaining Choose the tool before writing the answer with a structured visual model.,"Review strategy Question signal Evidence Common loss trace / dry run trace table variable values after each step skipping loop iterations design an algorithm pseudocode inputs, process, output writing vague English only",Lesson content and applicable syllabus row,NeedsFactReview,1e0b5391b57223d97ba65dc8e6830518683bf60edda00bf1b1e0340eb87f22ae
147,explanation-structure-tool-img-1,explanation-structure-tool,Raster image,Academic knowledge-point infographic explaining Choose the structure and explain why with a structured visual model.,Data structure chooser Scenario,Lesson content and applicable syllabus row,NeedsFactReview,c9e844e52ee5ddadf193de45aeb2d7b9bb2a71e8354f0dc60738ae039dfda9a2
147,explanation-structures-img-1,explanation-structures,Raster image,Academic knowledge-point infographic explaining Choose structures by how the data is used with a structured visual model.,Cambridge arrays have explicitly declared lower and upper bounds. An array may be zero-based or one-based according to its declaration. Label 0 to n-1 as one chosen convention rather than a universal rule.,Lesson content and applicable syllabus row,NeedsFactReview,6cb3c3b015f771d0aa3957a979ea9547661d64578573edd80c448824950146cc
147,explanation-trace-tool-img-1,explanation-trace-tool,Raster image,Academic knowledge-point infographic explaining Calculate Total for the selected score list with a structured visual model.,Interactive trace tool,Lesson content and applicable syllabus row,NeedsFactReview,5e8f2fcf4d602b75f3be39820939700add241c43a9242572641634434c8d1c37
147,overview-div-1,overview,HTML/CSS,Paper 2 review visual,Paper 2 review visual,Lesson content and applicable syllabus row,NeedsFactReview,1788c0f673096d0b8774bf5397322037b27ea03c7ae2b53de984ac5e4488773b
148,explanation-construct-tool-img-1,explanation-construct-tool,Raster image,Academic knowledge-point infographic explaining Identify the construct from the scenario with a structured visual model.,Interactive construct tool Scenario,Lesson content and applicable syllabus row,NeedsFactReview,57624540a90cc02971ed54da73c18bcd6748f5b9eafedd4d6e1c52d8a50d1c0a
148,explanation-constructs-img-1,explanation-constructs,Raster image,Academic knowledge-point infographic explaining Constructs control the order in which statements run with a structured visual model.,Programming constructs Construct Cambridge-style signal Common error Sequence statements run in order one statement after another assuming hidden jumps Selection choose a branch IF / ELSE / CASE missing ELSE or ENDIF,Lesson content and applicable syllabus row,NeedsFactReview,8604cbe13e59be96cefe2e4ac69986ae0473407bf2ce88c443e5adec7ffebff7
148,explanation-file-tool-img-1,explanation-file-tool,Raster image,"Academic knowledge-point infographic explaining Choose READ, WRITE or APPEND with a structured visual model.",File mode chooser,Lesson content and applicable syllabus row,NeedsFactReview,4bcee1e68614dae1a7f3beda804249a57416b72e280cad1b360f464d1448a9c4
148,explanation-files-img-1,explanation-files,Raster image,"Academic knowledge-point infographic explaining Open the file in the correct mode, process records, then close it with a structured visual model.","File handling review Read pattern OPENFILE ""Scores.txt"" FOR READ WHILE NOT EOF(""Scores.txt"") READFILE ""Scores.txt"", Line OUTPUT Line ENDWHILE CLOSEFILE ""Scores.txt"" Append pattern OPENFILE ""Scores.txt"" FOR APPEND WRITEFILE ""Scores.txt"", NewScore APPEND preserves existing records. WRITE is usually for creating or replacing file contents.",Lesson content and applicable syllabus row,NeedsFactReview,ab412bef1d0d35d24c504a9dc0efecc16d77b40a4dc981bb7083641c6d7669a2
148,explanation-iteration-img-1,explanation-iteration,Raster image,Academic knowledge-point infographic explaining Choose the loop by what is known before the loop starts with a structured visual model.,"Iteration review Use when number of repetitions is known process 30 scores condition is checked before each repetition read until end of file REPEAT UNTIL body must run at least once keep asking until valid input Boundary warning: if a loop says 1 to 5, there are five iterations. The loop counter is not just decorative furniture.",Lesson content and applicable syllabus row,NeedsFactReview,ff31f41996d173ede277eca0b9b6f7932a6fe94c70d674e0a9f06e3129bd7e07
148,explanation-selection-img-1,explanation-selection,Raster image,"Academic knowledge-point infographic explaining Use IF for decisions, CASE for clean multi-way choices with a structured visual model.",Use IF for a condition or range and close it with ENDIF. Use CASE for discrete MenuChoice values and close it with ENDCASE. OTHERWISE handles a menu choice not listed explicitly.,Lesson content and applicable syllabus row,NeedsFactReview,8fc3bf387654fce2f390f902d9903065ca714f883d15cbdb3eaf7ec3ba557be7
148,explanation-subprograms-img-1,explanation-subprograms,Raster image,Academic knowledge-point infographic explaining Subprograms reduce repetition and make code testable with a structured visual model.,DisplayMessage is a procedure that outputs its parameter and returns no value. IsValidMark is a function that returns a BOOLEAN. Close the function's selection with ENDIF before ENDFUNCTION. Use subprograms to reduce repetition and support separate testing.,Lesson content and applicable syllabus row,NeedsFactReview,0dac55728df22bd58b2477fec7163e3bbe5907ef26b84813760374a2640fd4d4
148,explanation-validation-img-1,explanation-validation,Raster image,Academic knowledge-point infographic explaining Validation rejects unsuitable input before it damages the logic with a structured visual model.,Validation review Range check value is between limits mark from 0 to 100 inclusive Type check value has expected data type mark must be integer Presence check value is not blank student name required Length check value has correct number of characters,Lesson content and applicable syllabus row,NeedsFactReview,fbfce691de9814eaa12d0d34a7634fa0fc218430b49480137643e35ab162bb2e
148,overview-div-1,overview,HTML/CSS,Programming constructs review visual,Programming constructs review visual,Lesson content and applicable syllabus row,NeedsFactReview,a66aef5f0019f31905f5ab0b80bf419cbf917577006e8f4e7f2e433bf62bfcd5
149,explanation-constructs-img-1,explanation-constructs,Raster image,Academic knowledge-point infographic explaining Choose the smallest construct that fits the task with a structured visual model.,"Choose a loop from when its stopping condition must be tested, not merely from whether the item count is unknown. Use WHILE NOT EOF for a text file whose record count is unknown because EOF is checked before each read or process step. Use REPEAT ... UNTIL only when the body must execute before the condition is checked.",Lesson content and applicable syllabus row,NeedsFactReview,6c97e302c7585d12d8bf21d7e91ab2955e3d8572a367bc024bdd20dac0e1a9ef
149,explanation-method-img-1,explanation-method,Raster image,Academic knowledge-point infographic explaining The four-pass approach with a structured visual model.,"Timed method 1. Decode Underline inputs, outputs, constraints and any required data structure or file. 2. Skeleton Write the outer shape first: initialisation, loop, selection, output. Add conditions, assignments, function calls and file statements. 4. Check Trace one normal and one boundary case; confirm the output happens once in the right place.",Lesson content and applicable syllabus row,NeedsFactReview,8015fd431cfaddf66a5096c0b175e8fb9a4a71921ee9e064824b0a67096b5bd2
149,explanation-quality-img-1,explanation-quality,Raster image,"Academic knowledge-point infographic explaining Before moving on, ask six questions with a structured visual model.","Quality checklist Inputs Where does the data come from: user, array or file? Initialisation Are counters, totals and flags set before use? Loop Does the loop include the correct items and stop safely? Selection Are boundary conditions correct, such as greater than or equal to? Output Is the final result output once, after processing? File handling Are OPENFILE, READFILE or WRITEFILE and CLOSEFILE used correctly?",Lesson content and applicable syllabus row,NeedsFactReview,3053cfdeb06dd60a48479bbc72097942cad50462244c991d16b9ff80d39b89d3
149,explanation-skeleton-tool-img-1,explanation-skeleton-tool,Raster image,Academic knowledge-point infographic explaining Build the outer shape before details with a structured visual model.,Skeleton builder,Lesson content and applicable syllabus row,NeedsFactReview,02cf39576144dde0d7bf490838a0d2fd19c0841fe541aca073ce3f9b75796b7a
149,explanation-timer-tool-img-1,explanation-timer-tool,Raster image,Academic knowledge-point infographic explaining Choose a mark value and plan the response with a structured visual model.,Interactive timing tool Question size,Lesson content and applicable syllabus row,NeedsFactReview,0ed4120468c48ce80a6d163d65aa139cbb017d1b25dbf628c160cd8daba98747
149,explanation-timing-img-1,explanation-timing,Raster image,Academic knowledge-point infographic explaining Spend time according to marks with a structured visual model.,"Use one declared mark-to-time rate consistently across timed pseudocode practice. The example rate is one minute per mark: 2, 3, 5 and 10 marks receive 2, 3, 5 and 10 minutes. The whole question budget includes reading, planning, writing and checking. A proportional model always allocates more time to a higher-mark question.",Lesson content and applicable syllabus row,NeedsFactReview,f960a80da38c4900e9ce68fd5c44299b5ff0ba77707d838bd1bfaa90a72b0950
149,overview-div-1,overview,HTML/CSS,Timed practice visual,Timed practice visual,Lesson content and applicable syllabus row,NeedsFactReview,866f01e391accbf61968179853228e480c66cb05e3d84f0d5344dd8abc6f1615
150,explanation-correction-img-1,explanation-correction,Raster image,Academic knowledge-point infographic explaining The four-line correction format with a structured visual model.,"Correction workflow 1. Original Copy the sentence or pseudocode line that failed. 2. Mark lost Name the exact mark: missing M1, B1 or A1. Write the general rule that would prevent the error next time. 4. Retest Answer a similar mini-question without looking at the model answer. A good correction is reusable. “I forgot” is honest, but it is not a strategy.",Lesson content and applicable syllabus row,NeedsFactReview,6cd23f054e7efb5a4d8eedb3556276f62577f61efda3304333aefa8e21d82dd7
150,explanation-marking-img-1,explanation-marking,Raster image,Academic knowledge-point infographic explaining Translate feedback into a repeatable checklist with a structured visual model.,"Mark recovery Pseudocode initialise variables, process all items, output after the loop, close files Trace show intermediate values and include boundary conditions Data structures justify with LIFO, FIFO, index access or grouped fields Explanations use point, reason, context and consequence Testing include data, expected result and why the case is useful Evaluation compare evidence with success criteria and make a judgement",Lesson content and applicable syllabus row,NeedsFactReview,39de2cd534dd4d2e0968ac15a8ae6e31d21501f777a21c5be9b986bf4bba5bfe
150,explanation-sections-img-1,explanation-sections,Raster image,Academic knowledge-point infographic explaining Know which skill the mark scheme is testing with a structured visual model.,Paper 2 section map Core skill Common lost mark Correction target algorithm design and problem-solving missing input/output or loop condition write full algorithm skeleton data types and structures name structure without reason link to access pattern programming and file handling wrong file mode or no CLOSEFILE,Lesson content and applicable syllabus row,NeedsFactReview,bbf81df8f0241c4498abf143d492c50830e8e5c1a8ded79f3916aeb696d7bf96
150,explanation-triage-img-1,explanation-triage,Raster image,Academic knowledge-point infographic explaining Sort errors before trying to fix everything with a structured visual model.,Mock triage Error type Looks like Correction action Fast retest Knowledge wrong term or concept relearn definition and contrast pair two quick retrieval prompts trace skipped or algorithm incomplete write steps as checklist similar short problem,Lesson content and applicable syllabus row,NeedsFactReview,2dcea9de322ada0c4715b8e578919a21d18a6b85cc937f4f27c12b1dacca5807
150,overview-div-1,overview,HTML/CSS,Correction clinic visual,Correction clinic visual,Lesson content and applicable syllabus row,NeedsFactReview,d1617ef737f73bad1a714b0080642060d434b9818b022c6a1802205cb3643899
