lesson,section_order,section_id,delivery_group,delivery_role,classroom_activity,minutes,title,status,content_hash
001,1,stage2-completion,stage2-completion,CORE,TEACH,,Binary and decimal magnitude prefixes,Classified,e92c4ec563a3fb50f7faea8fdcf2d807a4c6911878d0ef2fcc2e0557f7cd1024
001,2,explanation-knowledge,knowledge,CORE,TEACH,,The storage ladder,Classified,b83d36665da40271f1d32141049edbc7964975ca8963c9e2c472f9aa9099090d
001,3,stage2-practice,stage2-practice,CORE,PRACTISE,,Binary and decimal magnitude prefixes: apply and assess,Classified,9380280464cffa44ac20da55179670633f742ff24507ec9fb6d3715528f8571a
001,4,overview,remediation-v2-stage3-optional-001,OPTIONAL,EXTEND,,Bit patterns acquire meaning from their representation.,Classified,aa74b770b7238e1e4546c58b432e74a96a857dc47772df31bb29fb7180bb4e02
001,5,delivery-02,remediation-v2-stage3-optional-001,OPTIONAL,EXTEND,,Why this matters,Classified,6f83a75000d545da121a26a3daaa373cf466219dd040af8565cef0ffe0107dce
001,6,hook,remediation-v2-stage3-optional-001,OPTIONAL,EXTEND,,What does the bit pattern `00000111` represent?,Classified,90ce8b60e466b8fde7e85990770db779a65eddf4d7d1cc421b4e2a0658427a37
001,7,delivery-04,remediation-v2-stage3-optional-001,OPTIONAL,EXTEND,,Common error,Classified,0b0f391072336f6a59175937b9cd75ea506565a543781a70a51f7a48ed9a9049
001,8,knowledge,remediation-v2-stage3-optional-001,OPTIONAL,EXTEND,,The storage ladder,Classified,e116ffa86ae3e99309286a39b0970996336e76574ea5a52a18a37bc34ccf8a0f
001,9,delivery-06,remediation-v2-stage3-optional-001,OPTIONAL,EXTEND,,"Binary magnitudes: powers of two, not a decorative 1024",Classified,81533f0e5225369c97d7fb9ba4399ed7eb6c1a93842abb6466d1197dbd989c91
001,10,delivery-07,remediation-v2-stage3-optional-001,OPTIONAL,EXTEND,,Decimal prefixes vs binary prefixes,Classified,88b8f5ac514a7480e284bdbaaacd2810aaf0521ec13f84e3e37a3cc99acb0b15
001,11,delivery-08,remediation-v2-stage3-optional-001,OPTIONAL,EXTEND,,Why this matters,Classified,288437b2e20e4110857e4e8ba402c92ea8bf33e7c069cb78f4671293e391e28d
001,12,converter,remediation-v2-stage3-optional-001,OPTIONAL,EXTEND,,Storage converter,Classified,ab8ceff61d3842b3f7aeb13fd9f4cc79c845eb6167489f6b04ebfb38bddf82e9
001,13,examples,remediation-v2-stage3-optional-001,OPTIONAL,EXTEND,,Worked examples,Classified,5a40b76fa57b06cc2edd8dda234fcab789d9f51975821c09b4d3e41621d4c71a
001,14,delivery-11,remediation-v2-stage3-optional-001,OPTIONAL,EXTEND,,Common error,Classified,0ef5265e9ad369654e6ed87ef0517c6b8c5b3beee3ff05dd7fece5b9bdb9847c
001,15,practice,remediation-v2-stage3-optional-001,OPTIONAL,EXTEND,,Practice with instant checking,Classified,958021402fb19495f5d7e7838bc6f935e50cb888198d7ed8b0c0c136b6219869
001,16,delivery-13,remediation-v2-stage3-optional-001,OPTIONAL,EXTEND,,Identify and correct the error,Classified,d2a19514a2d3b9157a3b3bc302ddbf3c2dce42f7fbecb0cd4896c818f5f60496
001,17,exam,remediation-v2-stage3-optional-001,OPTIONAL,EXTEND,,Original exam-style questions,Classified,0bee200ef08c0dfd275390458e1a9bd64df2a1f0957167d48b52cbd3f4f625df
001,18,delivery-15,remediation-v2-stage3-optional-001,OPTIONAL,EXTEND,,Why this matters,Classified,ffb41027d6a0efd617c30f7186cae055e65415067cd1ce46e1f4e7628ab9ace7
001,19,summary,remediation-v2-stage3-optional-001,OPTIONAL,EXTEND,,Summary of required knowledge,Classified,c7ea57e655656715c932fe3c9df44e6b770a6d93c81687023df401ec8198ba62
001,20,homework,homework,AFTER_CLASS,HOMEWORK,,Homework tasks,Classified,392759f1df1aad795dc8bac582e1d1c89808ffdaaa9abcecbe62bc024b5c1a56
001,21,delivery-19,remediation-v2-stage3-optional-001,OPTIONAL,EXTEND,,Check only after attempting,Classified,8f1699ea0350eabc6a605d3d60e35734289b1df98c3ee470ee336add810e3436
002,1,stage2-completion,stage2-completion,CORE,TEACH,,Integer conversion between binary and denary,Classified,ead9e31fbf6731a91aa991e42eaf6e0263c4bf9c304568f497bf30181227bfc4
002,2,explanation-methods,methods,CORE,TEACH,,"Two conversion directions, two reliable methods",Classified,7888b540445f558e27f84c39debbd87745be8ee1c8bb2336623bca8a6c033586
002,3,stage2-practice,stage2-practice,CORE,PRACTISE,,Integer conversion between binary and denary: apply and assess,Classified,d433de783d8e0714152ca9066514c7596c992f3bb574dee1ea6d610158ae4255
002,4,overview,remediation-v2-stage3-optional-002,OPTIONAL,EXTEND,,Binary is place value with only two digits.,Classified,4f491adbf6f43e6379f2f6107f2be200e908ec9441841dc6f0964edf9eece270
002,5,delivery-02,remediation-v2-stage3-optional-002,OPTIONAL,EXTEND,,Why this matters,Classified,6cc72ea4e7a16a5d178248b876e5730f27a03ea185fe20be5653849e3d52f37e
002,6,hook,remediation-v2-stage3-optional-002,OPTIONAL,EXTEND,,Is `10110110₂` closer to 100 or 200?,Classified,5150b51518e844cd61c6d82fa92826c34cf9f880cb09ef40e8b9506e0938d541
002,7,knowledge,remediation-v2-stage3-optional-002,OPTIONAL,EXTEND,,8-bit binary place values,Classified,73ea98c5acc0feb94910fdfa17ef5fd58a02765f8a73de4b31babef509b68856
002,8,explanation-knowledge,remediation-v2-stage3-optional-002,OPTIONAL,EXTEND,,8-bit binary place values,Classified,035320af24f0cd4b042cef82fef97f2428cc88155ca257501ffd2be385dd7463
002,9,methods,remediation-v2-stage3-optional-002,OPTIONAL,EXTEND,,"Two conversion directions, two reliable methods",Classified,00059c82c58a696793f005f179941269c58151d3821967b0a354aea8026a7bac
002,10,delivery-06,remediation-v2-stage3-optional-002,OPTIONAL,EXTEND,,Common error,Classified,4aa30bd40c2d9778b9a27c83a983aa938f3451bbef80df5a87e799e9b48c8969
002,11,range,remediation-v2-stage3-optional-002,OPTIONAL,EXTEND,,Range and leading zeros,Classified,da7af5a9630eab22e8b735f8460a470ea0d24c38c51043a67b27556e45679ade
002,12,explanation-range,remediation-v2-stage3-optional-002,OPTIONAL,EXTEND,,Range and leading zeros,Classified,eb9ca8e8da5dc54c8a85f842bb45b71576e39bfbb196498b7620879b166b0ea2
002,13,converter,remediation-v2-stage3-optional-002,OPTIONAL,EXTEND,,8-bit binary and denary converter,Classified,838a218f078ff95de8f5d9d8b1b70253676845ad1c01def5b75fe95e3f4e321a
002,14,examples,remediation-v2-stage3-optional-002,OPTIONAL,EXTEND,,Worked examples,Classified,f3c4d2ae558030492114d9f23032e03adb8f3fbaf7f0068e4431346d22778a59
002,15,practice,remediation-v2-stage3-optional-002,OPTIONAL,EXTEND,,Practice with instant checking,Classified,958021402fb19495f5d7e7838bc6f935e50cb888198d7ed8b0c0c136b6219869
002,16,delivery-11,remediation-v2-stage3-optional-002,OPTIONAL,EXTEND,,Identify and correct the error,Classified,40032f3506bafdec2fce676be86adaa1986a312e918485c67d10635a3d3464d2
002,17,exam,remediation-v2-stage3-optional-002,OPTIONAL,EXTEND,,Original exam-style questions,Classified,52d930904e865fa0e624cd2122ea9adae5bb1c83650ebac21c75d25c1a9216e9
002,18,summary,remediation-v2-stage3-optional-002,OPTIONAL,EXTEND,,Summary of required knowledge,Classified,96f864030c3459e8fd4e7033037806744ce1c45bc6c99411206bada508bea17a
002,19,homework,homework,AFTER_CLASS,HOMEWORK,,Homework tasks,Classified,888c7fb9f12988eb1a1955cf979e8ad77d971e436c0d6a09941a09b11b9f4992
002,20,delivery-15,remediation-v2-stage3-optional-002,OPTIONAL,EXTEND,,Check only after attempting,Classified,01384029dda61566644765c65f4cf4f065d539d4128332e6a268706e8a0f71b0
003,1,stage2-completion,stage2-completion,CORE,TEACH,,Hexadecimal and BCD representations in practical systems,Classified,490a9810c145fe518c08e84e72bf2629da3b5da8a4255884039243d3090f7a9d
003,2,stage2-practice,stage2-practice,CORE,PRACTISE,,Hexadecimal and BCD representations in practical systems: apply and assess,Classified,3a287bf96093c0ced25f52b958e62477cc11c551b45f02b940d557432fb4f8b2
003,3,overview,remediation-v2-stage3-optional-003,OPTIONAL,EXTEND,,"Hexadecimal is binary, packed into neat groups of four.",Classified,f32d2c9b12653919dafceedec7e235679079bcac4d6ebbed80df89c6af8774fa
003,4,delivery-02,remediation-v2-stage3-optional-003,OPTIONAL,EXTEND,,Why this matters,Classified,8f4ee8e356512a89a6195f21d35d119587cbddcd57ad1cc02bc6702e9612df90
003,5,hook,remediation-v2-stage3-optional-003,OPTIONAL,EXTEND,,Which is easier to copy accurately: `11010110₂` or `D6₁₆`?,Classified,639fb5333c7d24cd9496ba0f2ed267525be21cb7ae2a5f1726197131058a6d68
003,6,digits,remediation-v2-stage3-optional-003,OPTIONAL,EXTEND,,Hexadecimal digits: 0-9 then A-F,Classified,27b51e108399cbb094a199370ba6e74872ca4772ff7d62a064cb5e29d034c9af
003,7,explanation-digits,remediation-v2-stage3-optional-003,OPTIONAL,EXTEND,,Hexadecimal digits: 0-9 then A-F,Classified,5ebbae7fb60fec1d07e7f1e9d35693dd4cc4111017e692b9bd5c69936a531b59
003,8,grouping,remediation-v2-stage3-optional-003,OPTIONAL,EXTEND,,One hex digit represents one nibble,Classified,1ed09fb3e5ab5bfa5e812105769b8c6c3230ca4a34bf3332f2ca958372a03776
003,9,explanation-grouping,remediation-v2-stage3-optional-003,OPTIONAL,EXTEND,,One hex digit represents one nibble,Classified,171f35b4766b844d046cc2aa5edd1bf323fe6f232645c3c35b6d22b24797b641
003,10,delivery-06,remediation-v2-stage3-optional-003,OPTIONAL,EXTEND,,Common error,Classified,7bcd5fad009172cd230c6ae9d7de3e6dbba21a5941a21c1e3e27750c8a27f33a
003,11,padding,remediation-v2-stage3-optional-003,OPTIONAL,EXTEND,,Padding with leading zeros,Classified,bba3feba38a06950e4ad8852a305bde10cd8da287f1ce16108b3b0a5a0026f24
003,12,explanation-padding,remediation-v2-stage3-optional-003,OPTIONAL,EXTEND,,Padding with leading zeros,Classified,11658d20fbf32a7f5638348d91c3ee236bb91868e2a9fddfef2cc93c046d9da0
003,13,converter,remediation-v2-stage3-optional-003,OPTIONAL,EXTEND,,Binary and hexadecimal converter,Classified,2ea4dc9b384e56ee4680f03d7ef6c87908f3aa503512fc61d1f8190a5613863b
003,14,examples,remediation-v2-stage3-optional-003,OPTIONAL,EXTEND,,Worked examples,Classified,7f83386287d4e5c022054f42fe45a1ad51fd1503994fe31521b5cb11a98c722d
003,15,practice,remediation-v2-stage3-optional-003,OPTIONAL,EXTEND,,Practice with instant checking,Classified,958021402fb19495f5d7e7838bc6f935e50cb888198d7ed8b0c0c136b6219869
003,16,delivery-11,remediation-v2-stage3-optional-003,OPTIONAL,EXTEND,,Identify and correct the error,Classified,e9cdd3052348baf64c77a8f56f4cb9910093566f991a67514ae3978f88369caa
003,17,exam,remediation-v2-stage3-optional-003,OPTIONAL,EXTEND,,Original exam-style questions,Classified,52d930904e865fa0e624cd2122ea9adae5bb1c83650ebac21c75d25c1a9216e9
003,18,summary,remediation-v2-stage3-optional-003,OPTIONAL,EXTEND,,Summary of required knowledge,Classified,537fe5ae6db3dfbce82d8ec1bca455bcd0daf1be98e9349c0a7a9cde57ef85a9
003,19,homework,homework,AFTER_CLASS,HOMEWORK,,Homework tasks,Classified,c1217c5426586a0ac87f9523bfab6988bd09b721a914f52f3ec909f016e65e5f
003,20,delivery-15,remediation-v2-stage3-optional-003,OPTIONAL,EXTEND,,Check only after attempting,Classified,f30c184f068910eaf39b0fa35d54984a6fd24304eb6c0249e7a98c4af78abd97
004,1,stage2-completion,stage2-completion,CORE,TEACH,,Binary addition and fixed-width overflow,Classified,ba868ed971c64e85c98aae044900eb28e998749daf7380cf65ab20548d6ffc83
004,2,explanation-overflow,overflow,CORE,TEACH,,Unsigned 8-bit overflow,Classified,0c15ba9885c468730e43617c076fee1499853b8ad19cfc69cf2e6d47ccc0372c
004,3,explanation-method,method,CORE,TEACH,,8-bit addition method,Classified,d6da84024a7908b9fb2ac88f663bcbba5058a1b9c34e4745f9da69779a0ef029
004,4,stage2-practice,stage2-practice,CORE,PRACTISE,,Binary addition and fixed-width overflow: apply and assess,Classified,1b066dd95bd2e048a09d7a2f8ea4935fe10d5c66f9279227f78fb037b5d769c6
004,5,overview,remediation-v2-stage3-optional-004,OPTIONAL,EXTEND,,Binary addition is column addition with stricter carrying.,Classified,de82447660694b87c27d1d8174108998e37d650e9d94eacd651bdf2475d3761c
004,6,delivery-02,remediation-v2-stage3-optional-004,OPTIONAL,EXTEND,,Why this matters,Classified,1b0f7c089f24370b142ec12c67910ad71ed998c2508028533e9bebe170ee6a23
004,7,hook,remediation-v2-stage3-optional-004,OPTIONAL,EXTEND,,"If an 8-bit box is full, where does the ninth bit go?",Classified,f9c838a5779bcefa0ad61e804143f808f3982c6d4a73e068472c1e8675d07df8
004,8,rules,remediation-v2-stage3-optional-004,OPTIONAL,EXTEND,,Single-bit addition rules,Classified,55d0938292738bbef98f0997969148b7910cefeee00428a9afe2d65dc0fcb824
004,9,explanation-rules,remediation-v2-stage3-optional-004,OPTIONAL,EXTEND,,Single-bit addition rules,Classified,0a4617688c1fe6fe1ee494fdf3b65ad00764ceb8fa4045b36f789981af31e65b
004,10,method,remediation-v2-stage3-optional-004,OPTIONAL,EXTEND,,8-bit addition method,Classified,afe3b863998b99a4ecaf35fe2a01489319971bb07585e9d1030280d4b53c851d
004,11,overflow,remediation-v2-stage3-optional-004,OPTIONAL,EXTEND,,Unsigned 8-bit overflow,Classified,ace264028e7930d858613c4751fbcd96c0d9678b4a4eebfa5f70c13829179d4a
004,12,delivery-07,remediation-v2-stage3-optional-004,OPTIONAL,EXTEND,,Common error,Classified,093b989579047316111abf6ae316bf4b7d29cefa380d852576a011fbbc61e372
004,13,adder,remediation-v2-stage3-optional-004,OPTIONAL,EXTEND,,8-bit binary adder,Classified,71b14db975051ec22bdc2fc196e841da7911b5cd2ab0f0bd51ad65990a065ea5
004,14,examples,remediation-v2-stage3-optional-004,OPTIONAL,EXTEND,,Worked examples,Classified,920923a7d18f0b0320250a8cd84605fd8856b64a9c2445c6dce1d1c63303437a
004,15,practice,remediation-v2-stage3-optional-004,OPTIONAL,EXTEND,,Practice with instant checking,Classified,958021402fb19495f5d7e7838bc6f935e50cb888198d7ed8b0c0c136b6219869
004,16,delivery-11,remediation-v2-stage3-optional-004,OPTIONAL,EXTEND,,Identify and correct the error,Classified,1554323bae9e27090a176afc685aded5b944ea367fe98db4c8c1dab409749424
004,17,exam,remediation-v2-stage3-optional-004,OPTIONAL,EXTEND,,Original exam-style questions,Classified,52d930904e865fa0e624cd2122ea9adae5bb1c83650ebac21c75d25c1a9216e9
004,18,summary,remediation-v2-stage3-optional-004,OPTIONAL,EXTEND,,Summary of required knowledge,Classified,b2ab60b9ad25f63a75cfbcb89cf67d83d692b5d23c7c79c667a4dc94db3de898
004,19,homework,homework,AFTER_CLASS,HOMEWORK,,Homework tasks,Classified,e3e97b76b8651adf514fd0b2b8a7b2ab72acd5db113fabf43ca76f814154f5aa
004,20,delivery-16,remediation-v2-stage3-optional-004,OPTIONAL,EXTEND,,Check only after attempting,Classified,1c26890b824137cb28c818d8d842beff995a1ba1024b9a7343a80d1ab4e93335
005,1,stage2-completion,stage2-completion,CORE,TEACH,,Signed representations and binary subtraction,Classified,4c3622e8880c783dcd98fda5400726c4b8a2b07841dc971eed01941d3a31f083
005,2,explanation-systems,systems,CORE,TEACH,,Three ways to represent negative binary values,Classified,da27ee9eb24ab85babca140ec4a6a2f1697ed2d1f7b956a92a42bde9dadcca81
005,3,stage2-practice,stage2-practice,CORE,PRACTISE,,Signed representations and binary subtraction: apply and assess,Classified,269c3fd08c85dc39638049616f503fa7a68fabf0da4d0764836e808c6a17adba
005,4,overview,remediation-v2-stage3-optional-005,OPTIONAL,EXTEND,,A leading 1 does not always mean the same thing.,Classified,52fbad28bd20d4d5c36c2c6926da324135e1cf4aea1fb3bb59cd8eead06008a7
005,5,delivery-02,remediation-v2-stage3-optional-005,OPTIONAL,EXTEND,,Why this matters,Classified,4670ed60bf547b8d79458e6e96eb4460036c99945b2db44ff299d6becd679789
005,6,hook,remediation-v2-stage3-optional-005,OPTIONAL,EXTEND,,What does `11101001₂` represent?,Classified,094c25fc7c63d7e5f2b6bf9f9a39c4cc8e0b257de1693e2d145ad418e8c60a65
005,7,systems,remediation-v2-stage3-optional-005,OPTIONAL,EXTEND,,Three ways to represent negative binary values,Classified,7dbb3745d3a9f8a52e518c7779e96490e61ab32e7ba400da1f69ec83d77b584a
005,8,delivery-05,remediation-v2-stage3-optional-005,OPTIONAL,EXTEND,,Common error,Classified,e0ab06fe5542a9199cf37e371a6ee46af1a53d814d666a138b3ce1915d8afc38
005,9,twos,remediation-v2-stage3-optional-005,OPTIONAL,EXTEND,,Two’s complement method,Classified,f04471bac69a635169e3fd675588d399ad4464ef7fe91a60cc1b0cf516c0d3ef
005,10,explanation-twos,remediation-v2-stage3-optional-005,OPTIONAL,EXTEND,,Two’s complement method,Classified,083b000e7c41f6662cf24a309761144e7ed3e7d47d3dc35b907452342f307669
005,11,range,remediation-v2-stage3-optional-005,OPTIONAL,EXTEND,,8-bit signed ranges and zero,Classified,27ed85cb791a55bd91e394ed6e0d3b30beb91f03d8955ad3f044dd8bb36903ce
005,12,explanation-range,remediation-v2-stage3-optional-005,OPTIONAL,EXTEND,,8-bit signed ranges and zero,Classified,b8f313fdb15530008881c4f9cfac0278890bb6506d1cd0f945a87ad6c651595d
005,13,converter,remediation-v2-stage3-optional-005,OPTIONAL,EXTEND,,8-bit two’s complement converter,Classified,16df8afd6b174d1565ea555ce83d60a6e3b6e0cf9f6425a07c6220025fc2e744
005,14,examples,remediation-v2-stage3-optional-005,OPTIONAL,EXTEND,,Worked examples,Classified,722f55dca7285fc8eae06d6ef9fc006b47917223d234e6734cf78e759d930db0
005,15,practice,remediation-v2-stage3-optional-005,OPTIONAL,EXTEND,,Practice with instant checking,Classified,958021402fb19495f5d7e7838bc6f935e50cb888198d7ed8b0c0c136b6219869
005,16,delivery-11,remediation-v2-stage3-optional-005,OPTIONAL,EXTEND,,Identify and correct the error,Classified,4723921d16ba9cabe282e5f97601a6683d0d60c726c1c66363189a502bb4d2d5
005,17,exam,remediation-v2-stage3-optional-005,OPTIONAL,EXTEND,,Original exam-style questions,Classified,52d930904e865fa0e624cd2122ea9adae5bb1c83650ebac21c75d25c1a9216e9
005,18,summary,remediation-v2-stage3-optional-005,OPTIONAL,EXTEND,,Summary of required knowledge,Classified,967aba5df6ec16b6841c6382ada1e51b7652349b89d8af2deade280843808bf6
005,19,homework,homework,AFTER_CLASS,HOMEWORK,,Homework tasks,Classified,ef3528c74860f9e5d642203c02cdd0fb5eccff9a2afe1483b9793ff0e58af5d5
005,20,delivery-15,remediation-v2-stage3-optional-005,OPTIONAL,EXTEND,,Check only after attempting,Classified,7ff2d9a2bb65d8931e7752570feadb7a6c4a654485fb4bdbf0dc5b81e68e2b2b
006,1,overview,remediation-v2-stage3-optional-006,OPTIONAL,EXTEND,,The binary point is not decoration. It moves the weights.,Classified,751a2360c625a484bd2c3282683e8e64e4f2b1748c6f5e25c40d303216340519
006,2,delivery-02,remediation-v2-stage3-optional-006,OPTIONAL,EXTEND,,Why this matters,Classified,4a51f720970cdac61bbb58e0daa0c1efe23e51d7057041ecedceea6235036ab9
006,3,hook,remediation-v2-stage3-optional-006,OPTIONAL,EXTEND,,Which value is `0.1₂`?,Classified,49073b09eaaa014704ee2fccf3483caa397a99b54a6426cc250e513a47fe56c2
006,4,point,remediation-v2-stage3-optional-006,OPTIONAL,EXTEND,,Binary fractional place value,Classified,71b64ee861b06a65bc824575bba1adf7bd18cf2a37d8fac6dde504600941b098
006,5,explanation-point,remediation-v2-stage3-optional-006,OPTIONAL,EXTEND,,Binary fractional place value,Classified,2bf684fb471d4493e655597d3bd2fcf5a69cf12a1379a4479c3b068f170166b1
006,6,delivery-05,remediation-v2-stage3-optional-006,OPTIONAL,EXTEND,,Common error,Classified,9fb8bfcdc8ace92cfab37329716f70816602f57f92e4b4a5b5d575f4d83fa8f9
006,7,convert,remediation-v2-stage3-optional-006,OPTIONAL,EXTEND,,Converting simple binary fractions,Classified,8c8c57687944cc317a0bf9074f6d34bdfc105bc6115674cd8a095f780cf5a0db
006,8,explanation-convert,remediation-v2-stage3-optional-006,OPTIONAL,EXTEND,,Converting simple binary fractions,Classified,ad4ee57548068297d6024dadeae4c896d581e3133d69e6bce108d27d27c63a91
006,9,precision,remediation-v2-stage3-optional-006,OPTIONAL,EXTEND,,Precision limits: why computers sometimes approximate,Classified,4cb7d9a3c6321b08b462468db4b38ed21b647d9b71560145c7bbe29fe37520e0
006,10,explanation-precision,remediation-v2-stage3-optional-006,OPTIONAL,EXTEND,,Precision limits: why computers sometimes approximate,Classified,4b77eec4999bf1f979c455e2c879bc6347e3808bd19512f697ab3509f05fbc3a
006,11,tool,remediation-v2-stage3-optional-006,OPTIONAL,EXTEND,,Fixed binary fraction converter,Classified,29f2d84629450d772fb0f5d2ffadd79dccbbea087c2ffd4156ae9154541351a0
006,12,examples,remediation-v2-stage3-optional-006,OPTIONAL,EXTEND,,Worked examples,Classified,cfa5ffd4f092f685952f5af9732db5979b624643d06323ae5dacd7917b133777
006,13,practice,remediation-v2-stage3-optional-006,OPTIONAL,EXTEND,,Practice with instant checking,Classified,5ca5af8f97f67f2f2d8808359cb739057fcf02231c410fb89cfab4555251c617
006,14,debug,remediation-v2-stage3-optional-006,OPTIONAL,EXTEND,,Find the quiet arithmetic bug,Classified,38de351a07e85d6133867a3b8d3bd2708a9f6376f934aa4ed67af9fd8fa79ffc
006,15,exam,remediation-v2-stage3-optional-006,OPTIONAL,EXTEND,,Questions with expandable MS,Classified,2891d078af9b47492d149653881083b19c1f4b0c4976da9010a3dbbad1f7a56a
006,16,summary,remediation-v2-stage3-optional-006,OPTIONAL,EXTEND,,Keep the point under control,Classified,6a760283344ae9fe80e8746ba142a5b766f24257cdb3da3abbc9def2e66b0e01
006,17,homework,homework,AFTER_CLASS,HOMEWORK,,"Clear tasks, not “revise everything”",Classified,bb7746c9d2097be9ff58999d455350ca12c01798536df7772fc0be3f46a68b4a
007,1,stage2-completion,stage2-completion,CORE,TEACH,,Character sets and internal binary character data,Classified,61eecd09dba292bc9b50b4ca82184d2364b221be66cbbb75949428154b2d4a0f
007,2,explanation-ascii,ascii,CORE,TEACH,,ASCII and extended ASCII,Classified,e52277954c1ae72ad58c5e4705433f16faf5ad8431a7952fc577d640c64a27c2
007,3,stage2-practice,stage2-practice,CORE,PRACTISE,,Character sets and internal binary character data: apply and assess,Classified,47d1b9a95bda57d8fe6bfc4dfe24eee700e802d4327f824e65acbe3903597d4e
007,4,overview,remediation-v2-stage3-optional-007,OPTIONAL,EXTEND,,Text is numbers wearing a very convincing disguise.,Classified,cab5d383bbc5f02f03983c7ad0507acda713e92400dd0481592ba3526cb8f8bc
007,5,delivery-02,remediation-v2-stage3-optional-007,OPTIONAL,EXTEND,,Why this matters,Classified,f2f541b540a5af8ded9c8fd96bd02b6988b141c9654c2e5c75ff5e90ff0843b2
007,6,hook,remediation-v2-stage3-optional-007,OPTIONAL,EXTEND,,Can standard ASCII store `你`?,Classified,192e2ab037900d119a77784062a4ce350014e61d29811edf07e24668299eb5ab
007,7,concept,remediation-v2-stage3-optional-007,OPTIONAL,EXTEND,,What a character set actually does,Classified,8ce63a0c9950b05513ecefb253579ac3343b60bc2a307056d38b4cf6c180e50d
007,8,explanation-concept,remediation-v2-stage3-optional-007,OPTIONAL,EXTEND,,What a character set actually does,Classified,8f3980957e238c491fa134ce1c47f69ec755c8f7ad7c09af8539a30650a238e2
007,9,ascii,remediation-v2-stage3-optional-007,OPTIONAL,EXTEND,,ASCII and extended ASCII,Classified,09209781505731a97874d6dbacbd294bcc1b2ca56936db986b838476ddc560d2
007,10,delivery-06,remediation-v2-stage3-optional-007,OPTIONAL,EXTEND,,Common error,Classified,191aed5917ad188fd6ad0c68e9b4e62d335109d55437893c95bfc063f28b1901
007,11,unicode,remediation-v2-stage3-optional-007,OPTIONAL,EXTEND,,"Unicode: more characters, more global use",Classified,cc289d12989f4d3273b40b006c987cfec9c71f3fe09ec2c895422ba1c9cc2955
007,12,explanation-unicode,remediation-v2-stage3-optional-007,OPTIONAL,EXTEND,,"Unicode: more characters, more global use",Classified,c2622731485a922a394af12936a3631671ea02bfec77f93fe939974643f6dac7
007,13,encoding,remediation-v2-stage3-optional-007,OPTIONAL,EXTEND,,Character set vs encoding,Classified,7836ae8715cfa1e8f8cb039a80587b3a5c967158af68cfca9468943a543bdf91
007,14,explanation-encoding,remediation-v2-stage3-optional-007,OPTIONAL,EXTEND,,Character set vs encoding,Classified,84d6d48b602551e860eacc6fedd536c3b029f24f748731805b0012330ab9d5a2
007,15,tool,remediation-v2-stage3-optional-007,OPTIONAL,EXTEND,,Character inspector,Classified,e549a4cee1fbbb1c8f21e4594ab4ffc1eb0f90822f51d466460234c0821385a3
007,16,examples,remediation-v2-stage3-optional-007,OPTIONAL,EXTEND,,Worked examples,Classified,72d78deb0691d2237fd69118514f034a9c961a737b20aae71029bed17d5cc067
007,17,practice,remediation-v2-stage3-optional-007,OPTIONAL,EXTEND,,Practice with instant checking,Classified,5ca5af8f97f67f2f2d8808359cb739057fcf02231c410fb89cfab4555251c617
007,18,debug,remediation-v2-stage3-optional-007,OPTIONAL,EXTEND,,Correct the almost-right answer,Classified,ec67015fc62aa598e4a27ec9d39969f527bf5ec8af5cb5327b6da8fa1c0ea80f
007,19,exam,remediation-v2-stage3-optional-007,OPTIONAL,EXTEND,,Questions with expandable MS,Classified,2891d078af9b47492d149653881083b19c1f4b0c4976da9010a3dbbad1f7a56a
007,20,summary,remediation-v2-stage3-optional-007,OPTIONAL,EXTEND,,Text storage needs a rulebook,Classified,805478d4134ecb15c4d8311e1c269e162b36c0dc7809b11117565860808dae40
007,21,homework,homework,AFTER_CLASS,HOMEWORK,,Clear tasks,Classified,35d14680f3a35d96118daf3801f57ef80f1bb88c4c536f597bc0017f5e0237f6
008,1,stage2-completion,stage2-completion,CORE,TEACH,,"Bitmap file headers, image resolution and screen resolution",Classified,e72b9bc7943e6696a063b6be11f437d26bf8b2d196cc085be787f3865f6a7a91
008,2,explanation-pixels,pixels,CORE,TEACH,,Bitmap file header and pixel data,Classified,c18c4d5d35bf124d640007eec562482e0bed69ea13c466a0cb9cb95429a5db39
008,3,stage2-practice,stage2-practice,CORE,PRACTISE,,"Bitmap file headers, image resolution and screen resolution: apply and assess",Classified,8913545855d1a181ce58cea20cf95bc77bb7edd68e75e00a025008036f39a6a1
008,4,overview,remediation-v2-stage3-optional-008,OPTIONAL,EXTEND,,A bitmap image is a grid of tiny colour decisions.,Classified,091f7ed8281c6dee6af6a359d18a054864d036daa18a209130085f9ddd5f3da5
008,5,delivery-02,remediation-v2-stage3-optional-008,OPTIONAL,EXTEND,,Why this matters,Classified,977f57b2426161080e3fbcee69f029d1461fc83fc25d6ecca4a97cb2fa25ee32
008,6,hook,remediation-v2-stage3-optional-008,OPTIONAL,EXTEND,,What is stored for one pixel?,Classified,6a63bfea9932a4685f15c6fc5e9049bd4a36841807f6706b654993411dd0ecbb
008,7,pixels,remediation-v2-stage3-optional-008,OPTIONAL,EXTEND,,Bitmap images are pixel grids,Classified,80c1ff061f164078a8af8b5713aa32e59a11c05025470e29e15122e8d3417246
008,8,resolution,remediation-v2-stage3-optional-008,OPTIONAL,EXTEND,,Resolution: width × height,Classified,19993dbb30a79bc9c5f60e0297166f7abde7ef2622c90652ace762e3db3a7ba0
008,9,explanation-resolution,remediation-v2-stage3-optional-008,OPTIONAL,EXTEND,,Resolution: width × height,Classified,3e81b918afb8ecbaebb83d7f0f8f30cc6348b9ebd415f731f722000af2f561ed
008,10,depth,remediation-v2-stage3-optional-008,OPTIONAL,EXTEND,,Colour depth: bits per pixel,Classified,713fc1e7f11a45b7c9c43e6983e821fd9de6926364af147e26ca4fa7591a2121
008,11,explanation-depth,remediation-v2-stage3-optional-008,OPTIONAL,EXTEND,,Colour depth: bits per pixel,Classified,6a6814dc4d14c0f27402c212c61eccf475e52d5276262735f97c222c90abc3e2
008,12,formula,remediation-v2-stage3-optional-008,OPTIONAL,EXTEND,,Bitmap file size formula,Classified,f44e473545129678d03e869f5945dfe5a178bfc3695965a9d5c38bab9a6fe516
008,13,explanation-formula,remediation-v2-stage3-optional-008,OPTIONAL,EXTEND,,Bitmap file size formula,Classified,54890ab7212776e04e1e17deb2c8816406bd9fb850b02eeda9b62725d4d5a315
008,14,tool,remediation-v2-stage3-optional-008,OPTIONAL,EXTEND,,Bitmap file size calculator,Classified,2deb6cf11884681dbc84525e768417404e9f86660767dd0281da26afa4d8bece
008,15,examples,remediation-v2-stage3-optional-008,OPTIONAL,EXTEND,,Worked examples,Classified,0110bfb812e8f77e9a267813296637ba2b8aab8474973fcb0218e62d1461fdfd
008,16,practice,remediation-v2-stage3-optional-008,OPTIONAL,EXTEND,,Practice with instant checking,Classified,5ca5af8f97f67f2f2d8808359cb739057fcf02231c410fb89cfab4555251c617
008,17,debug,remediation-v2-stage3-optional-008,OPTIONAL,EXTEND,,Fix the file size mistake,Classified,c827649fde3979ef94f906327097e3e95936ab4fa2b5f77cf65b4faa9392b7a3
008,18,exam,remediation-v2-stage3-optional-008,OPTIONAL,EXTEND,,Questions with expandable MS,Classified,2891d078af9b47492d149653881083b19c1f4b0c4976da9010a3dbbad1f7a56a
008,19,summary,remediation-v2-stage3-optional-008,OPTIONAL,EXTEND,,Every pixel costs bits,Classified,6aabb48ca4c969738e975d7029a0642f9788f193b209b59a026f66c43adc010a
008,20,homework,homework,AFTER_CLASS,HOMEWORK,,Clear tasks,Classified,c5c7607f829d6c82f12d4e49966df147510df805dc89390d4073dac281169f77
009,1,stage2-completion,stage2-completion,CORE,TEACH,,Bitmap file-size calculations and metadata,Classified,4b06854c1708491aece426e902e6e11c06f064f627db311f317ed6bfa96d62d0
009,2,stage2-practice,stage2-practice,CORE,PRACTISE,,Bitmap file-size calculations and metadata: apply and assess,Classified,1213a7bdf63d102e51e9fd3743f4873c33667c78f07df8024662a0b4eeb527a0
009,3,overview,remediation-v2-stage3-optional-009,OPTIONAL,EXTEND,,Show each stage of the calculation and include the required units.,Classified,849178b2cc606e0e98914c0e43cb4fc85e7db411cb388db75f0d2de0c4547e5a
009,4,delivery-02,remediation-v2-stage3-optional-009,OPTIONAL,EXTEND,,Why this matters,Classified,13fac6a8c66e1d7b9c46b898899f6d7036c2184edd2054c6a7e75d5ba3b51d3a
009,5,hook,remediation-v2-stage3-optional-009,OPTIONAL,EXTEND,,A file is 64 000 bits. Is that 64 000 bytes?,Classified,7eadba735a08cb99ee7c1bdc67330f697dc6ba46e5cc8957bc8646eaf28e3d16
009,6,chain,remediation-v2-stage3-optional-009,OPTIONAL,EXTEND,,The calculation chain,Classified,5d3dd8315ff74a2b47f717927f68d49a7fb6c38a6cf55cc477cc494ac02e8a0a
009,7,explanation-chain,remediation-v2-stage3-optional-009,OPTIONAL,EXTEND,,The calculation chain,Classified,c9f193bb5f84a36be80ef7826e5e9889d852cd15f8f83c1ea5cdf00fe3555d46
009,8,metadata,remediation-v2-stage3-optional-009,OPTIONAL,EXTEND,,"Metadata is data about the image, not the pixels themselves",Classified,4d9352411accd1f9904d96566b8d07fac3daeeb40c036e54e9f0b482ce4cde7a
009,9,explanation-metadata,remediation-v2-stage3-optional-009,OPTIONAL,EXTEND,,"Metadata is data about the image, not the pixels themselves",Classified,b9efcb07860cde18b1b5f15bbfcc0072343ebd44e717bb592352130b48c0e02f
009,10,units,remediation-v2-stage3-optional-009,OPTIONAL,EXTEND,,Units: do not trip at the finish line,Classified,3e9897db75396296736363637a73eb59f4739a87c53b379ec735657d8431b751
009,11,explanation-units,remediation-v2-stage3-optional-009,OPTIONAL,EXTEND,,Units: do not trip at the finish line,Classified,15f37d4f59c28560e051187082d448ada09c702287d225dec0f44dfe3f1fb90e
009,12,tool,remediation-v2-stage3-optional-009,OPTIONAL,EXTEND,,Image size calculator with metadata,Classified,2f46e4ced6b02d86e8a01192e877d711f3c2d3a3becd9da74a635a5fb0d425e6
009,13,examples,remediation-v2-stage3-optional-009,OPTIONAL,EXTEND,,Worked examples,Classified,2177020831e2c0ec64d5f2ac20aef2b9ace0b831f5f2a3f454fcc14cc642c46e
009,14,practice,remediation-v2-stage3-optional-009,OPTIONAL,EXTEND,,Practice with instant checking,Classified,5ca5af8f97f67f2f2d8808359cb739057fcf02231c410fb89cfab4555251c617
009,15,debug,remediation-v2-stage3-optional-009,OPTIONAL,EXTEND,,Catch the common wording error,Classified,e57c92aec3e7dc69bc45ece08fe0b1e9174dd064aa3b04454332620f53e7f43e
009,16,exam,remediation-v2-stage3-optional-009,OPTIONAL,EXTEND,,Questions with expandable MS,Classified,2891d078af9b47492d149653881083b19c1f4b0c4976da9010a3dbbad1f7a56a
009,17,summary,remediation-v2-stage3-optional-009,OPTIONAL,EXTEND,,Read the wording before the calculator,Classified,54377b6b24860fd0629f56d44f1a56b9a265168e26863a0d6619e5f6c6398853
009,18,homework,homework,AFTER_CLASS,HOMEWORK,,Clear tasks,Classified,186a518c9f93667db69db2ae5f43aab489b8fedcb3c9ddac749d8ec60397879d
010,1,stage2-completion,stage2-completion,CORE,TEACH,,"Sound sampling, sampling resolution, accuracy and storage",Classified,890d1975665ce9221481e8e282739e2e8e60b6345141084009a0cf2c8efce0c1
010,2,explanation-sampling,sampling,CORE,TEACH,,Sampling turns an analogue wave into digital values,Classified,64d2498a7f8055a07b48573aa4089abef099bfe82ebd0a4aeb41cefa2cf20776
010,3,explanation-resolution,resolution,CORE,TEACH,,Sampling resolution: bits per sample,Classified,37b2689c06c267d56fc2edfe918ce5408f111bf026228bb5f421aec6fd4ce0d6
010,4,stage2-practice,stage2-practice,CORE,PRACTISE,,"Sound sampling, sampling resolution, accuracy and storage: apply and assess",Classified,51de67ee0d213bb98b3d07d4cbaf2286f7b1ae6e178f74897b79afe50a5af944
010,5,overview,remediation-v2-stage3-optional-010,OPTIONAL,EXTEND,,Sound becomes data when we measure it again and again.,Classified,6295796e89d0a576b9c588e3aed970dd6bb3b85e256a01bfb7320aff7c4bc23b
010,6,delivery-02,remediation-v2-stage3-optional-010,OPTIONAL,EXTEND,,Why this matters,Classified,9fa1def5f36dc2700a18d0457163ff8239b77755a7e29b7206ed246cbf81fef1
010,7,hook,remediation-v2-stage3-optional-010,OPTIONAL,EXTEND,,Which change stores more measurements every second?,Classified,4d2768413548f3c1275c5b99f5a639b02f446d4a5d2bef8ef05673de47ccb9cb
010,8,sampling,remediation-v2-stage3-optional-010,OPTIONAL,EXTEND,,Sampling turns an analogue wave into digital values,Classified,4db1d1727979dc44496d20c8aeabf355229cff2b13b663424a541b1b8be6a0bb
010,9,rate,remediation-v2-stage3-optional-010,OPTIONAL,EXTEND,,Sampling rate: samples per second,Classified,134ff9e8618ac006a792c23fb22dbb08b38d0c2a65cbd891fd0ba203500ce420
010,10,explanation-rate,remediation-v2-stage3-optional-010,OPTIONAL,EXTEND,,Sampling rate: samples per second,Classified,d55157c85c8a33d9ea019bcc439b3a312b3bf4303503562a87310fae193eedfc
010,11,resolution,remediation-v2-stage3-optional-010,OPTIONAL,EXTEND,,Sampling resolution: bits per sample,Classified,aaf7c4c5cd58335a228854438d06c2eea49bf34ae293b3a2701010d6f4023611
010,12,duration,remediation-v2-stage3-optional-010,OPTIONAL,EXTEND,,Duration: how long the sound lasts,Classified,58de469d5c29604a680f4d5e243fbd8678de39977af013ac2b15179814e5b12b
010,13,explanation-duration,remediation-v2-stage3-optional-010,OPTIONAL,EXTEND,,Duration: how long the sound lasts,Classified,b9480babb19a8a003c648550cf29a24bf42e031e7d20977738a06115edee308e
010,14,formula,remediation-v2-stage3-optional-010,OPTIONAL,EXTEND,,Basic mono sound file size formula,Classified,1213402b68403178aa16a9c77c14bc47dc003c65f51bbb85a5fc35fdbea9018b
010,15,explanation-formula,remediation-v2-stage3-optional-010,OPTIONAL,EXTEND,,Basic mono sound file size formula,Classified,121aa1b609a36e4a4468c222248c3806ab66af1dfb3aede74c073371b582ecec
010,16,tool,remediation-v2-stage3-optional-010,OPTIONAL,EXTEND,,Mono sound size calculator,Classified,945246dd7e92cb87b00ab6a1059de1ce3fb8fdf23f86da07aec91966ecd76864
010,17,examples,remediation-v2-stage3-optional-010,OPTIONAL,EXTEND,,Worked examples,Classified,88cfe44d3e51a8c765b95f3bdcff5b02fc82dd0f18a57654e2c84f52fe36844f
010,18,practice,remediation-v2-stage3-optional-010,OPTIONAL,EXTEND,,Practice with instant checking,Classified,5ca5af8f97f67f2f2d8808359cb739057fcf02231c410fb89cfab4555251c617
010,19,debug,remediation-v2-stage3-optional-010,OPTIONAL,EXTEND,,Fix the sound calculation,Classified,3d5639beebbc79f1f2be0971bddcde564536694b9c3d1210ad7bd34893eda774
010,20,exam,remediation-v2-stage3-optional-010,OPTIONAL,EXTEND,,Questions with expandable MS,Classified,2891d078af9b47492d149653881083b19c1f4b0c4976da9010a3dbbad1f7a56a
010,21,summary,remediation-v2-stage3-optional-010,OPTIONAL,EXTEND,,Sound file size has three levers today,Classified,f1721a92214de5fc0f441b754473731259faa07f54791b52c918fb3ccfeda131
010,22,homework,homework,AFTER_CLASS,HOMEWORK,,Clear tasks,Classified,2b1419349ee70013c15213ec6c8425ccd5022962fcb466b10fd01b1a9314d20d
011,1,overview,remediation-v2-optional-011,OPTIONAL,EXTEND,,Sound file size is multiplication with consequences.,Classified,fa828a7adba5af35e2d94e39c09a3e4d150f843a53fdef2696435e2079581cfe
011,2,delivery-02,remediation-v2-optional-011,OPTIONAL,EXTEND,,Why this matters,Classified,7db749548628e16109a735b9002852f9e0d8eb20674a7da858da045230d780ec
011,3,hook,remediation-v2-optional-011,OPTIONAL,EXTEND,,A mono clip becomes stereo. What happens to size?,Classified,2e6c640bfb4227b874c6468aaebd7fe72d0eecb3dd9d6afb54b64b9f0dbe248d
011,4,formula,remediation-v2-optional-011,OPTIONAL,EXTEND,,The full uncompressed sound formula,Classified,bc15971a605a3d2f9bc509f9f1a50f790d0bfcdb5713dcbef577549879bb7234
011,5,explanation-formula,remediation-v2-optional-011,OPTIONAL,EXTEND,,The full uncompressed sound formula,Classified,99fae37f7cc80d1e1f0845ecf4164562d49bc2c1e388ae6c4a707c890f5d2cea
011,6,channels,remediation-v2-optional-011,OPTIONAL,EXTEND,,Channels: mono and stereo,Classified,89ef097f7a1bb84089e6f6f4dfbac9609d76a5dd36be6a5455fd095c653caabb
011,7,explanation-channels,remediation-v2-optional-011,OPTIONAL,EXTEND,,Channels: mono and stereo,Classified,5532ab8076495284bf680b49de4deeaf211fa4c3cfeb71ce92d43046cf7c43c6
011,8,units,remediation-v2-optional-011,OPTIONAL,EXTEND,,Unit conversion without changing the answer,Classified,7ce0841d9569813da7b992fc9a13e9546b46b9a820644d9566af37273cd0b276
011,9,explanation-units,remediation-v2-optional-011,OPTIONAL,EXTEND,,Unit conversion without changing the answer,Classified,46a6335dca7d2988a1655b9a970de99ed2ffdc30f7e72114e2dd02da756ebdf9
011,10,tradeoffs,remediation-v2-optional-011,OPTIONAL,EXTEND,,Parameter changes and consequences,Classified,d412db5e2bae5fb2f3782b001175161fcbac902ab9db7e716a17256a8518d57f
011,11,explanation-tradeoffs,remediation-v2-optional-011,OPTIONAL,EXTEND,,Parameter changes and consequences,Classified,6a9d6ee0faf2c0532e7c7ff763e91a8f4e1062627477066f0aaeecdce9e46fc6
011,12,tool,tool,OPTIONAL,PRACTISE,,Sound file size calculator,Classified,8229e52c97b906f53ebe92eb89d375f1117f518d67f2e9898b7b3d8d7c9c2622
011,13,examples,remediation-v2-optional-011,OPTIONAL,EXTEND,,Worked examples,Classified,83ad48f938dcd0a947c670f138e3a00e44d0540bc168cfcbfc500947dd51840c
011,14,practice,remediation-v2-optional-011,OPTIONAL,EXTEND,,Practice with instant checking,Classified,5ca5af8f97f67f2f2d8808359cb739057fcf02231c410fb89cfab4555251c617
011,15,debug,remediation-v2-optional-011,OPTIONAL,EXTEND,,Find the missing factor,Classified,f2543a239154c87b182c9e716c924ef9d2d1779c6fce070799074aa62c6641ef
011,16,exam,remediation-v2-optional-011,OPTIONAL,EXTEND,,Questions with expandable MS,Classified,2891d078af9b47492d149653881083b19c1f4b0c4976da9010a3dbbad1f7a56a
011,17,summary,remediation-v2-optional-011,OPTIONAL,EXTEND,,Write every factor before every answer,Classified,3497d3547badce4c03ad5b6ed63982004fe264d3e912b8f971afc8fc35feec64
011,18,homework,homework,AFTER_CLASS,HOMEWORK,,Clear tasks,Classified,73e7908950eedf96b279286808fc8cb54c9e9ce1669da92fdc2dc211f11755ee
012,1,stage2-completion,stage2-completion,CORE,TEACH,,Vector graphics and compression methods,Classified,7943dd860de6c42117a42609827fa77880e5c8e99dd36f5c753f9d078f645629
012,2,explanation-lossless,lossless,CORE,TEACH,,Lossless compression: exact reconstruction,Classified,8c54a64a868d4f280ef2a88e66a91c2ed3ac3f0373fb81539e0c677c5b6c760b
012,3,stage2-practice,stage2-practice,CORE,PRACTISE,,Vector graphics and compression methods: apply and assess,Classified,b9972d731b6bf825dc0ea61b679a9ea2cc58c48d332c7515288591bcd72d46db
012,4,overview,remediation-v2-stage3-optional-012,OPTIONAL,EXTEND,,"Compression makes files smaller, but the method matters.",Classified,1c860574d22c06bb6054f326afea0857f4e3296622c3605a8ae1c4f19d20ca6a
012,5,delivery-02,remediation-v2-stage3-optional-012,OPTIONAL,EXTEND,,Why this matters,Classified,836f497083619b0cb8d8d95ac6f521fd78fdee6cf353ee34cfbda2bb715e0ba9
012,6,hook,remediation-v2-stage3-optional-012,OPTIONAL,EXTEND,,Which file must use lossless compression?,Classified,70f907aefed26cc9ed29e1d3e1712706004a5c147ee3fc01bdd286150990bc92
012,7,purpose,remediation-v2-stage3-optional-012,OPTIONAL,EXTEND,,Why compress data?,Classified,05e58d2cfd9694909991aa3b7ea196e43f1efd7783797ea3bd441141f206e2e1
012,8,explanation-purpose,remediation-v2-stage3-optional-012,OPTIONAL,EXTEND,,Why compress data?,Classified,159e59eeda82ea99de4e0bf926562079fabf0b3b22a8e5c99822a1dd8a7af0b9
012,9,lossless,remediation-v2-stage3-optional-012,OPTIONAL,EXTEND,,Lossless compression: exact reconstruction,Classified,529cb63abff20796e75185049eba28286d76d2ce215554c5001ca891052d5456
012,10,lossy,remediation-v2-stage3-optional-012,OPTIONAL,EXTEND,,"Lossy compression: smaller, but not exact",Classified,b242aad70504eba2b85bc8702402ca0d5481f7e00cabfbd2ad4ea0a9ee4e0f8e
012,11,explanation-lossy,remediation-v2-stage3-optional-012,OPTIONAL,EXTEND,,"Lossy compression: smaller, but not exact",Classified,1dd261090e04b228a312ab0885657a03e046a749ea928158c701031cb7d41672
012,12,ratio,remediation-v2-stage3-optional-012,OPTIONAL,EXTEND,,Compression ratio and saved space,Classified,d22613e009dcc9b6987951704e2a47edf83f2f579acc32be2efd76b69a1255db
012,13,explanation-ratio,remediation-v2-stage3-optional-012,OPTIONAL,EXTEND,,Compression ratio and saved space,Classified,834ff5a5a0a1c91a7276109259784f965b62f8eb389bcbdf5358c970f694884e
012,14,tool,remediation-v2-stage3-optional-012,OPTIONAL,EXTEND,,Compression result calculator,Classified,59988c3116d04ac18df47244e828c00762a5ecb46284c5b80cc9923c2270f026
012,15,examples,remediation-v2-stage3-optional-012,OPTIONAL,EXTEND,,Worked examples,Classified,1bf696cab6b39cc73cceebf747730ad728e4c68e0f73a5d2348d7f3c857a5cdb
012,16,practice,remediation-v2-stage3-optional-012,OPTIONAL,EXTEND,,Practice with instant checking,Classified,5ca5af8f97f67f2f2d8808359cb739057fcf02231c410fb89cfab4555251c617
012,17,debug,remediation-v2-stage3-optional-012,OPTIONAL,EXTEND,,Correct the compression myth,Classified,a76b96d78c6d32a6fbf17f245bf77ad2981806cbf8385bae3f8fdb7bdc87ce1b
012,18,exam,remediation-v2-stage3-optional-012,OPTIONAL,EXTEND,,Questions with expandable MS,Classified,2891d078af9b47492d149653881083b19c1f4b0c4976da9010a3dbbad1f7a56a
012,19,summary,remediation-v2-stage3-optional-012,OPTIONAL,EXTEND,,Compression choices depend on purpose,Classified,2fbe194e3ae6b1a7b18220eeb19a6eee9ab173aafe0f18b9fd4c79f5365972ab
012,20,homework,homework,AFTER_CLASS,HOMEWORK,,Clear tasks,Classified,6e705a3bd967be7248b162ee5bc792565e62007a3717733b44c5486179d6377d
013,1,overview,overview,CORE,TEACH,,Compression likes patterns. Randomness is less polite.,Classified,fd1ecc21631d27a7cff44f0a853bf599c0e1e56aa0f057382d56f169dbf3127e
013,2,delivery-02,overview,CORE,TEACH,,Why this matters,Classified,7ca6034d5af8b85580212a997ba2be28c60dd6cfa6838057b3e4dd977f3cf1fd
013,3,hook,hook,CORE,ASK,,Which string is most suitable for RLE?,Classified,9bb07634f79933828ddddbad68ebecf3248854fa8d2d3f04e7e7d183b8c4e91d
013,4,rle,rle,CORE,TEACH,,Run-length encoding,Classified,0b92a8cb59d4ed85c05e1f543d73c9100a65a2b74496764bf81a8fe4683fabce
013,5,explanation-rle,rle,OPTIONAL,EXTEND,,Run-length encoding,Classified,7bfcce26516b1696372bd261e163c6d21ae3f5e4544064c3876bda5fa7a49071
013,6,dictionary,dictionary,CORE,TEACH,,Dictionary-style compression,Classified,ba8ab88d37de3a27fabae85baaf8a7ff1f3a87598ef8ae2fafbccbce58d902d3
013,7,explanation-dictionary,dictionary,OPTIONAL,EXTEND,,Dictionary-style compression,Classified,9964aa189336460e531954c1171274073d561692d95a6bb760715d4c664e9726
013,8,effectiveness,effectiveness,CORE,TEACH,,When does it help?,Classified,828746f7629f491a1e5498c9c7af91b86c79a287d778ad7420b79d4e1beeef2b
013,9,explanation-effectiveness,effectiveness,OPTIONAL,EXTEND,,When does it help?,Classified,344dc38d11387448fe6208711fc169212b85490b4e1282a3ebded3c007df6ad1
013,10,tool,tool,OPTIONAL,PRACTISE,,RLE encoder and decoder,Classified,b88f5a1f4698b0c389cf3de50bc9846b94a35d663ff15c0e791243d4133a7f53
013,11,examples,examples,CORE,TEACH,,Worked examples,Classified,45bb213c62fc71e6fc6ba2096331d5fd4ccd1f42a28ff949d51e74a951db6fa0
013,12,practice,practice,CORE,PRACTISE,,Practice with instant checking,Classified,5ca5af8f97f67f2f2d8808359cb739057fcf02231c410fb89cfab4555251c617
013,13,debug,debug,CORE,CHECK,,Fix the run count,Classified,3554b8e9556ab8cb2ea2fdd89595bff27a5df3b74e393ec75116a02dc5c6eca6
013,14,exam,exam,CORE,EXAM,,Questions with expandable MS,Classified,2891d078af9b47492d149653881083b19c1f4b0c4976da9010a3dbbad1f7a56a
013,15,summary,summary,CORE,CHECK,,Patterns are the target,Classified,461013620a944f4556f3ad1db3f2220d969ed8bb463cc9990dea2ebcb0d3d813
013,16,homework,homework,AFTER_CLASS,HOMEWORK,,Clear tasks,Classified,697ae33015af5a0971dfd6545bf32c06994817492c7165f8a8ed4055f5e24493
014,1,overview,overview,CORE,TEACH,,Good representation is not “use more bits everywhere”.,Classified,d947e5d2b82e623f29a063f3f4ce9bacfa9869308807ed4179cd17806f3be6b3
014,2,delivery-02,overview,CORE,TEACH,,Why this matters,Classified,483771c1a2a786e201abc498c80ae501446ffc4988ad16210589ff8dd3b609bc
014,3,hook,hook,CORE,ASK,,A weather sensor stores temperatures from -40°C to +60°C. Which representation issue matters first?,Classified,82308d8b2ed5df055dca31f2cbed4ef67f731cdcfdc76659dc0266b3fe999d8c
014,4,framework,framework,CORE,TEACH,,A decision framework,Classified,23a46bbd9b2b99269ce7fb5ada7bcae3b101f945dfb488c675adf1a5787e4299
014,5,explanation-framework,framework,OPTIONAL,EXTEND,,A decision framework,Classified,c931d7d4cc65908e1d531decee6afbecad8a889a1aead66c52102e2c0fc93f5f
014,6,cases,cases,CORE,TEACH,,System cases,Classified,1eb4699ceafc9b88bc88714e94b09f3923ddf769fcdb8685021876b06861a6fa
014,7,explanation-cases,cases,OPTIONAL,EXTEND,,System cases,Classified,f4aae26dffb81716d3e2eda93f37fb4223e8c8de7282e18c5ca35d8e54ceb7a0
014,8,tradeoffs,tradeoffs,CORE,TEACH,,Useful trade-off sentences,Classified,4989e3181581c8022e4e35d80f2ab6654d065e61d40e8c56b0114f7b7b2426f0
014,9,explanation-tradeoffs,tradeoffs,OPTIONAL,EXTEND,,Useful trade-off sentences,Classified,50d74e4e04634d55f298d5320b7d707417385b5109656467dafc996c6fdafd38
014,10,tool,tool,OPTIONAL,PRACTISE,,Representation decision helper,Classified,eb2838cab0e191f3121e852650f4abaa12c5eaa8e05f897a24205b61cbb61782
014,11,examples,examples,CORE,TEACH,,Worked examples,Classified,77c7cee1759601cac9c588da8013ce79111162f7260a902b305ca9b53d319495
014,12,practice,practice,CORE,PRACTISE,,Practice with instant checking,Classified,5ca5af8f97f67f2f2d8808359cb739057fcf02231c410fb89cfab4555251c617
014,13,debug,debug,CORE,CHECK,,Improve the weak justification,Classified,c8d9842affefcdd46d9c9575e086e3b27e36d4388ada6ec8edf1d1c113dde565
014,14,exam,exam,CORE,EXAM,,Questions with expandable MS,Classified,d82b4a4308c00ab5767a34f4eab022a827aa1776d5087eaa3ab7e86c09800f07
014,15,summary,summary,CORE,CHECK,,Fit the representation to the job,Classified,11c6f0342f07aca2125afeeab63c22346c6646865a4c4c24eb179ffabc2fc021
014,16,homework,homework,AFTER_CLASS,HOMEWORK,,Clear tasks,Classified,b50fe4bb9821b2346b63989ea33478a284a7d781be02522db19916cd4d8a45da
015,1,overview,overview,CORE,TEACH,,Fast answers still need slow-thinking method.,Classified,92688ecd815c7dc9f0cacee229f6ee7fb96ce6c853890af59912896589c3ef2a
015,2,delivery-02,overview,CORE,TEACH,,Why this matters,Classified,27c57116cc2c44b9941462ec272ddb89327d9062665262c0d4e0f5fde3b29a46
015,3,hook,hook,CORE,ASK,,Four questions walk into an exam. Which one steals the most marks?,Classified,983ca4fca461fcde33724d5ef53ba042dca6658f433870e722eca00810a27dca
015,4,triage,triage,CORE,TEACH,,Question triage: choose the toolbox first,Classified,368a2f71e4d4995263c745c8ccc072da3a567a16d8272d74cc26495a6ceddbc2
015,5,explanation-triage,triage,OPTIONAL,EXTEND,,Question triage: choose the toolbox first,Classified,a4007629aefeaf59b5e1455dee9dfc7ca4fbf26899ae8b537b4eab86d8dc15ff
015,6,methods,methods,CORE,TEACH,,Section 1 method bank,Classified,e5c90b5d080547eb78c67e5cf6852b4da1efb5019a2abfcb7dfaf63d4f38d62e
015,7,explanation-methods,methods,OPTIONAL,EXTEND,,Section 1 method bank,Classified,75ca5801a5ffe5ba4cc60c753b6626de42d875f186dc6b0974a9d2de5617fed8
015,8,sprint,sprint,CORE,TEACH,,Six-minute review sprint,Classified,4c2ca06d4bf40b017032f653d32bf653fa5ebd3d086e172467add573d91f0012
015,9,explanation-sprint,sprint,OPTIONAL,EXTEND,,Six-minute review sprint,Classified,9b2141d4076b977d5fa1cd50a6970a02ea4ca0d703a632f5c9b6af0cf9095964
015,10,tool,tool,OPTIONAL,PRACTISE,,Question triage helper,Classified,cfc99e61df46d9fa8fb30112daf4d3e30b2275fa123a676747d9eb23cb4855f2
015,11,examples,examples,CORE,TEACH,,Worked examples,Classified,437dd05ca9bc843e6de1d82a13839a708b7317d4ffe68f47b05d29b2d4175a57
015,12,practice,practice,CORE,PRACTISE,,Mixed practice with instant checking,Classified,779bb845a632a25566f81d7cf7f5c484b2f90a49c4b34e9252e64875732e1552
015,13,debug,debug,CORE,CHECK,,Repair common review answers,Classified,6ca7d9b794ebd26069d01edd47a555c9793e82f04f50420c8801c67481222dae
015,14,exam,exam,CORE,EXAM,,Questions with expandable MS,Classified,d70c1f8b13c128da7659f196466cc186b3158ef9844a85e382b9419e4ccbce61
015,15,summary,summary,CORE,CHECK,,The Section 1 survival checklist,Classified,26d3d99bd5a0520800d7fa2e30cf30af46a724237adfc013da434716c12177e8
015,16,homework,homework,AFTER_CLASS,HOMEWORK,,Clear tasks,Classified,cb5ebcb356a4eead1d5ab2192dd74976ec071eed10bfc5c3686c6ab54a7fa3d0
016,1,stage2-completion,stage2-completion,CORE,TEACH,,"Networking benefits, LAN/WAN and the four required topologies",Classified,257f5c3c336f13df4df5cfbed30feb6c2d4e72130dbf917d87854495a1372894
016,2,stage2-practice,stage2-practice,CORE,PRACTISE,,"Networking benefits, LAN/WAN and the four required topologies: apply and assess",Classified,ff1a6eec0280622282374fc0d5415ed6e6c5043e191b381f7891caefa926be13
016,3,overview,remediation-v2-stage3-optional-016,OPTIONAL,EXTEND,,A network is not just “Wi-Fi exists”.,Classified,8b0001a2302197c85fb0cdec7d8fd289c4cb9d86361d074ca3fbd84cb0e4cf71
016,4,delivery-02,remediation-v2-stage3-optional-016,OPTIONAL,EXTEND,,Why this matters,Classified,c898b39bf77e9f335b1f4da5cdea22ac5b30239b9ac48c60e1149d0c65a3851e
016,5,hook,remediation-v2-stage3-optional-016,OPTIONAL,EXTEND,,The classroom printer is shared by 24 computers. What is the actual network purpose?,Classified,e8926232b93f6340d8135e4406f265d676b23c3d6e039619ec32bae47453ae6f
016,6,purpose,remediation-v2-stage3-optional-016,OPTIONAL,EXTEND,,Why networks are used,Classified,ad0a15e33b309d7c58d806205454375363654d9a308a11b5873479ea68b68f85
016,7,explanation-purpose,remediation-v2-stage3-optional-016,OPTIONAL,EXTEND,,How a shared resource becomes useful,Classified,1d5f624c2c6fe96a4b2b19255363d3a51fc089807b0f4879f0c42ffdfb1fc32e
016,8,lanwan,remediation-v2-stage3-optional-016,OPTIONAL,EXTEND,,LAN vs WAN,Classified,507d9018b4979b9f12eb27a0d48b3e9f8a6e996f4fedcdb56301104331501327
016,9,explanation-lanwan,remediation-v2-stage3-optional-016,OPTIONAL,EXTEND,,Why LAN and WAN management differs,Classified,ca84172797aa00d4844bf68751cc1cb531a4094cc823f479095f65316ad846e9
016,10,topologies,remediation-v2-stage3-optional-016,OPTIONAL,EXTEND,,Network topologies,Classified,a3e3d7dc3bcdf519ced799d06d767edde6d593cfd2dfdae0e12fd9496165e6c8
016,11,explanation-topologies,remediation-v2-stage3-optional-016,OPTIONAL,EXTEND,,Why connection patterns change risk,Classified,426ba2e22592439d18c6101d7d80229821cdb8c9a879b4ae54a2f4d63880b7ec
016,12,tool,remediation-v2-stage3-optional-016,OPTIONAL,EXTEND,,Topology recommendation helper,Classified,647943cd83a66844f843bd11c5160eb2d8746b8cc011e895f5fcb08288dd3082
016,13,examples,remediation-v2-stage3-optional-016,OPTIONAL,EXTEND,,Worked examples,Classified,f36d63e3f0c87e104892224ad8c4eef3f2bf2bf1d26a405a8972dd6cf4386693
016,14,practice,remediation-v2-stage3-optional-016,OPTIONAL,EXTEND,,Practice with instant checking,Classified,5ca5af8f97f67f2f2d8808359cb739057fcf02231c410fb89cfab4555251c617
016,15,debug,remediation-v2-stage3-optional-016,OPTIONAL,EXTEND,,Fix the weak network answer,Classified,30a4ac88135a09cbb7362be9a513f9643ed1057e03381e5189e6dbbadd30dbf6
016,16,exam,remediation-v2-stage3-optional-016,OPTIONAL,EXTEND,,Questions with expandable MS,Classified,82a33b83099ea3bb8e43d17d0250e81d941809328ca00f46c2aab1729d927e5a
016,17,summary,remediation-v2-stage3-optional-016,OPTIONAL,EXTEND,,Network answers need a comparison basis,Classified,9423aaf46ded47d5e96a3114696ed6d65b1d390fbe1103e5ff906dfb12f9ff72
016,18,homework,homework,AFTER_CLASS,HOMEWORK,,Clear tasks,Classified,fbd3cc671d8370ea66773d585f2586d887ac8ad9b788aa28e105256a1ce83dcc
017,1,stage2-completion,stage2-completion,CORE,TEACH,,Network models and thin/thick client designs,Classified,8ef7f0adc9bf6bfd6232bed90234c5bfeccee68d3f3626f4d6b311af1d3df651
017,2,stage2-practice,stage2-practice,CORE,PRACTISE,,Network models and thin/thick client designs: apply and assess,Classified,2727e46115a8d45eaeed526cc3c978f68d5a602c006623618e3a3c1c8d7bdb66
017,3,overview,remediation-v2-stage3-optional-017,OPTIONAL,EXTEND,,"Who serves, who asks, and who secretly does both?",Classified,b0f06235644f389d6dccc4c5e6f9eebd632a92f7367a0d06d2cc2a0d2e5b75f7
017,4,delivery-02,remediation-v2-stage3-optional-017,OPTIONAL,EXTEND,,Why this matters,Classified,1de08df2044abdc1f47bd52df24276f85c26b8f56fd02484e457a028259ff65d
017,5,hook,remediation-v2-stage3-optional-017,OPTIONAL,EXTEND,,A student downloads a file from a school file server. What is the student's computer?,Classified,06c32b9370b834d87f6458fd4741687c25a0f877d84c5bc30c339a679ce84654
017,6,roles,remediation-v2-stage3-optional-017,OPTIONAL,EXTEND,,Core roles,Classified,8ef8e94da0017770ae001431a701d7dee14bfda49a80b7f6a07b4e00d4ead812
017,7,explanation-roles,remediation-v2-stage3-optional-017,OPTIONAL,EXTEND,,Core roles,Classified,96221e9a19b9b237c4aa50a411fbf8d3f29891422ef5a528f147c04ec41a4451
017,8,model-visual,remediation-v2-stage3-optional-017,OPTIONAL,EXTEND,,One model has equal peers; the other has dedicated service roles,Classified,3a03dd9e574f255c255443c66894d61941a8db2a37838b8d122d9ae77b02efa4
017,9,explanation-model-visual,remediation-v2-stage3-optional-017,OPTIONAL,EXTEND,,One model has equal peers; the other has dedicated service roles,Classified,c0fc337677126192d366150003a529808fcec54ce0cd3380e747a1b4bdc2023c
017,10,compare,remediation-v2-stage3-optional-017,OPTIONAL,EXTEND,,Client-server vs peer-to-peer,Classified,bf20a50d3048669858b2554f95fc5335d8a525596c7935c9c7f4770d2d321c0b
017,11,explanation-compare,remediation-v2-stage3-optional-017,OPTIONAL,EXTEND,,Client-server vs peer-to-peer,Classified,9f7d3a1f9a8f57b7f8b135085dd100773c511dcae4f698b80be5621cb511e3e4
017,12,usecases,remediation-v2-stage3-optional-017,OPTIONAL,EXTEND,,Scenario choices,Classified,b67b880196142176cec0d2eac90461cf13d3177415002f4f71acace5f69c949f
017,13,explanation-usecases,remediation-v2-stage3-optional-017,OPTIONAL,EXTEND,,Scenario choices,Classified,e569c391c89c96408147cfabae3952f2b9cef9d038ba69156dfea41647afb518
017,14,tool,remediation-v2-stage3-optional-017,OPTIONAL,EXTEND,,Network model recommendation helper,Classified,ed6bcc57eed841331b69d08580d543fb12f8cb12794a45c8b0853948c72f1a8f
017,15,examples,remediation-v2-stage3-optional-017,OPTIONAL,EXTEND,,Worked examples,Classified,95337b68a099ec8d689064ef7b56783ef6d1d17eacdf160ddd771f72424341dd
017,16,practice,remediation-v2-stage3-optional-017,OPTIONAL,EXTEND,,Practice with instant checking,Classified,5ca5af8f97f67f2f2d8808359cb739057fcf02231c410fb89cfab4555251c617
017,17,debug,remediation-v2-stage3-optional-017,OPTIONAL,EXTEND,,Fix the weak model answer,Classified,c15ca4e3f16a74435de7e9e4ecd1073fea2a84f54ba75c440f6e2e81ceebf671
017,18,exam,remediation-v2-stage3-optional-017,OPTIONAL,EXTEND,,Questions with expandable MS,Classified,933bc2d402d42ab0cdd07ff1ed8cc5439c16ceec9ece4f28a9fa9a7fa75e33eb
017,19,summary,remediation-v2-stage3-optional-017,OPTIONAL,EXTEND,,Model = roles and control,Classified,e6e26ffb9c2ada808c4ff6f1b8240e7552cd655aa8824e993f5f67ecc76e0818
017,20,homework,homework,AFTER_CLASS,HOMEWORK,,Clear tasks,Classified,ebf47146bc8fc0a126ce8ec990e96877ce4be34862be54bb3f1c906725c21566
018,1,stage2-completion,stage2-completion,CORE,TEACH,,Packet transmission between two hosts in each required topology,Classified,545ba19532b5edd6f78a340777b74e8f01a4a781d796579769ac32c1a617778e
018,2,stage2-practice,stage2-practice,CORE,PRACTISE,,Packet transmission between two hosts in each required topology: apply and assess,Classified,0ab319383327a94f798d9eace6ae07d99de45146786bb2288b05f9b36847d168
018,3,overview,remediation-v2-stage3-optional-018,OPTIONAL,EXTEND,,The internet does not send your file as one heroic lump.,Classified,294891bd33ab223dc8657639013c9e62cbc49c55f70ce45f54a5ad7b0ca2f85c
018,4,delivery-02,remediation-v2-stage3-optional-018,OPTIONAL,EXTEND,,Why this matters,Classified,0232981c2ed568b0894404a2eed878a4be455c409c9efa73b80dc3165941e1b6
018,5,hook,remediation-v2-stage3-optional-018,OPTIONAL,EXTEND,,A 30 MB video is sent across a network. Why split it into packets?,Classified,26e0235b139c10a926e093d3f1a7ca760543f20edefe4a42ef5506259e8322f2
018,6,switching,remediation-v2-stage3-optional-018,OPTIONAL,EXTEND,,Packet switching,Classified,c851b376051245cf5eb848846479beff7d640e338b308bd51fa8eca24f3febd5
018,7,explanation-switching,remediation-v2-stage3-optional-018,OPTIONAL,EXTEND,,Packet switching,Classified,8da03237623969d1a0ebe7b9902282bceb94c5057611b9655850271bf85bf2a4
018,8,structure,remediation-v2-stage3-optional-018,OPTIONAL,EXTEND,,Packet structure,Classified,ec88aa1fca810a83570d53c7f441f03622bf7e86d3cb3645f50187524a7d04f4
018,9,explanation-structure,remediation-v2-stage3-optional-018,OPTIONAL,EXTEND,,Packet structure,Classified,d652579e54522eb2f934b18dec4af8e64ae25272a880ee79734b7e6e365de8f8
018,10,routing,remediation-v2-stage3-optional-018,OPTIONAL,EXTEND,,Routing and arrival,Classified,3a8ec1c62b320c0562e22269aacdf2ab447734b67c1377cc2f10d1eb2b9fddbd
018,11,explanation-routing,remediation-v2-stage3-optional-018,OPTIONAL,EXTEND,,Routing and arrival,Classified,b6bd9d1dc5b7b5036e55c88e9276c716ebd9d6b6f222a8ceb3a99db7b865ac49
018,12,packet-journey,remediation-v2-stage3-optional-018,OPTIONAL,EXTEND,,"One message, several routes, one reassembled result",Classified,fc1b9d90e718fd98ba93a138452b201312ad52db3c530ea59d29744426b3464e
018,13,explanation-packet-journey,remediation-v2-stage3-optional-018,OPTIONAL,EXTEND,,"One message, several routes, one reassembled result",Classified,6a4aa5cd3216db4ad6efbd8a177209aa2c00f62f73fdf9c65087bc5a86251bc7
018,14,tool,remediation-v2-stage3-optional-018,OPTIONAL,EXTEND,,Packet route simulator,Classified,97fffacecdd62d52b72fc68e522f9e3928b7f44fcf633af498df6e89a85b0b55
018,15,examples,remediation-v2-stage3-optional-018,OPTIONAL,EXTEND,,Worked examples,Classified,ecbdecdb72dbe92f98e2f5fa376fd681fb08b30054fb5da37a9921aa3877daea
018,16,practice,remediation-v2-stage3-optional-018,OPTIONAL,EXTEND,,Practice with instant checking,Classified,5ca5af8f97f67f2f2d8808359cb739057fcf02231c410fb89cfab4555251c617
018,17,debug,remediation-v2-stage3-optional-018,OPTIONAL,EXTEND,,Fix the weak packet answer,Classified,defb1b9ecbbf77eeb0b5548d71580afd24b36cbaeb7719439907c30e4ef0a625
018,18,exam,remediation-v2-stage3-optional-018,OPTIONAL,EXTEND,,Questions with expandable MS,Classified,aecfefba96bb4ad38b314dfe385fc1c7dc0458effdc6466328c9e08d14ccb14d
018,19,summary,remediation-v2-stage3-optional-018,OPTIONAL,EXTEND,,"Packets need labels, order and checks",Classified,ba98196b743bdbfc50528dab8bf8ffe26ea266f9e7fe0690125dcc37d9166898
018,20,homework,homework,AFTER_CLASS,HOMEWORK,,Clear tasks,Classified,7025f0cbf2ae211fd9ce64d46bd497231c0af7e796c35d5e2c19f8219c274018
019,1,stage2-completion,stage2-completion,CORE,TEACH,,Ethernet collisions and CSMA/CD,Classified,abe0d338c268e4203d61ec783334ebfe778f3458d793698efca9ead2d523a044
019,2,stage2-practice,stage2-practice,CORE,PRACTISE,,Ethernet collisions and CSMA/CD: apply and assess,Classified,3c29b6aaf56fcb2cdd31b19837dd5d17beeecb7fd1a7e59358738e84912ad9d2
019,3,overview,remediation-v2-stage3-optional-019,OPTIONAL,EXTEND,,Communication works because everyone agrees on the rules.,Classified,c9e28b2acd915fcaaa8468d5d9fc58e1e91ba85106133e9d6bfa370c2de21c72
019,4,delivery-02,remediation-v2-stage3-optional-019,OPTIONAL,EXTEND,,Why this matters,Classified,ad7d55687b07783245bb6b7ef8013c96c1d4ad85d10d121381e216c7139d0731
019,5,hook,remediation-v2-stage3-optional-019,OPTIONAL,EXTEND,,Two devices try to send data. One expects bytes in groups of 8; the other sends random-length chunks. What is missing?,Classified,305395a2c7406e0c5215bbb7ff34ad41b8581f7f9ad1d4591d0b4f34b0902430
019,6,protocols,remediation-v2-stage3-optional-019,OPTIONAL,EXTEND,,What a protocol is,Classified,58093edcb4a0a85f4e26988562b523b15fdf2d8b2b4a285dea893aca42ba214b
019,7,explanation-protocols,remediation-v2-stage3-optional-019,OPTIONAL,EXTEND,,What a protocol is,Classified,50a2b7cf50b58dfaf9f432f818a3598de56f0d2c2f1810e9fcb663f4a965ab4d
019,8,rules,remediation-v2-stage3-optional-019,OPTIONAL,EXTEND,,What protocol rules can specify,Classified,aafade80a2b5f108f0b5e0a5efd2ff7aa88d82bbd63119e0cd6eb56cbf062c6e
019,9,explanation-rules,remediation-v2-stage3-optional-019,OPTIONAL,EXTEND,,What protocol rules can specify,Classified,f8c882d762b5daeae95e1dc2caff781af8b2931cfbf31cf03a1252b84de4bb41
019,10,layers,remediation-v2-stage3-optional-019,OPTIONAL,EXTEND,,Layered communication,Classified,41c1ba55ed90114e25b5162f322ef999379933323007fbdc88e6f105a45dd30d
019,11,explanation-layers,remediation-v2-stage3-optional-019,OPTIONAL,EXTEND,,Layered communication,Classified,504489b740b914ea7adaf86f35cc319e01be19b610888b211757b8dd33683a38
019,12,tool,remediation-v2-stage3-optional-019,OPTIONAL,EXTEND,,Communication diagnostic helper,Classified,7021098068ca732e85509d3b0b12888b080fbef3ca3db9d8f137556f0423241d
019,13,examples,remediation-v2-stage3-optional-019,OPTIONAL,EXTEND,,Worked examples,Classified,79bc877069790c5ce3b30094aef547e2eece31d1076d8dc280b2a518039b9568
019,14,practice,remediation-v2-stage3-optional-019,OPTIONAL,EXTEND,,Practice with instant checking,Classified,5ca5af8f97f67f2f2d8808359cb739057fcf02231c410fb89cfab4555251c617
019,15,debug,remediation-v2-stage3-optional-019,OPTIONAL,EXTEND,,Fix the weak protocol answer,Classified,77e0169afc322bf550f4c130b69895240d7375081700b0d0ee8b5e456119e39c
019,16,exam,remediation-v2-stage3-optional-019,OPTIONAL,EXTEND,,Questions with expandable MS,Classified,fa625f5f2fd42fcc766980a5feb65c9f4d4fbb2aad5c1cb1ac677991c8c7939f
019,17,summary,remediation-v2-stage3-optional-019,OPTIONAL,EXTEND,,Protocols are rules; layers divide responsibility,Classified,64a7035e2481546fadf78725643e3b4ccb546d7a8dfdfbec7919753a44fb8f00
019,18,homework,homework,AFTER_CLASS,HOMEWORK,,Clear tasks,Classified,782c0db08ebcc690240035840bdcd4ea6d5b3202d686af0dac8cabf99a53ec79
020,1,stage2-completion,stage2-completion,CORE,TEACH,,"IP addressing, URL structure and DNS",Classified,2f267babfe7e2303eb68c28d016c2a64e8f7858d436546125714c01730fa2ff2
020,2,stage2-practice,stage2-practice,CORE,PRACTISE,,"IP addressing, URL structure and DNS: apply and assess",Classified,733a49036d90c76a866d5623aa5a6abdbda274767279404c5d68cb2998a4fada
020,3,overview,remediation-v2-stage3-optional-020,OPTIONAL,EXTEND,,Names are for humans. Addresses are for routing.,Classified,02f2cd2cda7070cb39f2ff53ccafdb7c77ef9c9b7f5230cce1b25e5d1d2429b6
020,4,delivery-02,remediation-v2-stage3-optional-020,OPTIONAL,EXTEND,,Why this matters,Classified,2d113c1a5db46956e4d0642d4530dcd0d840a1bbf728cf0d402d91410aea13cd
020,5,hook,remediation-v2-stage3-optional-020,OPTIONAL,EXTEND,,You type www.cambridgeinternational.org . What must happen before packets can be routed to the server?,Classified,f17d63645021328270a7345de6ebe79eeb491d93d0a8ffde6f966eff6dcd4776
020,6,addresses,remediation-v2-stage3-optional-020,OPTIONAL,EXTEND,,IP address vs MAC address,Classified,107c22a5b4e3e6f9858f579d3e7bc7a5d50207ec7ecb818b66722e63e6501552
020,7,explanation-addresses,remediation-v2-stage3-optional-020,OPTIONAL,EXTEND,,IP address vs MAC address,Classified,21ab33cc1e470e516afe15a6b02602c44e718cabd32ebf640714b2a3cabe418c
020,8,dns,remediation-v2-stage3-optional-020,OPTIONAL,EXTEND,,DNS: name to IP address,Classified,b72c01f1ff1ac0334fab90f492835d602002ca80c5fea6147c991f6cc98992fa
020,9,explanation-dns,remediation-v2-stage3-optional-020,OPTIONAL,EXTEND,,DNS: name to IP address,Classified,5d2af068ea181d801c08d6a9f1e0fa0f05fb8e82bb0a79f23f5611510dd60fcb
020,10,urls,remediation-v2-stage3-optional-020,OPTIONAL,EXTEND,,URL components,Classified,a303c6cf81cd3191ab91efc48ebe721992765233cb3cb4385aa546220eb2c420
020,11,explanation-urls,remediation-v2-stage3-optional-020,OPTIONAL,EXTEND,,URL components,Classified,c4ab64dfada900de008ec9108593b2f311956d5d56f45a0780157359672da330
020,12,address-journey,remediation-v2-stage3-optional-020,OPTIONAL,EXTEND,,From a URL to a packet on the local link,Classified,46fa9d69ae43ea759ff84d4670304bdb59695dec6fb7f652294fe991f06d7ee2
020,13,explanation-address-journey,remediation-v2-stage3-optional-020,OPTIONAL,EXTEND,,From a URL to a packet on the local link,Classified,15815767a43d9fee1487f101aa8194c886dcd6537343a2de4d484887f257d9de
020,14,tool,remediation-v2-stage3-optional-020,OPTIONAL,EXTEND,,Addressing diagnostic helper,Classified,e82a2493627b7133b2a433844108f1e22e214cdf15ab8d5012285cbfbe3f8bb3
020,15,examples,remediation-v2-stage3-optional-020,OPTIONAL,EXTEND,,Worked examples,Classified,d6c78ed9beba4ac836eeb99b2ebf898d6152ac7758410f19a7f3991b81adbf42
020,16,practice,remediation-v2-stage3-optional-020,OPTIONAL,EXTEND,,Practice with instant checking,Classified,5ca5af8f97f67f2f2d8808359cb739057fcf02231c410fb89cfab4555251c617
020,17,checkpoint,remediation-v2-stage3-optional-020,OPTIONAL,EXTEND,,5-minute mini assessment,Classified,d06676f1aa2e8f1f9961948239662683da9369b3a393703020802994faffe5ea
020,18,explanation-checkpoint,remediation-v2-stage3-optional-020,OPTIONAL,EXTEND,,5-minute mini assessment,Classified,07c51f07887b214528dd70bd0dade5dcca73d49a2b15bbf2f50c22e23dc4170d
020,19,debug,remediation-v2-stage3-optional-020,OPTIONAL,EXTEND,,Fix the weak addressing answer,Classified,aae083f3d2a029b56fa288bc79221a9c79b029c3b2352e4274248c156fb0041f
020,20,exam,remediation-v2-stage3-optional-020,OPTIONAL,EXTEND,,Questions with expandable MS,Classified,8fcbc449d0b45b870f689ca35a50ccb19ee14af9864f71e30496e116f5e10f0f
020,21,summary,remediation-v2-stage3-optional-020,OPTIONAL,EXTEND,,Use the right identifier for the right job,Classified,9a8d937a03d80abba0e5babb1a5276e074d2e3ca19a61242b9c95f0213df17f3
020,22,homework,homework,AFTER_CLASS,HOMEWORK,,Clear tasks,Classified,61f95d06d9f7b9838e47e61ff308a97a71a0bd821540f98780c1d808962f95c6
021,1,overview,remediation-v2-optional-021,OPTIONAL,EXTEND,,Protocols are not alphabet soup if you pair them with jobs.,Classified,321258231b9fb37459e990ea928a9d4c61e41371c3f323fbe040534fa47d1bdc
021,2,delivery-02,remediation-v2-optional-021,OPTIONAL,EXTEND,,Why this matters,Classified,021cf7afea90140f19ef602ffda14dc2572aafb8f96d2d3fb8fd027ce646be61
021,3,hook,remediation-v2-optional-021,OPTIONAL,EXTEND,,"A student sends homework by email, then checks the same mailbox on a phone and laptop. Which pair matters most?",Classified,a16c87d5c72001ca107cb00d6398c709f77af1e2cb3a12c13e3278f75a5e39de
021,4,web,remediation-v2-optional-021,OPTIONAL,EXTEND,,HTTP and HTTPS,Classified,523e51a1595c87096f2a2f71407deccc1dc8d5a9156545a28d2a2cc1d89dc16d
021,5,explanation-web,remediation-v2-optional-021,OPTIONAL,EXTEND,,HTTP and HTTPS,Classified,414400abc5832151b84dcf24413fdff2e6ddcf7a8e9da90b99acc8065439df6b
021,6,file,remediation-v2-optional-021,OPTIONAL,EXTEND,,FTP for file transfer,Classified,074fc692cf12a57fa93d21d322a60901dab1e1b1247669898ab4e232d00794ca
021,7,explanation-file,remediation-v2-optional-021,OPTIONAL,EXTEND,,FTP for file transfer,Classified,bb0d87394888861ac67c96cbedddb924bffa2dc295aa54122b3941344f6ce453
021,8,email,remediation-v2-optional-021,OPTIONAL,EXTEND,,"Email protocols: SMTP, POP3 and IMAP",Classified,c3f3d735ef7433eb27e8d87d1cb9e00b9a8320e05ad1c6a7fcfa87d86089e4bd
021,9,explanation-email,remediation-v2-optional-021,OPTIONAL,EXTEND,,"Email protocols: SMTP, POP3 and IMAP",Classified,5c81d9eb267c7496b2aaba71f059887ca8d0fa8cd823405f567dfa32e5274c57
021,10,tool,tool,OPTIONAL,PRACTISE,,Protocol choice helper,Classified,f1a7ec4cf26767900e7c348f829819200434c814426bb2c682729ecd93747f1b
021,11,examples,remediation-v2-optional-021,OPTIONAL,EXTEND,,Worked examples,Classified,387c00b9d2e93557d606ccfb8a9f050696b69f1e9a9319bb925ff18f47fc5968
021,12,practice,remediation-v2-optional-021,OPTIONAL,EXTEND,,Practice with instant checking,Classified,5ca5af8f97f67f2f2d8808359cb739057fcf02231c410fb89cfab4555251c617
021,13,debug,remediation-v2-optional-021,OPTIONAL,EXTEND,,Fix the weak protocol answer,Classified,e66294ed0f27778828ef0fc7f433d06388836d0420a1ed9695606f225a6d43b3
021,14,exam,remediation-v2-optional-021,OPTIONAL,EXTEND,,Questions with expandable MS,Classified,adf891da5b7502454a8f5328781010df688a00823204f05d78c29ea527cd2b61
021,15,summary,remediation-v2-optional-021,OPTIONAL,EXTEND,,Match the protocol to the job,Classified,7fd349ed2a75ae26e92955584482a06fef8504b9e8bb455858b52f947a515fe9
021,16,homework,homework,AFTER_CLASS,HOMEWORK,,Clear tasks,Classified,c5b23f2dd18d7a194edc8add51e739752ba7156bfa627167fe1998c065d0fb26
022,1,stage2-completion,stage2-completion,CORE,TEACH,,Wired and wireless networks with all required transmission media,Classified,f56c056103872858e08b8fb30358b8f852af99977e3e88b9f85a1ae7a409e7d2
022,2,stage2-practice,stage2-practice,CORE,PRACTISE,,Wired and wireless networks with all required transmission media: apply and assess,Classified,4045c4cf14284479f34d2d63e9c723d88973c52fd58a2f1a0fa9ad7589847a76
022,3,overview,remediation-v2-stage3-optional-022,OPTIONAL,EXTEND,,A network path uses physical transmission media with different characteristics.,Classified,6ff49a2247f3ce52fd60218f988a82afefaef68ba01fd5825884c70900cea969
022,4,delivery-02,remediation-v2-stage3-optional-022,OPTIONAL,EXTEND,,Why this matters,Classified,9f7cfa056c955d9ee96cca3a3626130c71fb7de3128596c5efa3c69647738a70
022,5,hook,remediation-v2-stage3-optional-022,OPTIONAL,EXTEND,,The school wants a fast link between two server rooms. Which option is least embarrassing?,Classified,87cf6d1a38048bd02cf3557304e8706bd4386175d87a915452b6efd074d1d3c1
022,6,wired,remediation-v2-stage3-optional-022,OPTIONAL,EXTEND,,Wired transmission media,Classified,7b4f2ee9c22c96be81d2c776142769e82949f4184c1d17449f9569db3f701d62
022,7,explanation-wired,remediation-v2-stage3-optional-022,OPTIONAL,EXTEND,,Wired transmission media,Classified,480106630bc6c6680fe5f4ba4dce6539146899b610e5e1f067a1492aa9f6cb15
022,8,wireless,remediation-v2-stage3-optional-022,OPTIONAL,EXTEND,,Wireless transmission media,Classified,277f1005b4d96ffa07caa5b9e14980ad97ee1e71abd2ada35334d4fc07f213a5
022,9,explanation-wireless,remediation-v2-stage3-optional-022,OPTIONAL,EXTEND,,Wireless transmission media,Classified,82aad601175cef999c879f5d4a45c3e603c658b5bcfb42de65d217dcc9c25f46
022,10,compare,remediation-v2-stage3-optional-022,OPTIONAL,EXTEND,,"Compare by factor, not by vibe",Classified,2948a720e83f6e735fa1b932778ef810dec77159b5929040f8754ae5bcf6355a
022,11,explanation-compare,remediation-v2-stage3-optional-022,OPTIONAL,EXTEND,,"Compare by factor, not by vibe",Classified,309c9d45a5aa4c7cbb621db1fffe1f18682879597f29747c71b978fe38a6b90b
022,12,tool,remediation-v2-stage3-optional-022,OPTIONAL,EXTEND,,Transmission medium choice helper,Classified,0f3ef5a84eb149cf887aa74789f72079d4b904d3e53e5322b60577d371dec7c7
022,13,examples,remediation-v2-stage3-optional-022,OPTIONAL,EXTEND,,Worked examples,Classified,9ab432052282dae746333218c14eea55bd9e733a229b7d07ec9ffa7aa054384c
022,14,practice,remediation-v2-stage3-optional-022,OPTIONAL,EXTEND,,Practice with instant checking,Classified,5ca5af8f97f67f2f2d8808359cb739057fcf02231c410fb89cfab4555251c617
022,15,debug,remediation-v2-stage3-optional-022,OPTIONAL,EXTEND,,Fix the weak transmission-media answer,Classified,ab3496fbc4e961d63accd9d460586f727c3789226cb2828203a5eaece72d8abe
022,16,exam,remediation-v2-stage3-optional-022,OPTIONAL,EXTEND,,Questions with expandable MS,Classified,8699bf58207911aa80c0a69e2db72543b533dae51a4a82fb5bccc630e1431d6a
022,17,summary,remediation-v2-stage3-optional-022,OPTIONAL,EXTEND,,"Medium, signal, trade-off",Classified,43ff5616752a06399ca0305db32a7b3744ee21f294a49616798e055c947ff501
022,18,homework,homework,AFTER_CLASS,HOMEWORK,,Clear tasks,Classified,ec3c82b2aa62389595a0d07b295c461158badd0d968c4db67dcd210be959546d
023,1,stage2-completion,stage2-completion,CORE,TEACH,,Required LAN and internet connection hardware,Classified,1bbef74c1582a8966f6ef4f2133cb0e03dc0185f8c063d9f79b3a675a86c53c8
023,2,stage2-practice,stage2-practice,CORE,PRACTISE,,Required LAN and internet connection hardware: apply and assess,Classified,847183c5ace6dd3d9ba1794bdf5a5a0a59d72dbc62c42710dc436d211e27b166
023,3,overview,remediation-v2-stage3-optional-023,OPTIONAL,EXTEND,,Packets do not wander politely. Hardware tells them where to go.,Classified,741025d61321d1425652e3495f3a467a313175db77b8a77c8719d4e902b8cf2c
023,4,delivery-02,remediation-v2-stage3-optional-023,OPTIONAL,EXTEND,,Why this matters,Classified,89f09da26cc5b8a16a5d4ede0913fb75fc5561d90f503f66d3b55f97029f0f46
023,5,hook,remediation-v2-stage3-optional-023,OPTIONAL,EXTEND,,"A tablet joins the school WiFi, then opens a website outside school. Which devices are likely involved?",Classified,ea20fe397c43e5c5c513c08b708c89805e1fb02a245fc7e807f003f42c5de652
023,6,lan,remediation-v2-stage3-optional-023,OPTIONAL,EXTEND,,Switches: forwarding inside a LAN,Classified,e9a219fc53cf59d18190d102c7369aa0367c6613b72d554c8a9216d80a2cb02e
023,7,explanation-lan,remediation-v2-stage3-optional-023,OPTIONAL,EXTEND,,Switches: forwarding inside a LAN,Classified,5e5929e0948d103a594c83e1a07e698f080f45d265896d64424254ec46e7c060
023,8,routing,remediation-v2-stage3-optional-023,OPTIONAL,EXTEND,,Routers: forwarding between networks,Classified,c3369f0661b981a37be399d2fd0e26da23b28acb661b3c913595d82bd4907d09
023,9,explanation-routing,remediation-v2-stage3-optional-023,OPTIONAL,EXTEND,,Routers: forwarding between networks,Classified,6e9e57be63035b68f3777aaead90c5fb83778e30408e4e6563c54a050074f7e0
023,10,wireless,remediation-v2-stage3-optional-023,OPTIONAL,EXTEND,,Wireless access points: joining wireless devices,Classified,28eea00b489d1ab670724b77791733f61418708fb8d5ff093db3bd683e1a501b
023,11,explanation-wireless,remediation-v2-stage3-optional-023,OPTIONAL,EXTEND,,Wireless access points: joining wireless devices,Classified,21cbd7d03d127dfe850f05621e44a5121e6167887534dc2ff16eaf944c4661ae
023,12,gateway,remediation-v2-stage3-optional-023,OPTIONAL,EXTEND,,Gateways: connecting different network rules,Classified,27e935186ae84469e5b896c655e80756ee6586b62960e0a591c376e937ac9fc2
023,13,explanation-gateway,remediation-v2-stage3-optional-023,OPTIONAL,EXTEND,,Gateways: connecting different network rules,Classified,fc1d56b7d46e3f63241d2f570eb453ad32f32eb71a31413dd5017cba30e6de2d
023,14,compare,remediation-v2-stage3-optional-023,OPTIONAL,EXTEND,,Compare by job and boundary,Classified,f92afe674d21a4082a85845668fd17513e4d53eaefbc70d41005958c002e1ad0
023,15,explanation-compare,remediation-v2-stage3-optional-023,OPTIONAL,EXTEND,,Compare by job and boundary,Classified,5cff24fd71c51b5a923f973949a5e60aeaec35c5e6cef0e9a4c00f0d034ef5ef
023,16,tool,remediation-v2-stage3-optional-023,OPTIONAL,EXTEND,,Network hardware choice helper,Classified,25b5cb95019eceaa6150d19cb346381e76342d95a412ad6400c3b68e844f3258
023,17,examples,remediation-v2-stage3-optional-023,OPTIONAL,EXTEND,,Worked examples,Classified,4dc17bf9b10cf4b9993ab344f360cc4e9200f6e8253ce63cc9d2034d4314b90b
023,18,practice,remediation-v2-stage3-optional-023,OPTIONAL,EXTEND,,Practice with instant checking,Classified,5ca5af8f97f67f2f2d8808359cb739057fcf02231c410fb89cfab4555251c617
023,19,debug,remediation-v2-stage3-optional-023,OPTIONAL,EXTEND,,Fix the weak hardware answer,Classified,a9da90676f622aa20d3504a215e8948fc72b0ffb4e0bf9d3bb4dda388bea1a0e
023,20,exam,remediation-v2-stage3-optional-023,OPTIONAL,EXTEND,,Questions with expandable MS,Classified,9ac10b3e023966ed5de9a7a0a7325927208f45e5299de95c3717216d8471c06b
023,21,summary,remediation-v2-stage3-optional-023,OPTIONAL,EXTEND,,"Name the device, then name the job",Classified,9d4278ea010f4fb0bab5e01281c4d12681d5ed115171326743723c4d8f10c66b
023,22,homework,homework,AFTER_CLASS,HOMEWORK,,Clear tasks,Classified,819c18ed0ce1e79067cae8d768089f3ef867ece47467dce64d45dc8e8811d1b7
024,1,stage2-completion,stage2-completion,CORE,TEACH,,Public/private cloud and WWW/internet distinction,Classified,98b5cba4ba82bd980d7e160f6543c1b84ec826eee70f991aa0665b03c288a620
024,2,stage2-practice,stage2-practice,CORE,PRACTISE,,Public/private cloud and WWW/internet distinction: apply and assess,Classified,b76d34e96d8489f3737e2dcd57b6b0fe82abc03576d6dfac86b91b52dbc8435b
024,3,overview,remediation-v2-stage3-optional-024,OPTIONAL,EXTEND,,"Distinguish networks by access, ownership and purpose.",Classified,4902a62fb925bb06230127308b495ab0167049f90a4e6311d7fd4bf1901a50ea
024,4,delivery-02,remediation-v2-stage3-optional-024,OPTIONAL,EXTEND,,Why this matters,Classified,eb7e8faad3464971fcf99fbe4ab34bf39a576147f5c9e17d8e27a25196112740
024,5,hook,remediation-v2-stage3-optional-024,OPTIONAL,EXTEND,,"A school shares staff policies internally, then shares selected timetable data with a bus company. What changed?",Classified,64d1bde628442468d50f08ca54dc3f22ede8c4438aadd21cb608fa2f4a7cafa9
024,6,networks,remediation-v2-stage3-optional-024,OPTIONAL,EXTEND,,"Internet, intranet and extranet",Classified,fa64d3a0f7372d3d501429899a9ef503949e59cd0e85d076178888eeae8a06ff
024,7,explanation-networks,remediation-v2-stage3-optional-024,OPTIONAL,EXTEND,,"Internet, intranet and extranet",Classified,877a6ecc9f05bf469c92d4c81c290ee7842d6a672b201e1e85792a69bd68d0a3
024,8,cloud,remediation-v2-stage3-optional-024,OPTIONAL,EXTEND,,Cloud services,Classified,6e3f1051a5817b448eb7c2bd5ffce6c9a9ddd667b7be2f507a1ec34efc2b1a40
024,9,explanation-cloud,remediation-v2-stage3-optional-024,OPTIONAL,EXTEND,,Cloud services,Classified,3114b4927f79f6e5d3ee5ab166caad56d634b3f47f97090f3fcadeda6da3d525
024,10,compare,remediation-v2-stage3-optional-024,OPTIONAL,EXTEND,,Compare networks by access and control,Classified,b7a4bdb17d7e4e9660b39fd70047e02c05cccba19ab520f86857a9a86465a7eb
024,11,explanation-compare,remediation-v2-stage3-optional-024,OPTIONAL,EXTEND,,Compare networks by access and control,Classified,f3e8f8335c63d8f67db3d3beb71a31256749286f89c3b8be668b73da14c36530
024,12,tool,remediation-v2-stage3-optional-024,OPTIONAL,EXTEND,,Network/service choice helper,Classified,67cead96913674054c150c994a84ce9fa6643da53ea332496a933bcdd2871f18
024,13,examples,remediation-v2-stage3-optional-024,OPTIONAL,EXTEND,,Worked examples,Classified,0d94d84ad1598179355a623f80daf33320954b5d3619fa58e7a9f409d7ae5b52
024,14,practice,remediation-v2-stage3-optional-024,OPTIONAL,EXTEND,,Practice with instant checking,Classified,5ca5af8f97f67f2f2d8808359cb739057fcf02231c410fb89cfab4555251c617
024,15,debug,remediation-v2-stage3-optional-024,OPTIONAL,EXTEND,,Fix the weak network/cloud answer,Classified,5edb5d450a5179d3fb90e0b9563984f6bfefe1aa54fc69ac9511698c62640c51
024,16,exam,remediation-v2-stage3-optional-024,OPTIONAL,EXTEND,,Questions with expandable MS,Classified,dc8ad7081b570befa196eddecf37ce0fc101deb139edfb55551dae066b6a35f8
024,17,summary,remediation-v2-stage3-optional-024,OPTIONAL,EXTEND,,Access scope is the shortcut,Classified,6fb6e61957b0285471858994e0e24d151cca73ffce680e802665498127b782b0
024,18,homework,homework,AFTER_CLASS,HOMEWORK,,Clear tasks,Classified,c146db9fc176beaf660611a8c0fc9332e168439be891e00934c9d62aa6433305
025,1,stage2-completion,stage2-completion,CORE,TEACH,,"Bit streaming, bit rate and broadband",Classified,e344fbfc28a3a10dc7763019f7307717f2c65ff4eb5639db0f72ce208135d04d
025,2,stage2-practice,stage2-practice,CORE,PRACTISE,,"Bit streaming, bit rate and broadband: apply and assess",Classified,13082dc702513ad693a437508eaf46105cb9fa45cc7e31e294eb5967165589c6
025,3,overview,remediation-v2-stage3-optional-025,OPTIONAL,EXTEND,,"""Fast internet"" is not one thing. It is several bottlenecks wearing one coat.",Classified,5b197b226038eeac8bfa602067478b6f77e76f28d3d9319109d05d2f10b8218d
025,4,delivery-02,remediation-v2-stage3-optional-025,OPTIONAL,EXTEND,,Why this matters,Classified,ec58d07b190c1f2a556e8589e346aa113596b6c40d04887c1e47cf9b214f7c42
025,5,hook,remediation-v2-stage3-optional-025,OPTIONAL,EXTEND,,A video call looks sharp but everyone replies two seconds late. Which factor is most suspicious?,Classified,52037b726cf75b1cd6cb318d26465176003e173c76b6e9ef3ae0208391d7f3cc
025,6,concepts,remediation-v2-stage3-optional-025,OPTIONAL,EXTEND,,Core performance terms,Classified,7f1a03e0004a3930f369b99f125df6727c0e37382a4636ca2836ffb96d0a6b5f
025,7,explanation-concepts,remediation-v2-stage3-optional-025,OPTIONAL,EXTEND,,Core performance terms,Classified,6572cada8b1d9cf5df486581d142fc1d044a1c8740323cfde08ac3af71bdd1c2
025,8,factors,remediation-v2-stage3-optional-025,OPTIONAL,EXTEND,,Factors that affect performance,Classified,ea9e78e62466067d918554c4fba5b724c967c19e1e61db0184bbfb78c508477a
025,9,explanation-factors,remediation-v2-stage3-optional-025,OPTIONAL,EXTEND,,Factors that affect performance,Classified,b46a70074466c98bdc0bbb24dbb8e0eef81fb412a13ecde071854ebe3f36c352
025,10,calculation,remediation-v2-stage3-optional-025,OPTIONAL,EXTEND,,Simple transfer time calculation,Classified,0e2af254e7ce15c1991e708c1bf709ec0abd9a18388106183418bc873ff11ba2
025,11,explanation-calculation,remediation-v2-stage3-optional-025,OPTIONAL,EXTEND,,Simple transfer time calculation,Classified,5cab99604a9dc3fd3583fc29cf975f334d579f5a2a2b8e65213e1490766778f2
025,12,tool,remediation-v2-stage3-optional-025,OPTIONAL,EXTEND,,Transfer time estimator,Classified,782ce6bef3466f803a284d51cf74b3789c26531ce7158267ce6b8b1e874dd49f
025,13,examples,remediation-v2-stage3-optional-025,OPTIONAL,EXTEND,,Worked examples,Classified,e0b0ab1b23609223f015584fc52de958ecba296b2782bb4fb62826222bd5be84
025,14,practice,remediation-v2-stage3-optional-025,OPTIONAL,EXTEND,,Practice with instant checking,Classified,5ca5af8f97f67f2f2d8808359cb739057fcf02231c410fb89cfab4555251c617
025,15,debug,remediation-v2-stage3-optional-025,OPTIONAL,EXTEND,,Fix the weak performance answer,Classified,76c558bfa4e3ad9f7adec7d9fb9558dac8e487bb9c83d4ea9d4b1d2295f0cf45
025,16,exam,remediation-v2-stage3-optional-025,OPTIONAL,EXTEND,,Questions with expandable MS,Classified,f886586cc38e9ccdb7b0a72b9558ddeb275eeceebfcdb3a83fbbef4081abd5d4
025,17,summary,remediation-v2-stage3-optional-025,OPTIONAL,EXTEND,,Diagnose the bottleneck,Classified,3db653db7a1565eb1c454e933cca7e9ffe1015155979c7e5676066181734f986
025,18,homework,homework,AFTER_CLASS,HOMEWORK,,Clear tasks,Classified,1c0383a529c8252ca71557c809cce131dddf8060f0bff6f40402c21227f18a5b
026,1,overview,overview,CORE,TEACH,,A complete answer states the relevant mechanism precisely.,Classified,363b3410f1da2bfd4d8e82afbc31ac0b6d12ede2d2c1ffde3a8fdd553662d7dd
026,2,delivery-02,overview,CORE,TEACH,,Why this matters,Classified,66a3452110a790ceafbbb12418da8d0f86757a6353e7d324b4fac24e852de8fe
026,3,hook,hook,CORE,ASK,,Three short clues. Which topic is each one testing?,Classified,c75bbf98a8268251f270ad307a1a44cff8e554d53b5fb337ab0a8751c948a31f
026,4,map,map,CORE,TEACH,,Section 2 in one page,Classified,056b8f58921aaaf563a7d473a8d218e6f19422c1d82d7a1450b2f118d87bc154
026,5,explanation-map,map,OPTIONAL,EXTEND,,Section 2 in one page,Classified,2257fdfcf841b70af2487db475ab92899c938c8c0504e5240a5a72bb0d87bed8
026,6,precision,precision,CORE,TEACH,,Precision rules for Section 2 answers,Classified,f9f323a1dce411926f8f0e00920ac7c41aefae1fa091e56d689e3787a336c7cf
026,7,explanation-precision,precision,OPTIONAL,EXTEND,,Precision rules for Section 2 answers,Classified,91864c5cb61ca5446450104e547b1393bd38c261de5f0cc85e4cc39a107bed9e
026,8,tool,tool,OPTIONAL,PRACTISE,,Topic identifier,Classified,564a5a7b081eaeb37a55503f254ee1d6a7754157b522975a7e3d185cc779a16d
026,9,examples,examples,CORE,TEACH,,Annotate what earns marks,Classified,2fef09a26f39059549e268675e3bbccaad9c24f06776a233e2ae2897ed1373ab
026,10,practice,practice,CORE,PRACTISE,,Practice with instant checking,Classified,fafed6115d38e19c085546f5ecf5a7672c952490ca36d9717594da21f9005877
026,11,debug,debug,CORE,CHECK,,Rewrite vague answers into mark-worthy answers,Classified,f0ae25489c9b5fda33c4ac1e7c0cf017959f491dcf2a3ca5f624f52a08124c0b
026,12,exam,exam,CORE,EXAM,,Mixed Section 2 questions with expandable MS,Classified,1d4dd8837a133a90522f123c929ede30b632a183adaba6a211c23920a39596a3
026,13,summary,summary,CORE,CHECK,,The Section 2 answer pattern,Classified,a7f03dddc738da15f6448a9d0a3ba1b22e5f02eea83ce4ae1477e95c62142665
026,14,homework,homework,AFTER_CLASS,HOMEWORK,,Section 2 correction pack,Classified,645cbdbe2d7391d6a352289389d68bf75f52d08b0c59930b4999f17850c9cea8
027,1,stage2-completion,stage2-completion,CORE,TEACH,,"Computer-system input, output and storage overview",Classified,149d443501f1bd11143e4d3263a64c2da2da53a9bd3546b5330aee0a4f9f871b
027,2,stage2-practice,stage2-practice,CORE,PRACTISE,,"Computer-system input, output and storage overview: apply and assess",Classified,056a14f2c73065e18ed424c227ddde3870d82710765262641fd9398a74485db4
027,3,overview,remediation-v2-stage3-optional-027,OPTIONAL,EXTEND,,A computer system contains components with distinct functions.,Classified,9b9c995e301075c29a6f1d0ded4bed38d6eb2572fae2259e4bc052b80bc68539
027,4,delivery-02,remediation-v2-stage3-optional-027,OPTIONAL,EXTEND,,Why this matters,Classified,dad084432e3c49680f534f400c2975807afe0afd49ff179940db7429d21b6a42
027,5,hook,remediation-v2-stage3-optional-027,OPTIONAL,EXTEND,,"A phone scans a QR code, checks the ticket, saves the record and shows ""Entry allowed"". Which part does each job?",Classified,5436f37a400a9e4e4d73b363cf9e6b1b88099b01ed939409c11b41928b04ebad
027,6,flow,remediation-v2-stage3-optional-027,OPTIONAL,EXTEND,,The basic system flow,Classified,f8442e39ed7b5c85eb84090b08c23a7222586fcd3b097f2207562b669c30c8ac
027,7,explanation-flow,remediation-v2-stage3-optional-027,OPTIONAL,EXTEND,,The basic system flow,Classified,09c9166a2d66fd99d14cc759eaad991e6fb9b82426addcb2f16fc1bc1ebfbe7f
027,8,components,remediation-v2-stage3-optional-027,OPTIONAL,EXTEND,,Component roles and examples,Classified,584da999f38592a7623d2590d7eccb4d70cfd8f0c208e1b0f99dfd94c2923720
027,9,explanation-components,remediation-v2-stage3-optional-027,OPTIONAL,EXTEND,,Component roles and examples,Classified,5b620a4819754a660ca8bde93628a91b389b665d99407404875a68f69a0410a9
027,10,memory-storage,remediation-v2-stage3-optional-027,OPTIONAL,EXTEND,,Memory is not the same as storage,Classified,20b492b230398141d3b8567701d48ec22cad9a33ce5c4723d3edf1cdc0dfa869
027,11,explanation-memory-storage,remediation-v2-stage3-optional-027,OPTIONAL,EXTEND,,Memory is not the same as storage,Classified,2d0c3c179e0a1eb861e0bef1e39d2613e338cfbacd7b8bd73fc6a6a78dd8c16e
027,12,tool,remediation-v2-stage3-optional-027,OPTIONAL,EXTEND,,Component choice helper,Classified,df7ba99d98e41f5097a9f54eafb7d2f9f5dc3d322d3b514320bb69b737ec7ef6
027,13,examples,remediation-v2-stage3-optional-027,OPTIONAL,EXTEND,,Hardware choices with reasons,Classified,ea7b810898627f48e6832547544181452b5d32d2423a05e1856654c7bcfd65d9
027,14,practice,remediation-v2-stage3-optional-027,OPTIONAL,EXTEND,,Practice with instant checking,Classified,5ca5af8f97f67f2f2d8808359cb739057fcf02231c410fb89cfab4555251c617
027,15,debug,remediation-v2-stage3-optional-027,OPTIONAL,EXTEND,,Fix the weak hardware answer,Classified,8914fbfcc372ac4e00d32faadee5d6ba7b4f04a312642ae858bfc5690f79de5b
027,16,exam,remediation-v2-stage3-optional-027,OPTIONAL,EXTEND,,Questions with expandable MS,Classified,db26b73001c3202ce83021292b531197faead2dcaddfcbbbd0cf8741bb79227d
027,17,summary,remediation-v2-stage3-optional-027,OPTIONAL,EXTEND,,System overview in one chain,Classified,bef1b34cfd8c5e5db59972ce8806c0257c6104c404ac4679e01c3a5616082104
027,18,homework,homework,AFTER_CLASS,HOMEWORK,,Clear tasks,Classified,391bd7aad82fbc89f8f59c149f0750ed74c6ae282b01003d3152d8a9b15c92d2
028,1,stage2-completion,stage2-completion,CORE,TEACH,,"Microphone, touchscreen and VR headset operation",Classified,c8866dac931aaf5eafad0660c44ed3d3f17c2b11198641e41ef48e4038bf1546
028,2,stage2-practice,stage2-practice,CORE,PRACTISE,,"Microphone, touchscreen and VR headset operation: apply and assess",Classified,07fc7e0ffa2192426b8ff7e32500e74eb32201ac104f0e8df81d3b6cbd3d616e
028,3,overview,remediation-v2-stage3-optional-028,OPTIONAL,EXTEND,,Input is where the computer first meets the messy real world.,Classified,d3cfc0d7005326a1ce06b88767a2f992106a42fd1d5f774f91ff242bfdc4a999
028,4,delivery-02,remediation-v2-stage3-optional-028,OPTIONAL,EXTEND,,Why this matters,Classified,14aa73e6830edb9685ba7427591581c5a79055f197a1f570699f018585798314
028,5,hook,remediation-v2-stage3-optional-028,OPTIONAL,EXTEND,,"A supermarket checkout scans an item, weighs fruit, accepts a typed discount code and reads a loyalty card. Which inputs are being captured?",Classified,dcd921a34e55d68b7c7f05a4fda09144f98883d9b959007b61c45baca7886bcf
028,6,capture,remediation-v2-stage3-optional-028,OPTIONAL,EXTEND,,What input devices do,Classified,3e109e038e42af5900f8b62742535463a69fef55e98bb21a1a1ee138159045e2
028,7,explanation-capture,remediation-v2-stage3-optional-028,OPTIONAL,EXTEND,,What input devices do,Classified,00070a25d0f6c48ba936dcbf219acc5e276f70e0fe50e46920c95614aa5b83f2
028,8,devices,remediation-v2-stage3-optional-028,OPTIONAL,EXTEND,,Common input devices and what they capture,Classified,9810bcba7429eefe49d9b80bb34135b1d97e618b773ace7f0653fe32deb7bcfb
028,9,explanation-devices,remediation-v2-stage3-optional-028,OPTIONAL,EXTEND,,Common input devices and what they capture,Classified,d9742313f4e8d9588e41c7e501aea6f92418c85da640242f6bb0f660029ec3af
028,10,automatic,remediation-v2-stage3-optional-028,OPTIONAL,EXTEND,,Manual input vs automatic data capture,Classified,c545351da8a00ff64e73193d8e6da02259229823506277ee4fe70f86bfc4aa0b
028,11,explanation-automatic,remediation-v2-stage3-optional-028,OPTIONAL,EXTEND,,Manual input vs automatic data capture,Classified,b6f8125f668d31df1b6793e1121764e11935199eae0343f7c48ea9751e6b9ed5
028,12,tool,remediation-v2-stage3-optional-028,OPTIONAL,EXTEND,,Choose the input device,Classified,4f904f309b5ce323224864e07c4c6eb2a13f247fcd7c9970c62befdababb6bea
028,13,examples,remediation-v2-stage3-optional-028,OPTIONAL,EXTEND,,From device name to exam-worthy justification,Classified,6e5c0c9e36b5780571362670d83367cefde37896e34e2a3a9368bb43fcb88822
028,14,practice,remediation-v2-stage3-optional-028,OPTIONAL,EXTEND,,Practice with instant checking,Classified,5ca5af8f97f67f2f2d8808359cb739057fcf02231c410fb89cfab4555251c617
028,15,debug,remediation-v2-stage3-optional-028,OPTIONAL,EXTEND,,Fix the weak input answer,Classified,d7b80d1a6b994a20df404e0ffec6b2f14870c152e20a897f480bf93bb6c9ba66
028,16,exam,remediation-v2-stage3-optional-028,OPTIONAL,EXTEND,,Questions with expandable MS,Classified,02e2118751539f8f4d1402d3d159771fc0b7cb081f330a463ab7f0cc27f3a6fa
028,17,summary,remediation-v2-stage3-optional-028,OPTIONAL,EXTEND,,Input device answers need a mechanism,Classified,8210e39b13555aa5e8d6bf7b8d563e9cb6c03db3c541b12c54187ebb85bf6612
028,18,homework,homework,AFTER_CLASS,HOMEWORK,,Clear tasks,Classified,40a24904a8ac410bdddd98102a1e3977dc9094432aa236957dc229e42cb4800b
029,1,stage2-completion,stage2-completion,CORE,TEACH,,"Laser/3D printers, speakers and output buffers",Classified,884a990f02ba202e865809e717e544fa985e1366303e15e3aa533c700017c012
029,2,stage2-practice,stage2-practice,CORE,PRACTISE,,"Laser/3D printers, speakers and output buffers: apply and assess",Classified,1bd9d7553708366f25a98d037d7517ab284949849a26fc6ff257fcca46533e30
029,3,overview,remediation-v2-stage3-optional-029,OPTIONAL,EXTEND,,Output is how the computer stops silently thinking and actually tells someone.,Classified,57ae76c8de82b238d782a764b98b7436f5b6f81b4110661abdab294d39b620b1
029,4,delivery-02,remediation-v2-stage3-optional-029,OPTIONAL,EXTEND,,Why this matters,Classified,54d0b59bbb1d20496f7eff47bc1978bb66315289fcc7ce4cb1789d09258108eb
029,5,hook,remediation-v2-stage3-optional-029,OPTIONAL,EXTEND,,"A car detects an obstacle. It beeps, flashes a dashboard warning, vibrates the steering wheel and may apply the brakes. Which outputs are being used?",Classified,899a0ec9089ca27e02f19982b84a9caa7403b39d61d9d4d7c64c30281ad0b2bd
029,6,purpose,remediation-v2-stage3-optional-029,OPTIONAL,EXTEND,,What output devices do,Classified,d3c84ab86214426d2816c4a9b56191595c4287cc79f06c2202566324e0e29c0f
029,7,explanation-purpose,remediation-v2-stage3-optional-029,OPTIONAL,EXTEND,,What output devices do,Classified,cf6d74ca43c347d24f2e6d027568e7e93655825f4b2d88f1419e7e0924a10752
029,8,devices,remediation-v2-stage3-optional-029,OPTIONAL,EXTEND,,Common output devices and when they fit,Classified,1cb8c8f5a4650e4d8d554dea327e5556ad91abd34ff7f7cfa1374de4b6e4d230
029,9,explanation-devices,remediation-v2-stage3-optional-029,OPTIONAL,EXTEND,,Common output devices and when they fit,Classified,1c74b4600bedae50cb2e3b9431cb0203e899c3e8b036d54e8c672017dbd2b574
029,10,feedback,remediation-v2-stage3-optional-029,OPTIONAL,EXTEND,,User feedback must fit the situation,Classified,ac1fd42219d0cee01d92c31af56e8acf6e86beb67541522b5dd265c120c3614c
029,11,explanation-feedback,remediation-v2-stage3-optional-029,OPTIONAL,EXTEND,,User feedback must fit the situation,Classified,884bce46600a13a0e0ddbf9122606f544e5c4640fa9cb75aead3b9575ccf2cde
029,12,tool,remediation-v2-stage3-optional-029,OPTIONAL,EXTEND,,Choose the output device,Classified,d073a07475df76f574396261643e2a1890f892833b4b6dbcd6410161b73d6370
029,13,examples,remediation-v2-stage3-optional-029,OPTIONAL,EXTEND,,From device name to scenario-linked output,Classified,0639c20faefe41c4a091762658f790736ecd3774456fb34751f26b01ebf31fd8
029,14,practice,remediation-v2-stage3-optional-029,OPTIONAL,EXTEND,,Practice with instant checking,Classified,5ca5af8f97f67f2f2d8808359cb739057fcf02231c410fb89cfab4555251c617
029,15,debug,remediation-v2-stage3-optional-029,OPTIONAL,EXTEND,,Fix the weak output answer,Classified,8578124b50348df23f7dba8755f391237f4914b87f53a564a801b6d8e5b177c7
029,16,exam,remediation-v2-stage3-optional-029,OPTIONAL,EXTEND,,Questions with expandable MS,Classified,5452c951d267857c770eafa6acb861bcaa68e3b07299cf3bf2d6681888dde4e0
029,17,summary,remediation-v2-stage3-optional-029,OPTIONAL,EXTEND,,Output choices depend on who needs the result,Classified,503487e454acde218892afad56a0890aec4337c90121e226ad78c90497912bfc
029,18,homework,homework,AFTER_CLASS,HOMEWORK,,Clear tasks,Classified,bb556b55a3ab0b6b9f51adf6b52dac9665572cfd02f16576ae92701a021c7cb2
030,1,stage2-completion,stage2-completion,CORE,TEACH,,"RAM, ROM and their principal technologies",Classified,afc5b2fb489beaf0e402dce7765d0181bba6e745e0d3a88d7d86c5606df4e99c
030,2,stage2-practice,stage2-practice,CORE,PRACTISE,,"RAM, ROM and their principal technologies: apply and assess",Classified,55856530456a6c34c9662404953576671697182c18cb4202f141fd6bd0336758
030,3,overview,remediation-v2-stage3-optional-030,OPTIONAL,EXTEND,,"Primary storage is the computer's working desk, not its filing cabinet.",Classified,63e34a61cb92170dd06abc6b38a5c73cf169d1557208704d09a172c832276b72
030,4,delivery-02,remediation-v2-stage3-optional-030,OPTIONAL,EXTEND,,Why this matters,Classified,39997d6548982fa76ba7a97997ad75d4424a86694fa5cf267c129b57f30b4560
030,5,hook,remediation-v2-stage3-optional-030,OPTIONAL,EXTEND,,"Your laptop has 30 browser tabs, a video call and an IDE open. Which memory areas are being stressed?",Classified,967e0ce29424dd86752197fda2a624bcb9066cdfa09bac0c04cb4a88abfd860b
030,6,primary,remediation-v2-stage3-optional-030,OPTIONAL,EXTEND,,Primary storage is directly involved in current processing,Classified,83e1ba6ddc9b6e2cf32b31653d2076e6a7f927ccdeffc57990c48f8b531a0c39
030,7,explanation-primary,remediation-v2-stage3-optional-030,OPTIONAL,EXTEND,,Why active data stays close to the CPU,Classified,df97edf0cf75081ba205d22426bb7e90f5e65da6ca298f23dfd0c25780103856
030,8,ram-rom,remediation-v2-stage3-optional-030,OPTIONAL,EXTEND,,"RAM and ROM: similar letters, very different jobs",Classified,ff581ea3d63d5fcd74136301f260c46e8c70d14dfa3a729e70067da4691e2580
030,9,explanation-ram-rom,remediation-v2-stage3-optional-030,OPTIONAL,EXTEND,,Why RAM changes while ROM remains stable,Classified,bcc626a2ceea7b353ad3cdea78b1da90cc371b04c2ef2f7dae5d18b3a5080f73
030,10,cache-vm,remediation-v2-stage3-optional-030,OPTIONAL,EXTEND,,Cache and virtual memory affect performance in opposite directions,Classified,bd2617bd3a6da1a60f536fccab3f44d3f8ef7a9030ee4dc2155eb18a8970147d
030,11,explanation-cache-vm,remediation-v2-stage3-optional-030,OPTIONAL,EXTEND,,Why cache helps and virtual memory slows,Classified,11c07533253accf04d9269dd3fe11616848946c5e19d6848b67668d426b6dcf3
030,12,tool,remediation-v2-stage3-optional-030,OPTIONAL,EXTEND,,Choose the memory concept,Classified,c35c4d846cd9848e7899344db0ce5ccb9c008078bf0f33a3e60326c376716827
030,13,examples,remediation-v2-stage3-optional-030,OPTIONAL,EXTEND,,Precise explanations for primary storage,Classified,83eebc978ca100a6cc8d7dc8ef94ee330f70c54bc3f7b1cd92aa45b99d3707d6
030,14,practice,remediation-v2-stage3-optional-030,OPTIONAL,EXTEND,,Practice with instant checking,Classified,5ca5af8f97f67f2f2d8808359cb739057fcf02231c410fb89cfab4555251c617
030,15,debug,remediation-v2-stage3-optional-030,OPTIONAL,EXTEND,,Fix the weak memory answer,Classified,c6f383bc15ffb0986044e0b01e0f88d80a3ed679d7d99e8948502fff84f95c41
030,16,exam,remediation-v2-stage3-optional-030,OPTIONAL,EXTEND,,Questions with expandable MS,Classified,3df1617b0778b7e61a6a7a461f31081afaa218a0b39149634e8516508a1e4727
030,17,summary,remediation-v2-stage3-optional-030,OPTIONAL,EXTEND,,Primary storage in six exam sentences,Classified,9e57de3f9ab054e676bf5a080701c4e87e628c34b993dcd54a8229661391867d
030,18,homework,homework,AFTER_CLASS,HOMEWORK,,Clear tasks,Classified,0c5835eb95e57283b0c7d808e90d0164118156515500998b8b87a788086eb589
031,1,stage2-completion,stage2-completion,CORE,TEACH,,"HDD, flash and optical reader/writer operation",Classified,71c06d497b3e847ae84b722a8041fa6a21f909f26a550e153ca8d0ebc575144e
031,2,stage2-practice,stage2-practice,CORE,PRACTISE,,"HDD, flash and optical reader/writer operation: apply and assess",Classified,a8c047f4a7ac7e9e132ff142e7454b62052c5c2c1f8e8696603d75036c22fff2
031,3,overview,remediation-v2-stage3-optional-031,OPTIONAL,EXTEND,,Secondary storage is where data survives the power switch.,Classified,5c3b44375bd0b4b1a0fe1c285af859bf700aeef31b4446d630b89ac6b5080894
031,4,delivery-02,remediation-v2-stage3-optional-031,OPTIONAL,EXTEND,,Why this matters,Classified,2b2fbf6aca63d05b12ef4cbb538e674041c3539c87089952a5aa01f633a97730
031,5,hook,remediation-v2-stage3-optional-031,OPTIONAL,EXTEND,,"A student stores videos on an external HDD, installs apps on an SSD, shares photos with a flash drive and finds an old DVD. Why are these not all the same?",Classified,b203b72bf6a7b69e0ec607fb5d35416c2b11c41758078c089af5bd29e26c1897
031,6,purpose,remediation-v2-stage3-optional-031,OPTIONAL,EXTEND,,What secondary storage does,Classified,eccbc79a1be85dd78d264ae571b171b2cd9ab880065a008210694b9222e9f834
031,7,explanation-purpose,remediation-v2-stage3-optional-031,OPTIONAL,EXTEND,,What secondary storage does,Classified,930cdd2927c783132372784d5a360d46284e711a00a1b2528e19848d199790a0
031,8,media,remediation-v2-stage3-optional-031,OPTIONAL,EXTEND,,Three main storage media,Classified,92f0aa462ffb2fababdd7f6f9db68449fefcd2ff888b4bbadd7962748da8833a
031,9,explanation-media,remediation-v2-stage3-optional-031,OPTIONAL,EXTEND,,Three main storage media,Classified,ff1f188ecdf4e816f0feb968f51f043576275dc17581766d4646f62927886161
031,10,storage-visual,remediation-v2-stage3-optional-031,OPTIONAL,EXTEND,,Look at the storage mechanism before comparing performance,Classified,2fd72ab6ae5463c8e5e5dff7450d20f73804f207e5bd5ba16308723ea969f7b7
031,11,explanation-storage-visual,remediation-v2-stage3-optional-031,OPTIONAL,EXTEND,,Look at the storage mechanism before comparing performance,Classified,b181a8c3f1a12a2cbf9e9b129d07f2059ec35bd9ad22d10aea86dbe733af9a8a
031,12,compare,remediation-v2-stage3-optional-031,OPTIONAL,EXTEND,,"Compare by scenario, not by favourite brand",Classified,f8de3f4d501b86b8ae5e9bda889d9dadd5e3deac41d4f5e1284301ef51ed9906
031,13,explanation-compare,remediation-v2-stage3-optional-031,OPTIONAL,EXTEND,,"Compare by scenario, not by favourite brand",Classified,59fe94ae26c17267e7dd273f5b9d6fa46a807e0c4ac823a7264913e2ee63b8f4
031,14,tool,remediation-v2-stage3-optional-031,OPTIONAL,EXTEND,,Choose the storage medium,Classified,b911466a0b1e8498056d4fa921d77350ad00db008f070474baac6f7a02de5c9d
031,15,examples,remediation-v2-stage3-optional-031,OPTIONAL,EXTEND,,Choosing storage with reasons,Classified,4e308511e9210139ac674da03425d0eaeb88704adcb3d40376b0d9fb6b418bb8
031,16,practice,remediation-v2-stage3-optional-031,OPTIONAL,EXTEND,,Practice with instant checking,Classified,5ca5af8f97f67f2f2d8808359cb739057fcf02231c410fb89cfab4555251c617
031,17,debug,remediation-v2-stage3-optional-031,OPTIONAL,EXTEND,,Fix the weak storage answer,Classified,4879428c80a49049649db1a10cd1aa7664dfb69de16c548a610314efae4b714f
031,18,exam,remediation-v2-stage3-optional-031,OPTIONAL,EXTEND,,Questions with expandable MS,Classified,f7b7ffbd3fb9e2c1c9f877e2f942b26e32258e68cada491a510a3130159e93de
031,19,summary,remediation-v2-stage3-optional-031,OPTIONAL,EXTEND,,Secondary storage in six exam sentences,Classified,3e2172e114c63a578ddaf2663cec2c074bdfe15bad23946640c55bbd528c734d
031,20,homework,homework,AFTER_CLASS,HOMEWORK,,Clear tasks,Classified,662fe5c0a1416cb4418274e7c48911d3abfbb4ef40c073a40512a26a9c24b10c
032,1,overview,overview,CORE,TEACH,,"Storage choice is a trade-off, not a popularity contest.",Classified,972772c62d487845f082b01dca5a8b4c8aeaa870bb6d9f1217ee3fa003c66992
032,2,delivery-02,overview,CORE,TEACH,,Why this matters,Classified,1642682bfd96b86cd9b880483dc0876257376a63238e1cb6970523dcafd2f6f5
032,3,hook,hook,CORE,ASK,,"Choose storage for a travel photographer: huge photo library, rough travel bag, limited budget and quick editing. Which feature matters most?",Classified,1fb91bc16ffed866cd2f94adc2969f1173179e0abb3358d94dc81d2f0095b9ae
032,4,criteria,criteria,CORE,TEACH,,The five core characteristics,Classified,9681c243ce57b28d4a8cf533b27ec857a0d350c76972b3da3080027bf39118bf
032,5,explanation-criteria,criteria,OPTIONAL,EXTEND,,The five core characteristics,Classified,2a64b0d78e45b945bb327a76fe3affaf664aafe15b4508ca9bfb2feb9e7e4451
032,6,tradeoffs,tradeoffs,CORE,TEACH,,Trade-offs by common storage device,Classified,9b8505700a25294affdb37fe6b1ea32eefa95f379e4b984468ea574aa59880f8
032,7,explanation-tradeoffs,tradeoffs,OPTIONAL,EXTEND,,Trade-offs by common storage device,Classified,b63101a57ad6c51835b9e08f38d4928152c5f3222635a8973e5bb9a10f343336
032,8,answer,answer,CORE,TEACH,,The answer pattern: choice -> characteristic -> context -> consequence,Classified,763c41bf1693e187c52e823c623744f5d6d8d95554eab0eab28d47c68baf7a50
032,9,explanation-answer,answer,OPTIONAL,EXTEND,,The answer pattern: choice -> characteristic -> context -> consequence,Classified,343aff07c4cec0b90c26a216e783a55f85bea886b3d48f986d6f2ee16a282198
032,10,tool,tool,OPTIONAL,PRACTISE,,Choose by priority,Classified,a0926665181a3da219fbd52d895f16429a215b21894a0c2eae6c515418dc9f7a
032,11,examples,examples,CORE,TEACH,,Trade-off answers in exam style,Classified,0ce4d963fb0d22704ce8bb39b0e47b82840bb5b06303d87e0a86554ef50c7e35
032,12,practice,practice,CORE,PRACTISE,,Practice with instant checking,Classified,5ca5af8f97f67f2f2d8808359cb739057fcf02231c410fb89cfab4555251c617
032,13,debug,debug,CORE,CHECK,,Fix the vague comparison,Classified,8cc4c5ed71f7d803e6f7430893cd10fdc97f3bb8e169ed95f0db36a92d922eac
032,14,exam,exam,CORE,EXAM,,Questions with expandable MS,Classified,d5b943da0b19dea19f19b7280cf398a4b5b534af4b7077cb84c82979fd0a8df6
032,15,summary,summary,CORE,CHECK,,Characteristics decide suitability,Classified,58e0bcbc098a71a0ef5c045069f2b607c2aaab5b61575a2cef4cf1a2b7d04e0f
032,16,homework,homework,AFTER_CLASS,HOMEWORK,,Clear tasks,Classified,570dfd0f325536a9a786dd9c6f4bb738b6b4819edf6bb114ebf5ae39d396367e
033,1,stage2-completion,stage2-completion,CORE,TEACH,,"Embedded systems: purpose, benefits and drawbacks",Classified,cf43d0045aefc23bf577916eaf6c88fbebde9745f7c4d87a9b25ecaa892e0da8
033,2,stage2-practice,stage2-practice,CORE,PRACTISE,,"Embedded systems: purpose, benefits and drawbacks: apply and assess",Classified,3536637fdf4bfccabc49dab85b7de5a6acb980a3f5107e9f7962ecec115d1778
033,3,overview,remediation-v2-stage3-optional-033,OPTIONAL,EXTEND,,An embedded system is a computer that quietly does one job very seriously.,Classified,4700afaebddf033db635a48dcf29170dc72ce4b6cc8981c9b1ca5ffc4e6dd123
033,4,delivery-02,remediation-v2-stage3-optional-033,OPTIONAL,EXTEND,,Why this matters,Classified,45f6d2552f4aeb3cbad361f1c7471686a9a0db1f277567db517cb88eadfad55e
033,5,hook,remediation-v2-stage3-optional-033,OPTIONAL,EXTEND,,Why does a washing machine use an embedded computer instead of a general-purpose laptop?,Classified,042c69fe7f2e76dcd7e4d857f983ae775f4f179932eef4560b2b9916ae6a53eb
033,6,embedded,remediation-v2-stage3-optional-033,OPTIONAL,EXTEND,,What is an embedded system?,Classified,1d6d4e9c5678dd88a814e3b03110786b64dbb9ee13116c3368f4502dd4af33c9
033,7,explanation-embedded,remediation-v2-stage3-optional-033,OPTIONAL,EXTEND,,What is an embedded system?,Classified,caaee5ce2eb027e87d42f231bd5df98e2fbc7a330297d91c257b7051f5fabb59
033,8,microcontroller,remediation-v2-stage3-optional-033,OPTIONAL,EXTEND,,Microcontroller vs general-purpose computer,Classified,512cacd97f0ce3d65564be1131121bc2a3c7d7343d81b9d360fe6077cc6991b4
033,9,explanation-microcontroller,remediation-v2-stage3-optional-033,OPTIONAL,EXTEND,,Microcontroller vs general-purpose computer,Classified,6b8dc5b34b57b18dad3f53dcdf66010e151f822f7fe83ca837e979a2dc2d6aff
033,10,tool,remediation-v2-stage3-optional-033,OPTIONAL,EXTEND,,Match a device to its embedded-system design,Classified,caaec543dc31b986fc3cf28a60b1e394cc351a200178073d1b82c6cc6c034ea0
033,11,examples,remediation-v2-stage3-optional-033,OPTIONAL,EXTEND,,Embedded-system design explanations,Classified,7a3b7330f93c8dc28837c8d189604e79023234948629ecc0159d400939564f08
033,12,practice,remediation-v2-stage3-optional-033,OPTIONAL,EXTEND,,Practice with instant checking,Classified,5ca5af8f97f67f2f2d8808359cb739057fcf02231c410fb89cfab4555251c617
033,13,debug,remediation-v2-stage3-optional-033,OPTIONAL,EXTEND,,Fix the weak embedded-system answer,Classified,8d9478deed52352fb02e7db45c92ef27542236eb51a65ed492f2aaa5b05d2c09
033,14,exam,remediation-v2-stage3-optional-033,OPTIONAL,EXTEND,,Questions with expandable MS,Classified,0f6edfdffc019e64ea2f498ca26ee6d51a896f0b283ed01a19e49d6d938bfb66
033,15,summary,remediation-v2-stage3-optional-033,OPTIONAL,EXTEND,,Embedded systems in six exam points,Classified,c5feb1e7540ea28e9bf14f5620a20fafa4b11eb5e3959118792a42c225eab661
033,16,homework,homework,AFTER_CLASS,HOMEWORK,,Clear tasks,Classified,4b6d4a98caa3caf2fd80d9dfb78bcac756e7dde024bc8a39465c16a52daa378d
034,1,stage2-completion,stage2-completion,CORE,TEACH,,"Monitoring, control, feedback and required sensors",Classified,f4fb59be2fc6949851ae05132dc6000bbbad5a27ebc3516f827ba3afcf3e823e
034,2,explanation-sensors,sensors,CORE,TEACH,,Required sensor types and applications,Classified,e81fb4860e70bfd6a1cf47e5d806610f8a9750bd142b79b1ed8c8d5c6571ea99
034,3,stage2-practice,stage2-practice,CORE,PRACTISE,,"Monitoring, control, feedback and required sensors: apply and assess",Classified,6500f0ab9c6ec8fa002b6e13d039c854462a26fc312b0bf538793390ca520bdd
034,4,overview,remediation-v2-stage3-optional-034,OPTIONAL,EXTEND,,Control systems are where data stops being a spreadsheet and starts moving the world.,Classified,f5b4303d4a30ad67bc25adae511af3e2f1320c1379702afe3dcbb020be88913f
034,5,delivery-02,remediation-v2-stage3-optional-034,OPTIONAL,EXTEND,,Why this matters,Classified,95de63c3f05925c6d10c3f33597c9b3268acdec8c5cc129ed73d8f6108597302
034,6,hook,remediation-v2-stage3-optional-034,OPTIONAL,EXTEND,,"A greenhouse gets too hot. Does the temperature sensor cool the greenhouse, or does it just report the bad news?",Classified,9014c6bb6297fe2518be3d75c259a50c209d96e5a60b8fbd64b038f115b7f822
034,7,sensors,remediation-v2-stage3-optional-034,OPTIONAL,EXTEND,,Sensors capture physical data,Classified,035a53139195bc788b7cfad0ff281a3d042e92952b0de816dd8bf2d6c57c79ee
034,8,actuators,remediation-v2-stage3-optional-034,OPTIONAL,EXTEND,,Actuators turn output signals into physical action,Classified,6e4e098f8c0dc80830d3da4b5a58383f1bd335c18621e3e68dbe912883bd41fc
034,9,explanation-actuators,remediation-v2-stage3-optional-034,OPTIONAL,EXTEND,,Actuators turn output signals into physical action,Classified,813a254573e05340ddffc7ec81c20f9b44dcbe6da2eb3cdb2756969470ec6b92
034,10,control,remediation-v2-stage3-optional-034,OPTIONAL,EXTEND,,Control systems use rules and feedback,Classified,503d2010f38cd8a5178364fa29f6eb65de4838d005d04c6b77005b88ebb49989
034,11,explanation-control,remediation-v2-stage3-optional-034,OPTIONAL,EXTEND,,Control systems use rules and feedback,Classified,5d0349ce242dd7fcdafc668039b23e78b363a7c32584bd128f2e956c521c8ed6
034,12,tool,remediation-v2-stage3-optional-034,OPTIONAL,EXTEND,,Match the sensor and actuator,Classified,6715a904c281fa15f8985c45771762ac82a7e5c33e649361685fbdecf89deeea
034,13,examples,remediation-v2-stage3-optional-034,OPTIONAL,EXTEND,,Writing full control explanations,Classified,65c29184a65a668b687f80aadde1da9c2a38613e066ef0f9883d4851ceff9153
034,14,practice,remediation-v2-stage3-optional-034,OPTIONAL,EXTEND,,Practice with instant checking,Classified,5ca5af8f97f67f2f2d8808359cb739057fcf02231c410fb89cfab4555251c617
034,15,debug,remediation-v2-stage3-optional-034,OPTIONAL,EXTEND,,Fix the weak control answer,Classified,aec44619b498a1523ebe13cb5786f048c94539e120163db34b230ae6323fb360
034,16,exam,remediation-v2-stage3-optional-034,OPTIONAL,EXTEND,,Questions with expandable MS,Classified,355713ee0d6e684e2c30830fd10c0b3ddc0ec09221875ab2c62cec8a2e462ccd
034,17,summary,remediation-v2-stage3-optional-034,OPTIONAL,EXTEND,,Control systems in six exam sentences,Classified,fd5a3ee39cf923b5dd95024c8b20b96c61760288759ca9fa899bd90aa3a3ad8c
034,18,homework,homework,AFTER_CLASS,HOMEWORK,,Clear tasks,Classified,fabe638547c9fce16c327331ba1c2d485c9ea2c01f4166c120159ee3f2b1e2d6
035,1,stage2-completion,stage2-completion,CORE,TEACH,,"Logic-gate symbols, functions and representation conversions",Classified,04e7daa8fc599573a636c16adc9297d5d05c57f547311bc96574f7336c7525e8
035,2,explanation-gate-visual,gate-visual,CORE,TEACH,,"Six symbols, six exact output rules",Classified,c0b52e7967b86d3f427044dad43ccbce89d8972964ea0b30034de1bc49fd0169
035,3,stage2-practice,stage2-practice,CORE,PRACTISE,,"Logic-gate symbols, functions and representation conversions: apply and assess",Classified,970bff30d46f61c7ea4a9d5667d29c1748c12dd05e98113be84c3a8b08397366
035,4,overview,remediation-v2-stage3-optional-035,OPTIONAL,EXTEND,,"Logic gates are tiny decision machines: no mood, no maybe, just 0 or 1.",Classified,4ac8baea2e99bd7fe8ea0f508992fb1fad29d9b2951f2c8d3a13de0130fee76b
035,5,delivery-02,remediation-v2-stage3-optional-035,OPTIONAL,EXTEND,,Why this matters,Classified,44783cfd7a04e407c7c0d2137f425a68c0ceed3ab81946bddc03c77a1c135c90
035,6,hook,remediation-v2-stage3-optional-035,OPTIONAL,EXTEND,,The classroom door opens if the teacher has a key AND today is not an exam.,Classified,5f9e7eb5bbab84b4077fb83647f6914ab7ae6a008284a7fe80a5ae34f19c272b
035,7,signals,remediation-v2-stage3-optional-035,OPTIONAL,EXTEND,,Logic gates use binary signals,Classified,6b676ab30dfbb2589c4832b4e64584734afaa40c668b1e57c31d04ce5cea71ac
035,8,explanation-signals,remediation-v2-stage3-optional-035,OPTIONAL,EXTEND,,Logic gates use binary signals,Classified,f6c23a07f3c7bea0c9af96717ae014a953ed86e1c55a8a36ab6546cdb450ec22
035,9,gates,remediation-v2-stage3-optional-035,OPTIONAL,EXTEND,,The six gate rules,Classified,faca1cae3ef73dff02726b7ade7d6e77a0642be6fc1c7e3efef2d894cdda86a2
035,10,explanation-gates,remediation-v2-stage3-optional-035,OPTIONAL,EXTEND,,The six gate rules,Classified,107755f2645dcd2e91e99c6e68515526c2a08752a7defb455208c16de6fa9419
035,11,symbols,remediation-v2-stage3-optional-035,OPTIONAL,EXTEND,,Recognise gate symbols and the inversion bubble,Classified,26a304a04b95f337e049df7c7df808a8e47d6fb7ba36a2609b8e682a6036cf59
035,12,explanation-symbols,remediation-v2-stage3-optional-035,OPTIONAL,EXTEND,,Recognise gate symbols and the inversion bubble,Classified,0831a7c312aad8db0c275811506fb45f4c067d5b993a14efa2b4c99ce2cac78b
035,13,gate-visual,remediation-v2-stage3-optional-035,OPTIONAL,EXTEND,,"Six symbols, six exact output rules",Classified,bb4cdf3bfd2e8e2e7933aa857fc2966db5cb5ce0224314254028a54fc41997aa
035,14,tool,remediation-v2-stage3-optional-035,OPTIONAL,EXTEND,,Generate a truth table,Classified,715732ae9ff79ec98d18a775830328289d47737ff5e52f37fa907e29e926fdd2
035,15,examples,remediation-v2-stage3-optional-035,OPTIONAL,EXTEND,,From condition to table,Classified,ee0994d61e5f22d0b13b5a4ed00d3340a78f8b447cd6a53150724aa49fdd1d11
035,16,practice,remediation-v2-stage3-optional-035,OPTIONAL,EXTEND,,Practice with instant checking,Classified,5ca5af8f97f67f2f2d8808359cb739057fcf02231c410fb89cfab4555251c617
035,17,debug,remediation-v2-stage3-optional-035,OPTIONAL,EXTEND,,Fix the weak logic answer,Classified,ae6eac85f42be30f2427363b2a516df340cbe79af980c8ec5fc12cc1d69413e7
035,18,exam,remediation-v2-stage3-optional-035,OPTIONAL,EXTEND,,Questions with expandable MS,Classified,abe65c6d0d1c2602228005cfb7f6bdb0f4ef96e402112dbab78c5ef77ea08131
035,19,summary,remediation-v2-stage3-optional-035,OPTIONAL,EXTEND,,Six gate rules in exam language,Classified,bf375bb0e031429fef846d789b52983532326d5b709e32afb3fef073b425e602
035,20,homework,homework,AFTER_CLASS,HOMEWORK,,Clear tasks,Classified,d057abb571a7a359bc51c07f7ac2736cf9e42fd74760204ef8d365f09e6ca432
036,1,overview,overview,CORE,TEACH,,A truth table is a receipt: every input row must pay for its output.,Classified,e3ee78d3b22cb670d8ba066638bf7e12d9b5d467e2d1e578a73420f78ec0e01e
036,2,delivery-02,overview,CORE,TEACH,,Why this matters,Classified,a3d52b093360785e0a931f110c7d09f5da8457a3186bfa27d962aa68aa8df698
036,3,hook,hook,CORE,ASK,,A door opens when a card is valid AND either the PIN is correct OR the supervisor override is active.,Classified,9706eed85520924ba8c9226ca893b2f694584ab1e30fad622a11d1774896c641
036,4,expressions,expressions,CORE,TEACH,,Boolean expressions describe gate behaviour,Classified,727fe82786d7ad14b9cb98673c4641e50d4f27501d4e0abe96de78c9d03857a7
036,5,explanation-expressions,expressions,OPTIONAL,EXTEND,,Boolean expressions describe gate behaviour,Classified,0608fb5a71bf9566a0d4ed8aca243f78aa1f1048403382a95d3396fafe6f65de
036,6,table-method,table-method,CORE,TEACH,,A reliable truth-table method,Classified,f3e3f8902fcc4e2866d23788b6bd413bbc5bfb512de6b9fcb61a4a2e48e8b579
036,7,explanation-table-method,table-method,OPTIONAL,EXTEND,,A reliable truth-table method,Classified,b5ec107e3eaafa1c4cbc4192d32731b4442a3bdbb810464750651a7887ed404f
036,8,precedence,precedence,CORE,TEACH,,Brackets and NOT usually come before the final combination,Classified,6c1ccde5831a537e72ddc500c10e56c53929ddf671e3ae654df2c47d79686aa2
036,9,explanation-precedence,precedence,OPTIONAL,EXTEND,,Brackets and NOT usually come before the final combination,Classified,b2338041dfee500f1d5e19e100950d63573905fdb981608a4ac5218a8d81752d
036,10,tool,tool,OPTIONAL,PRACTISE,,Build a truth table from an expression,Classified,fd0f836a7fecd5febe08dee62ca205991905db060f34a289cb2bfefbc279b9cf
036,11,examples,examples,CORE,TEACH,,Show the column plan,Classified,82acceee0364d0dc0dff430d2e30f9fc1fb61700cf7cc2a7572f724a169dd14a
036,12,practice,practice,CORE,PRACTISE,,Practice with instant checking,Classified,5ca5af8f97f67f2f2d8808359cb739057fcf02231c410fb89cfab4555251c617
036,13,debug,debug,CORE,CHECK,,Fix the weak truth-table method,Classified,1e85b5c75bb21ab59cb842f4417d139ecd10a35660099405351a576ac5d2c040
036,14,exam,exam,CORE,EXAM,,Questions with expandable MS,Classified,2106b99b961fe50177cdb07d42f5bfb1e9ecc933d6dd9238ae34abacfd15aeea
036,15,summary,summary,CORE,CHECK,,Truth tables in six exam sentences,Classified,47b669cf63e63ea0f153f10e3b27b852945096ff4c22ab821b922e870a060cd9
036,16,homework,homework,AFTER_CLASS,HOMEWORK,,Clear tasks,Classified,ba3f0007ec5609d4cb074615cbac13b2821622693b0cda6b2dcbdd6c8210126a
037,1,overview,remediation-v2-stage3-optional-037,OPTIONAL,EXTEND,,Requirements are English. Circuits are English after it has been through the gym.,Classified,0f5a2b9c2528f155f6abfd354b3144d6c10f24375bce9544267db60d903fe778
037,2,delivery-02,remediation-v2-stage3-optional-037,OPTIONAL,EXTEND,,Why this matters,Classified,6613dd56210bb623e985ef6ae2bad8c8d94c06ea9f2d4f3463dbb58c075e444b
037,3,hook,remediation-v2-stage3-optional-037,OPTIONAL,EXTEND,,A school door unlocks only if the card is valid and the emergency stop is not active.,Classified,d11d3de8d6c0aca0ea5e4f9b768f08e03026bb573a528782ddb1431eb895d68a
037,4,parse,remediation-v2-stage3-optional-037,OPTIONAL,EXTEND,,Parse requirement wording into logic,Classified,6f58cd9e0233fe76b771de5d3171e5c330cb0bdd17069c859c1c6dd3bd1b2e49
037,5,explanation-parse,remediation-v2-stage3-optional-037,OPTIONAL,EXTEND,,Parse requirement wording into logic,Classified,363a2682b51b63b1264de847d9c4c36e9cf717d0d0e429075c55a2d07a779ee1
037,6,design,remediation-v2-stage3-optional-037,OPTIONAL,EXTEND,,A circuit design method that examiners can follow,Classified,bdf7603a5686dffbb9c478492e993da7571e5af9832faf30bcec9331f81116d0
037,7,explanation-design,remediation-v2-stage3-optional-037,OPTIONAL,EXTEND,,A circuit design method that examiners can follow,Classified,e94562828897ad9ee97bc6d6d38feb0ffe99ffaf27705195d5c9ec278a48a8ec
037,8,diagram,remediation-v2-stage3-optional-037,OPTIONAL,EXTEND,,Gate sequence creates the circuit structure,Classified,d6bb4de1125b21d5e32b9a0902f099c8e24095271d1dc0476404802456ca0a3b
037,9,explanation-diagram,remediation-v2-stage3-optional-037,OPTIONAL,EXTEND,,Gate sequence creates the circuit structure,Classified,f55efd9d7e9124c5b2a02c22254a386b7dcc037eee82eb35d332f0957b91178e
037,10,tool,remediation-v2-stage3-optional-037,OPTIONAL,EXTEND,,Build the circuit from a requirement,Classified,62d2f3f7bee7241d0c16e2204f66afa27e5a79707bc36a963f63068b0995319d
037,11,examples,remediation-v2-stage3-optional-037,OPTIONAL,EXTEND,,From words to gates,Classified,821e8b22e85bbf7ba36a5ccc089d8196a5b48731cdc0ac57f1ffa7ab7898f91c
037,12,practice,remediation-v2-stage3-optional-037,OPTIONAL,EXTEND,,Practice with instant checking,Classified,5ca5af8f97f67f2f2d8808359cb739057fcf02231c410fb89cfab4555251c617
037,13,debug,remediation-v2-stage3-optional-037,OPTIONAL,EXTEND,,Fix the weak circuit design,Classified,2da0f6f05db207073eb65b039141bba0bf6003dd8b528b15c15d6330b3620ba9
037,14,exam,remediation-v2-stage3-optional-037,OPTIONAL,EXTEND,,Questions with expandable MS,Classified,60b16d99cffd26e389dadcbfeea7127091a59fd4a716b83c44d8a3c9624728b7
037,15,summary,remediation-v2-stage3-optional-037,OPTIONAL,EXTEND,,Circuit design in six exam sentences,Classified,5de2a79ce465da95936097c5156564ee517aefb0b686be79514da04fa2841673
037,16,homework,homework,AFTER_CLASS,HOMEWORK,,Clear tasks,Classified,635e376f087c4798f04395d608be3325926d52bbfa846a1e67672224f0d0f1cc
038,1,overview,overview,CORE,TEACH,,Good hardware is not the fanciest box. It is the box that fits the job.,Classified,03cbba641817c9632c35d96495b755b5e20f6c8725d19c75010496cb391adae2
038,2,delivery-02,overview,CORE,TEACH,,Why this matters,Classified,ef2da5aa4d42930b59edabe2bce685982aa6e34a7291d3ae315a97eb0c17740c
038,3,hook,hook,CORE,ASK,,"Phone, keyboard, USB drive: which captures data, which stores data, and which just makes humans feel in control?",Classified,791205ef54d2fb081499aa14252a1027b7e8a1211342f220538116d2e4262b54
038,4,categories,categories,CORE,TEACH,,Classify the hardware before choosing it,Classified,9ae2a0f249e652b9b8eddbff747373053766b7c179f7adf3fa4221f83e2e283e
038,5,explanation-categories,categories,OPTIONAL,EXTEND,,Classify the hardware before choosing it,Classified,6da482506a60dbcc03aac6c5e2bea6c8c35de80da17dc33d067c3bff86fcff1d
038,6,criteria,criteria,CORE,TEACH,,Choose hardware using stated criteria,Classified,0211b5b8e2f9d708c77c3de176c453270fbd30ee9d7b0251e3df05d5da3f6e54
038,7,explanation-criteria,criteria,OPTIONAL,EXTEND,,Choose hardware using stated criteria,Classified,cacc44380c5e3b432703d96eceab5b7433ef8f24de4108629aadd4731f4fac4b
038,8,users,users,CORE,TEACH,,Different users value different trade-offs,Classified,c761aa19d830c13bf5db616d04512fb50724929be82c1c4592152ae5ece16c48
038,9,explanation-users,users,OPTIONAL,EXTEND,,Different users value different trade-offs,Classified,db876096be574e791fa896249949a025695e8fc187e8b3acc2dded761d8aa690
038,10,tool,tool,OPTIONAL,PRACTISE,,Hardware selector,Classified,5282b37da6ce00cecdb994d4d52a6a5fb4f337e01a8a1ead5c1d685dae21e63b
038,11,examples,examples,CORE,TEACH,,Write recommendations that earn marks,Classified,3260fe2e72f5ad3b82415b3b778172d3eff76e153269cbc207fc10452b404c1a
038,12,practice,practice,CORE,PRACTISE,,Practice with instant checking,Classified,5ca5af8f97f67f2f2d8808359cb739057fcf02231c410fb89cfab4555251c617
038,13,debug,debug,CORE,CHECK,,Fix the weak hardware recommendation,Classified,3bb443a71bb48c3be779b235dc3df0e7a4e2bac476c0fb567826d5cede6984a3
038,14,exam,exam,CORE,EXAM,,Questions with expandable MS,Classified,64ba0add44f6c498ee7894556c58dfee9ee0354dddd59b291145366c84dec9a7
038,15,summary,summary,CORE,CHECK,,Hardware selection in six exam sentences,Classified,c96e35dcc6bf07891586c82c2fb0ed463a9488e3ad6fa7c31153e97b4e265a87
038,16,homework,homework,AFTER_CLASS,HOMEWORK,,Clear tasks,Classified,766f89bef07feaea1a17c013585e6b79f4f27d75f4c879289177425db72fa88f
039,1,overview,overview,CORE,TEACH,,Environmental conditions and power faults can reduce hardware reliability.,Classified,327c85d585c6fc55694b229b9482f84c26d3723c579f088319f1007239b789e9
039,2,delivery-02,overview,CORE,TEACH,,Why this matters,Classified,046ef1bf2ae40cfebbd949ad47e91bd9feef68721460f67e391a89ed8a4ca558
039,3,hook,hook,CORE,ASK,,"A sensor works perfectly on a desk. Then it is placed outside in rain, dust and heat. What changed?",Classified,0c2ac465fd8085b916a691516fdfc954997f92ef604094b631db9773bb5a30ab
039,4,environment,environment,CORE,TEACH,,Environmental factors change hardware suitability,Classified,c1a3e97730c7ac44b3b668f2809e5253b599a3cdfe20ccb4e0924e4573dae7ec
039,5,explanation-environment,environment,OPTIONAL,EXTEND,,Environmental factors change hardware suitability,Classified,d925444b58a6ee9e688a54754b5b0e3a4c942e98aa7db4ed3869aa6d0d5240e1
039,6,reliability,reliability,CORE,TEACH,,Reliability is about continuing to work correctly,Classified,c5f08945e9e19a2591ec453c079b5789af61c6bbf448cf0e4d12703fa0987106
039,7,explanation-reliability,reliability,OPTIONAL,EXTEND,,Reliability is about continuing to work correctly,Classified,1efab3cfef68d1695863399e5d3562141f97a5f8fa11d078fbc476ceb1514e0f
039,8,mitigation,mitigation,CORE,TEACH,,Mitigation must match the risk,Classified,a753fbb894ccbe0b92c74a3ebcd0f9a961ee8f7dbe7c3a05f3d2d8317c38776b
039,9,explanation-mitigation,mitigation,OPTIONAL,EXTEND,,Mitigation must match the risk,Classified,cdc0d9311c6bfcf4444e90ca13ecc8610455c9a69690d0f42d5f13c1d7c43866
039,10,tool,tool,OPTIONAL,PRACTISE,,Environmental risk evaluator,Classified,0d43d4405166a3b2760706f994424d0317fb97cec6dc937b48fd7126611647a6
039,11,examples,examples,CORE,TEACH,,Write reliability answers that earn marks,Classified,fea21fdb984b300ec949efeec558b344278f337b3a6159ec6ae1f915d3c811bb
039,12,practice,practice,CORE,PRACTISE,,Practice with instant checking,Classified,5ca5af8f97f67f2f2d8808359cb739057fcf02231c410fb89cfab4555251c617
039,13,debug,debug,CORE,CHECK,,Fix the weak reliability answer,Classified,37328c10b98754f033ae4224c8124adaa18f0ebcbd2b72dadc3bb6cc68c5a8ba
039,14,exam,exam,CORE,EXAM,,Questions with expandable MS,Classified,5e4f5b997ea861f2017aafb69e599deb4cf9648f186ac78b32a4223207f878bc
039,15,summary,summary,CORE,CHECK,,Environmental reliability in six exam sentences,Classified,b1513dabbb83fcbb2c829333f71ef6cb0058131e6f713afbcb7c485dfdec73e5
039,16,homework,homework,AFTER_CLASS,HOMEWORK,,Clear tasks,Classified,2825f2caccaf01293ca6b29bdb9623ad3825fb740ca531692635fa59cf2a78f6
040,1,overview,overview,CORE,TEACH,,Review is not rereading. Review is catching your brain pretending it remembers.,Classified,1660b9ea8c94836d9e3173f901b575d2fecffcbd3ede44212d656f16692bcfaa
040,2,delivery-02,overview,CORE,TEACH,,Why this matters,Classified,880d993a77a9f83c7513c0ddb677d7b2b253c6aa42872ec91a789a30d17fb380
040,3,hook,hook,CORE,ASK,,Which syllabus concept is required for each mixed question?,Classified,6d512de7c7cc388fdf18a3b0727038acc6549d9213c2437a2f843803b5a669e0
040,4,map,map,CORE,TEACH,,Section 3 topic map,Classified,eec5816ef84a33731219bc7cfcf6074b772985758146c9d989ae7bae4361158a
040,5,explanation-map,map,OPTIONAL,EXTEND,,Section 3 topic map,Classified,0407db25046f092aeed825a396cfbc7d4209d59d0cffae2f8b44149195342704
040,6,skills,skills,CORE,TEACH,,"Three review skills: compare, justify, calculate",Classified,bbdb85ec34972bddfc0a8e5216b4c4bded353935fedd4361869794eef7a11652
040,7,explanation-skills,skills,OPTIONAL,EXTEND,,"Three review skills: compare, justify, calculate",Classified,d5c0fd0d0c42dfd12d44a50b8b2685793d7b342dae5b764c41ebd9aa0e96dcb2
040,8,checkpoint,checkpoint,CORE,TEACH,,Short timed review structure,Classified,ff5bc0dec675a613a872458b8f16d66f3054f4b45dcf2b26b54a71f84e18f83e
040,9,explanation-checkpoint,checkpoint,OPTIONAL,EXTEND,,Short timed review structure,Classified,a39ede39acc7418bb25206dbc1a4d067ca1ff832d37949d0c90f3ad0f4a0749a
040,10,tool,tool,OPTIONAL,PRACTISE,,Question sorter,Classified,192ba597fa4474ee553308fba7315cad3607be441b5ce8e13694106b20811682
040,11,examples,examples,CORE,TEACH,,Annotate what earns marks,Classified,f2b3df0f69e1c9fc31b4938464b90db9b950e656301714531ae3fa6b5f091c49
040,12,practice,practice,CORE,PRACTISE,,Practice with instant checking,Classified,753ccda865163d2fb7fcb435bbbafb84e52f82ff41efe11a286411c80f12ca22
040,13,debug,debug,CORE,CHECK,,Rewrite weak review answers,Classified,82c340f09cacd913ee36ff8ff57dc4f77740cd9ac4c407516dad4bdca4e11bfc
040,14,exam,exam,CORE,EXAM,,Section 3 mixed questions with expandable MS,Classified,84047789a20343f4dd9c206f99d35b1217ba5d11c82e69ce402b1a7450f56a3b
040,15,summary,summary,CORE,CHECK,,Section 3 review in six exam habits,Classified,28dfd8b1f17e9540e1e214af4ebdcf6515b9b8fb18bb7f68b3160108fb9429ff
040,16,homework,homework,AFTER_CLASS,HOMEWORK,,Clear tasks,Classified,021c54791fd2cbcae3ed4b747bb42a581c93cbd700f45df136ec6072a06a5eb7
041,1,stage2-completion,stage2-completion,CORE,TEACH,,Von Neumann architecture and CPU components,Classified,9abce5dcf70992cd547d7c021c13a4e1a3ee4e3518cdf892b25402619742739e
041,2,explanation-architecture,architecture,CORE,TEACH,,Why a CPU divides specialised work,Classified,95480efba201193f71456a8a048b50bb9016e305fac7b67bf2b9c80263bfd95d
041,3,stage2-practice,stage2-practice,CORE,PRACTISE,,Von Neumann architecture and CPU components: apply and assess,Classified,483747ea96b117743bb50fc01013651f1b3ec9d1a6520826f696a0529f6ceb35
041,4,overview,remediation-v2-stage3-optional-041,OPTIONAL,EXTEND,,CPU components perform distinct and coordinated functions.,Classified,530592a0a82807401995e5398b97b742e3163096f618b4173d2f61ab4b235e4b
041,5,delivery-02,remediation-v2-stage3-optional-041,OPTIONAL,EXTEND,,Why this matters,Classified,51c7db4c0885d06b47924f231d85d66781b296ab9895f303cc2040bfcde54777
041,6,hook,remediation-v2-stage3-optional-041,OPTIONAL,EXTEND,,A computer adds 23 and 19. Which CPU part deserves the credit?,Classified,9f0a55933f79b5e66e32fc0ad6867724921a70fc97e31e3adee53f2fad586a35
041,7,architecture,remediation-v2-stage3-optional-041,OPTIONAL,EXTEND,,CPU architecture is about cooperating parts,Classified,a128c4208b76fdceef97f85b93a176c10daea1b65dbe5d05edc6528391de3329
041,8,cpu-map,remediation-v2-stage3-optional-041,OPTIONAL,EXTEND,,"Inside the CPU, outside the CPU, and what connects them",Classified,7eed84ff90a2987774597fe00660058ccb46ee4017817a147bbaa8e22ccd481b
041,9,explanation-cpu-map,remediation-v2-stage3-optional-041,OPTIONAL,EXTEND,,"Inside the CPU, outside the CPU, and what connects them",Classified,25c9df6deb2158f8c4591258cacd63448762b541bf5de668cdfe28e689c2c668
041,10,alu-cu,remediation-v2-stage3-optional-041,OPTIONAL,EXTEND,,ALU and CU: do not swap their jobs,Classified,e328fd286da850ef51f02935aef99e44d53fe81fe88901aaf5516ef689fbe852
041,11,explanation-alu-cu,remediation-v2-stage3-optional-041,OPTIONAL,EXTEND,,Why control and calculation are separate,Classified,6eab183ea823eeb1094a80c34555b8a3df54f4c1e3a7fcb7ac2ae24ff1c03477
041,12,registers,remediation-v2-stage3-optional-041,OPTIONAL,EXTEND,,"Registers, buses and clock",Classified,46b726bd6f5b17c99f5caf2d02ee5da20d5f8bbd76588c8e0e6c44fc6bc836d5
041,13,explanation-registers,remediation-v2-stage3-optional-041,OPTIONAL,EXTEND,,"How registers, buses and clock stay aligned",Classified,4b9f7f98af5625bbaa032b1126d1c03b566cbb88fc45824ca876e39216a92c0c
041,14,tool,remediation-v2-stage3-optional-041,OPTIONAL,EXTEND,,CPU component mapper,Classified,6bdf63d2d599378c30cdbcd6fe36baf317a8c7935265166fec2a5f86433af678
041,15,examples,remediation-v2-stage3-optional-041,OPTIONAL,EXTEND,,Build answers from exact component roles,Classified,13bdbac1f79ad143781d0f7a82d10e51bc9fe0cfa808b930793bee2e2bee531d
041,16,practice,remediation-v2-stage3-optional-041,OPTIONAL,EXTEND,,Practice with instant checking,Classified,899596224041a9569104d5f8372a9d61427f9a49058c7f266db26dda327a99db
041,17,debug,remediation-v2-stage3-optional-041,OPTIONAL,EXTEND,,Fix the wording before it loses marks,Classified,ea95d5d3eda95e997c9cc00020bca3df7fe7fa802f2f5d3ebce1fbb569e331aa
041,18,exam,remediation-v2-stage3-optional-041,OPTIONAL,EXTEND,,Cambridge-style questions with expandable mark schemes,Classified,ae3c9c1774f25c9bc8fba08b121ef3f068c3a37ec79ce139d23e2639ecc33323
041,19,summary,remediation-v2-stage3-optional-041,OPTIONAL,EXTEND,,"One CPU, several specialised jobs",Classified,093c5c8bb505d10f59cb11931905af653cb7736fe2ecf34e7e863a6bf5d99a1b
041,20,homework,homework,AFTER_CLASS,HOMEWORK,,Make the architecture answer-ready,Classified,0fa91cc1a2a98b6fb423a7df35497685d4f57832df0c3f3af7fd75994ed42615
042,1,stage2-completion,stage2-completion,CORE,TEACH,,Register-transfer notation for the fetch-decode-execute cycle,Classified,6d53f2c12a4808854232293df617334c417fe5fa4b1098c2b39a36af513813d8
042,2,explanation-processor,processor,CORE,TEACH,,Registers and buses: the FDE cycle vocabulary,Classified,d1f382ffa16eb3da9dba4fb2a4526e9e7db523479433b9c832549f18952e3811
042,3,stage2-practice,stage2-practice,CORE,PRACTISE,,Register-transfer notation for the fetch-decode-execute cycle: apply and assess,Classified,444d36c93431a85f8bb434667ecb56498974a52e302e8d9845b54c5790d5898d
042,4,overview,remediation-v2-stage3-optional-042,OPTIONAL,EXTEND,,The CPU follows a routine. It is not improvising jazz with your instructions.,Classified,af13875abf9cd8120e06fab7f8066de303a7c6b44353d1bf7c07a3fda56bd0a7
042,5,delivery-02,remediation-v2-stage3-optional-042,OPTIONAL,EXTEND,,Why this matters,Classified,da9320ce941f94a5d04e68d03110f3a110e58322119704044eb5fec5ddbc32a3
042,6,hook,remediation-v2-stage3-optional-042,OPTIONAL,EXTEND,,A CPU wants the next instruction. Where does it look first?,Classified,fe4d8f434b422e8160491403fa3d2c3e2165d9dbd957dc5706efb1704ab31cf4
042,7,cycle,remediation-v2-stage3-optional-042,OPTIONAL,EXTEND,,The cycle in one clean sentence,Classified,5c3b499b832b2be2ad43f8d399bf7d3623011779fa2987efd89711896e6a3289
042,8,explanation-cycle,remediation-v2-stage3-optional-042,OPTIONAL,EXTEND,,The cycle in one clean sentence,Classified,b3c631ec29ccb009fc6250091f42979adc915e6bee29dc91db0e4f22bf560ece
042,9,cycle-visual,remediation-v2-stage3-optional-042,OPTIONAL,EXTEND,,Trace one instruction through the fetch stage,Classified,4f3fe7225ef39257fd429cb7dc49e0cf6fd1ef35ed9da68dd99a976952bc8649
042,10,explanation-cycle-visual,remediation-v2-stage3-optional-042,OPTIONAL,EXTEND,,Trace one instruction through the fetch stage,Classified,44830c444ac444758b8d8a6f752b988d2f8e32f5d4b8ec342305ea29118837d6
042,11,fetch,remediation-v2-stage3-optional-042,OPTIONAL,EXTEND,,Fetch stage: the register sequence,Classified,7aab81584aced667f0dde29d50ee61f63565f79fd4e41c652434dbf118b3fd74
042,12,explanation-fetch,remediation-v2-stage3-optional-042,OPTIONAL,EXTEND,,Fetch stage: the register sequence,Classified,b400e63ee3d353c06f8ee8e3b33fe5a138f1b594d9d175de1b1a4a8bac9ad263
042,13,decode,remediation-v2-stage3-optional-042,OPTIONAL,EXTEND,,Decode and execute are not filler words,Classified,ca6057acf66e95f9f79c88255bc9435012faadc9fe6349f9f3e8db3b6c21aa51
042,14,explanation-decode,remediation-v2-stage3-optional-042,OPTIONAL,EXTEND,,Decode and execute are not filler words,Classified,41d8f2ac7a9d178b3deef678ed0acca550dba24c1070b70d4df872e0ad8f86a8
042,15,registers,remediation-v2-stage3-optional-042,OPTIONAL,EXTEND,,The four fetch-stage names you cannot blur together,Classified,b44f2350afb935a0f22ed6c5fea7ad8c91aa11e0ccfb02554ee2ccac398bae9a
042,16,explanation-registers,remediation-v2-stage3-optional-042,OPTIONAL,EXTEND,,The four fetch-stage names you cannot blur together,Classified,93b6752632556419ce61c90cbdf9a3e3cc744277e29d4df2cfb5adaf8d09158a
042,17,tool,remediation-v2-stage3-optional-042,OPTIONAL,EXTEND,,Fetch stage sequencer,Classified,65280fbbc4a79e3f46699fbb78e9b58e8ac80cf47b099f3f6bc11cc36bd1e52f
042,18,examples,remediation-v2-stage3-optional-042,OPTIONAL,EXTEND,,"Trace the mechanism, not just the slogan",Classified,a4ca95287e84e0af1126da29d7483db37b13c1cf468ab91f28b33219eabaf0aa
042,19,practice,remediation-v2-stage3-optional-042,OPTIONAL,EXTEND,,Practice with instant checking,Classified,050fe1a7f1ee1deaab972979c55b444e2d387a516574712b17f77146337b0a32
042,20,debug,remediation-v2-stage3-optional-042,OPTIONAL,EXTEND,,Fix the sequence,Classified,8b99a53471a4290303d889028f7b6f46197d764be81955d30d69a7a36496ca32
042,21,exam,remediation-v2-stage3-optional-042,OPTIONAL,EXTEND,,Cambridge-style questions with expandable mark schemes,Classified,59a8e5426e2503597f85b903c027087588a64aef24d4ef89f2a229d624b5115f
042,22,summary,remediation-v2-stage3-optional-042,OPTIONAL,EXTEND,,"Fetch, decode, execute, repeat",Classified,58c6aca2003c8671efc920c4bf322acb0d391a4a8fdc92a28463e20ecfd3eceb
042,23,homework,homework,AFTER_CLASS,HOMEWORK,,Make the cycle sequence exam-ready,Classified,c73bacc3999ac4235613c81e5e89ca612e04fc38436833585245b5d04ca5a3a2
043,1,stage2-completion,stage2-completion,CORE,TEACH,,General-purpose and special-purpose registers,Classified,113e4f6e951e047fc5a7b1a1ce32bea22d698cebfe1b16bf1bfc0b3c8a7956ca
043,2,explanation-acc-status,acc-status,CORE,TEACH,,ACC and status register: execute-stage evidence,Classified,b694da316dd727c153322f682ecc17b41762d8a387fdc28c29d3fdc7028f0196
043,3,stage2-practice,stage2-practice,CORE,PRACTISE,,General-purpose and special-purpose registers: apply and assess,Classified,6872d85087af1a759860bb112352b39cfaf5a077662e01fcd8cbc755a8650545
043,4,overview,remediation-v2-stage3-optional-043,OPTIONAL,EXTEND,,"Registers are tiny, fast, and annoyingly specific.",Classified,e1ef3c30f231cd2034640f458c26bb5553806f3933222d7991b7891e0bbed400
043,5,delivery-02,remediation-v2-stage3-optional-043,OPTIONAL,EXTEND,,Why this matters,Classified,d0b38e11d10b20ce0d0acef50f3a1e2b76cdcb15799900d491d415c9bbbdc924
043,6,hook,remediation-v2-stage3-optional-043,OPTIONAL,EXTEND,,"Which register is holding the address, and which is holding the actual thing?",Classified,6133304d93ce8c04b2000d2707fb55a28ba69de62bfa85b5dabe80b4348f7e0b
043,7,purpose,remediation-v2-stage3-optional-043,OPTIONAL,EXTEND,,Why registers exist,Classified,f1a16f66a867856cbdfd51a80f925ee38aad82923e493f27e5bdd8378c226652
043,8,explanation-purpose,remediation-v2-stage3-optional-043,OPTIONAL,EXTEND,,Why registers exist,Classified,463490564e01922ab0db13f44ee7d34631b0651679e1bcd751259a9cb846a966
043,9,main-registers,remediation-v2-stage3-optional-043,OPTIONAL,EXTEND,,The six register roles,Classified,482db3719293a1765123ed04ff8f3b8389f770f535b7a3d29937ead7b428521c
043,10,explanation-main-registers,remediation-v2-stage3-optional-043,OPTIONAL,EXTEND,,The seven named register roles,Classified,d40f7781dfb657c0788d205faa4f02ca882075575c321a8ad79c0001a8756fb1
043,11,acc-status,remediation-v2-stage3-optional-043,OPTIONAL,EXTEND,,ACC and status register: execute-stage evidence,Classified,b7b8a6accbbe955509e7edf884dc0b7cdcf2f5c997b7db638d5ff5f3be9339bd
043,12,tool,remediation-v2-stage3-optional-043,OPTIONAL,EXTEND,,Register role mapper,Classified,6b3ec1c3293b7214091b5234b05068e027b15cda1064ae076c4c8c0cbabf0712
043,13,examples,remediation-v2-stage3-optional-043,OPTIONAL,EXTEND,,Use the register when it does work,Classified,bad5140510d29eb52b5f8ecf355def8155c1885328d5ac604386d19797ffad27
043,14,practice,remediation-v2-stage3-optional-043,OPTIONAL,EXTEND,,Practice with instant checking,Classified,e1a696c06623b41e4973bf2cbdbee16364e2e54356eb8af0b60d36fff622889b
043,15,debug,remediation-v2-stage3-optional-043,OPTIONAL,EXTEND,,Repair the register role,Classified,c588a62affe276108b1bc605783bc271dbd6594004794208bbe4d302a3b7bd7c
043,16,exam,remediation-v2-stage3-optional-043,OPTIONAL,EXTEND,,Cambridge-style questions with expandable mark schemes,Classified,587e4e2f536aaa6f6ea0ced6b20b63201fc24d4e60a645b3504bf8152b06c028
043,17,summary,remediation-v2-stage3-optional-043,OPTIONAL,EXTEND,,One line per register,Classified,414eb28285da44106120a0eab0d90f31da03fec49ed0e58907a15d7eb867e677
043,18,homework,homework,AFTER_CLASS,HOMEWORK,,Make each register answer-ready,Classified,361417332048da1d989c67f456448664a3164615254b50f2f6c19175c14c5aab
044,1,stage2-completion,stage2-completion,CORE,TEACH,,System buses and peripheral ports,Classified,30ebf098694c4328070c1a2a7bed5eb378d1598945f7c94e7cf531a8f3b3ad8b
044,2,stage2-practice,stage2-practice,CORE,PRACTISE,,System buses and peripheral ports: apply and assess,Classified,8b27908ee03e6bca77a03fdf5eb3cdc6cc17d9af0f583a89029ce59959265502
044,3,overview,remediation-v2-stage3-optional-044,OPTIONAL,EXTEND,,Buses move signals. They are not tiny school buses full of bytes wearing backpacks.,Classified,e981ef0ac01ae8726b82273bbd4a148180f63468cbce084116d2b1213b749b85
044,4,delivery-02,remediation-v2-stage3-optional-044,OPTIONAL,EXTEND,,Why this matters,Classified,26cbf942aaf275e0b91f95ae1ecde93e45c66561c6a4b6e161f58238c4560427
044,5,hook,remediation-v2-stage3-optional-044,OPTIONAL,EXTEND,,The CPU wants to read memory address 500. Which bus carries 500?,Classified,5c344b649c2e5e1a36b51da42d954e44a84cf8006468bd736f623a9454d86aaa
044,6,concept,remediation-v2-stage3-optional-044,OPTIONAL,EXTEND,,What a system bus does,Classified,2863455636c117e8a1c7be547927bf87650e552b768481598fda5f26e813f823
044,7,explanation-concept,remediation-v2-stage3-optional-044,OPTIONAL,EXTEND,,What a system bus does,Classified,bc526f76c3ddb34522405af93dd574ccbdd31e03c46b20441213b7b6a1340a79
044,8,three-buses,remediation-v2-stage3-optional-044,OPTIONAL,EXTEND,,The three buses,Classified,50130408cac7c9dd1e72fa6addd6fe80281085583478d2bbeebdc0f6c06de170
044,9,explanation-three-buses,remediation-v2-stage3-optional-044,OPTIONAL,EXTEND,,The three buses,Classified,6f8e5d9629c85bb908cb5020e0934db32107d80c7e2f77de8b59f0a195ec6703
044,10,read-write,remediation-v2-stage3-optional-044,OPTIONAL,EXTEND,,Read and write traces,Classified,0befb8ee2f0daa35b1641bd7958b60035232661dcc87557b57f94525bdc4e008
044,11,explanation-read-write,remediation-v2-stage3-optional-044,OPTIONAL,EXTEND,,Read and write traces,Classified,291b4606155e23885646c5c835044fff4c48ec76d564509cc0b755e27c33ed7a
044,12,width,remediation-v2-stage3-optional-044,OPTIONAL,EXTEND,,Bus width and addressable locations,Classified,7567b9ed4c774103a4e4527b7353c96c63d6fc5ab8435129400be8cab314b409
044,13,tool,remediation-v2-stage3-optional-044,OPTIONAL,EXTEND,,Bus role mapper,Classified,5e0c4b1c4fed1e4012e929e658f55c773d91c78b4a9bdd8c4c99536d449fb94f
044,14,examples,remediation-v2-stage3-optional-044,OPTIONAL,EXTEND,,Sort the signal before writing the sentence,Classified,e0a5d2d0cf4c643f2e595723179fab64d51c2e3fffb73b0cf731b41a04568645
044,15,practice,remediation-v2-stage3-optional-044,OPTIONAL,EXTEND,,Practice with instant checking,Classified,a0a29370a0d7d4737349af96c8f08293510f5534791cc9460eddabcd4ffb639c
044,16,debug,remediation-v2-stage3-optional-044,OPTIONAL,EXTEND,,Fix the bus confusion,Classified,2fb71a34a4d0ec993ce7d8e2835bbba1fcc759857e72925636ff42405812b9aa
044,17,exam,remediation-v2-stage3-optional-044,OPTIONAL,EXTEND,,Cambridge-style questions with expandable mark schemes,Classified,366e86991c3528e161c785d7749f685d71ce3b2019aec892fbaf90c64e022785
044,18,summary,remediation-v2-stage3-optional-044,OPTIONAL,EXTEND,,"Three buses, three jobs",Classified,43e4b7ee156887f15ee6fbe64ff7a8039b0c76c2378592e79dd0ecd17e9fdfe2
044,19,homework,homework,AFTER_CLASS,HOMEWORK,,Make bus answers precise,Classified,c0ac786bb2017973863010d5c781db429e0fb91381158aad67ae2e987a604624
045,1,stage2-completion,stage2-completion,CORE,TEACH,,Assembly language and machine code,Classified,d20b0b7ca71b6f4e42b0994ae55be2d74c964619703254a9b94e40b5ab16ce94
045,2,explanation-machine-code,machine-code,CORE,TEACH,,Machine code is binary instructions for the CPU,Classified,903f5facacd9005aa30a4b12685395316ed1e9ca21d9582c1f3f50b7bb8f639f
045,3,stage2-practice,stage2-practice,CORE,PRACTISE,,Assembly language and machine code: apply and assess,Classified,b856fbefaa13cd31847e52ac1dc22dbab9f5559552552629938eebede459d520
045,4,overview,remediation-v2-stage3-optional-045,OPTIONAL,EXTEND,,A processor executes instructions defined by its instruction set.,Classified,b01d2cb64b2e8c618c6efd091eefc1f6ffaf13c0e2ffbc480f0123a8cce14ee4
045,5,delivery-02,remediation-v2-stage3-optional-045,OPTIONAL,EXTEND,,Why this matters,Classified,0ff75818f993d8b6d3095733faa089af52fbacedebeab85bba9f9925914230aa
045,6,hook,remediation-v2-stage3-optional-045,OPTIONAL,EXTEND,,Two CPUs see the same bits. Why might they do different things?,Classified,0abe7a3b8560603d0fd04aafd34151390318b97674148355ccf778f7c7a49359
045,7,instruction-set,remediation-v2-stage3-optional-045,OPTIONAL,EXTEND,,What is an instruction set?,Classified,9e97ecfb46f5fe61fb844e1beb6f0ba089c086a2570e349dbe59933793653946
045,8,explanation-instruction-set,remediation-v2-stage3-optional-045,OPTIONAL,EXTEND,,What is an instruction set?,Classified,b0e343256addb27f6bd598f80f1d1481164b67293e7128eeadc16166540052b7
045,9,machine-code,remediation-v2-stage3-optional-045,OPTIONAL,EXTEND,,Machine code is binary instructions for the CPU,Classified,4437f27299d71a18eae83e1a85ddb013d60916519b71e5ece5b513779d59b457
045,10,opcode,remediation-v2-stage3-optional-045,OPTIONAL,EXTEND,,Opcode and operand,Classified,4f2a874eb024fcb6329b0000b8c8a44bbec5f0ac9515727d913fbb7046812171
045,11,explanation-opcode,remediation-v2-stage3-optional-045,OPTIONAL,EXTEND,,Opcode and operand,Classified,6e525c3fe3664b0b727c732962319244ce58b7e2cae9079c244f76ddac4039c0
045,12,compatibility,remediation-v2-stage3-optional-045,OPTIONAL,EXTEND,,Instruction sets and compatibility,Classified,ed22e14dd95e7782157631b8929e5ac891ab887e16d4d10b1cd376562c6598ca
045,13,explanation-compatibility,remediation-v2-stage3-optional-045,OPTIONAL,EXTEND,,Instruction sets and compatibility,Classified,7780868beeef097d768fe9696f96f15ca36eebebab3662c6fa5f5813812ac843
045,14,tool,remediation-v2-stage3-optional-045,OPTIONAL,EXTEND,,Simple instruction decoder,Classified,040b78f559b032bf5344239765a2278f0983a029aa1c4269fbeb4e4a631f1ca8
045,15,examples,remediation-v2-stage3-optional-045,OPTIONAL,EXTEND,,"Decode the instruction, then explain it",Classified,d5801282985bffc6858b516ecc26304187f20af2cbfc4576a3e91ca5456699f5
045,16,practice,remediation-v2-stage3-optional-045,OPTIONAL,EXTEND,,Practice with instant checking,Classified,c254f8dc53c7dd58c71e47883336c96d6540a696b579d9a47b5cc4c1d43b51a7
045,17,debug,remediation-v2-stage3-optional-045,OPTIONAL,EXTEND,,Fix the vocabulary,Classified,2fa541d8796bc5940fc89d129e8ccd34100f2e4f08819724267114ff7c58ba03
045,18,exam,remediation-v2-stage3-optional-045,OPTIONAL,EXTEND,,Cambridge-style questions with expandable mark schemes,Classified,ed61b547ade6397ee6eb87111000064732c5d679a0f3023fce50ada3d6f0bbd6
045,19,summary,remediation-v2-stage3-optional-045,OPTIONAL,EXTEND,,Meaning comes from the instruction set,Classified,4eeae154157ebf564148ab133810007990f3aab90305fb76b69444a32353a515
045,20,homework,homework,AFTER_CLASS,HOMEWORK,,Make instruction wording precise,Classified,c7f6a9fafe7f97e7b31446736e609e8d8d8c4c45c086cf5090f69542d3cd4cf8
046,1,stage2-completion,stage2-completion,CORE,TEACH,,"Two-pass assembly, program tracing and the instruction set",Classified,e134d1e8109463668aecde58125acf774cd0f7110a6d587c24ff6074ef075eec
046,2,explanation-assembler,assembler,CORE,TEACH,,"Instruction groups: data movement, I/O, arithmetic, control and compare",Classified,c289ca201985a44aedc86bbef24d7999ee5395f9f8606a7f858cf287738f6395
046,3,stage2-practice,stage2-practice,CORE,PRACTISE,,"Two-pass assembly, program tracing and the instruction set: apply and assess",Classified,7a9321612d85202e785b3b5418e9ad75480e3907a8c3907b686a3fe678933a4b
046,4,overview,remediation-v2-stage3-optional-046,OPTIONAL,EXTEND,,"Assembly is readable machine thinking, not friendly small talk.",Classified,b8e5bfe106df729188fc9cc0bf47c2f39c1cf8e17ca24d70def91f1c09cfb249
046,5,delivery-02,remediation-v2-stage3-optional-046,OPTIONAL,EXTEND,,Why this matters,Classified,e5a6b1675ce86e05584f0612ddb9becae79a3e5664f46edb1c976805b6df68a7
046,6,hook,remediation-v2-stage3-optional-046,OPTIONAL,EXTEND,,Which part of `ADD 90` is the mnemonic?,Classified,9f3a74c985260227aafb7c0f8be68fc5ac01d16e5905490c8c7b75dd1dec2dcc
046,7,assembly,remediation-v2-stage3-optional-046,OPTIONAL,EXTEND,,What assembly language is,Classified,cbe4510ba1dba00ed16259e4916b474fef58b4dd4e6c0bd30d1d63c649785667
046,8,explanation-assembly,remediation-v2-stage3-optional-046,OPTIONAL,EXTEND,,What assembly language is,Classified,fb697e05d98866a5aef6b5838fe2872e8b6f9a7fe8309fc05bb5ab1642b68376
046,9,mnemonics,remediation-v2-stage3-optional-046,OPTIONAL,EXTEND,,Mnemonics represent operations,Classified,71383c7a8b8a061ad7f4a37c7c6420cdcc0e22515b023e8b3ad6638eed8809e9
046,10,explanation-mnemonics,remediation-v2-stage3-optional-046,OPTIONAL,EXTEND,,Mnemonics represent operations,Classified,8d6fd462a47c3397ebde5f980f36a775d9fb5f18955d8468b0b8bbb181d3de74
046,11,structure,remediation-v2-stage3-optional-046,OPTIONAL,EXTEND,,Structure of a simple assembly line,Classified,453335204a71063503c3d8aaf5b72c36e1fc7326f2cdd0cc5a04bab63c7b5c62
046,12,explanation-structure,remediation-v2-stage3-optional-046,OPTIONAL,EXTEND,,Instruction labels and symbolic data addresses,Classified,6776ac6afa6ef538f99f97a29cbbcf7d0207922eb27a5647da662f9089bec2b5
046,13,assembler,remediation-v2-stage3-optional-046,OPTIONAL,EXTEND,,Assembler: text to machine code,Classified,30539a3a2b07f764cb31cdc87564522b7736c941e643117e417b8659217d85d7
046,14,tool,remediation-v2-stage3-optional-046,OPTIONAL,EXTEND,,Assembly instruction parser,Classified,ae97b64ba755bd6cd1ef46dc4138232e6b512f386c0a47ba8e30ff00d4a79c09
046,15,examples,remediation-v2-stage3-optional-046,OPTIONAL,EXTEND,,Read assembly like a structured sentence,Classified,a4ce5c5e1f8d335e49437e0e118ff9183cf3d6003d76831f73f1039d598c4b42
046,16,practice,remediation-v2-stage3-optional-046,OPTIONAL,EXTEND,,Practice with instant checking,Classified,fbb7c33abe700d02018e6eeb2954e2e31080c85000ac6a0435a58a07a107e6db
046,17,debug,remediation-v2-stage3-optional-046,OPTIONAL,EXTEND,,Fix the assembly misconception,Classified,b712acada4b8c3ec12113ed7293bf672424ba6f78bdcbcdc5cd4a0b8e4aa6f65
046,18,exam,remediation-v2-stage3-optional-046,OPTIONAL,EXTEND,,Cambridge-style questions with expandable mark schemes,Classified,652bd624664dd55b967bb2aea826daa6b71d2b168b9e551e9d5d180ca704427d
046,19,summary,remediation-v2-stage3-optional-046,OPTIONAL,EXTEND,,"Readable, low-level, still translated",Classified,f6d4035cc92c500fd871cca6001e85705984d6bd0ce0d5cd2e08df0cc331b2c0
046,20,homework,homework,AFTER_CLASS,HOMEWORK,,Make assembly vocabulary exam-ready,Classified,415685f727697b44decdd263fd6c93b76df434b1f9803f17a8579f16ca8b30cd
047,1,stage2-completion,stage2-completion,CORE,TEACH,,Addressing modes and address-sensitive instructions,Classified,b9630d51d84835d7c9e5e647daa60631524e088ebacbf0c4151557b6da0a67a8
047,2,explanation-effective,effective,CORE,TEACH,,"Official LDR, CMI, JPE and JPN semantics",Classified,3e5d27d1e387c2eec707ff88746bcbd382239f3c756c8916b3ce641f4faf36d0
047,3,explanation-arrays,arrays,CORE,TEACH,,Indexed addressing and arrays,Classified,52ccc1f2243eb27a89082ea2c3f114b7535fc365d6aacbc5af3f9f58559bd7ff
047,4,stage2-practice,stage2-practice,CORE,PRACTISE,,Addressing modes and address-sensitive instructions: apply and assess,Classified,d7ac20191cfef69446e41be355f0005fe8f756397e0b4cf774b63fe8df680624
047,5,overview,remediation-v2-stage3-optional-047,OPTIONAL,EXTEND,,The operand is not always the thing you want. Sometimes it is a treasure map.,Classified,20eb2422715f53ca20521c606a349a97ef1abca53c150d76de8e8a9295821081
047,6,delivery-02,remediation-v2-stage3-optional-047,OPTIONAL,EXTEND,,Why this matters,Classified,43f47ec4b5af06bfc151074f80a977b9fece2105ce7c08b19bb5c01f0d4d466c
047,7,hook,remediation-v2-stage3-optional-047,OPTIONAL,EXTEND,,`LOAD #20` and `LOAD 20` look similar. Do they mean the same thing?,Classified,4f201f8515d5253efa1833d5edb508febe647e6173d82d8001aaf354316545c2
047,8,concept,remediation-v2-stage3-optional-047,OPTIONAL,EXTEND,,Addressing mode means operand interpretation,Classified,07e61c16eef9a098f25f074714c476190ad49a39db68c633dee16c24a66a7e87
047,9,explanation-concept,remediation-v2-stage3-optional-047,OPTIONAL,EXTEND,,Addressing mode means operand interpretation,Classified,24b0ebc9a2615c22293b8dda4bc020605dc7c62f5d916c6c762255baa9b6ec99
047,10,modes,remediation-v2-stage3-optional-047,OPTIONAL,EXTEND,,Four common addressing modes,Classified,2cbaa1288a1b8fca0e675b8a21756215f597d82a19034cb581b56fab66509609
047,11,explanation-modes,remediation-v2-stage3-optional-047,OPTIONAL,EXTEND,,Five addressing modes,Classified,b0f1b112dcf4105ef149d53b00ba70c6d46eb779c0f7cf48309415e63cec763f
047,12,effective,remediation-v2-stage3-optional-047,OPTIONAL,EXTEND,,Effective address: where the CPU actually reads,Classified,fb4e6d3fd6f7b2098efbddbd83eba3951cc4c7ed37169b11b9f5edfacb8963ce
047,13,arrays,remediation-v2-stage3-optional-047,OPTIONAL,EXTEND,,Indexed addressing and arrays,Classified,388f949f33566002b3f566574a8fbb59c3debbdc88826bec6e295724e6593529
047,14,tool,remediation-v2-stage3-optional-047,OPTIONAL,EXTEND,,Addressing mode simulator,Classified,a8a6e0f9277afa149e88c75fe0eec52749928def5571c0ecda902d29bbf42565
047,15,examples,remediation-v2-stage3-optional-047,OPTIONAL,EXTEND,,Trace the operand interpretation,Classified,73986d29f8af3d7df9bad4addd2412e0234ea9b3b783060b6591aab538f29970
047,16,practice,remediation-v2-stage3-optional-047,OPTIONAL,EXTEND,,Practice with instant checking,Classified,d33acc852482db60c4902bba82eab6783e3c604b350438f42310a418b7ffeb48
047,17,debug,remediation-v2-stage3-optional-047,OPTIONAL,EXTEND,,Fix the operand interpretation,Classified,3f20b5d35c5bcc0561885baf8e2bcf346379c673b7381b7d95b12bfd2bb6e0be
047,18,exam,remediation-v2-stage3-optional-047,OPTIONAL,EXTEND,,Cambridge-style questions with expandable mark schemes,Classified,296327aaf550e5942387b7781268d0caf3857014dcd431baaae26473b3944e8b
047,19,summary,remediation-v2-stage3-optional-047,OPTIONAL,EXTEND,,Operand meaning depends on mode,Classified,b6a2837a88b1092c10a276b2a23338c5ea2373d498f51090edeae82b6cbbaf81
047,20,homework,homework,AFTER_CLASS,HOMEWORK,,Make addressing mode traces exact,Classified,fa0815a8b54217661d7d51f5d518468f2d11a7fcf304660a721bc9c059b02ea5
048,1,stage2-completion,stage2-completion,CORE,TEACH,,"Interrupt causes, detection and handling",Classified,2048c0e5f8fc1dec96213c4270a7e083584e2a96f86e20bd8416b49f8c0375b3
048,2,stage2-practice,stage2-practice,CORE,PRACTISE,,"Interrupt causes, detection and handling: apply and assess",Classified,6f168ff187488bb0a5829844db200b9c5a58ed1de955d9f4e25f8a81e8b549dc
048,3,overview,remediation-v2-stage3-optional-048,OPTIONAL,EXTEND,,An interrupt is the CPU's polite emergency bell.,Classified,5f2de7e2327e5a90d176599b1fd3d104e445c915d9af2438fcab1d83fd492955
048,4,delivery-02,remediation-v2-stage3-optional-048,OPTIONAL,EXTEND,,Why this matters,Classified,2599ff28d3fbb229dfdb3011974856fb84765199431728fb668201193180ab3b
048,5,hook,remediation-v2-stage3-optional-048,OPTIONAL,EXTEND,,The keyboard needs attention while a program is running. What should the CPU do?,Classified,61b38b70de10b339792405269d54d6e6d11732da4cef2df58cec6f071bab4af6
048,6,concept,remediation-v2-stage3-optional-048,OPTIONAL,EXTEND,,What an interrupt is,Classified,d999b10c43c0df039dd07461f8cac0238463edbd9d307261c091ee9d1acaf2ea
048,7,explanation-concept,remediation-v2-stage3-optional-048,OPTIONAL,EXTEND,,What an interrupt is,Classified,65218f2e69e7280773b9f60db2812046ebd9fd5cdb146b90ca70f260407d34e9
048,8,sources,remediation-v2-stage3-optional-048,OPTIONAL,EXTEND,,Where interrupts come from,Classified,5f835b77ccc3428cca0166c835f607c0e12c8a5896b3e501975c7a16c5f3f84c
048,9,explanation-sources,remediation-v2-stage3-optional-048,OPTIONAL,EXTEND,,Where interrupts come from,Classified,a72112b46c88e07d5d51f32e26c0281d835a9a24b3dafb1a33e94b1fc304c13e
048,10,cycle,remediation-v2-stage3-optional-048,OPTIONAL,EXTEND,,The interrupt handling cycle,Classified,3230122c47668804f6262d21241544214de7d458162ca7362fb0463992c664c9
048,11,explanation-cycle,remediation-v2-stage3-optional-048,OPTIONAL,EXTEND,,The interrupt handling cycle,Classified,cc700bd4e5b95f0445d9b310615a865712ba8167232cf3eb945e5d477f79fb7c
048,12,priority,remediation-v2-stage3-optional-048,OPTIONAL,EXTEND,,Priority and masking,Classified,1451ee369aff50af765741aac0d8efaa7537774320aa980faa8f89171370a8e1
048,13,explanation-priority,remediation-v2-stage3-optional-048,OPTIONAL,EXTEND,,Priority and masking,Classified,030a9662b0a550d42ad70471b00afe340182cd45849e76b383af47c61add47c4
048,14,polling,remediation-v2-stage3-optional-048,OPTIONAL,EXTEND,,Interrupts versus polling,Classified,e71b28d68bcd76b604b80aa2871c868c4d4e2f5b58fbbdbcec9baacf24261ed7
048,15,explanation-polling,remediation-v2-stage3-optional-048,OPTIONAL,EXTEND,,Interrupts versus polling,Classified,eab4a8bee10c9ee0b9230cfa22276230b16385674850a6d537c910ec0d05e0fd
048,16,tool,remediation-v2-stage3-optional-048,OPTIONAL,EXTEND,,Interrupt handling simulator,Classified,f8f2131729aef02b7e5e35efaba112a33c42a3f276e10754341f9d6d2ca6caf8
048,17,examples,remediation-v2-stage3-optional-048,OPTIONAL,EXTEND,,"Trace the interrupt, not just the device",Classified,49e290da996b799bc9ec98e446929a5831cb87b28c554f69994eecdd133d03dd
048,18,practice,remediation-v2-stage3-optional-048,OPTIONAL,EXTEND,,Practice with instant checking,Classified,82f58b5ba54972164e10b78a79bb1a71ffdb1d45686d5b99e658495b82f81d84
048,19,debug,remediation-v2-stage3-optional-048,OPTIONAL,EXTEND,,Repair the interrupt explanation,Classified,65e86806fe0a1133c5b75e18f3ba852da4731c9f332102bc305d44aaa31ebe94
048,20,exam,remediation-v2-stage3-optional-048,OPTIONAL,EXTEND,,Cambridge-style questions with expandable mark schemes,Classified,a7d9c8e0e724a5da7e601f75b9cc2a13c678497e8bd421ebb56861780f00dafb
048,21,summary,remediation-v2-stage3-optional-048,OPTIONAL,EXTEND,,Interrupts are controlled pauses,Classified,379fb8d7e445c60a4b60b6967b977f3bda1e1fa8aaef0b56f7b26642ebf2d037
048,22,homework,homework,AFTER_CLASS,HOMEWORK,,Make the interrupt sequence exam-ready,Classified,00efb68c3699afbe209e3308c1ede1b663f741298519559e15a41a1907d51444
049,1,stage2-completion,stage2-completion,CORE,TEACH,,Complete processor performance factors,Classified,37723e6cafcbe7eb16a3433675c712094d6071d16cf726fb55e03d3d9e6daa8f
049,2,explanation-width,width,CORE,TEACH,,Bus width and addressable locations,Classified,8166670f9e0d3c7c7e4d6652c460720b8b9c2a02f6540e06f63860139277cce0
049,3,stage2-practice,stage2-practice,CORE,PRACTISE,,Complete processor performance factors: apply and assess,Classified,69a495732022af81ea0b2186819ecf4eabe9ed5dd7f79ff860c7ef40029b8d5f
049,4,overview,remediation-v2-stage3-optional-049,OPTIONAL,EXTEND,,Processor performance depends on several interacting factors.,Classified,6480d9d29a7e365a8c34fae8641f8379e09d25da3feba49b75e3d42661a56bfa
049,5,delivery-02,remediation-v2-stage3-optional-049,OPTIONAL,EXTEND,,Why this matters,Classified,dd778c05ceaa825e0726eaff8cd23067c585ed8abc55e060a56a08ea222056dc
049,6,hook,remediation-v2-stage3-optional-049,OPTIONAL,EXTEND,,A laptop has twice as many cores. Will every program run twice as fast?,Classified,552043347aea58456b06ac915a92d95031942f6781ab6c691d76d4232e10f2ca
049,7,concept,remediation-v2-stage3-optional-049,OPTIONAL,EXTEND,,"Processor type and number of cores, bus width, clock speed and cache memory",Classified,0d72b857975cb719fe53c546eaed1197418c76400a7604b08d9ca3e12204b4d8
049,8,explanation-concept,remediation-v2-stage3-optional-049,OPTIONAL,EXTEND,,The official processor performance factors,Classified,d6bf838674c67ca5c6abed7a8fcdcd8cf15ff8dab7ee045f18a4c05bd6a8cb91
049,9,clock,remediation-v2-stage3-optional-049,OPTIONAL,EXTEND,,Clock speed: more cycles per second,Classified,3ffda5e78d64f2c7287cfc8ccb1943f7dbb4a868d4cb61a84c927fa3609e5aa5
049,10,explanation-clock,remediation-v2-stage3-optional-049,OPTIONAL,EXTEND,,Clock speed: more cycles per second,Classified,ce37564301af1421f9c1ec9801296a765e3ac728ac7f5f760ec2747a703c0b5d
049,11,cores,remediation-v2-stage3-optional-049,OPTIONAL,EXTEND,,Cores: more independent processing units,Classified,4f1a6f6819a024e7891575fb695452ba7ba4f814dd5fe28bf0f8c92ae7103181
049,12,explanation-cores,remediation-v2-stage3-optional-049,OPTIONAL,EXTEND,,Cores: more independent processing units,Classified,664376a44f6924c98fd8e3903dfe963267fc3936d451fdf63b99477ea04b264a
049,13,cache,remediation-v2-stage3-optional-049,OPTIONAL,EXTEND,,Cache: reduce slow memory access,Classified,81e3d3457922f555a88bbc37eb3d636307f49ab8c12201eb9e5d777508dffb1f
049,14,explanation-cache,remediation-v2-stage3-optional-049,OPTIONAL,EXTEND,,Cache: reduce slow memory access,Classified,c8f388bd9f1db755dd7d88e66775adc7441311e92cccebe8743ef143320ca0cb
049,15,word,remediation-v2-stage3-optional-049,OPTIONAL,EXTEND,,Word length: bits processed as a unit,Classified,dbf8e89bd3dfe4f22ef2b2cfe9d45b7a59d2c83616f4a8014830c98067b9c986
049,16,explanation-word,remediation-v2-stage3-optional-049,OPTIONAL,EXTEND,,Word length: bits processed as a unit,Classified,3b6426ab7bdba21b67beafa85303ec4c6971d93bb468b1a9d7a8fa764bb0d0e3
049,17,limits,remediation-v2-stage3-optional-049,OPTIONAL,EXTEND,,Performance is limited by bottlenecks,Classified,25d23038d564ec73d51d780aa0062a2dca79f637ea525f72c252048eeded31af
049,18,explanation-limits,remediation-v2-stage3-optional-049,OPTIONAL,EXTEND,,Performance is limited by bottlenecks,Classified,ef7199bfbd780f86c27cd09c91a6820f754685f423874f3cf24e7d59b741af3b
049,19,tool,remediation-v2-stage3-optional-049,OPTIONAL,EXTEND,,Performance factor selector,Classified,fe9dbe711f7d8f849a43931be05d6fed1b45f99902286d20f8e00db2a4fd24b6
049,20,examples,remediation-v2-stage3-optional-049,OPTIONAL,EXTEND,,Explain the factor and the condition,Classified,9e25eb4be433ac26e06112b853dfc78265d274b69f3503ac59674cb5d5d3885d
049,21,practice,remediation-v2-stage3-optional-049,OPTIONAL,EXTEND,,Practice with instant checking,Classified,85e069582aa31fde391a546c7943cf21a50e818b9f95ed2e36666f6c641f93ab
049,22,debug,remediation-v2-stage3-optional-049,OPTIONAL,EXTEND,,Fix the performance claim,Classified,3c8b36c98f48f0ed8fc3fb7386a006e5460f16cd16ba3123a0095e38ebe87daa
049,23,exam,remediation-v2-stage3-optional-049,OPTIONAL,EXTEND,,Cambridge-style questions with expandable mark schemes,Classified,12d7bd44be9f91fa63314edfd219e12bc9e206bb08ca5cde078029c65b92f9ac
049,24,summary,remediation-v2-stage3-optional-049,OPTIONAL,EXTEND,,Explain performance with conditions,Classified,d08fdf6fa6e6567546b5df5de203a52e3e00a647caff4f3bd87bafc81719a954
049,25,homework,homework,AFTER_CLASS,HOMEWORK,,Turn vague performance claims into mark-worthy explanations,Classified,683fd02035fee64ad3352f363eaaab5412658306ba394c5b720bc05267f82dcb
050,1,stage2-completion,stage2-completion,CORE,TEACH,,Bit manipulation with masks and shifts,Classified,72b787c3fed061ef6b18cbf553b73e6932fa6fd35190623aa7691015e918088b
050,2,explanation-shifts,shifts,CORE,TEACH,,"Binary shifts: logical, arithmetic, cyclic",Classified,26bb9e3eda7c1076612f8bb7750b94841875857f6736147b8c2131f610143e4f
050,3,stage2-practice,stage2-practice,CORE,PRACTISE,,Bit manipulation with masks and shifts: apply and assess,Classified,e688d5adb278fdad1a3b8a614a97758f05bc71a57fc144a648d149f776f8522d
050,4,overview,remediation-v2-stage3-optional-050,OPTIONAL,EXTEND,,Change one bit without disturbing the rest.,Classified,9e2ee6e1325a41cdbdc72a585207f7dd6863cab23db4af3ccbb65d8a2718fd8b
050,5,delivery-02,remediation-v2-stage3-optional-050,OPTIONAL,EXTEND,,Why this matters,Classified,4270090913ae75be03f17a3d5862e75cdeb93d290ec58c2cbab8b3cb21b6bb19
050,6,hook,remediation-v2-stage3-optional-050,OPTIONAL,EXTEND,,Which operation sets bit 2 without clearing the other bits?,Classified,d0cd95d39708750202d6d0287f5da2ab7ec6380ec80bf59324c3b08651fd38ef
050,7,masks,remediation-v2-stage3-optional-050,OPTIONAL,EXTEND,,"AND, OR and XOR masks target selected bits",Classified,0e1dace998af044bc188616a20c2d96257f4a0664fc02044b0a18597ea376ee2
050,8,explanation-masks,remediation-v2-stage3-optional-050,OPTIONAL,EXTEND,,Bit masks target selected positions,Classified,ccf9fc9bffe52331e63d5804d1683f4e84887b7acc7560976c613c1a69941c4b
050,9,shifts,remediation-v2-stage3-optional-050,OPTIONAL,EXTEND,,"Logical, arithmetic and cyclic shifts have different fill rules",Classified,56320eb4f72e709d1f4519106cc5d86a0a70036671ac69214cbca5785c94b9ac
050,10,device-bits,remediation-v2-stage3-optional-050,OPTIONAL,EXTEND,,Bit fields monitor and control a device,Classified,dad381616300816009cff4865cd6e91a1c17e12d628149f753c954c77639e067
050,11,explanation-device-bits,remediation-v2-stage3-optional-050,OPTIONAL,EXTEND,,Monitor and control a device register,Classified,4af81d1c912b250d7d64ea81c562eb74c411232ad53b9822e5018c6d5c00a5bb
050,12,core-practice,remediation-v2-stage3-optional-050,OPTIONAL,EXTEND,,"Calculate, then explain the bit effect",Classified,2a0860446e4808a990876698cc7650c02e675c38e1bb856e735320da95180e22
050,13,pipeline-extension,remediation-v2-stage3-optional-050,OPTIONAL,EXTEND,,Pipelining and factors that limit performance,Classified,383faa43d534ed87181c3e6aecd236c7f55366508268ca18d522da75eb0baae1
050,14,concept,remediation-v2-stage3-optional-050,OPTIONAL,EXTEND,,Pipelining overlaps instruction-cycle stages,Classified,f51b9d8415d8b6fcfd5e3960eafa24ea58e7727b34aee93fb4985369d65fe6a1
050,15,explanation-concept,remediation-v2-stage3-optional-050,OPTIONAL,EXTEND,,Pipelining overlaps instruction-cycle stages,Classified,983764187856f097fef3b244cdd47eda0fe89d2211082bc92519d273658383cc
050,16,compare,remediation-v2-stage3-optional-050,OPTIONAL,EXTEND,,Without and with pipelining,Classified,7a531cc9d0dfa4ecc0750d77bca278d16b0b4c19b3d678c74cf17d22f4909a26
050,17,explanation-compare,remediation-v2-stage3-optional-050,OPTIONAL,EXTEND,,Without and with pipelining,Classified,f3f0f1e4fefbe854c57fe49376452844c8e73ccd9051addd26eab496199afea5
050,18,timing,remediation-v2-stage3-optional-050,OPTIONAL,EXTEND,,"Throughput improves, but latency still exists",Classified,15ff4a55d66c4b8e81aee7e45d7b63aaff822bef988b80094423d3086155be1a
050,19,explanation-timing,remediation-v2-stage3-optional-050,OPTIONAL,EXTEND,,"Throughput improves, but latency still exists",Classified,ef9d6700b7bf06745db63f8ef6867a894b47ae25998a6247257bdde938514ef3
050,20,hazards,remediation-v2-stage3-optional-050,OPTIONAL,EXTEND,,Pipeline hazards: why faster is not always simpler,Classified,3ecaef1f541bdaa70c260d82bf3b5861913f09658455620bb5c203bb9735844e
050,21,explanation-hazards,remediation-v2-stage3-optional-050,OPTIONAL,EXTEND,,Pipeline hazards: why faster is not always simpler,Classified,411241da1e7e2db879a79c3e801716549793b4e9dc5534b7599615a9a5d9eb02
050,22,stalls,remediation-v2-stage3-optional-050,OPTIONAL,EXTEND,,Stalls and flushes reduce the ideal gain,Classified,2f93f0453fc936929f294d4a3d02fdc90e598d8d91d6b4adc84272eef580f8a5
050,23,explanation-stalls,remediation-v2-stage3-optional-050,OPTIONAL,EXTEND,,Stalls and flushes reduce the ideal gain,Classified,39fab732280226d8e0fffbf89fde066e24f0c014e89048cc7bb8c654375125f5
050,24,tool,remediation-v2-stage3-optional-050,OPTIONAL,EXTEND,,Bit-operation analyser,Classified,bc5c20512b77c31a34733ae732be89309a7a9df5dd842f8feabd9a65a5c35bd0
050,25,examples,remediation-v2-stage3-optional-050,OPTIONAL,EXTEND,,"Trace masks, shifts and device bits",Classified,7242f38f084909e749e4182f960dbfa9bddbc1b0b35e7c162c8dd60f4f80aeba
050,26,practice,remediation-v2-stage3-optional-050,OPTIONAL,EXTEND,,Practice with instant checking,Classified,4270449607c94c4d7a2d67b7641cfe08a08c77361da01c4a7121e0a477e468a6
050,27,debug,remediation-v2-stage3-optional-050,OPTIONAL,EXTEND,,Fix the bit-manipulation explanation,Classified,7ad417a2bb95a465995e43dd69ef966ff217c89af02e0a34814839a430f38d7e
050,28,exam,remediation-v2-stage3-optional-050,OPTIONAL,EXTEND,,Cambridge-style questions with expandable mark schemes,Classified,095ff211803fd2d7f5d562955d58b8c503a7de1d506f312f6b2f9f248c34d738
050,29,summary,remediation-v2-stage3-optional-050,OPTIONAL,EXTEND,,Choose the operation from the required bit effect,Classified,0cee1580ddf25ef51136af59540d1267c3d576138ed386c6ce10684dc437db0b
050,30,homework,homework,AFTER_CLASS,HOMEWORK,,Make bit-manipulation answers exact,Classified,935ce6cce1bd6b5b5209991c788452d8135638e1d6b2a21ddbce438022c695b5
051,1,overview,remediation-v2-stage3-optional-051,OPTIONAL,EXTEND,,Identify the relevant processor concept before answering.,Classified,2842efffd2c293c90cd7e6209a06496be0bc4c9e1273699542c1c1573bb2e4eb
051,2,delivery-02,remediation-v2-stage3-optional-051,OPTIONAL,EXTEND,,Why this matters,Classified,4417a187a20cb2eaf5fbbe1a700177d77b1471acf7550143bddc8b1e29a54003
051,3,hook,remediation-v2-stage3-optional-051,OPTIONAL,EXTEND,,Which topic is being tested?,Classified,6ad6a93506afd57593e5e4786915a5dff3f84bdc2ce0dca958ca280ab67de604
051,4,map,remediation-v2-stage3-optional-051,OPTIONAL,EXTEND,,Section 4 concept map,Classified,e07f76c64c15e6d1fe9a65850df434eae7a2c2eb158c6d696038df0f1edc51cb
051,5,explanation-map,remediation-v2-stage3-optional-051,OPTIONAL,EXTEND,,Section 4 concept map,Classified,757b94a0cb46fb01db8eaa0a82de64b9d9f689e7aae68f502695ebfa78dff8eb
051,6,classifier,remediation-v2-stage3-optional-051,OPTIONAL,EXTEND,,Classify the question before answering,Classified,0d246728c905266489d96242a3c52b91ad13a3a385842c3f77321c2a338cd411
051,7,retrieval,remediation-v2-stage3-optional-051,OPTIONAL,EXTEND,,"Retrieval grid: say the role, not just the name",Classified,42acd9aef1ebfa44bb5533385f038f2878fa6395d1eb9041ac5ff272edba9610
051,8,explanation-retrieval,remediation-v2-stage3-optional-051,OPTIONAL,EXTEND,,"Retrieval grid: say the role, not just the name",Classified,05ff6e6eec39380dc7e65b8f1ee2426b0b4539a0768f508e3d53df63327a7326
051,9,compare,remediation-v2-stage3-optional-051,OPTIONAL,EXTEND,,Common compare traps,Classified,83c732d1fd8efd6d5f8ea09d3aaf70f14c48904ea61a4ea2e0a1ce08e56fe10c
051,10,explanation-compare,remediation-v2-stage3-optional-051,OPTIONAL,EXTEND,,Common compare traps,Classified,f5e54ac61bc7b310445e24fe7f82aca75b78d97bcf112ac20d8c6d85a39533d9
051,11,timed,remediation-v2-stage3-optional-051,OPTIONAL,EXTEND,,8-minute mixed Section 4 response,Classified,13dea1a94d3bd56a0c96e53b336ffc2e2c3c50a3a849d795e3b208c6b8337c10
051,12,explanation-timed,remediation-v2-stage3-optional-051,OPTIONAL,EXTEND,,8-minute mixed Section 4 response,Classified,cb7a8c62f92b5c8d1bd06b1c000f058fb832f5eb855b42c4f3aead4a8b5af563
051,13,clinic,remediation-v2-stage3-optional-051,OPTIONAL,EXTEND,,Turn vague into mark-worthy,Classified,67e00b22bef3964b94fbe6bd6286216130a025787df925420ea092efdf3dd89f
051,14,explanation-clinic,remediation-v2-stage3-optional-051,OPTIONAL,EXTEND,,Turn vague into mark-worthy,Classified,2ca91a6aa5ba97f62971aba8faca2d970c3a6559f8e1d0d3ab8d1894efc7c05e
051,15,tool,remediation-v2-stage3-optional-051,OPTIONAL,EXTEND,,Question topic classifier,Classified,2861b3694964947a5effa9186da5b6fd3cf98ab174bef94399659f0c31946bfe
051,16,examples,remediation-v2-stage3-optional-051,OPTIONAL,EXTEND,,Annotate where marks come from,Classified,6afb16ea08b232abe23cf508620a6eea48bc04de232122bd012c5df21d468661
051,17,practice,remediation-v2-stage3-optional-051,OPTIONAL,EXTEND,,Practice with instant checking,Classified,1b6a5c6afddb3598da90a7757506480565c131c6249c7f135e42cb21e8a181ad
051,18,debug,remediation-v2-stage3-optional-051,OPTIONAL,EXTEND,,Repair common Section 4 errors,Classified,844d562ba439183b103a4b60eb8348308a884f1141af4f6d635e03e4c3e07343
051,19,exam,remediation-v2-stage3-optional-051,OPTIONAL,EXTEND,,Mixed Section 4 questions with expandable mark schemes,Classified,4f9fa1e92836659e66b4a51ee181457f79171448d267c85133c6bfea6d85a433
051,20,summary,remediation-v2-stage3-optional-051,OPTIONAL,EXTEND,,"Review method: classify, trace, correct",Classified,a3a727f19a52cab9406c998d58a1cca95784d2ba9923027153b9206fcac783e7
051,21,homework,homework,AFTER_CLASS,HOMEWORK,,Finish the Section 4 correction cycle,Classified,0c6c6295845d8bb786f7eff3d173228926425a65c4cd8431cbba557adc10d52a
052,1,stage2-completion,stage2-completion,CORE,TEACH,,System software: operating-system and utility roles,Classified,5a697c3c7a3aa256149048454eb025a58f7aba58dffda06f710baec26e8918fa
052,2,explanation-os,os,CORE,TEACH,,Operating system: the main coordinator,Classified,88e9ce8a6d43417588281cdda88d3018525d62d89179054f6778b2556e8f04ce
052,3,stage2-practice,stage2-practice,CORE,PRACTISE,,System software: operating-system and utility roles: apply and assess,Classified,4a7b275bcaab3c88d961b4c961fc94160ced0550584e30bbcb0e635b5caef7ae
052,4,overview,remediation-v2-stage3-optional-052,OPTIONAL,EXTEND,,System software keeps the computer useful before the apps arrive.,Classified,7876b8ee6ad8d94a73b2df3243c46ea3970f5de0b4bdf9b9c70acd7f9e182885
052,5,delivery-02,remediation-v2-stage3-optional-052,OPTIONAL,EXTEND,,Why this matters,Classified,13b72a1a7b9f41c8216025c175165de5ae72a4b4fd62ce52899d84f205edace9
052,6,hook,remediation-v2-stage3-optional-052,OPTIONAL,EXTEND,,"A user writes `PRINT(""Hello"")`. The CPU wants machine code. Who translates?",Classified,c2e62679b45baf1bde61188007135c5cc9954090e99f1d8b5919f9b35322f865
052,7,concept,remediation-v2-stage3-optional-052,OPTIONAL,EXTEND,,System software supports the running and maintenance of the computer,Classified,7778141871114384ac7458eedb172dca93da620c113f0118af4ef9ba5d88184f
052,8,explanation-concept,remediation-v2-stage3-optional-052,OPTIONAL,EXTEND,,System software supports the running and maintenance of the computer,Classified,4b8c76d3bb34576b2eb2780236e40f4acd262a0b3cc59661388e49af262a9587
052,9,categories,remediation-v2-stage3-optional-052,OPTIONAL,EXTEND,,System software versus application software,Classified,7911b15927011f40491761ae1ecadcb2fdae94dfaa486156aefa492352f3faf6
052,10,explanation-categories,remediation-v2-stage3-optional-052,OPTIONAL,EXTEND,,System software versus application software,Classified,f8e76dcc78ce3a8c6441d349961a9457ad0c09d970a9d406642a63ef542980a2
052,11,os,remediation-v2-stage3-optional-052,OPTIONAL,EXTEND,,Operating system: the main coordinator,Classified,7521ec2ce209286cf0b73e093878255b222542f21def62cb650de3386c3ac9ec
052,12,utility,remediation-v2-stage3-optional-052,OPTIONAL,EXTEND,,Utility software: maintenance and protection tools,Classified,7bc357644e4829f5470ab8e0fecd1aa0020cc892b73fdd19c25edd97ec55a1de
052,13,explanation-utility,remediation-v2-stage3-optional-052,OPTIONAL,EXTEND,,Utility software: maintenance and protection tools,Classified,39338ea643d1a44a776dafe19ae2c5faf253400d2c89ebe59aa0506793943199
052,14,translators,remediation-v2-stage3-optional-052,OPTIONAL,EXTEND,,Language translators: source code to executable behaviour,Classified,754fc7d0c7ea980d3b9999eff330d83145cbec7afcaeece5de67a19bfa42f783
052,15,explanation-translators,remediation-v2-stage3-optional-052,OPTIONAL,EXTEND,,Language translators: source code to executable behaviour,Classified,a5f233343b73096473089888dba70c7096d2e4ca1db225e3693a933774fe33ca
052,16,pathway,remediation-v2-stage3-optional-052,OPTIONAL,EXTEND,,Translation pathway,Classified,ccac14a5eb08bdda588babd6c8358ab54dd989654ee844b922354f524a3d3ea8
052,17,explanation-pathway,remediation-v2-stage3-optional-052,OPTIONAL,EXTEND,,Translation pathway,Classified,e5888f4fd96669e49f5eedb179dc7b28c874cabeb6dc2d97ce84245902a53311
052,18,tool,remediation-v2-stage3-optional-052,OPTIONAL,EXTEND,,System software classifier,Classified,05ea32dc6629a65de5f4f890ab95608f64ceb34e64128691216188e1e62c534a
052,19,examples,remediation-v2-stage3-optional-052,OPTIONAL,EXTEND,,"Choose the category, then justify it",Classified,4e5e13858d6c1e81cf649ec2bd264928333ccdddc9455dc45b46193909565083
052,20,practice,remediation-v2-stage3-optional-052,OPTIONAL,EXTEND,,Practice with instant checking,Classified,6476eddc526a4744987592139d48d041847311fbbfebc60bc81a46a94f2f81d1
052,21,debug,remediation-v2-stage3-optional-052,OPTIONAL,EXTEND,,Fix the system software confusion,Classified,69834dd39be0b20eaa4197e31c3a0c23555b81aeb77683ed0d5c257a45b37b56
052,22,exam,remediation-v2-stage3-optional-052,OPTIONAL,EXTEND,,Cambridge-style questions with expandable mark schemes,Classified,fc3dae92e185f631f221539dbfbbe17c511d4aab7dc7694ba1073c8ee614285e
052,23,summary,remediation-v2-stage3-optional-052,OPTIONAL,EXTEND,,System software supports the system,Classified,a09f811a9b88a2b1980a6f02fec8abb1a47158ab34e0215d6c8578fc85c81460
052,24,homework,homework,AFTER_CLASS,HOMEWORK,,Build a clean Section 5 vocabulary base,Classified,09d6d5888f5bac0a4846c96f060d06369358f713988e15584d027ecebe883c89
053,1,stage2-completion,stage2-completion,CORE,TEACH,,Why an operating system is required and what it manages,Classified,6fbb4c60c84c5ca46a7c21780d267b1fcdbffe880d1d63f880e036e3af3d9374
053,2,stage2-practice,stage2-practice,CORE,PRACTISE,,Why an operating system is required and what it manages: apply and assess,Classified,7416e961fa2daf74dc8cda6de453e569a1f72a7a484aa7bfa3a6f03f74f6a071
053,3,overview,remediation-v2-stage3-optional-053,OPTIONAL,EXTEND,,The operating system is the resource referee.,Classified,bb3c108b90bbf418f8e30e2634dc7e451afb0f1070ba3620c720e529a79b64b1
053,4,delivery-02,remediation-v2-stage3-optional-053,OPTIONAL,EXTEND,,Why this matters,Classified,1484b6cb3d85bc697ac95c6da340ba62fb3fc1d64c0db2bded695c2472ff29c5
053,5,hook,remediation-v2-stage3-optional-053,OPTIONAL,EXTEND,,"A video editor, browser and music player are open. Who decides who gets CPU time?",Classified,547da1c2830a1ce7e36d16fd2872ab7cc0248cec5fc3241e60c5a7a06286c130
053,6,concept,remediation-v2-stage3-optional-053,OPTIONAL,EXTEND,,An OS manages resources and provides services,Classified,9dbd2e880aa83c7d3063b37528b542cb513e73b0c96fd9600b31d8c8c4294640
053,7,explanation-concept,remediation-v2-stage3-optional-053,OPTIONAL,EXTEND,,Why applications need an operating system,Classified,f78c17ed26415b5fc3c8abc059069b74e4f932809d7303a951823c870953ba31
053,8,process,remediation-v2-stage3-optional-053,OPTIONAL,EXTEND,,Process management: sharing processor time,Classified,b8f4484ce2a626b78f3a2b88b8ec182c991dd5cb303aea82b863eab14b282c10
053,9,explanation-process,remediation-v2-stage3-optional-053,OPTIONAL,EXTEND,,How time-slicing creates apparent simultaneity,Classified,f800e77c74f1c5793de0f20c37a46e6bfd8dd7239a2c62aa52fc778053cca5a3
053,10,memory,remediation-v2-stage3-optional-053,OPTIONAL,EXTEND,,"Memory management: allocate, protect, reuse",Classified,f5b2c0b870abc6a08ab55b7598b7849f0457baab2d82a15bc862e9b0858b804f
053,11,explanation-memory,remediation-v2-stage3-optional-053,OPTIONAL,EXTEND,,Why memory needs allocation and protection,Classified,20c34f662ef5ae4edfae507d4bd48c72bb00fcc0dd84b9ce9a11b44154802a78
053,12,file,remediation-v2-stage3-optional-053,OPTIONAL,EXTEND,,"File management: names, folders, access and storage",Classified,70ef304fbeccff9a0d377ae1c0f0d4df17af499cd3b5e21fad96f062946fd35b
053,13,explanation-file,remediation-v2-stage3-optional-053,OPTIONAL,EXTEND,,Why files need metadata and access rules,Classified,0e3b014e7d35e45347243d8d503edc6e15fa8066391695835e6ec69a36a1a535
053,14,device,remediation-v2-stage3-optional-053,OPTIONAL,EXTEND,,"Device management: drivers, buffers and queues",Classified,250aea6f7a58e1d2af797fff735cfe28087f0a0954828bbd34b2727ae737512d
053,15,explanation-device,remediation-v2-stage3-optional-053,OPTIONAL,EXTEND,,"Why drivers, buffers and queues work together",Classified,9482ab5d784740aadeacb90e854e09e3d77189f3862a1f586ba5fead26c70bdd
053,16,services,remediation-v2-stage3-optional-053,OPTIONAL,EXTEND,,Other OS services at overview level,Classified,ee98f5707635cc23a1db556d9824bd984c682b5e758273ad9c0d68a3f2dba22c
053,17,explanation-services,remediation-v2-stage3-optional-053,OPTIONAL,EXTEND,,How OS services form one control layer,Classified,7cb102e61991dc19c6489ef0068980311d0eee5579c7bb32e2e72cdb1f0169fc
053,18,tool,remediation-v2-stage3-optional-053,OPTIONAL,EXTEND,,OS role classifier,Classified,47d0a935b667c93947b63c72fcf23394acfd110511d30e6326a8bf613985df19
053,19,examples,remediation-v2-stage3-optional-053,OPTIONAL,EXTEND,,Name the OS role and justify it,Classified,81c58b154db6ce65aa3b25786e63b1b35c4dfa97d3d4708a18de82d6fc1bf09e
053,20,practice,remediation-v2-stage3-optional-053,OPTIONAL,EXTEND,,Practice with instant checking,Classified,fd06f342d3d4f93e3ce1f19e296fdf92c5e07e43d30b0847262373cfa584284b
053,21,debug,remediation-v2-stage3-optional-053,OPTIONAL,EXTEND,,Fix the OS role confusion,Classified,3a87ed771aca613a9bd0d3d9fa244f08ea89fd614d45176dd967703f360972e3
053,22,exam,remediation-v2-stage3-optional-053,OPTIONAL,EXTEND,,Cambridge-style questions with expandable mark schemes,Classified,78d1a1700c1fa17a36db192ed4125c421115b1bcb1f395a2245c0ef10269b33a
053,23,summary,remediation-v2-stage3-optional-053,OPTIONAL,EXTEND,,The OS manages resources so applications can run,Classified,d6f31c0deef6edd314ae42c0bf27a39ae1d9ca2db0942433e37ebceea03ebe7c
053,24,homework,homework,AFTER_CLASS,HOMEWORK,,Connect each OS role to a real scenario,Classified,8af44fac7c1e857a77df9bb197fa7a797baf9e37ab84bd806af4afbcc6bb7623
054,1,overview,remediation-v2-optional-054,OPTIONAL,EXTEND,,An interface is the conversation style between user and computer.,Classified,6325b7fe5d24e047281fe85abe689bddfe4f05e162931c3fd965312cfe58575d
054,2,delivery-02,remediation-v2-optional-054,OPTIONAL,EXTEND,,Why this matters,Classified,57b75d58935fecb17f84981d19fec125a494c33c31a1164699f230de7b89f9c8
054,3,hook,remediation-v2-optional-054,OPTIONAL,EXTEND,,A technician needs to rename 500 files with one command. Which interface is likely best?,Classified,dff5f94a6d2e25c3000d3194647b2f1f61f23addae5bf7a806fc16a0bf1cc524
054,4,concept,remediation-v2-optional-054,OPTIONAL,EXTEND,,A user interface allows interaction with a computer system,Classified,2442e25fa2acce7ae90751adf549c03ab1f95126eed3aa150b4a2c00d2e20af3
054,5,explanation-concept,remediation-v2-optional-054,OPTIONAL,EXTEND,,A user interface allows interaction with a computer system,Classified,cac0754f68b3e9eb75b7b98802d3862da06ebe449bd937c6d86eae47d6f3ec1e
054,6,cli,remediation-v2-optional-054,OPTIONAL,EXTEND,,Command line interface: precise text commands,Classified,7c5d329db0f8e48bbbe9b8017cc4675874c871aed848d8fcd5671ee4fb564aa9
054,7,explanation-cli,remediation-v2-optional-054,OPTIONAL,EXTEND,,Command line interface: precise text commands,Classified,65158dee891c474fe17fe89ac3a19dcfd7d8b6abbec3e4a4f6b6d5c12cd56062
054,8,gui,remediation-v2-optional-054,OPTIONAL,EXTEND,,Graphical user interface: visual objects and pointer actions,Classified,17c63fefcbb8307461de383a280897ef013ae2ef94f517b610518f5635b03564
054,9,explanation-gui,remediation-v2-optional-054,OPTIONAL,EXTEND,,Graphical user interface: visual objects and pointer actions,Classified,03b69518c21bbf487ad7c928ec48bbf2e23c53062b66b69bb97d4766db26d44e
054,10,menu,remediation-v2-optional-054,OPTIONAL,EXTEND,,Menu-driven interface: choose from fixed options,Classified,f55b35132ab3843a54363e88cf57203332956c4bfa69549d76df515bc592ef96
054,11,explanation-menu,remediation-v2-optional-054,OPTIONAL,EXTEND,,Menu-driven interface: choose from fixed options,Classified,ffebf3246fa583870734528df5c6d2315590152fed51f4991d084f149435ed35
054,12,natural,remediation-v2-optional-054,OPTIONAL,EXTEND,,Natural language interface: ordinary language input,Classified,81e9c0346c9c080cf3e14e04582631eec790727818b04fb96627318bf57e9916
054,13,explanation-natural,remediation-v2-optional-054,OPTIONAL,EXTEND,,Natural language interface: ordinary language input,Classified,ba98df5fa25f7d268b3343d4dfa5ae606e2c70cd4d506f635caef0753e36dc33
054,14,compare,remediation-v2-optional-054,OPTIONAL,EXTEND,,Compare interface suitability by scenario,Classified,ac1ab64159ea29bdbca6d0cc89a46928acc341baa3783499aef42df4437a979c
054,15,explanation-compare,remediation-v2-optional-054,OPTIONAL,EXTEND,,Compare interface suitability by scenario,Classified,c2aa07440a206544ed9585bcbf6eccad3cccb40b838a37174d9627c50986e206
054,16,tool,tool,OPTIONAL,PRACTISE,,Interface selector,Classified,4816df9c80949792f84c585d0cfce8f3d116cf5d383db290dc20cd798c5b3cf0
054,17,examples,remediation-v2-optional-054,OPTIONAL,EXTEND,,Choose the interface and justify the trade-off,Classified,79be5c9f57a6eafa2d957f18200fb0ee5b968894b5e0ad54a0ad4c4bd706ac31
054,18,practice,remediation-v2-optional-054,OPTIONAL,EXTEND,,Practice with instant checking,Classified,7d8f7ca50def6f38bc004678c5cd78fa6e65cd5634d8eb6ad1accac50c6ba8f9
054,19,debug,remediation-v2-optional-054,OPTIONAL,EXTEND,,Fix the interface claim,Classified,1a28db0df76b87e03f426299b80663a34f3b03b5db87bcf229d629daaddc4c2e
054,20,exam,remediation-v2-optional-054,OPTIONAL,EXTEND,,Cambridge-style questions with expandable mark schemes,Classified,c03b703ec19d70e735787ae069c718bff27a08148d3bfc2637ca2bc0897bad8a
054,21,summary,remediation-v2-optional-054,OPTIONAL,EXTEND,,Interface choice depends on task and user,Classified,9c4e3925fe18857a2fca0e61a7156ab441bb73f8c9240692295363784087f8fa
054,22,homework,homework,AFTER_CLASS,HOMEWORK,,Make interface comparisons scenario-specific,Classified,cf8d9edc95f56e8d49cc0c7d97056057d34bfb65e6a799cfb0ba462a357ea96f
055,1,stage2-completion,stage2-completion,CORE,TEACH,,Required utility software,Classified,8596c1335700e1cbe7b8fbe44ee2b059ee6d447d1fb151bb64ed87af793af0a7
055,2,explanation-compare,compare,CORE,TEACH,,Choose the required utility by its operation,Classified,ad3b2fd5229cc7a054621e3c68a781d2d1bb973a31d038a7b7229b7d06985d0d
055,3,stage2-practice,stage2-practice,CORE,PRACTISE,,Required utility software: apply and assess,Classified,b04e45baeaa2ee2ba1df9d3515c8dd9af4faa637316387a2954d024ea0ce8106
055,4,overview,remediation-v2-stage3-optional-055,OPTIONAL,EXTEND,,"Utility software is the toolkit that keeps a system usable, recoverable and safer.",Classified,36f3f0e0b5177bdd1f839a5e4be9a05a2c63d1ea2dc71e798afc2757c9760b0f
055,5,delivery-02,remediation-v2-stage3-optional-055,OPTIONAL,EXTEND,,Why this matters,Classified,01ca5bc5db041ad7841c30d913ac53602d5eeeca7d629f5b7f68157e3d0505bd
055,6,hook,remediation-v2-stage3-optional-055,OPTIONAL,EXTEND,,A student deletes their coursework folder five minutes before the deadline. Which utility matters most?,Classified,e4bb5259e1d235101c22f50911709be7e6f070c403b24b318bdfc79b8f26faf5
055,7,concept,remediation-v2-stage3-optional-055,OPTIONAL,EXTEND,,Utility software performs maintenance and support tasks,Classified,3c4fe31a93c2f2be01e922e19fad9f9fd7090bc9920138fadfebfb4cf5be8e23
055,8,explanation-concept,remediation-v2-stage3-optional-055,OPTIONAL,EXTEND,,Utility software performs maintenance and support tasks,Classified,ab6076d116ccbc7af45eb852c15eae48dc808657ae742372bc87367448103721
055,9,backup,remediation-v2-stage3-optional-055,OPTIONAL,EXTEND,,Backup utilities create copies so data can be restored,Classified,a5ba8293368399310e67863ca267bc26af4f9c962626036e25b17a592b60b3ed
055,10,explanation-backup,remediation-v2-stage3-optional-055,OPTIONAL,EXTEND,,Backup utilities create copies so data can be restored,Classified,5f46e20176d822212566a41d9fadf38c023cb51b2c4182fe92b43a4a5fb5fbe1
055,11,compression,remediation-v2-stage3-optional-055,OPTIONAL,EXTEND,,Compression utilities reduce file size,Classified,4e32d311397248c3c6ceb5fb6e7e0a03f2f7b8b2a641342bae40a927e9767ae1
055,12,explanation-compression,remediation-v2-stage3-optional-055,OPTIONAL,EXTEND,,Compression utilities reduce file size,Classified,24d97cfba8198a7f5eb0f5dcc97c3f12ada287bf455b0886b169bd34af4e5c9e
055,13,encryption,remediation-v2-stage3-optional-055,OPTIONAL,EXTEND,,Encryption utilities protect confidentiality,Classified,cdf23e5fc2737ea909a9353dcf945fccc167ce46f035c013794c2e22c7c95883
055,14,explanation-encryption,remediation-v2-stage3-optional-055,OPTIONAL,EXTEND,,Encryption utilities protect confidentiality,Classified,d030011414ea1daafb9ebbac782eab870a250b1146283104dabd5f6b5d5a9f8b
055,15,defrag,remediation-v2-stage3-optional-055,OPTIONAL,EXTEND,,Defragmentation rearranges fragmented files on magnetic disks,Classified,35081a06e5bf2e7868a3e2c649befc29d71e479795b22803814e91c6ee75c678
055,16,explanation-defrag,remediation-v2-stage3-optional-055,OPTIONAL,EXTEND,,Defragmentation rearranges fragmented files on magnetic disks,Classified,e266268710ad1efc0445e6bafb1d2f4157dd15f7c84552c25469c9429fcab65a
055,17,antivirus,remediation-v2-stage3-optional-055,OPTIONAL,EXTEND,,"Antivirus utilities detect, quarantine and remove malware",Classified,4499716a052ed9f67053417b80e493986bfe1a97d275366d33aa549a40a96678
055,18,explanation-antivirus,remediation-v2-stage3-optional-055,OPTIONAL,EXTEND,,"Antivirus utilities detect, quarantine and remove malware",Classified,e958e9f7eac06293a7e149fd8a4d5783c0f7e02736462e4ba1fb5fd79b71d63a
055,19,compare,remediation-v2-stage3-optional-055,OPTIONAL,EXTEND,,Choose the utility by diagnosing the problem,Classified,c5ac3e6e24e0c8ffdcc73143da986495eaf003039903cb03c95741c3fdd248a0
055,20,tool,remediation-v2-stage3-optional-055,OPTIONAL,EXTEND,,Utility selector,Classified,28adfcb9cd1e0ede55aff8fa543140dfe2dd0ad3b3c37e331d30f30d30b90ec9
055,21,examples,remediation-v2-stage3-optional-055,OPTIONAL,EXTEND,,From scenario to utility choice,Classified,e56a875d9308099a1424205819db6bc4d69eddc638b6d37cb90c9b85486e7345
055,22,practice,remediation-v2-stage3-optional-055,OPTIONAL,EXTEND,,Instant-check questions,Classified,7914396e0dd92f819e18114050c1acd1b90b83061911678542246736b0ac0447
055,23,debug,remediation-v2-stage3-optional-055,OPTIONAL,EXTEND,,Fix the almost-right answers,Classified,c20d252a7cd5db483036114cda1c1486b33f80fa26ed39d628c196d4d95fba1e
055,24,exam,remediation-v2-stage3-optional-055,OPTIONAL,EXTEND,,"Answer first, then reveal the Cambridge-style mark scheme",Classified,e0638a695ae0fbcb967eaea74300e691fd54172a692fafb23fd8431c3cb342f8
055,25,summary,remediation-v2-stage3-optional-055,OPTIONAL,EXTEND,,The one-line memory map,Classified,97b45b92eb991cc79ee1401a597569f2476ea27a838f4e5f75310696b0468d65
055,26,homework,homework,AFTER_CLASS,HOMEWORK,,"Clear output, not vague revision",Classified,5e416933fdc2a79811fa29657f9fa7dd6d4d864a48952aeffaee346133734fd2
056,1,stage2-completion,stage2-completion,CORE,TEACH,,"Assembler, compiler and interpreter choices",Classified,9558b2f46503a328f5087718fa4e4b87c8f87dd5c68e26d44a00b0851971ebfa
056,2,stage2-practice,stage2-practice,CORE,PRACTISE,,"Assembler, compiler and interpreter choices: apply and assess",Classified,6d6420c3e633afad9693264c71db61f23a72c51de168a37da1ee6505dd753004
056,3,overview,remediation-v2-stage3-optional-056,OPTIONAL,EXTEND,,Source code is written for humans. Machine code is what the processor runs.,Classified,fb6d7699f7402824102d31a70a3d25012c50859bc754ab6324cec56c0f74e517
056,4,delivery-02,remediation-v2-stage3-optional-056,OPTIONAL,EXTEND,,Why this matters,Classified,96644f2c9a206b865a3413cb24443453e944a5b9b4dd3dd3ecb4e15786b33030
056,5,hook,remediation-v2-stage3-optional-056,OPTIONAL,EXTEND,,"A processor receives PRINT(""Hello"") . Will it run that directly?",Classified,d5c5a5596a71b7572b19db09d0949d61ee8a93b84b4e02075708e2adaae46eb5
056,6,concept,remediation-v2-stage3-optional-056,OPTIONAL,EXTEND,,Translator software converts program code into another form,Classified,091ad8f90dcdaad0d05cc2873baff21102f8c8392f7d0f6f1b49c91cf63ce7c8
056,7,explanation-concept,remediation-v2-stage3-optional-056,OPTIONAL,EXTEND,,Translator software converts program code into another form,Classified,1d06e2bfe8ae0ca6f822f31130a9413e17a90b046cbb35d766ec62917c0715f1
056,8,compiler,remediation-v2-stage3-optional-056,OPTIONAL,EXTEND,,A compiler translates the whole high-level program before execution,Classified,09b6975e3485e17548a971067fb34b85d6df17aeb61c2aedc080c81cba4164e8
056,9,explanation-compiler,remediation-v2-stage3-optional-056,OPTIONAL,EXTEND,,A compiler translates the whole high-level program before execution,Classified,cf2b9ee7269acc4e74e8833ee651b8027c91299e9cd277f575f3199ae0ccd641
056,10,interpreter,remediation-v2-stage3-optional-056,OPTIONAL,EXTEND,,An interpreter translates and executes statements as the program runs,Classified,fd36395720b20d95507a12a02eab20d553a60e6bd846397a121e80ee678d3267
056,11,explanation-interpreter,remediation-v2-stage3-optional-056,OPTIONAL,EXTEND,,An interpreter translates and executes statements as the program runs,Classified,ff785f99224cd2d91941df0848fcec313ff027c90c468a41faf54a48f2000275
056,12,assembler,remediation-v2-stage3-optional-056,OPTIONAL,EXTEND,,An assembler translates assembly language into machine code,Classified,48be81fa040686395c88efe7f233eecbe5033aea7d6d285ed86c1c228b2c7823
056,13,explanation-assembler,remediation-v2-stage3-optional-056,OPTIONAL,EXTEND,,An assembler translates assembly language into machine code,Classified,45d7ebf547908c621e1ca79dfd6875143adac3a4be3632449f1504c6f85033bf
056,14,compare,remediation-v2-stage3-optional-056,OPTIONAL,EXTEND,,"Comparison: same goal, different route",Classified,ba7da89338675961dc78269cb97c80abcdba739d57bdccdf0a4d385c9c5ff121
056,15,explanation-compare,remediation-v2-stage3-optional-056,OPTIONAL,EXTEND,,"Comparison: same goal, different route",Classified,caaee3f1dda229df2ec7d4aaffedf28eab95f522a51e7013d03707b4eadd7cf4
056,16,tool,remediation-v2-stage3-optional-056,OPTIONAL,EXTEND,,Translator selector,Classified,93b94284da72fc2e7d0a2ad136aa63f338e0b09a4e34f26cccd1c36863a3fc48
056,17,examples,remediation-v2-stage3-optional-056,OPTIONAL,EXTEND,,"Choose the translator, then justify the trade-off",Classified,2cdaf88707c69c8c894f316cb0d2efe8344376cbaf61cf9c9428753b5e423006
056,18,practice,remediation-v2-stage3-optional-056,OPTIONAL,EXTEND,,Instant-check questions,Classified,c9ab3475a46a8096e8a3b45ac45f1306373256736d15601cad1f4651606c4c93
056,19,debug,remediation-v2-stage3-optional-056,OPTIONAL,EXTEND,,Fix the almost-right answers,Classified,c20d252a7cd5db483036114cda1c1486b33f80fa26ed39d628c196d4d95fba1e
056,20,exam,remediation-v2-stage3-optional-056,OPTIONAL,EXTEND,,"Answer first, then reveal the Cambridge-style mark scheme",Classified,439724f6eb0551e2e4f2558b444e3476b0b8f79f172ccfb87e9ab9d4fdbf2036
056,21,summary,remediation-v2-stage3-optional-056,OPTIONAL,EXTEND,,Translator memory map,Classified,e81265f5405191cda67b7f82854364f78a780b5be38830315964521a258b9ad8
056,22,homework,homework,AFTER_CLASS,HOMEWORK,,"Clear output, not vague revision",Classified,b1d893bda6faf76c266f24c009f960551eaf54cabebdf47c4e8de66c9d4c7fe7
057,1,overview,remediation-v2-optional-057,OPTIONAL,EXTEND,,A compiler is not one giant button. It is a careful sequence of checks and transformations.,Classified,401fcea9e03163a105057fba8e7cbac52172f7ed0d2ba3a6ecfe1c9a80d74e00
057,2,delivery-02,remediation-v2-optional-057,OPTIONAL,EXTEND,,Why this matters,Classified,ec629c7c08a950c02cb0705ee739b60bdb3be52e5acd2f68bd0c4641c7e2e80a
057,3,hook,remediation-v2-optional-057,OPTIONAL,EXTEND,,What happens first when a compiler reads total = price + tax ?,Classified,f84dc58ad8018efeca4a033e271ef0dc70b79f26802bf0374afcbf2f46daaeee
057,4,pipeline,remediation-v2-optional-057,OPTIONAL,EXTEND,,The compilation pipeline transforms source code into object code,Classified,4f1bf44615e4866cdf2c95a9a8f5824348e8f7fbc2c1c44361e8cc1ebeb7c9e9
057,5,explanation-pipeline,remediation-v2-optional-057,OPTIONAL,EXTEND,,The compilation pipeline transforms source code into object code,Classified,66902bfa584b2b5310dddf97b820be9817894e148de850a669ee162a91b96fd7
057,6,lexical,remediation-v2-optional-057,OPTIONAL,EXTEND,,Lexical analysis converts character streams into tokens,Classified,b55972574323b08f94d32a1662ecb912a55649282a2b38a23333a917cac7823c
057,7,explanation-lexical,remediation-v2-optional-057,OPTIONAL,EXTEND,,Lexical analysis converts character streams into tokens,Classified,a9ee45167171eb4207d4804e826ee8d78e32b1211c22881a46724a35b4299684
057,8,syntax,remediation-v2-optional-057,OPTIONAL,EXTEND,,Syntax analysis checks grammar and program structure,Classified,385276713a5caaa3df76cafc72a2c248a8727c18929c76f2b807122fa4395c05
057,9,explanation-syntax,remediation-v2-optional-057,OPTIONAL,EXTEND,,Syntax analysis checks grammar and program structure,Classified,4893ff54860db4a0e4c25fdbe4ec041ddea022ddbce50f0557a3172d2fc1c408
057,10,semantic,remediation-v2-optional-057,OPTIONAL,EXTEND,,Semantic analysis checks meaning and context,Classified,b5f154b579dc8eac45f47267ae1ae0ad9a2e77c1f35c8f45f8be487c32dfc109
057,11,explanation-semantic,remediation-v2-optional-057,OPTIONAL,EXTEND,,Semantic analysis checks meaning and context,Classified,7d8df3fe57ca15cc25dcabd3c53a80feb69c0cd20f3d6d765010e722cef96bb1
057,12,generation,remediation-v2-optional-057,OPTIONAL,EXTEND,,Code generation produces object code,Classified,b9e6702c4614f7bc6aa589441143a53d0022e83e4274b6450f08ccd87908a2a2
057,13,explanation-generation,remediation-v2-optional-057,OPTIONAL,EXTEND,,Code generation produces object code,Classified,65640c062472bb2c23da9bde702eb5a7598e97bd0059de051eb3edaec7ac9f55
057,14,optimisation,remediation-v2-optional-057,OPTIONAL,EXTEND,,Optimisation improves code without changing what it does,Classified,9968e5a71c673193b36bc2f614691391af28dc81b7e1bf174761a94a91f51fbd
057,15,explanation-optimisation,remediation-v2-optional-057,OPTIONAL,EXTEND,,Optimisation improves code without changing what it does,Classified,8a44947b4eed371dad04c241f007509ff10e15947cbbc4e4ef823784b35baf83
057,16,tool,tool,OPTIONAL,PRACTISE,,Compilation stage selector,Classified,5bd0dec81c28e876c48454bd21c513429d193b3bc036e49f375893fd4ff9da1d
057,17,examples,remediation-v2-optional-057,OPTIONAL,EXTEND,,Track one line through compiler stages,Classified,ed1c3f54e2eec7c4c376fe88af468ae7b12846d53506a2be1bb6d09aca5d4b8e
057,18,practice,remediation-v2-optional-057,OPTIONAL,EXTEND,,Instant-check questions,Classified,c9ab3475a46a8096e8a3b45ac45f1306373256736d15601cad1f4651606c4c93
057,19,debug,remediation-v2-optional-057,OPTIONAL,EXTEND,,Fix the almost-right answers,Classified,c20d252a7cd5db483036114cda1c1486b33f80fa26ed39d628c196d4d95fba1e
057,20,exam,remediation-v2-optional-057,OPTIONAL,EXTEND,,"Answer first, then reveal the Cambridge-style mark scheme",Classified,439724f6eb0551e2e4f2558b444e3476b0b8f79f172ccfb87e9ab9d4fdbf2036
057,21,summary,remediation-v2-optional-057,OPTIONAL,EXTEND,,Compilation memory map,Classified,44b25953246c2446121dad1b76bb53d4e80f85700f2790c2c9f90c953a446682
057,22,homework,homework,AFTER_CLASS,HOMEWORK,,"Clear output, not vague revision",Classified,4cfad3b3ab0dfa5b295f0043f4728647a0c2ccefaec0ef99d95a877c8e3a8b12
058,1,stage2-completion,stage2-completion,CORE,TEACH,,Libraries and dynamically linked library files,Classified,429d8bfda73756c8187f4a30c043bbaa9a8ec81ffd5d4e87e8c7258932ab4770
058,2,explanation-libraries,libraries,CORE,TEACH,,Libraries provide reusable routines and modules,Classified,2f4da3a00397f5d70235d3c21b2278fc4c94019fb19b741264ee7d9376e0cf55
058,3,stage2-practice,stage2-practice,CORE,PRACTISE,,Libraries and dynamically linked library files: apply and assess,Classified,d625ce77383f1dbf7a73ceefff13d38abc50dd5ffec80044f16e5bae7213adf7
058,4,overview,remediation-v2-stage3-optional-058,OPTIONAL,EXTEND,,"Object code is not always ready to run. It may still need friends, addresses and memory.",Classified,1289f24f263eec357f12bbb425549b7dd482d580fe4b2c0e46bba5632a9a6074
058,5,delivery-02,remediation-v2-stage3-optional-058,OPTIONAL,EXTEND,,Why this matters,Classified,fe91eadf6beb9fa876ca03101b135d59c14bbdd811f71bf6526b7b12571b332d
058,6,hook,remediation-v2-stage3-optional-058,OPTIONAL,EXTEND,,"Your object file calls SQRT() , but the routine is not inside your code. What helps?",Classified,6347b2403422603e3df60995816308d7c308dd706d233b325fbdb060ee2bb18c
058,7,concept,remediation-v2-stage3-optional-058,OPTIONAL,EXTEND,,The post-compilation pathway connects code and prepares execution,Classified,935ca1df695c2e8bdf9682ec07ec505fda9e6769aaa8bf44465fc62d39de994d
058,8,explanation-concept,remediation-v2-stage3-optional-058,OPTIONAL,EXTEND,,The post-compilation pathway connects code and prepares execution,Classified,711b96462d51f3484968b5f583fcc3111e7743376b2b1362b268b995b9fc7669
058,9,libraries,remediation-v2-stage3-optional-058,OPTIONAL,EXTEND,,Libraries provide reusable routines and modules,Classified,c500fa15ae6effc7f26ffc9d76c9e6b7257447fa84e61331515211a6f71dc397
058,10,linkers,remediation-v2-stage3-optional-058,OPTIONAL,EXTEND,,Linkers combine object modules and resolve references,Classified,ebcbf9f7872f80094c0b45e5bac44b6a1ba7e0bb2f74ed69c9a5878953bb4c82
058,11,explanation-linkers,remediation-v2-stage3-optional-058,OPTIONAL,EXTEND,,Linkers combine object modules and resolve references,Classified,37830da4b83aef27244a47b89cd05c666c5361fb68439db1d24be1372bc430a4
058,12,loaders,remediation-v2-stage3-optional-058,OPTIONAL,EXTEND,,Loaders place executable code into memory,Classified,7652af9071f465b6c065e55a5c4610c4c0ccbbdc77b3cdad8482d7b6a36d5910
058,13,explanation-loaders,remediation-v2-stage3-optional-058,OPTIONAL,EXTEND,,Loaders place executable code into memory,Classified,b3df282c8e200b20060139a75e2ee714f27184b003af6037e8f39088897ddc7c
058,14,static-dynamic,remediation-v2-stage3-optional-058,OPTIONAL,EXTEND,,Static and dynamic linking affect when library code is connected,Classified,cce02cece9ce7f4d6ced0ce498b55534220d65d60e850b298d314e238518823d
058,15,explanation-static-dynamic,remediation-v2-stage3-optional-058,OPTIONAL,EXTEND,,Static and dynamic linking affect when library code is connected,Classified,1a73bfecd668b4ca7354a954fa55b83e97434b2a78875346fd4d57c2028e4b32
058,16,compare,remediation-v2-stage3-optional-058,OPTIONAL,EXTEND,,Compare the roles without blending them,Classified,9c3ce8c7cee801596c8cc4e440a1cfb1947dfb2a2bb3b2b5d84a5685bb60c9a2
058,17,explanation-compare,remediation-v2-stage3-optional-058,OPTIONAL,EXTEND,,Compare the roles without blending them,Classified,7ff045e8b1b73bd20ad45df9570ac6d9f47483e6457b816eaff636c6a862dd0e
058,18,tool,remediation-v2-stage3-optional-058,OPTIONAL,EXTEND,,Post-compilation pipeline selector,Classified,4098f8761494a8795554e94d24fc267a9e8d1a75da1e41e6709e0697ba444fc0
058,19,examples,remediation-v2-stage3-optional-058,OPTIONAL,EXTEND,,From object files to running program,Classified,85d11b08ab37b4a5bb55cadb2990df7a752a85e32e59fc733c0572e3460f28be
058,20,practice,remediation-v2-stage3-optional-058,OPTIONAL,EXTEND,,Instant-check questions,Classified,c9ab3475a46a8096e8a3b45ac45f1306373256736d15601cad1f4651606c4c93
058,21,debug,remediation-v2-stage3-optional-058,OPTIONAL,EXTEND,,Fix the almost-right answers,Classified,c20d252a7cd5db483036114cda1c1486b33f80fa26ed39d628c196d4d95fba1e
058,22,exam,remediation-v2-stage3-optional-058,OPTIONAL,EXTEND,,"Answer first, then reveal the Cambridge-style mark scheme",Classified,439724f6eb0551e2e4f2558b444e3476b0b8f79f172ccfb87e9ab9d4fdbf2036
058,23,summary,remediation-v2-stage3-optional-058,OPTIONAL,EXTEND,,Post-compilation memory map,Classified,da44c47b5f4044293d4b6fbca1d3f2f04eaa7cce5131cf6d9589c8418f4bb33b
058,24,homework,homework,AFTER_CLASS,HOMEWORK,,"Clear output, not vague revision",Classified,1bffa6b5a0fc3b48e207267837f932a483bafd8dc3291df5747cc8926dde8fe8
059,1,overview,remediation-v2-stage3-optional-059,OPTIONAL,EXTEND,,"Not all errors are equal. Some stop translation, some crash at run time, and some smile while giving the wrong answer.",Classified,397b5294711384e550f1c12b2a433efe59dd4f9c0428c938de171d26883a636a
059,2,delivery-02,remediation-v2-stage3-optional-059,OPTIONAL,EXTEND,,Why this matters,Classified,cbd8e6e4f20e7f2aa8fcf250f02e14295195f13dca3291b39d38efdd445538ff
059,3,hook,remediation-v2-stage3-optional-059,OPTIONAL,EXTEND,,"A program calculates a bill, runs without crashing, but charges everyone double. What type of error is most likely?",Classified,ad2427031e5fe09a1a52471b6255cf465a9b0b403ba72adbd343b7b3653b038b
059,4,concept,remediation-v2-stage3-optional-059,OPTIONAL,EXTEND,,Error classification depends on when and how the fault appears,Classified,ac1be2dbcb15e3bfb7afa1994f6cfa963cf39caabe4ef8d8be2ff063f1934b53
059,5,explanation-concept,remediation-v2-stage3-optional-059,OPTIONAL,EXTEND,,Error classification depends on when and how the fault appears,Classified,90f1459a4b9f0ad757c28153c9131cbb4bbaf62350af453f9993cca57a9df15c
059,6,syntax,remediation-v2-stage3-optional-059,OPTIONAL,EXTEND,,Syntax errors break the grammar rules of the language,Classified,701283f23b579f9c6fd94627197c312c8251c99b53eedcc2d2cd34a492e1257e
059,7,explanation-syntax,remediation-v2-stage3-optional-059,OPTIONAL,EXTEND,,Syntax errors break the grammar rules of the language,Classified,43faf8dfee2d5474bd9f5427762cb16031a7f7fdeb258e6c76c4d78660f22b21
059,8,logic,remediation-v2-stage3-optional-059,OPTIONAL,EXTEND,,Logic errors make the program do the wrong thing,Classified,8b89231096ac4ffbb7eb5d1b5bba878ea4f01e4d41368dec7c1a9dd3965d46d4
059,9,runtime,remediation-v2-stage3-optional-059,OPTIONAL,EXTEND,,Runtime errors occur while the program is executing,Classified,bc5967c3a3ff1790eacbdce88d8ec31cbe32953ff47783cf49aa75a13e38f7f8
059,10,explanation-runtime,remediation-v2-stage3-optional-059,OPTIONAL,EXTEND,,Runtime errors occur while the program is executing,Classified,1fc18806b1b077dea33f803a96ae35d0995fdcb26fc8224cefa1f972e5d62316
059,11,diagnostics,remediation-v2-stage3-optional-059,OPTIONAL,EXTEND,,Translation diagnostics help locate and correct errors,Classified,5fc343cf7e0d3cbff445f442c1424499ca9d54c3b4897c5d69fbed03004f3f5a
059,12,explanation-diagnostics,remediation-v2-stage3-optional-059,OPTIONAL,EXTEND,,Translation diagnostics help locate and correct errors,Classified,52cbd803a5636d545295d597d16d0173318a27ea4797657e59671bb2c2cbe49a
059,13,compare,remediation-v2-stage3-optional-059,OPTIONAL,EXTEND,,Compare error types by evidence,Classified,40abbb81aacbf7d61d05d79834fca59071ea8dd6b12d7e80244dbd83af02ad65
059,14,explanation-compare,remediation-v2-stage3-optional-059,OPTIONAL,EXTEND,,Compare error types by evidence,Classified,8616872f0e1f37703583e58ecd4031b3ce8cc64df7ea3ca2e8991c54362a6b40
059,15,tool,remediation-v2-stage3-optional-059,OPTIONAL,EXTEND,,Error diagnosis tool,Classified,eb0ebe0b0c1589bbb6ed0798d23912bb8f0627cc221e9b66370482720db69a37
059,16,examples,remediation-v2-stage3-optional-059,OPTIONAL,EXTEND,,Diagnose from code behaviour,Classified,ba7099c473226edca27ab2c769d6768a762f6f0fccb47714b185df64aaebdf9b
059,17,practice,remediation-v2-stage3-optional-059,OPTIONAL,EXTEND,,Instant-check questions,Classified,c9ab3475a46a8096e8a3b45ac45f1306373256736d15601cad1f4651606c4c93
059,18,debug,remediation-v2-stage3-optional-059,OPTIONAL,EXTEND,,Fix the almost-right answers,Classified,c20d252a7cd5db483036114cda1c1486b33f80fa26ed39d628c196d4d95fba1e
059,19,exam,remediation-v2-stage3-optional-059,OPTIONAL,EXTEND,,"Answer first, then reveal the Cambridge-style mark scheme",Classified,439724f6eb0551e2e4f2558b444e3476b0b8f79f172ccfb87e9ab9d4fdbf2036
059,20,summary,remediation-v2-stage3-optional-059,OPTIONAL,EXTEND,,Error diagnosis memory map,Classified,c09c00f7bbab5d75107b56b201981299d8a7d43c31493d346ef5c31892363058
059,21,homework,homework,AFTER_CLASS,HOMEWORK,,"Clear output, not vague revision",Classified,764652a9e06ba5ef7115347fdb13f3341443a83746f89d7d223761a9bd91b23b
060,1,stage2-completion,stage2-completion,CORE,TEACH,,Java translation and required IDE features,Classified,2f2e244b48b4d91a84ca4326e9905ca08de6b399a3517737f290d168524df0c1
060,2,stage2-practice,stage2-practice,CORE,PRACTISE,,Java translation and required IDE features: apply and assess,Classified,d848c47097d658678a5105ba2cbf45d694a9e66b0348fa2eb0213d946fd3f88d
060,3,overview,remediation-v2-stage3-optional-060,OPTIONAL,EXTEND,,"The best translator depends on the stage, the code, and the job.",Classified,9c50ca784ec5dbb91f4cbe4b944f1ed45ee6cfae1c38e9a5fb1916aebbffd6b0
060,4,delivery-02,remediation-v2-stage3-optional-060,OPTIONAL,EXTEND,,Why this matters,Classified,1efdf9c94ac38a49b3d6da4382aad38b39cf3c44c625f2675662919b5dcfda3c
060,5,hook,remediation-v2-stage3-optional-060,OPTIONAL,EXTEND,,A beginner wants to test one statement at a time and see errors quickly. Which approach fits best?,Classified,5307677c99bf1b540b18f7fc426cd31ee1c76a96520c0f1e8b642ec44f81ce45
060,6,decision,remediation-v2-stage3-optional-060,OPTIONAL,EXTEND,,A good translator choice starts with four questions,Classified,7b477a88a7e87525427e60e08263c03d26065c5cf7dca47fcb2f4377207406b8
060,7,explanation-decision,remediation-v2-stage3-optional-060,OPTIONAL,EXTEND,,A good translator choice starts with four questions,Classified,e89d56658e5b5cea2bdbfce46898fe442f8aa69e8cce08a84f8ed3480c3eccab
060,8,development,remediation-v2-stage3-optional-060,OPTIONAL,EXTEND,,"During development, an interpreter can support rapid testing",Classified,d98d2afbe207138aa3dec6d721d2c5300c123b81224965c0483f5aa0a926704f
060,9,explanation-development,remediation-v2-stage3-optional-060,OPTIONAL,EXTEND,,"During development, an interpreter can support rapid testing",Classified,83948a38b1301e110f5f4e46c73c30a50ddf5b9bd6ee31832c35e1bae46a93fd
060,10,deployment,remediation-v2-stage3-optional-060,OPTIONAL,EXTEND,,"For deployment, a compiler often produces a distributable executable",Classified,d4731dabbd029189389493c7c6741028c12ffad25f9cc2200d4a26628e16aa51
060,11,explanation-deployment,remediation-v2-stage3-optional-060,OPTIONAL,EXTEND,,"For deployment, a compiler often produces a distributable executable",Classified,692cfa1f3a7b5b640055e0bba925680376731ee9cbca710e2e858a9c89f69133
060,12,lowlevel,remediation-v2-stage3-optional-060,OPTIONAL,EXTEND,,"For assembly language, use an assembler",Classified,b344dca69f6ce7e92c29b98779fe008f8562bcd299e7d2dba255dd8fc972da06
060,13,explanation-lowlevel,remediation-v2-stage3-optional-060,OPTIONAL,EXTEND,,"For assembly language, use an assembler",Classified,046f725ea2fb991ae1912d9a53e992718b84c819771d9ad4bd5ca5e35615f5f1
060,14,pipeline,remediation-v2-stage3-optional-060,OPTIONAL,EXTEND,,"After translation, linking and loading may still be needed",Classified,37ddd8e72949d9696a8b2793d442521b2293f09550f88ec30e7807656c33177f
060,15,explanation-pipeline,remediation-v2-stage3-optional-060,OPTIONAL,EXTEND,,"After translation, linking and loading may still be needed",Classified,560251463f6238c01ede3b55cb6a8c4d489075dc283f25b475adf0d74e949404
060,16,diagnostics,remediation-v2-stage3-optional-060,OPTIONAL,EXTEND,,Error feedback affects the best choice during development,Classified,41e275ca5c7344941a835e8b790dcb5c4f99b89c345987c02b3c4689608b9757
060,17,explanation-diagnostics,remediation-v2-stage3-optional-060,OPTIONAL,EXTEND,,Error feedback affects the best choice during development,Classified,e7c83c7408421ea061310185c26601f1692da788987897f1532899564c1b662d
060,18,tool,remediation-v2-stage3-optional-060,OPTIONAL,EXTEND,,Translation approach selector,Classified,3cde2f2166f5ea1b8f77a7898f63d854a0fc1a5c6f03d78b272987323a04fafa
060,19,examples,remediation-v2-stage3-optional-060,OPTIONAL,EXTEND,,Scenario choice with exam wording,Classified,129f9a5fed447e8fe8f4c8a574bd3ac20713a8f5e3d93e98b7c64ab813ba5cda
060,20,practice,remediation-v2-stage3-optional-060,OPTIONAL,EXTEND,,Instant-check questions,Classified,c9ab3475a46a8096e8a3b45ac45f1306373256736d15601cad1f4651606c4c93
060,21,debug,remediation-v2-stage3-optional-060,OPTIONAL,EXTEND,,Fix the almost-right answers,Classified,c20d252a7cd5db483036114cda1c1486b33f80fa26ed39d628c196d4d95fba1e
060,22,exam,remediation-v2-stage3-optional-060,OPTIONAL,EXTEND,,"Answer first, then reveal the Cambridge-style mark scheme",Classified,439724f6eb0551e2e4f2558b444e3476b0b8f79f172ccfb87e9ab9d4fdbf2036
060,23,summary,remediation-v2-stage3-optional-060,OPTIONAL,EXTEND,,Choice memory map,Classified,da21b4bb157bbfbbdc83f3a0b7ec97efffe02ba658b5d5b2049879ea9eafd61a
060,24,homework,homework,AFTER_CLASS,HOMEWORK,,"Clear output, not vague revision",Classified,20e7034d52b529cd31a76d5aaf2528c20d68b2aa3cc0e5d2b39ff88670746534
061,1,overview,overview,CORE,TEACH,,"Effective review combines retrieval, selection of the relevant concept and timed application.",Classified,dd082f200cc3c2e9c969195ae39ffc47e612561017c04a5d432d469cdc8bbd4e
061,2,delivery-02,overview,CORE,TEACH,,Why this matters,Classified,3d872cb0b420030e8396c4ea2fa0fcea540e52825780f932371606dd9f0dbeaa
061,3,hook,hook,CORE,ASK,,"Three answers say ""it helps the computer run"". Which one earns marks?",Classified,2e5110ad61acb379d740251d20b976255c478c75797c878f2091dbd953f2a6d1
061,4,retrieval,retrieval,CORE,TEACH,,Section 5 in one screen,Classified,06d67b4915d84120364edafaab3dd36e6b452cd564a45b24a12c3935140ea223
061,5,explanation-retrieval,retrieval,OPTIONAL,EXTEND,,Section 5 in one screen,Classified,f6f0dbde43002fc4ef078c10e56dfc33a19403a59072ebc281e832b80b0353f2
061,6,compare,compare,CORE,TEACH,,Similar terms that the exam likes to separate,Classified,868864308a4345e50b40b6386ef2a656ba3b9f6c365bda3215d474d2d559dc27
061,7,explanation-compare,compare,OPTIONAL,EXTEND,,Similar terms that the exam likes to separate,Classified,2626c41cf67209c37d216971f9e7a050d76b75d7fba3891602e97b2c59d2fc73
061,8,precision,precision,CORE,TEACH,,Turn a weak answer into marks,Classified,2f6fb93f742228d370a74c32a3e84b7082e59440c713c9b158ba03e02cd9a38f
061,9,explanation-precision,precision,OPTIONAL,EXTEND,,Turn a weak answer into marks,Classified,8f892fb24b50df390a0a1a9e01c186a5b52b6f85807684e834c7043d9084cf6f
061,10,tool,tool,OPTIONAL,PRACTISE,,Mixed topic classifier,Classified,107d06b6494942e8abf6c39040cde6844d321cd5f9a0cf16cfc60bbead30c56b
061,11,examples,examples,CORE,TEACH,,"Answer, annotate, improve",Classified,95df7f844c9004c0ce33a8f88f355cdec5321c089c20ab825c2523096e236805
061,12,practice,practice,CORE,PRACTISE,,Instant-check mixed retrieval,Classified,2c11b1a7b39f91c3f174a1afdc82db226ae4ef9bb2b16154de73a2b78dbd8d67
061,13,debug,debug,CORE,CHECK,,Repair weak review answers,Classified,0535169320a3c1f2f73cb5089ceab5e96577aecd12d65578af1a903490fd0232
061,14,exam,exam,CORE,EXAM,,"Answer first, then reveal the Cambridge-style mark scheme",Classified,ad06f6af59ff465c7093871f3fdcc4c04d73b9d2cdf406c1e284c90f36ad0854
061,15,summary,summary,CORE,CHECK,,Section 5 review rule,Classified,c1b57af44d398d63ec5875207ca428d54be10e021546f5a7b51341172721bebf
061,16,homework,homework,AFTER_CLASS,HOMEWORK,,"Clear output, not vague revision",Classified,b3064f2fe33b1be39c86846b80e47ec8726f9e294889cf2abf7dcafb8bf604b5
062,1,stage2-completion,stage2-completion,CORE,TEACH,,"Security, privacy and data integrity",Classified,9c4acb736b0df7c583fec54034efc120a5e0efd74ab4a35e15dd719899af4f78
062,2,stage2-practice,stage2-practice,CORE,PRACTISE,,"Security, privacy and data integrity: apply and assess",Classified,55156f7e00d0500009fb3b549dffac3805857ea26dc4b432a19d143cb36bad2a
062,3,overview,remediation-v2-stage3-optional-062,OPTIONAL,EXTEND,,Security is not one word. It is a set of goals that protect different things.,Classified,63bf67d5959d81352ec67ae18ae06f52bd1c9edfa6ee65607d024224508b066d
062,4,delivery-02,remediation-v2-stage3-optional-062,OPTIONAL,EXTEND,,Why this matters,Classified,e65e3ea82fa241a73fb81c85f437fed6448bc3b9318fb047080bedd08c5c3653
062,5,hook,remediation-v2-stage3-optional-062,OPTIONAL,EXTEND,,"If the school password is Password123 , is the problem the hacker or our optimism?",Classified,eb7112a8b932a9d4ff43c7f3aedd2b32135dcd7f267e9c6f4b922f28cdf2fda2
062,6,risk-chain,remediation-v2-stage3-optional-062,OPTIONAL,EXTEND,,Use the risk chain before naming a control,Classified,1c3d57b56d94fdbbf1566f8099bf7e6ab067f09085c13733b0b77f6672b367ec
062,7,explanation-risk-chain,remediation-v2-stage3-optional-062,OPTIONAL,EXTEND,,Use the risk chain before naming a control,Classified,930f6af5985f8d8e26884dc585d38a0c400a6b0b0fad34e2b08164f452d6dd3b
062,8,confidentiality,remediation-v2-stage3-optional-062,OPTIONAL,EXTEND,,Confidentiality protects data from unauthorised access,Classified,8f9f7371bcb51864ef55282d5ba7df70f2ce26063e527e0b699d2b19d6e0d804
062,9,explanation-confidentiality,remediation-v2-stage3-optional-062,OPTIONAL,EXTEND,,Confidentiality protects data from unauthorised access,Classified,35aa52944f3e1aa8f7d93db1145be3aeb79aecdce5c59a94bd828019799edcc6
062,10,integrity,remediation-v2-stage3-optional-062,OPTIONAL,EXTEND,,Integrity protects data from unauthorised or accidental alteration,Classified,fd0f0e93bbc5311350fbba04456272af11452c959ac033b937d8109a59cfb20c
062,11,explanation-integrity,remediation-v2-stage3-optional-062,OPTIONAL,EXTEND,,Integrity protects data from unauthorised or accidental alteration,Classified,9b01daaad038f53ed508c061e78095b499bc4917a978d0358819612483f240d0
062,12,availability,remediation-v2-stage3-optional-062,OPTIONAL,EXTEND,,Availability keeps systems and data accessible when needed,Classified,551a84a6c50d82e62214c399897ef9320149b819a4614d36f63819f0f8282f9e
062,13,explanation-availability,remediation-v2-stage3-optional-062,OPTIONAL,EXTEND,,Availability keeps systems and data accessible when needed,Classified,380005a09827673d79f6d3e9a33a0e6c3398b87a1606fc2d12f8a55b0d234276
062,14,authenticity,remediation-v2-stage3-optional-062,OPTIONAL,EXTEND,,Authenticity checks that identity or data origin is genuine,Classified,376c802c31b08b69a08e9bfa8c9335432733fd6966aa8b3448ab6b50b9cb8ae2
062,15,explanation-authenticity,remediation-v2-stage3-optional-062,OPTIONAL,EXTEND,,Authenticity checks that identity or data origin is genuine,Classified,c526d6c05d962ff563c7cbe38cadabc69165b26e9184a01db050d6446f76e811
062,16,controls,remediation-v2-stage3-optional-062,OPTIONAL,EXTEND,,"One control can support more than one goal, but not every goal",Classified,5a84e729466de22aa61c2636b721e580976e72316654fc39044baf3e81122d64
062,17,tool,remediation-v2-stage3-optional-062,OPTIONAL,EXTEND,,Security goal classifier,Classified,0d89fb3bbcebf59c8396d9ccaee292403c1887925164175a6a2f71bd9d809fdf
062,18,examples,remediation-v2-stage3-optional-062,OPTIONAL,EXTEND,,"Risk, goal, control, consequence",Classified,e853afa0304fcf9ef8b09b41aeba925be37f9b87c180a123a9299e8941df4b08
062,19,practice,remediation-v2-stage3-optional-062,OPTIONAL,EXTEND,,Instant-check questions,Classified,c9ab3475a46a8096e8a3b45ac45f1306373256736d15601cad1f4651606c4c93
062,20,debug,remediation-v2-stage3-optional-062,OPTIONAL,EXTEND,,Fix the almost-right answers,Classified,c20d252a7cd5db483036114cda1c1486b33f80fa26ed39d628c196d4d95fba1e
062,21,exam,remediation-v2-stage3-optional-062,OPTIONAL,EXTEND,,"Answer first, then reveal the Cambridge-style mark scheme",Classified,e8e7a63d81ae735da8658ebc89d4bef0ce37dadc3f120d03d7368932593ad4d6
062,22,summary,remediation-v2-stage3-optional-062,OPTIONAL,EXTEND,,Security goal memory map,Classified,6b58962bf3e20037721c6d692d7fa10a8db501ce918aef7d5a2cc3fdb78f5c6e
062,23,homework,homework,AFTER_CLASS,HOMEWORK,,"Clear output, not vague revision",Classified,7247906dfd1fcba254676433f00a535ab34704a2759a54fc5797eaf994f1485f
063,1,stage2-completion,stage2-completion,CORE,TEACH,,"Virus, spyware, anti-virus and anti-spyware",Classified,cb14f3448f242a7a98992172d0554d29714aef34aa0f97aaf98467b0feef27e4
063,2,stage2-practice,stage2-practice,CORE,PRACTISE,,"Virus, spyware, anti-virus and anti-spyware: apply and assess",Classified,c7ee821ec4a9d9d562580c58928952a980bb303c5a3167b682a85fcda53613ba
063,3,overview,remediation-v2-stage3-optional-063,OPTIONAL,EXTEND,,Some attacks target software. Some target the person holding the keyboard.,Classified,87e9ca06761b553035731a489a42742422b6f312b8cf6fdee15c00db22b4b126
063,4,delivery-02,remediation-v2-stage3-optional-063,OPTIONAL,EXTEND,,Why this matters,Classified,bc3544277c1ae2d283e510b913510c592ab6a294c95d200b8ca3745c70860ef7
063,5,hook,remediation-v2-stage3-optional-063,OPTIONAL,EXTEND,,"A user installs a ""free game update"" that secretly records keystrokes. What is the best diagnosis?",Classified,7b3f909877623d081f2383f2a49480f45008b197f68f0af37e522455704ab31c
063,6,concept,remediation-v2-stage3-optional-063,OPTIONAL,EXTEND,,Malware is malicious software; social engineering manipulates people,Classified,231435718833c9ba7458fddb6596308a9b1d1aced6a7f2587483e82a74b04241
063,7,explanation-concept,remediation-v2-stage3-optional-063,OPTIONAL,EXTEND,,Malware is malicious software; social engineering manipulates people,Classified,1f66fce35fa3bfdfaaceddf890a9dd79b8efb1df7902faaed2f803b84be98aa5
063,8,virus,remediation-v2-stage3-optional-063,OPTIONAL,EXTEND,,"Virus and worm: both can spread, but not in the same way",Classified,4b19cf46da37af1a884d3950c47a37a6d5728c2d539358625c2c8667b9846118
063,9,explanation-virus,remediation-v2-stage3-optional-063,OPTIONAL,EXTEND,,"Virus and worm: both can spread, but not in the same way",Classified,f4692287c83cc0a34ceb7a9abad001b7978237c2e455b4a32b425999bc275f05
063,10,trojan,remediation-v2-stage3-optional-063,OPTIONAL,EXTEND,,Trojan: malicious code disguised as legitimate software,Classified,a58d408fef3d79ab4d4e0c3fb4d6c11450a24cf9504c1805349987b098e18ecf
063,11,explanation-trojan,remediation-v2-stage3-optional-063,OPTIONAL,EXTEND,,Trojan: malicious code disguised as legitimate software,Classified,c1170c399459f6e8898019df2ca2d1e66b6218f891b219c1135a8e46ff963248
063,12,spyware,remediation-v2-stage3-optional-063,OPTIONAL,EXTEND,,Spyware secretly monitors activity or collects data,Classified,c6a12e217061281044eee5bbb20fa8cfa73440fbc13bbc674e15cabf3fa9642f
063,13,explanation-spyware,remediation-v2-stage3-optional-063,OPTIONAL,EXTEND,,Spyware secretly monitors activity or collects data,Classified,de46d5b05145b2b3c1e637f7c0300ce60ba3e669ca3ef1633338e6813001768c
063,14,ransomware,remediation-v2-stage3-optional-063,OPTIONAL,EXTEND,,Ransomware denies access by encrypting or locking data,Classified,26ae9e0f2b8c137ad1d9ce0bac3c935b52df414236bf2a779a8ec839d52acbcc
063,15,explanation-ransomware,remediation-v2-stage3-optional-063,OPTIONAL,EXTEND,,Ransomware denies access by encrypting or locking data,Classified,8fee1f7b05d7796676025ada0aa462adbfefcdc5f072c39887bcd08f63ee29d4
063,16,social,remediation-v2-stage3-optional-063,OPTIONAL,EXTEND,,Social engineering exploits people rather than code,Classified,bb941c07ed7eb50f0b9691fb5f509433beabf07bfb1f8b2914347f1f03f5d52a
063,17,explanation-social,remediation-v2-stage3-optional-063,OPTIONAL,EXTEND,,Social engineering exploits people rather than code,Classified,f29c5553684e7db843662d51cf1f0565bdee62f17d8929b9dfe52fd6afe404fe
063,18,controls,remediation-v2-stage3-optional-063,OPTIONAL,EXTEND,,"Match controls to mechanism, not just the word ""malware""",Classified,305d1eed902c0b9b3dcdce6034776065d87afc090712e354626cf5cc4deec5b2
063,19,explanation-controls,remediation-v2-stage3-optional-063,OPTIONAL,EXTEND,,"Match controls to mechanism, not just the word ""malware""",Classified,20da9404ea1b66294468bd68e2c9796ea5a6f2ea9311aa5f68503be4f66393e3
063,20,tool,remediation-v2-stage3-optional-063,OPTIONAL,EXTEND,,Threat classifier,Classified,5fe5d1489b1207e01105352c8ced8e46185253663c087e26c72bae85f4d36dcf
063,21,examples,remediation-v2-stage3-optional-063,OPTIONAL,EXTEND,,"Threat, impact, control",Classified,6cd27acd1648afc4e04197385d5833bc7d79920e9b1581c7763fcb3818caa2f0
063,22,practice,remediation-v2-stage3-optional-063,OPTIONAL,EXTEND,,Instant-check questions,Classified,c9ab3475a46a8096e8a3b45ac45f1306373256736d15601cad1f4651606c4c93
063,23,debug,remediation-v2-stage3-optional-063,OPTIONAL,EXTEND,,Fix the almost-right answers,Classified,c20d252a7cd5db483036114cda1c1486b33f80fa26ed39d628c196d4d95fba1e
063,24,exam,remediation-v2-stage3-optional-063,OPTIONAL,EXTEND,,"Answer first, then reveal the Cambridge-style mark scheme",Classified,91c19f5ffa4e6dba2ac3188d67d81efe47c4cc055c3fafb038c22244ca1a0552
063,25,summary,remediation-v2-stage3-optional-063,OPTIONAL,EXTEND,,Threat memory map,Classified,d2f42f322cb7bae19d46fa6f4bdf8b9447d95058f2d63bbc977add7a79f7214c
063,26,homework,homework,AFTER_CLASS,HOMEWORK,,"Clear output, not vague revision",Classified,cc84b5e18c4ffec98d97351697db11eada64b4fe3c4a1a85cf21c43303f48434
064,1,stage2-completion,stage2-completion,CORE,TEACH,,Required internet threats and matching risk-reduction methods,Classified,5941cc1a17c5ae35b53494b140c76ed1ab627c69c33c21be073f37a5bf14e8bc
064,2,stage2-practice,stage2-practice,CORE,PRACTISE,,Required internet threats and matching risk-reduction methods: apply and assess,Classified,600837630ea3bf1f8deaaceeb974fe5d0de8754c60c904cda317928b12579b58
064,3,overview,remediation-v2-stage3-optional-064,OPTIONAL,EXTEND,,"Same target, different route: access, trick, redirect, overload.",Classified,5d4e306bed9910b9645652ae6c979f6b9d9713428eae7ff8e9232ccc833b2243
064,4,delivery-02,remediation-v2-stage3-optional-064,OPTIONAL,EXTEND,,Why this matters,Classified,024fc940d9f5359d2f2fc5e50043903f82af113131eab56855a57449de776603
064,5,hook,remediation-v2-stage3-optional-064,OPTIONAL,EXTEND,,A user types the correct bank URL but lands on a convincing fake banking page. What is the best diagnosis?,Classified,edddaebe83037a94e090f355a8fbd342a1993011f7e5b7fe82a4ac53455674f9
064,6,core,remediation-v2-stage3-optional-064,OPTIONAL,EXTEND,,"Start from mechanism, then discuss impact",Classified,8ded467f4d93c7e1ee964db5a89514db29a391c84778af7d03289c15f7d771f8
064,7,explanation-core,remediation-v2-stage3-optional-064,OPTIONAL,EXTEND,,"Start from mechanism, then discuss impact",Classified,bdc352209f4524799178cecf0a22efb6da7851692d25c48479b43adf3f3c91d0
064,8,hacking,remediation-v2-stage3-optional-064,OPTIONAL,EXTEND,,Hacking: gaining unauthorised access to a system or data,Classified,6b1e63ec7dee59827fce8b9395a99cd7f81b18360c24afbeb24732cccf29c670
064,9,explanation-hacking,remediation-v2-stage3-optional-064,OPTIONAL,EXTEND,,Hacking: gaining unauthorised access to a system or data,Classified,8a01bda9170d023bff656e9c5543f04ba29df71814f4ea4260244f458903730c
064,10,phishing,remediation-v2-stage3-optional-064,OPTIONAL,EXTEND,,Phishing: tricking users into revealing information or visiting a fake page,Classified,fec0f8b76c23b16dfbbdc0786d0f76934f5cf3c1d0c85adf3a6356604a4b5a5c
064,11,explanation-phishing,remediation-v2-stage3-optional-064,OPTIONAL,EXTEND,,Phishing: tricking users into revealing information or visiting a fake page,Classified,7ef2305d20c7977e374f7f8a12a75eef4c850df8843e3a2b517824f44fe3fda5
064,12,pharming,remediation-v2-stage3-optional-064,OPTIONAL,EXTEND,,Pharming: redirecting users to a fake website,Classified,6969798407f079be8050db6b242f2ec4550728c8ae0114e2e9e0eacbbbefbe75
064,13,explanation-pharming,remediation-v2-stage3-optional-064,OPTIONAL,EXTEND,,Pharming: redirecting users to a fake website,Classified,6d5ea5e45239cd6a33766873bc9664e62df5342ec568dd81b8a560a378e6517f
064,14,dos,remediation-v2-stage3-optional-064,OPTIONAL,EXTEND,,Denial-of-service: making a service unavailable,Classified,fe77ee714c6b95144812d6f5341570819fde32c418b4610ebe52c02efd6299b3
064,15,explanation-dos,remediation-v2-stage3-optional-064,OPTIONAL,EXTEND,,Denial-of-service: making a service unavailable,Classified,42d2196826697f312c6d6224e60bacee89e7a834a42da652451f03245960a382
064,16,compare,remediation-v2-stage3-optional-064,OPTIONAL,EXTEND,,Compare by route and result,Classified,13ddcad6476e92db1e1d7dcebeedac533a3f2481d66df204af9993789a8bf912
064,17,explanation-compare,remediation-v2-stage3-optional-064,OPTIONAL,EXTEND,,Compare by route and result,Classified,3ebad2879d5c61ec667c80f0da0dca25ea0bc37c183ff7d9b541169ac061b25f
064,18,controls,remediation-v2-stage3-optional-064,OPTIONAL,EXTEND,,Controls must fit the attack route,Classified,a75456e49b8676276d71dfdb1d78a0d52662902758cc505899084cb4180ca3b1
064,19,explanation-controls,remediation-v2-stage3-optional-064,OPTIONAL,EXTEND,,Controls must fit the attack route,Classified,869bd496984a2b646ac7ec27b3697bb88a2cd932942a46ae311d706da1588483
064,20,tool,remediation-v2-stage3-optional-064,OPTIONAL,EXTEND,,Classify the attack by the clue,Classified,559802db28679f9faa2b733242c81b827a29b0054ce8a536f3bab46091818b86
064,21,examples,remediation-v2-stage3-optional-064,OPTIONAL,EXTEND,,Four model answers with the mark-winning mechanism visible,Classified,c84be43fd973c6d45e07604ad9ea81c0094d77635e3467b83b8b04db0623bd25
064,22,practice,remediation-v2-stage3-optional-064,OPTIONAL,EXTEND,,"Short answers: be precise, then check",Classified,a2e33ee622873125022c54efbc6d08d2802015cff50b28ac4080913ce0044706
064,23,debug,remediation-v2-stage3-optional-064,OPTIONAL,EXTEND,,Fix the sentence before it loses marks,Classified,e41dd4c8b9f60cfe8101d1d74c1693162680d374b9599fa350ce5b04f10b6d4c
064,24,exam,remediation-v2-stage3-optional-064,OPTIONAL,EXTEND,,Original Cambridge-style questions with expandable MS,Classified,1eb29f06a2ff351c1867a2484902f72de15d3c420a499124ea4bddfa2309edb4
064,25,summary,remediation-v2-stage3-optional-064,OPTIONAL,EXTEND,,The four labels are not interchangeable,Classified,d246758391e9e2feb85c682bbdde5fef323bfe957fc46ae685dd57166c1ebb2e
064,26,homework,homework,AFTER_CLASS,HOMEWORK,,Homework tasks,Classified,2c40606a4686bdba712444161eb190e6d865f98afa70beec117790ffd7afbd2f
065,1,stage2-completion,stage2-completion,CORE,TEACH,,"User accounts, passwords and biometric authentication",Classified,7d01d71368c5e9991e5f3611ba81f310a903b5f59c7cb25130420201c127c4c0
065,2,stage2-practice,stage2-practice,CORE,PRACTISE,,"User accounts, passwords and biometric authentication: apply and assess",Classified,4b4c1ea3f9227340dd6c5a52eeab98e56f459e46172fe2f3a4c131cb3a80d881
065,3,overview,remediation-v2-stage3-optional-065,OPTIONAL,EXTEND,,Authentication asks: are you really who you claim to be?,Classified,44b4ae4cbc8fe16ba6cedb44fc2bd278dfcffc4c63e5e46d975c06ea48b8899a
065,4,delivery-02,remediation-v2-stage3-optional-065,OPTIONAL,EXTEND,,Why this matters,Classified,fd32fa88120debf863a2fcab438308a1e920ac1f886da7c33aa7f49a9af42d54
065,5,hook,remediation-v2-stage3-optional-065,OPTIONAL,EXTEND,,A website asks for a password and then a code from your phone. What is the security idea?,Classified,58d1335c6189d67acd6023c2f0183c3289f24cc5b28bfab24050260332d005a9
065,6,core,remediation-v2-stage3-optional-065,OPTIONAL,EXTEND,,Authentication is identity checking,Classified,b45ffdf43c717c73c35597e31db4190b64db8d5efca522db94b1c364599b7518
065,7,explanation-core,remediation-v2-stage3-optional-065,OPTIONAL,EXTEND,,Authentication is identity checking,Classified,5686a4472e66a3def210b9f5dca866da82efb701504ccbb7bcd6328f459d7ee4
065,8,factors,remediation-v2-stage3-optional-065,OPTIONAL,EXTEND,,"Authentication factors: know, have, are",Classified,9f031d4f0f672b2d9364122feecdfc21a5caea3cc1c9bf02b5a6d5e1353f502b
065,9,explanation-factors,remediation-v2-stage3-optional-065,OPTIONAL,EXTEND,,"Authentication factors: know, have, are",Classified,38b7f9037cbbe043945be9cb1c3fcc6cb56eb80d356fb6723fa4de198c2d287d
065,10,passwords,remediation-v2-stage3-optional-065,OPTIONAL,EXTEND,,"Passwords: cheap, familiar and often ruined by humans",Classified,6a7e1554c78661ff0e6c52d70a9fffabcc4c026ef304ea9bc0b90171d571c9b3
065,11,explanation-passwords,remediation-v2-stage3-optional-065,OPTIONAL,EXTEND,,"Passwords: cheap, familiar and often ruined by humans",Classified,797b60b67645a7417e8e0a135c7a5e4b16478a4f5abe71f0b2724ee99eba3d1a
065,12,biometrics,remediation-v2-stage3-optional-065,OPTIONAL,EXTEND,,Biometrics: convenient identity evidence from physical or behavioural features,Classified,987fa2fc2968a5ee79b7003ca705845f657c31791f914462100b44786dbf34dc
065,13,explanation-biometrics,remediation-v2-stage3-optional-065,OPTIONAL,EXTEND,,Biometrics: convenient identity evidence from physical or behavioural features,Classified,cfabb36c07d9da7f9b690d492d0f4e0500dbc38f4ecebe6915fc796aaca7c6f2
065,14,tokens,remediation-v2-stage3-optional-065,OPTIONAL,EXTEND,,Tokens: proof that the user has a specific device or object,Classified,9458ff92347db6d10f2cb8f42b7a0605eabe907c7fa27467c7ce39f20759a092
065,15,explanation-tokens,remediation-v2-stage3-optional-065,OPTIONAL,EXTEND,,Tokens: proof that the user has a specific device or object,Classified,6583093faf25e8c87e401a3e686824f623e355a97035f0da108d6cdca0aacf80
065,16,mfa,remediation-v2-stage3-optional-065,OPTIONAL,EXTEND,,MFA combines different factor types,Classified,4ea232906d6cf04b39f4cff1faada4a04ac3007ad44c994c77698b0812c4077f
065,17,explanation-mfa,remediation-v2-stage3-optional-065,OPTIONAL,EXTEND,,MFA combines different factor types,Classified,0b198fdba760affb0939ccc7b767a44bbed7167dce0ba9c5ed8dbbb8812feb40
065,18,compare,remediation-v2-stage3-optional-065,OPTIONAL,EXTEND,,"Compare methods by evidence, risk and context",Classified,54041eb5a32343aa9ce55c4b1c043329942f7f4b07e880227a10a1c5dc144ad5
065,19,explanation-compare,remediation-v2-stage3-optional-065,OPTIONAL,EXTEND,,"Compare methods by evidence, risk and context",Classified,3d0f3d359ccde25860bd5c99b884bfc8b91cb1b600e33fa535f362c27d660ab9
065,20,tool,remediation-v2-stage3-optional-065,OPTIONAL,EXTEND,,Choose the authentication approach for the scenario,Classified,85ddbb63e7615bce73ba2df51f7189214020dd254d53e721e4bd03510acd193c
065,21,password-tool,remediation-v2-stage3-optional-065,OPTIONAL,EXTEND,,Estimate password quality without collecting real passwords,Classified,d8731cea6524140c8c5777dd2d3098a5c235a911ce167c2b9925f2144c7d662b
065,22,explanation-password-tool,remediation-v2-stage3-optional-065,OPTIONAL,EXTEND,,Estimate password quality without collecting real passwords,Classified,0289896a23ab5f9c2f7d2153b222e69d9b0d2286ad00e2ab7177f4a09f086fa9
065,23,examples,remediation-v2-stage3-optional-065,OPTIONAL,EXTEND,,Four model answers with method and trade-off,Classified,846b6c6e3bd9b214724bbfc7322be45997952fe9524963fb6bcdf039662d4ec4
065,24,practice,remediation-v2-stage3-optional-065,OPTIONAL,EXTEND,,Short answers: classify the method and factor,Classified,c83b795ddacf88ffef98b2a8536b240c0a694252affe96f942dfdfa4885b0e34
065,25,debug,remediation-v2-stage3-optional-065,OPTIONAL,EXTEND,,Fix the sentence before it loses marks,Classified,e41dd4c8b9f60cfe8101d1d74c1693162680d374b9599fa350ce5b04f10b6d4c
065,26,exam,remediation-v2-stage3-optional-065,OPTIONAL,EXTEND,,Original Cambridge-style questions with expandable MS,Classified,1eb29f06a2ff351c1867a2484902f72de15d3c420a499124ea4bddfa2309edb4
065,27,summary,remediation-v2-stage3-optional-065,OPTIONAL,EXTEND,,Authentication is about identity evidence,Classified,9d62a5446f8089310009b871ffde7f55e8f28e657e35ade31fe44bd19c5f52e9
065,28,homework,homework,AFTER_CLASS,HOMEWORK,,Homework tasks,Classified,af633f776b0a5ecf56432357898a1aee175a0211a5c0d02f33a7c36c75bf9324
066,1,stage2-completion,stage2-completion,CORE,TEACH,,Access rights and encryption as data-security methods,Classified,aa14b8b88d5bfd6aa9538cd6e0bcda086cf907a7ab96316839270fbb519c0333
066,2,explanation-controls,controls,CORE,TEACH,,"One control can support more than one goal, but not every goal",Classified,1a1e95342e7326505b3e2bff2a2cf63dfb4c2aa3ef8cbe281a8a6775b2d9c4d8
066,3,stage2-practice,stage2-practice,CORE,PRACTISE,,Access rights and encryption as data-security methods: apply and assess,Classified,0d4dd94ba5ab992e5441d846ba4a2cccf22a305fa5f3ecc94a03a49f9c41c2b9
066,4,overview,remediation-v2-stage3-optional-066,OPTIONAL,EXTEND,,Logging in proves who you are. Permissions decide what you can touch.,Classified,5d0f8e57df85a1738a48934531750b0439571e50cef3ffdb60e600ab43144f59
066,5,delivery-02,remediation-v2-stage3-optional-066,OPTIONAL,EXTEND,,Why this matters,Classified,65db4a26c3ae08d75b5819bf5ef1e6768d8fb5d2cba5dd503d5df8322b655251
066,6,hook,remediation-v2-stage3-optional-066,OPTIONAL,EXTEND,,A student can log into the school system but cannot edit exam grades. What control is this?,Classified,e8ffd240e99260a231e0500fee6450f7a35c8f9860b851e349c2f4dae088aafc
066,7,core,remediation-v2-stage3-optional-066,OPTIONAL,EXTEND,,Access control decides what authenticated users may do,Classified,f89419ec992d916d557b204fdb0c4007a4cdd7e19345ddb63bc8f616660f1815
066,8,explanation-core,remediation-v2-stage3-optional-066,OPTIONAL,EXTEND,,Access control decides what authenticated users may do,Classified,a465f11a4e8a69dc87573032d4b638649d2036aad154b96352054f26880d4f75
066,9,rights,remediation-v2-stage3-optional-066,OPTIONAL,EXTEND,,Common permission types,Classified,7bc088759c55055dfeb0eb22a3b3823bd61d4fc3bc97a61b9cc93d714b3b7b5d
066,10,explanation-rights,remediation-v2-stage3-optional-066,OPTIONAL,EXTEND,,Common permission types,Classified,a4b0d33944ed792ced999a5ee1f37b30a907117d2993406b3e4558c0a6f33aa2
066,11,users,remediation-v2-stage3-optional-066,OPTIONAL,EXTEND,,"Users, groups and roles keep permissions manageable",Classified,5b2c079e48859400e47eb942a38e0e7008bd3d29ecf6ac3740d370974fcf859c
066,12,explanation-users,remediation-v2-stage3-optional-066,OPTIONAL,EXTEND,,"Users, groups and roles keep permissions manageable",Classified,571bae02449a4c0504cc1c1ba710d7e82f2e367e1248251450ef45d3146f7c33
066,13,matrix,remediation-v2-stage3-optional-066,OPTIONAL,EXTEND,,A permission matrix makes access decisions visible,Classified,073f9a1f43b8e5257d9430f8b89bdeb3957f0ff7b64545d33d51cc95d0149e22
066,14,explanation-matrix,remediation-v2-stage3-optional-066,OPTIONAL,EXTEND,,A permission matrix makes access decisions visible,Classified,aa6e8a07e82b3104d8980326031a4777ccd5c96d0fe9868b4cf7eb9d3a3f2158
066,15,least,remediation-v2-stage3-optional-066,OPTIONAL,EXTEND,,Least privilege reduces unnecessary damage,Classified,d87fe57ed5a7efd09c008e9473f92f9d987ab0181fb4e9fac914a81a62fcaf3e
066,16,explanation-least,remediation-v2-stage3-optional-066,OPTIONAL,EXTEND,,Least privilege reduces unnecessary damage,Classified,791087a51dc9b34808f6e321d1377e9b1cd9dc43db2654db818159f620ad811a
066,17,review,remediation-v2-stage3-optional-066,OPTIONAL,EXTEND,,"Permissions need review, not just setup day optimism",Classified,7cbe1e1c814c369296996e4a381fad302801f67bff5ecfda1e7f97b4627db51e
066,18,explanation-review,remediation-v2-stage3-optional-066,OPTIONAL,EXTEND,,"Permissions need review, not just setup day optimism",Classified,e81bb3201fac92d4dbfb778ec9d9e5c6ffa5d683ef961afa4842c3260c8e8b54
066,19,tool,remediation-v2-stage3-optional-066,OPTIONAL,EXTEND,,Should the action be allowed?,Classified,a7e446d23d1bff001488f6fa285354af76c307aedc9e67292df73db335e85649
066,20,examples,remediation-v2-stage3-optional-066,OPTIONAL,EXTEND,,"Four model answers using role, action and consequence",Classified,fc6e78b9e987e343d2e30c6a587a8db80a7948d63381c5c5b25d34230a506f77
066,21,practice,remediation-v2-stage3-optional-066,OPTIONAL,EXTEND,,"Short answers: permission, role, reason",Classified,2994a9a14aac6e18cba387f289c259261c475edeb9b36b30e91ee637eee7159b
066,22,debug,remediation-v2-stage3-optional-066,OPTIONAL,EXTEND,,Fix the sentence before it loses marks,Classified,e41dd4c8b9f60cfe8101d1d74c1693162680d374b9599fa350ce5b04f10b6d4c
066,23,exam,remediation-v2-stage3-optional-066,OPTIONAL,EXTEND,,Original Cambridge-style questions with expandable MS,Classified,1eb29f06a2ff351c1867a2484902f72de15d3c420a499124ea4bddfa2309edb4
066,24,summary,remediation-v2-stage3-optional-066,OPTIONAL,EXTEND,,Permissions are practical security rules,Classified,d7b52e16c9564e81b6ad58284683872792f754657c43ae44a6b778d6684908a4
066,25,homework,homework,AFTER_CLASS,HOMEWORK,,Homework tasks,Classified,f23ff9fd56ac53aa5288635ae79a6451a2a040d7d91f1eda5fd8d351e6a56e01
067,1,stage2-completion,stage2-completion,CORE,TEACH,,Digital signatures and encryption,Classified,6aacbfecc5b5f207145d295be48bab5aefa12bf104f7a42f6218aae9ae8e1120
067,2,stage2-practice,stage2-practice,CORE,PRACTISE,,Digital signatures and encryption: apply and assess,Classified,5f50c1e25b3a2e96f6c9bf619d1d9fbbb10621c3e5d69b376c48c7aaafd572d3
067,3,overview,remediation-v2-stage3-optional-067,OPTIONAL,EXTEND,,"Three security tools, three different jobs.",Classified,5c04e22b4c87982bf193e2120362f2dd21dc1e39d2b6f89d7f8594e207368001
067,4,delivery-02,remediation-v2-stage3-optional-067,OPTIONAL,EXTEND,,Why this matters,Classified,12c518324d0bdfbf22648430c4152fab32c66c4134d18b39f71273cc24f2b699
067,5,hook,remediation-v2-stage3-optional-067,OPTIONAL,EXTEND,,"A website stores a digest of your password, not the password itself. What method is being used?",Classified,6a4a56a752c3c0a006fa35f04f9b1ad6097deefb760a74dc6cf8f58f3e9a2b8e
067,6,core,remediation-v2-stage3-optional-067,OPTIONAL,EXTEND,,Security methods have different purposes,Classified,9863469f88ebaea5c95477040ba3017d68db00256eba3f383807b84ba5c47086
067,7,explanation-core,remediation-v2-stage3-optional-067,OPTIONAL,EXTEND,,Why security methods cannot substitute,Classified,dc02f04a2419024e47f5ff056f9d03b5be29f77831347c13b92719fe7c9f3932
067,8,encryption,remediation-v2-stage3-optional-067,OPTIONAL,EXTEND,,Encryption protects confidentiality,Classified,d41e30a19f0496ccbf4ae78340f1d76ad5ca52ade69889f7ff7b83846af5baa7
067,9,explanation-encryption,remediation-v2-stage3-optional-067,OPTIONAL,EXTEND,,How encryption protects confidentiality,Classified,b362b60235007ccf70f88f0e8b3a6bb87abbb08d808ba1bff26602aa61e15514
067,10,keys,remediation-v2-stage3-optional-067,OPTIONAL,EXTEND,,Keys control who can encrypt or decrypt,Classified,a35473b03d28dfd492647ad7d991ec7ac7f031a4a9b2165803f3293e3334d379
067,11,explanation-keys,remediation-v2-stage3-optional-067,OPTIONAL,EXTEND,,Why key ownership changes capability,Classified,20316a455b1ea30dfed7af340861481bf2ed89c3b66c327a3c13df0b5a552d38
067,12,hashing,remediation-v2-stage3-optional-067,OPTIONAL,EXTEND,,"Hashing is one-way comparison, not secret recovery",Classified,ed0e7fec5a910038164e5fc206668ed1e0938020bf18d39b9c99fdc956e9a8f8
067,13,explanation-hashing,remediation-v2-stage3-optional-067,OPTIONAL,EXTEND,,Why a hash supports comparison,Classified,99c3f50c3b24b7264666f13d1fe7920e2e851e7952d8ae9d58a05ce91cd3258b
067,14,certificates,remediation-v2-stage3-optional-067,OPTIONAL,EXTEND,,Digital certificates help authenticate websites,Classified,fd2cb39d47acd6d2226c812224ffc7568a0a3ac20475dfc96c13910d51d71c23
067,15,explanation-certificates,remediation-v2-stage3-optional-067,OPTIONAL,EXTEND,,How a certificate supports trust,Classified,25a2c9cd60d8dd283c8e5a0a1db8d89a3679495fb8427c2ee8a50599db553010
067,16,https,remediation-v2-stage3-optional-067,OPTIONAL,EXTEND,,HTTPS combines identity checking with encrypted communication,Classified,c33b9ce93635ec52c6a9855bb72e07eb79c721faecd52a534e62b7dbbd946dd8
067,17,explanation-https,remediation-v2-stage3-optional-067,OPTIONAL,EXTEND,,How HTTPS combines trust and privacy,Classified,55092621076129ff3fa3bbfe0a232316eec4571b802ff11d9f721a891979f62c
067,18,compare,remediation-v2-stage3-optional-067,OPTIONAL,EXTEND,,Select the method that provides the required security property,Classified,1cb3d3bdd9bab1d64e389b30772c88966cbe2c25f133df8e6e89a88e1aec6579
067,19,explanation-compare,remediation-v2-stage3-optional-067,OPTIONAL,EXTEND,,How the required property chooses the method,Classified,2199f801183d819cbc3dab8a68be1289876fae077a9b96ba4a2a8f781a1618e4
067,20,tool,remediation-v2-stage3-optional-067,OPTIONAL,EXTEND,,Which security method fits the scenario?,Classified,d4da0071c8fb3cf606106b1ad5c2bc3f69a58edf94fac2381c0aaf44650f7b51
067,21,hash-demo,remediation-v2-stage3-optional-067,OPTIONAL,EXTEND,,"A tiny demonstration hash, not a real security hash",Classified,55758688e8aa3fb5889bd5db9015cec7cbec759590c52d2b09c7d09704c96e2e
067,22,examples,remediation-v2-stage3-optional-067,OPTIONAL,EXTEND,,Four model answers with strict method boundaries,Classified,d324a4f29118950da1ef5a510bcaebbacfaca0af1b2867c19194a360e1173243
067,23,practice,remediation-v2-stage3-optional-067,OPTIONAL,EXTEND,,Short answers: choose the exact method,Classified,5e3eeb30330aa2cfdd439c7afd2aa6ee532113a52c9aeb0f4254151c1a43040a
067,24,debug,remediation-v2-stage3-optional-067,OPTIONAL,EXTEND,,Fix the sentence before it loses marks,Classified,e41dd4c8b9f60cfe8101d1d74c1693162680d374b9599fa350ce5b04f10b6d4c
067,25,exam,remediation-v2-stage3-optional-067,OPTIONAL,EXTEND,,Original Cambridge-style questions with expandable MS,Classified,1eb29f06a2ff351c1867a2484902f72de15d3c420a499124ea4bddfa2309edb4
067,26,summary,remediation-v2-stage3-optional-067,OPTIONAL,EXTEND,,Do not swap the three methods,Classified,03c52f1f59ab7e83e6f3bccc4337e3d9cc0b6d3a60ff67b170cc0792fc96609f
067,27,homework,homework,AFTER_CLASS,HOMEWORK,,Homework tasks,Classified,e0bdb22abdc09a0a600af384b930ec4320933591d20ab9e602ee14b5320dd587
068,1,stage2-completion,stage2-completion,CORE,TEACH,,Firewall protection from a stand-alone PC to a network,Classified,99b25d01e1e43029bfd0d7e1d4f3a1371785582c624e3567e6a523f4c4609f56
068,2,stage2-practice,stage2-practice,CORE,PRACTISE,,Firewall protection from a stand-alone PC to a network: apply and assess,Classified,2e619296db76e9868f57f879de560df5e28815a9051cb993eb2735f77549be75
068,3,overview,remediation-v2-stage3-optional-068,OPTIONAL,EXTEND,,Network security is not just one locked door.,Classified,69f898e8842f05682ce6575db9af14f10fe3a0fd14360b3983f17060a622d96f
068,4,delivery-02,remediation-v2-stage3-optional-068,OPTIONAL,EXTEND,,Why this matters,Classified,54749a2464beded7865075417190f4c795b95e55549e3eb331d370c1cee08abe
068,5,hook,remediation-v2-stage3-optional-068,OPTIONAL,EXTEND,,A school blocks outgoing traffic to port 25 except from the mail server. What control is doing the work?,Classified,78d8b06924dabc07cf8fb8ca97f372d2b29587d9f4fdcad7731a0e4bda0b7e16
068,6,core,remediation-v2-stage3-optional-068,OPTIONAL,EXTEND,,Network controls sit between traffic and risk,Classified,3c1b03e8f4a66762d32adb71f941e705aaa2a34c739439dfbb2668bec2da55af
068,7,explanation-core,remediation-v2-stage3-optional-068,OPTIONAL,EXTEND,,Network controls sit between traffic and risk,Classified,12ed56f23ab593c76f6f567ef059ce3dbcdf99d380588cd0f154a66dadc9889f
068,8,firewall,remediation-v2-stage3-optional-068,OPTIONAL,EXTEND,,Firewalls filter traffic using rules,Classified,2a49a38463d53ab3198e5150f4a47f88d44303394673f3d1b1cd3947065ce73f
068,9,explanation-firewall,remediation-v2-stage3-optional-068,OPTIONAL,EXTEND,,Firewalls filter traffic using rules,Classified,3636dcdc9d577307e7800e49dd892022b3be0ea6885ac6feb4ea99a3833cd489
068,10,rules,remediation-v2-stage3-optional-068,OPTIONAL,EXTEND,,Firewall rules should be specific and ordered,Classified,050ea87856c64380771796eb4ba3951dabcf21dba659dcdacaf7b91e8e2408ee
068,11,explanation-rules,remediation-v2-stage3-optional-068,OPTIONAL,EXTEND,,Firewall rules should be specific and ordered,Classified,f8d11b0806629b642c3c5739c683ebcb5f12c16de562fb3985fc982d6feeef24
068,12,proxy,remediation-v2-stage3-optional-068,OPTIONAL,EXTEND,,A proxy acts as an intermediary,Classified,55b83a9b570f23f5ed5cb80da32d1e3d6e24b4b28e0e89bdc779b66b02ab2ee1
068,13,explanation-proxy,remediation-v2-stage3-optional-068,OPTIONAL,EXTEND,,A proxy acts as an intermediary,Classified,fd093eeb10390bd2f3d3e8ce7a51e2fb93e120cd6883bfdbe523e0685af00c90
068,14,monitoring,remediation-v2-stage3-optional-068,OPTIONAL,EXTEND,,Network monitoring watches for patterns and evidence,Classified,d671e8ed1d430a3b73a28201381a82e36b9062a7b074630a6936b9a403bf1b2d
068,15,explanation-monitoring,remediation-v2-stage3-optional-068,OPTIONAL,EXTEND,,Network monitoring watches for patterns and evidence,Classified,002d25e42e1f66c08a2916c270bef0654d6a90da711a401115796acf7eed125b
068,16,limits,remediation-v2-stage3-optional-068,OPTIONAL,EXTEND,,Controls reduce risk but have limits,Classified,d3dd710aa4e319e7ace906a2c7937facf9b4a7baea1bd4dc4dc35448c24c867b
068,17,explanation-limits,remediation-v2-stage3-optional-068,OPTIONAL,EXTEND,,Controls reduce risk but have limits,Classified,ce439ed42b617491a66206cb372e34be2b8de271ea1995c24ca6d673c82e3086
068,18,tool,remediation-v2-stage3-optional-068,OPTIONAL,EXTEND,,"Allow, block or log?",Classified,d9729d390fc6118bce1045315e838fe26d968653194a47cddba9a81b51fdff94
068,19,event-tool,remediation-v2-stage3-optional-068,OPTIONAL,EXTEND,,Which control is most relevant?,Classified,83604ec37cd00400a758d5233167756f4e50c4178cda6aad7e6971d9ea968bbf
068,20,explanation-event-tool,remediation-v2-stage3-optional-068,OPTIONAL,EXTEND,,Which control is most relevant?,Classified,278850ac54c601fa6d104186fce30b48e1d42d87e925290b2f82ff5566736704
068,21,examples,remediation-v2-stage3-optional-068,OPTIONAL,EXTEND,,Four model answers with mechanism and limitation,Classified,14e4f915adcbb1483490d2ac009cd9d6f1a4da4aaae126bfb12b03d98a52a094
068,22,practice,remediation-v2-stage3-optional-068,OPTIONAL,EXTEND,,Short answers: name the control and mechanism,Classified,ec5c30442a30cf72db0f5cb4c93ea2b3adeeffd2425838609617c755c1b189cc
068,23,debug,remediation-v2-stage3-optional-068,OPTIONAL,EXTEND,,Fix the sentence before it loses marks,Classified,e41dd4c8b9f60cfe8101d1d74c1693162680d374b9599fa350ce5b04f10b6d4c
068,24,exam,remediation-v2-stage3-optional-068,OPTIONAL,EXTEND,,Original Cambridge-style questions with expandable MS,Classified,1eb29f06a2ff351c1867a2484902f72de15d3c420a499124ea4bddfa2309edb4
068,25,summary,remediation-v2-stage3-optional-068,OPTIONAL,EXTEND,,Each control has a different job,Classified,070a5b66ffe73589a98f118de4f34a69e374733ca46a47f38a8285161a6b864c
068,26,homework,homework,AFTER_CLASS,HOMEWORK,,Homework tasks,Classified,9b905069f2cf189781abfcdff28357824fac2d01e3beffe0fad5813cfc39af66
069,1,stage2-completion,stage2-completion,CORE,TEACH,,Complete validation and verification methods,Classified,c3d164769ba8f437c1e5e8df3f81eea2b82f33925d73f9d925efdea9709272a8
069,2,explanation-verification,verification,CORE,TEACH,,Verification checks accuracy against the source,Classified,49e06e04bfe34fce95dd3b624cfbf41c2542c5e17d2dcde6c677cbb77a60ff41
069,3,explanation-checks,checks,CORE,TEACH,,Common validation checks,Classified,3f2756b08993785adfc41dd0a8ceb1d1acdcbe0f35d83da1e445a134f315ad78
069,4,stage2-practice,stage2-practice,CORE,PRACTISE,,Complete validation and verification methods: apply and assess,Classified,cf075d458ab77619c2fa4545f983c8410eef8e42f07fd9f648b36c5ed6cf36b8
069,5,overview,remediation-v2-stage3-optional-069,OPTIONAL,EXTEND,,"Validation asks ""is it sensible?"" Verification asks ""was it copied correctly?""",Classified,62f1681de612f230c39dbfbb92eae404dbd7e4fa9125a1a7464c3d4e51019907
069,6,delivery-02,remediation-v2-stage3-optional-069,OPTIONAL,EXTEND,,Why this matters,Classified,9580f6da672d09a76ad862fc1ec178de1cea60dfb101bdcc491b5cda5c9107e8
069,7,hook,remediation-v2-stage3-optional-069,OPTIONAL,EXTEND,,A form rejects an age of 302 because the allowed range is 0 to 120. What is happening?,Classified,d95c6b8aad2bca1de795eba9c73bfccb2cf8764cfaf51a3d3dfd4004eb4df66d
069,8,core,remediation-v2-stage3-optional-069,OPTIONAL,EXTEND,,Validation and verification protect data quality in different ways,Classified,d9ccc7b28964b4de2254025c221c70923683a5e685340b44e48ac60022cf7a40
069,9,explanation-core,remediation-v2-stage3-optional-069,OPTIONAL,EXTEND,,Validation and verification protect data quality in different ways,Classified,d3b7f4a2f2f1d1a941d6fe17dec200a96a27c0876398f81ce7713e0608ccc101
069,10,validation,remediation-v2-stage3-optional-069,OPTIONAL,EXTEND,,Validation checks whether data obeys a rule,Classified,c62fda930c4b99ccd6b8c89e3fa01cbcf379dd2fdd63f17776450d9e250f708a
069,11,explanation-validation,remediation-v2-stage3-optional-069,OPTIONAL,EXTEND,,Validation checks whether data obeys a rule,Classified,70d3eff5a474b72c75739c0087cb82eb1a8f6f6f2e2363b1cd3973d5a9f6471e
069,12,checks,remediation-v2-stage3-optional-069,OPTIONAL,EXTEND,,Common validation checks,Classified,32a9c896b7a23f6534de3cb859db22ede9ba715845a12485af93ae74ce5d31a7
069,13,verification,remediation-v2-stage3-optional-069,OPTIONAL,EXTEND,,Verification checks accuracy against the source,Classified,ecea264d2f626b851b367bb9bc60dfb9fd04ef1ef3d3e4a3176ee850e49cda86
069,14,compare,remediation-v2-stage3-optional-069,OPTIONAL,EXTEND,,"Validation and verification are partners, not synonyms",Classified,0a1407bbb17bacb33cbb4d6aee497ef0b6ee161e7c4733c3ea4d493a77ce6858
069,15,explanation-compare,remediation-v2-stage3-optional-069,OPTIONAL,EXTEND,,"Validation and verification are partners, not synonyms",Classified,2d68bb81d94c945d4a38e81067197d07a827a953459bd45f9264e40771916e48
069,16,limits,remediation-v2-stage3-optional-069,OPTIONAL,EXTEND,,Neither method guarantees truth,Classified,bda1ea5f2689fa2a8f25e9e8b03b08fff687ae41e4aec7fe4035096562f1d921
069,17,explanation-limits,remediation-v2-stage3-optional-069,OPTIONAL,EXTEND,,Neither method guarantees truth,Classified,4fd27f8f8e8aa6acf8ecdd23aab35d3bafb24d3f9ee312f535fd5fa82737a787
069,18,tool,remediation-v2-stage3-optional-069,OPTIONAL,EXTEND,,Try common validation checks,Classified,c9c5e25fc21fcdeff7e6a2041eba57d1511be1e91eef6fb5d761926139d699ed
069,19,verify-tool,remediation-v2-stage3-optional-069,OPTIONAL,EXTEND,,Which verification method fits?,Classified,767409b13669eabec654c33cb5d71324a50dfef54bca69445230c383fafc0315
069,20,explanation-verify-tool,remediation-v2-stage3-optional-069,OPTIONAL,EXTEND,,Which verification method fits?,Classified,40c12253a8eddc0371ab15f65ec6ae5bc68fd387f5240cc743252b39ce5f093b
069,21,examples,remediation-v2-stage3-optional-069,OPTIONAL,EXTEND,,Four model answers showing what is detected,Classified,1ce345486f52250b1cd488054a0cb2d0ebf3b473e107c8d8f595565f4faa77b5
069,22,practice,remediation-v2-stage3-optional-069,OPTIONAL,EXTEND,,Short answers: name the method and its limitation,Classified,145db53ea4fcba673eb7001b0daddf619cb75f772b07daf2297da146b2e5b0fb
069,23,debug,remediation-v2-stage3-optional-069,OPTIONAL,EXTEND,,Fix the sentence before it loses marks,Classified,e41dd4c8b9f60cfe8101d1d74c1693162680d374b9599fa350ce5b04f10b6d4c
069,24,exam,remediation-v2-stage3-optional-069,OPTIONAL,EXTEND,,Original Cambridge-style questions with expandable MS,Classified,1eb29f06a2ff351c1867a2484902f72de15d3c420a499124ea4bddfa2309edb4
069,25,summary,remediation-v2-stage3-optional-069,OPTIONAL,EXTEND,,The difference is small in wording and large in marks,Classified,a74e9f72f544c175f178495da06e5f75fab98d67f134d2dafe706910110360b3
069,26,homework,homework,AFTER_CLASS,HOMEWORK,,Homework tasks,Classified,ef77383de5b59c8715925f54a2a7c491cc26eea756ecef8e036ce2e91ab1d49e
070,1,overview,overview,CORE,TEACH,,Backups are useful only if recovery actually works.,Classified,502702c5a46c91edeb7e0bba7cba991447ad55bf5d6734357db92fca78e1988b
070,2,delivery-02,overview,CORE,TEACH,,Why this matters,Classified,2f9ad29ff14f501de7151c7d3b77c3ec9661a1f7bd485f5645b6255f41363657
070,3,hook,hook,CORE,ASK,,A ransomware attack encrypts the main server and the connected backup drive. What was wrong with the backup strategy?,Classified,df205a10e89a26209be63fb2cce82e0893fe8269ac1aea5975d790adb221c423
070,4,core,core,CORE,TEACH,,"Recovery planning is about availability, integrity and accountability",Classified,76ab42b6ebbe407e9e65a0490294a2545aaab990bfa174414174937e95bda7ca
070,5,explanation-core,core,OPTIONAL,EXTEND,,"Recovery planning is about availability, integrity and accountability",Classified,37f032b9038db6c8ab716ef517e1c05204f8a6871605d565ffa91ae0fa38b09e
070,6,backups,backups,CORE,TEACH,,"Backup type affects speed, storage and recovery complexity",Classified,80ecea6ae3fc38f2a25ed2043699754722f4cb981fd2d3da76675be87a6eaca9
070,7,explanation-backups,backups,OPTIONAL,EXTEND,,"Backup type affects speed, storage and recovery complexity",Classified,11b56a6fcdf9f5fd92a7c0f8d10dfe0af6cd6ae93e08a4c54c137739e5bdb120
070,8,strategy,strategy,CORE,TEACH,,"A strategy defines location, frequency, retention and security",Classified,d9d1211bc112afbb50d5e50f0f1ac150b38e57df8caf1a217eedc4cc9a66624b
070,9,explanation-strategy,strategy,OPTIONAL,EXTEND,,"A strategy defines location, frequency, retention and security",Classified,32d3192d1be09addb8b2e4dd67ae758eecad8fe97433021918b8c3b9dec73605
070,10,recovery,recovery,CORE,TEACH,,Disaster recovery is more than data copying,Classified,168a8cfca649875a7d90d6d824a52cae92c62afaa2492eb89c731639cc56c392
070,11,explanation-recovery,recovery,OPTIONAL,EXTEND,,Disaster recovery is more than data copying,Classified,adcedd2ad8350c24c64565a2e88f1b9047c21a54c38f3c9f534d896424d9feeb
070,12,audit-trails,audit-trails,CORE,TEACH,,Audit trails support accountability and investigation,Classified,3c3bd058d17ed9fc3d31087ec88a10ec4b11787bd93cc77c999c5d177535a862
070,13,explanation-audit-trails,audit-trails,OPTIONAL,EXTEND,,Audit trails support accountability and investigation,Classified,2f2d72a4e5c8cca520f3fcf6c6759e4cc151f02bce44ca6249ac6a7444f937fc
070,14,compare,compare,CORE,TEACH,,"Compare by purpose, not by ""security word""",Classified,a04d8c9f53bcae5ead97533db2be5bf1969b49d1f57d7574fae375687845f641
070,15,explanation-compare,compare,OPTIONAL,EXTEND,,"Compare by purpose, not by ""security word""",Classified,1f08679e74e2ac29961155dcc893a9c74921d09b92015e1b4c93e58ff841bb89
070,16,tool,tool,OPTIONAL,TEACH,,Choose a proportionate strategy,Classified,70752dc98326589b221a4e022dfb82e2474480726f131c02e78c34b1d47f272e
070,17,rpo-tool,rpo-tool,CORE,TEACH,,Match backup frequency to acceptable data loss,Classified,7b6f93e1c7040b7a49beb53272461ac4e97d76e8b0260765cef9ae8aa9868204
070,18,explanation-rpo-tool,rpo-tool,OPTIONAL,EXTEND,,Match backup frequency to acceptable data loss,Classified,dda2c0b54d20d29fc85e6285d6c09ab4bef6a23895ad7132adee1e983c89bf8a
070,19,examples,examples,CORE,TEACH,,Four model answers with risk-control matching,Classified,3f350ddd845943fe71bfdead33f5505f256d19fd6a915a00d2bf07c074e3fc60
070,20,practice,practice,CORE,PRACTISE,,Short answers: recovery and evidence,Classified,03042805d9e180d4d8d9fe0e5ab557a7a3d5d03e3b3f575cf669166eaca5d69a
070,21,debug,debug,CORE,CHECK,,Fix the sentence before it loses marks,Classified,e41dd4c8b9f60cfe8101d1d74c1693162680d374b9599fa350ce5b04f10b6d4c
070,22,exam,exam,CORE,EXAM,,Original Cambridge-style questions with expandable MS,Classified,1eb29f06a2ff351c1867a2484902f72de15d3c420a499124ea4bddfa2309edb4
070,23,summary,summary,CORE,CHECK,,"Recovery needs copies, plans and evidence",Classified,abe7ba22d88a060d2122a1764a732fcf17eb3c3b0669ac917dd28678e6ba6648
070,24,homework,homework,AFTER_CLASS,HOMEWORK,,Homework tasks,Classified,8f1a9531b4050a6944c5b63ac7653f3fa738627ac1e2c46a378e265acd1e3900
071,1,overview,overview,CORE,TEACH,,"The right control depends on the risk, not on the fanciest keyword.",Classified,10a15638b2f147e6430fa9c7ce4178e76c21d31a2db071ae3aa06a8d2f6cee72
071,2,delivery-02,overview,CORE,TEACH,,Why this matters,Classified,5fe04b11a0f04e43e1b436a591959a6a1d8e91b81d1b65d499aed71ce59a6b9d
071,3,hook,hook,CORE,ASK,,A school loses coursework because a shared drive failed. Which control best addresses the main risk?,Classified,f7a6df9b7e4fba4d0d33833966cb12ac951026b91810995db1aaa0b8d8b5815b
071,4,review-map,review-map,CORE,TEACH,,Section 6 review map: risk families and likely controls,Classified,d8bb4cc14240872406a020bc263357da2fbfc6e3fea00405b90aa72287041eb2
071,5,explanation-review-map,review-map,OPTIONAL,EXTEND,,Section 6 review map: risk families and likely controls,Classified,a7d89848eb8a5b5701f745cb3bc760c2ed4180e0cf0f739be8baa0543e2babbc
071,6,method,method,CORE,TEACH,,Use the four-part answer chain,Classified,b273abf9d99cde6dacc82d743a59e9553ba9d7a4a0e5d1b45721ec5ccb23aeaf
071,7,explanation-method,method,OPTIONAL,EXTEND,,Use the four-part answer chain,Classified,698d101adf5baf62aa5338d7493e387e9ec90029871c6793337cb9dde26a6c0b
071,8,controls,controls,CORE,TEACH,,Controls have different jobs,Classified,991115b6469c5006507ff5d263173e83b5993544688e0791cfbe56577f11f19b
071,9,explanation-controls,controls,OPTIONAL,EXTEND,,Controls have different jobs,Classified,e419b2bc090eb7445b5745c59bab35277e249cbe35aae423d532ff7974a2f2a2
071,10,compare,compare,CORE,TEACH,,Similar-looking controls: choose by mechanism,Classified,3ce6cbe917b3b221b2395cf43bf7108fcd563091e235faee59e4d925c58ade11
071,11,explanation-compare,compare,OPTIONAL,EXTEND,,Similar-looking controls: choose by mechanism,Classified,521e8a0fa621e59482ee34dfeaab45d5d197709b3ee3dabde4532e53b6c1172f
071,12,matcher,matcher,CORE,TEACH,,Select the best control for the scenario,Classified,0244ac70b977cf55c1f81a9d55308094243cc10a2cafdd7bc75b0282dcff938e
071,13,explanation-matcher,matcher,OPTIONAL,EXTEND,,Select the best control for the scenario,Classified,8365048192e5e0e012a2ddd1f88c19bb2bc9c6630e7a5a857e9a48b38acc3bee
071,14,diagnostic,diagnostic,CORE,TEACH,,Identify the risk family first,Classified,95246aae89c2569cdb1a6cf8cb18be51620d3d908909bd2659368492a038fa72
071,15,explanation-diagnostic,diagnostic,OPTIONAL,EXTEND,,Identify the risk family first,Classified,9e459d51435cbc748413b849259b5bd2b5b577b0d6544faa6d68485701adb27a
071,16,examples,examples,CORE,TEACH,,Four model answers that turn labels into marks,Classified,ca133082460f10370d8bea9b44df87edeedeab95b986567d3a8dd009b5004d75
071,17,practice,practice,CORE,PRACTISE,,"Use precise vocabulary, then expand into full explanations",Classified,6f23e29708b5e12ed903994be49568f7f6745fd64575415e97b5cf6798bc5090
071,18,debug,debug,CORE,CHECK,,Fix answers that sound secure but do not earn enough marks,Classified,7fe8645927d143496a4b10bfe08f0b8a3d644d43f1b938104970b926ba1559d8
071,19,exam,exam,CORE,EXAM,,Cambridge-style Section 6 review questions with expandable MS,Classified,f395c37542f52d0602df77a6ffa13a2a78d73db4c0b03d6c8f25e920abbf6c86
071,20,summary,summary,CORE,CHECK,,Section 6 review in six exam-ready sentences,Classified,d932823379857f30db6773332f0d297bce4f6b6c5139eb61d6be57e8af487f70
071,21,homework,homework,AFTER_CLASS,HOMEWORK,,"Make the review useful, not decorative",Classified,eeeb0f1df54ae1cc46080142c05098df2fd62c75d0a333ef1b4061ed2794a49e
072,1,stage2-completion,stage2-completion,CORE,TEACH,,"Professional ethics, professional bodies and ethical decisions",Classified,d112d824be2469821896a7f2fed048c74a66f946ddb6e40adb883cd579bcf5ef
072,2,explanation-stakeholders,stakeholders,CORE,TEACH,,Ethical answers start with stakeholders,Classified,eb8d2fd31c6953890f468e4394f9b55438fdf75778935ed7bbe729624808e3a8
072,3,stage2-practice,stage2-practice,CORE,PRACTISE,,"Professional ethics, professional bodies and ethical decisions: apply and assess",Classified,558611b55cc1c059ec8d22994ffb9a6610e8e5ada9b93bd9a9ae586498744977
072,4,overview,remediation-v2-stage3-optional-072,OPTIONAL,EXTEND,,Just because a system can do it does not mean it should.,Classified,e6abc2911cccb7b895e75c130fdc66b1a5882bab4f5875f364ea79edde7a248e
072,5,delivery-02,remediation-v2-stage3-optional-072,OPTIONAL,EXTEND,,Why this matters,Classified,327ddd5f5a46b5c34bd31388cb1cfc2367b1aee69b57c6b5cdf7d023187a340a
072,6,hook,remediation-v2-stage3-optional-072,OPTIONAL,EXTEND,,A school can install software that records every website students visit. Should it?,Classified,ec3fcacf68f6a8b3ca2e28e9f77c7d0a5cdb7012261938a169ee80291c5f3c62
072,7,ethics,remediation-v2-stage3-optional-072,OPTIONAL,EXTEND,,Ethics is about responsible decision-making,Classified,ce575d621ec9a1fdde124e6209bcc1f1825ac6856aec7f9b06a0089a8cfab459
072,8,explanation-ethics,remediation-v2-stage3-optional-072,OPTIONAL,EXTEND,,Ethics is about responsible decision-making,Classified,7b31d4340bed7b4f36d93554baafa8a78e4335aa3c626c870f326a05b5eec88a
072,9,stakeholders,remediation-v2-stage3-optional-072,OPTIONAL,EXTEND,,Ethical answers start with stakeholders,Classified,65490dbdb3a21f2c7ec80559a463b21534bdabd2de34220f8f2b0dcff5e6713f
072,10,tradeoffs,remediation-v2-stage3-optional-072,OPTIONAL,EXTEND,,"Most ethical issues are trade-offs, not slogans",Classified,89bd67ed54c97cc2545f5b59c90615f11db002d5ee56a4fdd653b0348381e118
072,11,explanation-tradeoffs,remediation-v2-stage3-optional-072,OPTIONAL,EXTEND,,"Most ethical issues are trade-offs, not slogans",Classified,de1b482a5585c8c94bb5f5e0ff4b98d02dbf38d8dfe1c970d9169d575ca60feb
072,12,method,remediation-v2-stage3-optional-072,OPTIONAL,EXTEND,,Use a balanced evaluation structure,Classified,d65315cc2e3fcda1e71d3187fc328ee6585097e3f4e9006946e9779813263a1f
072,13,explanation-method,remediation-v2-stage3-optional-072,OPTIONAL,EXTEND,,Use a balanced evaluation structure,Classified,87de9c252488787dac56f484adaee0648f6ec82553123d75f0c22dae24282a63
072,14,mapper,remediation-v2-stage3-optional-072,OPTIONAL,EXTEND,,"Map a decision to stakeholders, benefits and concerns",Classified,a46c5322aeb99a3bf03361073bf57f23d494b56937016e785c0fe875e75743c2
072,15,explanation-mapper,remediation-v2-stage3-optional-072,OPTIONAL,EXTEND,,"Map a decision to stakeholders, benefits and concerns",Classified,d6f1841b194bf931ced2c7f9b4ecf243ced894f8b277746b8e001028606b1a54
072,16,builder,remediation-v2-stage3-optional-072,OPTIONAL,EXTEND,,Build a balanced paragraph,Classified,5b9c4a2187adc766e0742bc3e722679af6472bb987e1378d32aa9ee61761ff3e
072,17,examples,remediation-v2-stage3-optional-072,OPTIONAL,EXTEND,,Four balanced ethics answers,Classified,8f0183de4ef23ee00567c538533bc023b6c2739821be4f366a13973061c2944c
072,18,practice,remediation-v2-stage3-optional-072,OPTIONAL,EXTEND,,Check core vocabulary before writing paragraphs,Classified,91a5ddd0c476d367730d44bb61830b765fae3622facdad31a5d9df5804acf979
072,19,debug,remediation-v2-stage3-optional-072,OPTIONAL,EXTEND,,Repair answers that sound opinionated but do not analyse,Classified,b301d598347be6b224d4e06abe1e6b20147782a30b0a847ff2d729f6b0f600a4
072,20,exam,remediation-v2-stage3-optional-072,OPTIONAL,EXTEND,,Cambridge-style ethics questions with expandable MS,Classified,959441376e48a7fc9f15c1769b5f898aac8a9c5154316ead61db71a45b9d52ba
072,21,summary,remediation-v2-stage3-optional-072,OPTIONAL,EXTEND,,Ethical issues in six exam-ready ideas,Classified,ccfde424f9abc75ee72a3379a78ae132df735fd5076589d5bd13bb267e66daae
072,22,homework,homework,AFTER_CLASS,HOMEWORK,,Practise balanced evaluation,Classified,ba8953520818f158a1f5072c4ab551ab8cde1e853b6ce5a55e395fe02aad231d
073,1,overview,overview,CORE,TEACH,,Data can be useful. It can also become a diary someone never agreed to write.,Classified,971e2ccd24451afa8017ed132f2f6d3c6afdd6b6b3c0cf9734e5c8fd42be2ea8
073,2,delivery-02,overview,CORE,TEACH,,Why this matters,Classified,bee52c3368838c8c68405a30eff94be300e36623085ae9a73fa3e119f99d32d5
073,3,hook,hook,CORE,ASK,,"A fitness app asks for step count, heart rate, location, contacts and microphone access. Which request is most suspicious for its stated purpose?",Classified,2a4e2251de47ed055fc0d4d851634fd54c1b67f4df466e1623768604a4ad8630
073,4,privacy,privacy,CORE,TEACH,,Privacy is control over personal information,Classified,3b8c97bb718a472501e7d6e2de2f95cdb19c0e2fd1200e6cabbe8b92a881093d
073,5,explanation-privacy,privacy,OPTIONAL,EXTEND,,Privacy is control over personal information,Classified,bcdee1524cb493a5b45244d62db58b0f247ebd766812b913cca558a71edd94fd
073,6,surveillance,surveillance,CORE,TEACH,,"Surveillance can protect people, but it changes behaviour and trust",Classified,48c6a4f9fd0db3e4676f14be4111c5c641cb45f25a2e86480fb6327da90a879e
073,7,explanation-surveillance,surveillance,OPTIONAL,EXTEND,,"Surveillance can protect people, but it changes behaviour and trust",Classified,e8a7d99fcbf4fedd702ab3781c34b7e61ade5044581a4d157e9fd15e0b597200
073,8,protection,protection,CORE,TEACH,,Data protection reduces misuse and unnecessary exposure,Classified,772d6e944995ca657a89e07b771b484c610a51a54d2656d78b4deb2b54132aa1
073,9,explanation-protection,protection,OPTIONAL,EXTEND,,Data protection reduces misuse and unnecessary exposure,Classified,753c1803c09ee32d043c97e2c58fc6f78df4fa3afefe89fb40a43f6fad107bc6
073,10,principles,principles,CORE,TEACH,,Good answers link a principle to a concrete risk,Classified,92826fc431991fd174ae259cb679112bf9688134563414027507f735b8aa4693
073,11,explanation-principles,principles,OPTIONAL,EXTEND,,Good answers link a principle to a concrete risk,Classified,01c1af2309e5cd53bd3c1ea78a874bd7c2273b623df2732443f1e1d741d7085d
073,12,method,method,CORE,TEACH,,Use a privacy impact answer structure,Classified,772c8127d3ed3ac8cb9a2b572e30fc9d26d64e26892a9576ede3e90840c19e4b
073,13,explanation-method,method,OPTIONAL,EXTEND,,Use a privacy impact answer structure,Classified,607163ea63986b22bf2d09037b55af84d7f1db52aafcbebc2c6e500637144035
073,14,scanner,scanner,CORE,TEACH,,Find the privacy risk in a data collection scenario,Classified,71451ac9dfd7b4eea0e3a2ae61cbd5b6b8abf0e711fa4150104ab466e94fbb6e
073,15,explanation-scanner,scanner,OPTIONAL,EXTEND,,Find the privacy risk in a data collection scenario,Classified,ea1a77e8ddcd9292462398feca43e13dd6ad7af44d766ddaa68db9136f83e16f
073,16,checklist,checklist,CORE,TEACH,,Choose a weak policy and see what is missing,Classified,28bfec306e8fe89e68e9720d22f9bb9b4fcf7dde214fb482acf9f56feeb4bb67
073,17,explanation-checklist,checklist,OPTIONAL,EXTEND,,Choose a weak policy and see what is missing,Classified,7acb6b8de8077a209e6c8a45483abdc0fd7b6cc91c70911181b5511b883d90bb
073,18,examples,examples,CORE,TEACH,,Four model answers with privacy impact reasoning,Classified,97299cbd152dd350261e86ee25a35a711d8a8dc311131f396e8725b26454d776
073,19,practice,practice,CORE,PRACTISE,,Check the vocabulary before writing full explanations,Classified,37777800bcc37282c5365b8d8434b732bda4598d098c51069cff2b617e431462
073,20,debug,debug,CORE,CHECK,,Fix privacy answers that are too vague or too absolute,Classified,7befcdd696c7b48ae3767f8318f554a8ac3c590c4eb825ac4f1a252308a8a05b
073,21,exam,exam,CORE,EXAM,,Cambridge-style privacy and data protection questions with expandable MS,Classified,eeaccc4698264e111a41d9e4a2187fe77184e17d3ef9a6e3b42072f99a60489c
073,22,summary,summary,CORE,CHECK,,Privacy and data protection in six exam-ready ideas,Classified,983ed4b46179aed3b618b47189e80f799145ba2e92ee6c917d49c5f18a6b4a8b
073,23,homework,homework,AFTER_CLASS,HOMEWORK,,Practise privacy impact analysis,Classified,d7ce5ae22391e84286e9780bdbb7f4eae472758aafce260485f1e9c0ed064a12
074,1,stage2-completion,stage2-completion,CORE,TEACH,,"Copyright legislation, FSF, OSI and licence permissions",Classified,a625ecd590f74cb86740b706a8d3bac9c11b4b98ba30dbfd31e839cc38b3a860
074,2,explanation-licensing,licensing,CORE,TEACH,,A licence grants permission under conditions,Classified,a76a0acc99bc89af715789bc6c0f7012da6cf48a249da2de97268f015cf461d4
074,3,stage2-practice,stage2-practice,CORE,PRACTISE,,"Copyright legislation, FSF, OSI and licence permissions: apply and assess",Classified,184d272d0d98a1dd816fd3c953f98b680b06e90500f782eb582c9dfffd5560a3
074,4,overview,remediation-v2-stage3-optional-074,OPTIONAL,EXTEND,,"If you can download it, that does not mean you own it.",Classified,4749fd41dfbd218ebc5c4418767180d42e3b624f7504edef231cdabfea911b4b
074,5,delivery-02,remediation-v2-stage3-optional-074,OPTIONAL,EXTEND,,Why this matters,Classified,3a10198951dba943d6b328d44f9bef3ba7280ee61262c98c8fc7afc187c255d9
074,6,hook,remediation-v2-stage3-optional-074,OPTIONAL,EXTEND,,A student copies code from an online repository into coursework. The repository is public. Is the copying automatically allowed?,Classified,5e1f712c47f0fcc7b6dc11f240b18994ceefa708b1f0741a79afb506cd484307
074,7,ip,remediation-v2-stage3-optional-074,OPTIONAL,EXTEND,,Intellectual property protects created ideas and expressions,Classified,9083f0ab813c0f8cd4b4c2446fdc6b7dff028590795fad85785e286deb75dc1a
074,8,explanation-ip,remediation-v2-stage3-optional-074,OPTIONAL,EXTEND,,What intellectual property can protect,Classified,af7c827a1b06eb82a99c306619bdce8f46a514ef1aba325e3745abbbe075f3f5
074,9,copyright,remediation-v2-stage3-optional-074,OPTIONAL,EXTEND,,"Copyright protects expression, including software code",Classified,1b4c381de935e71e513330b0d3c27d594a34c70eb28f48c28671bb8c0392202c
074,10,explanation-copyright,remediation-v2-stage3-optional-074,OPTIONAL,EXTEND,,"Copyright protects expression, including software code",Classified,452bc4e54bfc1e193771afb553adb78ca0419af48cddd5bca509167648bf7cb2
074,11,patents,remediation-v2-stage3-optional-074,OPTIONAL,EXTEND,,"Patents protect inventions, not every line of code",Classified,7faf1ffee50f7070f97ee57ff78e4f8f5f180085abcaca782e75d9fec580b50f
074,12,explanation-patents,remediation-v2-stage3-optional-074,OPTIONAL,EXTEND,,"Patents protect inventions, not every line of code",Classified,7b4f74d1f2f1952b107f198d7bd0c05055c54419806baa96faeba21863ca45b3
074,13,licensing,remediation-v2-stage3-optional-074,OPTIONAL,EXTEND,,A licence grants permission under conditions,Classified,f79d293ca2367e4781da27770b6c79f8147fe1f38af1a002678c542807ab43ad
074,14,compare,remediation-v2-stage3-optional-074,OPTIONAL,EXTEND,,Do not confuse protection type with permission type,Classified,8be3cf192b81e28eeb5bb1fe24d52fccae77fdeb5ba1cb72a60aeb5fe67a3653
074,15,explanation-compare,remediation-v2-stage3-optional-074,OPTIONAL,EXTEND,,Do not confuse protection type with permission type,Classified,54d793f4bc62bf4eea18926a475c38810434fc050c7b7b6fd8b73f51ef9e09ce
074,16,matcher,remediation-v2-stage3-optional-074,OPTIONAL,EXTEND,,Choose the likely permission issue,Classified,fde045dcf8cf2c2025a65fb14d7b7b42dc43d6b97090f229a5740c5ca394394f
074,17,explanation-matcher,remediation-v2-stage3-optional-074,OPTIONAL,EXTEND,,Choose the likely permission issue,Classified,dda85f4e21d03c53753d3147d148d176126004c3b65a68e0eeed1d12a7c3b891
074,18,checker,remediation-v2-stage3-optional-074,OPTIONAL,EXTEND,,Does this use sound permitted?,Classified,e0cd2b392aab51c56f9f1e0ce67d5d054a75c838118bd7619c0a5590c6288d2d
074,19,examples,remediation-v2-stage3-optional-074,OPTIONAL,EXTEND,,Four model answers for IP and licensing scenarios,Classified,0f3d6342fb3caab80d87b506b62b551fffae3105bd5cc138fde5e61052279d92
074,20,practice,remediation-v2-stage3-optional-074,OPTIONAL,EXTEND,,Check core vocabulary before writing scenario answers,Classified,e15843219ad1d1d01b11b3761a199c6a1e8cccc5fcc338bd8300ea48e3cc4434
074,21,debug,remediation-v2-stage3-optional-074,OPTIONAL,EXTEND,,"Fix IP answers that confuse access, ownership and permission",Classified,6a355cd8bc40e23b3ea57223b344dbb43e68dbf70d505cfcbfe050056cb452ef
074,22,exam,remediation-v2-stage3-optional-074,OPTIONAL,EXTEND,,Cambridge-style IP questions with expandable MS,Classified,8b34c5aff9fc9ba1e69bb110b6619bf5ae58f1210f7a349cab88b0d58fd91aa2
074,23,summary,remediation-v2-stage3-optional-074,OPTIONAL,EXTEND,,IP and licensing in six exam-ready ideas,Classified,00d8fec9cfbbf962c15c1a32b7621bc3e02ee7fa0359cff27bbdb0f8a94b4b99
074,24,homework,homework,AFTER_CLASS,HOMEWORK,,Practise permission-based reasoning,Classified,b5dd9dceb541a07e8fedc83e6566ab1332b88eb94e2c23ec2e3ec7179ef9e479
075,1,stage2-completion,stage2-completion,CORE,TEACH,,Shareware and commercial licences,Classified,5b00e7d4d389d71063b5da2abcb81fee8936b3f9663efe59386766085aabe1c3
075,2,stage2-practice,stage2-practice,CORE,PRACTISE,,Shareware and commercial licences: apply and assess,Classified,66b575abd66dddfa647d9161765013e35e333c2bd59ca2952941d6d31f8aceaa
075,3,overview,remediation-v2-stage3-optional-075,OPTIONAL,EXTEND,,Free software is not always free of responsibility.,Classified,7c5079a4c1799078d2356e93af478a56c71ba71235d20672f52b0b3868047cfe
075,4,delivery-02,remediation-v2-stage3-optional-075,OPTIONAL,EXTEND,,Why this matters,Classified,23f3cebc39b743609d6354319292225d2fefdb32140b3cf415e2e6fe9337999e
075,5,hook,remediation-v2-stage3-optional-075,OPTIONAL,EXTEND,,A school wants free software for its network servers. Should it automatically choose open source?,Classified,c63807fbdb4656d4d33340ddf97dfd4d2a5247082a7b7a4aa7d7a7422b68121c
075,6,open-source,remediation-v2-stage3-optional-075,OPTIONAL,EXTEND,,Open-source software makes source code available under a licence,Classified,b760e2f8328aa682fd1fe135e3d57787af33ace93030bb2095d0315353fab2d0
075,7,explanation-open-source,remediation-v2-stage3-optional-075,OPTIONAL,EXTEND,,Open-source software makes source code available under a licence,Classified,71a3a14e68e7316974c0e971f581bbcbf2f70738075bc20f7ad761de4c976736
075,8,proprietary,remediation-v2-stage3-optional-075,OPTIONAL,EXTEND,,Proprietary software keeps control with the owner,Classified,62b1fd5af8278bd3be36065bd77da4fbbc336635d6f8c080db111dd3641e5168
075,9,explanation-proprietary,remediation-v2-stage3-optional-075,OPTIONAL,EXTEND,,Proprietary software keeps control with the owner,Classified,c9265a67b5abeb35418914dc3abe18c4ff54232752283171cc460976c4cb4e23
075,10,tradeoffs,remediation-v2-stage3-optional-075,OPTIONAL,EXTEND,,"Compare by factor, not by favourite label",Classified,168981687ff29b28eef4bebd2d7ff9caafcb0026459b4913488f630e9fc6ae58
075,11,explanation-tradeoffs,remediation-v2-stage3-optional-075,OPTIONAL,EXTEND,,"Compare by factor, not by favourite label",Classified,8307809898f1b2bd9c10f8a5ff4656d1e7b255475f7ef724d3067da1c6e6c164
075,12,ownership,remediation-v2-stage3-optional-075,OPTIONAL,EXTEND,,Ownership and licence obligations still matter,Classified,613452fe9cf42ec71dccaec4b1b677a1dda7823a8a36ea571037b53a8f72e00d
075,13,explanation-ownership,remediation-v2-stage3-optional-075,OPTIONAL,EXTEND,,Ownership and licence obligations still matter,Classified,c57e104e9a4f628b11afdf7ccb5759152c4f486d95ab69c50c1c0d9ce1fc7819
075,14,method,remediation-v2-stage3-optional-075,OPTIONAL,EXTEND,,Use a scenario-based comparison structure,Classified,e78aa00e8faac429852802ddb940809da4949660bd3e963b089a8c1e0eda5002
075,15,explanation-method,remediation-v2-stage3-optional-075,OPTIONAL,EXTEND,,Use a scenario-based comparison structure,Classified,098838c1fab4e07c24b0bc6c70e414914e145c346141c9fb25d66b51d0066803
075,16,advisor,remediation-v2-stage3-optional-075,OPTIONAL,EXTEND,,Match the software type to the scenario,Classified,3d99156185c9f7690eb7c8a8d55c069857ba055a2b4850417a443a6746615b83
075,17,explanation-advisor,remediation-v2-stage3-optional-075,OPTIONAL,EXTEND,,Match the software type to the scenario,Classified,e5e9e43e45f8dc2acad475d47cefb565940916b5cc9c86122e78dcc2c540529b
075,18,checker,remediation-v2-stage3-optional-075,OPTIONAL,EXTEND,,Spot the missing qualification,Classified,1855c11e2e53961b591b77cfd73600e9fe603a3273d192a289c43e45ef9d3c42
075,19,examples,remediation-v2-stage3-optional-075,OPTIONAL,EXTEND,,Four model answers with trade-off reasoning,Classified,1e5a0a9ae973fb3564611f1703f46f828056fd805f59f9546a2f8193f1e29980
075,20,practice,remediation-v2-stage3-optional-075,OPTIONAL,EXTEND,,Check vocabulary before writing comparisons,Classified,c993ce70f6a854625b2468bb5eca7efb1683eb03f40899b22e492222e372fa13
075,21,debug,remediation-v2-stage3-optional-075,OPTIONAL,EXTEND,,Fix answers that sound certain but are not scenario-based,Classified,0a91f1a758bcc703521a75e9789ea4b61887995a6acb9a86a39bad5113e5e5c8
075,22,exam,remediation-v2-stage3-optional-075,OPTIONAL,EXTEND,,Cambridge-style software ownership questions with expandable MS,Classified,9abcbe1dc2ff92775ef741a2ee7ea7345b1e26ec18a1de07b5a819a312f8b709
075,23,summary,remediation-v2-stage3-optional-075,OPTIONAL,EXTEND,,Open source vs proprietary in six exam-ready ideas,Classified,729a2dd7325158bc99bee126b1b8ed300137d0955d5335010686f8bf9d0595da
075,24,homework,homework,AFTER_CLASS,HOMEWORK,,Practise balanced comparison,Classified,679f785d493e28247eddc151faae303ee7a723b0148f54fb8c26b70878ae9332
076,1,stage2-completion,stage2-completion,CORE,TEACH,,AI applications and impact chains,Classified,c7c703ee1a24b8b42932977ae56a410a08acedfa8cdfd7e239211ea546a5bd3c
076,2,explanation-environment,environment,CORE,TEACH,,Environmental impacts include energy use and resource consumption,Classified,2bfadf0e75cce809e38be03e308ecfbd2b8c1428e037923de9a984d652863d8a
076,3,stage2-practice,stage2-practice,CORE,PRACTISE,,AI applications and impact chains: apply and assess,Classified,08bd7c36b00efee613b5676321fb6997af7e234582e6d79cc5f9708ad8c68740
076,4,overview,remediation-v2-stage3-optional-076,OPTIONAL,EXTEND,,Computing changes the world. Sometimes the electricity bill is only the first clue.,Classified,c54811222e3ee6018ca8ba124b770c6b823be09e27b612ed22e76de7a77075e0
076,5,delivery-02,remediation-v2-stage3-optional-076,OPTIONAL,EXTEND,,Why this matters,Classified,27f624048699ede8a3a52077b9940d87f8e7004e00e7f15ad15d99bb90a39065
076,6,hook,remediation-v2-stage3-optional-076,OPTIONAL,EXTEND,,A company moves meetings online and buys new laptops for every worker. Is this environmentally positive?,Classified,063dabab1c52b40507d2b947446521ed757c2c5732ec90a9f6baf806c26f7a5e
076,7,environment,remediation-v2-stage3-optional-076,OPTIONAL,EXTEND,,Environmental impacts include energy use and resource consumption,Classified,7f33f5155506bda091cee839c659cb6233390838f9529b10ef2a3f6b23212b8d
076,8,ewaste,remediation-v2-stage3-optional-076,OPTIONAL,EXTEND,,"E-waste is an ethical issue, not just a rubbish-bin issue",Classified,a85e92c62b2a444d864e2d38e11c3a240d58c0ec2d5eac79eb6900c5c62599a1
076,9,explanation-ewaste,remediation-v2-stage3-optional-076,OPTIONAL,EXTEND,,"E-waste is an ethical issue, not just a rubbish-bin issue",Classified,bfc45e4825403be59fc1e1c6949fe4b3e89812230924360680a6e34416527e5b
076,10,social,remediation-v2-stage3-optional-076,OPTIONAL,EXTEND,,"Social impacts affect work, communication and daily life",Classified,3aecb8e1aeb0193bf87fb2fed3318dd55471bcc4cbfe4f1e89ec3c5741ae1e0e
076,11,explanation-social,remediation-v2-stage3-optional-076,OPTIONAL,EXTEND,,"Social impacts affect work, communication and daily life",Classified,0e4013a37b04686021fd524d975e88a3a1e5346d78bb05a6f0841c3bd1e0bb2b
076,12,digital-divide,remediation-v2-stage3-optional-076,OPTIONAL,EXTEND,,"The digital divide is about access, skills and inclusion",Classified,0e4929c6549ecfc4a1d2163f64b64650c6e835334b11d3d683cec394cb50793b
076,13,explanation-digital-divide,remediation-v2-stage3-optional-076,OPTIONAL,EXTEND,,"The digital divide is about access, skills and inclusion",Classified,bc5125656290cdf91a9882f25774846e86f2ffacc06fb349c2ea227582fe6d86
076,14,method,remediation-v2-stage3-optional-076,OPTIONAL,EXTEND,,Use a balanced impact structure,Classified,0c089799c3ebe4471f74cc2c99108b07d44a1bd30a6be685d290d3e949180dce
076,15,explanation-method,remediation-v2-stage3-optional-076,OPTIONAL,EXTEND,,Use a balanced impact structure,Classified,356774a9fe7231a635c63c3ebf0f095bba0c951ee83c1300bf4228a484b9de5e
076,16,analyser,remediation-v2-stage3-optional-076,OPTIONAL,EXTEND,,Classify the impact and choose a mitigation,Classified,16359b2c45e6550c04d83940c34d98d6c81f9cd73f2b1b59cc666a8d0230c80b
076,17,explanation-analyser,remediation-v2-stage3-optional-076,OPTIONAL,EXTEND,,Classify the impact and choose a mitigation,Classified,2a0476a0c6df2fcd3b95e3105306e1bc62b63ba8a50b160ddc726e4c4cf0a0b7
076,18,builder,remediation-v2-stage3-optional-076,OPTIONAL,EXTEND,,Build a mark-worthy evaluation sentence,Classified,b060d1c1ab9c851f7e7765d0aadb9da6bfdfae25bfcabd6d9b2b04a289198593
076,19,examples,remediation-v2-stage3-optional-076,OPTIONAL,EXTEND,,Four model answers with balanced impacts,Classified,9b1ee659c1e0097ba29fcb4eb17d8cfb3dffa8881ce4dd4b1a31c0ebfacb17dc
076,20,practice,remediation-v2-stage3-optional-076,OPTIONAL,EXTEND,,Check vocabulary before writing full evaluations,Classified,660c3f4b205d8eead334da4ed38bff1fd3a5d9db9e6f70bef6c9652e9aad97a4
076,21,debug,remediation-v2-stage3-optional-076,OPTIONAL,EXTEND,,Fix answers that make one-sided claims,Classified,78ae195093a92f7c174627de434dac60f537d1a494c099aa204a7103af6ac712
076,22,exam,remediation-v2-stage3-optional-076,OPTIONAL,EXTEND,,Cambridge-style environmental and social impact questions with expandable MS,Classified,f63307fbf0f5eeeddc2549bf02f0188bb2ef7f73977e365ede45ae1978d43a80
076,23,summary,remediation-v2-stage3-optional-076,OPTIONAL,EXTEND,,Environmental and social impacts in six exam-ready ideas,Classified,fab26b7f8869e3708440af9fe3641ffcfce2f56ce16943d99c568a5e221f8f75
076,24,homework,homework,AFTER_CLASS,HOMEWORK,,Practise balanced impact evaluation,Classified,263d530a3acbdfd337c9935f03d1d49d28fdaac01bdaf528669ae7b020bf3e47
077,1,stage2-completion,stage2-completion,CORE,TEACH,,Section 7 required-content checkpoint,Classified,9a99790c0db20fd7d972184d4c80075b3c224818cc9aece56298c7271fca4d3b
077,2,stage2-practice,stage2-practice,CORE,PRACTISE,,Section 7 required-content checkpoint: apply and assess,Classified,4b59d2cccce17c52304d0be577d62ad7d60a31465843e4f3567478358d3939fe
077,3,overview,remediation-v2-stage3-optional-077,OPTIONAL,EXTEND,,"A balanced answer is not sitting on the fence. It is showing both sides, then choosing with evidence.",Classified,6debde62bec641e48e36937469c906cf0e14dd32accaa9586d8b39cae75227af
077,4,delivery-02,remediation-v2-stage3-optional-077,OPTIONAL,EXTEND,,Why this matters,Classified,a3b780f4403ca6e24ae85082262d65814f3ef8078811e564be635d207fb68b6b
077,5,hook,remediation-v2-stage3-optional-077,OPTIONAL,EXTEND,,"Which topic is being tested: ""A city uses cameras and facial recognition to identify people in public spaces""?",Classified,5b56e1623d0335d709364819e30305829ad572342fcf1e8b37739d4303b21e46
077,6,map,remediation-v2-stage3-optional-077,OPTIONAL,EXTEND,,Section 7 topic map,Classified,90951d642d7d87ef66c5a0ac3f4c3bbfe0afc46a9cf3ef9897b0935daa69c62c
077,7,explanation-map,remediation-v2-stage3-optional-077,OPTIONAL,EXTEND,,Section 7 topic map,Classified,ff9403f3393f9740be4555ffaf68802c2e6dfcdbafa82b3a096979fc3f7b2b9c
077,8,structure,remediation-v2-stage3-optional-077,OPTIONAL,EXTEND,,The five-part evaluation answer,Classified,11427e9227a102b8bd3cbb16b333568b0ec6c03625b9c76ec75cff0395ae0d3a
077,9,explanation-structure,remediation-v2-stage3-optional-077,OPTIONAL,EXTEND,,The five-part evaluation answer,Classified,c79a5c6c1098f913ca86ac12813b1bf8e251c535223dfc3ee484fdf3a86a63d0
077,10,marking,remediation-v2-stage3-optional-077,OPTIONAL,EXTEND,,What Cambridge-style marking usually rewards,Classified,333f14dabbcec4f85f6090fa25acbc2010755b8089e0e44bc2cb45153c93e3d5
077,11,explanation-marking,remediation-v2-stage3-optional-077,OPTIONAL,EXTEND,,What Cambridge-style marking usually rewards,Classified,30c98449ece30985b98c889429f0ba2dc79b40b4fd42f271543e4ebc9f2c6013
077,12,compare,remediation-v2-stage3-optional-077,OPTIONAL,EXTEND,,Common contrasts that stop vague answers,Classified,16fee7f5a2e114a9f6654cfbb968d9644e36f27ccaa14c9c03f30591883c556d
077,13,explanation-compare,remediation-v2-stage3-optional-077,OPTIONAL,EXTEND,,Common contrasts that stop vague answers,Classified,2b1a4b299e0b7503a8440ccebfdac8b03c3523435931db4a803612f8c2eb8d46
077,14,classifier,remediation-v2-stage3-optional-077,OPTIONAL,EXTEND,,Identify the Section 7 topic before answering,Classified,6cdcd3f7560703071a651f41fd176e3474db671adf9c54b7fe3ecc278187bd7e
077,15,builder,remediation-v2-stage3-optional-077,OPTIONAL,EXTEND,,Build a balanced Section 7 answer,Classified,6d4debcab72554f0496a57ddeeaebca27274fff03e19ebcbe3ec15b4e419e8d0
077,16,examples,remediation-v2-stage3-optional-077,OPTIONAL,EXTEND,,Four mixed Section 7 answers with mark annotations,Classified,392dde898b04146963b34287d70ab8734f35716e402b4337b819261f16ae857a
077,17,practice,remediation-v2-stage3-optional-077,OPTIONAL,EXTEND,,Retrieve key vocabulary before timed writing,Classified,a6c5081cfacb8d8904ebdeb907132fb29974e3182b71da7fc01457919538fe02
077,18,debug,remediation-v2-stage3-optional-077,OPTIONAL,EXTEND,,Fix weak Section 7 evaluation answers,Classified,1645193ba2da94c6b5ef29fa3f4e5ca43cb555b932c026aac843fb0530280730
077,19,exam,remediation-v2-stage3-optional-077,OPTIONAL,EXTEND,,Mixed Section 7 review questions with expandable MS,Classified,4475b1781921c76e171a3e923bf8e41b145951bc828d23cd69df73eabf49bc41
077,20,summary,remediation-v2-stage3-optional-077,OPTIONAL,EXTEND,,Section 7 review in six exam-ready habits,Classified,d7d7b1e70472e919326020ebe557b990269f8567e1b9612ddfbd55816c8d5077
077,21,homework,homework,AFTER_CLASS,HOMEWORK,,Prepare for mixed Section 7 questions,Classified,593374b2f8564e0182394316023d3b44bf6832d71223cddb8437b3561b653656
078,1,stage2-completion,stage2-completion,CORE,TEACH,,"Data, databases, relational solutions and DBMS features",Classified,baf825a2ac071cb51370cc5f9686d30e6afbac7c96e85edd8f6c8435c035584e
078,2,explanation-dbms,dbms,CORE,TEACH,,What does a DBMS provide?,Classified,23bcd583af0b4ef6181984ca005c522d85224a5417f25196d8f5e2ceb95b791a
078,3,stage2-practice,stage2-practice,CORE,PRACTISE,,"Data, databases, relational solutions and DBMS features: apply and assess",Classified,e04c3e23ac4dd78e171410bf2b4a3ddd1b699350efaf6646af807b3d4ba1105c
078,4,overview,remediation-v2-stage3-optional-078,OPTIONAL,EXTEND,,A database is an organised collection of related data managed through defined structures and controls.,Classified,0f09ea76868c8500535a769d5e79cb071b51942f22eb7df9155f64e2e5ecc3c5
078,5,delivery-02,remediation-v2-stage3-optional-078,OPTIONAL,EXTEND,,Why this matters,Classified,968bd40468c6c7e44a2b5fd20aa271b1617802dd2e174f0405a68be4c86d2701
078,6,hook,remediation-v2-stage3-optional-078,OPTIONAL,EXTEND,,A school has 700 rows of attendance marks. Which item is information?,Classified,3b6c38a31adc630ec7d380bcfa99992e93b3e973986889d699a90749c428cc4d
078,7,data-info,remediation-v2-stage3-optional-078,OPTIONAL,EXTEND,,Data vs information,Classified,bf05aaffbae7a8bc7e3d8e4be1819866482b08067037afdd2da3f198d8ae34e3
078,8,explanation-data-info,remediation-v2-stage3-optional-078,OPTIONAL,EXTEND,,Data vs information,Classified,6d198063f47125824f27a5482e93c3044211351c2a87ebeac41d1155e1d5d708
078,9,database,remediation-v2-stage3-optional-078,OPTIONAL,EXTEND,,What is a database?,Classified,d5af8121d876acd5baa610a4c3e1b4e55677fb9c0068170571b4846236f13075
078,10,explanation-database,remediation-v2-stage3-optional-078,OPTIONAL,EXTEND,,What is a database?,Classified,88da7e5a98652ce5dee32a085827831ab2067e0430f8dafbfe9665c74f2040d1
078,11,dbms,remediation-v2-stage3-optional-078,OPTIONAL,EXTEND,,What does a DBMS provide?,Classified,4faa02c03400d4f1162ef5dfa293914f15130f873b120acfb82337ee5ff6af2a
078,12,terms,remediation-v2-stage3-optional-078,OPTIONAL,EXTEND,,Core relational words for this lesson,Classified,a130ba6a1b61118d37b5dea17db14a2f50b45edf556d9cf08f3761bb05d29034
078,13,explanation-terms,remediation-v2-stage3-optional-078,OPTIONAL,EXTEND,,Core relational words for this lesson,Classified,1b262dd4788ae9df23eb68f63f6c219a349600d531a7a49e51a57fa32319a89b
078,14,sorter,remediation-v2-stage3-optional-078,OPTIONAL,EXTEND,,"Is it data, information, database, or DBMS?",Classified,736cbd057f7dc933db86bd3f019b62c354a5810b17fca3e0cdff021e08789565
078,15,explanation-sorter,remediation-v2-stage3-optional-078,OPTIONAL,EXTEND,,"Is it data, information, database, or DBMS?",Classified,e5d0c4f0bd22b25735c5febc473a729b67f5d1ad58116013d5127f74faa98572
078,16,scenario,remediation-v2-stage3-optional-078,OPTIONAL,EXTEND,,Which DBMS feature solves the problem?,Classified,8e62e8d44d6e59d0a0638b58074fc688d4b2c1daa57fda7dbc394208c69f3714
078,17,explanation-scenario,remediation-v2-stage3-optional-078,OPTIONAL,EXTEND,,Which DBMS feature solves the problem?,Classified,0f6781b7760799d57a5bd3847630002d4662cb42fc5c2073bebad45bc277b184
078,18,examples,remediation-v2-stage3-optional-078,OPTIONAL,EXTEND,,Move from messy values to exam-ready wording,Classified,75f0b83e81d87b08bffa5d8586cf99e0174f2145a35a5867d43b69902ce32003
078,19,practice,remediation-v2-stage3-optional-078,OPTIONAL,EXTEND,,Short-answer checks,Classified,5cb93e1255b76e89cfc0bab0ed3df8a95416942394e1d6603e58f6bb11b4da8b
078,20,debug,remediation-v2-stage3-optional-078,OPTIONAL,EXTEND,,Repair common database wording errors,Classified,6e0ba33f7cea2de78ac47934b34292234e8c0ac641c97c82840ff225fda4804b
078,21,exam,remediation-v2-stage3-optional-078,OPTIONAL,EXTEND,,Original Cambridge-style practice with expandable MS,Classified,b46d45799b909ea5ef00fb2c47f1aacc51eae396dda7e788e95a0a9a27ca83bd
078,22,summary,remediation-v2-stage3-optional-078,OPTIONAL,EXTEND,,Three distinctions to keep clean,Classified,a946a6e3f19062ebab341e19e1da258353a71d47b71d2a6c1579d1c4c7c32878
078,23,homework,homework,AFTER_CLASS,HOMEWORK,,Clear tasks for consolidation,Classified,e383782a993dc3b6355dc8ad32b90053ca95815181e8ab11b95b5400eeafc4e1
079,1,stage2-completion,stage2-completion,CORE,TEACH,,File-based limitations and relational solutions,Classified,226b827f186d5c66eb38af4b7b7bc9b1f3cacf381d0927b071318bcbb9d52345
079,2,explanation-compare,compare,CORE,TEACH,,Flat-file vs relational comparison,Classified,68e7377f138bda089969b1a576cf8eda5ea282b0ac7a777b152a2b0ad535f77d
079,3,stage2-practice,stage2-practice,CORE,PRACTISE,,File-based limitations and relational solutions: apply and assess,Classified,725ffca59e2ac71c693f196c3f77c325e9d98bcc6d1909c706badb0025c52653
079,4,overview,remediation-v2-stage3-optional-079,OPTIONAL,EXTEND,,One giant table looks simple until one phone number changes in twelve places.,Classified,d568353410d6447d1204cfd8d076838fbd235036421a81d91edeedbfb4b81f87
079,5,delivery-02,remediation-v2-stage3-optional-079,OPTIONAL,EXTEND,,Why this matters,Classified,890357c0d5da1f7a4d3f0f6a619081d3f683343b2a34198528012fd61417c110
079,6,hook,remediation-v2-stage3-optional-079,OPTIONAL,EXTEND,,"A tutor keeps one spreadsheet: every lesson row repeats student name, phone, parent email and course.",Classified,098ef69d91f82c1ae4dfa2e03aac9a387b0272fd59a5716ed9195b895227cf8a
079,7,flat,remediation-v2-stage3-optional-079,OPTIONAL,EXTEND,,Flat-file database,Classified,85fa17651b3c93677f3b3d9f04c51f2d0dbc2345a281b7eff67706e2049a0c14
079,8,explanation-flat,remediation-v2-stage3-optional-079,OPTIONAL,EXTEND,,Flat-file database,Classified,7a100cffda4b52847933c6b280c529330d7988e38d90f2cd0efcc3303a92730f
079,9,relational,remediation-v2-stage3-optional-079,OPTIONAL,EXTEND,,Relational database,Classified,c613dc3b6df1adcc1f5fb2c99b4ef5473e312cedde3641aacc535d88fc45e2aa
079,10,explanation-relational,remediation-v2-stage3-optional-079,OPTIONAL,EXTEND,,Relational database,Classified,d1ce734b89eb38e2e7c7a98f6a01ff92ce5ddb6dda2ba312a78749ace47fd104
079,11,compare,remediation-v2-stage3-optional-079,OPTIONAL,EXTEND,,Flat-file vs relational comparison,Classified,7f832c23924eec37e4be4a9b5f611f907627c60cae1f632186dd3d85d0217dd5
079,12,anomalies,remediation-v2-stage3-optional-079,OPTIONAL,EXTEND,,Why repeated data causes anomalies,Classified,bd1f0dafc18ef2c58715466c4e164bbbbbac4aded34bf0dc7148deeb15cf45f4
079,13,explanation-anomalies,remediation-v2-stage3-optional-079,OPTIONAL,EXTEND,,Why repeated data causes anomalies,Classified,25a46bb5a71c2dbd84ae4dba0871505162460de500102de20a0c5aed931b1dda
079,14,chooser,remediation-v2-stage3-optional-079,OPTIONAL,EXTEND,,Choose flat-file or relational for the scenario,Classified,8ee04ce40fe05cebb4e8477648fcee8678dc46b25b7ed9a436273f2d9d1904dd
079,15,checker,remediation-v2-stage3-optional-079,OPTIONAL,EXTEND,,What can go wrong in a flat file?,Classified,ea474622c16335ea1ad353d4547c61a92701b12e0f28dfc8b49898d927b8bfec
079,16,examples,remediation-v2-stage3-optional-079,OPTIONAL,EXTEND,,From scenario to justified design choice,Classified,d6156fd2b9fb46b9fc598f73444cfa0c195bf3fd0ff31cbf11196ab5eefeb890
079,17,practice,remediation-v2-stage3-optional-079,OPTIONAL,EXTEND,,Short-answer checks,Classified,5cb93e1255b76e89cfc0bab0ed3df8a95416942394e1d6603e58f6bb11b4da8b
079,18,debug,remediation-v2-stage3-optional-079,OPTIONAL,EXTEND,,Repair common wording errors,Classified,5669a6e83f4ea23f5e6ea3f2da28cbd80206a6549cbb3085bd5e3414d669ec51
079,19,exam,remediation-v2-stage3-optional-079,OPTIONAL,EXTEND,,Original Cambridge-style practice with expandable MS,Classified,b753f89489b721051457241173270e9fa79e7b72f499b12e738149db5faacaf0
079,20,summary,remediation-v2-stage3-optional-079,OPTIONAL,EXTEND,,What to remember,Classified,e8098699140a59f7aa7d5aefea2bf7d133bc049d32e085c1587b3e5f2a346a9f
079,21,homework,homework,AFTER_CLASS,HOMEWORK,,Clear tasks for consolidation,Classified,2cce0c2c37b922bb8d452921f7b2fa69f8b1c4dbee77a3dc68725037a054a061
080,1,stage2-completion,stage2-completion,CORE,TEACH,,"Relational terminology, keys, relationships and indexing",Classified,c9c36390d593c0a1b987425625053dedd856eb852a8fa9720632eda7400072bc
080,2,stage2-practice,stage2-practice,CORE,PRACTISE,,"Relational terminology, keys, relationships and indexing: apply and assess",Classified,11c4c8134511dae67ed3c4dd89323dca8045ef67d905e0c403da7665ce1dd81b
080,3,overview,remediation-v2-stage3-optional-080,OPTIONAL,EXTEND,,"A table is not just boxes. It is boxes with rules, otherwise the data starts doing parkour.",Classified,36afaeeeef6596d3868c75d287de08e7c9bf2f6e0c6a31a745a426854e5987de
080,4,delivery-02,remediation-v2-stage3-optional-080,OPTIONAL,EXTEND,,Why this matters,Classified,c5c2f624f492cb764a4d28dd2bb7ce9a32b39f364118d768bb71f113cd15c58e
080,5,hook,remediation-v2-stage3-optional-080,OPTIONAL,EXTEND,,A school stores a phone number as Integer. What could go wrong?,Classified,6e3c6ddae62051b134d7ba85eb1a0e8c155e92ba44f570e830d69b64bb6600ec
080,6,terms,remediation-v2-stage3-optional-080,OPTIONAL,EXTEND,,"Tables, records and fields",Classified,385a33e905e57d9b3a8b59e1e58640e0354ae322ddce5ce19ff4048f5dc21977
080,7,explanation-terms,remediation-v2-stage3-optional-080,OPTIONAL,EXTEND,,"Tables, records and fields",Classified,185cf25cd4cd130ef7cc58775a0a8a8964e7d2ee521cfc672d5876e674c3f526
080,8,fields,remediation-v2-stage3-optional-080,OPTIONAL,EXTEND,,Designing fields properly,Classified,5c9cb34de2c6580c5044c6381964abd7f88d57751656b11dd4ea9e9d287d8721
080,9,explanation-fields,remediation-v2-stage3-optional-080,OPTIONAL,EXTEND,,Designing fields properly,Classified,a590b61c63e3dffa7049a2b5a8c6a38e8a8e2a1387dda5d016d3f39baf144a0e
080,10,types,remediation-v2-stage3-optional-080,OPTIONAL,EXTEND,,Common database data types,Classified,14b3c768b5d945519cc27d08820a09d10b1c3b79309cbf07fb8b9c2944ffacdf
080,11,explanation-types,remediation-v2-stage3-optional-080,OPTIONAL,EXTEND,,Common database data types,Classified,828928ef472ee9d5149b7e87e9d5557ea15ce5e9120ab92b5eebb32efa840764
080,12,constraints,remediation-v2-stage3-optional-080,OPTIONAL,EXTEND,,Constraints and validation rules,Classified,9a5c1d5702c02168b87b29113fe995e032b59ef4f4b9ff8a54a054bc19827444
080,13,explanation-constraints,remediation-v2-stage3-optional-080,OPTIONAL,EXTEND,,Constraints and validation rules,Classified,d1129bf0565eadb2bf9786832446dd765ecf4a39a756639c9bde7a6bb9d6eefe
080,14,type-tool,remediation-v2-stage3-optional-080,OPTIONAL,EXTEND,,Choose the best data type,Classified,f08c09da1e359319945b1dcfeba90fb4ae7b7e60c80f03f7cfa1f03b7b9bd8c1
080,15,explanation-type-tool,remediation-v2-stage3-optional-080,OPTIONAL,EXTEND,,Choose the best data type,Classified,3151867d00802513444711079d23ce39ed86bf356ac8fae3df6f2a6f28ab507a
080,16,constraint-tool,remediation-v2-stage3-optional-080,OPTIONAL,EXTEND,,Which rule rejects the bad value?,Classified,fe3aa4e59ee27cd7a44fe2708288a68b903ebc91845b7ee4c9cf6720780e3de3
080,17,explanation-constraint-tool,remediation-v2-stage3-optional-080,OPTIONAL,EXTEND,,Which rule rejects the bad value?,Classified,f6cd60976d6205b600e0589c43fbb6167057d54ec77127b4255db3b3072ca15e
080,18,examples,remediation-v2-stage3-optional-080,OPTIONAL,EXTEND,,Design fields that do not invite chaos,Classified,d924b2e2c81ea45e1908ebf573c0bbe971d388e0e200f8c8ebbe682882773af5
080,19,practice,remediation-v2-stage3-optional-080,OPTIONAL,EXTEND,,5-minute quiz plus core checks,Classified,1fb92e60ca93d966b1ad967416a46a381cc98d770470e15353fbbfd479b1a9cb
080,20,checkpoint,remediation-v2-stage3-optional-080,OPTIONAL,EXTEND,,Section 8 basics so far,Classified,45aaca7eb48e3d8475a22ee5cb22139c023d50b261ebfb147ea76e6d4c802e82
080,21,explanation-checkpoint,remediation-v2-stage3-optional-080,OPTIONAL,EXTEND,,Section 8 basics so far,Classified,93d78d18398c69d656a6806af3761c8f6cf8f3f8ebadbe18fb6448f73a9971db
080,22,debug,remediation-v2-stage3-optional-080,OPTIONAL,EXTEND,,Repair common field design errors,Classified,fd31c5414f64fba9fcd42542897afa705b0db1ab16c9ce2abe767a9e42cf453a
080,23,exam,remediation-v2-stage3-optional-080,OPTIONAL,EXTEND,,Original Cambridge-style practice with expandable MS,Classified,dcebe397e74acf8373f785996fa22b1a1952485d5bd19c5d083a62be1e51cead
080,24,summary,remediation-v2-stage3-optional-080,OPTIONAL,EXTEND,,What to remember,Classified,e63f21eec68825a55e5d1151d3e34dbf02990a58d0c377cf084417472aef7a6b
080,25,homework,homework,AFTER_CLASS,HOMEWORK,,Clear tasks for consolidation,Classified,634bc234e82558e860996506477b871cd53ae7cf932d1c032a94ef499ae7e3bf
081,1,stage2-completion,stage2-completion,CORE,TEACH,,"Relationships, foreign keys and referential integrity",Classified,f2b959af50050554cac17ec0163ee10a4b35e0aac542e9078c7eb67cac1fc622
081,2,explanation-referential,referential,CORE,TEACH,,Referential integrity,Classified,2bb6cca8c8d8712b641a17294a4b89f0ced24a8c512afe298685482c7d8142d7
081,3,stage2-practice,stage2-practice,CORE,PRACTISE,,"Relationships, foreign keys and referential integrity: apply and assess",Classified,2ba2de8d82c7f81ac6d2ac7753c5b1faea8d06c09567f0dee9441522e752931f
081,4,overview,remediation-v2-stage3-optional-081,OPTIONAL,EXTEND,,A key is not decoration. It is how a database points at the right row without squinting.,Classified,3613e6f56e84bd1c2c269df028fa0232ba569ed7c8c9d0d9646226551e0e8ea0
081,5,delivery-02,remediation-v2-stage3-optional-081,OPTIONAL,EXTEND,,Why this matters,Classified,be526ed1b9637cd0fde950bb7c1528ae6e7e99aa1c330ee2ce6c1fba206bb135
081,6,hook,remediation-v2-stage3-optional-081,OPTIONAL,EXTEND,,Two students are called Alex Chen. Which field should identify each student?,Classified,30c61260de8c10e493c6dfc5c31a08fbd0621d1f809f5b0930476196a3c826be
081,7,primary,remediation-v2-stage3-optional-081,OPTIONAL,EXTEND,,Primary keys uniquely identify records,Classified,e29b7691001fb347f280583d48fb25c38ff24450bd758d75cb48aebf111135d7
081,8,explanation-primary,remediation-v2-stage3-optional-081,OPTIONAL,EXTEND,,Primary keys uniquely identify records,Classified,0f5bd0c64e6bc346c22e47bffdfa70a11e5b09ed09f5a1637df6d2eb2398cc70
081,9,foreign,remediation-v2-stage3-optional-081,OPTIONAL,EXTEND,,Foreign keys link tables,Classified,c18f6d9ae9d8080d09e8f60494f92f93a5bd077cb833785e7d98d55b21d07224
081,10,explanation-foreign,remediation-v2-stage3-optional-081,OPTIONAL,EXTEND,,Foreign keys link tables,Classified,af7bf259d233e3393596362aa24c422171d936b49e376458a84c2fb60905d040
081,11,relationships,remediation-v2-stage3-optional-081,OPTIONAL,EXTEND,,Relationships describe how records connect,Classified,93df29e8e8b07557ee34ac978ecccc921a6aa249ce23ca79af29ba7a51fbb435
081,12,explanation-relationships,remediation-v2-stage3-optional-081,OPTIONAL,EXTEND,,Relationships describe how records connect,Classified,63bc32370509f67b83715d5170912af8922a8321145c87619471325df431b657
081,13,referential,remediation-v2-stage3-optional-081,OPTIONAL,EXTEND,,Referential integrity,Classified,2b6a8ccb7784ecf9e379a23dd8e16e133684413bcef0d76691de631bd1e0ef5e
081,14,key-picker,remediation-v2-stage3-optional-081,OPTIONAL,EXTEND,,Choose the best primary key,Classified,33bc8f74ab66f1848e98a25cd20c6675651494d67dfd0714c151255c8c0e5076
081,15,explanation-key-picker,remediation-v2-stage3-optional-081,OPTIONAL,EXTEND,,Choose the best primary key,Classified,c7fa79e15cbee753d414958cfe6eeccbe63f0cc08b2879cf52480c389b0d0c82
081,16,relationship-tool,remediation-v2-stage3-optional-081,OPTIONAL,EXTEND,,Classify the relationship,Classified,2cb2dd92c6ead97a163af0988912ab82235d1f33390ce93b5e9bd7e8b53e867c
081,17,explanation-relationship-tool,remediation-v2-stage3-optional-081,OPTIONAL,EXTEND,,Classify the relationship,Classified,3782712668e3863c9a4e9f2cfa49970ff082c4715171c1ebbf5c575e3ebaacf6
081,18,examples,remediation-v2-stage3-optional-081,OPTIONAL,EXTEND,,Identify keys and explain links,Classified,2704f84c736d76839ee530b3fd8dcd50b6348808abb67ea5868bc0a4b4024b7d
081,19,practice,remediation-v2-stage3-optional-081,OPTIONAL,EXTEND,,Short-answer checks,Classified,e4f7ef0cf7ae4831d289b56b52f6d8139a75ee88bdb1e432e81eebe9799abbcb
081,20,debug,remediation-v2-stage3-optional-081,OPTIONAL,EXTEND,,Repair common key and relationship errors,Classified,538cceea87dee7529e9310d1e418f4c94d2c2152ba186833cd1a49852becf85d
081,21,exam,remediation-v2-stage3-optional-081,OPTIONAL,EXTEND,,Original Cambridge-style practice with expandable MS,Classified,ed0503437f4dff5a1b9de2bf78cfc798fa000466e5ce140a019c39a9950af187
081,22,summary,remediation-v2-stage3-optional-081,OPTIONAL,EXTEND,,Keep the roles separate,Classified,6a6d5ca42440870336688332b89931ab112b7075b77fff217ca194b0bd0d242d
081,23,homework,homework,AFTER_CLASS,HOMEWORK,,Clear tasks for consolidation,Classified,e98ad25d6e5b8dc57e341b2242410908514ac19ab4854b11ba437f80b5d96cd5
082,1,stage2-completion,stage2-completion,CORE,TEACH,,Document a design with an E-R diagram,Classified,c875648b1721fe86e9f8e4c4033a19105567f9349f5886768422d0578600726c
082,2,stage2-practice,stage2-practice,CORE,PRACTISE,,Document a design with an E-R diagram: apply and assess,Classified,ba7e0dc7eae4b6db007c1cb8a05d8d03a7867b54f00831a885d49e5fbcfd82c8
082,3,overview,remediation-v2-stage3-optional-082,OPTIONAL,EXTEND,,An ER model is a map before the database is built. Tables without a map are just furniture in the dark.,Classified,3a42304566e8b66edc177861eba598b3468a6d9df47e062f10b7e2b3ae94b893
082,4,delivery-02,remediation-v2-stage3-optional-082,OPTIONAL,EXTEND,,Why this matters,Classified,23e307217383ec09667d186a92a3011dbd06da86852cd2e7c881c270f886d85b
082,5,hook,remediation-v2-stage3-optional-082,OPTIONAL,EXTEND,,"A library stores students, books and loans. Which one is most likely a relationship event?",Classified,50f04cc1e537a8fa6bd6d51af9da74d18b92e3d9dc997cd7b296fb1c7f677894
082,6,entities,remediation-v2-stage3-optional-082,OPTIONAL,EXTEND,,Entities are things the database stores data about,Classified,5a2c7d0217f617d70b5bf05d6f444846b0410d8fe335db8b9e0ba9ac1bb7ba0f
082,7,explanation-entities,remediation-v2-stage3-optional-082,OPTIONAL,EXTEND,,Entities are things the database stores data about,Classified,4b97f838aff92c01ecc3d7947c9c7e7154cdfc3ff11675918e7ad75ed42c9035
082,8,attributes,remediation-v2-stage3-optional-082,OPTIONAL,EXTEND,,Attributes describe an entity,Classified,c86cc69e9b50c802eef895fef89d941e72b14f4de838a558d1f6129515e038c0
082,9,explanation-attributes,remediation-v2-stage3-optional-082,OPTIONAL,EXTEND,,Attributes describe an entity,Classified,e69be3871999c707dfcf3688760679e47a65ab31413af03467457d958025e9c4
082,10,cardinality,remediation-v2-stage3-optional-082,OPTIONAL,EXTEND,,Cardinality describes how many records may be linked,Classified,70f6753d822b82c1edab8a695cd5a1e4cdafb5526f8bd9bc67b52a8ea663eb49
082,11,explanation-cardinality,remediation-v2-stage3-optional-082,OPTIONAL,EXTEND,,Cardinality describes how many records may be linked,Classified,4ae7e01cae106287f7416218229ad8825b273dd24c4366d008dcd2490ad5f543
082,12,participation,remediation-v2-stage3-optional-082,OPTIONAL,EXTEND,,Optional and mandatory participation,Classified,d7ffd3f4dd87c251d2e31959603f5bb96379f71e97b997628e2209d6df7d3876
082,13,explanation-participation,remediation-v2-stage3-optional-082,OPTIONAL,EXTEND,,Optional and mandatory participation,Classified,7a93ab36909664a8366a0884c7532eae15b8d2c7a41b5e7c1c40ac6d0677dbf8
082,14,parser,remediation-v2-stage3-optional-082,OPTIONAL,EXTEND,,Identify entities and attributes,Classified,89e45f9afcb7f97bb6b40204d6ea7eb06d6af9991740b33f27c9bbbaf78b7169
082,15,explanation-parser,remediation-v2-stage3-optional-082,OPTIONAL,EXTEND,,Identify entities and attributes,Classified,ad00c5d686c28f731b2ce0c37d3b434102f35ed8b3a28dc2c9492eb4a87fc0fb
082,16,checker,remediation-v2-stage3-optional-082,OPTIONAL,EXTEND,,Choose the relationship type,Classified,1e352d8b88ef3ebd5b5b92d74a1b4d88bb68688d982b5031176e68045cbdb966
082,17,examples,remediation-v2-stage3-optional-082,OPTIONAL,EXTEND,,Turn words into an ER model,Classified,fa48427120c52e327865823ad202b96ff293901f7aa7ce874872ff3c651918bc
082,18,practice,remediation-v2-stage3-optional-082,OPTIONAL,EXTEND,,Short-answer checks,Classified,e4f7ef0cf7ae4831d289b56b52f6d8139a75ee88bdb1e432e81eebe9799abbcb
082,19,debug,remediation-v2-stage3-optional-082,OPTIONAL,EXTEND,,Repair weak ER modelling decisions,Classified,be105b27c02bfbf3802addc4a1826e16df979ee6ca5971f4607b6e7d6355cdbc
082,20,exam,remediation-v2-stage3-optional-082,OPTIONAL,EXTEND,,Original Cambridge-style practice with expandable MS,Classified,05f43d263c5bfe6e9e2c0404755a501076606131d945e59aed1cda8d1aa1b859
082,21,summary,remediation-v2-stage3-optional-082,OPTIONAL,EXTEND,,ER modelling checklist,Classified,db426a6160dff18018d69649785935ee13246e73f6b23ec62ec86e828200e4e7
082,22,homework,homework,AFTER_CLASS,HOMEWORK,,Clear tasks for consolidation,Classified,6a40fa2a110020c9e007f821aaaf06b10d187b281197d358f26b99999983f71f
083,1,stage2-completion,stage2-completion,CORE,TEACH,,"First, second and third normal form",Classified,dfee5d4e58a533064036ce9a3ef02359248fd5d44cec91af0a9761ce7cc2e4f0
083,2,explanation-normal-forms,normal-forms,CORE,TEACH,,How normal forms remove dependency problems,Classified,dcd7a6a6bcda50c7b2631154a4f4402d9b474da8ebd990c3c7fec8e384ee4bfc
083,3,stage2-practice,stage2-practice,CORE,PRACTISE,,"First, second and third normal form: apply and assess",Classified,708795b962e8875b648ca266ad721b9da2ded06a020cd3b403fab0cd566640f2
083,4,overview,remediation-v2-stage3-optional-083,OPTIONAL,EXTEND,,Normalisation is database tidying with consequences. It stops one changed email from becoming a treasure hunt.,Classified,121d1d11f99d0a71efdffb2ee6bd659bef0199b0f16477dab852ae0aab09bf79
083,5,delivery-02,remediation-v2-stage3-optional-083,OPTIONAL,EXTEND,,Why this matters,Classified,6f1ed5912acf46e9db3af06d1aebfe3a45fc956a06a5360c293b034ca0bcf0a7
083,6,hook,remediation-v2-stage3-optional-083,OPTIONAL,EXTEND,,A tutor's email appears in 38 course rows. The tutor changes email. What can go wrong?,Classified,ccff001d7746e2b943479ea1a31e411262cca61af8515cb3ff23128532b8d8d9
083,7,purpose,remediation-v2-stage3-optional-083,OPTIONAL,EXTEND,,Purpose of normalisation,Classified,02d474125ce3af524aea2399f314367e513ef24770ae9a47ff0913ebf670dadc
083,8,explanation-purpose,remediation-v2-stage3-optional-083,OPTIONAL,EXTEND,,Why normalisation protects consistency,Classified,c12cb59cc14290eecbf6690ab5319ada1c34e400d37908a757be750c4458250d
083,9,redundancy,remediation-v2-stage3-optional-083,OPTIONAL,EXTEND,,Spot unnecessary repeated facts,Classified,a65a64e7383a3e9c31b8a0a695ec7c7d2ff0d39d20951747965da4e15f0f1734
083,10,explanation-redundancy,remediation-v2-stage3-optional-083,OPTIONAL,EXTEND,,How repeated facts become risky,Classified,9bede00ba439d3b6b46bb80bdb108d076298bc9fbe1a0a769b5d0de858237cf8
083,11,anomalies,remediation-v2-stage3-optional-083,OPTIONAL,EXTEND,,Three anomaly types,Classified,9eee832526a669d26a60b08362791cf97feafe4a29cd7ce1d8ab23ec7cf40300
083,12,explanation-anomalies,remediation-v2-stage3-optional-083,OPTIONAL,EXTEND,,Why one structure causes three anomalies,Classified,1645e676afc7951e05e60f96abb670c13b64973368c86597d6a6c87f89126d87
083,13,normal-forms,remediation-v2-stage3-optional-083,OPTIONAL,EXTEND,,From 1NF to 3NF,Classified,d27eb0cb32f49ff9a6166450c147d914e3c26954d2641012b65a7bf017bbbfdf
083,14,detector,remediation-v2-stage3-optional-083,OPTIONAL,EXTEND,,Which fact should be moved?,Classified,21af3f4c9879003cc5eae382fb8a530b9f3cb7f73947e8fba0b1d07aca38be78
083,15,classifier,remediation-v2-stage3-optional-083,OPTIONAL,EXTEND,,Classify the problem,Classified,f1b063f9a3f39fe1011bbb844c7df6eecc18282da41fc5bc4c925af118298c0f
083,16,examples,remediation-v2-stage3-optional-083,OPTIONAL,EXTEND,,From one bad table to linked tables,Classified,870c8c6f6bccbecd7a986dc52fff9bff41e8a872cd1242e7a6075086cf5b0c19
083,17,practice,remediation-v2-stage3-optional-083,OPTIONAL,EXTEND,,Short-answer checks,Classified,e4f7ef0cf7ae4831d289b56b52f6d8139a75ee88bdb1e432e81eebe9799abbcb
083,18,debug,remediation-v2-stage3-optional-083,OPTIONAL,EXTEND,,Repair weak normalisation explanations,Classified,85b8c8da9ec23c75115eacba918f014950421ef6dbd657ecbb891bf325c9ff5e
083,19,exam,remediation-v2-stage3-optional-083,OPTIONAL,EXTEND,,Original Cambridge-style practice with expandable MS,Classified,4475896baa96d8539d2f477172665a0ebc349be2cf3b808ae7bc371ac037227a
083,20,summary,remediation-v2-stage3-optional-083,OPTIONAL,EXTEND,,Normalisation checklist,Classified,f2582c147061b68ca564a5bf351582778a67732d950d5b2a2b0bab031061a83a
083,21,homework,homework,AFTER_CLASS,HOMEWORK,,Clear tasks for consolidation,Classified,9ca0cebe5626dca9a2fbad770053bb9d24fc6d7575f43ff9900ec822feff7855
084,1,stage2-completion,stage2-completion,CORE,TEACH,,Read and write SQL statements by their semantics,Classified,76eb79bd30ce12e1dcaea09fe28ff4c157656d22c904ec550e2b73436305b252
084,2,explanation-clauses,clauses,CORE,TEACH,,The three foundation clauses,Classified,62f67f438ed4335fc596d99e460821a71725810915e14d82cd8695e738cc58b9
084,3,stage2-practice,stage2-practice,CORE,PRACTISE,,Read and write SQL statements by their semantics: apply and assess,Classified,68347491dfa51829ce6b5b9d8a52b3aa2d35cea9630417ada683e6bd3b31618a
084,4,overview,remediation-v2-stage3-optional-084,OPTIONAL,EXTEND,,"SQL is how you ask a database a precise question. ""Show me stuff"" is not a query; it is a cry for help.",Classified,f28f8596d09fdaef2273848fbe2d00923b8800cd7583f84e49686ae0395d9fa0
084,5,delivery-02,remediation-v2-stage3-optional-084,OPTIONAL,EXTEND,,Why this matters,Classified,81bf1db53a8e143858c00e21a6498432633a2ea607c00f0191de40ed369dd639
084,6,hook,remediation-v2-stage3-optional-084,OPTIONAL,EXTEND,,Find all overdue books without scrolling like a detective in a low-budget movie.,Classified,4cfd58ba8785253e955edc4e558d1314c3ee3771d4232c5455cc89de74b02db0
084,7,clauses,remediation-v2-stage3-optional-084,OPTIONAL,EXTEND,,The three foundation clauses,Classified,e2739ba364a652396517a4355743df1480064d3beb301ac184231d0b5329128d
084,8,conditions,remediation-v2-stage3-optional-084,OPTIONAL,EXTEND,,WHERE conditions and comparison operators,Classified,09c132bab666d3fa7347f4fa8555b383b14531c33d6e0fec699b71f07bddfece
084,9,explanation-conditions,remediation-v2-stage3-optional-084,OPTIONAL,EXTEND,,WHERE conditions and comparison operators,Classified,e88667c22e3f6f16c21e7f210123b95a406bf22ba993df669e5bb2b9fbb06b73
084,10,strings,remediation-v2-stage3-optional-084,OPTIONAL,EXTEND,,Text values need quotes; numbers usually do not,Classified,066757090c165fdab6ab61d15e988c7432c1006e0378b5b8ed2377ee9e7d8e41
084,11,explanation-strings,remediation-v2-stage3-optional-084,OPTIONAL,EXTEND,,Text values need quotes; numbers usually do not,Classified,bdcff65662002a26873a8978b52c5b456855a67fdd539bda6307db1809bca65b
084,12,trace,remediation-v2-stage3-optional-084,OPTIONAL,EXTEND,,Trace a query against rows,Classified,4b8a1ac688175fa753706b88ed5feaef93510773d98e298d31a6e6442f80d6c3
084,13,builder,remediation-v2-stage3-optional-084,OPTIONAL,EXTEND,,Translate English to SQL parts,Classified,75f71ad69247d17ac990ad51b984d02ffe102c668f4119aa5c81e1816cd42baa
084,14,runner,remediation-v2-stage3-optional-084,OPTIONAL,EXTEND,,Run a safe preset query against the Loan table,Classified,111fac531d3e61a77438baf97288a2e39cb776121d32e820ef6d9253852ab1f6
084,15,examples,remediation-v2-stage3-optional-084,OPTIONAL,EXTEND,,From English to SQL,Classified,b22cd7c3264a173cc63246b9ed5c2644c5411a2f9826c3937ca04d1ae25b04ca
084,16,practice,remediation-v2-stage3-optional-084,OPTIONAL,EXTEND,,Short-answer checks,Classified,e4f7ef0cf7ae4831d289b56b52f6d8139a75ee88bdb1e432e81eebe9799abbcb
084,17,debug,remediation-v2-stage3-optional-084,OPTIONAL,EXTEND,,Repair common SQL errors,Classified,8c35b4272d2147bd36777a243cec8108d4884615844b3a7fe93b361c7ffa5220
084,18,exam,remediation-v2-stage3-optional-084,OPTIONAL,EXTEND,,Original Cambridge-style practice with expandable MS,Classified,daaefcb8c9dddaba595cc996b6a189913d1c79ab9ba16befbbdbe72189c32d59
084,19,summary,remediation-v2-stage3-optional-084,OPTIONAL,EXTEND,,Basic SQL checklist,Classified,ab581ed23896570da899eac5bbf9a149be682bad689bbfb4ddc08dced2f1f8bf
084,20,homework,homework,AFTER_CLASS,HOMEWORK,,Clear tasks for consolidation,Classified,ea1dcab3c41e540ea682a2e30b611e504a290965878c0ddb30a8b26fbed800d0
085,1,stage2-completion,stage2-completion,CORE,TEACH,,One- and two-table SELECT queries,Classified,54f8832dc5c302fed8b5899abf9216c9a4cc253bc9b8c1919aa50fb66334e42a
085,2,stage2-practice,stage2-practice,CORE,PRACTISE,,One- and two-table SELECT queries: apply and assess,Classified,c1924124f3a68dbb1baf1781ffdc8ae88491b0030b80c5c0e167ed0d971eb830
085,3,overview,remediation-v2-stage3-optional-085,OPTIONAL,EXTEND,,"SQL can sort the mess, count the mess, and summarise the mess. Sadly, it cannot mark your homework.",Classified,0a49cfe0dc01fcd0103b9fbd4cfd57f0f4f934515a8eb5b0e5c1432367db1597
085,4,delivery-02,remediation-v2-stage3-optional-085,OPTIONAL,EXTEND,,Why this matters,Classified,7497ee13b4230beace9c21ddb6a6280488808b76af15c5cb2c469358f684fd65
085,5,hook,remediation-v2-stage3-optional-085,OPTIONAL,EXTEND,,Which query counts how many books are in each category?,Classified,19df1e9f834cda72563832129e2c17aed587d2079143b29105f276bc65027d43
085,6,orderby,remediation-v2-stage3-optional-085,OPTIONAL,EXTEND,,ORDER BY sorts output rows,Classified,634701c19da7b2881d23a97ef0a595c9e709cf5f9aabd438352be4df90f74164
085,7,explanation-orderby,remediation-v2-stage3-optional-085,OPTIONAL,EXTEND,,ORDER BY sorts output rows,Classified,d61dbed68619473fc9527757f0ef5314da4375e6fc0bc0ec5b80432d5fcd1075
085,8,aggregates,remediation-v2-stage3-optional-085,OPTIONAL,EXTEND,,Aggregate functions calculate one summary value,Classified,d0cc4ccb827cfc301140b35befbb5f34261c9c641dc5977c99b3363344db85d8
085,9,explanation-aggregates,remediation-v2-stage3-optional-085,OPTIONAL,EXTEND,,Aggregate functions calculate one summary value,Classified,556da24305522d90b49d24717f5ac5ee45f26840128ad346b01d434674059aa2
085,10,groupby,remediation-v2-stage3-optional-085,OPTIONAL,EXTEND,,GROUP BY calculates summaries per group,Classified,cba281f1f92a5b4f4d70cfce95b5ba2d2d9495369f36ec395bb7a4c17d708ae2
085,11,explanation-groupby,remediation-v2-stage3-optional-085,OPTIONAL,EXTEND,,GROUP BY calculates summaries per group,Classified,3410caf9a9eb0b96e8aded5db274d918daca303916da430a1e5294205a6aed9f
085,12,trace,remediation-v2-stage3-optional-085,OPTIONAL,EXTEND,,Trace summaries from a small table,Classified,514ba54b4bd6973f4c8330216440c8b8bb2e03536621e149ebe847f885f48efe
085,13,builder,remediation-v2-stage3-optional-085,OPTIONAL,EXTEND,,Choose the right summary query,Classified,0ddb2fa76504fedf8e940306c8d6934d849832b439ad1c5e6fa0f170e98b722a
085,14,runner,remediation-v2-stage3-optional-085,OPTIONAL,EXTEND,,Run preset queries against the Book table,Classified,3046b30614e90276fa7b70072afc664bd33acbea906ee678d72cd8192532896d
085,15,examples,remediation-v2-stage3-optional-085,OPTIONAL,EXTEND,,Choose the correct SQL tool,Classified,6468fdc871ddc67a81b0c8e4d4046177f8c9ac9b50bd21cb0aa98edab6d0ba8c
085,16,practice,remediation-v2-stage3-optional-085,OPTIONAL,EXTEND,,5-minute quiz and core checks,Classified,59b24a72f4f8009a762de29b2c2de2d3297ea417c197bb915314088159ed9cda
085,17,debug,remediation-v2-stage3-optional-085,OPTIONAL,EXTEND,,Repair sorting and aggregate errors,Classified,d3fdcd54061f06a1d3d9ba80254eccbffdb1e937335fb85699af5b958a95a6d3
085,18,exam,remediation-v2-stage3-optional-085,OPTIONAL,EXTEND,,Original Cambridge-style practice with expandable MS,Classified,c7cf102ee8988ff8426b87cd0c4bea372d6f011b19746301c5b12ee2e251d4a9
085,19,summary,remediation-v2-stage3-optional-085,OPTIONAL,EXTEND,,SQL extension checklist,Classified,fda2d08e00dccc134fd5a235fd6a641bd5b998b6b2aa33743fdac95e41435ad4
085,20,homework,homework,AFTER_CLASS,HOMEWORK,,Clear tasks for consolidation,Classified,b599f1f2d4d0c77f0a8548e14c4125cf64052cb1f2ed1231328d385f4e0beb75
086,1,stage2-completion,stage2-completion,CORE,TEACH,,Two-table INNER JOIN queries,Classified,f250ea4b37ce2b445b5d13851177ae0857354d678aeb959a4dad0023368007f7
086,2,explanation-join,join,CORE,TEACH,,Two-table INNER JOIN with ON,Classified,dffdf3c0c00bbea1b1a7102b4d665ca9832cd2939c0913769b1858a62a1fcd8d
086,3,stage2-practice,stage2-practice,CORE,PRACTISE,,Two-table INNER JOIN queries: apply and assess,Classified,87bb6a82b21edb9f4227076958ead34f77f965c0a7940f89c7717d99a66d4f2d
086,4,overview,remediation-v2-stage3-optional-086,OPTIONAL,EXTEND,,A join is the database version of introducing two people who already have the same ID card.,Classified,a17eb8da5b09bb2234063630e601a9d857a60d1d3da6f407ed9b8b8ae75123db
086,5,delivery-02,remediation-v2-stage3-optional-086,OPTIONAL,EXTEND,,Why this matters,Classified,5e598fb48839d8dd066bb0441a33a83da9130d2433ec53446947e2a5bd90b039
086,6,hook,remediation-v2-stage3-optional-086,OPTIONAL,EXTEND,,Which condition correctly links students to their loans?,Classified,bfcc28a0a5363b50bc28771e83017fa9cb5b2b6fffe76b17e2d852c2537579d1
086,7,relationships,remediation-v2-stage3-optional-086,OPTIONAL,EXTEND,,Related tables use primary keys and foreign keys,Classified,98667ff5a4299652af03e8763137a4d42c156a3d6670da546052f8f93d84ae83
086,8,explanation-relationships,remediation-v2-stage3-optional-086,OPTIONAL,EXTEND,,Related tables use primary keys and foreign keys,Classified,a328889a7ae13f85a332d2cb67497b313befe1b0a7ec1c3602ed4290c3641322
086,9,join,remediation-v2-stage3-optional-086,OPTIONAL,EXTEND,,Join conditions say which fields match,Classified,ad4af2b829d90c28929286637d7df6b8091fd4064b3476b71f8171c8e30a8620
086,10,aliases,remediation-v2-stage3-optional-086,OPTIONAL,EXTEND,,Table-qualified names and aliases prevent ambiguity,Classified,da5d865c6fdc06aa8e7e809746b6dd385fa61a1345293ad3e8e37a13469865b9
086,11,explanation-aliases,remediation-v2-stage3-optional-086,OPTIONAL,EXTEND,,Table-qualified names and aliases prevent ambiguity,Classified,865163921ad0d1b5a5aaeb4879c158be736fa010f91c1ea140acda973c3e5501
086,12,trace,remediation-v2-stage3-optional-086,OPTIONAL,EXTEND,,Trace joined rows from small tables,Classified,60f937162226418d547748054ecbe7d3fc5b1fb839f19e58531b359109ef2474
086,13,builder,remediation-v2-stage3-optional-086,OPTIONAL,EXTEND,,Choose the join path for the request,Classified,8dcc4f7e71267a4eaa281bb9a25a2e0d7f42bb94576fd5a1c01d47f98171c55c
086,14,runner,remediation-v2-stage3-optional-086,OPTIONAL,EXTEND,,Run preset joins against the sample tables,Classified,ee8b995460c1615d58897688acd50391bc9b7fd887d944941b5465ecdab9633b
086,15,examples,remediation-v2-stage3-optional-086,OPTIONAL,EXTEND,,Build the relationship path first,Classified,a44264a6a3ccc3051c0b6b96d111bb1003cdef621e4d6a664d915ca918549f15
086,16,practice,remediation-v2-stage3-optional-086,OPTIONAL,EXTEND,,Short quiz and core checks,Classified,c399b2b66527d24681245964c922dba801daa0c13f5c9fab63ee91644179d024
086,17,debug,remediation-v2-stage3-optional-086,OPTIONAL,EXTEND,,Repair weak join logic,Classified,7f4a6dc6fed0db2c376fe42fda9e9e93e968545975382da1d365f3bcc17f751d
086,18,exam,remediation-v2-stage3-optional-086,OPTIONAL,EXTEND,,Original Cambridge-style practice with expandable MS,Classified,694eaa898ab72af9135ece26ba529ba29c24a64f3ec23c4e00c57779ca4dbd41
086,19,summary,remediation-v2-stage3-optional-086,OPTIONAL,EXTEND,,Join checklist,Classified,7d58a00b196dd516fec17414cc9460e1ff0cd9262cf65632ca2389e7f8bf32e8
086,20,homework,homework,AFTER_CLASS,HOMEWORK,,Clear tasks for consolidation,Classified,650a9141306b55afcba4fb0c3c4c7b8f8b5d49f786147e076c65149a0f89ca46
087,1,stage2-completion,stage2-completion,CORE,TEACH,,"DDL, DML and the complete AS SQL subset",Classified,9e6d87ace3b78267d7b1639b4c656e939f38a3a565ad96c1c5d88f0ad4fbae65
087,2,explanation-dml,dml,CORE,TEACH,,"INSERT, UPDATE and DELETE are data manipulation commands",Classified,337c8c33aad9e6e7d34b6219d76700caa7fe34e9ee3f00be25f739ed5bc9f55f
087,3,stage2-practice,stage2-practice,CORE,PRACTISE,,"DDL, DML and the complete AS SQL subset: apply and assess",Classified,5317e021bd28cf66baf01ef5d9ddc3b4f9111af63ed2006955db4fc98ee096b9
087,4,overview,remediation-v2-stage3-optional-087,OPTIONAL,EXTEND,,"SELECT asks politely. INSERT, UPDATE and DELETE move the furniture.",Classified,41e2f85d6d10194e4e144f29f24bbede1ec1b67b950c8e6d2f992017681f3cd1
087,5,delivery-02,remediation-v2-stage3-optional-087,OPTIONAL,EXTEND,,Why this matters,Classified,8a6b80a66dbf725a1b808c0520292c5c048ea8fc017044ee95345f3b4eff796c
087,6,hook,remediation-v2-stage3-optional-087,OPTIONAL,EXTEND,,Which statement changes only Amira's tutor group?,Classified,7955006604d371fa301eb3549b3b2954314de6ddc98aae0f27dc27bd813fcab6
087,7,dml,remediation-v2-stage3-optional-087,OPTIONAL,EXTEND,,"INSERT, UPDATE and DELETE are data manipulation commands",Classified,a307986bbb5a14ed8d1e879b0986df633bc6604cc3eefed417f5449d58ab3cc1
087,8,insert,remediation-v2-stage3-optional-087,OPTIONAL,EXTEND,,INSERT INTO adds a record,Classified,e254bc267f3bf18acbd1a8957558cf6d0c6b73a1322beeeb3dca16f94241f180
087,9,explanation-insert,remediation-v2-stage3-optional-087,OPTIONAL,EXTEND,,INSERT INTO adds a record,Classified,11b1a671108e9e3baa43b8635bda79fad8003d212c6ec40a1733cdaa754be923
087,10,update,remediation-v2-stage3-optional-087,OPTIONAL,EXTEND,,UPDATE changes existing records,Classified,bfdc5a0f371ae1d9b13660321afd347dd6b4ac6f310f2bfd22d7ad255a64545d
087,11,explanation-update,remediation-v2-stage3-optional-087,OPTIONAL,EXTEND,,UPDATE changes existing records,Classified,735f6c34f1c7f49d8fd03a3952ed8eeee87ef388fbbb18bc5a0e534943e02766
087,12,delete,remediation-v2-stage3-optional-087,OPTIONAL,EXTEND,,DELETE FROM removes records,Classified,39ee1b5af7ebca19365b0772d2d25702b87e1329dbb5cb1b7600d20aea09ce31
087,13,explanation-delete,remediation-v2-stage3-optional-087,OPTIONAL,EXTEND,,DELETE FROM removes records,Classified,e865afafc4d3893501f9eeade8cb01fc7ef7b833b2f34b14370f05d976f23a12
087,14,trace,remediation-v2-stage3-optional-087,OPTIONAL,EXTEND,,Trace changes from a small table,Classified,cafa5108b48da82b5a3dbd2bd28c572ae724cdaf67abf95543099b877cb58286
087,15,builder,remediation-v2-stage3-optional-087,OPTIONAL,EXTEND,,Choose the right data modification command,Classified,9286aa36eb6a32692418b8dcd4189b114c5df6118d6a97a4c0ffb85c9dfeea6e
087,16,simulator,remediation-v2-stage3-optional-087,OPTIONAL,EXTEND,,Preview the result before the database gets nervous,Classified,a4e6f12f85d2880daf0a1094adfb650e6bd61e39b868ffc05ed41d5218c2d59b
087,17,examples,remediation-v2-stage3-optional-087,OPTIONAL,EXTEND,,Write the command that matches the intention,Classified,acb02787257fe2cfc0c0b38fad1da0d98fc131ab57b99a136441b27da61bf243
087,18,practice,remediation-v2-stage3-optional-087,OPTIONAL,EXTEND,,Short quiz and core checks,Classified,c399b2b66527d24681245964c922dba801daa0c13f5c9fab63ee91644179d024
087,19,debug,remediation-v2-stage3-optional-087,OPTIONAL,EXTEND,,Repair weak modification statements,Classified,bdc180cb4644f3fa73ba83165c386f6265c339f048a27059e2945937fb861d2a
087,20,exam,remediation-v2-stage3-optional-087,OPTIONAL,EXTEND,,Original Cambridge-style practice with expandable MS,Classified,356ea660d9b1d2c2a03b84ce53e30e931f6ebe8d1692d6f0f43a91a15e2e3026
087,21,summary,remediation-v2-stage3-optional-087,OPTIONAL,EXTEND,,Modification command checklist,Classified,e4aab8387a19d8af101ee6ff93efb9d7b5a5345cd7a3367a046c86532216d6ee
087,22,homework,homework,AFTER_CLASS,HOMEWORK,,Clear tasks for consolidation,Classified,d3b5a20937bb482689355b13b39572436e074c540fc3419cf2157d538f6af96c
088,1,overview,overview,CORE,TEACH,,Bad data enters quietly. Good database controls make it show ID at the door.,Classified,116831bf2176ffcad8169762dfe433f8a08f99900f270dd44b646664fdbf590b
088,2,delivery-02,overview,CORE,TEACH,,Why this matters,Classified,8077472d1d57066eff8c8d63bd031dfafb2efca7893a29d6f1effa86aa5940a7
088,3,hook,hook,CORE,ASK,,A student types age 216 for a school club member. Which control should catch it first?,Classified,a51ddbf44890f739329c6e21ca765331dbf00f18035cbac16d2ada41e64700a6
088,4,validation,validation,CORE,TEACH,,Validation checks whether input is sensible or acceptable,Classified,07d1287ce644ebb7570256ee49b487621c5e387bcbcdc3c1eba2cea4764950a4
088,5,explanation-validation,validation,OPTIONAL,EXTEND,,Validation checks whether input is sensible or acceptable,Classified,df6223ddad512d94c2fb1bbb767206da683964c614f9c8185ec220afc28f2ba6
088,6,verification,verification,CORE,TEACH,,Verification checks data has been copied accurately,Classified,09ad6c49469ec67217f95879e109d10e3ca3cae885eed8c972305b8b75610085
088,7,explanation-verification,verification,OPTIONAL,EXTEND,,Verification checks data has been copied accurately,Classified,2f2e87bc4478b99e034f2954f65b56991a6f27f8c40298ae3e751c4f3f5bf739
088,8,security,security,CORE,TEACH,,Database security restricts access and protects confidentiality,Classified,62cd0f18079e44403b5227e00fe0fbf5545f664791677af2cf1b7d6473468871
088,9,explanation-security,security,OPTIONAL,EXTEND,,Database security restricts access and protects confidentiality,Classified,91292f526ebc8e2d6d7b1111d99b7e9728626e5d79a070d99d3d2165a7805e9d
088,10,backup,backup,CORE,TEACH,,Backups allow data recovery after loss or corruption,Classified,cf90a0aa92089f42ea0aefb8728a695b69079a09f283dbdde5f9d5321100e3bc
088,11,explanation-backup,backup,OPTIONAL,EXTEND,,Backups allow data recovery after loss or corruption,Classified,b5cb496589e70fc72af138f1435ac0007dedb1703405976fe6379e959d16248a
088,12,trace,trace,CORE,TEACH,,ClubMember database: spot the protection needed,Classified,5c8eda95fa3c2f6fc16f61045547ac78cf40c690f943bc346ec23134cf2c55e8
088,13,classifier,classifier,OPTIONAL,TEACH,,Choose the correct database protection idea,Classified,e2db185896b08579d3dc4dcb7ecb57a54596662a99281e0e2031f232319d37d7
088,14,checker,checker,OPTIONAL,TEACH,,Run simple validation checks,Classified,badbad24b62f43d53586b63c5f45f534b7256cadbb7c43a25b225d6a056c9822
088,15,examples,examples,CORE,TEACH,,Choose the control that matches the problem,Classified,8ef6afedb4c453c36a2229ca79a430d21991894e7dbb21db804f4590a1b3867d
088,16,practice,practice,CORE,PRACTISE,,Short quiz and core checks,Classified,c399b2b66527d24681245964c922dba801daa0c13f5c9fab63ee91644179d024
088,17,debug,debug,CORE,CHECK,,Repair weak protection answers,Classified,0a7e758a98d9b7587c1ea19bdfc517af02a51e19e185a8488811dc407beb273b
088,18,exam,exam,CORE,EXAM,,Original Cambridge-style practice with expandable MS,Classified,5860e66852772e94f7bda93efce3952c605aa200e68ddedab51d4e250b7ae5ab
088,19,summary,summary,CORE,CHECK,,Protection checklist,Classified,8b584e0e92f81f55327218ce87d5cce24d4e9ba6a8597cb8bcf3c49f75246b41
088,20,homework,homework,AFTER_CLASS,HOMEWORK,,Clear tasks for consolidation,Classified,719163a981017abaafde733387ab5d77e9fda65a722a79b974bfda642dba2a6f
089,1,stage2-completion,stage2-completion,CORE,TEACH,,Section 8 required-content checkpoint,Classified,08d8a3d77d98f46af6db54c2e3702b93b8939ce15cfd7bca735cb55307ba69f5
089,2,stage2-practice,stage2-practice,CORE,PRACTISE,,Section 8 required-content checkpoint: apply and assess,Classified,e0d712516716ed402872861c07f3fdf565fbd3cb75c53b121b14b3c40a80098c
089,3,overview,remediation-v2-stage3-optional-089,OPTIONAL,EXTEND,,The first mark is often hidden in choosing the right toolbox.,Classified,a4fbe5745b215a40baa6135dfd44f9f253b258e8cd900e8cc8d01dbf0107c051
089,4,delivery-02,remediation-v2-stage3-optional-089,OPTIONAL,EXTEND,,Why this matters,Classified,59d39571e3af4fbb1766ac37ad0f4d141eadff9458a1b716ca12382c7b603a04
089,5,hook,remediation-v2-stage3-optional-089,OPTIONAL,EXTEND,,Which syllabus concept is required first?,Classified,4937d38da626c88b450a97d4f24e9dad8f2aaf67f0df5874a269d69778830538
089,6,map,remediation-v2-stage3-optional-089,OPTIONAL,EXTEND,,Section 8 knowledge map,Classified,3a40ff83329d6cccf699aa252ae1441240fd80339a0611353e8fc247688fe2f9
089,7,explanation-map,remediation-v2-stage3-optional-089,OPTIONAL,EXTEND,,Section 8 knowledge map,Classified,cd0ab3358c72da4ed45d799cd5b21d2d0cf6c143be8121d28445a9ab30c9d8f0
089,8,design,remediation-v2-stage3-optional-089,OPTIONAL,EXTEND,,Relational design: what earns marks?,Classified,640a349e7bd08ab486999fc054e2e38aebe622623d469646bc3cdde9a0cc93ba
089,9,explanation-design,remediation-v2-stage3-optional-089,OPTIONAL,EXTEND,,Relational design: what earns marks?,Classified,d6c6810facd1f0c51961d2a7e61bfc05e0182ef12587745fd1c1857bd0910c8f
089,10,sql,remediation-v2-stage3-optional-089,OPTIONAL,EXTEND,,SQL clauses: choose the clause that matches the request,Classified,2c274412cbcb30ca303a6a3f540b8164014518e15485fa02b8f52bdaddb6f234
089,11,explanation-sql,remediation-v2-stage3-optional-089,OPTIONAL,EXTEND,,SQL clauses: choose the clause that matches the request,Classified,f7bdafb7e8711b82bb32f91957d0188081065091b8b89ed9445912cfde8db1f1
089,12,protection,remediation-v2-stage3-optional-089,OPTIONAL,EXTEND,,Do not swap the security vocabulary,Classified,21a8b9aee6f7563d784ce83dbdf2f55fb094166311316c002fbe5cd468ae77a6
089,13,explanation-protection,remediation-v2-stage3-optional-089,OPTIONAL,EXTEND,,Do not swap the security vocabulary,Classified,e99a42c76a5f9bbfbfea130f43f6630df1c6dfc7ce1113804acb48df8c866a8c
089,14,classifier,remediation-v2-stage3-optional-089,OPTIONAL,EXTEND,,Identify the topic before answering,Classified,dd770fdf8ef5b29f32441ed0cdc55cd787151b477c4dc7cd90d728ac285411e7
089,15,tracer,remediation-v2-stage3-optional-089,OPTIONAL,EXTEND,,Trace one mixed SQL result,Classified,b484502f86579047d4001030b30a7783436eb593c9c9b06ddeb4d2870c406353
089,16,explanation-tracer,remediation-v2-stage3-optional-089,OPTIONAL,EXTEND,,Trace one mixed SQL result,Classified,0be6a3656c766d59a3f828ceaa8617ed1ebab743e9b6f2e94e38d5bb92d35d1c
089,17,examples,remediation-v2-stage3-optional-089,OPTIONAL,EXTEND,,Annotate where the marks are,Classified,b25f4ce7354950a6c5fe2880f7f2d752b9ee9c0de944dfe9b4fd061358028e03
089,18,practice,remediation-v2-stage3-optional-089,OPTIONAL,EXTEND,,Mixed retrieval check,Classified,6a18738a3520a009de1810d21ea0a8c5cc0030b3e78185e049db6488391783cc
089,19,debug,remediation-v2-stage3-optional-089,OPTIONAL,EXTEND,,Rewrite weak review answers,Classified,c5f7cf1797c1c5ec8a0e9b7c2fcf6d667338c639e2fcc8fafe5ddb691b8215c8
089,20,exam,remediation-v2-stage3-optional-089,OPTIONAL,EXTEND,,Original Cambridge-style stage review with expandable MS,Classified,95ecd1f26cf715d6941f4ae6843397c09779ddc78e766ccf5f5d755f7b61ccec
089,21,summary,remediation-v2-stage3-optional-089,OPTIONAL,EXTEND,,Stage review checklist,Classified,7278bdefb268e48dcc192ff23e87681b76b9aad749ee814a994dcfce6b3f278b
089,22,homework,homework,AFTER_CLASS,HOMEWORK,,Clear tasks for consolidation,Classified,70989335a19b77d84190ae46bf17d123526238af5be471639636d84b66eb029c
090,1,overview,overview,CORE,TEACH,,Effective review requires active retrieval and correction.,Classified,d6b81b291d52295ed8445d73ab309f9be24b33f8986f622a83a6913fcdb61f39
090,2,delivery-02,overview,CORE,TEACH,,Why this matters,Classified,bf7911830c40fe4b897f1db2dddaf240b01a8438972bfde9c1d12d27bde5e595
090,3,hook,hook,CORE,ASK,,Which toolbox should open first?,Classified,25e03c95bdcfe5de2171ba34e598d52495eda96c9ea458f5f08686e03337ec7e
090,4,map,map,CORE,TEACH,,Sections 1-2 knowledge map,Classified,414a2decc20272ae6cb4d3bb081b8545c78d8366a552f9f803867cdfc923d783
090,5,explanation-map,map,OPTIONAL,EXTEND,,Sections 1-2 knowledge map,Classified,5eacac73d360424f927cc73127920cf56fa8287ac6327ae30fc56f0896034994
090,6,representation,representation,CORE,TEACH,,Calculation formulas worth retrieving cold,Classified,0511b720e57a267cc1197c834f8b4ddf9cc1945cc3570b5fa88aadba7b7c74e0
090,7,explanation-representation,representation,OPTIONAL,EXTEND,,Calculation formulas worth retrieving cold,Classified,8b2e0cf009391f217016f496a720f33e62c2a7f3ac959911fcd367f9a2d5aacc
090,8,communication,communication,CORE,TEACH,,Explanation answers need mechanism and consequence,Classified,553a08dddba1bcdb5dc56e7f7aa9fbea426d81f6afb102a7881e946c935fd550
090,9,explanation-communication,communication,OPTIONAL,EXTEND,,Explanation answers need mechanism and consequence,Classified,b4b794d6b9de39a5aa6b4fdb4fcab1bd8c55c6fe43148449d585e07f4d7ac562
090,10,classifier,classifier,OPTIONAL,TEACH,,Identify the topic and first move,Classified,d7e06ac38550e24f0258f2d2ae6c6edbb9fd306ca0007dc10fde3658adbe20b9
090,11,calculator,calculator,CORE,TEACH,,Calculate image or sound storage,Classified,0ab6c2d6bfab63ae4ff88bc030383d846ede452da720835034340653488a80ed
090,12,explanation-calculator,calculator,OPTIONAL,EXTEND,,Calculate image or sound storage,Classified,3f093d9af081bbadfab72549154bee099ae8fcf5b8061a188d83e2c349c8882e
090,13,examples,examples,CORE,TEACH,,"Annotate method marks, not just answers",Classified,03550616bb48c5c34b54ff8b7ceb36d8eee3ad2c60fcd529fbecaa3734e566df
090,14,practice,practice,CORE,PRACTISE,,5-minute quiz and mixed retrieval,Classified,beb60af2bbe4542964dd98a4dee591a58891da41162915f3fa451f22cd045f19
090,15,debug,debug,CORE,CHECK,,Repair weak Paper 1 answers,Classified,4eb4a7c1dc5a5b278b5b2e39c21575d25a4880a9d554c631e097afe175403d73
090,16,exam,exam,CORE,EXAM,,Original Cambridge-style review with expandable MS,Classified,dd8b58d78ed577359d74e6a8ee793eb15ce8954ea1c0e847900e0b854df8d99a
090,17,summary,summary,CORE,CHECK,,Review checklist,Classified,412fe3f6bfa05329dd473b122d962d26eb53f831143b081efbcacfcba79c7b4d
090,18,homework,homework,AFTER_CLASS,HOMEWORK,,Clear tasks for consolidation,Classified,e500925ba7b51489bbe12cc1ab0edcc0c61495ca154fd0ca187d9059aeef41d5
091,1,overview,overview,CORE,TEACH,,"Hardware questions reward precise parts. ""The CPU does stuff"" is not a lifestyle.",Classified,f48a70ad9b8590cdcd47cfdfee188324dab4268037dd483e1a169169b1f31d88
091,2,delivery-02,overview,CORE,TEACH,,Why this matters,Classified,a0d26dec5b3dc2a4f70e63c28e1f5dcf98861f02c1739846d9e149642898f7cc
091,3,hook,hook,CORE,ASK,,Which topic is being tested?,Classified,8145409a8c94474d5e528dc14e97ee21602c1d7158a532f2c2275b7562d9bd77
091,4,map,map,CORE,TEACH,,Sections 3-4 knowledge map,Classified,ed593a3b208a0f8881e5456a8751e8683a10d8c56428dcc599f442ab88e4fafd
091,5,explanation-map,map,OPTIONAL,EXTEND,,Sections 3-4 knowledge map,Classified,4c7b5bd3e979487e6281dd9c67d32621626c1ca91393c82a0151d1592fb1b7c1
091,6,hardware,hardware,CORE,TEACH,,Choose hardware by matching characteristics to use,Classified,c150d391524ecfb7cfa3ea40b4490602caf2c79bfb7714b5f9c3d1d29642bd59
091,7,explanation-hardware,hardware,OPTIONAL,EXTEND,,Choose hardware by matching characteristics to use,Classified,e80033cd1e45df876cbc1db0a26beb1e2a3c64654d99e6e373d2301b54707a1c
091,8,processor,processor,CORE,TEACH,,Registers and buses: the FDE cycle vocabulary,Classified,fcad7895ca574f80439a31ab2aee7813af3439a1bbdc528eafbb728155a9cb8b
091,9,logic,logic,CORE,TEACH,,Truth table shortcuts,Classified,6263b0b392aec8eae44dc836b5a670a1c207ecd083790c9a897f4c338c560986
091,10,explanation-logic,logic,OPTIONAL,EXTEND,,How hardware facts become mechanisms,Classified,a5f588888b79a1ca41378c33ba76c67bd821faa520c61cd912c170dbe3f842e4
091,11,classifier,classifier,OPTIONAL,TEACH,,Identify the topic and first move,Classified,891ecfa6e196e3a1f6ca0b23d1b4ed0f5dff7da72ec6d9a5022461bc05f1ab65
091,12,fde,fde,CORE,TEACH,,Trace register actions,Classified,aa9f5706150ecced49717a6c90788a96133580fa296191fed720ec59d776959f
091,13,examples,examples,CORE,TEACH,,Annotate where the marks are,Classified,37aaf842a39c27eca383f35e244cd1aea1b073826a78eaf9b1eadca87276173c
091,14,practice,practice,CORE,PRACTISE,,Mixed retrieval check,Classified,6a18738a3520a009de1810d21ea0a8c5cc0030b3e78185e049db6488391783cc
091,15,debug,debug,CORE,CHECK,,Repair weak hardware and processor answers,Classified,c1226f37b8cff043cf6106f7aa27103fb0a315d4b9f9adeb2481435520a494d1
091,16,exam,exam,CORE,EXAM,,Original Cambridge-style review with expandable MS,Classified,24d3f6750185203ff1c3023827c95d0473d4fa2dda6bd276ce713bf988dbf12d
091,17,summary,summary,CORE,CHECK,,Review checklist,Classified,9ae46a474628cb302837b8e96b9be368b19cca0a9765472d0b52f52682f87f8e
091,18,homework,homework,AFTER_CLASS,HOMEWORK,,Clear tasks for consolidation,Classified,d1be2efeb9574fb561388a59fe4a68716d958dcdb0f92cce9b9647cd0a8f3ee2
092,1,overview,overview,CORE,TEACH,,System software runs the show. Security stops the show becoming a crime scene.,Classified,ed092899d6781993171593471f669ba61f231ff9f5a81e703d7afe4c0b8f690b
092,2,delivery-02,overview,CORE,TEACH,,Why this matters,Classified,7cccb6eea573c6a50650423b524f3fac793ea35f4b3b55048fdc06136f9f007c
092,3,hook,hook,CORE,ASK,,Which topic is being tested?,Classified,8eaa1445daeecfc6a6be36bd77d7c73989ad5d9230ae3d90c3afd5f3072cafd2
092,4,map,map,CORE,TEACH,,Sections 5-6 knowledge map,Classified,e418f423d0dcfa3310786fb1e66570c8d3513baa1bd3a29d86ab12a769eeb7cb
092,5,explanation-map,map,OPTIONAL,EXTEND,,Sections 5-6 knowledge map,Classified,a66571f40a7681f9f5787ea815e55bf7c76c95b7e25bacd4ea95cfd3eb0ae0a3
092,6,software,software,CORE,TEACH,,OS and utility roles,Classified,344b33c5b554bcacdf08513813ee37d0ae10e35ea5402d3d9ffaab3217c54335
092,7,explanation-software,software,OPTIONAL,EXTEND,,OS and utility roles,Classified,061c2a4fbc2b4e190b45000106e6ea65efe6403d646980a9cb2d91a2c39be42a
092,8,translators,translators,CORE,TEACH,,"Compiler, interpreter and assembler",Classified,8842ee5776b8297d948f1fe728b844192fb2292bf114f1bda803f47d66f9e5fc
092,9,explanation-translators,translators,OPTIONAL,EXTEND,,"Compiler, interpreter and assembler",Classified,e3880c7a7be101e14e50589c2b4eb4b5974b546a24a6725389b9a579879d707b
092,10,security,security,CORE,TEACH,,Match the control to the threat,Classified,a675752e8c76330ff641ecb2b140d10b02568f04df114de14c947e5d0103176f
092,11,explanation-security,security,OPTIONAL,EXTEND,,Match the control to the threat,Classified,1578b81beac85cefc70860fbe6ee3d1f43657940d6b2e84e2e54858c6b3a0f2e
092,12,classifier,classifier,OPTIONAL,TEACH,,Identify the topic and first move,Classified,a2db732c1a3a6b8d74a34fcabe718ae517ba07df9406c241044ac95e7a84b04c
092,13,matcher,matcher,CORE,TEACH,,Choose the best control,Classified,960ec9ffffc76d492b07b352c8c3f1522be12266008190d412cf5c7f6f2d7142
092,14,explanation-matcher,matcher,OPTIONAL,EXTEND,,Choose the best control,Classified,3f6e4061caa33e0c788bf7c7977dadc18ac03eedca9ddcd502495391f0515617
092,15,examples,examples,CORE,TEACH,,Annotate where the marks are,Classified,adb233be3882210a4d8d38d24c467efb31c6bff7ff6a73499bc6f913dbbbb96f
092,16,practice,practice,CORE,PRACTISE,,Mixed retrieval check,Classified,6a18738a3520a009de1810d21ea0a8c5cc0030b3e78185e049db6488391783cc
092,17,debug,debug,CORE,CHECK,,Repair weak system software and security answers,Classified,a928412ec32744b5f395ad553573b3c52d462d30903e88f19fd7e9439b9fa765
092,18,exam,exam,CORE,EXAM,,Original Cambridge-style review with expandable MS,Classified,d8260319b426b3be47e7d67b7eab73d6b40945c75776566dd4bae319421267f6
092,19,summary,summary,CORE,CHECK,,Review checklist,Classified,d2ad607863254d8163f94ee89c5306a4f76eed525a6932945e8fb197e244c39c
092,20,homework,homework,AFTER_CLASS,HOMEWORK,,Clear tasks for consolidation,Classified,864062120dd99044135cf9a7baca231ac0a3ee88881ec055cf8edff98782deb6
093,1,overview,overview,CORE,TEACH,,Ethics needs judgement. Databases need structure. Both punish waffle politely but firmly.,Classified,2ce56e7a28fc1c582dd3334327dafa39c6f4da0c129396c31ad20bd38dc692ac
093,2,delivery-02,overview,CORE,TEACH,,Why this matters,Classified,e0d31b67ad3245cced00a5eaa62acb2d5f1f19fbaddf0d605136beeafed139d2
093,3,hook,hook,CORE,ASK,,Identify the relevant syllabus concept,Classified,8287b8e42bd9f81f5aefed76a8296d0b9e2295891ac96c9f8bcd89a42acc656a
093,4,map,map,CORE,TEACH,,Sections 7-8 knowledge map,Classified,cc2eeb404b34a24f907eeede644d77ab3d9e10a02b44eae7e265dd8a1955a871
093,5,explanation-map,map,OPTIONAL,EXTEND,,Sections 7-8 knowledge map,Classified,6a44c66b9fef0c2e7b99ca32932a0ac75a396699e3f681bf12b44cb77da23b10
093,6,ethics,ethics,CORE,TEACH,,Evaluation answers need both sides and a condition,Classified,7467543d407bfac044d59d8cee85bc99d612caf21d1774085af2f6f7a01b5b33
093,7,explanation-ethics,ethics,OPTIONAL,EXTEND,,Evaluation answers need both sides and a condition,Classified,bbfa1c4e8bdc26bec0fd8eebc73a43dd121dc1210d0416f5d56a89fdd81ec857
093,8,databases,databases,CORE,TEACH,,Relational design: structure before SQL,Classified,9084030a04cb665dcca3af51674ef5089dbfad3be1ed08d45604a48908a8bf90
093,9,explanation-databases,databases,OPTIONAL,EXTEND,,Relational design: structure before SQL,Classified,d6a8e3dd98c4575147e9fc9b5a9d8f78b690957d54ba59e1f27e7b4e6413d72f
093,10,sql,sql,CORE,TEACH,,Clause choice is not decoration,Classified,64f959d16ca47659fa09ab68541572bc1883f45cc8f94140458602da235a9245
093,11,explanation-sql,sql,OPTIONAL,EXTEND,,Clause choice is not decoration,Classified,a4b5c0a918b9ff8ef5295fc47fff4c3ec0b322316a3a660880542f9a7ae1ed64
093,12,classifier,classifier,OPTIONAL,TEACH,,Identify the topic and first move,Classified,fb8b3409d0bbc714141cc1271046f4ee237909bf30de4b0938824bd49f47e805
093,13,builder,builder,OPTIONAL,TEACH,,Build a balanced ethics paragraph,Classified,f598b0f7acf5e8b759126e1d0fd8b84a3a5e6e433a28368e2e8ddc0cac50d35b
093,14,tracer,tracer,CORE,TEACH,,Trace one customer table query,Classified,1afe976aa8120173975ddd8d71091aab1e5f74746592185dd3ffeffa5c6aab4a
093,15,explanation-tracer,tracer,OPTIONAL,EXTEND,,Trace one customer table query,Classified,d7951941244a8b77899c96a57f097b3feea7c4758adfef60ceb8b04240d1a287
093,16,examples,examples,CORE,TEACH,,Annotate where the marks are,Classified,d69d2ed07b88e9697d4752ddc1ac6468cc82236f067ce6a91f558c460ab3abd9
093,17,practice,practice,CORE,PRACTISE,,Mixed retrieval check,Classified,6a18738a3520a009de1810d21ea0a8c5cc0030b3e78185e049db6488391783cc
093,18,debug,debug,CORE,CHECK,,Repair weak Section 7-8 answers,Classified,dd7a78dc71227f98626db1e30f45d63d8caddbb03c6f34c28e7ddaa027c0df6b
093,19,exam,exam,CORE,EXAM,,Original Cambridge-style review with expandable MS,Classified,6adc9efbb6d140fc6b7c051213b69aac3586b794b49e8d1e5763631471ff7ba0
093,20,summary,summary,CORE,CHECK,,Review checklist,Classified,7c1630df4c5e8c6e9de3b4421c30cfd56cc1250e7171c8611a76099b706e6bf9
093,21,homework,homework,AFTER_CLASS,HOMEWORK,,Clear tasks for consolidation,Classified,27ccad48f3aab4284d8b54f0f718cd4a2d6c2ecb298c4485b225d17290219382
094,1,overview,overview,CORE,TEACH,,"Mixed questions require careful identification of topic, command word and response form.",Classified,3aaa94d4982f8b52127839fe760c5e5b5ed803ec0c45eccad2b7dea934584056
094,2,delivery-02,overview,CORE,TEACH,,Why this matters,Classified,9ebac921bddd4ca514a51e7878762acd0d4b87c61a900f4a80757bcbf1695a22
094,3,hook,hook,CORE,ASK,,What is the first move?,Classified,25fe9dfb334002099da59a656e11ed5e639afbfc77464b46ea3d08225b07a845
094,4,map,map,CORE,TEACH,,Paper 1 sections and question clues,Classified,44ea27ff79debc85136e7576feb09b5fbf1cc6a21c5a2b63a7e562d703c613a6
094,5,explanation-map,map,OPTIONAL,EXTEND,,Paper 1 sections and question clues,Classified,0b4f4077c74fdef6a8675f2f23ef479e5c568e4a96d8e65ccc9706c51ad43fc1
094,6,strategy,strategy,CORE,TEACH,,The 30-second annotation routine,Classified,52d914c63b8ce0ab9b4037c321850005013c0bcd71ad6bc522574f0363ed2f4f
094,7,explanation-strategy,strategy,OPTIONAL,EXTEND,,The 30-second annotation routine,Classified,454f910d4695ec8aec215cf7c93a826288f7bd25d5357263c701903eb755789f
094,8,commands,commands,CORE,TEACH,,What each command word usually demands,Classified,01d074381dca85b394c957c9a8a2d2772c50ce11406fb788920077ec8563a46d
094,9,explanation-commands,commands,OPTIONAL,EXTEND,,What each command word usually demands,Classified,c7ebd9503c6a9049658c8cbb5c971c679a8acce2bee951b8517dcd22c16947ab
094,10,answer,answer,CORE,TEACH,,Use the smallest frame that fits the command,Classified,3f156a0eaf91ecf677bc287fcbf13497e8200cda72150b3a8e2a01497c979d64
094,11,explanation-answer,answer,OPTIONAL,EXTEND,,Use the smallest frame that fits the command,Classified,94df9d4c7f823a70fbbf30c41b165698058e79491cb333f70e69830eac98f9fe
094,12,classifier,classifier,OPTIONAL,TEACH,,Choose the section and first method,Classified,d51396bebce50a237cf16b53bca29daba9e7cdf8ade6126f6f21c100039365fe
094,13,decoder,decoder,CORE,TEACH,,Decode the command word before writing,Classified,088dce05e3994ea755de88a590d15554762afa647aa86a47ff3d7bd1a830c175
094,14,explanation-decoder,decoder,OPTIONAL,EXTEND,,Decode the command word before writing,Classified,f5fbff849b87d9e4a533fd252bea7d34a9cbcce475b9b3c180644c4441688866
094,15,builder,builder,OPTIONAL,TEACH,,Build a mechanism-context-consequence sentence,Classified,212ed7a5a44fe597752f75e756c028700e80b75e5b7a80ec3118d8bf2e6418a9
094,16,examples,examples,CORE,TEACH,,Four mixed questions with strategy annotations,Classified,ddd203efef3245c6650277f29b8bff4ab964e83eda16690e8270f01bb881858d
094,17,practice,practice,CORE,PRACTISE,,Strategy retrieval check,Classified,8cd6c908edf4aabc6be32ff0f1012efd436482bc59532a69622ccf528e32899e
094,18,debug,debug,CORE,CHECK,,Repair weak mixed-question approaches,Classified,d387fd03f8c43d63d615a184eae3ce644a394d9d0ae1f59360fd7722f19d01b4
094,19,exam,exam,CORE,EXAM,,Original Cambridge-style mixed review with expandable MS,Classified,f3b38260dc2a9899b9ea8710fdf2ddb9f46ad2831eaf6f5c58ff3b9ff16aa0a0
094,20,summary,summary,CORE,CHECK,,Mixed-question checklist,Classified,ad2f07f473e58ee02c9ccb01f429cc15730e58239ebb64af53ee7594475bb0b2
094,21,homework,homework,AFTER_CLASS,HOMEWORK,,Clear tasks for consolidation,Classified,ad81cd5af80d1d39f64f91f03d9ce34dc4c440279e15b3aebe9229a1815870aa
095,1,overview,overview,CORE,TEACH,,Short answers are not tiny essays. They are marks delivered on time.,Classified,f8e9d112cabdb8484502819f9310b6f5f16c1d055258b0b0390d820dc146257d
095,2,delivery-02,overview,CORE,TEACH,,Why this matters,Classified,de42bec998df09dc67be05f379ed7456b9b39a9ac7acfc5af0c480b372c94633
095,3,hook,hook,CORE,ASK,,How much should you write?,Classified,a1d84ce8917edde0805ad0e1ad5d116735e782e87aa0c46ce1e862d0d07d97ab
095,4,timing,timing,CORE,TEACH,,A practical mark-per-minute model,Classified,625c0e1827249548dc79170c9aa8ad84d64d3a47843dfe864ff29feaf662f50f
095,5,explanation-timing,timing,OPTIONAL,EXTEND,,A practical mark-per-minute model,Classified,e1ea694219099ee2f1929eefa2e9734f887aadd6186f84d7aaa0a09aa5a08637
095,6,quiz,quiz,CORE,TEACH,,Quick retrieval across Paper 1,Classified,c72c19520879a20254753b6823b8c4aa766d7d8020b97f0229813e42c727a8d1
095,7,explanation-quiz,quiz,OPTIONAL,EXTEND,,Quick retrieval across Paper 1,Classified,f57955d104a8e0e4541fcf92fedf2b9503e73fac1ab137d69b50bc1b8ce6af19
095,8,short,short,CORE,TEACH,,"Compress the answer, not the marks",Classified,41269341b6c9ddaa304d333f15dce3b18dba066ab3a563475e897390e8f86404
095,9,explanation-short,short,OPTIONAL,EXTEND,,"Compress the answer, not the marks",Classified,11e2e2fe385d414a505cff54945f79e87d5722fa4f12e65c6b02a33dff9c2886
095,10,marking,marking,CORE,TEACH,,Three checks before moving on,Classified,267dfcb44bf0910f6043ccaca3b3d0d6019ccbfdb13bad1b2c5f7e9a211c1972
095,11,explanation-marking,marking,OPTIONAL,EXTEND,,Three checks before moving on,Classified,a1f0bd713af880c7e401d8e67d57b02884fbc552ca76b9b37fd1211c664d2bd1
095,12,timer,timer,CORE,TEACH,,Run a timed short-answer sprint,Classified,d95b78ec5d19d90ffe8a7ef0e85957d81ed67edc1fe30a7ff213aafa28da23a7
095,13,explanation-timer,timer,OPTIONAL,EXTEND,,Run a timed short-answer sprint,Classified,a5bdeed984c6ea457286ed89f6e7e068ef71286edb303bef30b3f64c4aa90833
095,14,planner,planner,CORE,TEACH,,Estimate a sensible time budget,Classified,dbd8487dd6e19d79bec3bcd871f474a748cf03e9f3d565785e00e3696561694c
095,15,explanation-planner,planner,OPTIONAL,EXTEND,,Estimate a sensible time budget,Classified,6dd06b5d4aac521e2db25d97eadce3ff7fab9ba1238df2dc900704374bf1e445
095,16,triage,triage,CORE,TEACH,,"Decide: answer now, flag, or return later?",Classified,3bb8ab1ff548d7cf35f34c8e8c1227ba112261d840acf222fd51cf627e5cf6bc
095,17,explanation-triage,triage,OPTIONAL,EXTEND,,"Decide: answer now, flag, or return later?",Classified,a6a25c17f85a134f6594515a4ffa10a0ad4c60a48ebe24b0ffa0df52df3a580e
095,18,examples,examples,CORE,TEACH,,Short answers trimmed to the mark value,Classified,4cc6478896947b8e3836c0aaa0cb58784068132db3357541bad4dbadcdd1ad06
095,19,practice,practice,CORE,PRACTISE,,Quick-answer retrieval,Classified,d4762aa01c3428d5c4d66d6b69d1a8e590bed397f935158a30c1ca724e28dca1
095,20,debug,debug,CORE,CHECK,,Repair time-wasting or under-marked answers,Classified,f5a6031e4a3af5cf21d55b9ff1cd79ab60c7b265dfa9d2fde962a4f3ad2b5950
095,21,exam,exam,CORE,EXAM,,Original Cambridge-style timed short-answer set with expandable MS,Classified,c357aa1437260f042a51bf26c69e5ed968047ffd6897452ec93203166918e21b
095,22,summary,summary,CORE,CHECK,,Timed short-answer checklist,Classified,29536067749ac70836577a4cb55e1c7247495e0ea4a7eb8b07ece756054cd25d
095,23,homework,homework,AFTER_CLASS,HOMEWORK,,Clear tasks for consolidation,Classified,95341d8e1316ae2066651131cbb475e9649c321a8b2e6978ad1b8c26e0019142
096,1,overview,overview,CORE,TEACH,,Long answers do not need more words. They need more distinct marks.,Classified,0ae026a365e86a23bef983bb3bfad2791bc828eacbde81b21bf495cb60146ff3
096,2,delivery-02,overview,CORE,TEACH,,Why this matters,Classified,bd3e033af42ccbecbae5c9fec943bf9703cdde80050c1032d85c98ddb710f379
096,3,hook,hook,CORE,ASK,,Which answer structure fits?,Classified,70e0978e434aab619fc371f6a3e4c5ed61f494efd720ce2baf484ef6be94154d
096,4,map,map,CORE,TEACH,,Extended-response topics across Paper 1,Classified,1906ab4fc19763ccd1715ac295183324b1d633be9d04e8d7db8dcbf7652f252d
096,5,explanation-map,map,OPTIONAL,EXTEND,,Extended-response topics across Paper 1,Classified,167951c4287a442fac13b85423611f5df29320486c8df9b17b853d93bc30b28b
096,6,structure,structure,CORE,TEACH,,Three reliable extended-response shapes,Classified,365f19c73d6528ba3063d05243ab2c2869f26a684f2604b0ab96b5095c67c76a
096,7,explanation-structure,structure,OPTIONAL,EXTEND,,Three reliable extended-response shapes,Classified,e2f5813af46230f24ef5dece389644be3deb055e0da82ada1fa897a1ca1b7805
096,8,balance,balance,CORE,TEACH,,"Evaluation is not just ""good and bad""",Classified,df02f35726ac2c64b871df7de4b15c4ef8e41bbb031d882b68d9ec7768fc69b7
096,9,explanation-balance,balance,OPTIONAL,EXTEND,,"Evaluation is not just ""good and bad""",Classified,2416dc337779ef4b0ebab505ff520addc3e3f6464b41bb0f914799650154c53d
096,10,marking,marking,CORE,TEACH,,How extended marks usually appear,Classified,087d1a38b07d44b53db5e0f8299776fe6b8afaaa5a7c0e0ed6d82c2de85b5033
096,11,explanation-marking,marking,OPTIONAL,EXTEND,,How extended marks usually appear,Classified,7d465a4335ee38b52e61fd81310a4f406142d31ea3fda2e4b67144eb9410478c
096,12,planner,planner,CORE,TEACH,,Choose a structure before writing,Classified,6af21b9de31168e1fb5d6687f2674d7072cde7d5dbd7fd6f6f34d2f27994306b
096,13,explanation-planner,planner,OPTIONAL,EXTEND,,Choose a structure before writing,Classified,d336184cfe2eb86ee10932d3c3cddb51673798bfa6efa2001eef8ee163df2afd
096,14,builder,builder,OPTIONAL,TEACH,,Build one developed paragraph,Classified,503b81b14f56eae73307ffa05e8408dfc4267e54174b0832240e88f00b957469
096,15,checker,checker,OPTIONAL,TEACH,,What is missing from the answer?,Classified,5993f5c0a1f4ee8f63f746e90bae39078404685f3653032e2afe655ab22a29db
096,16,examples,examples,CORE,TEACH,,Extended responses with marks annotated,Classified,77227f919e0836ab5ea854a01c5ac78cf1daeb900c60233b996b3b140e23bc8b
096,17,practice,practice,CORE,PRACTISE,,Extended-response planning vocabulary,Classified,0849d2f4fcb2207dd73258d897f121d08212b9d126f24d11c174662b9d4f0c8b
096,18,debug,debug,CORE,CHECK,,Repair weak extended answers,Classified,48da171ac37e28f02512a7f5f0f000a4acd687fde74375f224267bb313a69048
096,19,exam,exam,CORE,EXAM,,Original Cambridge-style extended-response set with expandable MS,Classified,67807d84b524605888a2a7157c249fd75cfb83dede1afab24351e59a3b3e50c1
096,20,summary,summary,CORE,CHECK,,Extended-response checklist,Classified,5cc4d0417001068e0163184c7c6bcedab580ce8d8fb6def9bee0da154dfb8002
096,21,homework,homework,AFTER_CLASS,HOMEWORK,,Clear tasks for consolidation,Classified,894753ecad37f0b1da22eab4d916fb1c3fa36b204a220c4d0fa77939b09eb441
097,1,overview,overview,CORE,TEACH,,"A mock is not a verdict. It is an expensive diagnostic report, so use it properly.",Classified,eeeb0129d33a0c1962ca03801c7969d51dcc71afd0aec8f1aed38bed501dbb8c
097,2,delivery-02,overview,CORE,TEACH,,Why this matters,Classified,9a9362080d67365b9f1b7f3981fceaf97e2192a025082232c07e048d908b715b
097,3,hook,hook,CORE,ASK,,Why was the mark lost?,Classified,fed4dfbe2ed32c21a2817c9e853b9f49f1f3100ee26eca2a35cb23273d523ced
097,4,diagnosis,diagnosis,CORE,TEACH,,Four common sources of lost marks,Classified,a14de7969197919c47e6774bbfccad8a7cdc0b646b8ebd3a6569db554c4fd3fb
097,5,explanation-diagnosis,diagnosis,OPTIONAL,EXTEND,,Four common sources of lost marks,Classified,b78e1d30d7f95a1344b173b60347361a8b516ee62a3df910b670c87c12130895
097,6,clinic,clinic,CORE,TEACH,,The rewrite protocol,Classified,b20b519eac588866b6a402273a73b03b0ad054cb8bff49e0cd2cfe6b4f13d477
097,7,explanation-clinic,clinic,OPTIONAL,EXTEND,,The rewrite protocol,Classified,162e9d307012d24c748f7bc59fc812989573dd8bd003d69c1c902b5e6d4897e7
097,8,coverage,coverage,CORE,TEACH,,Paper 1 correction checklist,Classified,b928ef96a6ae9e6757b49a2c202749f5447fd9174a6f14f3e1d9754466aaa1b4
097,9,explanation-coverage,coverage,OPTIONAL,EXTEND,,Paper 1 correction checklist,Classified,1837a23fd77c0860099c993074e7f1f5e2d029baba9a778100e760c5f280555a
097,10,routine,routine,CORE,TEACH,,How to use the mock after today,Classified,c7d7b0289321cb27dfe832af7423ddc8f60f6e960e2dbeb19b27b68360f8dbc1
097,11,explanation-routine,routine,OPTIONAL,EXTEND,,How to use the mock after today,Classified,35653fe20b571cc2e693a4b93b3db530a23b0798a671fb0f51180817a307def3
097,12,score,score,CORE,TEACH,,Turn a score into a repair priority,Classified,736af0973b4cef92c26019e0a77be6b5671da3138b49e1df25dd026159df3726
097,13,explanation-score,score,OPTIONAL,EXTEND,,Turn a score into a repair priority,Classified,3239740ea454f73a2cc1270762ba3d414d5eec2b2ce16097ba6b39917e9c64a0
097,14,error,error,CORE,TEACH,,Classify the flaw before rewriting,Classified,5947d31ab900349c6b67e49c9b29987836a75a896afb4adc530b234d99199a30
097,15,explanation-error,error,OPTIONAL,EXTEND,,Classify the flaw before rewriting,Classified,a3559eb8a320082b609bb06304a42ec023b77ff23a0107056aa68c0a35aad503
097,16,rewrite,rewrite,CORE,TEACH,,Build a corrected answer sentence,Classified,391c18e37815d2ece31ded4ea55b623a96f9326bed1855dc21fa427cc70c1018
097,17,explanation-rewrite,rewrite,OPTIONAL,EXTEND,,Build a corrected answer sentence,Classified,dba7ff91a529ea02872389918d70e479fd7b5eb2a60879fcc12cff7e7e0e62ec
097,18,examples,examples,CORE,TEACH,,Mock answers repaired with mark evidence,Classified,fa76dea09f587dba71976ed235af4821a730390e82aa88a10d882d46e96bce59
097,19,practice,practice,CORE,PRACTISE,,Correction vocabulary check,Classified,40b58a7bc93c080d930d7601e2de54dad7caa9cca588652fdc3e24050d55888c
097,20,debug,debug,CORE,CHECK,,Repair typical mock-review mistakes,Classified,837b2e25bcee6b4318787e0805c2b05291f4ab80de7ee00213177c15470fbacb
097,21,exam,exam,CORE,EXAM,,Original Cambridge-style correction clinic set with expandable MS,Classified,843da5c52c3dddbff9ca62d305e170d455664fdf6dcb0e2029e79148ea27bc1b
097,22,summary,summary,CORE,CHECK,,Mock correction checklist,Classified,4d7a81658ffff207461b12c1dfea6d65cf61efccacf572bd942771313f0651d3
097,23,homework,homework,AFTER_CLASS,HOMEWORK,,Clear tasks for consolidation,Classified,a5cdb2f77ba2ac130e67e088e57227d5f2bb2659c532c71801e6405db4c75634
098,1,stage2-completion,stage2-completion,CORE,TEACH,,"Algorithms, IPO solutions and identifier tables",Classified,957dc985479578405e5b46879aed4de83e32cbd29081a034c1adeaed9bb4c42d
098,2,explanation-concept,concept,CORE,TEACH,,An algorithm is a solution expressed as defined steps,Classified,88341ddca3f311d2796cf63a1bdb445af51166e6ef9043913cab4a384b52be8b
098,3,stage2-practice,stage2-practice,CORE,PRACTISE,,"Algorithms, IPO solutions and identifier tables: apply and assess",Classified,c03d57d263e4f2ce35cdabd3dded57f7cbf80aa8bafe5e34c72109b033bd8efb
098,4,overview,remediation-v2-stage3-optional-098,OPTIONAL,EXTEND,,"Before writing code, know what goes in, what comes out, and what is allowed to happen in between.",Classified,03fe83007e0a64607921b851214083c0bbabbc6050a1a85d69d7e061e8d8e978
098,5,delivery-02,remediation-v2-stage3-optional-098,OPTIONAL,EXTEND,,Why this matters,Classified,4a127c40ad85708ed674e518b1bb240ea63440321927094c90c0265fbfc393ee
098,6,hook,remediation-v2-stage3-optional-098,OPTIONAL,EXTEND,,The missing tea algorithm,Classified,99119b264834c338e0e3fe8ba6310cf6bb921b04a67576c26292668a1e419192
098,7,concept,remediation-v2-stage3-optional-098,OPTIONAL,EXTEND,,An algorithm is a precise method for solving a problem,Classified,e255aa8ce93a894e2ba81661a0fa4555f93ae2ed1a3ba7b70d78df4d1a2e5d48
098,8,model,remediation-v2-stage3-optional-098,OPTIONAL,EXTEND,,Use IPOC before choosing a representation,Classified,dfd3f037807c074e7c21099193fe57632bced7d451ee2892d0d3adf5115886ac
098,9,explanation-model,remediation-v2-stage3-optional-098,OPTIONAL,EXTEND,,Use IPOC before choosing a representation,Classified,4937e5a5726717a63d437a2aea460f7c6795fd2088f9ef9dca5fb4de25dd5a48
098,10,constraints,remediation-v2-stage3-optional-098,OPTIONAL,EXTEND,,Constraints stop algorithms from wandering off,Classified,e2e0a773a2d6526a129b4e7a93a4869f6208f6b20633f4ee54c439a15ae5857f
098,11,explanation-constraints,remediation-v2-stage3-optional-098,OPTIONAL,EXTEND,,Constraints stop algorithms from wandering off,Classified,846a6ecd5668a06ae57591a7024279ffc2c1d70fbe601c22fbedaec9f09036b2
098,12,classifier,remediation-v2-stage3-optional-098,OPTIONAL,EXTEND,,Identify the design need,Classified,71c89b16690cd6ada5712043465af0ed6b9c3411bcf5a44e1dd92074abb29762
098,13,builder,remediation-v2-stage3-optional-098,OPTIONAL,EXTEND,,Build an IPOC plan,Classified,e3d459396c084a0f7dcba45354a5c366f8b6da427659bf6e7401eb02e31b518c
098,14,examples,remediation-v2-stage3-optional-098,OPTIONAL,EXTEND,,From word problem to algorithm,Classified,d0a367559e5281c1c1db594aa37702ccf3b301ba25e3cf85002d9ba67ae5b005
098,15,practice,remediation-v2-stage3-optional-098,OPTIONAL,EXTEND,,Algorithmic thinking vocabulary,Classified,c73277249da5b88c13c8cd7c170eae9415285c0138be3d3da8f45a15e1fdd410
098,16,debug,remediation-v2-stage3-optional-098,OPTIONAL,EXTEND,,Fix weak algorithm design habits,Classified,011af102827b737bbfb4085225666e2584c93bb901e91d2995edea4702a7218a
098,17,exam,remediation-v2-stage3-optional-098,OPTIONAL,EXTEND,,Original Cambridge-style algorithm thinking questions with expandable MS,Classified,30558a328db01a44db70a2c7e2e8d409e380ccaa00171683e0a289d4040b92e8
098,18,summary,remediation-v2-stage3-optional-098,OPTIONAL,EXTEND,,Algorithm design checklist,Classified,2a482f8cdd57a85005c5e13e214af1ad7e70ce36a28119cc69ca775027d1cbb6
098,19,homework,homework,AFTER_CLASS,HOMEWORK,,Clear tasks for consolidation,Classified,61ab82c2c73f1623822f2804f3426fa9e408f9aecdc8ddeb81fc84d86500c12e
099,1,stage2-completion,stage2-completion,CORE,TEACH,,Abstraction and decomposition into program modules,Classified,2cd95f9587acbdc670a9a3979879675af63197dca20369f37e0ce10176ddac04
099,2,stage2-practice,stage2-practice,CORE,PRACTISE,,Abstraction and decomposition into program modules: apply and assess,Classified,358c0278728096acfb04017ad0c9662385f6e7101751f8c5c09ec2314efe90e5
099,3,overview,remediation-v2-stage3-optional-099,OPTIONAL,EXTEND,,Big problems stop being scary when you give each part a sensible job.,Classified,761e1e0b6bd1ef5424cdb579f23e8fc717f3b501eddab2f289101983d679c9e8
099,4,delivery-02,remediation-v2-stage3-optional-099,OPTIONAL,EXTEND,,Why this matters,Classified,dafe53b48df80648e1d157c7f2289fefa87dad3a3ae9fabfc82488f1e55b2df5
099,5,hook,remediation-v2-stage3-optional-099,OPTIONAL,EXTEND,,Plan a school trip without causing a spreadsheet incident,Classified,efa6cd93dad9470c7f5859b646459efed12c700e2f65725b68601c73e5ecffbb
099,6,decomposition,remediation-v2-stage3-optional-099,OPTIONAL,EXTEND,,Decomposition: split the problem into sub-problems,Classified,78941d086212fef47fcda39eb820532788442497d379d9f6dcaf6cba654650a9
099,7,explanation-decomposition,remediation-v2-stage3-optional-099,OPTIONAL,EXTEND,,Decomposition: split the problem into sub-problems,Classified,1cb0fa51dcbd7b7df4a11458f34daa5ad858c022c79280b3db444bdd3e1e15dc
099,8,abstraction,remediation-v2-stage3-optional-099,OPTIONAL,EXTEND,,Abstraction: keep the details that affect the algorithm,Classified,c8e529fcc596d5cad30e43cff7fead4a1d365b84d80095ca107fdef3fe592624
099,9,explanation-abstraction,remediation-v2-stage3-optional-099,OPTIONAL,EXTEND,,Abstraction: keep the details that affect the algorithm,Classified,af2b6451325fefbd2687fb9eb80d7e4a94b9350700939c4e512615f1236c172e
099,10,pattern,remediation-v2-stage3-optional-099,OPTIONAL,EXTEND,,From scenario to algorithm plan,Classified,28bd899cf064ce2d79ab7b685089b4b2ba69faded7c49458c105c3e188af99ef
099,11,explanation-pattern,remediation-v2-stage3-optional-099,OPTIONAL,EXTEND,,Produce an abstract model,Classified,c0e7cb6a17a3859cf755e6c9e49d7c07199bf30026d625a105913fa7aa791562
099,12,sorter,remediation-v2-stage3-optional-099,OPTIONAL,EXTEND,,Classify the design move,Classified,506d1899d97463588eb570f453c0affba71f95b539076bd0b29731885b06e7d0
099,13,explanation-sorter,remediation-v2-stage3-optional-099,OPTIONAL,EXTEND,,Classify the design move,Classified,43a18b431caa1531bed1ab939b998e485138ddc643d63da22f849093b106cdff
099,14,filter,remediation-v2-stage3-optional-099,OPTIONAL,EXTEND,,Keep or ignore details,Classified,6a354f8fe05e571ae0d07ca824c146a4c1f1a415269c94a53392c4b026c1fd76
099,15,explanation-filter,remediation-v2-stage3-optional-099,OPTIONAL,EXTEND,,Keep or ignore details,Classified,608b8ca2ab974b1433a7d466fab824941355de6a3f9ca6c2ab1c846ae4c82b6d
099,16,builder,remediation-v2-stage3-optional-099,OPTIONAL,EXTEND,,Generate a decomposition plan,Classified,829ead81013208ec23aede7ffd7f82247712a55473cf0e49a8f0eb628b61e5de
099,17,examples,remediation-v2-stage3-optional-099,OPTIONAL,EXTEND,,From messy scenario to clean plan,Classified,f3d3c7c97f00af9651ebd45de1836aa5f272e651aa1841de096baf9f5e37f0cc
099,18,practice,remediation-v2-stage3-optional-099,OPTIONAL,EXTEND,,Decomposition and abstraction vocabulary,Classified,13fc1bbd43800e6a0abd5f0c6ee00b541c061296341f66e4e7ef8e8833a3dd70
099,19,debug,remediation-v2-stage3-optional-099,OPTIONAL,EXTEND,,Fix weak planning decisions,Classified,19a571838921c7fce0cd3e5d641ce05021c2a49690fc7e2ef669d29d9d4d0b9c
099,20,exam,remediation-v2-stage3-optional-099,OPTIONAL,EXTEND,,Original Cambridge-style planning questions with expandable MS,Classified,3129bed3a9011461efbc51010c5eed6b63f78d2fb15d4daed291279986f92806
099,21,summary,remediation-v2-stage3-optional-099,OPTIONAL,EXTEND,,Planning checklist,Classified,b2929d22b13d59efe693e112e58751248f122308a134b93c609db32a0a0607f4
099,22,homework,homework,AFTER_CLASS,HOMEWORK,,Clear tasks for consolidation,Classified,7b67ee2699e84cd5e0e4fdc0e86855f9d21f0b1630dcc2a8385fbc8120802aa2
100,1,stage2-completion,stage2-completion,CORE,TEACH,,"Sequence, selection, iteration and logic statements",Classified,f164b67b87d15c77431973da1c12dad2f9e7400f77ae45b25e528692dd410aeb
100,2,stage2-practice,stage2-practice,CORE,PRACTISE,,"Sequence, selection, iteration and logic statements: apply and assess",Classified,7de3f5eab6c8a221bcaa6ce76d6fd4cc2967affcf940f820cc0983cf50726160
100,3,overview,remediation-v2-stage3-optional-100,OPTIONAL,EXTEND,,"Algorithms are built from three moves: do this, choose that, repeat carefully.",Classified,092e8d4f75a5c8a80e4b00d087579eb1cddf467cb9684662a3669e387ff3c2c9
100,4,delivery-02,remediation-v2-stage3-optional-100,OPTIONAL,EXTEND,,Why this matters,Classified,a49ff84cfdaa6552359505e8202e0cfbfd0adccff886fe354648a095fb3bc27b
100,5,hook,remediation-v2-stage3-optional-100,OPTIONAL,EXTEND,,"Sandwich algorithm, but make it examinable",Classified,63a8210ac22177e03505c64814c87d858309c4662ef9cda061489e04606bf15c
100,6,sequence,remediation-v2-stage3-optional-100,OPTIONAL,EXTEND,,Sequence: steps run in a fixed order,Classified,49bf43927478e89ff8f2813daab9c261525980d5ded8d6a32608db075e363ac0
100,7,explanation-sequence,remediation-v2-stage3-optional-100,OPTIONAL,EXTEND,,Sequence: steps run in a fixed order,Classified,7e805ca907f584d69ade342a38af6a0d215ca1d3facede493100f28a20f94e1e
100,8,selection,remediation-v2-stage3-optional-100,OPTIONAL,EXTEND,,Selection: choose a path using a condition,Classified,ce34bb497e332e09908f4ebd8277db45a27983a6b73487b261e9672cb1bddb7b
100,9,explanation-selection,remediation-v2-stage3-optional-100,OPTIONAL,EXTEND,,Selection: choose a path using a condition,Classified,bc52aa2d603c94dad3a0c96318e4ec231c4e5b14c1a7da4cab8428ebd75caaca
100,10,iteration,remediation-v2-stage3-optional-100,OPTIONAL,EXTEND,,Iteration: repeat steps,Classified,d8556dcb767e6609c8ca8def3680e06efe8635c068423f9d7b13008770379aa8
100,11,explanation-iteration,remediation-v2-stage3-optional-100,OPTIONAL,EXTEND,,Iteration: repeat steps,Classified,400518f7214d949b87a9133459349cb7579d3082f34dc997389e9183f8f74c32
100,12,combining,remediation-v2-stage3-optional-100,OPTIONAL,EXTEND,,Real algorithms usually combine the three structures,Classified,ab0216c1b2a15b780f43523947ee19ac9349b6c1861cd7e5928993919d796ab2
100,13,explanation-combining,remediation-v2-stage3-optional-100,OPTIONAL,EXTEND,,Real algorithms usually combine the three structures,Classified,17a5cbe973885c0c99d0b466bfa2f3ef4e9e0b78c6e4a51bdcaabe4e650f1e78
100,14,pseudocode,remediation-v2-stage3-optional-100,OPTIONAL,EXTEND,,Cambridge pseudocode is the exam form; Java is support only,Classified,d6c6d40b9fe208bc2f7d851c164b003f2aec9c4422ce28c27d85b203b4982489
100,15,explanation-pseudocode,remediation-v2-stage3-optional-100,OPTIONAL,EXTEND,,Cambridge pseudocode is the exam form; Java is support only,Classified,c9d9a292e80d37f416f553b77a24097f503d0e751319bbf6bff8abf8cf8b9cb2
100,16,classifier,remediation-v2-stage3-optional-100,OPTIONAL,EXTEND,,Choose the control structure,Classified,aaec393cc785a173192f62b12860ff5b132097493f9321a520f892b7ec6252b9
100,17,builder,remediation-v2-stage3-optional-100,OPTIONAL,EXTEND,,Generate a Cambridge-style outline,Classified,73f0eaeafefdb5b6750c8c38b7af46dc704cfb30cb1f21a9d989b6093b30a7cb
100,18,examples,remediation-v2-stage3-optional-100,OPTIONAL,EXTEND,,Recognise and combine structures,Classified,96b01fc9d1b3ead67b7620a4de2752cc0dd5daf253b18089a0330a6941f923c9
100,19,practice,remediation-v2-stage3-optional-100,OPTIONAL,EXTEND,,Control-structure decisions,Classified,d6cef2b67978668ac8f0f09214ca85e83e6b0b4253a10b3ee6b060a085f27387
100,20,debug,remediation-v2-stage3-optional-100,OPTIONAL,EXTEND,,Fix weak structure choices,Classified,c450df5cb5fce1995b707b459f6d44dc1cb122ee1e00dfe94d43a9e5b19646c7
100,21,exam,remediation-v2-stage3-optional-100,OPTIONAL,EXTEND,,Original Cambridge-style control-structure questions with expandable MS,Classified,2f5c4e1bda9699fd92d2f2c206384b875dff2ab7bcae197a12a94d24d2ecf9ce
100,22,summary,remediation-v2-stage3-optional-100,OPTIONAL,EXTEND,,Control-structure checklist,Classified,1e646b247eeb47802eb6da857d6957a1608a88cf149c09877ecb2b4872734cd5
100,23,homework,homework,AFTER_CLASS,HOMEWORK,,Clear tasks for consolidation,Classified,31e0eb86a9cf619443bc2644d26c8c1a67342d2020eacb267afd427e2f497f12
101,1,stage2-completion,stage2-completion,CORE,TEACH,,"Structured English, flowcharts and pseudocode conversion",Classified,2e44e48532e29d07ebbf27fa3d25f8a4db5b7adac5c31bcdb6ae09d60034da12
101,2,explanation-flowcharts,flowcharts,CORE,TEACH,,Flowcharts use symbols to show control flow,Classified,aca8109879b0f7fa445b91a6e0e7005e9d13f2fb0051fd0653880061d2586988
101,3,explanation-equivalence,equivalence,CORE,TEACH,,A diamond becomes IF...THEN...ELSE,Classified,b9ec47d3d95b7406ae34aaf6e4fb932d5a79065d48694387372fd4b0ae5d3de1
101,4,stage2-practice,stage2-practice,CORE,PRACTISE,,"Structured English, flowcharts and pseudocode conversion: apply and assess",Classified,763869abfa27ce7ba1e4b26e7057cd65f5e395798593f4f600515a21970ed28f
101,5,overview,remediation-v2-stage3-optional-101,OPTIONAL,EXTEND,,"Same algorithm, two notations: one draws the route, one writes the instructions.",Classified,1a30c23d7042464f1338bb6cbc6a97669fc6c2f14bbe7f1b90794398e94007fb
101,6,delivery-02,remediation-v2-stage3-optional-101,OPTIONAL,EXTEND,,Why this matters,Classified,ea57436c7f45abdd9708a494ff5674e638eaca5067cb5a28c2a3c91b2043997a
101,7,hook,remediation-v2-stage3-optional-101,OPTIONAL,EXTEND,,The vending machine is not impressed by vague arrows,Classified,3761f916966cd4e64eba56db7b15ef387d461d33a988952661bb90ec6a3bc1a3
101,8,flowcharts,remediation-v2-stage3-optional-101,OPTIONAL,EXTEND,,Flowcharts use symbols to show control flow,Classified,080e24fd8065335d9c122f30ae580dab9f7a2a90fc4b0bcf33cac3f3ca688d34
101,9,pseudocode,remediation-v2-stage3-optional-101,OPTIONAL,EXTEND,,Cambridge-style pseudocode uses structured keywords,Classified,83a86e495b53fd5f2db91bc3a25dd5f0177799e42fc20414083ab4f827189370
101,10,explanation-pseudocode,remediation-v2-stage3-optional-101,OPTIONAL,EXTEND,,Cambridge-style pseudocode uses structured keywords,Classified,50cf40c61f64144baa642942a6af4793f3e226af7b92c6d6b1169136262716a7
101,11,notation,remediation-v2-stage3-optional-101,OPTIONAL,EXTEND,,Readable notation earns marks more easily,Classified,92d98e19062a2b4a1153c93a0c8003eed424c0333fa527cffd0d9572c7897012
101,12,explanation-notation,remediation-v2-stage3-optional-101,OPTIONAL,EXTEND,,Readable notation earns marks more easily,Classified,5678bb1d19b95ccce104d3136ebf9b4b23f9377f66d5cb5295c714871870ee98
101,13,equivalence,remediation-v2-stage3-optional-101,OPTIONAL,EXTEND,,A diamond becomes IF...THEN...ELSE,Classified,5ccac63343075cae71868bb537db65fc751fd2b461442e37c372d30fd9723c55
101,14,symbol-tool,remediation-v2-stage3-optional-101,OPTIONAL,EXTEND,,Choose the correct flowchart symbol,Classified,91d4e4dff8b5c830f66462e17e938a7635be75606ebd0c5e626469453502382a
101,15,explanation-symbol-tool,remediation-v2-stage3-optional-101,OPTIONAL,EXTEND,,Choose the correct flowchart symbol,Classified,8fd527eaa58ff0595005f827ef0a48a54b816bb61817b54c3daa81e16e2589ba
101,16,structure-tool,remediation-v2-stage3-optional-101,OPTIONAL,EXTEND,,Match scenario to pseudocode structure,Classified,9c3c17092e517e969fff696cb9d01eaa95f629dddbfe05e5bfe781744128a6d9
101,17,explanation-structure-tool,remediation-v2-stage3-optional-101,OPTIONAL,EXTEND,,Match scenario to pseudocode structure,Classified,6247ba47adc6089260e4e587aabc9ab58fa629f12050cfe8edb1e86d58ed67b0
101,18,converter,remediation-v2-stage3-optional-101,OPTIONAL,EXTEND,,Convert a flowchart pattern into pseudocode,Classified,b11d8ebf6dc98e705594b3fd19c02efac99f74a5c8d0c677bc56566fe47e3656
101,19,examples,remediation-v2-stage3-optional-101,OPTIONAL,EXTEND,,Notation choices in common problems,Classified,54f0f0cbe1139555c22c6931a70a7bc49ce5876d7e8a473bc68bd17d05c2ade1
101,20,practice,remediation-v2-stage3-optional-101,OPTIONAL,EXTEND,,Flowchart and pseudocode notation,Classified,0a7469ba7450b1772a766f502f5783b9dd7c40e7c04fa21e126862b62bb7a670
101,21,debug,remediation-v2-stage3-optional-101,OPTIONAL,EXTEND,,Fix notation mistakes,Classified,33ae383bdf91f36737b88da250cd4563f8bc7c85bb5d2540b7eb4ef208154edb
101,22,exam,remediation-v2-stage3-optional-101,OPTIONAL,EXTEND,,Original Cambridge-style notation questions with expandable MS,Classified,0d5aa37aae25493982393d88acb1ebdff2fd7a8bd043467af32fba6710c8c08b
101,23,summary,remediation-v2-stage3-optional-101,OPTIONAL,EXTEND,,Notation checklist,Classified,1e782cdaa86dd101c57087a14905a9e62efab0cdc1feea4473084440fea3de85
101,24,homework,homework,AFTER_CLASS,HOMEWORK,,Clear tasks for consolidation,Classified,87b92a6b9a8f728e795081717ba10b2ea39e27265a0de84e07956b2f467e0940
102,1,overview,remediation-v2-stage3-optional-102,OPTIONAL,EXTEND,,A trace table is the algorithm's receipt: every variable change must pay rent.,Classified,6d4d6be192c77da435f1ac5b5df89618418c42f64165205327abd2fcb9bb790d
102,2,delivery-02,remediation-v2-stage3-optional-102,OPTIONAL,EXTEND,,Why this matters,Classified,0547fc8b90c8d633dbf22f363c7166765ef7f03eba444541d8a897660455e889
102,3,hook,remediation-v2-stage3-optional-102,OPTIONAL,EXTEND,,The coffee shop total that keeps changing,Classified,fb8bf454cb6bd8bd6c7051b6dfc91472f51edec8b8bd5510ec276e7eba59fb41
102,4,trace-table,remediation-v2-stage3-optional-102,OPTIONAL,EXTEND,,A trace table records variables after each change,Classified,1822f8979052161858c3ff2ae26fefcbeb91378337ac54da0db5a643f29a0c5e
102,5,explanation-trace-table,remediation-v2-stage3-optional-102,OPTIONAL,EXTEND,,A trace table records variables after each change,Classified,35d0aa63f027ce80ea278fc9d75b7a1269305a0aed1711c325bddc2b3edfe6dd
102,6,dry-run,remediation-v2-stage3-optional-102,OPTIONAL,EXTEND,,Dry run: execute the algorithm by hand,Classified,767041eab9787e9608ed35a226aee535aff2186d5a467f782b2bf75d32c9d18f
102,7,explanation-dry-run,remediation-v2-stage3-optional-102,OPTIONAL,EXTEND,,Dry run: execute the algorithm by hand,Classified,ec47a7f2fed30564dff48d63b0dee6228bebaeb237332cf6bcf628c3114e90f8
102,8,loops,remediation-v2-stage3-optional-102,OPTIONAL,EXTEND,,Loops make trace tables useful and slightly unforgiving,Classified,4f32bcfe2beeecc41e99bf80895192f92f52dc9fe62392cb84ff32c5d90866cf
102,9,explanation-loops,remediation-v2-stage3-optional-102,OPTIONAL,EXTEND,,Loops make trace tables useful and slightly unforgiving,Classified,c2de782af1772e094c487e7f4f5cb668829a6f99738bbd0cdca44fb9ff17cf85
102,10,pseudocode,remediation-v2-stage3-optional-102,OPTIONAL,EXTEND,,Trace Cambridge pseudocode in the exam; Java is only a support view,Classified,4155b1deac3f745096621558fca128a344868a3d1e64f57cbfe9f6f9c7a2a5a4
102,11,explanation-pseudocode,remediation-v2-stage3-optional-102,OPTIONAL,EXTEND,,Trace Cambridge pseudocode in the exam; Java is only a support view,Classified,270433c6cd139992c32a98aa6175bfc7bfd78e60fa97b1391caa66bd1b86676e
102,12,predictor,remediation-v2-stage3-optional-102,OPTIONAL,EXTEND,,Predict the final output,Classified,d96a768ffa7a5c314ade90b579b25b97da0987bc4de359e8015fc0673e1eb8ce
102,13,explanation-predictor,remediation-v2-stage3-optional-102,OPTIONAL,EXTEND,,Predict the final output,Classified,6009d9ece7355bc1ad87fe0081e656499859a4b71667984bf94755b4f5cfcb08
102,14,builder,remediation-v2-stage3-optional-102,OPTIONAL,EXTEND,,Build the trace table rows,Classified,c161eb9c48ef05e69f45bd4230573fb8e5fceadf5b01dcbcb38a12f6c6314159
102,15,checker,remediation-v2-stage3-optional-102,OPTIONAL,EXTEND,,Find the first wrong row,Classified,aca602d8c6c89d9a13e9549cbc06deafc415737f3ea79d77141a1de54bdd2279
102,16,examples,remediation-v2-stage3-optional-102,OPTIONAL,EXTEND,,Trace common Paper 2 patterns,Classified,5017c8f5be04af7cdb9f0ace34382cb44f9174b84956fa5ca33264528850023b
102,17,practice,remediation-v2-stage3-optional-102,OPTIONAL,EXTEND,,Trace table and dry-run accuracy,Classified,32f1f971f1b2775c0669e918034ac8a94913938d984bf5c84fec079d0eec4170
102,18,debug,remediation-v2-stage3-optional-102,OPTIONAL,EXTEND,,Fix trace-table mistakes,Classified,1294be2992e9694e70144c608a4fd6d1f505707a6610826fc84fb5f41233c455
102,19,exam,remediation-v2-stage3-optional-102,OPTIONAL,EXTEND,,Original Cambridge-style trace questions with expandable MS,Classified,a42c66f9c799a903932c1f622a595637d8317712c2cfff3e11d3dcc8b9e948d1
102,20,summary,remediation-v2-stage3-optional-102,OPTIONAL,EXTEND,,Trace-table checklist,Classified,a48aeddb6e8dc624239cc38a3802043eb76c6e08e8a6eaf7a992d3dcc15e0732
102,21,homework,homework,AFTER_CLASS,HOMEWORK,,Clear tasks for consolidation,Classified,0cee696d139d5722fb0166424296b4b46cdc5cfc028d4ecbb366b5588fe304fc
103,1,overview,overview,CORE,TEACH,,Validation is the polite bouncer at the algorithm door.,Classified,fb628d79a90a8676bd3f07d111d0aa6118c2d01bb25896d9d491490f052f1cb1
103,2,delivery-02,overview,CORE,TEACH,,Why this matters,Classified,0ed35a0eda96551fa53e3712b4dd25028bc764b1f8d6fbc9815291cbc233a3d7
103,3,hook,hook,CORE,ASK,,The school form that accepts age 900,Classified,c32b66166f2db3da306e1f0b2e4fe98202e1851fecd8200767b550acb198a9e3
103,4,validation,validation,CORE,TEACH,,Validation checks whether input follows a rule,Classified,9b2ebbcbe8ce6827195aec25d0468a86c4e471ff9f3085c9893fda790db57d1a
103,5,explanation-validation,validation,OPTIONAL,EXTEND,,Validation checks whether input follows a rule,Classified,c872091d3ecbcb02fafbdfe34ee13b410b15d71a4442cbf4cc7311866d9b7fdb
103,6,checks,checks,CORE,TEACH,,Match the rule to the risk,Classified,a973837c6046e6c50098e46ee7187af5af53182c38e3073a33544c2d733e49e8
103,7,explanation-checks,checks,OPTIONAL,EXTEND,,Match the rule to the risk,Classified,4e638ebac9f03a7e94d6940c1d092315c75c4383b9b18124a9d05ca6cbaa5050
103,8,defensive,defensive,CORE,TEACH,,"Reject bad input, then ask again",Classified,97729c4c6f77f1ac75f2137febbe04154bf2daa8475935445783c8dcfa306011
103,9,explanation-defensive,defensive,OPTIONAL,EXTEND,,"Reject bad input, then ask again",Classified,b830ece440fa53dfb93f701f11e4652982627d8698dc20ef078645478467c5e5
103,10,pseudocode,pseudocode,CORE,TEACH,,Use Cambridge-style validation loops in the exam,Classified,c1a3a57905ce2364c4c8a1a915fc40dcc2207ad0387dbd8b3eeeef826fe323c6
103,11,explanation-pseudocode,pseudocode,OPTIONAL,EXTEND,,Use Cambridge-style validation loops in the exam,Classified,a356d2c9388cba6eeba543171d5b7142ce59e27c02755f8502f0d8156245e521
103,12,classifier,classifier,OPTIONAL,TEACH,,Choose the validation type,Classified,d6ab1a67ba728b65c0c92ddd53756f2241afedf1709c58722ca191af83ff96d8
103,13,tester,tester,CORE,TEACH,,Test a mark against 0-100,Classified,1d26f542fc6509a03f1d7da245e7b375e9ab875508db1f4e12c3f929a8bb0553
103,14,explanation-tester,tester,OPTIONAL,EXTEND,,Test a mark against 0-100,Classified,46fbf7c36a63af160723cf4b5224e5b0a782d29b4f3786d3c83445f5f732258d
103,15,builder,builder,OPTIONAL,TEACH,,Generate a Cambridge-style validation loop,Classified,67b29a63d534145b5b0c4113e74986d3431f7e442081a1e4dde166e804d04381
103,16,examples,examples,CORE,TEACH,,Validation patterns,Classified,bd0bc63df4e4bd18dae5b02c55a670dad2d29f51ad025b0dfa70092257637b3c
103,17,practice,practice,CORE,PRACTISE,,Validation precision,Classified,f032c32dff9ea19b8ce471b490d59c920f8c1ae3b382af14b691bae8d606984c
103,18,debug,debug,CORE,CHECK,,Fix validation mistakes,Classified,8c83d544fe91482aaf6d8fd7e7b6b2a97699cb5aabe50461c86ca48eb74c33e4
103,19,exam,exam,CORE,EXAM,,Original Cambridge-style validation questions with expandable MS,Classified,5673992f4503578c982ab20e8143e32d16aec314c34fd01ce93c3d991b18a20c
103,20,summary,summary,CORE,CHECK,,Validation checklist,Classified,37efa17e90777c8bd293a38cfae3606bcddc277619a8c5ff5159d042225d12c0
103,21,homework,homework,AFTER_CLASS,HOMEWORK,,Clear tasks for consolidation,Classified,9590fb7e19ee7fd89a5dc5d3322f11a9cecb1875971789ab5d8fdaac3f626cfe
104,1,stage2-completion,stage2-completion,CORE,TEACH,,Array-based linear search and bubble sort,Classified,e3cdd332a0e88d52184ce0624b4c2559f25fe0c4874926732b234189f96789ed
104,2,explanation-linear,linear,CORE,TEACH,,Linear search checks each item in order,Classified,e84853fdf46fc14eb2a39f194062ecf542a5379c1f4335ee04fa5946a23e35b5
104,3,stage2-practice,stage2-practice,CORE,PRACTISE,,Array-based linear search and bubble sort: apply and assess,Classified,caa823d9fcf5f98cf1a33ad550103023219e03466215215764beb20e4c70abf0
104,4,overview,remediation-v2-stage3-optional-104,OPTIONAL,EXTEND,,Linear search checks politely from the front. Binary search cuts the queue in half.,Classified,a6eec5c0d82bdf3cb2f571c628fd46715eef4514f87f4ae8c2e3c44817e0a671
104,5,delivery-02,remediation-v2-stage3-optional-104,OPTIONAL,EXTEND,,Why this matters,Classified,b2d43afa335c0260bf80d37da9d5724c37597c23e71e513406b3521990525bc3
104,6,hook,remediation-v2-stage3-optional-104,OPTIONAL,EXTEND,,Find the exam paper in a pile,Classified,40bee12e80d8c7aaa5bf444060d91f3a1ad4090d5254539ff37b3ee289fab3e5
104,7,linear,remediation-v2-stage3-optional-104,OPTIONAL,EXTEND,,Linear search checks each item in order,Classified,0ebd7a111cd086187a03b21cc790b0f2a43df6e67893f19b986f4d2fea48d128
104,8,binary,remediation-v2-stage3-optional-104,OPTIONAL,EXTEND,,Binary search repeatedly halves a sorted list,Classified,d2cb54b7de1c642cd514cfe00c4014ed61c628f54fc404eeb80692039405a96a
104,9,explanation-binary,remediation-v2-stage3-optional-104,OPTIONAL,EXTEND,,Binary search repeatedly halves a sorted list,Classified,394a2038ed922b213b8dbfded61d3644aa39aa59652155286af571b912889e9e
104,10,compare,remediation-v2-stage3-optional-104,OPTIONAL,EXTEND,,Choosing the right search,Classified,0718b0b8cd1ccefcfea45ba84f7fb17f8ecb28c2922560cfc13d9eed21d5c7a6
104,11,explanation-compare,remediation-v2-stage3-optional-104,OPTIONAL,EXTEND,,Choosing the right search,Classified,87211ad4d9cca7bb4deb9464c0ba86a83cd07ad39319b8a124579fee1df54edb
104,12,pseudocode,remediation-v2-stage3-optional-104,OPTIONAL,EXTEND,,Cambridge pseudocode is the exam format,Classified,d637a3685d82fa4debe528f5caa3846e7ca5ad6d88b552b78ae233355862e89e
104,13,explanation-pseudocode,remediation-v2-stage3-optional-104,OPTIONAL,EXTEND,,Cambridge pseudocode is the exam format,Classified,7ba636757d409eb85c36a55531593a9a993c254a746e75dfc9363bd2eda4b99a
104,14,classifier,remediation-v2-stage3-optional-104,OPTIONAL,EXTEND,,Pick a suitable search method,Classified,c966d0a3b97a2b96c3eea6fddd8298d76755d58068193fdb980546aeb1cf8b65
104,15,linear-tool,remediation-v2-stage3-optional-104,OPTIONAL,EXTEND,,Trace linear search,Classified,06277f1e23e29eeb7baa435ce76680571315c5b2240f9e017ccb5c136c026715
104,16,explanation-linear-tool,remediation-v2-stage3-optional-104,OPTIONAL,EXTEND,,Trace linear search,Classified,11b5241605fc3f174bfbbbdf5adad00f3307868864cceeee00ad3bcf43d150a5
104,17,binary-tool,remediation-v2-stage3-optional-104,OPTIONAL,EXTEND,,Trace binary search on sorted data,Classified,5a6c8488dfadac0d2580412a6336dcd43d67c302ea826ecc896a7be8b117572f
104,18,explanation-binary-tool,remediation-v2-stage3-optional-104,OPTIONAL,EXTEND,,Trace binary search on sorted data,Classified,5c1e19b86bab4e9c70599745b455078eaa283a08d2687658dbb62ea3db8ff9e1
104,19,examples,remediation-v2-stage3-optional-104,OPTIONAL,EXTEND,,Search traces,Classified,878d85b66e66415ecd7e8a67d6f57e1ddd8d65f74bb35f2e5d7e5ac8632fec8c
104,20,practice,remediation-v2-stage3-optional-104,OPTIONAL,EXTEND,,Searching accuracy,Classified,bfb5e748d060a953ce05cefb64d793e9fbb73948cb99297f658e113516c39e2c
104,21,debug,remediation-v2-stage3-optional-104,OPTIONAL,EXTEND,,Fix search mistakes,Classified,13308f2186252a58b4a149636120060b7c8ebee56bc0f439e978128f2082cdd7
104,22,exam,remediation-v2-stage3-optional-104,OPTIONAL,EXTEND,,Original Cambridge-style search questions with expandable MS,Classified,43f8873246287d14481d7b00713c23b54138118ab86b0e1adeaa1795a95278e9
104,23,summary,remediation-v2-stage3-optional-104,OPTIONAL,EXTEND,,Search checklist,Classified,922861bad4c6eff5dc6cee26ed8b6666a9e61a9cdf8164e4e66572d785654257
104,24,homework,homework,AFTER_CLASS,HOMEWORK,,Clear tasks for consolidation,Classified,5a921f10b4ce9ab92ef6cec471a20928773b1c331ced658744d5dc2dac9164b2
105,1,stage2-completion,stage2-completion,CORE,TEACH,,Write linear-search and bubble-sort algorithms,Classified,b762d5b042b5fa855aebb66f32e5b25b4ccf2e8de392065f501ec4a8bc3a9a7d
105,2,explanation-bubble,bubble,CORE,TEACH,,Why bubble sort repeats adjacent comparisons,Classified,535cc183fd989642b45f36275590f3ea185004d1fc1c055f1a1c6434b45607bb
105,3,stage2-practice,stage2-practice,CORE,PRACTISE,,Write linear-search and bubble-sort algorithms: apply and assess,Classified,173204939030a70209fe65b41a6fd0142b41c2fbf52b4ce76009c057377ba9c2
105,4,overview,remediation-v2-stage3-optional-105,OPTIONAL,EXTEND,,Sorting algorithms apply a defined sequence of comparisons and movements.,Classified,f8d34bf1f5c9f57a4754eed33b834a9ba4beb897c441024b93849fd54d4cee1b
105,5,delivery-02,remediation-v2-stage3-optional-105,OPTIONAL,EXTEND,,Why this matters,Classified,f62a602ea2c4082959d2578f8093e5048504df596ce59f93a7d68a1e5a43e01d
105,6,hook,remediation-v2-stage3-optional-105,OPTIONAL,EXTEND,,"Four cards, two legal ways to tidy them",Classified,e833262d91032566235868bc1d4fabd553a0719c2ac2a263bb73f408a7096e99
105,7,bubble,remediation-v2-stage3-optional-105,OPTIONAL,EXTEND,,Bubble sort: compare adjacent items and swap if needed,Classified,b4282aae045583a4b5b6b617019a52cba0bb14344b9a35fbb8db6b811a82aa25
105,8,insertion,remediation-v2-stage3-optional-105,OPTIONAL,EXTEND,,Insertion sort: insert the next item into the sorted left section,Classified,641169e9bfd7b44c40d4113c2aaaf4650a0becf8530dc09cefc54ff383f350ed
105,9,explanation-insertion,remediation-v2-stage3-optional-105,OPTIONAL,EXTEND,,How insertion sort grows a sorted region,Classified,66aa34a062a91b5835a71d4b0dfdc18c6ca4faa04b458e2aeddd42c63c76d565
105,10,compare,remediation-v2-stage3-optional-105,OPTIONAL,EXTEND,,"Same final list, different route",Classified,50270427853d802cc4b17b393a4048470890284829ec5e15ccb23f17bbbb6981
105,11,explanation-compare,remediation-v2-stage3-optional-105,OPTIONAL,EXTEND,,Why the sorts move data differently,Classified,569dfb225ad87ac1e8bd5692c03dc6cda06f6ecab8011d86350487b471a2a823
105,12,pseudocode,remediation-v2-stage3-optional-105,OPTIONAL,EXTEND,,"Trace Cambridge-style algorithms, not Java syntax habits",Classified,dc0aaeab84175d9eee8635739d2aebcc8b721189d1e4281f2841da1c53b25e11
105,13,explanation-pseudocode,remediation-v2-stage3-optional-105,OPTIONAL,EXTEND,,Why a trace follows state,Classified,06b10a606306109d885b6431a848610a80559171a4b28a1c0974f72102c3d8a5
105,14,chooser,remediation-v2-stage3-optional-105,OPTIONAL,EXTEND,,Identify the method from the movement,Classified,c2d895f97f7be54aaacd41327a252b46ca8825c41e4d68bb6322b6bb038cd2a9
105,15,bubble-tool,remediation-v2-stage3-optional-105,OPTIONAL,EXTEND,,Trace one full bubble pass,Classified,a448bb8a20854de2333af1293c21e168158be42a379584bc8556a6a783714c47
105,16,insert-tool,remediation-v2-stage3-optional-105,OPTIONAL,EXTEND,,Trace insertion sort movements,Classified,f0f1c3d77b8d276f552cec2ff531274b369b5024e2f04503c1c73ffbfcea2042
105,17,examples,remediation-v2-stage3-optional-105,OPTIONAL,EXTEND,,Sorting traces,Classified,9e97bea039a23c1f586e8d7ab37022e578ab37af8a0f5aa3bad6abd2ffefdb85
105,18,practice,remediation-v2-stage3-optional-105,OPTIONAL,EXTEND,,Sorting trace accuracy,Classified,f2d7acf9510471cda3a4c052f7a86e2d399185b2b5d6660f8d1d0bb2eb1fc54d
105,19,debug,remediation-v2-stage3-optional-105,OPTIONAL,EXTEND,,Fix sorting mistakes,Classified,f89e06b86c5cccb4defd2f11741421db7fc22517ca4fa9ef464b882418dbdda1
105,20,exam,remediation-v2-stage3-optional-105,OPTIONAL,EXTEND,,Original Cambridge-style sorting questions with expandable MS,Classified,705e307c37628dc93ad5ddb2b93ac117f84efebabe79171c5d2f7d7abdcc3423
105,21,summary,remediation-v2-stage3-optional-105,OPTIONAL,EXTEND,,Sorting checklist,Classified,fb3eb125407cad28621c42635ba8f9a79321615ebbb15a248fb946119c101c10
105,22,homework,homework,AFTER_CLASS,HOMEWORK,,Clear tasks for consolidation,Classified,cb1c7ab0d759491eb8b4657e1f03ac75b986a875ac179fc2e0803e6ec31c361f
106,1,overview,overview,CORE,TEACH,,"Algorithms remember things. Sadly, only if you initialise the memory first.",Classified,0e6c6497d96a3df5ce6b63e8d10e633227030f517b8ed6f6f767db2a5d22e979
106,2,delivery-02,overview,CORE,TEACH,,Why this matters,Classified,37085430afd7e7c6fc77f4f039c653e5135ccd256e0ba37322ca6b1cec48e2c5
106,3,hook,hook,CORE,ASK,,The class scoreboard is not psychic,Classified,6aef744c710cb380d6a4134632553fa140f0e3723432683dac246f4508229923
106,4,patterns,patterns,CORE,TEACH,,Four running-value patterns,Classified,3abadbba01bc9d4f05e84d2cdb09cbf961bbe3e7afab82209161a4615663c05b
106,5,explanation-patterns,patterns,OPTIONAL,EXTEND,,Four running-value patterns,Classified,1c5e7da1aba0f6d565fc820c3686a9db6c805951b991e413407dfeb73c1446ca
106,6,initialise,initialise,CORE,TEACH,,The starting value decides whether the algorithm is honest,Classified,aac9fb65a2dda4abe875319f6516cf6739adb48e4075a8abc3a7ca101979e103
106,7,explanation-initialise,initialise,OPTIONAL,EXTEND,,The starting value decides whether the algorithm is honest,Classified,f3d03eb4ea616fbf0dc8a85a3bc653dd71ec4483fa9372ca421051a59b4180b9
106,8,fixed,fixed,CORE,TEACH,,"When the number of values is known, use a count-controlled loop",Classified,bc2ded30b33106db8a9b266f95680abde95a9606b3c9c1db4b02fa8372e979e4
106,9,explanation-fixed,fixed,OPTIONAL,EXTEND,,"When the number of values is known, use a count-controlled loop",Classified,b4beb7e095693018ad29fd2bb4288203c7787a615970eb5dc8912d18c86ebb47
106,10,sentinel,sentinel,CORE,TEACH,,"When input stops on a special value, do not process the sentinel",Classified,682b2b82514dd17f1934d59a2eec61c62bc44deca03fc597c8036a215e087dc2
106,11,explanation-sentinel,sentinel,OPTIONAL,EXTEND,,"When input stops on a special value, do not process the sentinel",Classified,dea13e75ab51b40bb4f33d0ae8058df513c4e77d3140c5e07e6dfc0190ab32b0
106,12,pseudocode,pseudocode,CORE,TEACH,,Use Cambridge assignment and loop keywords in exam answers,Classified,bfed97584efc7ec76db3b5e18d1022fdf3ab1ce56b7872c274e10fbb388f60c8
106,13,explanation-pseudocode,pseudocode,OPTIONAL,EXTEND,,Use Cambridge assignment and loop keywords in exam answers,Classified,8ca9b4adecc64732e212b0ecd8ea750a7ccaeab7fb05617aa07b72551d78ccb9
106,14,chooser,chooser,OPTIONAL,TEACH,,Match the task to the running-value pattern,Classified,19f97c51237d81961137a8c12647c326e8b28654137145b97da966b3a2ff5a62
106,15,trace-tool,trace-tool,CORE,TEACH,,Watch running variables change,Classified,8ad42ee4fbcba0b3009f9199002648194fb60d7893362151c4dea3fbd2c19cf5
106,16,explanation-trace-tool,trace-tool,OPTIONAL,EXTEND,,Watch running variables change,Classified,5f62b364fda2de4fe8dd106fbb669f9416e74bd20b44a10b1cc500458c23f2af
106,17,examples,examples,CORE,TEACH,,Accumulator traces,Classified,d522995decbb8c2b91767db9376c89a358196671ebef2245d0a3ed8e455d0971
106,18,practice,practice,CORE,PRACTISE,,Running-value precision,Classified,545c3e4efd81c4fd1ed7edfda1a9c8b81849cc1c004a82489411fd2d2fa9e813
106,19,debug,debug,CORE,CHECK,,Fix accumulator mistakes,Classified,3ec06ca23675a02d7e0775db66e92dbc64600b6d4578ede45a9154dbdab74380
106,20,exam,exam,CORE,EXAM,,Original Cambridge-style accumulator questions with expandable MS,Classified,627e4887d3862ea6d371f475edb62fb22f869696d8d140d86321f7937c6ad5a2
106,21,summary,summary,CORE,CHECK,,Accumulator checklist,Classified,0ce7195f864a5a23353c7b7e4c22fb37ba5baf93b2d45e784be8262525c11fba
106,22,homework,homework,AFTER_CLASS,HOMEWORK,,Clear tasks for consolidation,Classified,2d2ecc0b92b0083230e74f229584c9e727eb354602c985ed9fdd003782081c3e
107,1,overview,overview,CORE,TEACH,,A string is a sequence of zero or more characters.,Classified,e525ffeb29c96c7b4518aafa938ccb5652f9cbafdea088569a7417207f337d6e
107,2,delivery-02,overview,CORE,TEACH,,Why this matters,Classified,5273c4b9d2db81d80e1c3d410c068440e94ac6f8ef19f4aee997cd3d440282ab
107,3,hook,hook,CORE,ASK,,Which letter does the algorithm inspect first?,Classified,7eb4a87e158985878201251ca0c28e73ee259b60e25ba9e48d85bb343f5d38e5
107,4,model,model,CORE,TEACH,,"A string algorithm needs position, character and stopping point",Classified,24c27f544056a12c7296051ec5f12063603e5804b1d7042a4c4623942cdb3878
107,5,explanation-model,model,OPTIONAL,EXTEND,,"A string algorithm needs position, character and stopping point",Classified,977be15645de856888d3f9d6ebdae9d4579f5f393d3fb64dbeb8bc1f874e307b
107,6,patterns,patterns,CORE,TEACH,,Most AS string algorithms are four familiar patterns,Classified,7aa75bac8906d523952472ba5320119c78596b81b222975d8d31a1751fb3a552
107,7,explanation-patterns,patterns,OPTIONAL,EXTEND,,Most AS string algorithms are four familiar patterns,Classified,53dec3cb5eb4992c90373d986f104e450f63c87d1d41b2b207490ae7b9f23ddd
107,8,trace,trace,CORE,TEACH,,"Trace the current character, not just the final result",Classified,90900e2570f5cdf33df9d3fc23df9fcc09ea308e66e563730710699cd3fde457
107,9,build,build,CORE,TEACH,,Some algorithms construct a new string one character at a time,Classified,d749607010f22acaf81604d78a3264fa746f7f91de1975663607a0ec829e6c95
107,10,explanation-build,build,OPTIONAL,EXTEND,,Some algorithms construct a new string one character at a time,Classified,d7a04892cc1fb397abcc0358e2a5054ab038f2596f04bef286f45371867e742b
107,11,pseudocode,pseudocode,CORE,TEACH,,Keep exam pseudocode readable and avoid Java indexing leakage,Classified,490b77ebf4b16a4d52e3f84cd036610ea7d9c722d3939f36e82f27a6f80a5633
107,12,explanation-pseudocode,pseudocode,OPTIONAL,EXTEND,,Count vowels with a closed selection,Classified,3dc10b83a0dd1e8b2e954165ecbe5aa73c6c88194773b386ba46a66658718a48
107,13,classifier,classifier,OPTIONAL,TEACH,,Identify the string-processing pattern,Classified,5c9b4648654e4c8e050e521a0935b113897d3cc9b8e6843021128f6ad7ae0cf2
107,14,scanner,scanner,CORE,TEACH,,Trace character processing,Classified,b5d58ed428805c4ad869933ee1d4e5c73dca0f64f0df6ca345c84fab420194b1
107,15,explanation-scanner,scanner,OPTIONAL,EXTEND,,Trace character processing,Classified,592dd44b89259ce39d631e7c6456ff9fda63b3a50b36cfcb8b6c5e3e20d6aa4c
107,16,examples,examples,CORE,TEACH,,String-processing traces,Classified,8465086ac8769ba9991410d6a76736769f66cb2e187e06833af4f34554f4a7e2
107,17,practice,practice,CORE,PRACTISE,,String algorithm precision,Classified,601ab05f8bcd0af1ad0638333f1b77937df5365b385cb07c09cacfc012949f92
107,18,debug,debug,CORE,CHECK,,Fix string-processing mistakes,Classified,efaa7009537a4b391007a34cb15d8363b1b73b5f855ebdad78823495a2e41249
107,19,exam,exam,CORE,EXAM,,Original Cambridge-style string questions with expandable MS,Classified,180c9137d4429eba9cb14065e96ddcaea1e55c20e1f44f4afd970f9d87966c55
107,20,summary,summary,CORE,CHECK,,String-processing checklist,Classified,28acf4a6ebb3eebb95221fb8eb8695fe8051bbd14549b1aa9034124179327cac
107,21,homework,homework,AFTER_CLASS,HOMEWORK,,Clear tasks for consolidation,Classified,2413cf41d8a0a6fd9da4702632202f921b8ba84829393813d0355c9f29f79500
108,1,overview,overview,CORE,TEACH,,Nested loops are loops with roommates. Everyone needs their own job.,Classified,374d34c297d80490d6240d678c9150fc0598d00276695e8cf1d4da75273ce965
108,2,delivery-02,overview,CORE,TEACH,,Why this matters,Classified,08d4beb531c9381430a903e917471fcb91380b34ecf7fed0afed7918cc7c9c8b
108,3,hook,hook,CORE,ASK,,How many stickers are checked?,Classified,4087066b9ed0813415480934cf0a74f7866bdf5a5b58c51af8b237a404acf45c
108,4,model,model,CORE,TEACH,,"Outer loop first, inner loop second",Classified,4d84fd1ad4c76e05fa6d1a00f2953323f6a1a4cdfdb6c8a70501e19613c99bd1
108,5,explanation-model,model,OPTIONAL,EXTEND,,"Outer loop first, inner loop second",Classified,1e7726525aa2e21571f9cfdcab04cfd7b7abad69ec9f5eb6a6c9a05c8d33ca94
108,6,table,table,CORE,TEACH,,Table-style problems usually scan row by row,Classified,b40788bded289d8642d5456658684e61399e8d5b22b9fc830c3fc27e9fd913a1
108,7,explanation-table,table,OPTIONAL,EXTEND,,Table-style problems usually scan row by row,Classified,43f4017dad66ddb57ff9412b0ab6fe84b5f80589e296d0b8f3e51a7b04851b52
108,8,reset,reset,CORE,TEACH,,Put row-level variables inside the outer loop,Classified,207441c6e8fae45c48abac1352cb68d035d55d6b4d3009211f0a7736f6b603c1
108,9,explanation-reset,reset,OPTIONAL,EXTEND,,Put row-level variables inside the outer loop,Classified,db10fcc2211ba10f6293ffa606a5653f9f32a0466af5579b7c63f53d637651d1
108,10,counting,counting,CORE,TEACH,,Total visits = outer repetitions x inner repetitions,Classified,a63825c1657244ccc0e8270aa112b8ae2ffea1f29e143d203b09e386da7d9404
108,11,explanation-counting,counting,OPTIONAL,EXTEND,,Total visits = outer repetitions x inner repetitions,Classified,91e4a35b1534893e8815a8093b495854d02350a4e58599ff570aef827bba6af4
108,12,pseudocode,pseudocode,CORE,TEACH,,Indentation is evidence in nested loops,Classified,13733960f19c768979aba3060896b24164b703e8032af86b70333a9071d499d5
108,13,explanation-pseudocode,pseudocode,OPTIONAL,EXTEND,,Indentation is evidence in nested loops,Classified,5da7d1ba4eceabce25f5b806c65b3294be9696ab696a53407f147e2da50afa77
108,14,chooser,chooser,OPTIONAL,TEACH,,Choose the outer and inner loop,Classified,b27c9a97ea27b749523344dc284b7d0d30f6931e9388067294e34f16a8234176
108,15,simulator,simulator,OPTIONAL,TEACH,,Trace nested-loop visits,Classified,91ed12f489ffe0b59f9769b0682cc94d1b7adb1f5e0decacbbd36e18700552f7
108,16,examples,examples,CORE,TEACH,,Nested-loop traces,Classified,eb4e8a456e94f41734121a926f1bb9a0d16f8c4d361e223ff3ba32b333dcf0d1
108,17,practice,practice,CORE,PRACTISE,,Nested-loop precision,Classified,ab14b4a2a8e455e294ab0075d0076cc747758018f14e3899231ba5dc4a2a3800
108,18,debug,debug,CORE,CHECK,,Fix nested-loop mistakes,Classified,e21ca593d6a350dc0c7a2ad4b9a6010f5930542f9eb82889e86852c3583a3623
108,19,exam,exam,CORE,EXAM,,Original Cambridge-style nested-loop questions with expandable MS,Classified,8fc487e01b47ff5bd5d4cef868c37d6e9ade032b083bc03cc9c0947d7f811c89
108,20,summary,summary,CORE,CHECK,,Nested-loop checklist,Classified,d2703e37bd749c703b28a54e7a56987b45402dffd7a2e656d617e496bb01393f
108,21,homework,homework,AFTER_CLASS,HOMEWORK,,Clear tasks for consolidation,Classified,3cb36412d1e7ce7ca69831a99cd6c8cb9921b062bfb0282cbc84c14320e40352
109,1,overview,overview,CORE,TEACH,,Fast is not a vibe. Count the work.,Classified,c8b59a07891389179953ffdc6ca66484b2b43bd4af430568b9e515f5f0aee22b
109,2,delivery-02,overview,CORE,TEACH,,Why this matters,Classified,aa38fdc539bc0027e2d2ef4a8ca38f9f13cc233def064eb438f94a5dc7db5365
109,3,hook,hook,CORE,ASK,,Where would you search for page 512?,Classified,62b491511197141820348e187e0e89e7ed1299b8ebfa46c94483695a7276ad82
109,4,measure,measure,CORE,TEACH,,Efficiency is about resources used,Classified,05084ca56252e181ca737f917e65311ef47e1c1a83cfb1e448d278ebf3fac72c
109,5,explanation-measure,measure,OPTIONAL,EXTEND,,Efficiency is about resources used,Classified,cf89db7f2da669c32c05c8be7fcc4e41d6a96b8300e4cc8c67d6f7beef6efcb7
109,6,cases,cases,CORE,TEACH,,The same algorithm can behave differently on different inputs,Classified,5a7001f8349d164abf44d2ca29e213e1b45444aada8d06b45cf60ea95910a46c
109,7,explanation-cases,cases,OPTIONAL,EXTEND,,The same algorithm can behave differently on different inputs,Classified,f8eaf26d6c4c70efc83a0f9619790eb63b1930c00d1763ece9846cad5c9dc829
109,8,search,search,CORE,TEACH,,Linear search checks one by one; binary search halves a sorted list,Classified,8a9af582baca01cd2951b3216ccbb48786baf8a1a44ef26fd6c97cf846131de6
109,9,explanation-search,search,OPTIONAL,EXTEND,,Linear search checks one by one; binary search halves a sorted list,Classified,de38c9ebff146293af25945376bb7c80e4a53348a624fb4db485f325febb9baf
109,10,loops,loops,CORE,TEACH,,Loops reveal how work grows,Classified,390c42b7fb55a8f65e3c9c956fed87a3b2ba8bb7f0a70f995c02f3ef3f2746de
109,11,explanation-loops,loops,OPTIONAL,EXTEND,,Loops reveal how work grows,Classified,e048f91787c5f3258436f13acd0a6c2f7ad73f5d78df4ed6781c5a1eee6b7d3d
109,12,pseudocode,pseudocode,CORE,TEACH,,Efficiency explanations are language-independent,Classified,7b8fbac7beb945bfbe7b691b25f84568fa63f08828365d8692f9f3003839c377
109,13,explanation-pseudocode,pseudocode,OPTIONAL,EXTEND,,Efficiency explanations are language-independent,Classified,a7ae68366b9be0324ed923ccb497f76e785ca13c517c9decb9acb76f13e506ad
109,14,chooser,chooser,OPTIONAL,TEACH,,Choose the better explanation,Classified,fcbd677da3601f05952548340b83c075506ce69b2ac10552c2f0e0de3d75e2b8
109,15,estimator,estimator,CORE,TEACH,,Estimate the work,Classified,ac1c5c9b2f82ac84f184051baf2fbc8178c882c5e6a691ab164479ed98216f79
109,16,explanation-estimator,estimator,OPTIONAL,EXTEND,,Estimate the work,Classified,d1a42e4ff824ee2096a41fcf7247806d26291528853218acdd5db377c8996e46
109,17,examples,examples,CORE,TEACH,,Efficiency comparisons,Classified,8ef4dba8cb1bb3fe90edd1c3745c69b2f57ce3a4ee38167729b0719b9649821a
109,18,practice,practice,CORE,PRACTISE,,Efficiency language,Classified,4aa95a4ce92f91fd905c02070ca8c0c59a2026e8bd047a40670ad2797b1a064b
109,19,debug,debug,CORE,CHECK,,Fix vague efficiency claims,Classified,5fdc7d2d70b1d05ba3e695c8c7fe39dae655197d00daf931ab1cffac21d09288
109,20,exam,exam,CORE,EXAM,,Original Cambridge-style efficiency questions with expandable MS,Classified,5ce5ee66ca4454d733c93cf4f8ce912819d2a2c40b0db20b47237a59a5e2eda1
109,21,summary,summary,CORE,CHECK,,Efficiency checklist,Classified,a10d10ef091fd580013c87bf43fb36ac51bd1140ba8c28a01dcc5bfb8f489574
109,22,homework,homework,AFTER_CLASS,HOMEWORK,,Clear tasks for consolidation,Classified,29cda1e1146a531901416e8643b79a53a275699b7eb5b06647ae4f092c13694d
110,1,overview,overview,CORE,TEACH,,Pseudocode is not Java wearing a fake moustache.,Classified,7906b6f995776d6035085c5ee91e8ac9fc51b4f0de2bce8c02ddb9c751cde1f5
110,2,delivery-02,overview,CORE,TEACH,,Why this matters,Classified,af7158743ece27f62f13b0a3db353c86497e2240ec095d4ddee30ea90b1b782d
110,3,hook,hook,CORE,ASK,,Which line looks most like Cambridge-style assignment?,Classified,85b7eb6299241782fb5c3030a3b865d113e78250e0743bc91507fcdb54368e67
110,4,notation,notation,CORE,TEACH,,Use the symbols that make algorithm intent visible,Classified,6559aa9547c2b587f40bbee0be13394d093e7672b07ad959bcefb79a1b03a31d
110,5,explanation-notation,notation,OPTIONAL,EXTEND,,Use the symbols that make algorithm intent visible,Classified,6e782d2b8be100cd1cd516cdbb191e70a8169fa5726c0b21d5b22c42b0f8a152
110,6,structure,structure,CORE,TEACH,,Every opening should have a visible ending,Classified,c02470bb9851f44c3bdf75eb151bc0649753fc61648ab427af7cc53965b9e9a3
110,7,explanation-structure,structure,OPTIONAL,EXTEND,,Every opening should have a visible ending,Classified,071e7880b48b7c57991634f10aeb997ba40a9bfe70241d4d3dd44bd365835b06
110,8,readability,readability,CORE,TEACH,,A marker should not need detective training,Classified,5144ea5169b38d61d3c7e63eb733bca840a231d2946eaf15b9afcba3a58dfb12
110,9,explanation-readability,readability,OPTIONAL,EXTEND,,A marker should not need detective training,Classified,60acbe201bda76613693461e959cddbfafe6b93246dbe100ec1b95210c9d8f3a
110,10,java,java,CORE,TEACH,,Keep Java syntax out of Paper 2 unless Java is explicitly requested,Classified,86767c3a659c57eb78e20fbfddd7e8bd8b10e447a6f250cd8982e5d5ab0666e4
110,11,explanation-java,java,OPTIONAL,EXTEND,,Keep Java syntax out of Paper 2 unless Java is explicitly requested,Classified,f7adb5a2eab921c5730df4d461bbb44bf8d4f72dbcecf729dfb05d36d49d1219
110,12,conversion,conversion,CORE,TEACH,,"Convert meaning first, syntax second",Classified,935e4871d6e0b21c113d1e4c9bae74c03705ecdfd073346b6683b4a8baee9296
110,13,explanation-conversion,conversion,OPTIONAL,EXTEND,,"Convert meaning first, syntax second",Classified,f35d83c0dc3ad9b450c37ce7eb3c86d485cdada1c18c128df3ac22e05987f641
110,14,classifier,classifier,OPTIONAL,TEACH,,Identify the convention,Classified,7b9fa62bdf6e94387ee17b00b9e324c0ee881b8f21f6ace186a405898a655f33
110,15,cleaner,cleaner,CORE,TEACH,,Convert Java-like syntax into Cambridge-style pseudocode,Classified,978959d4861cf313825aaffaeea7eb6cf06ade4528552f70a6535e8fc54c0f6d
110,16,explanation-cleaner,cleaner,OPTIONAL,EXTEND,,Convert Java-like syntax into Cambridge-style pseudocode,Classified,e645a33411b2922c20a869c4d617fabc409baec7e6d1a79d77db7244dee451b3
110,17,examples,examples,CORE,TEACH,,Readable pseudocode transformations,Classified,1469bbe39f6775738c56c78a55af48093410722a5efc3404fec04a40a14dea6f
110,18,practice,practice,CORE,PRACTISE,,Exam-readable pseudocode,Classified,850fd1b53ed3da5a44048f84abc77ea109c101a573875274415cc7eb301b6ccb
110,19,debug,debug,CORE,CHECK,,Fix pseudocode readability problems,Classified,9930d528ec867d977ff3ea145141c1657ed7322cc56bd118c5b6b060fcd77680
110,20,exam,exam,CORE,EXAM,,Original Cambridge-style pseudocode questions with expandable MS,Classified,c4931fb31aae2e4f6c11b3b016b5b04814ffa31a6f7532fe7df7328edb97af55
110,21,summary,summary,CORE,CHECK,,Pseudocode readability checklist,Classified,7de61f45bc349d12655c37eff64a32002671df59fc870fd3b696db2e9ecc3415
110,22,homework,homework,AFTER_CLASS,HOMEWORK,,Clear tasks for consolidation,Classified,998d5ae95bf37ac6d06436b354c2ee95573af28455087979bd096676c22a1bec
111,1,stage2-completion,stage2-completion,CORE,TEACH,,Stepwise refinement from IPO design to modules,Classified,865f0d532beba50d5fe6721c01615369625c20d264421ca91c79b320292e44f3
111,2,explanation-ipoc,ipoc,CORE,TEACH,,Turn paragraphs into a design table,Classified,62bcac3b0437270c320f032b8bcb27487bf28012757ea66b84d431498b6aaaa6
111,3,explanation-analyser,analyser,CORE,TEACH,,Stepwise refinement turns a high-level algorithm into implementable modules,Classified,20fbe571dfa27c55907b1beb999392931aeaaf66ce660ddbbc09bcf5effe5960
111,4,stage2-practice,stage2-practice,CORE,PRACTISE,,Stepwise refinement from IPO design to modules: apply and assess,Classified,242b3841118d49e7c4426f082040b570e14c7c215372a88c9d6865d99f96bbea
111,5,overview,remediation-v2-stage3-optional-111,OPTIONAL,EXTEND,,Word problems are not stories. They are algorithms wearing paragraphs.,Classified,455f7cfa92930db6b46815f72ebe40d498e0b3b23dd1a4c953a14c2692fc7e7e
111,6,delivery-02,remediation-v2-stage3-optional-111,OPTIONAL,EXTEND,,Why this matters,Classified,6389c1ce19c569c498b78ed0bc02384ffadfbd5a43c5ffdf8f944033d492ff0a
111,7,hook,remediation-v2-stage3-optional-111,OPTIONAL,EXTEND,,What is the required output?,Classified,bf8f2727dccfd1c0f5c06968616544a3e9a2e342a36cf513466a06016daf8897
111,8,ipoc,remediation-v2-stage3-optional-111,OPTIONAL,EXTEND,,Turn paragraphs into a design table,Classified,6efbdacf40cf733d7502647de9a1461ac1bbab367a91e7c683234e3a10252561
111,9,requirements,remediation-v2-stage3-optional-111,OPTIONAL,EXTEND,,Words in the question usually signal a control structure,Classified,2878e53be1d389a8feab1c4577ce0871d5f7935926c008b813f14c88570c2c75
111,10,explanation-requirements,remediation-v2-stage3-optional-111,OPTIONAL,EXTEND,,Words in the question usually signal a control structure,Classified,7502919d11560cf8a752730c76f8fbf0496f68e60393a7aa85b2225cf5857526
111,11,structures,remediation-v2-stage3-optional-111,OPTIONAL,EXTEND,,Pick the structure before writing the pseudocode,Classified,c5731c3fbcf12a614f1fadf6cc4943142a374d3a440391ef7e861e750cb9b331
111,12,explanation-structures,remediation-v2-stage3-optional-111,OPTIONAL,EXTEND,,Pick the structure before writing the pseudocode,Classified,0e18966d9bb426b185bcc694dc505806d3b1660135af756ebd46fc6c94e17d86
111,13,trace,remediation-v2-stage3-optional-111,OPTIONAL,EXTEND,,A design is not finished until it survives a trace,Classified,6ff177014d887b67aea3b91509d8131202834211c3d7be6b5ae6a5c8b8e9b77c
111,14,pseudocode,remediation-v2-stage3-optional-111,OPTIONAL,EXTEND,,Design in Cambridge pseudocode first; use Java only to support testing,Classified,055bf05ff37e7a2c2e554c9621ef9c5b9b458137e3283da03145202bde66438f
111,15,explanation-pseudocode,remediation-v2-stage3-optional-111,OPTIONAL,EXTEND,,Design in Cambridge pseudocode first; use Java only to support testing,Classified,a3fcae48d6ffa20b6d25552e89223799b50d7d18ccf2d091b7e44ee3adfeef4d
111,16,analyser,remediation-v2-stage3-optional-111,OPTIONAL,EXTEND,,Extract the design before writing pseudocode,Classified,daccb5125eeaad8725a6690cb90be6fa4e151cc54b9bf6816061941bcd537978
111,17,builder,remediation-v2-stage3-optional-111,OPTIONAL,EXTEND,,Choose a scenario and inspect a model answer,Classified,591ab7a6ed727ad9a6301140944ea76f55134b40a47534097960cb5e94aa9474
111,18,examples,remediation-v2-stage3-optional-111,OPTIONAL,EXTEND,,From words to pseudocode,Classified,3ef2e1aba2b73ad72081e8df986bb5ff836158660b7e9e98e7688f3d33b8f2a0
111,19,practice,remediation-v2-stage3-optional-111,OPTIONAL,EXTEND,,Design decisions,Classified,ef6b901fa155ac8f73129fdc69e5a0c9697d1cb588c54a5f52da6b682a14f24a
111,20,debug,remediation-v2-stage3-optional-111,OPTIONAL,EXTEND,,Fix word-problem design mistakes,Classified,499ab03380213a302d18d8c826d842340febdce51e5dd67b3c1ea062a76dba9f
111,21,exam,remediation-v2-stage3-optional-111,OPTIONAL,EXTEND,,Original Cambridge-style word-problem questions with expandable MS,Classified,7291197df451369158be4ad4c8bd5cf76d20b50442a3e1a80dceca18d072fb8b
111,22,summary,remediation-v2-stage3-optional-111,OPTIONAL,EXTEND,,Word-problem design checklist,Classified,54431ecbd81d8dacc992de865c0915cd1a3efbe158ccc6d23396e04e12fc1cc9
111,23,homework,homework,AFTER_CLASS,HOMEWORK,,Clear tasks for consolidation,Classified,dacc2e9caaea60eb322681627d50ad59699afa735a219c6ef0fb7a216e59d539
112,1,stage2-completion,stage2-completion,CORE,TEACH,,Section 9 required-content checkpoint,Classified,874a46faf0863d57d1cb2b451a411acc1abff893309a476b9f953055b7850a3b
112,2,stage2-practice,stage2-practice,CORE,PRACTISE,,Section 9 required-content checkpoint: apply and assess,Classified,2ae47e47fdafa5fbcfe684fa3c8be0e9209c2ed9c7a30ef72e73ba894e5d3cc4
112,3,overview,remediation-v2-stage3-optional-112,OPTIONAL,EXTEND,,Read the scenario. Find the pattern. Write the marks.,Classified,33ffffdf51957b524da9d1784d785de14425e25ffcbceef334d8fd70d470e0f5
112,4,delivery-02,remediation-v2-stage3-optional-112,OPTIONAL,EXTEND,,Why this matters,Classified,fc43f0db7ed0e046ad0aa574053fbc579fb3bf0c1571024521a223c1db2e56b7
112,5,hook,remediation-v2-stage3-optional-112,OPTIONAL,EXTEND,,Which toolbox should you open?,Classified,efde808786f7df23065c64d56eec20744053981d3617cf8618c45726c3e05bc3
112,6,retrieval,remediation-v2-stage3-optional-112,OPTIONAL,EXTEND,,Section 9 in one page,Classified,c63f29d7fcfbafb5a7f1d686e06d16cd3346db119799f3c04a06d55e021fc3e2
112,7,explanation-retrieval,remediation-v2-stage3-optional-112,OPTIONAL,EXTEND,,Section 9 in one page,Classified,6ed6e634fdaf1bd564bad583a9f2155e01171a4f5b6ead2ae3dd1400d65db4df
112,8,triage,remediation-v2-stage3-optional-112,OPTIONAL,EXTEND,,Turn question wording into an algorithm plan,Classified,b812f27591ceedd0dee892a78f6733e1ebed1632d21cf7d0e5c06a4437172f9f
112,9,explanation-triage,remediation-v2-stage3-optional-112,OPTIONAL,EXTEND,,Turn question wording into an algorithm plan,Classified,32519c182aad6704c75c210392ada8a73662ec70771bf88208bfe3e889fcc0d2
112,10,patterns,remediation-v2-stage3-optional-112,OPTIONAL,EXTEND,,Match the scenario to the correct algorithm pattern,Classified,5816618e5eb29aa9002fb23d57156df6e48db0e47b22de3051c95c4a499e37c4
112,11,explanation-patterns,remediation-v2-stage3-optional-112,OPTIONAL,EXTEND,,Match the scenario to the correct algorithm pattern,Classified,c46e2147f228d03328b95c467f0a3324e2a0726cf76fda1fb7cc6a181f33da9e
112,12,trace,remediation-v2-stage3-optional-112,OPTIONAL,EXTEND,,Marks are often lost between two lines of pseudocode,Classified,2b90abbca0049557b2c0b0f69e8f43aca350f8ec16e9a51b9ea085c54d597c39
112,13,pseudocode,remediation-v2-stage3-optional-112,OPTIONAL,EXTEND,,Paper 2 wants readable Cambridge-style pseudocode,Classified,b97fb91f4e96be6e8c81bd26d6063fffeee0f8d5877f937acc51c6f883a9c56e
112,14,explanation-pseudocode,remediation-v2-stage3-optional-112,OPTIONAL,EXTEND,,Paper 2 wants readable Cambridge-style pseudocode,Classified,3f1b1f514bd4948079650f8d3fea44ed62bb04ebb0fea46ee4a0ec52d5565205
112,15,classifier,remediation-v2-stage3-optional-112,OPTIONAL,EXTEND,,Practise choosing the correct Section 9 tool,Classified,8b09b72ba2c5faa35b9e0097d4988c78aa5f1da6cb8bf31ee9cc83c8729337c9
112,16,fixer,remediation-v2-stage3-optional-112,OPTIONAL,EXTEND,,Turn vague answers into mark-worthy answers,Classified,f2ffc7db3453e11a5e0bc2c5dc09028c771b650c034c3ac95c5f2059ba1dd9a3
112,17,explanation-fixer,remediation-v2-stage3-optional-112,OPTIONAL,EXTEND,,Turn vague answers into mark-worthy answers,Classified,322b0dd96e27903963ddefb65935af55c41e1cfa3261003de7ee1e830ed253e4
112,18,examples,remediation-v2-stage3-optional-112,OPTIONAL,EXTEND,,Review examples across Section 9,Classified,1c96e4ce913c4c847c545e39e256030a345166c5f5642ce08e2a2f6dc81a27a4
112,19,practice,remediation-v2-stage3-optional-112,OPTIONAL,EXTEND,,Ten quick Section 9 decisions,Classified,b75d8b775fd75bfafda04780f262afb6ff85b4426a91dd8afb9f8009a4ebe17b
112,20,debug,remediation-v2-stage3-optional-112,OPTIONAL,EXTEND,,Correct the habits that lose marks,Classified,3da3d00f93dca1f0ac79b10d5321d6c939379402e7dc1a6464a9c50e5616df1a
112,21,exam,remediation-v2-stage3-optional-112,OPTIONAL,EXTEND,,Original Cambridge-style Section 9 review questions with expandable MS,Classified,8024f9eff0bd1bdf6750ffbec1547ede50b3890ff091f3ef3fc4fbb6c5ef7e2f
112,22,summary,remediation-v2-stage3-optional-112,OPTIONAL,EXTEND,,Section 9 review checklist,Classified,1f0a0ab0cac0d2b931e294eb88498724b040a7414919c51f6e8d7dd4ddfeafc1
112,23,homework,homework,AFTER_CLASS,HOMEWORK,,Clear consolidation tasks,Classified,218c28d4081346e035a1681cb83c883876e13abe77f4daaf056007820cd6bc70
113,1,stage2-completion,stage2-completion,CORE,TEACH,,Select and use the official Cambridge data types,Classified,91f868df611bed5d9e73e534fe9a1bc626974eb80604f76c195de270bfe0f518
113,2,explanation-pseudocode,pseudocode,CORE,TEACH,,The eight Cambridge pseudocode type names,Classified,1a564425c5ab41c9e6c5d05a5779023ef175365daf0876b001f86604dcc43388
113,3,stage2-practice,stage2-practice,CORE,PRACTISE,,Select and use the official Cambridge data types: apply and assess,Classified,6d1820c6eb7f49cce7da1a7d8be627cfc82e0f619a902871596c621440bcd1a6
113,4,overview,remediation-v2-stage3-optional-113,OPTIONAL,EXTEND,,A value without a type is a suitcase without a label.,Classified,ad8731ce6156c51808dfd989bd56d8e324f3d543f4a444d66a4c0f3d1176b9ba
113,5,delivery-02,remediation-v2-stage3-optional-113,OPTIONAL,EXTEND,,Why this matters,Classified,4ea946554161cc938e595ff5ec00a251f5c0fa4779682ecd7c3faea45e75a332
113,6,hook,remediation-v2-stage3-optional-113,OPTIONAL,EXTEND,,"Is ""007"" a number or a code?",Classified,1877dbffdfd48d0ede773576a4fc306a7c69f135deea7568a9387f8deb077c89
113,7,why-types,remediation-v2-stage3-optional-113,OPTIONAL,EXTEND,,A type controls meaning and valid operations,Classified,2e689471655340250fbcafbb832b5f0e89ee3eabe8eb48649c9913f490206710
113,8,explanation-why-types,remediation-v2-stage3-optional-113,OPTIONAL,EXTEND,,A type controls meaning and valid operations,Classified,78d3681731e0ee173d3a3340e1c87dc444f14eb0da9f6b8ea789e204afd944c5
113,9,built-in,remediation-v2-stage3-optional-113,OPTIONAL,EXTEND,,Core AS-level data types,Classified,e35f93b5a980ea42a94fea2f60709deb3923f3ec5f1991aa750265808cb6e403
113,10,explanation-built-in,remediation-v2-stage3-optional-113,OPTIONAL,EXTEND,,Core AS-level data types,Classified,ce3a234842460d32a13880e04536e769715634ad00358c50bdc0b2c1071c708c
113,11,choose,remediation-v2-stage3-optional-113,OPTIONAL,EXTEND,,"Use the scenario, not the surface appearance",Classified,500c84d7cebb8c464a7a563d381f09a1d8fba805155c2accc0a80ad5f26ae7f6
113,12,explanation-choose,remediation-v2-stage3-optional-113,OPTIONAL,EXTEND,,"Use the scenario, not the surface appearance",Classified,d8bfa22d3ec3dfc0379c6b0f01de13a4a0332585685d9dd74bdb7c152419a2d1
113,13,user-defined,remediation-v2-stage3-optional-113,OPTIONAL,EXTEND,,When built-in types are not descriptive enough,Classified,6d0964d3c66f2c726d61f75b51fcceff6adc551db0953b9436f675cae56e0346
113,14,explanation-user-defined,remediation-v2-stage3-optional-113,OPTIONAL,EXTEND,,When built-in types are not descriptive enough,Classified,5705ef8249929a5ae41f9c2accd8ea87bec4b8bcb20520c09db55f698c4a0928
113,15,pseudocode,remediation-v2-stage3-optional-113,OPTIONAL,EXTEND,,"Same idea, different syntax",Classified,92218622e146b9b3dfa1445d58758adb4eaf167a74bbaf86cf828eb250f9bdec
113,16,classifier,remediation-v2-stage3-optional-113,OPTIONAL,EXTEND,,Choose a suitable data type,Classified,58cc050ca810782c9082d9b9761aff3781a24241f1b1d0b62f6cc6941dd92c5e
113,17,builder,remediation-v2-stage3-optional-113,OPTIONAL,EXTEND,,Build a Cambridge-style declaration,Classified,1f4b119e026c2603f3cfdb4c921a74f0095315cbfcd73d904d9716898f15a62e
113,18,examples,remediation-v2-stage3-optional-113,OPTIONAL,EXTEND,,Type choices with exam-style reasoning,Classified,ad7571342f9ef1baa2f7f7885eaf98514642504d69fb40c0eabb517be175ac49
113,19,practice,remediation-v2-stage3-optional-113,OPTIONAL,EXTEND,,Ten type decisions,Classified,d67ee8ea074250717231015392cfd917111279f87bd9a9181cb139873f0886f6
113,20,debug,remediation-v2-stage3-optional-113,OPTIONAL,EXTEND,,Fix common type-selection errors,Classified,4e37697b6de4475e85a5355d5aac0a7915a3fd44500aabcacd49b262eb596ee1
113,21,exam,remediation-v2-stage3-optional-113,OPTIONAL,EXTEND,,Original Cambridge-style data type questions with expandable MS,Classified,0b8a8e746f4da1df4b966b7561fef604359eadc8ccd4e9cfc2494ac3a7f7e332
113,22,summary,remediation-v2-stage3-optional-113,OPTIONAL,EXTEND,,Data type checklist,Classified,1a7b52674c9f05c03cda331ffb6a774acda9cbf445a666681c7b5bf4ed88a36f
113,23,homework,homework,AFTER_CLASS,HOMEWORK,,Clear consolidation tasks,Classified,58ca33023ed41e69e82395bdfd90c00dee69e2dc099165c2b17df55248d39112
114,1,overview,remediation-v2-stage3-optional-114,OPTIONAL,EXTEND,,Assignment is not a maths equals sign. It is an update.,Classified,fe844ffc12a06e557a59fd0144f6428b4bf0affdbde4430a13b5e86057517db7
114,2,delivery-02,remediation-v2-stage3-optional-114,OPTIONAL,EXTEND,,Why this matters,Classified,4b2260c40577780ace9c6f10e1e324de81dddfd4f355b4fee30f13561a920d39
114,3,hook,remediation-v2-stage3-optional-114,OPTIONAL,EXTEND,,Can a variable be on both sides?,Classified,342e109abc9809660bf660e001fdf3f7b76fb7314b477907c241035efe2304ca
114,4,model,remediation-v2-stage3-optional-114,OPTIONAL,EXTEND,,Identifiers name storage locations,Classified,4a17c9840dae11b831fa60ab69a7fdb396b6b573fb1b32a052b3ba77e7811f12
114,5,explanation-model,remediation-v2-stage3-optional-114,OPTIONAL,EXTEND,,Identifiers name storage locations,Classified,bcf0c1be55a55ec274b9c4307e24d4f48e0e8f94a9cef0a44c6de4943883376d
114,6,declare,remediation-v2-stage3-optional-114,OPTIONAL,EXTEND,,Declaration gives a name and a type before use,Classified,b83123e8e17ed6e5477ae988f12c6dc607a13fd00053ffaa2e811348ed40086e
114,7,explanation-declare,remediation-v2-stage3-optional-114,OPTIONAL,EXTEND,,Declaration gives a name and a type before use,Classified,d88833ceec4a24ed626bc864f5734b42e4c251ad1e4146957aa022b36ce4e680
114,8,constants,remediation-v2-stage3-optional-114,OPTIONAL,EXTEND,,Name fixed values so the algorithm explains itself,Classified,fdb5be06e3a8fe021b58344167da830e12ddf7d3de91e1bd5bfb85fbae47c2f6
114,9,explanation-constants,remediation-v2-stage3-optional-114,OPTIONAL,EXTEND,,Name fixed values so the algorithm explains itself,Classified,27d2325d5ade06c5f6525ffa6e4587883158ee631c3e4b010d6e65ce6ff08c3c
114,10,assignment,remediation-v2-stage3-optional-114,OPTIONAL,EXTEND,,"Right side first, left side second",Classified,31941aabaf6cebae88623ed207405737ef2ae8aa3eee8e3bc016b34e7d8735c4
114,11,explanation-assignment,remediation-v2-stage3-optional-114,OPTIONAL,EXTEND,,"Right side first, left side second",Classified,48a0b81dc9b56c6c9753b092e5ed4d45f5f0456acc988a902de50cdded309a34
114,12,trace,remediation-v2-stage3-optional-114,OPTIONAL,EXTEND,,Trace assignment one statement at a time,Classified,b3a7621c5e5f74368ce11e0d6013f112f3b4ec2150d966a20359236841875e31
114,13,pseudocode,remediation-v2-stage3-optional-114,OPTIONAL,EXTEND,,"The symbol changes, the update idea does not",Classified,c0676605ddc7f91b183a48b04449bfa0b05e3d81f0ab4ab10c645fa003a90589
114,14,simulator,remediation-v2-stage3-optional-114,OPTIONAL,EXTEND,,Trace a single assignment,Classified,0a2b7329d44690880d9fcfe71154bc50dbdce8530bd65e2a61bcca1588aeca94
114,15,builder,remediation-v2-stage3-optional-114,OPTIONAL,EXTEND,,Choose the correct statement form,Classified,abb37e2f5baf5f4fb83aa362b125500ffa4d33adb67efe9449deff1c85336567
114,16,examples,remediation-v2-stage3-optional-114,OPTIONAL,EXTEND,,"Declaration, constants and trace examples",Classified,26a47b9d68e78781831e53f63265d3d9e47ea0d52d3bb09d9845416861bc91cc
114,17,practice,remediation-v2-stage3-optional-114,OPTIONAL,EXTEND,,Ten quick decisions,Classified,b5879f789b0cc11c1a58baa586697b4bd88cf132278cf184c40edf599174fc72
114,18,debug,remediation-v2-stage3-optional-114,OPTIONAL,EXTEND,,Fix assignment and constant errors,Classified,c16cea728e71185860a5d74a8ce14fa2d84d638213fed7d741142d271c654efc
114,19,exam,remediation-v2-stage3-optional-114,OPTIONAL,EXTEND,,Original Cambridge-style questions with expandable MS,Classified,fa857a3268d8f30642a545d19531554ad600996d7f9e8361f84c731c7345e355
114,20,summary,remediation-v2-stage3-optional-114,OPTIONAL,EXTEND,,"Constants, variables and assignment checklist",Classified,7700c0ad511484be8b5db5ccc15d1290dab3c2a2a273c4ffdc8cac660a5870d7
114,21,homework,homework,AFTER_CLASS,HOMEWORK,,Clear consolidation tasks,Classified,e8d17e1f2147a62a24588639401eabb5e89a3c84a2415da8fae48f0a10658009
115,1,stage2-completion,stage2-completion,CORE,TEACH,,"Array terminology, selection and one-dimensional pseudocode",Classified,811672db18ea11443dc9c604a0254b324455a63c84750da963472a0923a63558
115,2,explanation-pseudocode,pseudocode,CORE,TEACH,,Cambridge bounds and Java indexes are not the same habit,Classified,7c3ade6f130df3149f6fd16bd4142d562925fca1b846393de8be9cc44e41a4a7
115,3,explanation-model,model,CORE,TEACH,,A one-dimensional array is a linear collection,Classified,5fc1d56d6989dfe12f85e0658a244b5b4a56f33f751e95364323fd4ee57ac62d
115,4,explanation-access,access,CORE,TEACH,,The index points to exactly one element,Classified,970e67c9c040590e8d216c189766ee492e273a9f8221fa3b2a5523db1b3e3465
115,5,stage2-practice,stage2-practice,CORE,PRACTISE,,"Array terminology, selection and one-dimensional pseudocode: apply and assess",Classified,7e46394be248b23ece80473dbeac7c65eba74e235c4e5c81c439b3651e59b8cb
115,6,overview,remediation-v2-stage3-optional-115,OPTIONAL,EXTEND,,An array is a row of labelled lockers.,Classified,4d5859199449ac0f4fdf8f750f43882ba706a7081bf48db2bdfbad653bde976b
115,7,delivery-02,remediation-v2-stage3-optional-115,OPTIONAL,EXTEND,,Why this matters,Classified,466c15724e1b2909d672064ec85db89f8a5ca5bab2c79ba9c1932ae3da44e422
115,8,hook,remediation-v2-stage3-optional-115,OPTIONAL,EXTEND,,Would you really create 30 score variables?,Classified,a982af0346289ade6a7220a24be9ef6781950bcffc8e9e2c939062c737d9e3c1
115,9,model,remediation-v2-stage3-optional-115,OPTIONAL,EXTEND,,A one-dimensional array is a linear collection,Classified,84497ae0167885dc145d50f42f1a2ae0412bd28ee1a448e48cc948228aa4ec7a
115,10,declare,remediation-v2-stage3-optional-115,OPTIONAL,EXTEND,,Bounds say which indexes are valid,Classified,1ccc01643835cbad0ac7e51a6a347821a05bec885a023f8f70b6705878493e5c
115,11,explanation-declare,remediation-v2-stage3-optional-115,OPTIONAL,EXTEND,,Bounds say which indexes are valid,Classified,7a611369b90d1ab87f2b86a6e947a0ca3dd37dddd2bc364ad98b34c09dfa4b9d
115,12,access,remediation-v2-stage3-optional-115,OPTIONAL,EXTEND,,The index points to exactly one element,Classified,190c771616f3c9ad4a2b79a4cc2e3dd8a115b0519e03a7f9373f57bad4b3be7c
115,13,traversal,remediation-v2-stage3-optional-115,OPTIONAL,EXTEND,,Use a loop to visit every element,Classified,c61a73dbb027b8d60082cb2f15acef7539709eceb4631238f8bacb5e57bf553f
115,14,explanation-traversal,remediation-v2-stage3-optional-115,OPTIONAL,EXTEND,,Use a loop to visit every element,Classified,d8a584e763a82254b0fe06e408cdbeef3859e9c34449ba1bb1f0498bacd5e21f
115,15,trace,remediation-v2-stage3-optional-115,OPTIONAL,EXTEND,,Trace the index and the element value,Classified,fbba26db5465d04444c9cdc16abdc19ea0a50db43b0bc238f25c2525672cc4db
115,16,pseudocode,remediation-v2-stage3-optional-115,OPTIONAL,EXTEND,,Cambridge bounds and Java indexes are not the same habit,Classified,c0c24e631854c2da47274809a8a7a39fb7bc43e36d4cc97a06b3f089d6250349
115,17,lookup,remediation-v2-stage3-optional-115,OPTIONAL,EXTEND,,Access one element,Classified,c7a06d151a3bc0d46ac13a942a1ac45389e7e4eabcb04a689e926bbf9061fff7
115,18,explanation-lookup,remediation-v2-stage3-optional-115,OPTIONAL,EXTEND,,Access one element,Classified,2db66b37e7fad475a03d0102e35297b5f4cc0be00be954e80644d006f0b3d86d
115,19,builder,remediation-v2-stage3-optional-115,OPTIONAL,EXTEND,,Generate a common one-dimensional array pattern,Classified,ac4eaa66d40eacdc45ebca10fbdafec3f2e05bc3c5f9d08889fa3fa7869e1df3
115,20,examples,remediation-v2-stage3-optional-115,OPTIONAL,EXTEND,,Array patterns you can reuse,Classified,f337ceb54798a7f075f1b13f1fe2befe28a33874c1cdc2efdb3cc40e6345b76b
115,21,practice,remediation-v2-stage3-optional-115,OPTIONAL,EXTEND,,Ten quick array checks,Classified,1be6a7597edb9c01f8fc8bfda13daeadf7c6d2767b94ca1322b7c7028a62bef0
115,22,debug,remediation-v2-stage3-optional-115,OPTIONAL,EXTEND,,Fix common array errors,Classified,3796feda3e2747ca0972a1e6bd522701d27c320c2bfddcf2b90d808301d6128f
115,23,exam,remediation-v2-stage3-optional-115,OPTIONAL,EXTEND,,Original Cambridge-style array questions with expandable MS,Classified,f578c7b42c101775b323bb1c06e5cfffcd253c8ea7afee72f46680d282a69b04
115,24,summary,remediation-v2-stage3-optional-115,OPTIONAL,EXTEND,,One-dimensional array checklist,Classified,d1c2434e36ed3a01576bea110c57ffce8296b63a86c57d92be097e3ebcb46241
115,25,homework,homework,AFTER_CLASS,HOMEWORK,,Clear consolidation tasks,Classified,e303ac86d65a41095e0d84b0fb42a1b7e9e2453c5392dbc54525ae6449a31f55
116,1,stage2-completion,stage2-completion,CORE,TEACH,,Select and write two-dimensional arrays,Classified,6a7706fee84d8749e71accc2c31c372d4bcb437b2a4fe6c648ab87872d8e700e
116,2,explanation-pseudocode,pseudocode,CORE,TEACH,,Do not import Java indexing into Cambridge answers,Classified,faed017adee7e9a770a18bd102f08bd01b28bf5a140c751c09feb20c7b02a043
116,3,explanation-model,model,CORE,TEACH,,Rows and columns create coordinates,Classified,e5abfae52fe4afcf4eca8bea27988ab1669d24ad0b0c8c8be7b2f4d859b08558
116,4,stage2-practice,stage2-practice,CORE,PRACTISE,,Select and write two-dimensional arrays: apply and assess,Classified,9950a1efdbde1eea3d5bd9543b1e28fb220f160b21621ece5432c4b78bbe8908
116,5,overview,remediation-v2-stage3-optional-116,OPTIONAL,EXTEND,,A two-dimensional array is a spreadsheet with rules.,Classified,551e0a4102d756c7d047ff9f03b46c898fe801405922e07c71d8d4a5cc0c7767
116,6,delivery-02,remediation-v2-stage3-optional-116,OPTIONAL,EXTEND,,Why this matters,Classified,f020b1ce1e629bfb3b0683eaa16c5e52d2dc4c714e963488f1f35e3485bf14a0
116,7,hook,remediation-v2-stage3-optional-116,OPTIONAL,EXTEND,,Which seat is it?,Classified,2edfa018f6fc8c351a452a7af6130a05056dfe8f6e3481591e521b780e1786d8
116,8,model,remediation-v2-stage3-optional-116,OPTIONAL,EXTEND,,Rows and columns create coordinates,Classified,338ce294ee1cb9ea6b68d0718351ed881f8511f6901c61e188bf1d562931487e
116,9,declare,remediation-v2-stage3-optional-116,OPTIONAL,EXTEND,,Two dimensions need two ranges,Classified,f6f236a6da22d1a600b8b9c1df8916658c6223d44590730371601e7411ce7e04
116,10,explanation-declare,remediation-v2-stage3-optional-116,OPTIONAL,EXTEND,,Two dimensions need two ranges,Classified,1ac1fdef9aed9b1aa66569f4093ad14f06aba281ef6906fc1969d76470423e6c
116,11,access,remediation-v2-stage3-optional-116,OPTIONAL,EXTEND,,A cell needs row and column,Classified,0d47461588d316e71cb6c5b2ff0d5ff132c7ea982983aaca9709906c0cf0f95b
116,12,explanation-access,remediation-v2-stage3-optional-116,OPTIONAL,EXTEND,,A cell needs row and column,Classified,fe12f158deff92a3d08dbc00e3e3e8acef2c9bde4cd96f786856019923b7dbfa
116,13,nested,remediation-v2-stage3-optional-116,OPTIONAL,EXTEND,,"Outer row loop, inner column loop",Classified,472abe2e6e9fbd3cf4bef09eead327c09c9822d4202099679aea546313db721f
116,14,explanation-nested,remediation-v2-stage3-optional-116,OPTIONAL,EXTEND,,"Outer row loop, inner column loop",Classified,7232785901e760aa7ca74ab09ff6445657edc09417c53fb4e200417b809f322e
116,15,trace,remediation-v2-stage3-optional-116,OPTIONAL,EXTEND,,Trace row and column together,Classified,006578f2534c66736a55daee55450dd0584185b5cda9267e68db4e1dd7dd7e3c
116,16,pseudocode,remediation-v2-stage3-optional-116,OPTIONAL,EXTEND,,Do not import Java indexing into Cambridge answers,Classified,8e1672a7b3e9c377863a9346504c7659a8e329a3be9ac5149ab734e705e5be14
116,17,lookup,remediation-v2-stage3-optional-116,OPTIONAL,EXTEND,,"Read Marks[Row, Column]",Classified,207a3a3c8061aab8e22bcd53083c876c9dbae7bc235661232bb598e1e07da4d8
116,18,explanation-lookup,remediation-v2-stage3-optional-116,OPTIONAL,EXTEND,,"Read Marks[Row, Column]",Classified,e8c587b059fdcadfc7898b4268839aec9d78b0b5af32b0a96cdd521ba92ecab3
116,19,builder,remediation-v2-stage3-optional-116,OPTIONAL,EXTEND,,Generate a common 2D array pattern,Classified,dcb588bfd94603e1c0cd748dbff958c410128801fd9de810ca62b6edcf0788b0
116,20,examples,remediation-v2-stage3-optional-116,OPTIONAL,EXTEND,,2D array patterns you can reuse,Classified,5ac5a53f105ef24d6de64d4243454e355de827767377ca351ae0f797b5ac7150
116,21,practice,remediation-v2-stage3-optional-116,OPTIONAL,EXTEND,,Ten quick 2D array checks,Classified,ef68b6a4db611c2219f8d4d7545ebdb17925ace2016c04c659bd4624b8e17a50
116,22,debug,remediation-v2-stage3-optional-116,OPTIONAL,EXTEND,,Fix common 2D array errors,Classified,30307ef4920a76e80fede998a8c34b4b617b85269423cf06a90346c84bc277f2
116,23,exam,remediation-v2-stage3-optional-116,OPTIONAL,EXTEND,,Original Cambridge-style 2D array questions with expandable MS,Classified,c79d4f983427e6378c7e19a26ed43d7637e9f5d339015722f0858a593b08037d
116,24,summary,remediation-v2-stage3-optional-116,OPTIONAL,EXTEND,,Two-dimensional array checklist,Classified,1f5f6b3a2b1c86fd4f65ca3e26d593537fa4e2f2687b9220e02edb93e44139e0
116,25,homework,homework,AFTER_CLASS,HOMEWORK,,Clear consolidation tasks,Classified,7d642329151cca07cd316f968b1ef34825119bb7cd0e847acba258895b9e3f44
117,1,overview,overview,CORE,TEACH,,Arrays become useful when loops do the repetitive work.,Classified,9e292080d1269fcd4d2cc2fef469b97e32604bf104c29ed1970d4ba7c6cecda8
117,2,delivery-02,overview,CORE,TEACH,,Why this matters,Classified,9cc78542de8adaf6e37006e7fe93aa645c7f581c6f09a218576a39eb8e572e0b
117,3,hook,hook,CORE,ASK,,What is the algorithm really doing?,Classified,5c8cff00fc2d398b2b7135e34593b98c469eb582490ea8136de84c9bb74a814e
117,4,patterns,patterns,CORE,TEACH,,Four array algorithm patterns,Classified,7f35da57017db3d8436082b2c53d7661ccf72da799097565d66fae4b5aff8f88
117,5,explanation-patterns,patterns,OPTIONAL,EXTEND,,Four array algorithm patterns,Classified,ff02f8743d103fdee4c520f9afa2d49ce5175f2875aaadbabf1fba610dd1d0ef
117,6,traversal,traversal,CORE,TEACH,,Visit every element once,Classified,741ba1ade4d1e3350794e90109750087fd155e2e0bcf07e48119c1a810820a23
117,7,explanation-traversal,traversal,OPTIONAL,EXTEND,,Visit every element once,Classified,0639f9428fe25dec3cc4b477bf856cc08c79430c9af9b975451e9bd97827109d
117,8,update,update,CORE,TEACH,,Change selected elements,Classified,2b8d6418f0daa73f3b2e108e7d6b44649e2487640d1556f8da503c2b398ae88c
117,9,explanation-update,update,OPTIONAL,EXTEND,,Change selected elements,Classified,9f6a9324079c3e0a16d5ba7c7ae16202b6126590cd14a42e3a8d91eaa60df0d5
117,10,search,search,CORE,TEACH,,Use a flag to remember whether the target appeared,Classified,e7524d2c64cbbe19e5a6138325d103c1af06fc27308209381d0441dae7502f6c
117,11,explanation-search,search,OPTIONAL,EXTEND,,Use a flag to remember whether the target appeared,Classified,a916693cd5bea7ae1315c3b1e2742e23b2dff40e9f7d9a79a4b9c241be4285c1
117,12,count,count,CORE,TEACH,,Increment only when a condition is true,Classified,c9679f0619b3e514de28f257b8e1514e0ea151139657a16668a4172a86982698
117,13,explanation-count,count,OPTIONAL,EXTEND,,Increment only when a condition is true,Classified,ea6dcbecab889e5c66ec6d4da5818a3c888f0af72ce132f8b3a0aae30ea4adea
117,14,trace,trace,CORE,TEACH,,"Trace the index, condition and running variable",Classified,37e450759e5ee7f3453edd44b58e5006d0a2704f24b4c0d4aaebb15dcabc8ec5
117,15,pseudocode,pseudocode,CORE,TEACH,,"Same algorithm, different array syntax",Classified,4121765369aa4fb9e4032f72ba1e5edde69821a0199ca18b4e406ceeb58a8f4b
117,16,explanation-pseudocode,pseudocode,OPTIONAL,EXTEND,,"Same algorithm, different array syntax",Classified,6545ab75ef35b294da1d3d2db5e2ab83cf5d32c1e1cc9f7bd8ba36b0c08caa45
117,17,selector,selector,CORE,TEACH,,Choose a scenario and inspect the matching template,Classified,ab35313ac5350f4a574c3e96c3bc3b2b3a40605afc0192f726e9a167e26164ff
117,18,explanation-selector,selector,OPTIONAL,EXTEND,,Choose a scenario and inspect the matching template,Classified,d1d24229477a3dbc358ed195bf711fbf76d101d5f5844a529f45d1c5261b2d25
117,19,runner,runner,OPTIONAL,TEACH,,Run a count algorithm on the sample scores,Classified,9d6f9ba4d5ba3110589c67ce0ea3f58fb778ad5cd5d7fff371f165ca1f10e285
117,20,examples,examples,CORE,TEACH,,Reusable array algorithms,Classified,32b63fcd5063067ea3755db2a4cbb2aec59938ba115b161c26a6d4b736009e81
117,21,practice,practice,CORE,PRACTISE,,Ten quick algorithm checks,Classified,ed6cc289c98f2cfe0781ae0d5d2bff90513be1facb7623fe9e3c8f28838bc04a
117,22,debug,debug,CORE,CHECK,,Fix common array algorithm errors,Classified,06adc7c82b11a327af47178cd555f33aec72b0ca5f768aa5d691ae91c3658131
117,23,exam,exam,CORE,EXAM,,Original Cambridge-style array algorithm questions with expandable MS,Classified,efe20c5f0adefdba9a5e8248c9c687dfeb40a6612b8f4d5c511bb32f93534647
117,24,summary,summary,CORE,CHECK,,Array algorithm checklist,Classified,2c64ed4cdb796139973ad3219043b8cb1021f7cc32aae77ea326ffa99b0660ed
117,25,homework,homework,AFTER_CLASS,HOMEWORK,,Clear consolidation tasks,Classified,7c1b74aedd99042476ba01163aecf88f9086bc4dfab9c2af0b01644e940d18c7
118,1,stage2-completion,stage2-completion,CORE,TEACH,,"Define, read and save record data",Classified,eaf755240562e6df99c6f569577b5419e9fb4f5b1cf59e43ede4a03ea4a9de67
118,2,explanation-declare,declare,CORE,TEACH,,"Define a record, then save and read named fields",Classified,cce707194ddade378f70e21f82ced00c07c6dc39c0bc803fa4fa16a0219f21e3
118,3,stage2-practice,stage2-practice,CORE,PRACTISE,,"Define, read and save record data: apply and assess",Classified,29603e8f8fa594ed65e5de0ff0f12dd88a49fdfd65c21d50feaf0abe34f0d7f0
118,4,overview,remediation-v2-stage3-optional-118,OPTIONAL,EXTEND,,A record keeps related facts together without pretending they are the same type.,Classified,df9b0e457bf8255a467790955fdf09222fd58ea5ec340867484cbbd8924b4d7d
118,5,delivery-02,remediation-v2-stage3-optional-118,OPTIONAL,EXTEND,,Why this matters,Classified,8452ca41499a5ef71195b04cd56f351cb92c2a33272f628de1a3caed44e7cb4e
118,6,hook,remediation-v2-stage3-optional-118,OPTIONAL,EXTEND,,What should hold one student's details?,Classified,4da8b9fbb7dc4f909f5d8648082a515780a7b57f28e7042dbedb1fed7f3d272a
118,7,concept,remediation-v2-stage3-optional-118,OPTIONAL,EXTEND,,Composite data groups fields into one type,Classified,3725e696e7ca77a0551ca06de3df58a5ac03a06e74273a69659fef786c8e2eab
118,8,explanation-concept,remediation-v2-stage3-optional-118,OPTIONAL,EXTEND,,Composite data groups fields into one type,Classified,08dd943157d9936cd8f3eba277e34fb590748d02ada5e0bc76dc38bbc8bc77bc
118,9,declare,remediation-v2-stage3-optional-118,OPTIONAL,EXTEND,,"Define the type, then declare variables that use it",Classified,2cd47f31d5d25f20ade77b8ae339db5a904c2345ad844fcf590ca814ffa6488a
118,10,access,remediation-v2-stage3-optional-118,OPTIONAL,EXTEND,,"Use the field name, not a numeric index",Classified,04dcff36571a809501bfad94cceefd63547b64b0180b77c2aa82dd66589d8db7
118,11,explanation-access,remediation-v2-stage3-optional-118,OPTIONAL,EXTEND,,"Use the field name, not a numeric index",Classified,dced21611bf9df5940347d83b290bc986ca45ab3161b04d957652a46024dbe2e
118,12,array-vs-record,remediation-v2-stage3-optional-118,OPTIONAL,EXTEND,,"Same type and index, or mixed fields and names?",Classified,7cfc684fc58f939f5f10ad97f22bab855a7c78f0cfd50a7b22d9c0462671075a
118,13,explanation-array-vs-record,remediation-v2-stage3-optional-118,OPTIONAL,EXTEND,,"Same type and index, or mixed fields and names?",Classified,0b8a2a93631fe6a32c78b03775263ad83c5602eec784f9b2b6c0ed3547dd72f1
118,14,trace,remediation-v2-stage3-optional-118,OPTIONAL,EXTEND,,Trace the field that changes,Classified,b678212adc11f00f6dc238196d72202ece9ffff6b0ce31eeaac907db1b625d60
118,15,pseudocode,remediation-v2-stage3-optional-118,OPTIONAL,EXTEND,,"Same modelling idea, different syntax",Classified,f521b364e846ae00fd26359dcaf15edde427b67e8a056b18e44027552b1d1fcb
118,16,explanation-pseudocode,remediation-v2-stage3-optional-118,OPTIONAL,EXTEND,,"Same modelling idea, different syntax",Classified,f985beec10faf0aed3483470f2bd7f0c87f5b55378634410b658478ad582ca24
118,17,lookup,remediation-v2-stage3-optional-118,OPTIONAL,EXTEND,,Read one field from a record,Classified,6f5447ea8930491ac7cf7804dd2d4103aa56e28bb7143c2a49d4128eec76bea5
118,18,explanation-lookup,remediation-v2-stage3-optional-118,OPTIONAL,EXTEND,,Read one field from a record,Classified,a6d54c48f428cd0a89dc178df9c69a77f41a2924b75ec57ee91fd12a87120e6b
118,19,builder,remediation-v2-stage3-optional-118,OPTIONAL,EXTEND,,Generate a record declaration,Classified,49ee35e50989fac9b09d06587480ddf70201796de2c40bc9a24cb839f06daaba
118,20,examples,remediation-v2-stage3-optional-118,OPTIONAL,EXTEND,,Record modelling patterns,Classified,5a4d5cdebc6e56736de5ab0e61244410702b46e9b63cc5044be43e3350b68fcc
118,21,practice,remediation-v2-stage3-optional-118,OPTIONAL,EXTEND,,Ten quick record checks,Classified,1421645f8f6e71611a3fbadc57e7c0f32413d2c3189320b301b79e713f72f425
118,22,debug,remediation-v2-stage3-optional-118,OPTIONAL,EXTEND,,Fix common record errors,Classified,40fe1e5b4ac976d4eb562663d28debd79d9fa6d9f1671789b7200d36bf041214
118,23,exam,remediation-v2-stage3-optional-118,OPTIONAL,EXTEND,,Original Cambridge-style record questions with expandable MS,Classified,b72c672ddf9ceb9ec78fc48014223216f52c5ce16669f990395848bb07d49b9e
118,24,summary,remediation-v2-stage3-optional-118,OPTIONAL,EXTEND,,Record checklist,Classified,cf314c2209d631d4897b8075c43af214a7fc5094563c8f05da48f4ff40d7f6d4
118,25,homework,homework,AFTER_CLASS,HOMEWORK,,Clear consolidation tasks,Classified,b659d41dc56cc921728662a57c186e809b52bdebf7b46ba2094c34bde6451db4
119,1,overview,overview,CORE,TEACH,,An array of records stores many entities that share the same record structure.,Classified,58cd14e2cc5bb29646a46633d0eef216fce1dce6bbee905fb3e196fb16700178
119,2,delivery-02,overview,CORE,TEACH,,Why this matters,Classified,36732a6804838a28d217cc807ffe809f75f3fe8ad3bb5b73a94f9ce28cbcffe2
119,3,hook,hook,CORE,ASK,,How should we store a class register?,Classified,aff385442bb66d0fe32267b428e846d5ceb8bf4d7e280f81c23ef195b0a667e3
119,4,concept,concept,CORE,TEACH,,"One array, many records, same record shape",Classified,8807529aaba66129da4be175a327e4e161a0e7020e9ac159bec261adaea6e1d6
119,5,explanation-concept,concept,OPTIONAL,EXTEND,,"One array, many records, same record shape",Classified,2677c972c5b34850e1d341ee940a604307502785ba0b37401fd74794e6dee386
119,6,declare,declare,CORE,TEACH,,"Define the record type, then declare the array",Classified,554c4bd336b75c426ffea9c03ef430e7cdaf393db2d8b828957e19925cba7b27
119,7,explanation-declare,declare,OPTIONAL,EXTEND,,"Define the record type, then declare the array",Classified,1a42980de5286d08a36964c83c4d07e2d855de475ddddbdf121100cb1db68975
119,8,access,access,CORE,TEACH,,"Index first, then field name",Classified,31d0d6f2198016be73c8aba773eaff36ffdfa933b43a720b867a2f1d9037d0fa
119,9,explanation-access,access,OPTIONAL,EXTEND,,"Index first, then field name",Classified,14cd8023ec8f535b5b31ac94a8f993a19b9f0dbd65652877d33856844c31f486
119,10,traversal,traversal,CORE,TEACH,,A loop visits each record; field access uses the loop index,Classified,e034529a73d06069d34fa8d9e59b113873cf11e631bc312f5b68df9254bbf92d
119,11,explanation-traversal,traversal,OPTIONAL,EXTEND,,A loop visits each record; field access uses the loop index,Classified,70ede3afa5cb641e50f384f1b7031a694454847375801591c858b5c72866f481
119,12,operations,operations,CORE,TEACH,,"Search, count and update fields",Classified,9c09d8a808223311e93abdb51e0767e260d7c9c1e59b3261ec0c5815567ca5d6
119,13,explanation-operations,operations,OPTIONAL,EXTEND,,"Search, count and update fields",Classified,8fa50193a254afa20bca5830e82fdf8076829ed77b644c900d6164319af30819
119,14,pseudocode,pseudocode,CORE,TEACH,,"Same structure, different syntax",Classified,a45ba59aa8fe158cb83aa7c641d2ac5ddba2eb4826fcf24d3345f6e6df1968ff
119,15,explanation-pseudocode,pseudocode,OPTIONAL,EXTEND,,"Same structure, different syntax",Classified,9c3b268d6af072ce51e568f4f7da95810fa0e21c8c7df185173fecc96174efef
119,16,explorer,explorer,CORE,TEACH,,Read a field from a selected record,Classified,5031f6d743b03d32a0e5bd828130f49bbc5639895a57a22340d4b684b4993645
119,17,explanation-explorer,explorer,OPTIONAL,EXTEND,,Read a field from a selected record,Classified,c29fd30f6673eace39a45efc30eb0f8109642f4ed2d8578d665235c80e6ba7bc
119,18,trace,trace,CORE,TEACH,,Count students with marks of 70 or above,Classified,b1c3f4248da8fd42e832d523a2d0016c1221b8b5afa448bf4c06324edf4f9fed
119,19,examples,examples,CORE,TEACH,,Array-of-record algorithms,Classified,1a7fb433a63b4bf05dff2b205e8c0c43f514859cb5b29bfb1257aa54b12f7cc6
119,20,practice,practice,CORE,PRACTISE,,Ten quick arrays-of-records checks,Classified,93e6c157affc220dc5d0efe91161c670e3d18327fc55a9caa627e0245f90eb12
119,21,debug,debug,CORE,CHECK,,Fix common array-of-record errors,Classified,a72cc01170abeda23d36d6232bb3a77881982696e130d472fe2a087733630c59
119,22,exam,exam,CORE,EXAM,,Original Cambridge-style questions with expandable MS,Classified,232f0f140ae9cf535014d9ee00d815b171711523b5bcd594402062808895be96
119,23,summary,summary,CORE,CHECK,,Array of records checklist,Classified,872671b485cf53d710e37dd88daed9e2e9149f6ca92d2527de11a1467f706125
119,24,homework,homework,AFTER_CLASS,HOMEWORK,,"Produce precise pseudocode, not just a description",Classified,184318c349ac2df26405aa11d218dbc6c7a1f8971f915002c95f2201087b52ef
120,1,stage2-completion,stage2-completion,CORE,TEACH,,Why files are needed and how text-file pseudocode works,Classified,409aefae1c32f3b5c5ceb225c67568e98fe812de9aa18768f338b2f0cace3df2
120,2,explanation-pseudocode,pseudocode,CORE,TEACH,,Cambridge pseudocode is the exam answer format,Classified,7c44c2d2f02af9751ccf797b77455ee6c482fa8ba818db9a70035258a930ee8a
120,3,stage2-practice,stage2-practice,CORE,PRACTISE,,Why files are needed and how text-file pseudocode works: apply and assess,Classified,e973d79b8c19ec1569116a0937a378a7109d98cdfaef6c25c97be8279ec58af9
120,4,overview,remediation-v2-stage3-optional-120,OPTIONAL,EXTEND,,Text files let data survive after the program ends.,Classified,b38c415ffbffab579dfa03de25be17a9abbbbb288605136e8b2ea8adf5b639f8
120,5,delivery-02,remediation-v2-stage3-optional-120,OPTIONAL,EXTEND,,Why this matters,Classified,99f9d48d0d79b51f851acf2cbe63c7019cec24fc190e56d9e37c003c541b5016
120,6,hook,remediation-v2-stage3-optional-120,OPTIONAL,EXTEND,,Why did the program forget the scores?,Classified,e8aa6501a04e9c913a1b330ca4804f8ab879c9da01aa891efb6a43c863f153ea
120,7,concept,remediation-v2-stage3-optional-120,OPTIONAL,EXTEND,,"A text file stores characters, usually processed one line at a time",Classified,8f823e6b85dca14dc84065924e0c08e870b5c259849b64af9bef8df0944259df
120,8,explanation-concept,remediation-v2-stage3-optional-120,OPTIONAL,EXTEND,,"A text file stores characters, usually processed one line at a time",Classified,0068ce921393b3cc759f97e6a4d5c651f33fc06a82553407d31862a67af33cbc
120,9,lifecycle,remediation-v2-stage3-optional-120,OPTIONAL,EXTEND,,"Open, process, close",Classified,25b589f9e7d03a872273e6efd2907863f1109356f18304dbb7141f1e4d80cc5e
120,10,explanation-lifecycle,remediation-v2-stage3-optional-120,OPTIONAL,EXTEND,,"Open, process, close",Classified,aa637826c9874fc7c31bcdf34abab45b4465d6ae47af6dc27b185886b7e5d8ad
120,11,modes,remediation-v2-stage3-optional-120,OPTIONAL,EXTEND,,Choose the mode before touching the file,Classified,6f03101ab267153b6a57caafc7fe2522bb7f673425f54297ced85ccc9b3bca93
120,12,explanation-modes,remediation-v2-stage3-optional-120,OPTIONAL,EXTEND,,Choose the mode before touching the file,Classified,e1ed9d96ff2ae868e5495e20fb3f00212cd959d30173e0804d0b7fb4a0c36d8d
120,13,read,remediation-v2-stage3-optional-120,OPTIONAL,EXTEND,,Use EOF so the loop stops at the end of the file,Classified,0e62683e592c3113905ae12a2907de0edbad27e8cf3dddc80e891526c33050ef
120,14,explanation-read,remediation-v2-stage3-optional-120,OPTIONAL,EXTEND,,Use EOF so the loop stops at the end of the file,Classified,f68bd266f21e746915ce25204243ca6fa9a097e074cf581713a4aec47e58ebdb
120,15,write,remediation-v2-stage3-optional-120,OPTIONAL,EXTEND,,Write creates a new result; append adds to the existing story,Classified,512c0c26fa8113fc5db93c5c748abd8073b4f2b53f7364369590df3b4c708146
120,16,explanation-write,remediation-v2-stage3-optional-120,OPTIONAL,EXTEND,,Write creates a new result; append adds to the existing story,Classified,c8e537ba88bd6195241322aacf66609f76fbf52d4f987cc602b102a8d597e32b
120,17,records,remediation-v2-stage3-optional-120,OPTIONAL,EXTEND,,A text line often represents one record,Classified,c26be47f864d12ab022032466f3ff110a8fd46f117c0ef849a5125e942ca2097
120,18,explanation-records,remediation-v2-stage3-optional-120,OPTIONAL,EXTEND,,A text line often represents one record,Classified,1bd21fe729fda2a0e7be3294c879bfb8c89dee8e3de39edf05d1c329d516c1fd
120,19,pseudocode,remediation-v2-stage3-optional-120,OPTIONAL,EXTEND,,Cambridge pseudocode is the exam answer format,Classified,00e3db2b27a256a223ca5ea8a429c7a7821cfc119a8bd2460d8c49f5c377c2a6
120,20,mode-lab,remediation-v2-stage3-optional-120,OPTIONAL,EXTEND,,Choose the correct file mode,Classified,9f9b130d06097ba38c343029e7588224f6ffb6dc1c43b747e1d457ffe46c0f45
120,21,explanation-mode-lab,remediation-v2-stage3-optional-120,OPTIONAL,EXTEND,,Choose the correct file mode,Classified,2dea646250e2c0d3b09d1a735bc808b8c03112fd8ddc2469c61cf26e3ec685bd
120,22,reader,remediation-v2-stage3-optional-120,OPTIONAL,EXTEND,,Step through a WHILE NOT EOF loop,Classified,0104971275a82710bec110be5c098a3a296f8681627f8a4174b4a913394079e4
120,23,explanation-reader,remediation-v2-stage3-optional-120,OPTIONAL,EXTEND,,Step through a WHILE NOT EOF loop,Classified,4b68171067cbed036dbbbb5d5255b515455de99171149b420b3bf4323967817b
120,24,examples,remediation-v2-stage3-optional-120,OPTIONAL,EXTEND,,File algorithms that earn marks,Classified,3fe7b87b3765a485891926ded510d8f838bdc8ad0ee25fa99dc1d5c20fe1d621
120,25,practice,remediation-v2-stage3-optional-120,OPTIONAL,EXTEND,,Ten quick file-handling checks,Classified,56a54178d0d1f0a2abcda2c1901c19154aaba8748f572e8d9ed1b81e78aec45b
120,26,debug,remediation-v2-stage3-optional-120,OPTIONAL,EXTEND,,Fix common text-file errors,Classified,a3995a7a1dbe8c0870fe3c3fde857fe1654786b8f8e16792140d43fcf808ecf3
120,27,exam,remediation-v2-stage3-optional-120,OPTIONAL,EXTEND,,Original Cambridge-style questions with expandable MS,Classified,2f48ef8f31b94585cb581c8d5bbad0624a18fe795b1142343e83e2a3b391f82e
120,28,summary,remediation-v2-stage3-optional-120,OPTIONAL,EXTEND,,Text file checklist,Classified,4f3387b47678abcf96542dcd59866ec736d6ae4f1f1987ba4d5933c7a1ca1a59
120,29,homework,homework,AFTER_CLASS,HOMEWORK,,Write complete file pseudocode,Classified,d7ee90cfe0fdefe6e547dd59934715a583a0543c17c83ccdd6947ca017586ad5
121,1,overview,overview,CORE,TEACH,,A CSV-style file gives each text line a predictable structure.,Classified,1a50871c738fb6140f25a67b602d015ce478d496d5e7fc0f46c07e76812a1ed3
121,2,delivery-02,overview,CORE,TEACH,,Why this matters,Classified,628a9e72c7688e70b7d84000649932530fb20bd9218bbe964522f50fbe343ef1
121,3,hook,hook,CORE,ASK,,Which line is useful to a program?,Classified,50909af32b7906414718bc373e240739c274e310c53ca50a747ad404701a7869
121,4,concept,concept,CORE,TEACH,,CSV-style means separated fields in a fixed order,Classified,f74c23c2b04d4b0812966bbe703b5cb087464473338e2d11a7ea8a3872e346d3
121,5,explanation-concept,concept,OPTIONAL,EXTEND,,CSV-style means separated fields in a fixed order,Classified,6c2a816c1bd27abdebfbee4fd1637bd5c42eabda1bb6f37c7bb334427b4069d1
121,6,format,format,CORE,TEACH,,Design the format before writing code,Classified,3ce2cd059c0edefeb4c1508c568f36a0ca00f965d1b10cbca1bab7a9b38a40cb
121,7,explanation-format,format,OPTIONAL,EXTEND,,Design the format before writing code,Classified,dc70a849cd5706bac5ed27e97b19afc001c661b3889093c3d7e0dd496126dfd3
121,8,parse,parse,CORE,TEACH,,Read the line before splitting it,Classified,f62d0a22b2051f5494ff381be11c041052e408c4f01af486474de16f6d765044
121,9,explanation-parse,parse,OPTIONAL,EXTEND,,Use question-supplied CSV functions exactly,Classified,f43289382e6969ed5bb2cf7bc8ba1311fa5ea7e9b262ef92eb352d6dc8e2b37b
121,10,validate,validate,CORE,TEACH,,A structured file can still contain bad lines,Classified,e15d65afbe930e9855a3910bc002654dd2e2c4c952ca931c20ff2716b0fbe1ec
121,11,explanation-validate,validate,OPTIONAL,EXTEND,,A structured file can still contain bad lines,Classified,ae329dcee9211315a13c78ad1ddbb0f7de87b6a7601355fd3cf46be9b91f9812
121,12,types,types,CORE,TEACH,,"CSV fields arrive as text, then become useful values",Classified,2e4cad93571bceb08e4e5d6799f958c63dac048f10b7dcec653bb959a69f6cc2
121,13,explanation-types,types,OPTIONAL,EXTEND,,Convert CSV text before numeric comparison,Classified,8091a5cef3d09fd0efcae4691621fad8a3136567a257f925da0473d5924aaaa7
121,14,pseudocode,pseudocode,CORE,TEACH,,"Java split helps understanding, but Cambridge pseudocode remains the answer format",Classified,4ff129803b93dd695e1206e5b59df07ae8c58b64705205095585721cc2411e09
121,15,explanation-pseudocode,pseudocode,OPTIONAL,EXTEND,,Question-supplied functions versus Java methods,Classified,a181e31792ec8df802a8f1607cb512762a935893bf11ad0258eddb8a84fe9893
121,16,parser,parser,CORE,TEACH,,Split a line into fields,Classified,2be05cf4361b0502dd6c2622fb1da3cf334b13565c6ed96130ad471f1b5018ff
121,17,explanation-parser,parser,OPTIONAL,EXTEND,,Split a line into fields,Classified,1db1ac30634d9b200f7d7cc1ac4b9c3b6c346c904d2a3257ff894755d7318fa1
121,18,validator,validator,CORE,TEACH,,Check field count and mark type,Classified,d542c8ccf3304c8da74b1e85d81787cf01fb2e5c975c2e149822310e1c7618cd
121,19,explanation-validator,validator,OPTIONAL,EXTEND,,Check field count and mark type,Classified,1c016e900ae80cac469642d1c9ecd3e985195fe361c9de1a1aef53eac033334b
121,20,examples,examples,CORE,TEACH,,CSV parsing patterns,Classified,f78e89c49bde7e0d4c8e832780e74b0b50d6b09e8d8f0fe76440efeb5e50a109
121,21,practice,practice,CORE,PRACTISE,,Ten quick CSV checks,Classified,5e49d8b53e2ad968e48735e033d8bb3fccd273f2b9998e1ab6e4189b6a815b7f
121,22,debug,debug,CORE,CHECK,,Fix common CSV-style file errors,Classified,cd80df358b2bd60acf9fbf8b8fb655ba842257f5aa5dd1293af77781b176cc91
121,23,exam,exam,CORE,EXAM,,Original Cambridge-style questions with expandable MS,Classified,46dac0b461992d883368e2e10d3766b1ca026e208e5fe8dc5d7663eafc172ad4
121,24,summary,summary,CORE,CHECK,,CSV-style checklist,Classified,38d78638fd7c007e50c5afcfa0e7f0115a0767d8a305dcb9a65dc4f7889ec9b8
121,25,homework,homework,AFTER_CLASS,HOMEWORK,,Design and process a CSV-style file,Classified,d677515b12d5e785ce0169bc9a963ad9953d263319a722fb009b4872c5c67a7a
122,1,stage2-completion,stage2-completion,CORE,TEACH,,"Abstract data types, operations and justified selection",Classified,636b51daae6466ed66e550c3a2194f2b6e9b7cbc9e967d4dd52862aecdcc5f32
122,2,explanation-stack,stack,CORE,TEACH,,Why one open end creates LIFO,Classified,64d66bff24cd6e0b65989c1b6c4573dc8df4fcfa90a72ce0c4a3080aa4423ca5
122,3,explanation-queue,queue,CORE,TEACH,,Why two ends create FIFO,Classified,df8c416b25e49a4eb92d8998edbc9d8377fd6251023952e732aa925cd6a81bd0
122,4,explanation-implementation,implementation,CORE,TEACH,,"Implement stack, queue and linked list using arrays",Classified,74dc91fd925bca215986d9d4cf2d97334237b853208a0d8553813af216714f12
122,5,explanation-concept,concept,CORE,TEACH,,An ADT is data together with permitted operations,Classified,674883c658d3ed1ba02173b4daf22afd1cd698634f8e95dfc4df0f6d97acb293
122,6,stage2-practice,stage2-practice,CORE,PRACTISE,,"Abstract data types, operations and justified selection: apply and assess",Classified,5ea3a013f730837f025d7c90f03aab1f53dd20c3b467cc6319f707f5ed098843
122,7,overview,remediation-v2-stage3-optional-122,OPTIONAL,EXTEND,,"An abstract data type is defined by what you can do with it, not by the box it lives in.",Classified,dfb1f82d420b4ff6048afabdf9a2419298938a554a57482b6df0eca9b148ccb2
122,8,delivery-02,remediation-v2-stage3-optional-122,OPTIONAL,EXTEND,,Why this matters,Classified,a9cb54a84752ebf3aa5b6c8f8213db69c0999e0cc3889c00575642824679ba12
122,9,hook,remediation-v2-stage3-optional-122,OPTIONAL,EXTEND,,Who leaves first?,Classified,0bdf6cf1e7d2607071c815532f2912c2967c94b6237934116ee23e6c700667a4
122,10,concept,remediation-v2-stage3-optional-122,OPTIONAL,EXTEND,,"ADT means behaviour first, implementation second",Classified,41f0b842a70c924ae77fe4d6a6e38dab81c7015292c849c519045d564eb87524
122,11,stack,remediation-v2-stage3-optional-122,OPTIONAL,EXTEND,,Push adds to the top; pop removes from the top,Classified,00eab98dffcf02c2b4c38ac139567eda4ce67999ab524ce960ea45d03a8f6a2e
122,12,queue,remediation-v2-stage3-optional-122,OPTIONAL,EXTEND,,Enqueue adds at the rear; dequeue removes from the front,Classified,e47c8f5971d088fa3547833d95795874d5713a12664fbcdebefc6137ba71994c
122,13,operations,remediation-v2-stage3-optional-122,OPTIONAL,EXTEND,,Use the operation name that matches the ADT,Classified,aed8995566e6868b5b30794002fb1a9ea06dfbccd6cde74f46cd656b946b8c5f
122,14,explanation-operations,remediation-v2-stage3-optional-122,OPTIONAL,EXTEND,,Why operation names preserve meaning,Classified,eabb420d00e4729a7da68d43b3c327e285b19ea84d8b2544c44a5b8cee850702
122,15,errors,remediation-v2-stage3-optional-122,OPTIONAL,EXTEND,,Check before doing the operation,Classified,cb4ecc3256fc558582f5d6a2028807ac6c7cf31e39f6cb50c8956501a8a89886
122,16,explanation-errors,remediation-v2-stage3-optional-122,OPTIONAL,EXTEND,,Why boundary checks come first,Classified,828403d4962091d9e4766d4080403c0ab8c0872992465ad7e433752e05e8a8c4
122,17,implementation,remediation-v2-stage3-optional-122,OPTIONAL,EXTEND,,"An array can store the items, but the ADT rule controls access",Classified,a7b1300868986ed7811b25c5fa199752c43a0d2b174b68d8ede642ef4905ba5d
122,18,pseudocode,remediation-v2-stage3-optional-122,OPTIONAL,EXTEND,,Use Cambridge-style operations in exam answers,Classified,ab4f0bdff076456679420720424666b1c5d4719101461fc9cf31ed55eaefd11f
122,19,explanation-pseudocode,remediation-v2-stage3-optional-122,OPTIONAL,EXTEND,,Why pseudocode must expose state change,Classified,b739b3280b751523c0dc715862804ad5f9760cc7b724db4f1598d05a19ac53c8
122,20,simulator,remediation-v2-stage3-optional-122,OPTIONAL,EXTEND,,Compare stack and queue behaviour,Classified,bec5c5ecfa589b3d026736214e3476c68f7089d8616a478a7b424f69a4986c3f
122,21,trace,remediation-v2-stage3-optional-122,OPTIONAL,EXTEND,,Step through a mixed operation sequence,Classified,c20de691ca4024b5f4ef48696425cd2963c3a766c4cc85d2d94c92eb0f1b1f09
122,22,examples,remediation-v2-stage3-optional-122,OPTIONAL,EXTEND,,ADT traces and checks,Classified,9b9371c384df5bde09897b76831df74990752308a7fa4ec9b9f567d342743495
122,23,practice,remediation-v2-stage3-optional-122,OPTIONAL,EXTEND,,Ten quick ADT checks,Classified,cd902203bc85bf6b365599e1f0522c506db0c79a0669be630e55bca2ef34da80
122,24,debug,remediation-v2-stage3-optional-122,OPTIONAL,EXTEND,,Fix common stack and queue errors,Classified,24611786abe872e593469b8d01ee0fe1384b427d2f487e798e7f6a083943d2ec
122,25,exam,remediation-v2-stage3-optional-122,OPTIONAL,EXTEND,,Original Cambridge-style questions with expandable MS,Classified,6b6cc9f0fb5a2f02151db3f0fdb13b958f57d682e1b60bb24c9e39428195d65d
122,26,summary,remediation-v2-stage3-optional-122,OPTIONAL,EXTEND,,Stack and queue checklist,Classified,2f22811327638404629ae7120f9d3abec116a2e73bfb3726ae6c41ef216fedda
122,27,homework,homework,AFTER_CLASS,HOMEWORK,,Trace before you code,Classified,7bc43554b1814eeda48e4eaf107717a7b89bc22c49ed3a9f33491318876623a9
123,1,stage2-completion,stage2-completion,CORE,TEACH,,"Choosing stack, queue or linked list",Classified,afbd2813eb9dae2aef40344c7ef7f29f193a17d3a9fe8cb8f8043bb28a665e17
123,2,stage2-practice,stage2-practice,CORE,PRACTISE,,"Choosing stack, queue or linked list: apply and assess",Classified,be92567a61efc26b6761dea953d33f894ea02c8dc14d3d1278657901f14e36f7
123,3,overview,remediation-v2-stage3-optional-123,OPTIONAL,EXTEND,,The best data structure is the one whose access pattern matches the problem.,Classified,771ab67041b518b0ce23a790c5790b4359fe3a5bc841a2ebff2b5eae512d0228
123,4,delivery-02,remediation-v2-stage3-optional-123,OPTIONAL,EXTEND,,Why this matters,Classified,7c39f419947c017cade361b33811811f3a915ffca27486048a70d0139e715ec9
123,5,hook,remediation-v2-stage3-optional-123,OPTIONAL,EXTEND,,Would you store a class register as 28 separate variables?,Classified,558578224a69d987dcaf0a0627d56ffc9c03bc9c1af4812957c179d8a9b0daec
123,6,criteria,remediation-v2-stage3-optional-123,OPTIONAL,EXTEND,,"Start with the data and operations, not the keyword",Classified,bd0321b17b5532ebaa646e25e332b322bb85519bfcb028a7f006b8adc6ed69b8
123,7,explanation-criteria,remediation-v2-stage3-optional-123,OPTIONAL,EXTEND,,"Start with the data and operations, not the keyword",Classified,df42646a1954dc3b37c5e667e536d29dbc2991e93522df87455d271dca3f5b6f
123,8,array,remediation-v2-stage3-optional-123,OPTIONAL,EXTEND,,Use arrays for many similar values accessed by index,Classified,bfe6560e3f564860bf126f22ea24c7d67e6b82c4fe84ccc7b298c04108962006
123,9,explanation-array,remediation-v2-stage3-optional-123,OPTIONAL,EXTEND,,Use arrays for many similar values accessed by index,Classified,10ec4e769dc3be8808385363e096e409daf8b214ab47565049679558264a288b
123,10,record,remediation-v2-stage3-optional-123,OPTIONAL,EXTEND,,Use records when named fields belong to one entity,Classified,e2214ffb2bce2e6295b545f8c414f2d7c99b043f5d56e2c38bc9d925f2abb899
123,11,explanation-record,remediation-v2-stage3-optional-123,OPTIONAL,EXTEND,,Use records when named fields belong to one entity,Classified,746a9d0a6caf205cda329c9825b0ef7d8afdd926c8d26fc9a15b4b283a409be8
123,12,file,remediation-v2-stage3-optional-123,OPTIONAL,EXTEND,,Use files when data must persist or be exchanged,Classified,770517611cb29942daaf45020e358139389218455a1b7a3be02a032e1aa454c8
123,13,explanation-file,remediation-v2-stage3-optional-123,OPTIONAL,EXTEND,,Use files when data must persist or be exchanged,Classified,8495273ef4085cad9a34962c5e9c9cef057dfa75fdbd927c863e99f97707e15d
123,14,adt,remediation-v2-stage3-optional-123,OPTIONAL,EXTEND,,Use ADTs when the removal rule matters,Classified,c09e8c484d94e529ee6ab920203f8a820f5f90d9fe8535d1c885784726ac9e8a
123,15,explanation-adt,remediation-v2-stage3-optional-123,OPTIONAL,EXTEND,,Use ADTs when the removal rule matters,Classified,5cc938634b4d0ff1461463d6d7111c5f098808c8c118ad31c7f1c0774dab31f3
123,16,decision,remediation-v2-stage3-optional-123,OPTIONAL,EXTEND,,Match scenario evidence to structure features,Classified,7f991753d1003b104782102f6393e0f7eaa62df0a87cf99a43f176e6ac5eb885
123,17,explanation-decision,remediation-v2-stage3-optional-123,OPTIONAL,EXTEND,,Match scenario evidence to structure features,Classified,ac22e21656059c09eb0616ddb9fb94b83dd8a0f0c93c34fb9353c905325fb347
123,18,pseudocode,remediation-v2-stage3-optional-123,OPTIONAL,EXTEND,,"Cambridge answers should justify the structure, not advertise a Java class",Classified,31647eaafdd9d262450233af090c99dc34db7cba2148cf43b800e415643227cf
123,19,explanation-pseudocode,remediation-v2-stage3-optional-123,OPTIONAL,EXTEND,,Justify the data structure in Cambridge answers,Classified,22c8cb69f9020795d34d43abce43272ec6d8962c6d250aa4e1c4b27eaa7f9922
123,20,chooser,remediation-v2-stage3-optional-123,OPTIONAL,EXTEND,,Select the best structure for a scenario,Classified,2b816aa302797c474dc806bfb3dad91abaf4a22618dfd5bdf26d4a2a2fdf368d
123,21,ranker,remediation-v2-stage3-optional-123,OPTIONAL,EXTEND,,Spot the answer that would earn marks,Classified,f2e147348ef6ffa8021b9914d7a333a06a774b565d5914a6813ba12fcde9948e
123,22,explanation-ranker,remediation-v2-stage3-optional-123,OPTIONAL,EXTEND,,Spot the answer that would earn marks,Classified,e2840abfd926ef44502e011d905e040f1de75f29b75407ca948cea8ea8153d05
123,23,examples,remediation-v2-stage3-optional-123,OPTIONAL,EXTEND,,Selection answers that explain the choice,Classified,c3bf49b414bbaa01b82852e80394e21ca1935c39d0ff2af15c925ba4b0a1aa85
123,24,practice,remediation-v2-stage3-optional-123,OPTIONAL,EXTEND,,Ten quick data-structure choices,Classified,e779ef1e988e2004fabe7be57fbd99943ce63525de2631af4e042f04f1377cc7
123,25,debug,remediation-v2-stage3-optional-123,OPTIONAL,EXTEND,,Fix weak structure choices,Classified,c450df5cb5fce1995b707b459f6d44dc1cb122ee1e00dfe94d43a9e5b19646c7
123,26,exam,remediation-v2-stage3-optional-123,OPTIONAL,EXTEND,,Original Cambridge-style questions with expandable MS,Classified,eb6f2148910c87e0f47f415bc69e0cc101bde0d5e0ee35442260c8d7b8547ab8
123,27,summary,remediation-v2-stage3-optional-123,OPTIONAL,EXTEND,,Choice checklist,Classified,4cfb2ff78991e4b47dc72e68e1119359e3d68b896caa4e22b35d24d5c5575638
123,28,homework,homework,AFTER_CLASS,HOMEWORK,,"Choose, justify, reject",Classified,4cc99535808934beda4304778b0e88fa07d10099ee21736d359bc7a60a10ea07
124,1,overview,overview,CORE,TEACH,,"Java helps you understand programming, but Cambridge pseudocode is the exam language.",Classified,cf65456d93fc536dfcb180c69e475d555d1da73a32c535ca8d8ea282a9cbfbcf
124,2,delivery-02,overview,CORE,TEACH,,Why this matters,Classified,7fdb3097282baf748660a7ded1fc26ece20bdebc53ef855d73822661d52e1f82
124,3,hook,hook,CORE,ASK,,Which answer belongs in a Paper 2 pseudocode answer?,Classified,7cee0ca11a1877876373e22e2ff74c663518db54bc5a433569c26efefe31d2bb
124,4,principle,principle,CORE,TEACH,,Do not mix the two languages inside one answer,Classified,82ae43798c409be3923e315fd1137c35c0df9f42f45373dfe1dbd0a59c4fac65
124,5,explanation-principle,principle,OPTIONAL,EXTEND,,Do not mix the two languages inside one answer,Classified,01cac54c386ba39b87009c5ab56cc885b1bca0527f7066ccb42cd92df58bfe7d
124,6,types,types,CORE,TEACH,,"Map concepts, not spelling",Classified,bbc48375139184e720df80479a124e09d99f4df29a7669be22abac3d4460d70f
124,7,explanation-types,types,OPTIONAL,EXTEND,,"Map concepts, not spelling",Classified,9e2ee956d709e412101af216d765c8d6228e9b0ea846a0098ad91a09907ca1d6
124,8,variables,variables,CORE,TEACH,,Declare first; initialise separately when needed,Classified,758471ea237b4830f0aa59ae09c07498d32b65db8686c3610d72aa61072d44b0
124,9,explanation-variables,variables,OPTIONAL,EXTEND,,Declare first; initialise separately when needed,Classified,9a3841551cd2fa5fe85564ee0325a18b7bec5f734b9be1390c5bf3146b4ebac1
124,10,constants,constants,CORE,TEACH,,Constants are named values that should not change,Classified,b6b0af14ee0cb62c2ad17f3e81c52b9df20488a0fd43817f7fd63de7f5685081
124,11,explanation-constants,constants,OPTIONAL,EXTEND,,Constants are named values that should not change,Classified,2ba05409bb098043b507997ec9e7ade2f0e705c98a9a1b709484d2a255050bd4
124,12,arrays,arrays,CORE,TEACH,,Cambridge array bounds are stated explicitly,Classified,1d478707721d869445cfd4894c5c5847f9a7f8a4efa88cbc3ac056fc56c98c7f
124,13,explanation-arrays,arrays,OPTIONAL,EXTEND,,Cambridge array bounds are stated explicitly,Classified,97fdee7388ab063b386aa2070a805420c28dd5b528b204b13ffcca7396f84957
124,14,records,records,CORE,TEACH,,Record declarations use TYPE and ENDTYPE,Classified,95ffe6f131e1dcd97629a4b1575396536fe470dad86a5444ba438e7afbd89dd4
124,15,explanation-records,records,OPTIONAL,EXTEND,,Record declarations use TYPE and ENDTYPE,Classified,9ceed052ba6a9d8a04710372baf7a5e04ad6c668b2c028d6a9f96812bccc8e7e
124,16,assignment,assignment,CORE,TEACH,,<- changes a value; = usually tests equality in conditions,Classified,f0193d2f89e6acce4446a3cc5b33228e1b029b647d0d3d7d6a253936f9048e3f
124,17,explanation-assignment,assignment,OPTIONAL,EXTEND,,<- changes a value; = usually tests equality in conditions,Classified,64d3d8694c49676263dad925bb264fbac9f7b5b2ecb7f09bba92ba94882ea862
124,18,converter,converter,OPTIONAL,TEACH,,Convert Java-style meaning into pseudocode,Classified,0853455aba1afa407c591cf04e69827007b75857f7692a896f15d09446df9270
124,19,sorter,sorter,CORE,TEACH,,Which syntax belongs to which answer style?,Classified,3be6679ad327f5ab9331c16aba3641714e342a6a1a18024bd61d035397fed5ee
124,20,explanation-sorter,sorter,OPTIONAL,EXTEND,,Which syntax belongs to which answer style?,Classified,907b90750f5325565105f7f3d63dea91ee0ace8074b71ff8854acf0614b64c3d
124,21,examples,examples,CORE,TEACH,,Declaration conversions,Classified,edc22817138bed97ef7f4dbca3cd9834ae36c87400fc361d584b8b01a1886b51
124,22,practice,practice,CORE,PRACTISE,,Ten quick declaration checks,Classified,ebfc071907e34d5342fb104d75555cde32cb5a6b15bd08bc58ab644a97cb3669
124,23,debug,debug,CORE,CHECK,,Fix mixed-syntax answers,Classified,303b7311a98c930e20d986c37fe973cd22081e55d7422b5513804f2fd9baa967
124,24,exam,exam,CORE,EXAM,,Original Cambridge-style questions with expandable MS,Classified,f4cbd16e29f7e40d9249df21a96595d44b8c618749f8894733c73f7976cd7a7d
124,25,summary,summary,CORE,CHECK,,Declaration checklist,Classified,4cce0e7828d5633625886acd066d0b5836c158228561356c803738f2250b0818
124,26,homework,homework,AFTER_CLASS,HOMEWORK,,Translate without mixing syntax,Classified,550ea19da1b4ec7139d65f808ddc3b6c891f165027426283e97cff698c8f56b9
125,1,overview,overview,CORE,TEACH,,"Before answering, choose the right data model.",Classified,a488ff2e868c2dff3239c5516080536d35ed7283dcd9b3baa3f80d350411a6ec
125,2,delivery-02,overview,CORE,TEACH,,Why this matters,Classified,c2ef5a3b472c3949aa42f74800804b214b90a109937d8dc37be0787b2fc3ad7c
125,3,hook,hook,CORE,ASK,,"Topic first, answer second",Classified,14da0cb69a5443d32b3f3e2a97a57ad3681b9d93412bde71ae127e5e00ee44cf
125,4,map,map,CORE,TEACH,,Section 10 in one review grid,Classified,adc2d07c480e7ecd3b04544acd1aa95a384d9880d761507b9b70c538846aee9d
125,5,explanation-map,map,OPTIONAL,EXTEND,,Section 10 in one review grid,Classified,ea9ddfe9f800f64ea9a76c4254bf3c04f8f4d66794b9de261e8db5247ac603eb
125,6,decision,decision,CORE,TEACH,,A good answer names the structure and the reason,Classified,ba7aa3a44fd47618aa42276e3336babcbd8f4b7758651fceaf92452172f102f7
125,7,explanation-decision,decision,OPTIONAL,EXTEND,,A good answer names the structure and the reason,Classified,a8d0ae6da856df2bb312b93802c1857adb23afb3dec79fb560db9522f3fdb28e
125,8,files,files,CORE,TEACH,,Files preserve data beyond the running program,Classified,892e36509850a25e930b158c3df81aee513e76562ea8e49aaa0e1ec29e1150b0
125,9,explanation-files,files,OPTIONAL,EXTEND,,Files preserve data beyond the running program,Classified,a0df687eb6e6fdb1588208807b1ffdf74bd0e1393e83db1c62f1e491195d56c4
125,10,adts,adts,CORE,TEACH,,Order of removal is the key clue,Classified,70e0123d8cdbab1d135a2c26b9d720bb52fc91101eb3bc4ee65fa5ec87a764ea
125,11,explanation-adts,adts,OPTIONAL,EXTEND,,Order of removal is the key clue,Classified,05cc75d9e0dfef0419a8e26f73346fe43dc2ee658b90231508ace87f00060600
125,12,declare,declare,CORE,TEACH,,Cambridge pseudocode remains the exam standard,Classified,57d4997ec92d1733b6d6d7a744bbcdb9b5d5a7f0f12cc350847f9dfb11936639
125,13,explanation-declare,declare,OPTIONAL,EXTEND,,Cambridge pseudocode remains the exam standard,Classified,581c260eba6c926cf14817867c213b8e8bdd0714f7e27cd0b8ddf7674b34094d
125,14,marks,marks,CORE,TEACH,,Upgrade vague words into credit-bearing words,Classified,41710f5920247c6b363fcbcc3cf8ec8f166b61c5244ca90394e443799cae74ef
125,15,explanation-marks,marks,OPTIONAL,EXTEND,,Upgrade vague words into credit-bearing words,Classified,55b224894f957a33bc9d28a012a76a21793d4724575bc788085ee8af7c96d751
125,16,classifier,classifier,OPTIONAL,TEACH,,Classify the scenario before solving it,Classified,e0c3bf8a5e83474bd65ee4af3a7f1318038718b95df139c992b7061b450f9867
125,17,improver,improver,CORE,TEACH,,Turn a weak answer into a useful answer,Classified,ed2331d4a69a04dc9865dbd81b042b2885611f99bccafaf4dc2d0f1a9e82de50
125,18,explanation-improver,improver,OPTIONAL,EXTEND,,Turn a weak answer into a useful answer,Classified,493d5563d1b58258663827c5543451d7e93a73c741c9951d6cbc2e07764d6a84
125,19,examples,examples,CORE,TEACH,,"Four mixed questions, one decision habit",Classified,b93139613e031d2d853f4ff37fe500d3abea434a78e9cd1a28ec819a198b6e8a
125,20,practice,practice,CORE,PRACTISE,,10 quick checks,Classified,8759441893d6704362e2a5aebb580a19a5f7f499f0b3c9b0efab235414a86e99
125,21,debug,debug,CORE,CHECK,,Find the lost mark before it escapes,Classified,49c81d63ed71109bea9eb476b4b0b8c3591ce8e7900046d8a85eeb7b7ceec00f
125,22,exam,exam,CORE,EXAM,,Mixed Section 10 stage review,Classified,56cd223f1ec741b4003cf8ba13ff4b158c5f8ad04dd41d548a73ff29806c0c87
125,23,summary,summary,CORE,CHECK,,One review habit to keep,Classified,b4d2b8dc0ddd86aeb254c5fa2447e2b9b9e565ab77cef6b456d07bbf9967df93
125,24,homework,homework,AFTER_CLASS,HOMEWORK,,Stage review pack,Classified,58bc38f4cbd4d3e0c98752209a58d0f57a7753bc8fd0677cd0e5704d6b49052a
126,1,stage2-completion,stage2-completion,CORE,TEACH,,"Cambridge pseudocode statements, selection and loop constructs",Classified,69f4d1e919c28f8a984f941ab54a68dd50331071e9288cc99e2666ee383e54a3
126,2,explanation-pseudocode,pseudocode,CORE,TEACH,,"The symbol changes, the update idea does not",Classified,8e619bfeed17496454b4819fd1c4fbf2ea02456045e6b52ccc6d9843961fd3d3
126,3,stage2-practice,stage2-practice,CORE,PRACTISE,,"Cambridge pseudocode statements, selection and loop constructs: apply and assess",Classified,02e5e9524dc5d9a8b1142a0da768d34be6e426e997e97cffb27784b35b9881c5
126,4,overview,remediation-v2-stage3-optional-126,OPTIONAL,EXTEND,,"Programs do three basic things: go next, choose, and repeat.",Classified,e2c654c3cd93acdca693571d8933769caa6cf1bcc7912ede138b2b99d45b1984
126,5,delivery-02,remediation-v2-stage3-optional-126,OPTIONAL,EXTEND,,Why this matters,Classified,412616791dee6c718d1fbe94c3f9f13dee514b3df3f5a3db65de869cc1a96c92
126,6,hook,remediation-v2-stage3-optional-126,OPTIONAL,EXTEND,,Find the tiny bug before it gets promoted,Classified,825b154dba81ede6aa85445976ee206bd9edb34ca752fe1207d16e15092707fd
126,7,constructs,remediation-v2-stage3-optional-126,OPTIONAL,EXTEND,,Three control-flow ideas,Classified,93ab7d26a14e1fed357851165b7540f9deae0e66650418a93c80fb27dfe37aa9
126,8,explanation-constructs,remediation-v2-stage3-optional-126,OPTIONAL,EXTEND,,Three control-flow ideas,Classified,ed8057194366fe8e2eacca22de7f337bf669a0490b22c2ac634ac321091c8fee
126,9,sequence,remediation-v2-stage3-optional-126,OPTIONAL,EXTEND,,Order changes meaning,Classified,01d7694ed6a46979281f707f4c9d6bd33c065417159d97b085de62263b2d605e
126,10,explanation-sequence,remediation-v2-stage3-optional-126,OPTIONAL,EXTEND,,Order changes meaning,Classified,17ca65fff6ea8049fe3dc57f7ef94f470698b425aa3172c295b260d071cabace
126,11,selection,remediation-v2-stage3-optional-126,OPTIONAL,EXTEND,,Conditions decide the path,Classified,a962ed2e1a957d4bb839fdb7e755f3820350ce2b12f7715e6fabc586c02055f3
126,12,explanation-selection,remediation-v2-stage3-optional-126,OPTIONAL,EXTEND,,Conditions decide the path,Classified,86871efcf12e85b5db3cebbe1f235b5f6a9869947a025dc9f446ed8d9dac7b1e
126,13,iteration,remediation-v2-stage3-optional-126,OPTIONAL,EXTEND,,Loops repeat with control,Classified,18ffaea4c51590440202e78cc2d727cd65289d2f55f55eb47603be5f69c62f0a
126,14,explanation-iteration,remediation-v2-stage3-optional-126,OPTIONAL,EXTEND,,Loops repeat with control,Classified,9f32a9b897d541d9e4b5b6082cfe1cd776d09523ae0c1f944b42b51023f0df62
126,15,trace,remediation-v2-stage3-optional-126,OPTIONAL,EXTEND,,Trace values in execution order,Classified,2083c64e725c9433073bcacf4100c56b0a6423aa66f2d479504b03564d572207
126,16,java,remediation-v2-stage3-optional-126,OPTIONAL,EXTEND,,"Same logic, different exam language",Classified,b1d1274a0ffefbac75aea55bae21510589ad1d7576ebec4a1c710b2b60ffd84e
126,17,explanation-java,remediation-v2-stage3-optional-126,OPTIONAL,EXTEND,,"Same logic, different exam language",Classified,0073bd4632eebd643782cf0e45e4ae3dbc55c44aa65a9bffd082cc45740514ce
126,18,tracer,remediation-v2-stage3-optional-126,OPTIONAL,EXTEND,,Run a small loop by hand,Classified,8444a42d4cb794b35e6a185d43146479db7d1a4f816f2a6a3790194e3e393a48
126,19,explanation-tracer,remediation-v2-stage3-optional-126,OPTIONAL,EXTEND,,Run a small loop by hand,Classified,fe974a64a507864691b6c4e52f3ddc021d0cb7cf393a7b3534ba268149a44cc8
126,20,classifier,remediation-v2-stage3-optional-126,OPTIONAL,EXTEND,,Which construct is being tested?,Classified,2a4794796dd6638098361c6806b3075e18ecbbac114e746d5404c08cf56605ef
126,21,examples,remediation-v2-stage3-optional-126,OPTIONAL,EXTEND,,From construct to exam answer,Classified,ebd5cfdab5fa7dbd04ad544b836fe51e38bde925e2cb09de46ca3b9e361b343a
126,22,practice,remediation-v2-stage3-optional-126,OPTIONAL,EXTEND,,10 quick checks,Classified,dac4a0e5653fd11438b488ac118769b0aaf34abebd3a7862b08ef8bba29d89df
126,23,debug,remediation-v2-stage3-optional-126,OPTIONAL,EXTEND,,"Small control-flow mistakes, large exam consequences",Classified,ecf1b58fd0e2bfd6c54425360cc58e041eea111485c7d5eda625bd2561034f3e
126,24,exam,remediation-v2-stage3-optional-126,OPTIONAL,EXTEND,,"Constructs, tracing and correction",Classified,a6ff3d70cbd986816154c060df94bb1780ea4153031f8eb5ddd08f0d7f7c56a9
126,25,summary,remediation-v2-stage3-optional-126,OPTIONAL,EXTEND,,The control-flow checklist,Classified,f0aa454b8db907e7b2c54106bd71da9a9f9fc6da212de9f30083d4e9ce96acbb
126,26,homework,homework,AFTER_CLASS,HOMEWORK,,Control-flow practice,Classified,0427b02f2b27a815c0e6739d8fcc7382bd447357d82628cb21de3a460e3101da
127,1,stage2-completion,stage2-completion,CORE,TEACH,,Selection structures in Cambridge pseudocode,Classified,10ec12a0c8ff39061b3ca34a4609d99c1cc8f4ab268db926effaa78a765b1797
127,2,explanation-case,case,CORE,TEACH,,Use CASE for clear values of one expression,Classified,976374facdd2a9c7d954388b4a5ae253c276df2615f79f601cb642d501b4598c
127,3,stage2-practice,stage2-practice,CORE,PRACTISE,,Selection structures in Cambridge pseudocode: apply and assess,Classified,e9fcbfb4dd3fa9205384565502bc4cd3ec8d34700e80b35cbf70322cb9055eba
127,4,overview,remediation-v2-stage3-optional-127,OPTIONAL,EXTEND,,"Selection is the algorithm saying, ""Depends.""",Classified,4e164eb912498fe47b1619c610017aa626027553b82d5fc605e041682bbd0b2c
127,5,delivery-02,remediation-v2-stage3-optional-127,OPTIONAL,EXTEND,,Why this matters,Classified,0f32e6a933c236a80732521d9c4ea157ee52efbf0162b5a61e0ed577d7abaa13
127,6,hook,remediation-v2-stage3-optional-127,OPTIONAL,EXTEND,,Which output appears?,Classified,c1ac5596bb9993acdb56226a40073b7aa25ee6a8ea51a7f3243431322d3abf03
127,7,if,remediation-v2-stage3-optional-127,OPTIONAL,EXTEND,,Use IF when a Boolean condition decides the route,Classified,cdcd5f0007ce86c34adfdf55363bedc0461dbc1129eb7081dd372e4f5d023bc2
127,8,explanation-if,remediation-v2-stage3-optional-127,OPTIONAL,EXTEND,,Use IF when a Boolean condition decides the route,Classified,cf58bf9a63d6adda8f0993a0850079a34dc4c22ac9337d580eff2e697a8b8420
127,9,case,remediation-v2-stage3-optional-127,OPTIONAL,EXTEND,,Use CASE for clear values of one expression,Classified,c833a943d51bf1b1246ba28213aa4aec6d78e8f84019250f8151f2b0be6ff772
127,10,nested,remediation-v2-stage3-optional-127,OPTIONAL,EXTEND,,A decision inside another decision,Classified,777be1d4707dad0f397b3e9a9774f2844bb4f2ec707dda121adc99e3a20633f3
127,11,explanation-nested,remediation-v2-stage3-optional-127,OPTIONAL,EXTEND,,A decision inside another decision,Classified,77b6b82c54a775fbf29ff5dc0bd7aed5265d9b7f0d7d8c6b8bdff3a3c453db5f
127,12,choice,remediation-v2-stage3-optional-127,OPTIONAL,EXTEND,,Start with the shape of the decision,Classified,3c7ee5178c7abfa7bbb21dcc4aeb298de526732c3ec0f487607a11f792eb626b
127,13,explanation-choice,remediation-v2-stage3-optional-127,OPTIONAL,EXTEND,,Start with the shape of the decision,Classified,08e49dde19b6dd3ab07a7b4e16b4fab9c3eabcfcc8626d2eb68da7fb675eed15
127,14,trace,remediation-v2-stage3-optional-127,OPTIONAL,EXTEND,,"Test normal, boundary and invalid values",Classified,65f037b8386c032cb54f81fecea4eddb4c5d716fe0cfd0067f95fba454793d27
127,15,java,remediation-v2-stage3-optional-127,OPTIONAL,EXTEND,,"Same idea, different syntax",Classified,4c6531a4cf461fbfe0f3e7c25a1bea2a8a82799bce564d0a57c374d402436381
127,16,explanation-java,remediation-v2-stage3-optional-127,OPTIONAL,EXTEND,,"Same idea, different syntax",Classified,295af162e572fd6a6686f0b9317161476ba1739786e5d0f8ece83b82db6f6497
127,17,path,remediation-v2-stage3-optional-127,OPTIONAL,EXTEND,,Trace a nested IF,Classified,409942d838ddb8c6a8eeae4af32e9f0ec1f260fa1de92f19cc10f6d62a951aaf
127,18,explanation-path,remediation-v2-stage3-optional-127,OPTIONAL,EXTEND,,Trace a nested IF,Classified,eee6f93d9e69d37572ef1cb813cb35393d2d2771d2ef3c8788b1f649c9256567
127,19,chooser,remediation-v2-stage3-optional-127,OPTIONAL,EXTEND,,"IF, CASE or nested IF?",Classified,996de41d895283b44dcb96f868f59497398641add71eb607cf6fc7c026a6b9ea
127,20,examples,remediation-v2-stage3-optional-127,OPTIONAL,EXTEND,,Selection examples with trace thinking,Classified,528471fb8729ca32f1b86a16e687ad31447b3b3f8e53fc46a886bb322eaed71b
127,21,practice,remediation-v2-stage3-optional-127,OPTIONAL,EXTEND,,10 quick checks,Classified,80ab9924834ca38be917f9cb0bbefab589fa7032e0ccdc6b6bb5c3d86446f43c
127,22,debug,remediation-v2-stage3-optional-127,OPTIONAL,EXTEND,,Selection mistakes that cost marks,Classified,6040b2287b63130510b5911950d7d185b0a6aadde9eea68614b72d9b49481f43
127,23,exam,remediation-v2-stage3-optional-127,OPTIONAL,EXTEND,,"IF, CASE and nested selection",Classified,de9e45a44c093ffb291c820bd9918184ee5c45b82a0094d2e5f15ca65e8ce18e
127,24,summary,remediation-v2-stage3-optional-127,OPTIONAL,EXTEND,,Selection checklist,Classified,e32b6cf636881d106bf5da2e9c1944e8dadfd420b0360b2acac6022ff60ea56e
127,25,homework,homework,AFTER_CLASS,HOMEWORK,,Selection practice,Classified,fccfea455aa796b4fb5b90f1b14da47e7346b5d56201667407809f7ba1b1be07
128,1,stage2-completion,stage2-completion,CORE,TEACH,,Write and justify a count-controlled loop,Classified,38a9c23a19dcc532bd5afe5f8d7a004c3a98553c2fe3c5d27e6b4e86d3617926
128,2,explanation-for,for,CORE,TEACH,,"A FOR loop has a counter, a start value and an end value",Classified,49df5e4905f6d4d5c01f0ead143b466b221d5a21d6c25175f2bce9e01eaf9e12
128,3,stage2-practice,stage2-practice,CORE,PRACTISE,,Write and justify a count-controlled loop: apply and assess,Classified,fff088dfd61604b0555dbb2efc8f092f2f80c530d2ad388083ed5d094137e3ed
128,4,overview,remediation-v2-stage3-optional-128,OPTIONAL,EXTEND,,Use a count-controlled loop when the number of repeats is known.,Classified,a0c1e0b66f312c707354ef91cee0d796fd15255757f33a6a11eebb658216cfe9
128,5,delivery-02,remediation-v2-stage3-optional-128,OPTIONAL,EXTEND,,Why this matters,Classified,94da60a5915f5cb621a19cab4208af436cbf1c729555b3155911e5458772c1fd
128,6,hook,remediation-v2-stage3-optional-128,OPTIONAL,EXTEND,,How many times does this loop run?,Classified,70ace2300411ef3467ae05393f7790022b2602d4967ee7af7e3e0343e34c193c
128,7,for,remediation-v2-stage3-optional-128,OPTIONAL,EXTEND,,"A FOR loop has a counter, a start value and an end value",Classified,3e2d6cc32f12784f924c1c2f3fa8ec31b3578acb6c1dc71402281db050e2485b
128,8,counter,remediation-v2-stage3-optional-128,OPTIONAL,EXTEND,,Do not confuse the counter with the running total,Classified,62d525d5d319facf44a54314f46583c4714bb19083708c5709bf563c6f31e36d
128,9,explanation-counter,remediation-v2-stage3-optional-128,OPTIONAL,EXTEND,,Do not confuse the counter with the running total,Classified,4139f2270f1677a52c9ca2e6ab8e98cad99c72cd57c243788b3744023165531c
128,10,trace,remediation-v2-stage3-optional-128,OPTIONAL,EXTEND,,"Trace after the update, not before it",Classified,7936171bbf4a258f6a171a15fc3f7113a9a7c29473ad7cdc433cc04327c5d15b
128,11,arrays,remediation-v2-stage3-optional-128,OPTIONAL,EXTEND,,FOR loops are natural for fixed array bounds,Classified,413cec60f1b77cb1d39c7da574fb9120b255c99a4d6545becb2972b63fa102a7
128,12,explanation-arrays,remediation-v2-stage3-optional-128,OPTIONAL,EXTEND,,FOR loops are natural for fixed array bounds,Classified,4d18bc40a999d0bf283e6d1740ecb344692743c9fb176f9d432f3639b4ce87e6
128,13,bounds,remediation-v2-stage3-optional-128,OPTIONAL,EXTEND,,One wrong bound can miss or invent an iteration,Classified,c4f3fc2f8881c4ee8e74fa25d306dc8f450f86e4770ea8b562ce3bd53796bf5c
128,14,explanation-bounds,remediation-v2-stage3-optional-128,OPTIONAL,EXTEND,,One wrong bound can miss or invent an iteration,Classified,271ccf375322c56ac01813fd6f1ba6109ab338e3235c94a1cf82763e87735d50
128,15,java,remediation-v2-stage3-optional-128,OPTIONAL,EXTEND,,"Java for loops are useful, but not the exam answer format",Classified,bc643ca262975bd32550a44b30c4f9fce383f0d7d0ebe32b259c7921148943aa
128,16,explanation-java,remediation-v2-stage3-optional-128,OPTIONAL,EXTEND,,"Java for loops are useful, but not the exam answer format",Classified,b2c33acb5c7ac081c9b9bd26754bce77038d8aa394c1e53306181972c7d3e8f7
128,17,builder,remediation-v2-stage3-optional-128,OPTIONAL,EXTEND,,Build the trace table,Classified,48da69eef4374a77464681ec34b60d8f774a865beeacd7fc42b1cf04c42b4873
128,18,chooser,remediation-v2-stage3-optional-128,OPTIONAL,EXTEND,,Is a FOR loop suitable?,Classified,03652804fbdac8a2c13d8a2b26437ad218102d587b8382d8194fc4b306cfc1ee
128,19,examples,remediation-v2-stage3-optional-128,OPTIONAL,EXTEND,,FOR loops in exam-style contexts,Classified,7f2f0ba4fd5b39d4cd340deebdd157275b63e067be1b3c4ede2d199380dad80a
128,20,practice,remediation-v2-stage3-optional-128,OPTIONAL,EXTEND,,10 quick checks,Classified,7d283a86ab90c2e5063dde7b567db127ce6284d5b63cf75b28944b80dfeb4f3d
128,21,debug,remediation-v2-stage3-optional-128,OPTIONAL,EXTEND,,Loop mistakes that look harmless until traced,Classified,9d45b253b3074a223c7438c5df8a563e277515e834ff7d219623089a2ec1a417
128,22,exam,remediation-v2-stage3-optional-128,OPTIONAL,EXTEND,,Count-controlled loops and trace tables,Classified,c532c28ece019425cf69684009461de397bb9abe6c059661013afc5b3d2226e0
128,23,summary,remediation-v2-stage3-optional-128,OPTIONAL,EXTEND,,FOR loop checklist,Classified,f265d364b29f331b6c5d409e5795030d962dd9e40bc41b41197a5b3a07855fe6
128,24,homework,homework,AFTER_CLASS,HOMEWORK,,Count-controlled loop practice,Classified,36ee7fb4b6ffa855cbe2b1f9568f991d3dfdee4e806404315708e78f428a6170
129,1,stage2-completion,stage2-completion,CORE,TEACH,,"Pre-condition, post-condition and loop choice",Classified,f332a9362df9adeef93e1bf2bb04cbfa4d08e3fabecd346a6e6ca3f72ecfdd97
129,2,explanation-compare,compare,CORE,TEACH,,The difference is when the condition is tested,Classified,d268aa535ae7b38f0c543ca78e54a06a3a22a6a5bfa1cd029c280a43e7a22021
129,3,stage2-practice,stage2-practice,CORE,PRACTISE,,"Pre-condition, post-condition and loop choice: apply and assess",Classified,053cbc4fb2633a6dcec93620a740773a73b3689b20d68683c7e4c0237f126c79
129,4,overview,remediation-v2-stage3-optional-129,OPTIONAL,EXTEND,,"Repeat while a condition says so, not because you feel optimistic.",Classified,eafc1825636bdb23dc2c26dc901e049412b0762f3b1f9591f9014be526a8006d
129,5,delivery-02,remediation-v2-stage3-optional-129,OPTIONAL,EXTEND,,Why this matters,Classified,1965d995d37fe6efd856ab4e350bed01b1f54fda8de6f767538e8f3d0178b980
129,6,hook,remediation-v2-stage3-optional-129,OPTIONAL,EXTEND,,Will the loop run?,Classified,1dd0085801863a091790865b1d5c0813dc3afc06914b44d056bd62c7e76ee9ad
129,7,while,remediation-v2-stage3-optional-129,OPTIONAL,EXTEND,,Pre-condition loop: check before running,Classified,f1406011efad28e9d38e5e0db8fe3a8c97dc36b09eb10140b89578e0ebc7de81
129,8,explanation-while,remediation-v2-stage3-optional-129,OPTIONAL,EXTEND,,Pre-condition loop: check before running,Classified,83168649eab9aca0b371cd2d104b1c7a32d3492aaefbf4f08fdb6004e30a4300
129,9,repeat,remediation-v2-stage3-optional-129,OPTIONAL,EXTEND,,"Post-condition loop: run once, then check",Classified,48e396321f7d54debe17200d965ddb47cfca1e5a084d556bb11b345943858242
129,10,explanation-repeat,remediation-v2-stage3-optional-129,OPTIONAL,EXTEND,,"Post-condition loop: run once, then check",Classified,21ceb25a7703088cc0096fffe4dcafc980844bc1b00b1df7d40b19a210decfee
129,11,compare,remediation-v2-stage3-optional-129,OPTIONAL,EXTEND,,The difference is when the condition is tested,Classified,be16eb7ed695328df2ea641dfec43d1954aeff9d57d98182ab2698a251d6ef52
129,12,validation,remediation-v2-stage3-optional-129,OPTIONAL,EXTEND,,Keep asking until the input is valid,Classified,93ab936ad660137dd11c77656a47e63ee168c0e2e4507a9b9703b151bb4b0225
129,13,explanation-validation,remediation-v2-stage3-optional-129,OPTIONAL,EXTEND,,Keep asking until the input is valid,Classified,445b58154a2aced89c3634d3743ea466df22dcfcae113249749beee80eb74018
129,14,sentinel,remediation-v2-stage3-optional-129,OPTIONAL,EXTEND,,A special value can stop the loop,Classified,032fa41ed25e5635f5b97fade3ff281ee29de5dbcf7d156ebb73496737fc2219
129,15,explanation-sentinel,remediation-v2-stage3-optional-129,OPTIONAL,EXTEND,,A special value can stop the loop,Classified,2208e90a53c989be25793377a973c4c17d588d483dd7b220f38d03c29211a80d
129,16,java,remediation-v2-stage3-optional-129,OPTIONAL,EXTEND,,"Java syntax is support, not Cambridge pseudocode",Classified,33da045bb0b079165385ed56aa2d119e023e0bbd4b995b3afeda7e29b4f9a3a7
129,17,explanation-java,remediation-v2-stage3-optional-129,OPTIONAL,EXTEND,,"Java syntax is support, not Cambridge pseudocode",Classified,2a4c98504ce4d4a7df987c1461c682fdde6f373e3e23eb7e0de60a7689faed80
129,18,simulator,remediation-v2-stage3-optional-129,OPTIONAL,EXTEND,,Trace a sentinel loop,Classified,08c70b7f1f18e75f79bfa1c535479773e90836598afa14146960cbabe895f79e
129,19,chooser,remediation-v2-stage3-optional-129,OPTIONAL,EXTEND,,"WHILE, REPEAT or FOR?",Classified,c942ac298860a4275087e6a122a45616cf3ecfb0d0c7a44a62ac2ba517447fa4
129,20,examples,remediation-v2-stage3-optional-129,OPTIONAL,EXTEND,,Condition-controlled loops in common exam patterns,Classified,484c4d62dc8b64a2714a8a38879a60e8913a7ea6a494f7efb8813e17805b9507
129,21,practice,remediation-v2-stage3-optional-129,OPTIONAL,EXTEND,,10 quick checks,Classified,7d283a86ab90c2e5063dde7b567db127ce6284d5b63cf75b28944b80dfeb4f3d
129,22,debug,remediation-v2-stage3-optional-129,OPTIONAL,EXTEND,,Condition mistakes that trap programs,Classified,cdfe587acd2ffb9cce5bc8d26456d7959b8c09cef17e243fceaa3ead529239be
129,23,exam,remediation-v2-stage3-optional-129,OPTIONAL,EXTEND,,"WHILE, REPEAT and trace logic",Classified,01f95c27d27e0bc1c29dc4badaeb653f4802cf0c65936438ac042e0a37250734
129,24,summary,remediation-v2-stage3-optional-129,OPTIONAL,EXTEND,,Condition-controlled loop checklist,Classified,27acb41641f9e5b90af538ee1fa8c51b41800587e72300bc8b441f72cb833e2e
129,25,homework,homework,AFTER_CLASS,HOMEWORK,,Condition-controlled loop practice,Classified,d4b61898afa1a06dbb81d87bcaf81d013813d5200ba4b27832811002d17eff5f
130,1,stage2-completion,stage2-completion,CORE,TEACH,,"Procedures, functions and their interfaces",Classified,918c6dd72040d6580c82ccbc6e674b030f7257d1eeae3c03f18f8e9ba7c60773
130,2,explanation-parameters,parameters,CORE,TEACH,,A subprogram interface connects caller and header,Classified,f3753a13d877f249f7ceeb3507ed72b5b1050e3761162da3c04f5f51a486c7e6
130,3,explanation-calls,calls,CORE,TEACH,,Function calls can appear where a value is needed,Classified,cb605bdfee942481151f90bc5cfb1bb704321a6047d86e32280b19925bc51e43
130,4,explanation-byref-compare,byref-compare,CORE,TEACH,,"Same procedure body, different final result",Classified,6adbd46ee5bc41674fdea1e7421fae9a59ce6aee4ac1c04dc4ddda53dfa163c3
130,5,stage2-practice,stage2-practice,CORE,PRACTISE,,"Procedures, functions and their interfaces: apply and assess",Classified,c7c50a005a0d114c9be412a3af9ab8ca792394dce25b6daa63ccdb49eaa4cace
130,6,overview,remediation-v2-stage3-optional-130,OPTIONAL,EXTEND,,Procedures do a job. Functions do a job and bring back a value.,Classified,c634cf8a98b2295f4f44379702b67a2370aebfe513d48cecda9fbfbb21c14cb8
130,7,delivery-02,remediation-v2-stage3-optional-130,OPTIONAL,EXTEND,,Why this matters,Classified,cb55d1b6509d6b60ea51f15ec6c6dca8b3dc9af02ef9e855995821bc77859ee8
130,8,hook,remediation-v2-stage3-optional-130,OPTIONAL,EXTEND,,Procedure or function?,Classified,4c71be336680a9d0f4122d67b33a19303c7a674eafb567d519069d46e8da3921
130,9,procedure,remediation-v2-stage3-optional-130,OPTIONAL,EXTEND,,A procedure performs actions and does not have to return a value,Classified,09881a414616513b8c5328b83d4e379f31af725996a3fce546ae1368d5166d87
130,10,explanation-procedure,remediation-v2-stage3-optional-130,OPTIONAL,EXTEND,,A procedure performs actions and returns no value,Classified,26151bab874b83522d33eb0101db55a250bc90db3b729fa5da3466ebfcd518be
130,11,function,remediation-v2-stage3-optional-130,OPTIONAL,EXTEND,,A function returns a value to the caller,Classified,cea5b4bc64b4c5b9a7c5da0c22c918c36235688cb82e10cce74584220c33572e
130,12,explanation-function,remediation-v2-stage3-optional-130,OPTIONAL,EXTEND,,A function returns a value to the caller,Classified,797094dc1aa551404beabcc604b57666598980a30ef9afc5647d8c3fb657b614
130,13,compare,remediation-v2-stage3-optional-130,OPTIONAL,EXTEND,,The mark-winning difference is the returned value,Classified,8a6ac3f4b267701bfee3d4bd6f16ee939d17784aadb2a68af4b553ed2382c777
130,14,explanation-compare,remediation-v2-stage3-optional-130,OPTIONAL,EXTEND,,The mark-winning difference is the returned value,Classified,51d09b9a8649d6cc75cf737e353493655d2c5ae30559b0d62531dfa3707b49cd
130,15,parameters,remediation-v2-stage3-optional-130,OPTIONAL,EXTEND,,Parameters receive values passed into a subroutine,Classified,807abfd7e2aeffe75b34c4100c1f87d549e8add0a076127f50be4d925d1aecd4
130,16,calls,remediation-v2-stage3-optional-130,OPTIONAL,EXTEND,,Function calls can appear where a value is needed,Classified,5e960e42fc8e24c923a01e42d434483b361adad49ce38534130d699b45a87110
130,17,java,remediation-v2-stage3-optional-130,OPTIONAL,EXTEND,,Java method syntax is not Cambridge pseudocode,Classified,22525b3f4f72f50ac4ebbf5d97361edb6dd4ea09ab440d46502f168d7ca3d894
130,18,explanation-java,remediation-v2-stage3-optional-130,OPTIONAL,EXTEND,,Java method syntax is not Cambridge pseudocode,Classified,572a1278850cd0f92cfd27f0ff3daa6bb9a93c6abcfa73c3250c8ccf4c594844
130,19,returner,remediation-v2-stage3-optional-130,OPTIONAL,EXTEND,,Calculate a function return value,Classified,8ba5c1ef3a7214d3e421df5c0c9de192c0ac68f65deed6aa62f9f68de869446c
130,20,explanation-returner,remediation-v2-stage3-optional-130,OPTIONAL,EXTEND,,Calculate a function return value,Classified,d0ec7e899b2ca094ddc4b8d78d61deb7e5697d6c2a8638331830ae5af64c3283
130,21,chooser,remediation-v2-stage3-optional-130,OPTIONAL,EXTEND,,Procedure or function?,Classified,3eb43675ea7b712cfdb7c74f4033e5bbca4e026058aa2af05e322cdf3462fa69
130,22,examples,remediation-v2-stage3-optional-130,OPTIONAL,EXTEND,,Subroutine examples with exam wording,Classified,d564f5a4bfaf0ddd0f3be4d65fd375e9c2c7368b01a1d583f7449010d83e499e
130,23,practice,remediation-v2-stage3-optional-130,OPTIONAL,EXTEND,,10 quick checks,Classified,7d283a86ab90c2e5063dde7b567db127ce6284d5b63cf75b28944b80dfeb4f3d
130,24,debug,remediation-v2-stage3-optional-130,OPTIONAL,EXTEND,,Subroutine mistakes that cost marks,Classified,fa8c8a5bf5436261f1961a8e469df4dd0f5c2cff68bd9c1185758428e214d0ed
130,25,exam,remediation-v2-stage3-optional-130,OPTIONAL,EXTEND,,"Procedures, functions, calls and return values",Classified,1baa8eb6c883070690b6d7c0b94cb609d9d6752757535c698de049a01390e877
130,26,summary,remediation-v2-stage3-optional-130,OPTIONAL,EXTEND,,Subroutine checklist,Classified,b2daa2a1a63964b97debe1fac526b7a2eeca98ce2b011dd80e49f179e0e44c89
130,27,homework,homework,AFTER_CLASS,HOMEWORK,,Subroutine practice,Classified,97a87e341faac61e78405651a68b331a53a62b6d3e360aa2d6b23e19c984d1ed
131,1,overview,overview,CORE,TEACH,,"Does the subroutine get a copy, or the original?",Classified,f769877bf4ad584483f19fe1e94369580fb888bc78ba9949597c37c9ebb39f10
131,2,delivery-02,overview,CORE,TEACH,,Why this matters,Classified,8215ccc97ae6bdbb31dd809ded5a8738a2ff5e0327d0d30c953db95b3e74e876
131,3,hook,hook,CORE,ASK,,Will Score change?,Classified,36fbaefe5f5c785ca493cbb2ad3e98f54c532f1d8761f08c48d7ff6fdef6b48d
131,4,terms,terms,CORE,TEACH,,The header names the parameter. The call supplies the argument.,Classified,9af797f0a8fe8d2d0e49a56e6c2b2278a9a24c8283be19dd712172437aa32214
131,5,explanation-terms,terms,OPTIONAL,EXTEND,,The header names the parameter. The call supplies the argument.,Classified,75f4a467aae3d213e77d40f8f60f43dfa7e304f50a10298264529a87d1688a7e
131,6,value,value,CORE,TEACH,,By value means the subroutine works with a copy,Classified,dd7399fdf2e5c8cc3c1e898b2fde7552c53e7fce59e554bb7030b6cfbae597c4
131,7,explanation-value,value,OPTIONAL,EXTEND,,By value means the subroutine works with a copy,Classified,86b3139c7d9e5f2e3abe3f79f0282bb4f7005d5ce1589108c0f47dfac84eb9fa
131,8,reference,reference,CORE,TEACH,,BYREF links the parameter back to the caller's variable,Classified,a1f252925cafe29ec9431ab69ff017b5d47a54ff2d648961cb1eaeb3d8151e68
131,9,explanation-reference,reference,OPTIONAL,EXTEND,,BYREF links the parameter back to the caller's variable,Classified,f4eae890814b40f85a904842d3455fd365780da58771026a10288a88ece55d85
131,10,compare,compare,CORE,TEACH,,"Same procedure body, different final result",Classified,e87dedb0bc1cd0d0a844e0b59296eeaacf04e1b69bd1e97be9270df2b5712383
131,11,trace,trace,CORE,TEACH,,"Follow caller value, parameter value and passing mode",Classified,01068710451e5fcc8d0e7499f76ce70a3c15e60db18de965901951daeb246900
131,12,use,use,CORE,TEACH,,Use it when the procedure must deliberately update caller data,Classified,6d2f98d1aaeb4362e1cab9030e6f429ce40859e143e0bd007699c6c46d715108
131,13,explanation-use,use,OPTIONAL,EXTEND,,Use it when the procedure must deliberately update caller data,Classified,a52d6111a336189b682331a63eaeeb50a3e5a0975fab109b6bc628564c09e7bb
131,14,java,java,CORE,TEACH,,Do not replace Cambridge BYREF with Java syntax,Classified,27586a862f7ab17f4809352d1f00ba8ba8502b15a1d9e58b2bacc6736de87d54
131,15,explanation-java,java,OPTIONAL,EXTEND,,Do not replace Cambridge BYREF with Java syntax,Classified,2370fef82aee02eb6da07c8afb10bc7bf605b0403c3cde52a88ad00308a9c920
131,16,simulator,simulator,OPTIONAL,TEACH,,Predict the final caller value,Classified,cc1c5afd6122b9e24a227827a0eab6dbe615e87de004d2243930ae7f252ed14e
131,17,chooser,chooser,OPTIONAL,TEACH,,Which passing mode should the procedure use?,Classified,fe7c4d6d18491fb67a2807f528386ab5f602c623700c91cbcdc21d00814a3529
131,18,examples,examples,CORE,TEACH,,Trace before you explain,Classified,8ea717f4df73d2312fe1b54f1df259b377250c5ce097dc1369516b28ea1faee7
131,19,practice,practice,CORE,PRACTISE,,"Short answers, strict terms",Classified,80abd2321fb8e5fa97c988270038f75e04e976783d0e71a25147438f6f5a4419
131,20,debug,debug,CORE,CHECK,,Find the exact misconception,Classified,2e07f9ad65a42dda13b46e391714bad58a226d9e0fa8d52e0fced286d2c8e8df
131,21,exam,exam,CORE,EXAM,,"Answer, then expand the MS",Classified,c720b499a02c73646799628777dd466458e71dda382d9bd24c04c20bebc60c64
131,22,summary,summary,CORE,CHECK,,Three sentences to leave with,Classified,e554157028a467a0208885ec28394abf44d8e9249d7f8c553c0607c9503b2d49
131,23,homework,homework,AFTER_CLASS,HOMEWORK,,"Trace, write, explain",Classified,7093d3040a7ff829efb372076412fa875b85860bb2209ffd28b12912313d5d5a
132,1,overview,overview,CORE,TEACH,,Variables have borders. Some passports are very local.,Classified,402ac9c794a9e61666534accc983fbac239413722f236ee90b689a23f2599f39
132,2,delivery-02,overview,CORE,TEACH,,Why this matters,Classified,c86cb3946d3611397231c3490a951ca5134e1e753dd4193490e4d4b8bff4a291
132,3,hook,hook,CORE,ASK,,Which Count is being output?,Classified,15ffd2cee0d2aa137d2ca71fe0e2722f733c2a8aff03079dd10c4bcc88a868b9
132,4,scope,scope,CORE,TEACH,,Scope means where a variable or identifier can be accessed,Classified,7a04af203327d688a03bf255bebe1dfe32e17ee6a5c877eef815037235d883f7
132,5,explanation-scope,scope,OPTIONAL,EXTEND,,Scope means where a variable or identifier can be accessed,Classified,2d8e5a91b519c89e005ffaaafc9bb44e0fd2961e917c919ebaaa6308da996a16
132,6,lifetime,lifetime,CORE,TEACH,,Lifetime means how long a variable exists during execution,Classified,d5aa8cf3ca2092fcccaf135cc99dac67d2839639e35ebbbe6c3375a0df7318f1
132,7,explanation-lifetime,lifetime,OPTIONAL,EXTEND,,Lifetime means how long a variable exists during execution,Classified,f2f383fff991d41072658f587d9a3d05171793588a34398d5f6c71616699214c
132,8,local,local,CORE,TEACH,,Local variables are declared inside a subroutine or block,Classified,3bd6912efd85a970693969cff25d1a909fa2027814808eb33c0540a57096ffdd
132,9,explanation-local,local,OPTIONAL,EXTEND,,Local variables are declared inside a subroutine or block,Classified,74c040dec66e31a6019d1c8659cf5b0958b90a95b9d0d3d0cd093b2e5fe8e06c
132,10,global,global,CORE,TEACH,,Global variables are declared outside subroutines and can be accessed widely,Classified,5490e9006f2a11f73c33bbfc7311a72844b8e532aaed38c9d898c8063a483ec4
132,11,explanation-global,global,OPTIONAL,EXTEND,,Global variables are declared outside subroutines and can be accessed widely,Classified,f89c12a985f4293aa3a09d64e2ebcfe1b663370982239bb962956c21f72d154f
132,12,shadowing,shadowing,CORE,TEACH,,A local variable can hide a global variable with the same name,Classified,78f1cd78238e15421dfb958a0da7992810c1ee16c8a5c0a482542b74f5c64e82
132,13,explanation-shadowing,shadowing,OPTIONAL,EXTEND,,A local variable can hide a global variable with the same name,Classified,924211d20f14b24ea6eb625b21742b983c5a7b3e5b0d058ba6069919e1858841
132,14,compare,compare,CORE,TEACH,,Local and global variables differ by accessibility and lifetime,Classified,2935ad19226a251323b7ea47e4d73dcd5e5dcb7830edbce12c4cf01ffa495855
132,15,explanation-compare,compare,OPTIONAL,EXTEND,,Local and global variables differ by accessibility and lifetime,Classified,935757b28794bed5bcf8f5c2ba9e7886cb9bfbf0e9a74c5ec2cc08f003ede552
132,16,java,java,CORE,TEACH,,"Java helps illustrate scope, but Cambridge pseudocode remains the answer format",Classified,0a510bc6ffb648c08c8be4701c7088e494d2424c15c0c8edcf72e8e76c6cfebb
132,17,explanation-java,java,OPTIONAL,EXTEND,,"Java helps illustrate scope, but Cambridge pseudocode remains the answer format",Classified,4498b05d0d4fbcaeb497793b9c31128463c0b1779701cc56579b76f270c9a373
132,18,simulator,simulator,OPTIONAL,TEACH,,Trace local versus global updates,Classified,14dc93c2bb670ebcfbe5508168b3b041a901e7d0b1f8effda52cb09b7460b9bf
132,19,chooser,chooser,OPTIONAL,TEACH,,Should this be local or global?,Classified,656df0a706c5be2dc8289ec63531990f21144a2040c760350758524e2e5c7301
132,20,examples,examples,CORE,TEACH,,"Trace the variable, not just the name",Classified,796c5d6b5c1537d7cf7b9f01cc9fa7ab14048a5d4236df97e46c751a9a2e847a
132,21,practice,practice,CORE,PRACTISE,,Definitions and trace values,Classified,bd95451ced66540c9ddd607707a47ca33a97a67e7d559269e331256251e4bc67
132,22,debug,debug,CORE,CHECK,,Find the scope error,Classified,30cc9f19550d0b990e6d14792db4ed5bcac0355fea52110e50894a344705655e
132,23,exam,exam,CORE,EXAM,,"Answer first, then expand the MS",Classified,47300f9dd314f9764037d8b9dbfed0513d4517378394eb6548f8d54ee0644d4a
132,24,summary,summary,CORE,CHECK,,Three statements to keep,Classified,fd1d93179a2f10d23994b5165b6888dbf5efd1f9214a179dd6ed0b2df6b9e706
132,25,homework,homework,AFTER_CLASS,HOMEWORK,,"Define, trace, correct",Classified,6b418b12b7eb449fcdc43cabee76595c059b946ee3cd1c50f0f141b5345acf05
133,1,stage2-completion,stage2-completion,CORE,TEACH,,Use supplied built-in and library routines,Classified,4056a8f40ef01e6f4b84bb97ab6646269af4f3f7671f16eea82c12fd07dc2d01
133,2,explanation-substring,substring,CORE,TEACH,,Use the string-function definition supplied in the question,Classified,05d6fe6c73b9eec170e2f09309dbf5d5d0004145ed5cd82af5596d551e50af13
133,3,stage2-practice,stage2-practice,CORE,PRACTISE,,Use supplied built-in and library routines: apply and assess,Classified,7062d14ab800a537f1e105f42219411fbdf0b34dc2d20d90d1546949eeb7d3db
133,4,overview,remediation-v2-stage3-optional-133,OPTIONAL,EXTEND,,Strings are arrays of characters wearing quotation marks.,Classified,769af556d0210896c52f4eef896aec321cbc200b12d5c429c965226decf4710c
133,5,delivery-02,remediation-v2-stage3-optional-133,OPTIONAL,EXTEND,,Why this matters,Classified,145d8a5893f7078ef4067397ba38a3ec97a43dd65a50a96c1e8ee9aa164bd985
133,6,hook,remediation-v2-stage3-optional-133,OPTIONAL,EXTEND,,"What does MID(""MONITOR"", 2, 3) return?",Classified,05b0ea557e3431437bf47fd5b3674cc592502ae2d49c07c273bb679422d1ca06
133,7,strings,remediation-v2-stage3-optional-133,OPTIONAL,EXTEND,,A string is a sequence of characters,Classified,5aed87e236a8d5861a3dc3f219ea352a07f418e6080f1234b88bf925436c53c7
133,8,explanation-strings,remediation-v2-stage3-optional-133,OPTIONAL,EXTEND,,A string is a sequence of characters,Classified,84cf0b68c3b3692e50203f27d1beb05976b8db3b8e0ef1033cad17fc9ba1a795
133,9,length,remediation-v2-stage3-optional-133,OPTIONAL,EXTEND,,LENGTH(String) returns the number of characters,Classified,45a56d7ab20ef7cdae2315220e7da958d19851b9062b167e4223cf44e288db8a
133,10,explanation-length,remediation-v2-stage3-optional-133,OPTIONAL,EXTEND,,LENGTH(String) returns the number of characters,Classified,c434552e98376971ee6d001ee71200ea56e9a730a0b470c3d517cb27315b6ebc
133,11,substring,remediation-v2-stage3-optional-133,OPTIONAL,EXTEND,,Use substring functions to extract part of a string,Classified,8ec619b9e82a2bb776973bd25eb8c26cb78753997cc1c1d9695cec7fc810fcc4
133,12,case,remediation-v2-stage3-optional-133,OPTIONAL,EXTEND,,UCASE and LCASE convert one CHAR,Classified,541291bf8f6a66ac0354d4e2fd629f15aafa43be4d605ed9a1e03b0120fbccb3
133,13,explanation-case,remediation-v2-stage3-optional-133,OPTIONAL,EXTEND,,LCASE and UCASE convert one CHAR,Classified,9c34653bec2ebb9799a6d9e105bc0cb209f2b5382679715365aaae8783106fbd
133,14,concat,remediation-v2-stage3-optional-133,OPTIONAL,EXTEND,,Concatenation joins strings to form a new string,Classified,fdc454f836910c842b099296935b219d869846380e370b37ad0a5713a76a5eec
133,15,explanation-concat,remediation-v2-stage3-optional-133,OPTIONAL,EXTEND,,Concatenation joins STRING values,Classified,db90300b170227323398ccc4cb19dd7e5b0e964f8d5f4633870d8124a7a1b284
133,16,position,remediation-v2-stage3-optional-133,OPTIONAL,EXTEND,,Exam traces must follow the position convention stated or implied,Classified,8a355a9e38859046ea4307240381d29ab5d7af7de84372e269452aa8874987b6
133,17,explanation-position,remediation-v2-stage3-optional-133,OPTIONAL,EXTEND,,Exam traces must follow the position convention stated or implied,Classified,c3ff0e45dd7704307f4fb7c5914d55616ce2b773f54d160f72ac395eacf0ae66
133,18,java,remediation-v2-stage3-optional-133,OPTIONAL,EXTEND,,Java method syntax is not Cambridge pseudocode,Classified,c3b7663cda30b4ad2589a758e1d3ce072bda43a6b33821420b8c59ff67822960
133,19,explanation-java,remediation-v2-stage3-optional-133,OPTIONAL,EXTEND,,MID and Java substring use different positions,Classified,c2a4956e733e0252c2ba3ebebd2dc8fb95ed20fc9f86dee0df9d05e4bce2f411
133,20,lab,remediation-v2-stage3-optional-133,OPTIONAL,EXTEND,,Test a built-in function,Classified,a181945bc1c959b59a1ba201da97edea2d648a2a4e3aab810b4c98449360ddba
133,21,explanation-lab,remediation-v2-stage3-optional-133,OPTIONAL,EXTEND,,Test a built-in function,Classified,e53ecffd3a4a29caf2eb1491d2f0fa205068668addd7bd447870a8012a7cb83a
133,22,chooser,remediation-v2-stage3-optional-133,OPTIONAL,EXTEND,,Which built-in function fits the job?,Classified,5d21207015aa6b5a777ff3497225daf7bae1ee14ff75f6b754c7b446b8afd234
133,23,examples,remediation-v2-stage3-optional-133,OPTIONAL,EXTEND,,Trace the returned value,Classified,8eec57b7bd1186067bca99dd00124beb4f71270694ae6bdd750d217d7bd64641
133,24,practice,remediation-v2-stage3-optional-133,OPTIONAL,EXTEND,,"Short answers, exact returns",Classified,1e26e7e2961591f81db9980abb225d22c410eb2c6e8abc2789b68be76826df6b
133,25,debug,remediation-v2-stage3-optional-133,OPTIONAL,EXTEND,,Find the exact string error,Classified,ddefef9676d1c3c50b08d142777e98388435b7b6d744b301c9977e1d1c2ff657
133,26,exam,remediation-v2-stage3-optional-133,OPTIONAL,EXTEND,,"Answer first, then expand the MS",Classified,c56bb432c291c0514bc6083ce8ddb5bbd5a3bef5bc73efd6ea57e8f8386d9b7d
133,27,summary,remediation-v2-stage3-optional-133,OPTIONAL,EXTEND,,Three useful rules,Classified,e084ef5ad364cb91eed07dd80eba79088fc5f06f6fbce7f4d5f29be25baadd48
133,28,homework,homework,AFTER_CLASS,HOMEWORK,,"Trace, build, explain",Classified,58ea51d4d2789ad2ed5fa3a521d560600a071d1767c37fc86744b2f237820b56
134,1,overview,overview,CORE,TEACH,,DIV keeps the quotient. MOD keeps the leftovers.,Classified,c8f3e617d0ee0902104b1dd254f8ae239b419f5e9893365ce9979da9c967cb78
134,2,delivery-02,overview,CORE,TEACH,,Why this matters,Classified,11e16ee722ffc2475cfb166b76f813d85044ed850a984f1c8e91de79202bf818
134,3,hook,hook,CORE,ASK,,Seventeen students. Five seats per row.,Classified,f885236a70aa66da3f8f78062970093f8c525831ad73206febbbbe12f86b03cc
134,4,operators,operators,CORE,TEACH,,Operators combine values to calculate a result,Classified,33539ebd7dfabcef040a43151858b5a0e36d1e601c17160319e5e678b3e37642
134,5,explanation-operators,operators,OPTIONAL,EXTEND,,Operators combine values to calculate a result,Classified,3725788e6a93b64e9ef8d32fb4743fc740c293ba60ed53fd681b0453bdaa1acf
134,6,division,division,CORE,TEACH,,DIV returns the whole-number quotient,Classified,60ed0e3f6e0daf12e6be9c847d84e8d87c76fcb1e950e0c52ae82b3fa469032a
134,7,explanation-division,division,OPTIONAL,EXTEND,,DIV returns the whole-number quotient,Classified,5017a17e1cba32c482f43c0467b66a847efef5462cd5cb701b7d06b83e818d2b
134,8,mod,mod,CORE,TEACH,,MOD returns the remainder,Classified,7e6be2961eeb2edbc9ea2a4a8ef188e9efff82101961ca7cf1a20d751cf616b1
134,9,explanation-mod,mod,OPTIONAL,EXTEND,,MOD returns the remainder,Classified,7ccb37fe7b9cedb3915e72d17fcef2bc108aa0dea7a4173f29dd55a6108c1fe9
134,10,relationship,relationship,CORE,TEACH,,Use the identity to check your answer,Classified,60aa718047868a4a55e1738d9abee5a74cf747eb3019a60aa8163c17b3041666
134,11,explanation-relationship,relationship,OPTIONAL,EXTEND,,Use the identity to check your answer,Classified,440e5f1a100244c9299e1842c4ebe8ea6f4da347cb76d72237660d93d296cc91
134,12,precedence,precedence,CORE,TEACH,,Use brackets when the intended order matters,Classified,b319a59782b05230971f2dc4cac11f3780ade771022457f3dc2cf0c1f0cd7f9d
134,13,explanation-precedence,precedence,OPTIONAL,EXTEND,,Use brackets when the intended order matters,Classified,accbce948c07c7d6efc130b1fd11023662df34068917237152c2f746521cedd1
134,14,patterns,patterns,CORE,TEACH,,DIV and MOD often appear in practical algorithm tasks,Classified,01f960ddbbeb3dcf17dfac61a774c174e3b9a4459efa1d91e6c781e743fa17c9
134,15,explanation-patterns,patterns,OPTIONAL,EXTEND,,DIV and MOD often appear in practical algorithm tasks,Classified,f1540f46033258cd668c458fc7aed1fcc97d015a81b78ebf5d99190d4a728adc
134,16,java,java,CORE,TEACH,,"Java can support the idea, but Cambridge pseudocode remains the answer format",Classified,f97bffcf8b5cb76cefc925f39718b86cf8afaf2af1ea51d2882d9cd5393f58b4
134,17,explanation-java,java,OPTIONAL,EXTEND,,"Java can support the idea, but Cambridge pseudocode remains the answer format",Classified,173f29c660cb8d03602bcad4ae4d16182d59048640161162594a4e4c66f19c87
134,18,calculator,calculator,CORE,TEACH,,"Compare / , DIV and MOD",Classified,61ec6893dd3fc219424783736923df5ac3140520bf78c626f22c2be1a4d4f831
134,19,explanation-calculator,calculator,OPTIONAL,EXTEND,,"Compare / , DIV and MOD",Classified,b1155d5cb400aa95c24c97411b58d1282d8db4a4057cd05edad0b8971904055c
134,20,chooser,chooser,OPTIONAL,TEACH,,Which arithmetic operator fits the task?,Classified,785a012db5835e6705d5ce101804503b094142a077e8e1353a831942aeaeec4f
134,21,examples,examples,CORE,TEACH,,"Trace quotient, remainder and final value",Classified,9ed29ccf8db2c6c6c2ce61f154c5b23e5d3cb4eaee92c1bece4139181e93a23b
134,22,practice,practice,CORE,PRACTISE,,"Short calculations, exact values",Classified,3821aeae597b7769452b42abf80f8bf0d8e2601d8b2c1b2df4297fcee52c7a33
134,23,debug,debug,CORE,CHECK,,Find the exact arithmetic error,Classified,1be14d2ab5222c83acc3b0ca03f9594d6330abbf0f27389684b5a3ef6008397d
134,24,exam,exam,CORE,EXAM,,"Answer first, then expand the MS",Classified,41aa879f1fa37d9013d92d85494242eead5dd5ff1f7039cd06be277ce30543c8
134,25,summary,summary,CORE,CHECK,,Three rules to keep,Classified,71a9d0435c3bd9663b3d0e278b196d04cf3f1cc5ea49d81db199cfa4cce17754
134,26,homework,homework,AFTER_CLASS,HOMEWORK,,"Calculate, trace, apply",Classified,0e16dff93543ff19d6b1763a6f6977b6261d568eb2d8f3f88d183b1f1e28964e
135,1,overview,overview,CORE,TEACH,,Good input gets data in. Good output lets humans understand it.,Classified,9c23cab853a62da8fa7660fb33a873037d66edddc402132437994a5a184127e6
135,2,delivery-02,overview,CORE,TEACH,,Why this matters,Classified,245d5c299e22e9a13dd0f34df6a3140a42cdcae285b4f3c1b33455f41f91499a
135,3,hook,hook,CORE,ASK,,Which line actually stores the user's name?,Classified,c83536672354a2278c34c72070d5a155f033a8900619b0ebf8bb170f724b8066
135,4,input,input,CORE,TEACH,,INPUT reads data and stores it in a variable,Classified,e8da57eece230adfbf7d298eed5fe52929903f239bbbec92b3fb2800a82cb277
135,5,explanation-input,input,OPTIONAL,EXTEND,,INPUT reads data and stores it in a variable,Classified,ca08fc74a0f00100d73bd8b8062149317eb36d3cd024c6c0dec025c3394a2d6c
135,6,output,output,CORE,TEACH,,"OUTPUT displays text, values or expressions",Classified,f90d53d95b7f6f73a9ec307d23057751e1b04800a835fc2d66254ee62901b47b
135,7,explanation-output,output,OPTIONAL,EXTEND,,"OUTPUT displays text, values or expressions",Classified,6e7ddf43818c453585516a51dee39afebd1caa67022a2f97633766be3cd46db7
135,8,prompts,prompts,CORE,TEACH,,A good prompt tells the user what to enter and the expected format,Classified,3e4a4d44ff71ea550dd616d56eae14a7c135aeadb37e6c9b96848d75d585b7c4
135,9,explanation-prompts,prompts,OPTIONAL,EXTEND,,A good prompt tells the user what to enter and the expected format,Classified,4f1560c47c97fab6126f955afb3987b0669ca482ddff11b54e41cb3ad7b5fbfa
135,10,formatting,formatting,CORE,TEACH,,Formatting means controlling how values are shown,Classified,7f3335e1c9303c0fe92ed4cc26b261c70ef10a29d9d7dbf3741f75bc93a9a429
135,11,explanation-formatting,formatting,OPTIONAL,EXTEND,,Formatting means controlling how values are shown,Classified,b29d55d15a1afc181adc680c7c9cc25c5c48d18adb11245d87a245f5a26a7c04
135,12,types,types,CORE,TEACH,,Input data must be used with the correct data type,Classified,56a1b275aa3b419a54f9bc35ea320d24ce53570ce8b296b1b3908c63cfc3d4c7
135,13,explanation-types,types,OPTIONAL,EXTEND,,Input data must be used with the correct data type,Classified,248ef4468b705d522e1e43b533d0d2663437406a943c07e8c54de64351ab11d7
135,14,tables,tables,CORE,TEACH,,Formatted output can make repeated records readable,Classified,395d5f5921f5de5216931a71725caa08657abbc5adcf71d8f70799d91ad93d48
135,15,explanation-tables,tables,OPTIONAL,EXTEND,,Formatted output can make repeated records readable,Classified,6904181a1cb9bc5a2e282be242a0d49fa221e44e6ec064105a3195352c9a4f84
135,16,java,java,CORE,TEACH,,Java I/O syntax is not Cambridge pseudocode,Classified,bf5733b1d2e7d9508020645627600030c344752e83263043cb5aedd0087fdee4
135,17,explanation-java,java,OPTIONAL,EXTEND,,Java I/O syntax is not Cambridge pseudocode,Classified,62ac54d8464881655e71ac5363ed48685c0a2ccb2295b48cc44909c8203c54ba
135,18,formatter,formatter,CORE,TEACH,,Build a readable result line,Classified,55f2406fce98a0e7b9f545058bd7eb8825bb045e7260ff4701be5431a9f511f6
135,19,explanation-formatter,formatter,OPTIONAL,EXTEND,,Build a readable result line,Classified,44671395b4443962abf81bac5b950b40c0b3580c0a5f63ff5906bdd3184572fc
135,20,chooser,chooser,OPTIONAL,TEACH,,"Is this input, output, or formatting?",Classified,6631a8bdc80cc14e6fa9e31fd28d29bc701b0ad08472fefbe6d09a5b68e6b59d
135,21,examples,examples,CORE,TEACH,,Trace what is stored and what is displayed,Classified,3ba2ba2b13a969f2fb60fe8966f1eba886b26b121897d3ce9353a8f2803236f4
135,22,practice,practice,CORE,PRACTISE,,"Short answers, precise commands",Classified,bd0ed133894365c12697753bd5c932e0ad1cef1f9ff8ee9a2d5d519673678830
135,23,debug,debug,CORE,CHECK,,Find the I/O error,Classified,56c9b67e51ffb9c9d9c9507ddc5a31b19e42070ba28b7f4c3b880ebb55fdc1cb
135,24,exam,exam,CORE,EXAM,,"Answer first, then expand the MS",Classified,c64f3f33e62d912f95099c6bcd6802f9280201599cff1c83f79369e9297d0b5c
135,25,summary,summary,CORE,CHECK,,Three rules to keep,Classified,358e488215ec7380ca78670563ccbdb28b5ccf73a02d7f68f4700cc71b362bbf
135,26,homework,homework,AFTER_CLASS,HOMEWORK,,"Prompt, input, display",Classified,3a4b054d34a090440c628ac27eec3ab992730df6a19941f87ce5c786bb385afa
136,1,overview,overview,CORE,TEACH,,Open the file. Use the file. Close the file. The file is not a mind reader.,Classified,4ea9d3e54454a24333c16ce489c9d64100ac1354968019d0a2fccc78bd4157e3
136,2,delivery-02,overview,CORE,TEACH,,Why this matters,Classified,b42b4928c0c68983f8d63bb0a2fa46783d6bb8b1bafedc686a8506708bd65e4f
136,3,hook,hook,CORE,ASK,,Which file mode keeps old scores and adds a new score?,Classified,3a3e5db0fe2d0d307f06d4ec86485c418a1f229610e841054f5651fdd0c96390
136,4,purpose,purpose,CORE,TEACH,,Files store data outside the running program,Classified,799a80bd1cf1b8eb992c597bfca7942b95a49ba546ea77d148cd4a064129a6ed
136,5,explanation-purpose,purpose,OPTIONAL,EXTEND,,Files store data outside the running program,Classified,5b17240d1d93ee1e7e064a0df3eacf3729cfa034e2a14c6d4a1aac5ba0b49870
136,6,modes,modes,CORE,TEACH,,The mode controls what the program intends to do with the file,Classified,32099c72576fd87329080ca4cae41e3ad42df7e61d20546173ab5d79dfeca82a
136,7,explanation-modes,modes,OPTIONAL,EXTEND,,The mode controls what the program intends to do with the file,Classified,4434b04f3332a107fb8e221abcbcd53d3c142e4940d2218151950e8b8817872d
136,8,read,read,CORE,TEACH,,Read every line using WHILE NOT EOF,Classified,458620e9e896b53035b2d2649708b2a4cc7d3418d71653ab393151d81aba31ef
136,9,explanation-read,read,OPTIONAL,EXTEND,,Read every line using WHILE NOT EOF,Classified,719a04ef34314e0d31445ced58b355719c032ae7fc7ddb379d3bf4f7be564cf0
136,10,write,write,CORE,TEACH,,FOR WRITE writes new contents,Classified,bf93dfbd65ae5e7c7ad3d35aceabb8acaa7db90b28174405e06f470c10d740f1
136,11,explanation-write,write,OPTIONAL,EXTEND,,FOR WRITE writes new contents,Classified,329fcbe3f11644406d1df07ddee571573deb3297e1037dd285694d3897d8abc7
136,12,append,append,CORE,TEACH,,FOR APPEND adds new data to the end,Classified,5ad8d51a12b68999f27374e4cd05620053463a87a94d151b2309f0dd54cd9542
136,13,explanation-append,append,OPTIONAL,EXTEND,,FOR APPEND adds new data to the end,Classified,abe81f620ed778271090ded6481dd93514477eb43fea52521fb97636f514f6cc
136,14,eof,eof,CORE,TEACH,,EOF prevents reading past the end of the file,Classified,7ede830086023aa4e8612e5ff82f155318edebcac7aa1ae5deefd72df7eae5d0
136,15,explanation-eof,eof,OPTIONAL,EXTEND,,EOF prevents reading past the end of the file,Classified,54281e8aaf967f142ddd2c4cbedcb407a337137fa9e4b79910f78868848f3530
136,16,close,close,CORE,TEACH,,CLOSEFILE completes the pattern,Classified,646dc84fcbe820244b0e70d0562365e66941580d0d25fc920b9090766253856a
136,17,explanation-close,close,OPTIONAL,EXTEND,,CLOSEFILE completes the pattern,Classified,8696f20cf2ea4ec433b6c6c642d99b6f4e03ffc0992beef802372e23db5ffce2
136,18,java,java,CORE,TEACH,,"Java file handling helps understanding, but does not replace pseudocode",Classified,c76220c1ee22542a12ea59c7c023e7e32bc38e9c683ace7b591ee2bb08c8ddb9
136,19,explanation-java,java,OPTIONAL,EXTEND,,"Java file handling helps understanding, but does not replace pseudocode",Classified,59a8776bdcb82387e6272541489749a45e5ce495bf147212855d0517d1ec60c8
136,20,builder,builder,OPTIONAL,TEACH,,Generate the core file pattern,Classified,c7467e8c03cc3615eaf75b303c360770b8b95330b8a211d7fdddca291a53a3a3
136,21,chooser,chooser,OPTIONAL,TEACH,,Which mode should the program use?,Classified,726a9f685588f04f8a406fd1a3c84b766be15ffb0ac48a24caf701d53243d3bc
136,22,examples,examples,CORE,TEACH,,Trace the file operation pattern,Classified,04196fa630f9f88c02925ce9de42e755ba3b766b45daca44121428cb62974dbb
136,23,practice,practice,CORE,PRACTISE,,"Short answers, exact commands",Classified,fe8d23fea4cf20b4e8036972ffab9feb2a09e124b1bf3f16960827acf52930d1
136,24,debug,debug,CORE,CHECK,,Find the file handling error,Classified,b85b88230365ab9d7c81c7271e7d7d0a7a99a5105423b485a580c5237c95389f
136,25,exam,exam,CORE,EXAM,,"Answer first, then expand the MS",Classified,a911b31b137d19be429ed5c2947f48e0ae3829a2e5c77f761cb3ef905f73a4c1
136,26,summary,summary,CORE,CHECK,,Three rules to keep,Classified,257b4253dad9b9a35bbe04cc26c6ca09cc39a4028d9e116573c41113e83238c8
136,27,homework,homework,AFTER_CLASS,HOMEWORK,,"Read, write, append",Classified,fa4267d151fd467a1e9930110cba0b94fba6e8e686acf7d40ff33f01d25f7107
137,1,stage2-completion,stage2-completion,CORE,TEACH,,"Choose normal, abnormal and extreme or boundary test data",Classified,86033902db762dd1930d3fdfba9a8238f199ccb8da9a9cdb23741a603ac5996d
137,2,explanation-boundary,boundary,CORE,TEACH,,Extreme or boundary data uses valid values at accepted limits,Classified,633578d0931c71bd8add94407418122e2e5c72c60b7813709e873247d778a00f
137,3,stage2-practice,stage2-practice,CORE,PRACTISE,,"Choose normal, abnormal and extreme or boundary test data: apply and assess",Classified,d8329ac88642d63fb4b943b72a1e43b65e14fb77d5e49a5e7946717f10b67b1c
137,4,overview,remediation-v2-stage3-optional-137,OPTIONAL,EXTEND,,Testing is not “try three lucky numbers and hope the program behaves”.,Classified,b9cec6d91fb23cee2a37c95da93eda6944df3117df1d506beadd960f79501a56
137,5,delivery-02,remediation-v2-stage3-optional-137,OPTIONAL,EXTEND,,Why this matters,Classified,f4892585a6025a0ccebada49103f8d55c41315f281c2d21908a52ae06fd7d317
137,6,hook,remediation-v2-stage3-optional-137,OPTIONAL,EXTEND,,A mark must be an integer from 0 to 100 inclusive. Which value is valid boundary data?,Classified,49584bda66b0e576150bf338b323b5c554b3eec7ad4ac79aa86d0454c07efc8b
137,7,purpose,remediation-v2-stage3-optional-137,OPTIONAL,EXTEND,,Testing compares actual results with expected results,Classified,3e840e23c10e46b6ea14423899793196c90eb7d4939713120eb2593d7a8ec88a
137,8,explanation-purpose,remediation-v2-stage3-optional-137,OPTIONAL,EXTEND,,Testing compares actual results with expected results,Classified,a2bda31d742641cd7be72abf0fd9cdb5e721e823aff05549ed2e29d4bbd93311
137,9,normal,remediation-v2-stage3-optional-137,OPTIONAL,EXTEND,,"Normal data is valid, typical data inside the allowed range",Classified,47f0266f8cd8b8bcef7bde3b7c79f59be07672204a09043ad5e474a8a1774bda
137,10,explanation-normal,remediation-v2-stage3-optional-137,OPTIONAL,EXTEND,,"Normal data is valid, typical data inside the allowed range",Classified,9d505dc5c7e62eed3c137d204d8af299ab61ac788ae2d4553af776fee166a515
137,11,boundary,remediation-v2-stage3-optional-137,OPTIONAL,EXTEND,,Extreme or boundary data uses valid values at accepted limits,Classified,0b96b8de392f6b922e768271bff45bd9d30ffa72f7056a5fa213c88881c029a0
137,12,erroneous,remediation-v2-stage3-optional-137,OPTIONAL,EXTEND,,Abnormal data is invalid data that should be rejected,Classified,68f2c48dfa7073e72cab93f597b6fca46fae7a2976ee158728cf7e3b763d3fdf
137,13,explanation-erroneous,remediation-v2-stage3-optional-137,OPTIONAL,EXTEND,,Abnormal data is invalid data that should be rejected,Classified,3f89b523d7594f8119a3e107789b09f22f713ae2cb9fec6e4d47e6344ac4332c
137,14,table,remediation-v2-stage3-optional-137,OPTIONAL,EXTEND,,A clear test table turns thinking into marks,Classified,e8fa824f7ff3c1319f43b4b94797852b5575b72deffa2e2222443563d71db0c3
137,15,explanation-table,remediation-v2-stage3-optional-137,OPTIONAL,EXTEND,,A clear test table turns thinking into marks,Classified,de8d8d5a08a2620c0417f98474927e73acdc66541f22b700e529ab986e142347
137,16,validation,remediation-v2-stage3-optional-137,OPTIONAL,EXTEND,,Validation is the rule; testing compares actual and expected results for selected cases.,Classified,bcff996d21fa32b9c695011ea59f4b2abc7b2abe87f50d5c32fe58a13ad7dbe9
137,17,explanation-validation,remediation-v2-stage3-optional-137,OPTIONAL,EXTEND,,Testing checks validation against expected results,Classified,9e607bdbb4f2581052701cac1a924a7e1af78fd6a7d44d34537dcff6149c87f5
137,18,java,remediation-v2-stage3-optional-137,OPTIONAL,EXTEND,,"Java can help you run examples, but Cambridge pseudocode is the exam answer format",Classified,9de8d222aa5fb719c72569c18c9c6d357966a1f1a8efb3aa06661c44a2a604e0
137,19,explanation-java,remediation-v2-stage3-optional-137,OPTIONAL,EXTEND,,"Java can help you run examples, but Cambridge pseudocode is the exam answer format",Classified,85837da456a651e6b6c92685eddc9a4f9c2b7722fb298500a939a0f7b6d71b68
137,20,classifier,remediation-v2-stage3-optional-137,OPTIONAL,EXTEND,,Classify a test value for the mark rule,Classified,340ec50689fcbf3cc9f31d23003ccf79ea33cc1a16df7a0abd3313b6363c6c88
137,21,builder,remediation-v2-stage3-optional-137,OPTIONAL,EXTEND,,Choose a validation rule and generate a balanced test set,Classified,d383238774cead2851d067a8209f13650df8c8e017574d0918e3d39e1fa0f98a
137,22,examples,remediation-v2-stage3-optional-137,OPTIONAL,EXTEND,,Three ways exam questions ask for testing knowledge,Classified,081481f3fa9c981fd9f873be92266e3a34e35ea96dc34219e8416110e32248b9
137,23,practice,remediation-v2-stage3-optional-137,OPTIONAL,EXTEND,,"Instant checking: short answers first, then reveal the answer",Classified,3ed4ad0b33b08b7da4b72bea7c65a9b90dc3b982702e66f4e02c720579a9a360
137,24,debug,remediation-v2-stage3-optional-137,OPTIONAL,EXTEND,,Fix the testing plan before the bug writes a memoir,Classified,57bc6d6d17aa3007163a93a6fd13a3de94359d3f43ff10de6c07825f72b24dfa
137,25,exam,remediation-v2-stage3-optional-137,OPTIONAL,EXTEND,,Cambridge-style wording with expandable MS,Classified,becd07f3155824e6e7d20e817b4cb60f32d761fcf8b5b48a9f4883c3b18d9fa2
137,26,summary,remediation-v2-stage3-optional-137,OPTIONAL,EXTEND,,What to remember,Classified,fc430477c249014f47b8f755bf0a78a6cc02158977d0f3bce54422fc9b4ab80c
137,27,homework,homework,AFTER_CLASS,HOMEWORK,,Make the expected result impossible to miss,Classified,07e90026a0fc33aea07b4ec0a1e29ff8fcc2dcb612834f8ed476c8907f10680d
138,1,stage2-completion,stage2-completion,CORE,TEACH,,"Debugging, error correction and program enhancement",Classified,2706a4a25249465f99ed2a8fd43a54006dddb7b0bcce44763b70f00ce4f557d8
138,2,explanation-logic,logic,CORE,TEACH,,Logic errors make the program do the wrong thing,Classified,2ed2fd59839afd38d79e7206534fd5ddfbc25848caaf390f303e89536cb58f12
138,3,explanation-bug,bug,CORE,TEACH,,Analyse and amend an existing program,Classified,9ac7a803ab2fedfdb547065e6f9ae6454df96cb313eb8cb3f102a9ed50d03bb3
138,4,stage2-practice,stage2-practice,CORE,PRACTISE,,"Debugging, error correction and program enhancement: apply and assess",Classified,a9a761f9a8b496e1a8faf3850b4fc446d6eb3d9b3791804e22852dcb051c4b20
138,5,overview,remediation-v2-stage3-optional-138,OPTIONAL,EXTEND,,A debugger provides evidence about program state and execution flow.,Classified,a52dde34ee428260649ccdf76ce12a1e92ca3444776ab34c54bf1ce89ae71118
138,6,delivery-02,remediation-v2-stage3-optional-138,OPTIONAL,EXTEND,,Why this matters,Classified,9939d1ea18243e7ab69344f41ded90df7c798f4211312917f1357efb0cd0bdfc
138,7,hook,remediation-v2-stage3-optional-138,OPTIONAL,EXTEND,,The pass mark is 50. Which line is best for a breakpoint?,Classified,7918ed498b98f98b379f459cdec3bac283cb2e6d413c69568137096111c52d9b
138,8,purpose,remediation-v2-stage3-optional-138,OPTIONAL,EXTEND,,Debugging locates and corrects faults,Classified,19d47acec7a945a85294b5885fa0f99781f78c0fdef56402ae08738354bc7dc6
138,9,explanation-purpose,remediation-v2-stage3-optional-138,OPTIONAL,EXTEND,,Debugging locates and corrects faults,Classified,94bdd0aaf4a934645e190307c6d646e94665c69e62ab73d8e5675e58345223b1
138,10,trace,remediation-v2-stage3-optional-138,OPTIONAL,EXTEND,,A trace table records values after each important step,Classified,c25320afb6770241c80f44a766c87827f5fcf8f7fdae65f5ca42ba9756f26f31
138,11,breakpoint,remediation-v2-stage3-optional-138,OPTIONAL,EXTEND,,A breakpoint pauses execution at a chosen line,Classified,a32653f9adc085878104bba595ca08f9e2e6ef2f73b2304eb13a936d3ad235ac
138,12,explanation-breakpoint,remediation-v2-stage3-optional-138,OPTIONAL,EXTEND,,A breakpoint pauses execution at a chosen line,Classified,f585e212ace6b5ba94812599776dd51f04a44e560d2eaa51e7650c5c83cd3dad
138,13,watch,remediation-v2-stage3-optional-138,OPTIONAL,EXTEND,,Watching variables shows state changes while stepping,Classified,cf04ed80ee71a9852991e9cd37ed052d82dd7dc4719e51ec4564b429d7d1f846
138,14,explanation-watch,remediation-v2-stage3-optional-138,OPTIONAL,EXTEND,,Watching variables shows state changes while stepping,Classified,35429c4c0ff9a881137f2bea7ff2c57158436747a52a989f8b435b07aec78be9
138,15,stepping,remediation-v2-stage3-optional-138,OPTIONAL,EXTEND,,Step through code one instruction at a time,Classified,4199f93b24e35caee31cf54a2c5513b0022398b4129237dd807952f497e69fe7
138,16,explanation-stepping,remediation-v2-stage3-optional-138,OPTIONAL,EXTEND,,Step through code one instruction at a time,Classified,e5637a5502113386153e8b5b59c0b23547d9fb88f2741098be462049eafa63a3
138,17,bug,remediation-v2-stage3-optional-138,OPTIONAL,EXTEND,,Trace the boundary case to expose a logic error,Classified,ce94aa02221f0b4afdd3e2c5bc9f18f4781b2df051f9a550dcba06460a094fa9
138,18,java,remediation-v2-stage3-optional-138,OPTIONAL,EXTEND,,"Java debugging tools help practice, but Cambridge pseudocode remains the exam format",Classified,50733c0573367622d5661597180729b711e9d553a4d70ca3766308db9e29b241
138,19,explanation-java,remediation-v2-stage3-optional-138,OPTIONAL,EXTEND,,"Java debugging tools help practice, but Cambridge pseudocode remains the exam format",Classified,a15f4c5a5f152de47dab48593a85f87bae56cbd57a609df0aa8e39301277240f
138,20,simulator,remediation-v2-stage3-optional-138,OPTIONAL,EXTEND,,Run the faulty condition with a chosen mark,Classified,0868f6259dfbebd798ed20e84b54d6b697475be9eb17cdb56f11083d2d354a84
138,21,chooser,remediation-v2-stage3-optional-138,OPTIONAL,EXTEND,,Select the most useful breakpoint for a suspected fault,Classified,c9e063c7e10ff90a292b497d2ec34b4185a96b19e2b5f8da2260fcf8718e504d
138,22,examples,remediation-v2-stage3-optional-138,OPTIONAL,EXTEND,,Use traces and breakpoints to narrow the fault,Classified,0e18ad7a67dc1de7c6706d7414f89d25bbc6dd98159f4bf2158909e4f4c9944e
138,23,practice,remediation-v2-stage3-optional-138,OPTIONAL,EXTEND,,"Instant checking: answer first, reveal second",Classified,0f80b81d32edb51cbba05940236b250e8d78ae52735c94d9ed21d551bb9f8ae2
138,24,debug,remediation-v2-stage3-optional-138,OPTIONAL,EXTEND,,Debug the debugging plan,Classified,e532f0e909882123323f1588d2c519b629f5a4c1bff44ea8f70f31c4b967d2ae
138,25,exam,remediation-v2-stage3-optional-138,OPTIONAL,EXTEND,,Cambridge-style wording with expandable MS,Classified,becd07f3155824e6e7d20e817b4cb60f32d761fcf8b5b48a9f4883c3b18d9fa2
138,26,summary,remediation-v2-stage3-optional-138,OPTIONAL,EXTEND,,What to remember,Classified,fe2e159b1a9c00dac1cb8c56fa984299cba1da27376a276086e80aecd322679f
138,27,homework,homework,AFTER_CLASS,HOMEWORK,,Make the bug leave footprints,Classified,9056927fb922e349dfbeff18d22f120b490df34dbb1896d5b15268098b92b95b
139,1,stage2-completion,stage2-completion,CORE,TEACH,,Clear and efficient Cambridge pseudocode,Classified,0df85b32857181eeaf5426febf77fd2fc343f3ea1c655add47f7b7bb1c22adbc
139,2,explanation-java,java,CORE,TEACH,,"Java methods can model modularity, but Cambridge pseudocode remains the exam format",Classified,cbe6717d785d6b73e3b158b0b217579e8a526e98d109760e2896a2360d61d34a
139,3,stage2-practice,stage2-practice,CORE,PRACTISE,,Clear and efficient Cambridge pseudocode: apply and assess,Classified,057271819723026b8917270ee846478f63f40fa563fee7d315671ccab7198fcb
139,4,overview,remediation-v2-stage3-optional-139,OPTIONAL,EXTEND,,Robust programs expect trouble and still behave politely.,Classified,343a8378f3ba7e009b64b1ba171fd153416abd32ea529a0d87a2be2d1a693fb7
139,5,delivery-02,remediation-v2-stage3-optional-139,OPTIONAL,EXTEND,,Why this matters,Classified,6a1ea962edfcdb168e8fdcd3ab782c30eb74dff0da33901939a81da1d3e912d7
139,6,hook,remediation-v2-stage3-optional-139,OPTIONAL,EXTEND,,A user enters banana as a mark. What should a robust program do first?,Classified,9c145c546214ff3dd5f731606c6e8fde4b9aff30d0c9d68820b317ad350aebdf
139,7,robust,remediation-v2-stage3-optional-139,OPTIONAL,EXTEND,,A robust program handles expected misuse without collapsing,Classified,a9ec92ebefd9e85d63400e9fb9bdaada414d5867ac1625fd85e152d1d02a136c
139,8,explanation-robust,remediation-v2-stage3-optional-139,OPTIONAL,EXTEND,,A robust program handles expected misuse without collapsing,Classified,df00d4432b93fbd9586dc4d9eb1ebaed5a10caeb93b42c5e82c12212f90d6f98
139,9,validation,remediation-v2-stage3-optional-139,OPTIONAL,EXTEND,,Validation checks whether data is acceptable for the program,Classified,27aaa99d2020648ca4119b39eae52f8e0b70cbb6f0c3f90a6e8432e982afaf97
139,10,explanation-validation,remediation-v2-stage3-optional-139,OPTIONAL,EXTEND,,Validation checks whether data is acceptable for the program,Classified,31bf87e01bfefbe0cbf4b0d5a19dfdd10e021088535a1da6c1d1e805848c408f
139,11,checks,remediation-v2-stage3-optional-139,OPTIONAL,EXTEND,,Pick the check that matches the rule,Classified,6db71895e4020c3ba698988ccd53374d61121b53f3c1c3578b0e859deed1206c
139,12,explanation-checks,remediation-v2-stage3-optional-139,OPTIONAL,EXTEND,,Pick the check that matches the rule,Classified,551eb64b7770dffde9fd3a4425385766164c9b5a35554aee6a0ca7fca4a2c933
139,13,modularity,remediation-v2-stage3-optional-139,OPTIONAL,EXTEND,,Modular design splits a solution into smaller named parts,Classified,f74287d5e61a32d86533ae26ce050b291993c1311a2f40346d96f31d16f2f5fa
139,14,explanation-modularity,remediation-v2-stage3-optional-139,OPTIONAL,EXTEND,,Modular design splits a solution into smaller named parts,Classified,796dcb84c18f57198132e9dd0b52ce6c0a63c92bd64d35466d69da0d52f22daf
139,15,parameters,remediation-v2-stage3-optional-139,OPTIONAL,EXTEND,,Pass data into a module and return only what is needed,Classified,9d0760d70b2a492cf719363cf4b0f258f0ea15161aa8ca78ce144d4daccecab8
139,16,explanation-parameters,remediation-v2-stage3-optional-139,OPTIONAL,EXTEND,,Pass data into a module and return only what is needed,Classified,207e8165b04c5bc5dc7c1338d52b0684299805da0f6ebeda1b99671f8471ffa7
139,17,integration,remediation-v2-stage3-optional-139,OPTIONAL,EXTEND,,Validation and modularity support each other,Classified,2d4806952a7ebd8ff6f12437a554ff5b2b34bedde7a219693f1bd2e3e2906ef9
139,18,explanation-integration,remediation-v2-stage3-optional-139,OPTIONAL,EXTEND,,Validation and modularity support each other,Classified,8c7f811c3c31dfa2b8564dae6da3df18a489753093fa9a01645c6c24623c32ad
139,19,java,remediation-v2-stage3-optional-139,OPTIONAL,EXTEND,,"Java methods can model modularity, but Cambridge pseudocode remains the exam format",Classified,920f287151da31f153abd0383ecd81849567ac21c9929db027c273da14d8788e
139,20,validator,remediation-v2-stage3-optional-139,OPTIONAL,EXTEND,,Check whether a mark input is robustly acceptable,Classified,5e022762db06b403d37992322803a6e86471362801b9d4cf2c9a0e4b80f87845
139,21,explanation-validator,remediation-v2-stage3-optional-139,OPTIONAL,EXTEND,,Check whether a mark input is robustly acceptable,Classified,3797265d330d85c45826f6cfc3c85a24c1d37938e086e1014bdea5c628138bb2
139,22,module-tool,remediation-v2-stage3-optional-139,OPTIONAL,EXTEND,,Choose a module for each responsibility,Classified,d51f60eb1f33510be03c9eca774853b32ed16eb9b5a2008215c24f749b4e15b0
139,23,explanation-module-tool,remediation-v2-stage3-optional-139,OPTIONAL,EXTEND,,Choose a module for each responsibility,Classified,23664217d88b480e6b6f43b8596c7a071487c0eb4e1fcaf79f3176e1f94a257c
139,24,examples,remediation-v2-stage3-optional-139,OPTIONAL,EXTEND,,Design robust code one responsibility at a time,Classified,954e585f629a8f067de5b36194a88e8cd692b05d97855429a8bf178bb4a3a8f2
139,25,practice,remediation-v2-stage3-optional-139,OPTIONAL,EXTEND,,"Instant checking: answer first, reveal second",Classified,0f80b81d32edb51cbba05940236b250e8d78ae52735c94d9ed21d551bb9f8ae2
139,26,debug,remediation-v2-stage3-optional-139,OPTIONAL,EXTEND,,Fix weak design decisions,Classified,643d2833344a8f8e472312c48e2c464e278a38eb8ed02e07f9e81bd27f2c1966
139,27,exam,remediation-v2-stage3-optional-139,OPTIONAL,EXTEND,,Cambridge-style wording with expandable MS,Classified,becd07f3155824e6e7d20e817b4cb60f32d761fcf8b5b48a9f4883c3b18d9fa2
139,28,summary,remediation-v2-stage3-optional-139,OPTIONAL,EXTEND,,What to remember,Classified,5881d54aa2fc08a6fd32939294782d66628428b544628cdbf19c83f7d5cd421a
139,29,homework,homework,AFTER_CLASS,HOMEWORK,,Design before coding,Classified,8dad235973d4d37270fb2945152629c590c09e79686be6e5bbdf6077494fba91
140,1,stage2-completion,stage2-completion,CORE,TEACH,,Translate descriptions into Cambridge pseudocode,Classified,422e650907f489c4318b0d1932cb2d97fd0b42c4c5faf98ed3455f572d99c482
140,2,explanation-standard,standard,CORE,TEACH,,Translate a flowchart or structured English into pseudocode,Classified,d281a7e60c466d9a205d8023b39f42448471ddec521b3b7af4955eae9cdfb409
140,3,stage2-practice,stage2-practice,CORE,PRACTISE,,Translate descriptions into Cambridge pseudocode: apply and assess,Classified,eb663288672826a3005cbca03fd71c7725af6e35c9eebe0204637d7b3a23e79a
140,4,overview,remediation-v2-stage3-optional-140,OPTIONAL,EXTEND,,Java can help you practise. It must not hijack your pseudocode answer.,Classified,9ee57c2ec5995174b776019cc00f60bfdc2ced0e09a14d55bd2f7fa22dd783aa
140,5,delivery-02,remediation-v2-stage3-optional-140,OPTIONAL,EXTEND,,Why this matters,Classified,430200923cd62ba3f87a7c571ccb3cad59712d8c9490504d3dee3da31c52ffec
140,6,hook,remediation-v2-stage3-optional-140,OPTIONAL,EXTEND,,Which answer is Cambridge-style pseudocode?,Classified,93b51660449f8dcfc031ffe5753254adea092fe79f9dbff4cf32086cd7654491
140,7,standard,remediation-v2-stage3-optional-140,OPTIONAL,EXTEND,,Cambridge pseudocode uses readable algorithm keywords,Classified,842925cb688e99e265d7c5011a2f99a83ed3a668d79fc52425de21a9762081d0
140,8,assignment,remediation-v2-stage3-optional-140,OPTIONAL,EXTEND,,Use the assignment arrow for storing a value,Classified,9d29ba822e932301fc3108043bb18a0e2bca83c45e2b04153ac4c8398486354b
140,9,explanation-assignment,remediation-v2-stage3-optional-140,OPTIONAL,EXTEND,,Use the assignment arrow for storing a value,Classified,0f5e62bb2cd194bf8c54e10e73ff08cbc07a2d73fc8787f6f94a50d00fbec8b8
140,10,io,remediation-v2-stage3-optional-140,OPTIONAL,EXTEND,,Replace library calls with algorithm keywords,Classified,4f22310efc1f1614a330a7e86351a23df8721f6774045df4c2b69aaf71294d51
140,11,explanation-io,remediation-v2-stage3-optional-140,OPTIONAL,EXTEND,,Replace library calls with algorithm keywords,Classified,7b2fa0252799d8a0535785dd5ea411f6536001ba823e6a0e3981d368fbf14e94
140,12,selection,remediation-v2-stage3-optional-140,OPTIONAL,EXTEND,,"Use IF , THEN , ELSE , ENDIF",Classified,b900f79ea3593e1fe220459a9aa3821fd0faf34f6e7319cccf4e1c152b2da613
140,13,explanation-selection,remediation-v2-stage3-optional-140,OPTIONAL,EXTEND,,"Use IF , THEN , ELSE , ENDIF",Classified,0cfa0a1bc611a69d0ab81d59cb9bad8a165099f398ec2ed601683a0168ef11e2
140,14,loops,remediation-v2-stage3-optional-140,OPTIONAL,EXTEND,,Choose the loop keyword that matches the logic,Classified,5e329727d4ef7349ef75fa22f49da3d0fe0e4e394386f7252860ddd92982db2c
140,15,explanation-loops,remediation-v2-stage3-optional-140,OPTIONAL,EXTEND,,Choose the loop keyword that matches the logic,Classified,679813e78b32bd5a598ce66db3151340bcceb84986148d6c2b2daea585b1fa05
140,16,arrays,remediation-v2-stage3-optional-140,OPTIONAL,EXTEND,,Use Cambridge array notation consistently,Classified,767987de32893ccc8802031b80c2cad0237cd987ac7c84ca6290080d19f8d9d8
140,17,explanation-arrays,remediation-v2-stage3-optional-140,OPTIONAL,EXTEND,,Use Cambridge array notation consistently,Classified,ea905d5dc33336f7fdf708d8ca96ece06c7fc8c59caef82d41204535cc7e818a
140,18,subroutines,remediation-v2-stage3-optional-140,OPTIONAL,EXTEND,,Use PROCEDURE and FUNCTION instead of Java method wrappers,Classified,5984271927eb82ca33f6ca9f86d8f4e5f38dbd2bf7998cc0fcbeaad29a1ce3fc
140,19,explanation-subroutines,remediation-v2-stage3-optional-140,OPTIONAL,EXTEND,,Use PROCEDURE and FUNCTION instead of Java method wrappers,Classified,e0a282d08d1bc0e62ea0f4d4de074afc6bc972ed7f680499516c965ac6cbd9ea
140,20,converter,remediation-v2-stage3-optional-140,OPTIONAL,EXTEND,,Choose a Java habit and convert it,Classified,9100d4bb25691b0080074f2a4ab53af675ddccb07fbc1c1177c0d48379280bbd
140,21,spotter,remediation-v2-stage3-optional-140,OPTIONAL,EXTEND,,Spot the Java-only syntax in an exam answer,Classified,4ed34e88e0cbcf3526f0acdc306bc26a6e4c99fb0ba96e266728a3b0382a4a63
140,22,explanation-spotter,remediation-v2-stage3-optional-140,OPTIONAL,EXTEND,,Spot the Java-only syntax in an exam answer,Classified,c55942cae001489efcdc53f36781c3c29487e0da5a914d1f94a7d79f3d196c2f
140,23,examples,remediation-v2-stage3-optional-140,OPTIONAL,EXTEND,,"Translate by purpose, not punctuation",Classified,0a75279fc23ff57cda950eaa4b66e1c499069a6537598b2956bdf05ffe5ca251
140,24,practice,remediation-v2-stage3-optional-140,OPTIONAL,EXTEND,,Instant checking: short conversion answers,Classified,a20c5c59a1be9705ee95acb613b96a8edd2087e98ed86fc5ce3de340ad124c72
140,25,debug,remediation-v2-stage3-optional-140,OPTIONAL,EXTEND,,Remove Java leakage before it costs marks,Classified,cf83932ab69041f0396430df4426d59d9da511c3c438c891a1aeb6cf9bcaa0d3
140,26,exam,remediation-v2-stage3-optional-140,OPTIONAL,EXTEND,,Cambridge-style wording with expandable MS,Classified,becd07f3155824e6e7d20e817b4cb60f32d761fcf8b5b48a9f4883c3b18d9fa2
140,27,checkpoint,remediation-v2-stage3-optional-140,OPTIONAL,EXTEND,,5-minute quiz focus,Classified,41f5aa838830891208801840b7833237d6272c08cc3f71f5dbceed5bca1149e5
140,28,explanation-checkpoint,remediation-v2-stage3-optional-140,OPTIONAL,EXTEND,,5-minute quiz focus,Classified,8467d72c86de7d78799cd5cd5aa90d7b9c2928654a63e944ba7b4fe51637da50
140,29,summary,remediation-v2-stage3-optional-140,OPTIONAL,EXTEND,,What to remember,Classified,f133e6417d6d04c30deccba354c6292b370416954c0be3c3e260d6202277a516
140,30,homework,homework,AFTER_CLASS,HOMEWORK,,Translate cleanly,Classified,7aa2eb8ad1ec896508a43e3b81b07e9b851c9b436cda24ac2d7cc4ce8fc5b11a
141,1,overview,remediation-v2-stage3-optional-141,OPTIONAL,EXTEND,,A complete fragment is not a pile of keywords. It is a small program with a job.,Classified,733451ef5e656aa3d11521206a950b6ad66b40755343484c9d8d43ed76ff7cab
141,2,delivery-02,remediation-v2-stage3-optional-141,OPTIONAL,EXTEND,,Why this matters,Classified,028acf16fc7eea2b96a2ebfab3ea3bda87830ba8743894f79e30e11c5bcc3c3b
141,3,hook,remediation-v2-stage3-optional-141,OPTIONAL,EXTEND,,Which syllabus concept is required first?,Classified,ee3f56eb890afecabb44c08f594d27a10316e2e824008e479562de9cc5334f03
141,4,review-map,remediation-v2-stage3-optional-141,OPTIONAL,EXTEND,,Section 11 tools become stronger when combined,Classified,454b2e612f44956f41c76cbb02f9c71cd7bf78962dedb720845498262efba74b
141,5,explanation-review-map,remediation-v2-stage3-optional-141,OPTIONAL,EXTEND,,Section 11 tools become stronger when combined,Classified,425b655c97334c33a9acaa3d8d303330a31b8db42422bea2e51e79a2b607e379
141,6,fragment,remediation-v2-stage3-optional-141,OPTIONAL,EXTEND,,"A complete fragment has setup, logic and result",Classified,8e140f851c65683253194c42e1d543d7685c0c9138328f3b0dcd345341ad35a9
141,7,explanation-fragment,remediation-v2-stage3-optional-141,OPTIONAL,EXTEND,,"A complete fragment has setup, logic and result",Classified,63980dae28c57d41ade36d4adfb6a3c9e61de28e9100feb84cf6d6d14a4692a3
141,8,validation,remediation-v2-stage3-optional-141,OPTIONAL,EXTEND,,Review fragments often need input checks,Classified,8ab5236dc846abb5290f5b5e6077f77c8ccfcfdadde2affdaaab82863c4023e6
141,9,explanation-validation,remediation-v2-stage3-optional-141,OPTIONAL,EXTEND,,Review fragments often need input checks,Classified,d2efc384b10822e3a87016d68fcbf3ef31ab2af3158bdcc6058aee9e7974a242
141,10,arrays,remediation-v2-stage3-optional-141,OPTIONAL,EXTEND,,Arrays need consistent indexing and meaningful loop bounds,Classified,b5950aa999eef25f68aa964dedd540e9f55d52662d96f2dcf23fc1b85f12bb9d
141,11,explanation-arrays,remediation-v2-stage3-optional-141,OPTIONAL,EXTEND,,Arrays need consistent indexing and meaningful loop bounds,Classified,fbf5b890abf28e0b68851e1a4ffecad207e7f65be0d8186013b2e78aa0b0870d
141,12,subroutines,remediation-v2-stage3-optional-141,OPTIONAL,EXTEND,,Use functions for returned values and procedures for actions,Classified,cde43faa9e1d931df01ea3d1df12aa05bc4d148f54ba0c2845e673f332a21f69
141,13,explanation-subroutines,remediation-v2-stage3-optional-141,OPTIONAL,EXTEND,,Use functions for returned values and procedures for actions,Classified,6d4bb540a810959dd1cbd3af8396eb149b28efb51a40e51d267f50660bb1654a
141,14,files,remediation-v2-stage3-optional-141,OPTIONAL,EXTEND,,"File fragments need open, process and close",Classified,0eb98cccfee6e97a3359fc78f8b0ace6262389b3a202573247914bbd3ce94ba2
141,15,explanation-files,remediation-v2-stage3-optional-141,OPTIONAL,EXTEND,,"File fragments need open, process and close",Classified,5e9ef0bce76e0b66963eee2867f5a59699df50c81733d7b4a8166592f6201fe6
141,16,debugging,remediation-v2-stage3-optional-141,OPTIONAL,EXTEND,,Review answers should be traceable,Classified,4f9313e40c64fb00f552f56ded5062744e95a6d78c9c097c9cd7ea15fee6245a
141,17,explanation-debugging,remediation-v2-stage3-optional-141,OPTIONAL,EXTEND,,Review answers should be traceable,Classified,30ad210fa011755cb51990bf2b90f1c2295356e73fcd0139ed313988fad629de
141,18,java,remediation-v2-stage3-optional-141,OPTIONAL,EXTEND,,Java can support practice; the review answer should be Cambridge pseudocode,Classified,84814771ab9227ba90d2e6725555a7de09132af662d38d2df0a168b092347b33
141,19,explanation-java,remediation-v2-stage3-optional-141,OPTIONAL,EXTEND,,Java can support practice; the review answer should be Cambridge pseudocode,Classified,6bdbe3cb6578db419435b45cad20cf4afd9020d36af513a3dde926e07bea9b36
141,20,builder,remediation-v2-stage3-optional-141,OPTIONAL,EXTEND,,Choose a scenario and inspect the skeleton,Classified,5b3a2af2424e746481d05a2d0f86555cef63aeaba7e79b21f61111b7328dbe5e
141,21,checklist,remediation-v2-stage3-optional-141,OPTIONAL,EXTEND,,Use a checklist before calling a fragment finished,Classified,41c3badcb74cf7778dcca995ec0ad62c7a1dbf0a03e23bf016f52d1049451143
141,22,explanation-checklist,remediation-v2-stage3-optional-141,OPTIONAL,EXTEND,,Use a checklist before calling a fragment finished,Classified,64980dfd0607f480a86879440e1931b8c20c7a32915e3ab28a989d3f51aebef4
141,23,examples,remediation-v2-stage3-optional-141,OPTIONAL,EXTEND,,Annotate which lines earn marks,Classified,d627365ae920d8344ee8b651498b763ef909f3f13bf046a8a763ca0f812efb80
141,24,practice,remediation-v2-stage3-optional-141,OPTIONAL,EXTEND,,Instant checking: review vocabulary and fragment logic,Classified,b556317ed438551880c342b0d67cf325c39e7df79241bd3b33b8d29979f6824d
141,25,debug,remediation-v2-stage3-optional-141,OPTIONAL,EXTEND,,Turn weak fragments into mark-worthy ones,Classified,bbc5dcc63569217b325dc6d389d667b7fda5c207e1a3fb887ac64be9974a1f87
141,26,exam,remediation-v2-stage3-optional-141,OPTIONAL,EXTEND,,Cambridge-style review questions with expandable MS,Classified,5645a8f1b8444d27c16bcd3cade88882cad5ac1ea1d942099696c1274abc9e22
141,27,summary,remediation-v2-stage3-optional-141,OPTIONAL,EXTEND,,What to remember,Classified,b86dfec6af298bb11ce05d163191201500d16a0052316586e5a114095f0aefb2
141,28,homework,homework,AFTER_CLASS,HOMEWORK,,Timed Section 11 review,Classified,6b565965beddd7de62bc20637a922bbca401d5804332b039559db163f11f73d9
142,1,stage2-completion,stage2-completion,CORE,TEACH,,"Lifecycle models, purpose and limitations",Classified,94f76457df966908a8117a8faf0c46044ce71cb28f745a1ba1d4296ec81fa9db
142,2,explanation-rad,rad,CORE,TEACH,,Rapid application development (RAD),Classified,f79cf8360892a554915504622ca17be68e7d33c600e3c790ec19283e345db00f
142,3,stage2-practice,stage2-practice,CORE,PRACTISE,,"Lifecycle models, purpose and limitations: apply and assess",Classified,210be872341867c8c2f3a891752b438a951a3f5e3696dbdb8c806c5b9232944e
142,4,overview,remediation-v2-stage3-optional-142,OPTIONAL,EXTEND,,Lifecycle models organise the activities used to develop and maintain software.,Classified,580b78c45b54418bcfff1d75aa069a93f94cdddbdc754b1154f00a06750f0d66
142,5,delivery-02,remediation-v2-stage3-optional-142,OPTIONAL,EXTEND,,Why this matters,Classified,ae5c77e3a91123e2aabecca529968782fb2d165864d006a8e87e5e10ee3b9b8c
142,6,hook,remediation-v2-stage3-optional-142,OPTIONAL,EXTEND,,A client says: “Make a user-friendly booking system.” What should happen first?,Classified,6551d1e517cf11eacb3cbd8ea34edf804378adc7141d25484bcf7a95cd4f45f1
142,7,purpose,remediation-v2-stage3-optional-142,OPTIONAL,EXTEND,,Lifecycle models give structure to a software project,Classified,43b7124dc38f60e9d0b6bfc3fd2dcbe70c62f5415a559abbd08943147022c6fb
142,8,explanation-purpose,remediation-v2-stage3-optional-142,OPTIONAL,EXTEND,,Why a lifecycle reduces uncertainty,Classified,127aad4344095a87b03439f635f21d4fdc07442394376a5bd1a43a87df2b3783
142,9,stages,remediation-v2-stage3-optional-142,OPTIONAL,EXTEND,,Common stages and what each produces,Classified,45ab77d2391eadc183bba42e527f9b33bf93a080f81557cf4af4d7a9b46018fe
142,10,explanation-stages,remediation-v2-stage3-optional-142,OPTIONAL,EXTEND,,How one stage supplies the next,Classified,06ddf68405a38c2df0e4a2411b2451150bbaecd989cf7455e6be68f5c6cf1951
142,11,waterfall,remediation-v2-stage3-optional-142,OPTIONAL,EXTEND,,Waterfall moves through stages in a planned sequence,Classified,74dcd81e8ec933ae45506b611c9a4ee5124f36b7746583918f8ce482845ca89b
142,12,explanation-waterfall,remediation-v2-stage3-optional-142,OPTIONAL,EXTEND,,Why sequence helps and resists change,Classified,9689f7bec13769f112b1b020f6bfcf7a6fd8fd5706ae8baebacbb5b958a85b67
142,13,iterative,remediation-v2-stage3-optional-142,OPTIONAL,EXTEND,,"Iterative models build, review and refine through cycles",Classified,20b9f0d2ab45252f58e26dc6f20176f461ec447c86eaeb4082810b7cbda3b3b3
142,14,explanation-iterative,remediation-v2-stage3-optional-142,OPTIONAL,EXTEND,,Why repeated cycles expose mistakes,Classified,69ad83e4ad78a04a35eab8886513d5d4c50a6e15d7cbc89b256b1fc6a7d60abe
142,15,rad,remediation-v2-stage3-optional-142,OPTIONAL,EXTEND,,"RAD uses rapid prototypes, time boxes and frequent user involvement",Classified,97d7fdcdf9a64eee02865e931f80d854d13ad6115e1c21ec9e8c43d0e35e2f31
142,16,agile,remediation-v2-stage3-optional-142,OPTIONAL,EXTEND,,Agile development emphasises short cycles and user feedback,Classified,8acf7833686a3e16a46d63df839532b3a8a0662762133ee1487ac31962159213
142,17,explanation-agile,remediation-v2-stage3-optional-142,OPTIONAL,EXTEND,,Why short feedback cycles support change,Classified,fbcc3198ccd5ffc0170b5e00d68334941f33f438f4f1b43a5471ce47edd9e683
142,18,compare,remediation-v2-stage3-optional-142,OPTIONAL,EXTEND,,Choose a lifecycle model using the project requirements,Classified,e71e12f2a971aa3a290436f67bb3b45d27dda5b8cfd458ffddf0d123d7840ae5
142,19,explanation-compare,remediation-v2-stage3-optional-142,OPTIONAL,EXTEND,,How project conditions choose a model,Classified,64654fae8fcf110aab685314dfa8b04e803d05bb8ad8d942d14be4565f60c3f5
142,20,artefacts,remediation-v2-stage3-optional-142,OPTIONAL,EXTEND,,Exam answers often mention documents or outputs from stages,Classified,33d1fcffc11d70be633017d044c11283678752df27d9525f595e5b825e51faf2
142,21,explanation-artefacts,remediation-v2-stage3-optional-142,OPTIONAL,EXTEND,,Why artefacts make decisions traceable,Classified,808ee302fc4f5b9c63f7561c3a9e468d63d0b08fd547cd1026eeaa9dd4ea73c0
142,22,model-tool,remediation-v2-stage3-optional-142,OPTIONAL,EXTEND,,Choose a project situation and compare model suitability,Classified,8124fd1b9701d62dd96d3ae0d136b818f4e06866af80ab58948f9e759ec80888
142,23,order-tool,remediation-v2-stage3-optional-142,OPTIONAL,EXTEND,,Spot the stage that should usually happen first,Classified,8bcac88f3cbc4fd3c56c21541598817d8681e6525cc6c1c4ca69a3a086ddc1c3
142,24,examples,remediation-v2-stage3-optional-142,OPTIONAL,EXTEND,,Apply the lifecycle to realistic project decisions,Classified,35081f24b13aa2d43a9ea8f7c33603698427d02d416096bf77ce162f7a2ff267
142,25,practice,remediation-v2-stage3-optional-142,OPTIONAL,EXTEND,,Instant checking: lifecycle terms and consequences,Classified,71d76b921f8164e95fd43cd9433af70fa933fe21b8c0a0f6e5fa0b616091bd70
142,26,debug,remediation-v2-stage3-optional-142,OPTIONAL,EXTEND,,Fix weak lifecycle explanations,Classified,e9e19998f7d86230a868b5f05a69dbf1789487882229646f357697586d212f4d
142,27,exam,remediation-v2-stage3-optional-142,OPTIONAL,EXTEND,,Cambridge-style lifecycle questions with expandable MS,Classified,c30373c15611218c801c4700ee35d322eca8b2b09a6db201703d4f2449c76d2c
142,28,summary,remediation-v2-stage3-optional-142,OPTIONAL,EXTEND,,What to remember,Classified,788a22bd3f432dd7fbfd99d4ad755be4d36179cd8757f0dd9fd9c8ae96815da7
142,29,homework,homework,AFTER_CLASS,HOMEWORK,,"Use the lifecycle, do not just list it",Classified,41850a64b5b5a6ded6229cbd33d24d1a2624d5215fdd2f5ee81610c7624706f7
143,1,overview,overview,CORE,TEACH,,“User-friendly” is a wish. A success criterion is something you can test.,Classified,60eeae116490e0c9d87949799ddb193c94aeb389ca14211358c963582640a42c
143,2,delivery-02,overview,CORE,TEACH,,Why this matters,Classified,9a896daec38ddfc848f7a5f7c993a8ebc046a12b72ea37ffae7ab21a4538af03
143,3,hook,hook,CORE,ASK,,Which statement is a measurable success criterion?,Classified,f34a1a77085a7bfb0fbe3d583947b791376d188bb59993db47f7c99fcc856adf
143,4,analysis,analysis,CORE,TEACH,,Analysis turns user needs into a requirements specification,Classified,afb3c1ab0285d66bbd849fa6917a9628e00fdb8018187f9651caae61a3b040f6
143,5,explanation-analysis,analysis,OPTIONAL,EXTEND,,Analysis turns user needs into a requirements specification,Classified,beb193a0fb92a86463f0ebc2ab62b7458e7549189dc889b1a3c3878d27b8138d
143,6,functional,functional,CORE,TEACH,,Functional requirements describe what the system must do,Classified,79b136d144a5a8b5acfa961f0bb28b6897973eb91617469df211fbfaf4c04355
143,7,explanation-functional,functional,OPTIONAL,EXTEND,,Functional requirements describe what the system must do,Classified,aa98015d18305d2d5ae1b79369117f27f70aa871803dc9eeea754b00ff7c9808
143,8,non-functional,non-functional,CORE,TEACH,,Non-functional requirements describe qualities or constraints,Classified,c9bbcf455dd053d1c60b3ad01eb0578a5b62dde0a9d0ca2aafba7ca3a5c1f2a0
143,9,explanation-non-functional,non-functional,OPTIONAL,EXTEND,,Non-functional requirements describe qualities or constraints,Classified,b6c2d1537a0ea75828aef413699b0590c73f40f0f7aa84b4e464c8ea16f40fc4
143,10,success,success,CORE,TEACH,,Success criteria make evaluation possible,Classified,782650e822f24a4279625c88cd5310e63ca7fe50608007c57d2e42688edbbc8c
143,11,explanation-success,success,OPTIONAL,EXTEND,,Success criteria make evaluation possible,Classified,f78f1b28d89b988a35b626709dd859a2d1692f7f3076de741208d6fc0c7c83a5
143,12,acceptance,acceptance,CORE,TEACH,,Acceptance tests check whether requirements are met,Classified,65d95fc6987629f88c38fa489ece679761f77c10eb36f07e6f6a8304e1741aa7
143,13,explanation-acceptance,acceptance,OPTIONAL,EXTEND,,Acceptance tests check whether requirements are met,Classified,646ab637ce0ab9857b5e016de6d5cc4a88023f266835db049b1d8dba3a55a9eb
143,14,stakeholders,stakeholders,CORE,TEACH,,Different users reveal different requirements,Classified,aede0883b8c7a9270300a788e3777ff11b4feef846431f88a8b132bffd1ddd10
143,15,explanation-stakeholders,stakeholders,OPTIONAL,EXTEND,,Different users reveal different requirements,Classified,2869d99be7e882046a57caf2cfce1b209da98dd9a1925ceeec103ad4ab34a237
143,16,rewriter,rewriter,CORE,TEACH,,Turn vague requests into stronger requirements,Classified,d470606d3e1f5eae8c2b08f3c756c0e3e77efd7011ab49f59d61e932881d649b
143,17,explanation-rewriter,rewriter,OPTIONAL,EXTEND,,Turn vague requests into stronger requirements,Classified,d7742c9972435da23f97774cdc472c7b9d987a432f9dc673f2bd89817602f7ea
143,18,criteria-tool,criteria-tool,CORE,TEACH,,Is the criterion testable?,Classified,7931d3abfd46e66234c7c5ae9c7495cf2ee21acd5f7b8b65d414addb1adb6ca7
143,19,explanation-criteria-tool,criteria-tool,OPTIONAL,EXTEND,,Is the criterion testable?,Classified,cf3768b167c16a39f32dc3a3fc277bd0c34f5fbc8c38ca414228300a339d644e
143,20,examples,examples,CORE,TEACH,,From request to requirement to acceptance test,Classified,cc099ad2888cbef848dbbc54e5ce72de970c6f1c7660c3ebdc205fdcc0a0197b
143,21,practice,practice,CORE,PRACTISE,,Instant checking: requirement language,Classified,fa3098780975a418fb37b67e61accdbf364db5f4cdb64afacee02e1601e4eb09
143,22,debug,debug,CORE,CHECK,,Fix weak analysis answers,Classified,85927772744ceb0e1a2277f45fe07a805c060d76ea2017ce10a3d5b58ae36f1a
143,23,exam,exam,CORE,EXAM,,Cambridge-style requirements questions with expandable MS,Classified,e822b72fd342d2ef7139343c536c4c842fe901af9bca5aafab929f2ba36ec26c
143,24,summary,summary,CORE,CHECK,,What to remember,Classified,1405c88dac9e10a804dc48235904cc69948cae842c015fe1c80901e94531f27c
143,25,homework,homework,AFTER_CLASS,HOMEWORK,,Make vague requests testable,Classified,2104af1915deb364321aeb83e13572555320017d126c2ea7e473756b2429e811
144,1,stage2-completion,stage2-completion,CORE,TEACH,,Structure charts and the purpose of state-transition diagrams,Classified,b5359639388da39da34b0f77eb6caa702751b2a3e73990e2fa491416763c97a8
144,2,explanation-algorithms,algorithms,CORE,TEACH,,"Structure charts, derived pseudocode and state transitions",Classified,5e2f0084866db1a8763ab3936682c28b80a4007edad61dff7befb0c2ccd9a0f3
144,3,stage2-practice,stage2-practice,CORE,PRACTISE,,Structure charts and the purpose of state-transition diagrams: apply and assess,Classified,e094e94993562a08a39ad6ea87b29be11550e8078bd49feda882c82d541cd170
144,4,overview,remediation-v2-stage3-optional-144,OPTIONAL,EXTEND,,Design documentation is the bridge between “what users need” and “what developers build”.,Classified,2e95ec763206ee4f2b3ce5e505e8bcb9bf2cf9dbcd17bc43f694b292963d3c27
144,5,delivery-02,remediation-v2-stage3-optional-144,OPTIONAL,EXTEND,,Why this matters,Classified,af19e374cbc236db3261d65754890e9d344b7fe2f2562e54c9c7fad6fab7740a
144,6,hook,remediation-v2-stage3-optional-144,OPTIONAL,EXTEND,,Which document says RoomID is a STRING of length 6 and must not be blank?,Classified,a89edd35a359805d4ed530cc38821d90b6d8b976b2ff969844422d040302fdfe
144,7,purpose,remediation-v2-stage3-optional-144,OPTIONAL,EXTEND,,Design documents translate requirements into a buildable plan,Classified,d1b784c399f4274cf0d0f7edae957cb9ad1e5748fc37ddf1462a3a34414824d0
144,8,explanation-purpose,remediation-v2-stage3-optional-144,OPTIONAL,EXTEND,,Design documents translate requirements into a buildable plan,Classified,4b503fee3f1af5cc668d3f16639210bf05897aa8cfef16ed873a1d4bfdeb1d2c
144,9,algorithms,remediation-v2-stage3-optional-144,OPTIONAL,EXTEND,,Algorithm designs describe the processing steps,Classified,86b9444d5fa0cc48bb1cd99026f4e26799051491636692f8f7f1385e32de46a7
144,10,dictionary,remediation-v2-stage3-optional-144,OPTIONAL,EXTEND,,A data dictionary defines each data item consistently,Classified,8f5df36ea82629dcaf3baa9f899fe36ef2db0065ace0c82c8e40bab94c70e731
144,11,explanation-dictionary,remediation-v2-stage3-optional-144,OPTIONAL,EXTEND,,A data dictionary defines each data item consistently,Classified,bd21421f02926e9408f2a735f204edbf35b18e6816ed8ffa153d4b7dbb262f23
144,12,interfaces,remediation-v2-stage3-optional-144,OPTIONAL,EXTEND,,Interface designs show how users will enter data and navigate the system,Classified,3d647e21a50efc7d284d612615f2a08ad1765c320cf162bf107ae1b99b501346
144,13,explanation-interfaces,remediation-v2-stage3-optional-144,OPTIONAL,EXTEND,,Interface designs show how users will enter data and navigate the system,Classified,e993126ee1e6c531ac15a9cab52db91d33f41e767b666a52760413da627c43b2
144,14,traceability,remediation-v2-stage3-optional-144,OPTIONAL,EXTEND,,Traceability keeps the design connected to the original need,Classified,f5da03374214c039beb82b4e5b9471177082010f70800dbbd43a57a4a04df27d
144,15,explanation-traceability,remediation-v2-stage3-optional-144,OPTIONAL,EXTEND,,Traceability keeps the design connected to the original need,Classified,8f2ab7365f6a68ef1fbf5736024b1d6dd8800791233f879584c1ddf3cbd3a76d
144,16,lifecycle,remediation-v2-stage3-optional-144,OPTIONAL,EXTEND,,"Design documentation supports implementation, testing and maintenance",Classified,e3c586ac7fe0f0d8cf53e6fbf971ec67213087c90b0e6d61fc285c5d34788a90
144,17,explanation-lifecycle,remediation-v2-stage3-optional-144,OPTIONAL,EXTEND,,"Design documentation supports implementation, testing and maintenance",Classified,24e135e904ffdb3980262346c0f8806f482372776259bce872140a69523006a4
144,18,chooser,remediation-v2-stage3-optional-144,OPTIONAL,EXTEND,,Pick the best document for the job,Classified,75901dc0e52ab0fa2de89c4400dc096421c3ef7f0e226196175e50611577ddee
144,19,dictionary-tool,remediation-v2-stage3-optional-144,OPTIONAL,EXTEND,,Inspect a field definition,Classified,45136442730ae027fe5d91743007598445e32834f1adbd90021128f8b1651967
144,20,explanation-dictionary-tool,remediation-v2-stage3-optional-144,OPTIONAL,EXTEND,,Inspect a field definition,Classified,7365bc25abb9cbd386f937b046964973020dbcedb0f82e1528d04985255263f1
144,21,examples,remediation-v2-stage3-optional-144,OPTIONAL,EXTEND,,Three ways design documentation earns marks,Classified,93350f99a74db5ed92401c22fd7fe0a1e1eea63448b05b2dc0b5634c0386118d
144,22,practice,remediation-v2-stage3-optional-144,OPTIONAL,EXTEND,,"Answer, check, then reveal the model answer if needed",Classified,834babd1cf5b9fbecd1f326f96919bd0664dfa7883aadea5a17f50694d39d3ca
144,23,debug,remediation-v2-stage3-optional-144,OPTIONAL,EXTEND,,Fix the answer before the examiner has to,Classified,bae98a8f5f14e8313598c03a26d1021b65c799f88415d5ce2cc673f364fc1825
144,24,exam,remediation-v2-stage3-optional-144,OPTIONAL,EXTEND,,Cambridge-style questions with expandable MS,Classified,472fa59e2975216b8d9057fe40d6a350215f512b4b32668656c4cf13dd9b507b
144,25,summary,remediation-v2-stage3-optional-144,OPTIONAL,EXTEND,,What to remember,Classified,6ee74273110b2d609e4f825d0d8e410bac33b39688359df2d2ad288797a7a1c9
144,26,homework,homework,AFTER_CLASS,HOMEWORK,,Produce a mini design pack for a library loan system,Classified,54806b6a0a6d69b49acababd901976a518d352de120a32c659afc59302653191
145,1,stage2-completion,stage2-completion,CORE,TEACH,,"Testing, implementation and maintenance",Classified,e7c33c646a45c83addf3ca0910a028081b6f20d358a1399263d217c7e3073fda
145,2,explanation-test-data,test-data,CORE,TEACH,,Good testing uses different categories of data,Classified,18bce1906c8464c14d17548f271ccd243ae7850a195a4f7892e14bd0e3543c7e
145,3,explanation-maintenance,maintenance,CORE,TEACH,,Maintenance changes a system after it has been delivered,Classified,2ccf0372e59b4589c39f8571f28c8abc1251a55ee319e49ba4f53725de1ae5a3
145,4,explanation-changeover,changeover,CORE,TEACH,,Test strategy and test plan are different documents,Classified,842e5470bc234173022b3b1a4a6813c1880426c11f573084701a0c8e8a4c043f
145,5,stage2-practice,stage2-practice,CORE,PRACTISE,,"Testing, implementation and maintenance: apply and assess",Classified,0fcce9b8ba0199beabfdf5842bd60327bbc670ccee13fa3a6d54e740d02d7087
145,6,overview,remediation-v2-stage3-optional-145,OPTIONAL,EXTEND,,"A system is not finished when it runs once. It is finished when it is tested, delivered, maintained and evaluated.",Classified,2b50065f77b3942ef61806e1204c9202329cc427993dc06ede7ff7cb8054a74e
145,7,delivery-02,remediation-v2-stage3-optional-145,OPTIONAL,EXTEND,,Why this matters,Classified,63c7fd65594a669d375365d4161aea259706261bddfef274c6d15f68cad8224b
145,8,hook,remediation-v2-stage3-optional-145,OPTIONAL,EXTEND,,The booking system runs once. Can we release it?,Classified,c48a9109f57a812d603c38839179ff4ae688a31135aa25594fb9604aa5c556a9
145,9,implementation,remediation-v2-stage3-optional-145,OPTIONAL,EXTEND,,Implementation turns the design into a working system,Classified,ef6dce128ec09f680d72bbf1622dec61a7f9a39a634cf5ee55779479232bb2b7
145,10,explanation-implementation,remediation-v2-stage3-optional-145,OPTIONAL,EXTEND,,Implementation turns the design into a working system,Classified,91319762c6e8c2eaab8a2e9cb8081047be0adca75c9732b047ff4ac4b24e8392
145,11,changeover,remediation-v2-stage3-optional-145,OPTIONAL,EXTEND,,"Changeover methods balance risk, cost and speed",Classified,560878f5f37dd38cba2be0c94b0cc569564e7b17d818ac18b0029e7f79e5da98
145,12,testing,remediation-v2-stage3-optional-145,OPTIONAL,EXTEND,,Testing is planned evidence that the system behaves as expected,Classified,38bc2bcd5996dfdcbf1fdb237235f2989dc609a93ed068eadda66cc8ceb2d95a
145,13,explanation-testing,remediation-v2-stage3-optional-145,OPTIONAL,EXTEND,,Testing is planned evidence that the system behaves as expected,Classified,9bf87578e19b1e247a3a72bbbf038ba8db2009b1a1f48a1816436cf8b864aebe
145,14,test-data,remediation-v2-stage3-optional-145,OPTIONAL,EXTEND,,Good testing uses different categories of data,Classified,69a4da03b105b2ac705f417192ac01bc5a0d17b3bedbf8ae562d3c5204b19979
145,15,maintenance,remediation-v2-stage3-optional-145,OPTIONAL,EXTEND,,Maintenance changes a system after it has been delivered,Classified,80a0b550fe6e2e55260a8480672231ed1c1286d423d4fac25802bd0578d84ff5
145,16,evaluation,remediation-v2-stage3-optional-145,OPTIONAL,EXTEND,,Evaluation judges the final system against requirements and success criteria,Classified,e8f6c979fbe42dad9c5a54e78febc2289bbab32e68f91079a26e3d87c8bc4843
145,17,explanation-evaluation,remediation-v2-stage3-optional-145,OPTIONAL,EXTEND,,Evaluation uses requirements and measurable success criteria,Classified,4a4cb7341f17561ea53699b463673537f1adeca916fa0e2dbc07174965ab88cf
145,18,stage-tool,remediation-v2-stage3-optional-145,OPTIONAL,EXTEND,,Which lifecycle stage is being described?,Classified,f3874492b14e070693163e9c742723a2b4fdd4855ece563806010af92cc48b00
145,19,explanation-stage-tool,remediation-v2-stage3-optional-145,OPTIONAL,EXTEND,,Which lifecycle stage is being described?,Classified,3b40edec10b0d2464129fb8406dac82943e7a55603bcf432752d6b1b1671b3d7
145,20,data-tool,remediation-v2-stage3-optional-145,OPTIONAL,EXTEND,,"Classify input for NumberOfStudents, valid range 1 to 30",Classified,0dc4496cb6170fa7107bf251ff62193ff17557e40361ded2e64262f0fd898a5c
145,21,explanation-data-tool,remediation-v2-stage3-optional-145,OPTIONAL,EXTEND,,"Classify input for NumberOfStudents, valid range 1 to 30",Classified,2a541d04595110745026e744eab3e06e3e0dfb8fac1a058c3f43dfeb266336b1
145,22,examples,remediation-v2-stage3-optional-145,OPTIONAL,EXTEND,,From test plan to evaluation judgement,Classified,299df425b2e6b09431bcbd1b09eb4a265a711abf7bbba740022f76c62d3533ed
145,23,practice,remediation-v2-stage3-optional-145,OPTIONAL,EXTEND,,"Answer, check, then reveal the model answer if needed",Classified,834babd1cf5b9fbecd1f326f96919bd0664dfa7883aadea5a17f50694d39d3ca
145,24,debug,remediation-v2-stage3-optional-145,OPTIONAL,EXTEND,,Fix the lifecycle mix-up,Classified,bdbbeb1771264d8c76329ee937a347782b85f1033e3caa61f636ef2245a2018b
145,25,exam,remediation-v2-stage3-optional-145,OPTIONAL,EXTEND,,Cambridge-style questions with expandable MS,Classified,472fa59e2975216b8d9057fe40d6a350215f512b4b32668656c4cf13dd9b507b
145,26,summary,remediation-v2-stage3-optional-145,OPTIONAL,EXTEND,,What to remember,Classified,96800165737e4d7b4350e50791ad334b77c455603bc197f3553239f73e089557
145,27,homework,homework,AFTER_CLASS,HOMEWORK,,Complete a release evidence pack for a booking system,Classified,8a74706e22d4ffa6ae285a55d500e238574c8990f0af8543ed2bf669ad4a81ed
146,1,overview,remediation-v2-stage3-optional-146,OPTIONAL,EXTEND,,Review is not rereading. Review is choosing the right tool under exam pressure.,Classified,ca9c3fc028971656272eb5c3ad0e9d027fb8354d5dfa67b165ea423dfa92a8a3
146,2,delivery-02,remediation-v2-stage3-optional-146,OPTIONAL,EXTEND,,Why this matters,Classified,05bb6971969dbc86f6a90d100cb64994b98d15a7cbd43587ba45961a076821be
146,3,hook,remediation-v2-stage3-optional-146,OPTIONAL,EXTEND,,Which syllabus concept is required first?,Classified,7607312dacccd5a2d9992e003c3fe801842531cb6df0ba030588591a4886f474
146,4,case,remediation-v2-stage3-optional-146,OPTIONAL,EXTEND,,School activity sign-up system,Classified,eea979f1c8d5bdf99c1a013eb07445c95e030648b15525cff01bfdd83d5f81fa
146,5,explanation-case,remediation-v2-stage3-optional-146,OPTIONAL,EXTEND,,School activity sign-up system,Classified,5ff0cb55aacbe3aff5161ab7c830b517e85aa2f12a509f774d78cbb750f729a0
146,6,lifecycle,remediation-v2-stage3-optional-146,OPTIONAL,EXTEND,,"One scenario, many stages",Classified,1e9a1a8d866d92e5621cc0d75895b387b6f156ffe625f8c472d80ed40208d7aa
146,7,explanation-lifecycle,remediation-v2-stage3-optional-146,OPTIONAL,EXTEND,,"One scenario, many stages",Classified,01eb151f26a58f837752172fbe3aabe189281bd0ad2712864ca9cbb177a3f2cb
146,8,analysis,remediation-v2-stage3-optional-146,OPTIONAL,EXTEND,,From vague request to measurable criteria,Classified,92fa11b8dc2a9d9b4e10e4f948a39b732704928d296a4f9db1ebd46ace8cb32e
146,9,explanation-analysis,remediation-v2-stage3-optional-146,OPTIONAL,EXTEND,,From vague request to measurable criteria,Classified,e4d877e4f5e2ca696d3337b1ac28c859d6d3576c585882f02c8ab86ca635e4c2
146,10,design,remediation-v2-stage3-optional-146,OPTIONAL,EXTEND,,Design answers must name the artefact,Classified,60d5d86c3cadaf579aa027246a16c11d989053824cb7efc2db76a41f385dab2d
146,11,explanation-design,remediation-v2-stage3-optional-146,OPTIONAL,EXTEND,,Design answers must name the artefact,Classified,7ab4243efc9f2ad201850140015bfc80557b89698247ddc49831d2df4cfb2dc7
146,12,testing,remediation-v2-stage3-optional-146,OPTIONAL,EXTEND,,"Test cases need data, expected result and purpose",Classified,a27f90ce4ceddb2cc34f1235fb8ef727a37c94e0871aea4c983bc134c33ce05e
146,13,explanation-testing,remediation-v2-stage3-optional-146,OPTIONAL,EXTEND,,"Test cases need data, expected result and purpose",Classified,b10496bb5758ea58f22c1887b65ce1b379f994f9e4b0baa08fba7e820d6d9c46
146,14,evaluation,remediation-v2-stage3-optional-146,OPTIONAL,EXTEND,,"After release, classify changes and judge success with evidence",Classified,b1adb785dac1cac4862bb848bb41ff353e654f9c83f979fddb6fbeebc3ef8dee
146,15,explanation-evaluation,remediation-v2-stage3-optional-146,OPTIONAL,EXTEND,,"After release, classify changes and judge success with evidence",Classified,91d4695db9fa4589d9a9f5b27ff32de6e1d68402745cb075079367faf63024d0
146,16,commands,remediation-v2-stage3-optional-146,OPTIONAL,EXTEND,,Match response depth to the command,Classified,7e419fe080af558e3e9f849a71bcb56b76e779c71cca50cd35cfe6b3969298f2
146,17,explanation-commands,remediation-v2-stage3-optional-146,OPTIONAL,EXTEND,,Match response depth to the command,Classified,15d42d16148e1170fc8fc11c0d88f29dbec6a40b455b720a35e8dce8b36ec792
146,18,case-tool,remediation-v2-stage3-optional-146,OPTIONAL,EXTEND,,Identify the Section 12 concept,Classified,d1bc84a3b6560580d559b3e9b59ee096fd63e8172ddd4553a260724d88c42158
146,19,explanation-case-tool,remediation-v2-stage3-optional-146,OPTIONAL,EXTEND,,Identify the Section 12 concept,Classified,e11f77bd77f5f7399ba03a8e8a6a37552fe333666379f34bd9d6ad25a3602741
146,20,answer-tool,remediation-v2-stage3-optional-146,OPTIONAL,EXTEND,,Turn a weak line into a mark-worthy line,Classified,f92648ad9d85846a81bd0b5cf74d754bdb4bf43d46efab5870b9b55b5e8cc576
146,21,explanation-answer-tool,remediation-v2-stage3-optional-146,OPTIONAL,EXTEND,,Turn a weak line into a mark-worthy line,Classified,c83f84309467299df865017104bef07dfc078ddf70cb0e049040e2529ed499ba
146,22,examples,remediation-v2-stage3-optional-146,OPTIONAL,EXTEND,,Annotate what earns the mark,Classified,1ad0bbfa65684baafb87321a94fb0cef332b2c44af0bc933a634a0e4d8a1cba2
146,23,practice,remediation-v2-stage3-optional-146,OPTIONAL,EXTEND,,Short retrieval before the longer questions,Classified,e55987344e808a238a84695a53e9fe42acc3f037f91a23681d6343afe2988bd8
146,24,debug,remediation-v2-stage3-optional-146,OPTIONAL,EXTEND,,Fix the review answer,Classified,9fc2fcf2dc016d228fc7386852d41700b6bc3407f779968ec1056ad4a59caaa7
146,25,exam,remediation-v2-stage3-optional-146,OPTIONAL,EXTEND,,Mixed Section 12 questions with expandable MS,Classified,4eb1bd11fa53623d3a94eb55337fe89248d7516e473b8ae531fd5fb022f119d5
146,26,summary,remediation-v2-stage3-optional-146,OPTIONAL,EXTEND,,The review rule,Classified,07895459d7a9524553c834b85ef2f78121b850c46646d4d2b209d61f0953d5bd
146,27,homework,homework,AFTER_CLASS,HOMEWORK,,Complete one full Section 12 case-study response pack,Classified,833052cb5ff7aeabb8e829501be2b6e6714c88daab47075bcdd3f184b0a26b5b
147,1,overview,overview,CORE,TEACH,,Paper 2 rewards method. Guessing is just a very confident way to donate marks.,Classified,f173c7a5998529f4de982cc8211dd3935954df8fa250d829902f6bc2636928fc
147,2,delivery-02,overview,CORE,TEACH,,Why this matters,Classified,37b239a4bdc0a7ba6c583b32ed4e665198775757781dbc38d4914e472cd127b2
147,3,hook,hook,CORE,ASK,,What is the first move?,Classified,1174e4791c0bd5303533e31c30f451521e187030126fbfea09d06dd817f7909a
147,4,strategy,strategy,CORE,TEACH,,Choose the tool before writing the answer,Classified,65bbd1f6c23d675bdfc29d61c2be8b75cdb0eb1d04a7a02a657f39d88f5b2fb3
147,5,explanation-strategy,strategy,OPTIONAL,EXTEND,,Choose the tool before writing the answer,Classified,986999379aa794bd9f8c412db9af92772105e65d7368101cd96f3ec8dc338f78
147,6,trace,trace,CORE,TEACH,,Trace tables turn moving code into visible evidence,Classified,a199569155da893f0e1496e7d75287649c4dc38703cfdf3412c8438da69c9377
147,7,algorithms,algorithms,CORE,TEACH,,Good pseudocode is precise enough to trace,Classified,8e4c5be8492a9ecd41a6d642c9c3d71c015ac3fcd8e061dc35f3758fb6910f39
147,8,explanation-algorithms,algorithms,OPTIONAL,EXTEND,,Good pseudocode is precise enough to trace,Classified,c496d6e7565805f5fee5e9eb753312c017e92ef68f90f13dfd7252ccd1b1ec29
147,9,structures,structures,CORE,TEACH,,Choose structures by how the data is used,Classified,579c314a58c1c296f820759c7f08e4f9ec4033e9803d01f9f3e3e39012303035
147,10,explanation-structures,structures,OPTIONAL,EXTEND,,Choose structures by how the data is used,Classified,eb8bd5aee76103d55dd02a718d44582bd2d8cc44396b6626a8633e41de6be7b0
147,11,selection,selection,CORE,TEACH,,The reason matters more than the name,Classified,de91960b0a092b691a581f11b5fae01ec3dbd4abb461b7d0c2bda16adf81c814
147,12,explanation-selection,selection,OPTIONAL,EXTEND,,The reason matters more than the name,Classified,6cb6af3ec30c4411cd02e24aa4769291f6e831b0b9cb421944099357503b552c
147,13,files,files,CORE,TEACH,,Persistent data needs clear read/write logic,Classified,33e3eccc38f625835fb23c48bf6b86019029e677c114ec8bd26395ad552fe4f0
147,14,explanation-files,files,OPTIONAL,EXTEND,,Persistent data needs clear read/write logic,Classified,1b2ab973fec94e92a90e91219c6c8caedf951eef26fa5d412649b1c8a6ff0bcf
147,15,trace-tool,trace-tool,CORE,TEACH,,Calculate Total for the selected score list,Classified,171404d10293274f0ac51fc3e80edefb55fb13d7843af8f4b1d62e9d96b261d7
147,16,explanation-trace-tool,trace-tool,OPTIONAL,EXTEND,,Calculate Total for the selected score list,Classified,17737a2b74567841f6dc43b5b7311d66f8a4e54c2e9ca3e427e4cad708016ec7
147,17,structure-tool,structure-tool,CORE,TEACH,,Choose the structure and explain why,Classified,4cf99e124796c8e6da8440fb608bfcae3c9e66c912fabdb6c15ab2250cc14b93
147,18,explanation-structure-tool,structure-tool,OPTIONAL,EXTEND,,Choose the structure and explain why,Classified,fd0e3ac95735325534e37236b12bc7e86f4a9092271a428508b85c477c613188
147,19,examples,examples,CORE,TEACH,,Mark-worthy response patterns,Classified,69ff58e3a94649fe5d1a482c074de7c03aef481a6a78061f6c6e3170a4bb44a7
147,20,practice,practice,CORE,PRACTISE,,Short retrieval before exam-style questions,Classified,77f1ffd20db0a9fe5456004b7a4dc79b6225a8fca8f38ff8af9528feba16122a
147,21,debug,debug,CORE,CHECK,,Fix the Paper 2 answer,Classified,4a11d8b515597d40382767b6bc81682a1d5cf4116507ae2416a96ed8f08ebe8c
147,22,exam,exam,CORE,EXAM,,Mixed algorithm and data structure questions with expandable MS,Classified,070c1a913134ff57334d38fcddcb347462d186749cfc558b2009bd236fb505d8
147,23,summary,summary,CORE,CHECK,,Three marks-saving habits,Classified,32bed594585c76d9fb886d6026c3386dd7b67e0f02b3ff0b5c888732c03f19cf
147,24,homework,homework,AFTER_CLASS,HOMEWORK,,Complete a Paper 2 algorithm review sheet,Classified,ed8dcaa9c134e64210bdaa6442e227eb184f648b57cdded895d14e40f922f396
148,1,overview,overview,CORE,TEACH,,Programming review is grammar plus logic. Syntax is the spelling; control flow is the story.,Classified,b9d9fe54970d80e1f5954e43365c0602e09fb25547340e42069f0db88e7b7502
148,2,delivery-02,overview,CORE,TEACH,,Why this matters,Classified,fed2d41523d4d4b762014922866d5d8d94e2196a5ef1b821966d0ab2b02bcf3c
148,3,hook,hook,CORE,ASK,,Which file mode should be used?,Classified,a9ce411c8e47e3185f7f1c019e124814ca4935f3439e75fd82af03e0b8d67bf7
148,4,constructs,constructs,CORE,TEACH,,Constructs control the order in which statements run,Classified,7bdddbdb4c1ff1b49639f19db35ad679b25d5b66685090de9bf8529c7c1ec11f
148,5,explanation-constructs,constructs,OPTIONAL,EXTEND,,Constructs control the order in which statements run,Classified,8305cb6f4ea7c6546040c40dec878be36ca59cf9c246e47eed78ec17bd39c36b
148,6,selection,selection,CORE,TEACH,,"Use IF for decisions, CASE for clean multi-way choices",Classified,a140435deb1840222e46c44e90b20325188f2d476c6ec33ddb61ba0a36c4e18e
148,7,explanation-selection,selection,OPTIONAL,EXTEND,,"Use IF for decisions, CASE for clean multi-way choices",Classified,5d75e251638e048862e040b09ca93d8a31beedc476dc4a5b8ed0b925b4cbbc46
148,8,iteration,iteration,CORE,TEACH,,Choose the loop by what is known before the loop starts,Classified,ae244794ed461d131b8e6583d562bc519e474df94d088edba64f99b8fd99643e
148,9,explanation-iteration,iteration,OPTIONAL,EXTEND,,Choose the loop by what is known before the loop starts,Classified,992d8b35e58a20f9edaad3aaa7cfa3496a16bc00155177c3b98f0113cafea21e
148,10,subprograms,subprograms,CORE,TEACH,,Subprograms reduce repetition and make code testable,Classified,063095b551c9458aa9eda600a14bd15711f271284b2f17093d879efc7ece6ada
148,11,explanation-subprograms,subprograms,OPTIONAL,EXTEND,,Subprograms reduce repetition and make code testable,Classified,686e6a2e9971cf1ce386013c9ff3cde5822bc8c236c1ad8aad0158de262704d5
148,12,validation,validation,CORE,TEACH,,Validation rejects unsuitable input before it damages the logic,Classified,22c1bd7b65c5583510fc8932531552cb5d69f496d78e8e44a506e0ef5e7141da
148,13,explanation-validation,validation,OPTIONAL,EXTEND,,Validation rejects unsuitable input before it damages the logic,Classified,28bc95586f3d8a17764b9c5ddb38b5f101b8a4c644f389622cd8a5f000eacdb1
148,14,files,files,CORE,TEACH,,"Open the file in the correct mode, process records, then close it",Classified,fe72fdc7d88a73c669a2926f41069a26cdb3d74632387ca334de6bdc195586b9
148,15,explanation-files,files,OPTIONAL,EXTEND,,"Open the file in the correct mode, process records, then close it",Classified,3797b8f591cd2c94301520b7c8335a21faa8fec1eb0e211f449b9a92b5b76ef4
148,16,construct-tool,construct-tool,CORE,TEACH,,Identify the construct from the scenario,Classified,725e0256f2747c9201c4b3af3d23b79ca77bd917362bec3251251a22e29c6098
148,17,explanation-construct-tool,construct-tool,OPTIONAL,EXTEND,,Identify the construct from the scenario,Classified,6530e8755052d7c4e4b2725d2d6141f43346fe34185eac7f8dc13923ec74ed59
148,18,file-tool,file-tool,CORE,TEACH,,"Choose READ, WRITE or APPEND",Classified,366d1bdd76c164f1523d78bad8ce7cc3cb734b3a853ec145e9d8f1f84f7f528b
148,19,explanation-file-tool,file-tool,OPTIONAL,EXTEND,,"Choose READ, WRITE or APPEND",Classified,45c0cd7d17a9dee193e68f2a6f6938078c09de1ab7df9dec185d8e6eb69bb293
148,20,examples,examples,CORE,TEACH,,Review patterns that turn into marks,Classified,c5f3ecdd5c427d63c08077cc0ab03d6fb970c718987acea0f0efbab4268e40ac
148,21,practice,practice,CORE,PRACTISE,,Short retrieval before exam-style questions,Classified,77f1ffd20db0a9fe5456004b7a4dc79b6225a8fca8f38ff8af9528feba16122a
148,22,debug,debug,CORE,CHECK,,Fix the construct or file-mode error,Classified,0f00159039718bca7566bdac1e231bdc206fa40bf713af56fca4981c29ba4a0b
148,23,exam,exam,CORE,EXAM,,Programming constructs and file handling questions with expandable MS,Classified,a9c419898aefa54d13e2aa24d17e4294fb419e59af4be619061f6de05ac0a9c0
148,24,summary,summary,CORE,CHECK,,What to remember,Classified,e905502652f32a7c618dd2da20eafc2df0af5456c11ec989ed5f7b9bf393e0c9
148,25,homework,homework,AFTER_CLASS,HOMEWORK,,Complete a Paper 2 programming constructs review sheet,Classified,9847193dd19f8bdb16f6d7bf5f8fb11f775a9df54d7e878c4d61b890d8f77c88
149,1,overview,overview,CORE,TEACH,,Timed pseudocode is not about writing fast. It is about not wasting the first two minutes.,Classified,856af63be4338cd8ddc6f6191f4b42bb2045afb3ff1f64546b400d10f89470f0
149,2,delivery-02,overview,CORE,TEACH,,Why this matters,Classified,dbec6d3f367f02daafb6003f74fab7bd4544b4b0a169bbd9d96a1cac57175c00
149,3,hook,hook,CORE,ASK,,What should happen before writing the first line?,Classified,11d2caa039c5b572670869fa81201b253570bb0b5313d131d9a1b3cb717aad70
149,4,timing,timing,CORE,TEACH,,Spend time according to marks,Classified,dd04f2b9ff8f817bce1234730d06765f5bf3823c3fb4fc4502691594a5dec95f
149,5,explanation-timing,timing,OPTIONAL,EXTEND,,Spend time according to marks,Classified,a1bd035962b489bfd89309dd52d56f4539b94e649d549383c9d860c30c598dd6
149,6,method,method,CORE,TEACH,,The four-pass approach,Classified,483495ebbd9c2cb1534b8241ddaaad9013189d103f5be5ba44457b245d27edb5
149,7,explanation-method,method,OPTIONAL,EXTEND,,The four-pass approach,Classified,b99664dfa3c38fca5d9990fbc47d4cf493d36086ee5bb1ae699811c203693bbb
149,8,constructs,constructs,CORE,TEACH,,Choose the smallest construct that fits the task,Classified,1396b2e2cfdaff49c0acbd58064d698506fd8d844581b9ff663f478bdc1954e1
149,9,explanation-constructs,constructs,OPTIONAL,EXTEND,,Choose the smallest construct that fits the task,Classified,0addb2b75a480e0919d9c748ce278d15dba5f5d4aee36bbcd0b695f287c88f18
149,10,trace,trace,CORE,TEACH,,Trace a tiny case before trusting a big answer,Classified,cedb072f60f9eb03a03302cfbac0a8b05c06e96b57cface24a71949b92a9b978
149,11,quality,quality,CORE,TEACH,,"Before moving on, ask six questions",Classified,c6aeab60e1eb550ba9af749909347da6b63de9dbc06323f4cb5d147d9a5a4248
149,12,explanation-quality,quality,OPTIONAL,EXTEND,,"Before moving on, ask six questions",Classified,4969a7d429ad8339377fddbe19967421403c794431f50d42d793466131d0a7ee
149,13,timer-tool,timer-tool,CORE,TEACH,,Choose a mark value and plan the response,Classified,9b022788ee26b0b8eec5674d083837f1ca13e38722dee6fa27b64080ddfeb909
149,14,explanation-timer-tool,timer-tool,OPTIONAL,EXTEND,,Choose a mark value and plan the response,Classified,f98fb5a008dc77855014bfccca58801a55ec9af0c5526d12f95dd97bcf1ad24f
149,15,skeleton-tool,skeleton-tool,CORE,TEACH,,Build the outer shape before details,Classified,c055cb9f2440ce0642744f6eb26da6ad06fa5923d99e262873a5e2e834b21638
149,16,explanation-skeleton-tool,skeleton-tool,OPTIONAL,EXTEND,,Build the outer shape before details,Classified,d047713995764a0a375a65d932d123dc6b648394b35d7ba842544f3f09b096f6
149,17,examples,examples,CORE,TEACH,,Timed answer patterns,Classified,b8f8deb1c9d1ef2c9ff1326c344e708d841024f1cc05c78520465dcf7a08dc88
149,18,practice,practice,CORE,PRACTISE,,Fast recall before timed writing,Classified,cd0f6386baa1f10abd9feeae3d7a5aba6d012effe5b51944308dd0691d99ead8
149,19,debug,debug,CORE,CHECK,,Fix the timed-answer mistake,Classified,9febb4687e970dc4b01ffe961234539ec218c3f4dcc14d29d6398fae583469a2
149,20,exam,exam,CORE,EXAM,,Timed pseudocode questions with expandable MS,Classified,198da52ff2002809554a49e66ff2f604d80611236021b68937a778335e4bd8f8
149,21,summary,summary,CORE,CHECK,,The timed pseudocode routine,Classified,a5b0953a9bf520a65cd835db6d648e833a85f4e42807b79db9c3e309c5dfef99
149,22,homework,homework,AFTER_CLASS,HOMEWORK,,Complete two timed pseudocode responses,Classified,279789d6156ac74a2b65fbbf0ae5f15a95b643ebf36b484d446c8d964c6c96e4
150,1,overview,overview,CORE,TEACH,,A mock paper is not a verdict. It is a diagnostic scan with marks attached.,Classified,f78c94973320e4ba706afb177110d0a5fd8395215d838178b9c4a281b7415783
150,2,delivery-02,overview,CORE,TEACH,,Why this matters,Classified,7a21cff0f4e334daaa03bc8ebfbd4fcc3941e3b171d5219b354d43d2e22a7b2a
150,3,hook,hook,CORE,ASK,,A student lost a mark for “use a stack because it stores data”. What kind of error is this?,Classified,3e16e8c45e1a42c1571e1c3db326f12d1456bc6ec3b7753ab89f14d84f445a88
150,4,triage,triage,CORE,TEACH,,Sort errors before trying to fix everything,Classified,ec689413ca21a9bd830c4436b1bc8ff9045774e5a488f061421d46bc78b9254c
150,5,explanation-triage,triage,OPTIONAL,EXTEND,,Sort errors before trying to fix everything,Classified,2c9d94654c7e352a4fab72e9fb0b074df432fb2e543e057f0b773e3236c20120
150,6,correction,correction,CORE,TEACH,,The four-line correction format,Classified,3e2f143b7a8a767694ecb5a5a715f14fe7489b926f4cb73257a49f3be2f090ba
150,7,explanation-correction,correction,OPTIONAL,EXTEND,,The four-line correction format,Classified,87d3ec154a8f95dbe10c7bb5636e667b13b7060f077e9e78dc14121e215894e1
150,8,sections,sections,CORE,TEACH,,Know which skill the mark scheme is testing,Classified,71c6466c968c35a1d230217d7cdb70e6059e05ad911ffc0359af4675f7ca5667
150,9,explanation-sections,sections,OPTIONAL,EXTEND,,Know which skill the mark scheme is testing,Classified,576987fe8653e9c46157b7ddb8174aebbe3db51cc729d1bf5f7aa9667b994c72
150,10,marking,marking,CORE,TEACH,,Translate feedback into a repeatable checklist,Classified,ec7ff17befa65bd8e709949752cae5f95ac9107b342a86ca6434a21b972bd00b
150,11,explanation-marking,marking,OPTIONAL,EXTEND,,Translate feedback into a repeatable checklist,Classified,075afc9693d068f174ced2c39a8ae9f64b36d43b822d37b539821d8f24e7e20c
150,12,error-tool,error-tool,CORE,TEACH,,Diagnose the lost mark,Classified,783eaeb9fd87861164ccd3d9791d9b46ea46005581f4429333f232d007d1113e
150,13,rewrite-tool,rewrite-tool,CORE,TEACH,,Rewrite the weak answer into a mark-worthy sentence,Classified,35bd2b2b2332f978afbeb5b678012fc23662680af58a0ef0df83066ff5adbbbd
150,14,examples,examples,CORE,TEACH,,From lost mark to correction,Classified,450246ee5a08f98b11e1371c0b196d43e214bec801b3df0f9626e157edfd91fa
150,15,practice,practice,CORE,PRACTISE,,Final short retrieval,Classified,03d3ab284010f3d79304aba8b8ad03e8d2fd8bd5b9349e4cd89a6ed8a85c82b9
150,16,debug,debug,CORE,CHECK,,Correct the repeated error,Classified,216ca68453d3148efbbbc7c65ae22181449a914bd108c152f63766bb9700a215
150,17,exam,exam,CORE,EXAM,,Mock correction clinic questions with expandable MS,Classified,ef216245750c4f2783b6ab1c78bafcbba3d935be530c129f2f724453eaaf22a0
150,18,summary,summary,CORE,CHECK,,Final Paper 2 correction rule,Classified,2f0dd7db63086506b9a7e5a9014dd0feb81cbc0da32c01cb267647c045523748
150,19,homework,homework,AFTER_CLASS,HOMEWORK,,Final correction pack,Classified,91a04aa7b1ed65ac4f4a0baba03854a3c74bf7699714b1827e20f4e4da4a3e62
