file,status,ocr_sha256,issue,ocr_text
stage10-lesson-001-knowledge.jpg,Source transcript verified,44a5743856cf175ecd1d0d8afd60ffa0ffcc45fa1f53dc7bb20d1c0263f27df8,,The storage ladder | bit 0 or 1 | nibble 4 bits | byte 8 bits = 2 nibbles | KiB 1024 bytes | MiB 1024 KiB | GiB 1024 MiB | TiB 1024 GiB
stage10-lesson-002-knowledge.jpg,Source transcript verified,872646d155b439a0273e759e113f72dfe2f70dc1fe864003218374624e9bf1e9,,8-bit binary place values | Bit position 7 6 5 4 3 2 1 0 | Place value 128 64 32 16 8 4 2 1 | Example bits 1 0 1 1 0 1 1 0 | Count? yes no yes yes no yes yes no | 10110110₂ = 128 + 32 + 16 + 4 + 2 = 182₁₀
stage10-lesson-002-methods.jpg,Source transcript verified,cdd21c4596b8547b7137f0f2c7b573d7a5c2734c928fcd1acab8acadc9ff5487,,"Two conversion directions, two reliable methods | Binary to denary | Write the place-value row: 128, 64, 32, 16, 8, 4, 2, 1. | Place the binary digits under the row. | Add only the values with a 1 above them. | Label the answer as denary. | Denary to binary | Start at 128 and move right. | Write 1 if the place value fits into the remaining number. | Subtract that place value when a 1 is used. | Write 0 when it does not fit."
stage10-lesson-002-range.jpg,Source transcript verified,f4fff011cbd91221cd7b6e9756a8df612e79de571b23c7f90ab0cecf907e0edc,,Range and leading zeros | Smallest 8-bit value | 00000000₂ = 0₁₀ | All place values are off. | Largest 8-bit value | 11111111₂ = 255₁₀ | All place values are on: 128 + 64 + 32 + 16 + 8 + 4 + 2 + 1. | Leading zeros | 00000111₂ = 111₂ = 7₁₀ | Leading zeros preserve fixed bit width; they do not change the value.
stage10-lesson-003-digits.jpg,Source transcript verified,2fd4d57fee3a3ad112788fd9f16474389f22f9b2e68cfd9fd16c42bb104c5403,,Hexadecimal digits: 0-9 then A-F | nibble 4-bit group
stage10-lesson-003-grouping.jpg,Source transcript verified,510fce0a14b738adc4aa351d0e6c1cb446fa6687e65e0665cf9c0f9843c89f2d,,"One hex digit represents one nibble | Why four bits? | Four bits can represent 16 patterns: from 0000₂ to 1111₂. Hexadecimal has exactly 16 digits: 0 to F. | Binary to hex | Group the binary value into nibbles from the right. Convert each nibble separately. | Hex to binary | Replace each hex digit with its 4-bit binary nibble. Keep all four bits for each digit. | 1101₂ = D₁₆ and 0110₂ = 6₁₆, so 1101 0110₂ = D6₁₆."
stage10-lesson-003-padding.jpg,Source transcript verified,5c0691f8a5578eb6c1b06bf35feae7b1efc864c814529fe0a8672c8f63f61883,,"Padding with leading zeros | When padding is needed | If the leftmost group has fewer than four bits, add leading zeros to complete the nibble. | 101101₂ → 0010 1101₂ → 2D₁₆ | The value does not change because leading zeros do not add active place values. | Base labels | 10 could mean denary ten or binary two. Use base labels when the notation could be ambiguous."
stage10-lesson-004-method.jpg,Source transcript verified,470da535124a718dce292a3d4529123daf1d2db83f65e20dcfbcf41c8e19b4a9,,"8-bit addition method | Align the two 8-bit operands and start at the rightmost column. | Add both bits and any carry-in; write the result bit and carry 1 left when required. | For unsigned addition, a carry-out beyond bit 7 means the true sum needs more than 8 bits. | Without a carry-out, the stored 8-bit result remains within the unsigned range 0 to 255. | A leftmost result bit of 1 is not by itself evidence of unsigned overflow."
stage10-lesson-004-overflow.jpg,Source transcript verified,3be79f2c9eaff500d8f05c946e368334e780798a475716942d7556370d7533bc,,"Unsigned 8-bit overflow | 00000000₂ to 11111111₂ = 0 to 255 | An unsigned 8-bit result cannot store a value above 255. | Carry-out | 11110000₂ + 00010000₂ = 1 00000000₂ | The ninth bit is a carry-out beyond the 8-bit storage width. | Boundary warning | 01111111₂ + 00000001₂ = 10000000₂ | No unsigned overflow: the result is 128, which still fits in 8 bits."
stage10-lesson-004-rules.jpg,Source transcript verified,6beb33169f68fdb7f40087f1471f98dd5fd01c95e0ada32437a9b301536a9ac2,,"Single-bit addition rules | A full-adder truth table has eight A, B and carry-in combinations. | 000 gives sum 0 carry 0; 001 and 010 give sum 1 carry 0; 011 gives sum 0 carry 1. | 100 gives sum 1 carry 0; 101 and 110 give sum 0 carry 1; 111 gives sum 1 carry 1."
stage10-lesson-005-range.jpg,Source transcript verified,90b9f18414c65c68db2a2db1353624a45ec4f1f1f2df0d497dffee573740fee6,,8-bit signed ranges and zero | Sign-and-magnitude uses one sign bit and seven magnitude bits; its range is -127 to +127 and it has two zero patterns. | One's complement forms a negative value by inverting all eight bits; its range is -127 to +127 and it has two zero patterns. | Two's complement uses all eight bits as one weighted value with MSB place value -128. | The 8-bit two's-complement range is -128 to +127 and it has one zero pattern. | One's complement and two's complement do not store a separate magnitude field.
stage10-lesson-005-systems.jpg,Source transcript verified,2a9c8898bc691a2061ec390a136169543973caa19b81c9619332a4b0e81017c0,,"Three ways to represent negative binary values | Positive 23 in 8 bits is 00010111. | The 8-bit sign-and-magnitude representation of -23 is 10010111. | The 8-bit one's-complement representation of -23 is 11101000. | The 8-bit two's-complement representation of -23 is 11101001. | Every input, intermediate state and result must contain exactly 8 bits."
stage10-lesson-005-twos.jpg,Source transcript verified,a80c4f882ae11be117f56701052ee0ebd20053fcd96ed4d195c8459d5aa9fe66,,"Two’s complement method | Write the positive magnitude using exactly 8 bits. | Invert every bit, then add 1 to form the negative two's-complement value. | For +45: 00101101 becomes 11010010 after inversion, then 11010011 after adding 1. | The 8-bit value 11010011 represents -45 in two's complement. | When the MSB is 1, quick decode uses unsigned value minus 256."
stage10-lesson-006-convert.jpg,Source transcript verified,e1fd08311e1ddb86a441783195e8ba50d8a83a5bf72be9134ca31f01b79e61d0,,"Converting simple binary fractions | Binary fractional place values are 1/2, 1/4, 1/8 and 1/16 from left to right. | 0.1010 binary equals 1/2 + 1/8 = 0.625 denary. | 0.1100 binary equals 1/2 + 1/4 = 0.75 denary."
stage10-lesson-006-point.jpg,Source transcript verified,b3c7980637f50ce5cf2a7c3e335f474c1cbfb553b4d1ab10f0cebe643269f9cd,,Binary fractional place value | Example 10.101₂ | 10.101₂ = 2 + 1/2 + 1/8 = 2.625₁₀
stage10-lesson-006-precision.jpg,Source transcript verified,088376f9274cc03073af83585dbf634b1849190f636bc88ebcc01a81f9fc0483,,"Precision limits: why computers sometimes approximate | 0.75 denary equals 0.1100 binary exactly. | With four fractional bits, truncating 0.1 gives 0.0001 binary, which equals 0.0625 denary. | The truncation error is 0.0375. | Rounding 0.1 to the nearest four-bit fractional value gives 0.0010 binary, which equals 0.125 denary. | The rounding error is 0.025, so 0.125 is nearer to 0.1 than 0.0625."
stage10-lesson-007-ascii.jpg,Source transcript verified,6b6391a0189f3bf488fc29faf61350ed2529a7d674d9dfab9b7d9327a65fa84f,,"ASCII and extended ASCII | Standard ASCII | Uses 7 bits, so it can represent 2⁷ = 128 possible codes. | It covers common English letters, digits, punctuation and control characters. | Extended ASCII | Uses 8 bits, so it can represent 2⁸ = 256 possible codes. | It adds extra characters, but still cannot cover the world’s writing systems. | Character | Denary code | 8-bit binary | Exam note | 01000001 | Example only; no need to memorise."
stage10-lesson-007-concept.jpg,Source transcript verified,37ded58954a70b29242ce4f8d05d176a12bb7f28b9f30566a1028c2159847595,,"What a character set actually does | Character | Character set | A defined collection of characters and the code assigned to each character. | Character code | The numeric value used to represent a character inside the computer. | Binary storage | The numeric code is stored using bits, for example 65₁₀ = 01000001₂."
stage10-lesson-007-encoding.jpg,Source transcript verified,6b222fc55e2d68393e9019ebbcccc3b6e213604077706c19f3e14e032295f479,,"Character set vs encoding | Character set | Defines the characters and their code points or code values. | Example idea: A has a defined code in ASCII and Unicode. | Encoding | Defines how those codes are stored as bytes. | For AS exam answers, keep this distinction simple unless the question gives a specific encoding. | A good exam sentence: “Unicode can represent a wider range of characters, so it is more suitable for multilingual text.”"
stage10-lesson-007-unicode.jpg,Source transcript verified,4be81b99d7d8605869865396769d882f0f7aa751d598e36b4846e103b70b782c,,"Unicode: more characters, more global use | Unicode is designed to represent characters from many languages and symbol systems. | Unicode supports far more characters than ASCII, including Chinese characters and many symbols. | Trade-off | More possible characters may require more bits per character, depending on the encoding used. | Emoji are characters assigned Unicode code points and rendered by software using available fonts or graphics."
stage10-lesson-008-depth.jpg,Source transcript verified,69c323f21d57d658721247ff84fa74fa4a5335bbde2cd0cafce7274fb0f98a6e,,"Colour depth: bits per pixel | 1-bit colour | 2¹ = 2 possible colours. Useful for black/white examples. | 4-bit colour | 2⁴ = 16 possible colours. | 8-bit colour | 2⁸ = 256 possible colours. | 24-bit colour | 2²⁴ = 16 777 216 possible colours. | Higher colour depth allows more possible colours, but it cannot add detail that is absent from the original image."
stage10-lesson-008-formula.jpg,Source transcript verified,9da450800e327c61b48590747e90b77a872f6c7ab3cbea5eb229c0210587b20c,,Bitmap file size formula | file size in bits = width × height × colour depth | file size in bytes = bits ÷ 8 | 100 × 80 × 8 = 64 000 bits = 8000 bytes
stage10-lesson-008-pixels.jpg,Source transcript verified,bf90de2dfcf644d131e5076f02753d715cb7e3c1f9209b63bd78356d8b71b0b7,,"Bitmap file header and pixel data | A bitmap file contains a file header and pixel data. | The file header stores metadata needed to interpret the bitmap; it is not an image pixel. | Pixel-data size is width x height x colour depth. | When a question says to ignore the file header, do not add metadata bytes to the pixel-data calculation."
stage10-lesson-008-resolution.jpg,Source transcript verified,4359d93f82dd8f3d21ecfe201e08af62c4faeda37e57be1202f398775198bbc6,,Resolution: width × height | Pixel dimensions | 100 × 80 means 100 pixels across and 80 pixels down. | Total pixels: 100 × 80 = 8000. | Quality effect | Higher resolution can show more detail because more pixels are stored. | It also increases file size if colour depth stays the same. | Click pixels to toggle them. Each square is one stored picture element.
stage10-lesson-009-chain.jpg,Source transcript verified,e89b62a150acb0d8dd0bfb1c42b95415ee58d65e49921434ba7c7861f8fff4f4,,The calculation chain | 1. Pixels | width × height | pixels × colour depth | 3. Bytes | bits ÷ 8 | 4. Metadata | add only if the question includes it | 100 × 80 × 8 = 64 000 bits = 8000 bytes
stage10-lesson-009-metadata.jpg,Source transcript verified,26695dbd9a7f470d75bc62c2b54dbb46786883ea1bbe406006861571bc5f73c0,,"Metadata is data about the image, not the pixels themselves | Examples | Width, height, colour depth, file type, date created, camera model, location data or thumbnail data. | Metadata helps software interpret, organise, search or display the image correctly. | Calculation rule | Add metadata size only when the question gives it and asks for total file size. | Exam wording matters: “ignore metadata” means pixel data only."
stage10-lesson-009-units.jpg,Source transcript verified,fcc12f90c725a5424bb19d288bdafc3cabfe0b5ef3be4dc233fcdf32d80fb6cb,,"Units: do not trip at the finish line | When a formula gives a size in bits, divide by 8 to convert to bytes. | When binary units are required, divide bytes by 1024 for KiB and continue by factors of 1024. | A quantity may already be supplied in bytes or a larger unit; not every measurement starts as bits."
stage10-lesson-010-duration.jpg,Source transcript verified,433e39bac76527b63d1119fe88367a36cecb046779a5251ed2c1423f3f2ee1c3,,"Duration: how long the sound lasts | Seconds matter | A 10-second clip stores ten times as many samples as a 1-second clip if the sample rate is unchanged. | Mono for today | This lesson uses mono sound, so there is one channel. Stereo channels are handled in the next calculation lesson."
stage10-lesson-010-formula.jpg,Source transcript verified,b2e84a2a9fcb4877bf9a0ddcae2e4370146dc780bd29db0d10b33c323831206b,,Basic mono sound file size formula | size in bits = sampling rate × sampling resolution × duration | size in bytes = bits ÷ 8 | 8000 × 16 × 10 = 1 280 000 bits = 160 000 bytes
stage10-lesson-010-rate.jpg,Source transcript verified,7b83bf47bb4309e71088a5ef49c12fbe86ba97b5a7b96aa869ab62aeaa0455bf,,"Sampling rate: samples per second | Definition | Sampling rate is the number of samples taken each second. | It is commonly measured in hertz, Hz. | A higher sampling rate records more measurements each second. | This can improve accuracy, but increases file size."
stage10-lesson-010-resolution.jpg,Source transcript verified,c9202c975b64c09f35226dacf087351e8788e1ed1c1f1514760bc51beefa327d,,"Sampling resolution: bits per sample | Sampling resolution is the official syllabus term; sample resolution is a common synonym. | An 8-bit sampling resolution provides 2^8 = 256 possible amplitude levels. | A 16-bit sampling resolution provides 2^16 = 65,536 possible amplitude levels. | More bits per sample can represent amplitude more precisely, but use more storage."
stage10-lesson-010-sampling.jpg,Source transcript verified,5c6c085634d1ef50622f1ec87c981e06888f2c907d2d57dfb6d92f0b161bd18d,,Sampling turns an analogue wave into digital values | Analogue sound | A continuous wave. The pressure changes smoothly over time. | A measurement of the wave amplitude at one moment in time. | Digital sound | A sequence of sample values stored as binary numbers.
stage10-lesson-011-channels.jpg,Source transcript verified,e06fca996a17f5dd3fdc8ca03099477b0561b4cf9edec2504323adf0a2bb2e8f,,"Channels: mono and stereo | One channel of audio. Use channel factor 1. | rate × resolution × duration × 1 | Two channels, commonly left and right. Use channel factor 2. | rate × resolution × duration × 2"
stage10-lesson-011-formula.jpg,Source transcript verified,7aa559ad12730d610bef74e4743e048e244cc7a46d4a3a6b4c70ec707487c460,,"The full uncompressed sound formula | size in bits = sampling rate × sampling resolution × duration × channels | size in bytes = bits ÷ 8 | KiB = bytes ÷ 1024; MiB = KiB ÷ 1024 | Sampling rate samples per second, measured in Hz | Sampling resolution bits used for each sample | Duration length of the sound in seconds | Channels mono = 1, stereo = 2"
stage10-lesson-011-tradeoffs.jpg,Source transcript verified,89cd4dab0fa72f250f335a9493606ccea46c78bb0c4473c26839d0e6f3e1d233,,Parameter changes and consequences | Higher sampling rate | More samples per second; may improve accuracy; increases file size. | Higher sampling resolution | More bits per sample; more amplitude levels; increases file size. | Longer duration | More seconds of samples; increases file size in direct proportion. | More channels | More separate audio streams; stereo doubles mono size when other factors match.
stage10-lesson-011-units.jpg,Source transcript verified,d73b843b55bca78aa0178a0923948ad58ad65615dca8b2e576f353a70510c7a6,,Unit conversion without changing the answer | The formula gives bits first. | 8 bits = 1 byte. | 1 KiB = 1024 bytes. | 1 MiB = 1024 KiB. | Do not divide by 1000 when the question asks for KiB or MiB.
stage10-lesson-012-lossless.jpg,Source transcript verified,c9d5ca275ab2e058c8e23f3fd2d9520835f22bb2673ffec0aecd2203583ff1a0,,"Lossless compression: exact reconstruction | Definition | Lossless compression reduces file size while allowing the original data to be restored exactly. | Suitable uses | Text files, program files, spreadsheets, databases, medical records and backups. | If one changed bit could change meaning or break the file, lossless is the safer answer."
stage10-lesson-012-lossy.jpg,Source transcript verified,d9d386205a1ce150b9d72be0d134fc419f11c1eadac24bd0d6f390f04eca1d91,,"Lossy compression: smaller, but not exact | Definition | Lossy compression reduces file size by permanently removing some data. | Suitable uses | Images, video and sound where small quality loss may be acceptable. | Lossy is not suitable when exact reconstruction is required."
stage10-lesson-012-purpose.jpg,Source transcript verified,0693219d3bec5cc7454a48cbbcaa95350f333e4c5158485fb28f6afdd4ed880b,,Why compress data? | Less storage | Smaller files use less disk or memory space. | Faster transfer | Smaller files need less bandwidth and may download or upload faster. | Trade-off | Compression and decompression may require processing time.
stage10-lesson-012-ratio.jpg,Source transcript verified,e057e79619a913def5ef13f2ce81bf474264642d6233ec1a0d1efe0e10edde70,,Compression ratio and saved space | compression ratio = original size : compressed size | percentage saved = ((original - compressed) ÷ original) × 100 | Example: 1000 KB → 250 KB gives ratio 4:1 and 75% saved.
stage10-lesson-013-dictionary.jpg,Source transcript verified,3d0bd319ce78e7f1ea9fb7c8e86fce74b437bad2b48f5dc5a1f19d2fe0e563bf,,"Dictionary-style compression | Find repeated patterns and store them once in a dictionary. | Reference | Replace later occurrences with a shorter code or pointer to the dictionary entry. | COMPUTER COMPUTER COMPUTER can store COMPUTER once, then use references. | Dictionary #1 = COMPUTER | Compressed form #1 #1 #1 | Decoded form COMPUTER COMPUTER COMPUTER"
stage10-lesson-013-effectiveness.jpg,Source transcript verified,465c3f9ad86e1896ca64500d417b81af31fd15b61b17803ac97b92e8315fba13,,"When does it help? | RLE helps | Long repeated runs, simple graphics, repeated pixels or repeated characters. | RLE struggles | Alternating or random-looking data with very short runs. | Dictionary helps | Repeated words, phrases, byte patterns or sequences across the file. | Both methods are lossless if the dictionary and encoded data allow exact reconstruction."
stage10-lesson-013-rle.jpg,Source transcript verified,13bb0f42a54bdabe048bede45baff0927e678cbe585ea3292abe01b01cf66b1a,,Run-length encoding | Encoding rule | Replace each consecutive run with count + value. | AAAAAABBBBCCCCCCCC → 6A4B8C | Decoding rule | Expand each count and value back into repeated data. | 3A2B1C → AAABBC
stage10-lesson-014-cases.jpg,Source transcript verified,51649a8944443f0534de2f11967515543e2e34196fb8139c75da9dc20aa1439b,,System cases | Multilingual chat app | Use Unicode so messages can include characters from many languages. | Sensor logger | Use enough bits and signed representation if values may be negative. | Website thumbnail | Lower resolution and lossy compression may be acceptable to reduce transfer time. | Legal archive | Use lossless compression because exact reconstruction is required.
stage10-lesson-014-framework.jpg,Source transcript verified,9268f1f22a43834cdf5f7007ef541e80b275e257df27728b1b208a1c5770d033,,"A decision framework | 1. What data? | Integer, signed value, text, image, sound or repeated data. | 2. What range? | Check minimum, maximum, precision and whether negative values are possible. | 3. What quality? | Choose resolution, colour depth, sample rate or sampling resolution only as high as needed. | 4. What constraints? | Storage, bandwidth, compatibility, exact reconstruction and processing cost."
stage10-lesson-014-tradeoffs.jpg,Source transcript verified,d10cc98e0d6908258c2bd54766e9b1a04ca89308115c1d57c00fa37a3f071068,,"Useful trade-off sentences | Higher image resolution or colour depth can improve image quality and increases image file size. | Higher sample rate or sample resolution can improve sound accuracy and increases audio file size. | Use an audio or neutral data-file symbol for sound data, not an image-file thumbnail."
stage10-lesson-015-methods.jpg,Source transcript verified,bd23daddfcb20fed72cf44f57100c8f948953bcfd6cc3b26e47672f3824d754b,,"Section 1 method bank | Storage units | 1 KiB = 1024 bytes. 1 MiB = 1024 KiB. Decimal prefixes use 1000, binary prefixes use 1024. | Binary to denary | Add active place values. For 8-bit unsigned, range is 0 to 255. | File size | Image bits = width x height x colour depth. Sound bits = sample rate x sampling resolution x duration x channels. | Compression choice | Lossless allows exact reconstruction. Lossy removes data permanently but can reduce file size more."
stage10-lesson-015-sprint.jpg,Source transcript verified,a4ab83d34661f1e5d217a6ed5629916df82952385ce9b9aa98ecd5afff378ecf,,"Six-minute review sprint | Timed section | Use the timer for a short retrieval round. The goal is not panic; the goal is clean method under a clock. | Convert 10101100 to denary. | Calculate the size in bits of a 100 x 50 bitmap image with 8-bit colour depth. | State why Unicode is suitable for a multilingual app. | Choose lossless or lossy compression for a legal document archive and justify the choice. | 1: 172, because 128 + 32 + 8 + 4 = 172. | 2: 100 x 50 x 8 = 40 000 bits. | 3: Unicode supports a wider range of characters, so it can represent many languages. | 4: Lossless, because the document must be reconstructed exactly."
stage10-lesson-015-triage.jpg,Source transcript verified,1a10d7fe3067f1f7c5be4e25dc10b96bd9794e47e49ccb2bf8aa8fabf69256d2,,"Question triage: choose the toolbox first | Number bases | Look for binary, denary, hexadecimal, place values, carries, overflow or two's complement. | Text representation | Look for ASCII, Unicode, character set, character code, multilingual text or symbols. | Images and sound | Look for resolution, colour depth, sampling rate, sampling resolution, duration and file size. | Compression | Look for lossless, lossy, exact reconstruction, reduced quality, RLE or repeated data."
stage10-lesson-016-lanwan.jpg,Source transcript verified,372bf9811b767e74a13d9423f96b71980b0a2468b4a94859e1df5af73ef31442,,"Why LAN and WAN management differs | A LAN usually stays within one organisation's controlled site. | A WAN crosses distance and often uses provider-owned infrastructure. | More owners and routes add latency, cost and fault-finding complexity. | Managing one campus is different from coordinating transport across several cities. | Wi-Fi does not make a network a WAN; scale and control do."
stage10-lesson-016-purpose.jpg,Source transcript verified,7bdfeda66983a1d698701dae3b87d15a5202296daf4908409f9a428e5f8c1d2a,,"How a shared resource becomes useful | A device packages a request and names the destination. | The network carries that request to the shared resource. | One managed resource can then serve many authorised devices. | A library serves many readers because requests reach one organised collection. | If the path or shared service fails, many users lose access together."
stage10-lesson-016-topologies.jpg,Source transcript verified,5a2564af1dd8a37a8bb79d641bc3fb1c12223472077d5e547281c5acdb9150e2,,"Why connection patterns change risk | A topology diagram's link count must match the physical links actually drawn. | Alternative paths improve resilience but require additional links and ports. | Use one consistent topology in the mechanism and result views; this example has nine links including the inter-switch link. | Road layouts trade construction cost against alternative routes after a closure. | No topology is universally best; cost, scale and failure tolerance decide."
stage10-lesson-017-compare.jpg,Source transcript verified,cad95a726316b6ee30f24394e8005c2bdea78bc01b501e2b1427b580993a3594,,"Client-server vs peer-to-peer | Client-server | Peer-to-peer | Centralised management, security, backups and permissions. | Decentralised control; each peer may manage its own resources. | May need dedicated server hardware, software and administration. | Can be cheaper for small networks because no dedicated server is required. | Reliability | Server failure may affect many clients unless redundancy is used. | No single central server, but availability depends on peers being online. | Typical use | School login, file server, web server, email server. | Small file sharing, local collaboration, distributed sharing."
stage10-lesson-017-model-visual.jpg,Source transcript verified,b186f8f70cc50759a4b35c3eb9b84dd30f4768ef56f45e1ca443c1acbe5d4aef,,"One model has equal peers; the other has dedicated service roles | Visual explanation | Follow the arrows and identify which devices can provide a resource. | Peer-to-peer: every device can request and provide | The lines show possible direct sharing between peers. They do not define a physical topology: peer-to-peer describes device roles. | No dedicated central server is required. | Each peer can request a file and provide one. | A peer going offline can make its shared resource unavailable. | Client-server: clients request a managed service | Requests go to the server and responses return to clients. The server role may be performed by hardware or software. | Accounts, permissions and backups can be managed centrally. | Dedicated server resources and administration add cost. | Server failure can affect many clients unless redundancy is used."
stage10-lesson-017-roles.jpg,Source transcript verified,b4005bc843a21c4a4c83f2109143056321f5f740f91bec130a53a80a31328c69,,"Core roles | A client requests a service or resource, such as a web page, file, login or print job. | A server provides a service or resource to clients, often with central control over data and access. | A peer can request and provide resources directly, so devices share responsibility instead of relying on one central server. | A service is the function provided, such as file storage, authentication, email, printing or web hosting."
stage10-lesson-017-usecases.jpg,Source transcript verified,f3cb13bf3c4b229c815a84657ab21c5a5bcfb83c32a4801916d5d3b373565004,,"Scenario choices | School accounts | Client-server fits because logins, permissions and backups can be centrally managed. | Small home sharing | Peer-to-peer may fit when a few devices share files directly without a dedicated server. | Public web app | Client-server fits because many clients request data from managed servers. | Distributed file sharing | Peer-to-peer can spread sharing across peers, reducing reliance on one central source."
stage10-lesson-018-packet-journey.jpg,Source transcript verified,4789c2f7b939361fee1bc41d6048eba8c0dacede7665c3c1e041f1d5b45d7ed8,,"One message, several routes, one reassembled result | Visual explanation | Follow the numbered packets. Routers make next-hop decisions, so packets from one message do not need to travel together. | 1. Split and label Each packet carries payload plus control data such as addresses and a sequence number. | 2. Choose next hop Each router uses the destination address and routing information. | 3. Travel independently Different routes can produce different arrival times. | 4. Reassemble The receiver uses sequence numbers to restore the original order. | Check the diagram: why can packet 2 arrive after packet 3? | Packet 2 can take a different route with a longer delay. The receiver uses sequence numbers to place it back between packets 1 and 3."
stage10-lesson-018-routing.jpg,Source transcript verified,955cdef4c3e7e10223bceb81fb8b627dc041ad3e013cdcb1861d0b608aee6c10,,Routing and arrival | Router decision Routers forward packets based on destination address and routing information. | Different paths Packets from the same message may take different routes through the network. | Out of order Packets may arrive in a different order because routes have different delays. | Error handling Checksum/error checks can detect corruption; missing/corrupt packets may be requested again.
stage10-lesson-018-structure.jpg,Source transcript verified,832584b272db8998fcc817101ee41607aef190622a0b45451ce85b9ba6e1a0a4,,"Packet structure | Source address, destination address, sequence number, protocol/control data. | The actual data being sent, such as part of a file or message. | Error-checking information such as checksum, depending on the protocol. | Common error | Do not describe the header as “extra information” only. Name what is inside it and what each item does."
stage10-lesson-018-switching.jpg,Source transcript verified,1d79ec3f2d016d75c40bab3f925540bdb64041242b77af514e0a261f2ff46f7c,,Packet switching | A message or file is divided into smaller packets before transmission. | Packets from many users can share network links instead of one message reserving a whole route. | Each packet can be routed independently through available paths. | Reassemble | The destination uses sequence numbers to put packets back in the correct order.
stage10-lesson-019-layers.jpg,Source transcript verified,9984d8b5273b6c8446ba937af595e21bef4789986aaf27f67d4f710dda110b80,,"Layered communication | Application layer idea What the user or application wants to do, such as send a web request. | Transport layer idea Breaks data into segments, manages reliability or delivery style. | Network layer idea Adds logical addressing and routing between networks. | Link/physical layer idea Moves frames or bits across the local medium. | Encapsulation and de-encapsulation | As data moves down layers, each layer may add control information. At the receiver, layers remove and interpret that control information in reverse order."
stage10-lesson-019-protocols.jpg,Source transcript verified,5b83319306792c847f00b0facce6f17acc5084fafbe9c3a77d13dd89652cb113,,"What a protocol is | Definition | A protocol is a set of rules that governs how data is transmitted and received. | Shared meaning | Both sender and receiver follow the same rules, so messages can be interpreted correctly. | Interoperability | Different devices and software can communicate if they implement the same protocol. | Reliability | Protocols can specify error checking, acknowledgements and retransmission rules."
stage10-lesson-019-rules.jpg,Source transcript verified,f27f6b292b67011d68d2a7f17f7ffd50562cb73ed2cb5e67043f0a3487b1d9e0,,"What protocol rules can specify | Protocols define rules for data format, addressing, timing, error handling, flow control and connection management. | A protocol may provide reliability and ordered delivery, but these are not guaranteed by every protocol. | TCP provides reliable ordered delivery; UDP does not guarantee reliability or ordering."
stage10-lesson-020-address-journey.jpg,Source transcript verified,b1b2adad73c73a3b036a9a760c7f4ce30bb1c1f6f4711ee80057403bc458f84b,,"From a URL to a packet on the local link | DNS resolves a domain name to an IP address; it does not return a MAC address. | The network-layer packet header contains the destination IP address of the endpoint. | For one local hop, a link-layer frame contains the IP packet and a destination MAC address. | The destination IP and destination MAC belong to different encapsulation headers."
stage10-lesson-020-addresses.jpg,Source transcript verified,7a22fef2902126fa23688c3c96c3b3ca9ee65076fb358816885915d649aab12d,,"IP address vs MAC address | IP and MAC addresses work together at different layers; they are not an either-or choice. | The destination IP identifies the endpoint for end-to-end packet delivery. | The destination MAC identifies the receiving interface for one local-link frame. | On a routed path, the frame normally targets the next-hop router MAC while the packet retains the remote destination IP."
stage10-lesson-020-checkpoint.jpg,Source transcript verified,276a4ca92e31ee0ef93667e2af5015746c569321b3b91a222bdcd4537f7bc4a1,,5-minute mini assessment | Monthly checkpoint | Use this as a short checkpoint before moving to named protocols. Expand the answer key after attempting. | Explain why DNS is needed when a user enters a URL. | State one difference between an IP address and a MAC address. | Identify the domain name in https://store.example.com/products/item7 . | 1: DNS resolves the domain name in the URL to an IP address so packets can be routed to the server. | 2: IP is a logical network address that can change; MAC is a hardware/interface address used locally. | 3: store.example.com .
stage10-lesson-020-dns.jpg,Source transcript verified,3bd60995928f9076f4a144e4bd02304ac1b5f0e4a4bf6ef0b8a34bfb0cf7a749,,DNS: name to IP address | 1. URL entered The user enters a URL containing a domain name. | 2. DNS lookup The device asks a DNS server to resolve the domain name. | 3. IP returned The DNS server returns the IP address for that domain name. | 4. Packets sent Packets can now be addressed and routed to the web server. | Common error | DNS failure may stop a domain name working even if the server is still reachable by IP address.
stage10-lesson-020-urls.jpg,Source transcript verified,148d197462e3c5a60129e1cd9b8d8569774a6c128121caf97a3890423eb73419,,URL components | https://www.example.org/resources/page.html | Protocol / scheme https tells the browser which communication protocol to use. | Domain name www.example.org is resolved by DNS to an IP address. | Path /resources/page.html identifies the resource on the server.
stage10-lesson-021-email.jpg,Source transcript verified,a86df86940ace13b009902a1d786fc19924ca2a5343b3369bbf6df6dece5f24d,,"Email protocols: SMTP, POP3 and IMAP | Used to send email from a client to a mail server and between mail servers. | Used to download email from a mail server to a client, often removing it from the server depending on settings. | Used to access and synchronise email stored on a mail server across multiple devices. | Common error | IMAP is usually better for multiple devices because messages and folders stay on the server and remain synchronised."
stage10-lesson-021-file.jpg,Source transcript verified,1c9624b1901d7c815fdaa606abcaabe3f046f0ddc6818edc2d04546f9380048e,,"FTP for file transfer | FTP: File Transfer Protocol | FTP is used to transfer files between a client and a server, such as uploading website files or downloading files from a file server. | Do not use FTP as a generic answer for “anything on the internet”. It is specifically about file transfer."
stage10-lesson-021-web.jpg,Source transcript verified,cd299bb6fe6f123f2672313abd51c2f3219ede75fa6ff635c402c4907cec9686,,"HTTP and HTTPS | Protocol | Exam distinction | Transfers web pages and web resources between browser and web server. | Does not provide the same secure encrypted connection as HTTPS. | Secure version of HTTP used for encrypted web communication. | Helps protect data such as logins, payments and form submissions in transit."
stage10-lesson-022-compare.jpg,Source transcript verified,efa7faf0fe7f8d4f32daf42c6957d5bca68472bdf8672003e97dfecff05a9f72,,"Compare by factor, not by vibe | Wired networks | Wireless networks | Mobility | Poor for moving devices because a cable is required. | Better for mobile devices because no physical cable is needed. | Interference | Copper may suffer electromagnetic interference; fibre is less affected. | Can be affected by walls, distance, other devices and weather. | Security | Physical access to the cable is usually needed to intercept traffic. | Signals travel through air, so encryption and access control are important. | Performance"
stage10-lesson-022-wired.jpg,Source transcript verified,daadadfb9c3e77fb7a1b7200e9dc51def17d0afad6bc8cf62009a1d1d8a42981,,"Wired transmission media | Wired media carry signals through a physical cable. They are usually suitable for fixed devices and controlled environments. | Copper cable | Copper cable transmits data using electrical signals. It is common in local networks because it is relatively cheap and easy to install. | Good for: short local links, desktop PCs, classroom networks. | Limits: affected by electromagnetic interference; lower bandwidth and distance than fibre in many contexts. | Exam wording: say ""electrical signals"", not ""data flows like water"". The cable is not a tiny plumbing system. | Fibre-optic cable | Fibre-optic cable transmits data as pulses of light through glass or plastic fibres. | Good for: high-bandwidth links, long distances, backbone connections. | Strengths: less affected by electromagnetic interference and can support high data rates. | Limits: installation can be more expensive and the cable can be more delicate to handle."
stage10-lesson-022-wireless.jpg,Source transcript verified,ce10283f80c477a64185bb1187215402b9677e7fe4ff80d0ef964004d31b5943,,"Wireless transmission media | Wireless media transmit through the air or space. They support mobility, but the signal can be affected by distance, obstacles and interference. | Radio waves | Radio waves are used by technologies such as WiFi to transmit data without a physical cable. | Good for: mobile devices, classrooms, homes, short-range wireless networking. | Limits: shared medium, interference from other devices, weaker security if poorly configured. | Microwaves | Microwave links can transmit data between fixed points, often using directional antennas. | Good for: point-to-point links where a line of sight is available. | Limits: obstacles, weather and alignment can affect the link. | Satellites | Satellite communication uses signals to and from satellites to cover large geographical areas. | Good for: remote locations, ships, aircraft or areas without cable infrastructure."
stage10-lesson-023-compare.jpg,Source transcript verified,dbd0b2c4c97ecf44ac32f830a71594a058b9dc6a81c062e1250f0891e7e6eacf,,Compare by job and boundary | A switch forwards frames inside a LAN using MAC addresses. | A router forwards packets between networks using IP addresses and a routing table. | A wireless access point connects wireless devices to a network. | A gateway connects systems or networks that use different protocols or formats and may perform translation.
stage10-lesson-023-gateway.jpg,Source transcript verified,5dd99f7d154e64ebc71887daaa1e3541b0f09833a963bc316306a6fb8010fb64,,"Gateways: connecting different network rules | A gateway connects networks that may use different protocols, data formats or communication standards, translating where needed. | Useful when: two systems need to communicate but do not use the same rules. | Default gateway note: in many LANs, the default gateway is the device used to send traffic outside the local network, often a router. | Common error: do not use ""gateway"" as a general term for every network device."
stage10-lesson-023-lan.jpg,Source transcript verified,bde7616a3b58aed2bec5cbfcef882ed51683968c1f96cb2b94f1a02c958f4f4d,,"Switches: forwarding inside a LAN | A switch connects devices on a local area network and forwards frames to the correct device. | Uses: MAC addresses to decide which port should receive the frame. | Why useful: reduces unnecessary traffic compared with sending every frame everywhere. | Exam wording: say ""within a LAN"" and ""MAC address"" when the scenario is local device-to-device traffic. | LAN idea | PC A -> switch -> PC B | The switch is the traffic desk inside the local network. It does not decide the route across the wider internet."
stage10-lesson-023-routing.jpg,Source transcript verified,8d76f26943c744952ff2f25a3384b14726e1e146cfae0d41405cd3084baa41c2,,"Routers: forwarding between networks | A router connects different networks and forwards packets towards their destination. | Uses: IP addresses and routing information to choose a path. | Common role: connects a LAN to the internet or to another network. | Careful wording: a router does not simply ""make WiFi"". Some home boxes combine router and access point functions, but the jobs are distinct. | Between networks | LAN -> router -> internet / WAN | Inside the LAN, MAC-address forwarding matters. Between networks, IP-address routing matters."
stage10-lesson-023-wireless.jpg,Source transcript verified,65bff01b7a2faffac7e454e0965f513d9df03595cd76ee958883be9922141010,,"Wireless access points: joining wireless devices | Wireless access point | A wireless access point allows wireless devices to connect to a network using radio waves, often linking them to a wired LAN. | Good exam phrase: provides wireless access to a network. | Not enough: ""it gives internet"". Internet access may also require a router and wider network connection. | Security link: access points can use authentication and encryption, but this lesson focuses on their network role."
stage10-lesson-024-cloud.jpg,Source transcript verified,363773271091a78b39c0f27b5a0e07417289d06c191486e9c8ca9c5b1127cb4d,,"Cloud services | Cloud services provide storage, software or computing resources from remote servers over a network. The user does not need to own all the local infrastructure. | Cloud storage | Files are stored on remote servers and accessed from different devices over a network. | Example: a student saves project files online and opens them at home and school. | Cloud software | Applications run through a browser or client while data and updates are managed by the provider. | Example: collaborative documents or email systems. | Cloud infrastructure | Servers, processing power or databases are rented from a provider instead of bought and maintained locally. | Example: hosting a school portal on remote servers. | Common error | Cloud advantages are not automatic. A strong answer links the benefit or risk to a scenario: remote access, collaboration, backup, scalability, provider dependence, security, privacy or internet connection."
stage10-lesson-024-compare.jpg,Source transcript verified,eea00f8a0aa53ed22ff92a835df66e4fbd6e234443b7088597c8691145874bdb,,Compare networks by access and control | Access / control | Exam distinction | Internet | Global public network; services may be public or login-protected. | Do not call every online service an intranet. | Intranet | Private internal network controlled by one organisation. | Restricted to authorised internal users. | Extranet | Private controlled access extended to selected external users. | Not fully public; access is still controlled. | Cloud service
stage10-lesson-024-networks.jpg,Source transcript verified,3cb03463689d00037c903189b9e99ad8f0bf5cec869568939b8e2d7baafbb253,,"Internet, intranet and extranet | These terms describe access scope and purpose. Distinguish these terms by access scope and purpose. | Internet | A global public network of interconnected networks. It allows public services such as websites, email and online platforms. | Access: public, though individual services may still require login. | Use case: public website, online search, public cloud service access. | Intranet | A private network used within an organisation, often using web technologies but restricted to authorised users. | Access: internal staff or members only. | Use case: staff policies, internal forms, private school resources. | Extranet | A private network that allows controlled access to selected external users or organisations. | Access: authorised internal users plus selected partners/customers/suppliers."
stage10-lesson-025-calculation.jpg,Source transcript verified,32bf83bb9da7189e1c5a93f91d6ae5423a88517b18214011b1c2ddb98fd94f5e,,Simple transfer time calculation | Transfer time = file size in bits / bandwidth in bits per second | Remember: 1 byte = 8 bits . A 50 MB file is not 50 Mb. That capital B is doing real work. | Mini example | A 25 MB file is downloaded over a 10 Mbps link. | Convert file size: 25 MB x 8 = 200 Mb . | Divide by bandwidth: 200 Mb / 10 Mbps = 20 seconds . | This is an ideal estimate; real throughput may be lower due to congestion and overhead.
stage10-lesson-025-concepts.jpg,Source transcript verified,610bcec55de3533938d9c95bce3b74e1462c09f13b19a1ac82eba7c81bccd3a9,,"Core performance terms | Bandwidth is the maximum data-transfer capacity per second. | Latency is delay before data starts to arrive or a response is received. | Congestion creates queues, delay or packet loss and can reduce throughput. | Throughput is the actual successful transfer rate and may be below bandwidth."
stage10-lesson-025-factors.jpg,Source transcript verified,cb9fce2fae7860e711686ecdda9c09bb36cd5bbe40e5b7906db14c3dcd951830,,"Factors that affect performance | Good answers name a factor and explain its effect. ""It becomes slower"" needs a cause. | Transmission medium | Fibre may provide high bandwidth and low interference; wireless may vary with distance, obstacles and interference. | Number of users | More users can share the same capacity, increasing congestion and reducing throughput per user. | Distance and route | Longer physical distance and more hops can increase latency. | Hardware and server load | Slow routers, overloaded servers or weak wireless access points can become bottlenecks. | Packet loss and retransmission | If packets are lost, data may need to be resent, increasing delay and reducing effective throughput. | Protocol overhead"
stage10-lesson-026-map.jpg,Source transcript verified,e4702de859bff7cc40c3b6351f6e6c75de6576c5e2aa0fb2e43f5259b6a09720,,Section 2 in one page | Packets in a packet-switched network are routed independently. | A response is sent back to the source but may take the same or a different route. | Routing decisions depend on the available network paths at each stage.
stage10-lesson-026-precision.jpg,Source transcript verified,178f32f8a4d13f42ef8d86f90af461555e6f391513dfdce67fee88d4d43cd7f1,,"Precision rules for Section 2 answers | Answer craft | 1. Define with a boundary | Switch: inside a LAN. Router: between networks. Extranet: selected external users. These boundary phrases often carry marks. | 2. Name the mechanism | DNS resolves names to IP addresses. Fibre uses light pulses. HTTPS encrypts communication. Congestion causes queues. | 3. Link to the scenario | If the question says online banking, mention sensitive data in transit. If it says tablets, mention mobility and wireless access. | 4. Avoid empty adjectives | ""Better"", ""faster"", ""secure"" and ""efficient"" need a cause and consequence. The adjective is not the mark."
stage10-lesson-027-components.jpg,Source transcript verified,987c5dca4f114f11fdf1621073c545de3d28bf96105e80f2b1b8247a38a8c630,,"Component roles and examples | Input devices | Allow data to enter the system. | Examples: keyboard, mouse, barcode reader, touch screen, microphone, camera, sensor. | Output devices | Present data or results from the system. | Examples: monitor, speaker, printer, projector, actuator. | Processor | Executes instructions and coordinates operations. It processes data; it is not where user files are stored. | Primary memory | Stores instructions and data currently in use. RAM is volatile; ROM is non-volatile and stores startup instructions. | Secondary storage | Stores data and files long term, even when power is off."
stage10-lesson-027-flow.jpg,Source transcript verified,b874d0804e19266a5f05e99581ac2ce929250de6373917c8436f232d438f8dbe,,The basic system flow | Input devices capture data for processing. | The processor works with instructions and data held in primary memory. | Processed results can go directly to output devices. | Secondary storage is a separate bidirectional persistence path and is not a compulsory stage before output.
stage10-lesson-027-memory-storage.jpg,Source transcript verified,7f7d6811c53462e0b58148eeb74dd965f2b9a26944787c7cf1491335810b957e,,Memory is not the same as storage | Primary memory | Secondary storage | Holds data/instructions currently being used. | Holds files and data long term. | Volatility | RAM is volatile; contents are lost without power. | Non-volatile; data remains when power is off. | Speed and capacity | Usually faster but smaller and more expensive per unit. | Usually larger and cheaper per unit but slower than RAM.
stage10-lesson-028-automatic.jpg,Source transcript verified,dc3bfebc3878424aa9b12516cef9971a9ae82902aef8a19bf698b2e1f5d04d38,,"Manual input vs automatic data capture | Manual input | Automatic data capture | A person enters data, such as typing into a form. | A device captures data directly, such as scanning or sensing. | Advantages | Flexible, cheap for occasional input, useful for unusual data. | Fast, consistent, reduces transcription errors, suitable for high volume. | Limitations | Typing mistakes, slower, depends on user attention. | May need codes/tags/sensors; can fail if labels are damaged or conditions are poor."
stage10-lesson-028-capture.jpg,Source transcript verified,cb9d9e0472d1a98610e1e22cdd3bcfd029d2c715070a1a4a9ccf51cd5b99de22,,"What input devices do | 1. Capture The device captures data from a user, document, object or environment. | 2. Convert The data is converted into a digital form the computer can process. | 3. Validate later Input is not automatically correct. Validation and verification may still be needed."
stage10-lesson-028-devices.jpg,Source transcript verified,01517c49460b74133dfe6a633ae5e7ac666ac1fe4c474cc4aa4c5ce76cd0abe2,,"Common input devices and what they capture | Captures | Good use | Exam warning | Keyboard | Typed text/numbers | Short manual entries, corrections, commands | Slow and error-prone for long repeated codes | Barcode / QR reader | Encoded product, ticket or ID data | Fast repeated identification | Needs a readable code; does not capture handwriting | RFID / NFC reader"
stage10-lesson-029-devices.jpg,Source transcript verified,35ffe8340687c0c23074187c2dcbab17a723657e1c32f6c00799b47594cde3d1,,"Common output devices and when they fit | Output form | Good use | Exam warning | Monitor / screen | Visual soft copy | Live results, interfaces, dashboards, maps | Not suitable when permanent paper evidence is required | Hard copy on paper or labels | Receipts, reports, tickets, labels | Usually slower and uses consumables | Speaker / buzzer | Audio output"
stage10-lesson-029-feedback.jpg,Source transcript verified,aa03d5f606d3d5a55dc655a6a619ee9a5764a50f507cbf6296919cf1ff3bc85a,,"User feedback must fit the situation | Display, auditory and haptic feedback are alternative output forms, not inputs. | Printed records and actuator actions are separate output types rather than downstream results of display, sound or touch feedback. | Haptic feedback requires physical contact and may be missed when vibration is weak or the device is not being held."
stage10-lesson-029-purpose.jpg,Source transcript verified,b3f49ff0f28fafbdb833a9a76345988c08f17753b88b7a9b0575bda1d2d65642,,"What output devices do | 1. Present Output devices present processed data to a user, such as text, images or sound. | 2. Record Some output creates a physical record, such as a printout or receipt. | 3. Act Actuators convert computer output into physical movement or control."
stage10-lesson-030-cache-vm.jpg,Source transcript verified,6497279010da82333b9fe72874937b8c0f78fbca0d779bc1ff15a5d247111397,,"Why cache helps and virtual memory slows | Cache holds copies of recently or frequently used instructions and data close to the CPU. | A cache hit avoids a slower main-memory access. | Virtual memory uses secondary storage when RAM is insufficient and increases apparent capacity rather than physical RAM speed. | A desk tray saves a walk; using the archive as desk space creates walks. | Virtual memory increases capacity, not physical RAM speed."
stage10-lesson-030-primary.jpg,Source transcript verified,9f977b475eb235815c20956dab61512dccecff043f98e0d97eae3b2287c993c4,,"Why active data stays close to the CPU | The CPU repeatedly requests current instructions and data. | Nearby electronic storage answers with less delay than secondary storage. | Faster access prevents the processor waiting as often. | Keep today's papers on the desk, not in a distant archive. | Closer and faster storage is smaller and more expensive per byte."
stage10-lesson-030-ram-rom.jpg,Source transcript verified,2899bc5bb2f662d21a1d1d5ba04ec58b3a7f7680719778650790e5052659acf4,,"Why RAM changes while ROM remains stable | RAM holds the changing state of running programs. | Most RAM needs continuous power to preserve that state. | ROM retains fixed startup instructions when power is removed. | A working notepad changes constantly; a printed reference card should not. | ROM can sometimes be updated, but not as ordinary working memory."
stage10-lesson-031-compare.jpg,Source transcript verified,2ac97f57c94210a558fbafa2925c39e15e824de0a258f55284c2d2c52094be3c,,"Compare by scenario, not by favourite brand | An HDD provides high capacity at relatively low cost and suits large file libraries or cost-sensitive backups. | Magnetic tape provides high capacity with sequential access and suits archival backups. | Optical media suits distributing read-only content or archiving data that changes rarely."
stage10-lesson-031-media.jpg,Source transcript verified,52c046b274815cd475123a664cac988c4cef898656dacbe750766c1064a193cb,,Three main storage media | Magnetic storage uses magnetised areas; examples include HDD and tape. | Optical storage uses laser light to read marks on a disc. | Solid-state secondary storage uses non-volatile flash memory with no moving parts; an SSD or NAND flash chip is the correct illustration. | A volatile RAM DIMM is primary memory and is not an SSD.
stage10-lesson-031-purpose.jpg,Source transcript verified,e5ba4d61a5199d6d2cdc50fa816c3c7a850b40bfa3029a29573e56932f263e2d,,"What secondary storage does | Non-volatile Data remains when power is switched off. | Long-term Stores files, programs, backups and operating system data. | Usually slower Secondary storage is usually slower than RAM for direct access. | Scenario-based The best medium depends on speed, capacity, durability, portability and cost."
stage10-lesson-031-storage-visual.jpg,Source transcript verified,1950162ce71d17a76bc85ad2f95d64d641f23e54fecb52aae9022ec1a684d054,,"Look at the storage mechanism before comparing performance | Visual explanation | The physical mechanism helps explain speed, durability and suitable uses. | Magnetic | Solid-state | Three ways to store data when power is off. The illustration identifies the mechanism; the cards below state the exam-safe explanation. | Magnetic HDD | Magnetised areas store data on rotating platters. A moving actuator positions the read/write head. | Consequence: high capacity and low cost per GB, but mechanical parts are vulnerable to shock. | Optical disc | A laser reads changes such as pits and lands on the disc surface. | Consequence: portable and cheap to distribute, but generally slower and lower-capacity. | Solid-state drive"
stage10-lesson-032-answer.jpg,Source transcript verified,88d99a9ba9c9258eaedec815ff44665db149f721b085ff2d57a6bed6ad577768,,"The answer pattern: choice -> characteristic -> context -> consequence | Choice Use an SSD | Characteristic because it has fast access and no moving parts | Context for a laptop carried to school each day | Consequence so programs load quickly and it is less likely to be damaged by knocks | Weak: ""SSD is better."" Strong: ""SSD is suitable because fast access reduces loading time and no moving parts improves durability in a portable laptop."""
stage10-lesson-032-criteria.jpg,Source transcript verified,e4002f20598624908e2928e5eb83b213eb633b34fe09667a12a127a97a0f7f70,,"The five core characteristics | Capacity How much data can be stored, usually measured in GB or TB. | Speed How quickly data can be read or written; affects startup, loading and transfer. | Durability How well the device resists damage, wear, shock, scratches or environmental conditions. | Portability How easy it is to carry, remove, connect and use between devices. | Cost Price of the device and cost per unit of storage; not always the same thing."
stage10-lesson-032-tradeoffs.jpg,Source transcript verified,eec19cbb71ddac82f01a6fd9008e0dfb05490b061b78109cdae147da4187f553,,"Trade-offs by common storage device | Strengths | Weaknesses | Suitable when... | High capacity; low cost per GB. | Moving parts; slower; less shock-resistant than SSD. | Large storage is needed cheaply and portability is less critical. | Fast; durable; no moving parts; low power. | Often higher cost per GB than HDD. | Speed and durability matter, especially in laptops. | Magnetic tape | Very high capacity; low cost for archives. | Slow sequential access; not convenient for frequent random access."
stage10-lesson-033-embedded.jpg,Source transcript verified,fd9861cc3baa8412a47eadd46ca666b3fc3815a56e4d63e142e53057216108d1,,"What is an embedded system? | An embedded system is designed to perform a specific task or closely related set of tasks. | It forms part of a larger product, such as a washing machine, microwave oven or router. | It often uses a limited interface and task-specific resources. | Low cost, low power and reliable repeated operation may be relevant design priorities. | Define an embedded system by purpose and context, not only by physical size."
stage10-lesson-033-microcontroller.jpg,Source transcript verified,2f0c560bb1da10b4373777d6b30b7a074068ff5c4120078a85b7f968f35a9c76,,"Microcontroller vs general-purpose computer | Microcontroller / embedded system | General-purpose computer | Designed for a specific control task. | Designed to run many different programs. | Hardware | Often integrates CPU, memory and I/O on one chip. | Separate high-performance components are common. | Interface | May have simple buttons, LEDs or no screen. | Usually has richer input/output and user interface. | Design priorities | Low cost, low power, reliability, real-time response."
stage10-lesson-034-actuators.jpg,Source transcript verified,dfb82b716700290df05e2fa6d152d3ce5d7565b23e7d45917cefc0a9b78c03eb,,"Actuators turn output signals into physical action | Motor Creates movement, such as opening a door or spinning a fan. | Valve Controls flow of water, gas or air. | Heater Changes temperature by producing heat. | Light Turns visual warning or illumination on/off. | Lock / brake Controls physical safety or movement. | An actuator receives an output signal. It does not decide the rule; the processor/controller does that."
stage10-lesson-034-control.jpg,Source transcript verified,2276effdbeae1db09fbf029214fb8dcd1737992a7af7284a15b1fcd6ea93c953,,Control systems use rules and feedback | 1 Sensor reads | 2 Processor compares | 3 Fan and vent act | The solid arrows show input and output signals. The dashed arrow shows feedback: the changed temperature is measured again. | Sense: the temperature sensor produces a reading. | Compare: the controller compares the reading with its threshold. | Act: an output signal switches or adjusts the fan and vent. | Repeat: a new reading checks whether further action is needed. | Input Sensor reads the physical condition. | Decision Processor compares the reading with a threshold or rule. | Output Signal is sent to an actuator. | Feedback New sensor readings check the result.
stage10-lesson-034-sensors.jpg,Source transcript verified,830ed7bead1f28e8264b364dbb9616a7e052f9f7bc24a951f2a772413757a96f,,"Required sensor types and applications | A temperature sensor measures temperature and a pressure sensor measures pressure. | An infra-red sensor detects infra-red radiation, for example in a beam alarm or remote-control receiver. | A sound sensor detects sound level or sound waves, for example in a noise monitor. | A sensor supplies input data; the processor applies the rule and an actuator performs any physical output. | Light intensity is supporting context and does not replace the named infra-red or sound sensors."
stage10-lesson-035-gate-visual.jpg,Source transcript verified,f79c66b2a8cf895c2881aa16df1d97db80a564ed1c1002e331031d0b0ffa0b56,,"Six symbols, six exact output rules | Visual explanation | Read each symbol from left to right. A small circle on the output means “invert”; the extra curved input line distinguishes XOR from OR. | NOT One input; output is the opposite value. | AND / NAND AND tests whether both are 1; NAND inverts that result. | OR / NOR OR tests whether at least one is 1; NOR inverts that result. | XOR Output is 1 only when the two inputs are different. | Check the diagram: what two visual clues separate NOR from XOR? | NOR has an output bubble. XOR has no output bubble, but it has an extra curved line on the input side."
stage10-lesson-035-gates.jpg,Source transcript verified,2c8b6e486c55f4c1805faaadafd2c91bf4a414eeb5bce5faca67e55dc316a0f1,,"The six gate rules | The six gates are NOT, AND, OR, NAND, NOR and XOR. | NAND is the negation of AND and NOR is the negation of OR. | XOR outputs 1 when exactly one of its two inputs is 1. | Ordinary OR also outputs 1 when both inputs are 1, so OR and XOR are different."
stage10-lesson-035-signals.jpg,Source transcript verified,25240dfe858c6a69db1ef1936df6dcb458ab32d85fd88ed3dd30b043cecb0042,,"Logic gates use binary signals | Logic 0 means false, off or a valid low logic level. | Logic 1 means true, on or a valid high logic level. | An absent, floating or undriven signal is not automatically a valid logic 0."
stage10-lesson-035-symbols.jpg,Source transcript verified,cda180fa62226427a35b5c0aa08869ad8296cca75ad02f5066cffdc6bd922311,,"Recognise gate symbols and the inversion bubble | NOT Triangle + bubble One input. Bubble means inversion. | AND Flat left, curved right Output 1 only when all inputs are 1. | OR Curved input side Output 1 when at least one input is 1. | NAND AND + bubble Complete AND first, then invert. | NOR OR + bubble Complete OR first, then invert. | XOR OR with extra curved line Output 1 when inputs differ. | Exam habit: if a symbol has a small bubble at the output, say ""then invert the result"" before writing the final column."
stage10-lesson-036-expressions.jpg,Source transcript verified,dd41d54c548e139a84f203e9d9bfca3a3563b873ca600dff0621f11411cdadad,,"Boolean expressions describe gate behaviour | Variables | A, B and C represent input signals. Each row assigns them 0 or 1. | Operators | NOT, AND, OR, NAND, NOR and XOR describe the logic applied. | Intermediate columns | Each bracketed part or gate output should get its own column. | Final output | Q is the final result after all intermediate columns have been combined."
stage10-lesson-036-precedence.jpg,Source transcript verified,b3382054ef31057e1de98e81af8068703a42cf2a1a2363c3d79ffe020ef3e780,,"Brackets and NOT usually come before the final combination | Brackets first For (A OR B) AND C, complete A OR B before the AND with C. | NOT next For A AND NOT B, invert B before applying AND. | Then combine Use AND, OR or XOR to combine the prepared columns. | Check one row Pick one row and explain it in words to catch swapped columns. | Do not assume a hidden priority when the expression is unclear. In exam answers, use brackets or intermediate columns to remove ambiguity."
stage10-lesson-036-table-method.jpg,Source transcript verified,12c9abede57ed2c2f00de0c768bf4929ef71de58018d2dbf93085a8572c26d6d,,"A reliable truth-table method | 1. Count inputs n inputs produce 2^n rows. Two inputs give 4 rows; three inputs give 8 rows. | 2. List input combinations Use a systematic order such as 000, 001, 010, 011, 100, 101, 110, 111. | 3. Add intermediate columns One column for each gate result, such as A AND B or NOT C. | 4. Fill final Q Use the intermediate columns to avoid guessing the final output. | Row number"
stage10-lesson-037-design.jpg,Source transcript verified,0d81af9ee9a9c3e5b3584c6dcf33701a5067ad82b0eaecb17f2c91eeaefa9f71,,"A circuit design method that examiners can follow | 1. Name the output Use a clear output such as Alarm, Unlock, Fan or Light. | 2. Define variables Write what each input means, for example A = system armed. | 3. Write expression Translate the requirement with AND, OR, NOT, NAND, NOR or XOR. | 4. Draw in stages Draw inner gates first, then connect them to the final output gate. | A correct circuit is not just a pretty drawing. It must match the Boolean expression and produce the correct truth-table output."
stage10-lesson-037-diagram.jpg,Source transcript verified,11dff267fd30aa69f15d3a1205f366d0bfb9d026690fbf3c24fd8087267a54f2,,"Gate sequence creates the circuit structure | Door Input D | Window Input W | OR D OR W | Armed Input A | AND A AND (D OR W) | Alarm Final output Q | Draw the OR branch first, then feed it into AND with Armed. If the drawing order is unclear, label intermediate outputs."
stage10-lesson-037-parse.jpg,Source transcript verified,b381851e3725b12423d5bc351153ecd17916e4a2500016bdb57fe55aef004df7,,Parse requirement wording into logic | AND means every listed condition must be true; OR means at least one condition is true. | NOT directly inverts a condition. | P unless Q means P when NOT Q; the full sentence determines which condition is negated. | Do not treat the word unless as a universal unary NOT operator.
stage10-lesson-038-categories.jpg,Source transcript verified,2b4680ba17f00aae2d81b72dd544c87cccb134a93e46e7fe7c3003341178bbaa,,Classify the hardware before choosing it | The touch-sensing layer of a touchscreen is an input device. | The display layer of a touchscreen is an output device. | A touchscreen is therefore a combined input/output device.
stage10-lesson-038-criteria.jpg,Source transcript verified,c3e169d871ab610e044e780f4dd29f964232ad1036390735b6eee26c41ec6279,,"Choose hardware using stated criteria | Speed Needed for real-time input, rapid searches, video editing or low-delay output. | Capacity Needed for large files, media archives, backups or databases. | Cost Matters when many devices must be purchased or the user has a fixed budget. | Durability Important for mobile, outdoor or high-use environments. | Accuracy Important for barcode scanning, sensors, medical data and attendance records. | Compatibility Hardware must connect to existing software, ports, networks and operating systems. | Exam sentence frame: ""I would choose X because it has Y, which matters for Z, so the user can..."""
stage10-lesson-038-users.jpg,Source transcript verified,dbed8634aecb532c082ede9a3cbdd232822ca277f1ece6c5ce7a9898d994b102,,"Different users value different trade-offs | Librarian Needs fast, accurate item input and reliable local/network database access. | Delivery driver Needs portable, durable, wireless hardware and quick barcode/QR capture. | Video editor Needs high-speed storage, strong CPU/GPU performance and colour-accurate display. | Weather station Needs accurate sensors, durable enclosure, low power use and stable communication. | A strong answer rejects one tempting unsuitable option. This proves the choice was evaluated, not guessed."
stage10-lesson-039-environment.jpg,Source transcript verified,afa2add480ffbd6cb1f775b3ddc137d6736a67a9a79781944e6ea1d83934ba5e,,"Environmental factors change hardware suitability | Possible effect | Suitable protection | Exam warning | Temperature | Overheating can slow, shut down or damage components. | Cooling, heat sinks, ventilation, temperature-rated hardware | Do not just say ""fast""; explain heat tolerance or cooling. | Moisture / water | Corrosion or short circuits can stop the system working. | Sealed casing, waterproof enclosure, humidity control | Name what water does to reliability. | Dust / dirt"
stage10-lesson-039-mitigation.jpg,Source transcript verified,fb4d7dbc4fa808ac2e1f05b694f4554b0f43dce8cfefe08c6b13812bcf0bb22b,,"Mitigation must match the risk | Outdoor weather station Weatherproof casing, low-power controller, battery/solar power and wireless communication. | Hospital workstation Reliable power, backup, regular maintenance and quick replacement to reduce downtime. | Delivery handheld Rugged case, long battery life, mobile data fallback and SSD/flash storage. | Data server Cooling, UPS, RAID, backup, monitoring and controlled access. | A strong answer rejects an unsuitable protection. A UPS helps power cuts; it does not make a sensor waterproof."
stage10-lesson-039-reliability.jpg,Source transcript verified,0e5eed2de5f031b242a891ef131c3b9512b29f47cf8901c3f72a3ffa7a502f5b,,"Reliability is about continuing to work correctly | Redundancy, failover and a UPS can support continuity when a component or power source fails. | Backup and restore support recovery after data loss or failure. | A backup copy reduces data loss and recovery time but does not by itself keep a live service running."
stage10-lesson-040-checkpoint.jpg,Source transcript verified,829548c32e8fcf880578c89bd14f2bd8fc1e2cf5d7a724953e70f12cd67991b9,,"Short timed review structure | Monthly checkpoint | 3 minutes Classify five questions by topic and command word. | 8 minutes Answer one 6-mark scenario question. | 5 minutes Complete one truth table or Boolean trace. | 7 minutes Mark with MS, identify missing marks, rewrite one answer. | The checkpoint is included as lesson practice, not a midterm or final exam."
stage10-lesson-040-map.jpg,Source transcript verified,abcac897619c06ae1a0b555524a2feb20148080255c3f67b19038ae2da8652bb,,"Section 3 topic map | RAM and ROM are primary memory; SSD, HDD and optical media are secondary storage. | Virtual memory is a memory-management technique that uses secondary storage to supplement RAM. | Do not classify virtual memory as a type of primary memory."
stage10-lesson-040-skills.jpg,Source transcript verified,90081da994effebaf9ea7ce8295f1c03daf10db682007cf7ea832036e0019e1a,,"Three review skills: compare, justify, calculate | Compare Give both sides and use the same criterion, e.g. SSD is faster than HDD, but HDD may be cheaper per GB. | Justify Name a choice, name a feature, link it to the user's need, then explain the consequence. | Calculate / trace Show working: input values, intermediate result, final output. | Describe Use a sequence, such as sensor reading -> comparison -> output signal -> actuator. | Explain Include cause and effect, not only a definition. | Correct Find the missing mark, then rewrite the answer with specific wording. | Exam answer frame: ""Because [feature], it meets [need], so [practical consequence]."""
stage10-lesson-041-alu-cu.jpg,Source transcript verified,2f738785b038439b8a34fca967945e2d579f31d580176215687eb0424f227c71,,Why control and calculation are separate | The control unit decodes what the instruction demands. | It sends signals that select data movement and an ALU operation. | The ALU returns a result and status information. | A coordinator chooses the operation; a specialist instrument performs it. | The control unit coordinates calculation but does not replace the ALU.
stage10-lesson-041-architecture.jpg,Source transcript verified,fe1e9bdba98adc5d4ec50cc013c117f2a454648f62e363f00a26f5657cc8b9b5,,"Why a CPU divides specialised work | The control unit interprets the current instruction. | The ALU performs the required arithmetic or logical operation. | Registers and buses hold and move the immediate values. | A laboratory separates coordination, processing, temporary trays and transport lanes. | The components form one system; none executes a program alone."
stage10-lesson-041-cpu-map.jpg,Source transcript verified,ca42ccf7fbf1004e2121d1eccc430eaeeb19c44267d16e08c27e9f86ba2a37a0,,"Inside the CPU, outside the CPU, and what connects them | The address bus normally carries addresses from the CPU to memory or I/O. | The data bus is bidirectional and carries data or instructions. | The control bus is bidirectional overall: the CPU sends read/write signals and devices or controllers can send interrupts and status signals back."
stage10-lesson-041-registers.jpg,Source transcript verified,a274530768be9ba4093cb7d6ef71b2085f0b1a8a6d8e334bd5c7eef88e3e2944,,"How registers, buses and clock stay aligned | Registers expose small values needed immediately. | Buses carry values, addresses and control signals on distinct paths. | Clock events determine when components may capture a new state. | Timed transfer gates stop items arriving halfway through an operation. | A faster clock helps only when the rest of the architecture can keep up."
stage10-lesson-042-cycle.jpg,Source transcript verified,9df84c56eb23ea60d7650e39ddc2efd8337b91334debe7d995ec952655abe5a7,,"The cycle in one clean sentence | The CPU gets the next instruction from main memory using the address stored in the PC. | The CU interprets the instruction in the CIR and identifies the operation and any operands needed. | The CPU carries out the instruction, for example using the ALU, accessing memory, or changing the PC."
stage10-lesson-042-cycle-visual.jpg,Source transcript verified,5ea66d6090ff1d69f5c517f1b32ede77bc1c8e10e63453b5590e15f27d360c42,,Trace one instruction through the fetch stage | Copy the next-instruction address from PC to MAR and read the instruction from memory into MDR. | Move the fetched instruction from MDR to CIR. | Increment PC independently so that PC points to the next instruction. | PC does not feed CIR; only the instruction held in MDR is transferred to CIR.
stage10-lesson-042-decode.jpg,Source transcript verified,f747147ac0b478293114d8b18c8bcca29f9c35fc1cf0cb8a30b40ce52779b55d,,"Decode and execute are not filler words | The control unit interprets the instruction in the CIR. It identifies the opcode, decides what operation is required, and identifies any operands or addresses needed. | Execute: arithmetic or logic | If the instruction is arithmetic or logical, the ALU performs the operation and a result may be stored in a register. | Execute: memory access | If the instruction needs data from memory, the CPU uses buses and registers to read from or write to the required memory address. | Execute: branch | If the instruction is a branch/jump, the PC may be changed to a different address rather than just continuing with the next instruction. | Common error | ""Execute"" does not always mean ""ALU does maths"". Some instructions move data, access memory or change the PC."
stage10-lesson-042-fetch.jpg,Source transcript verified,c6868baea85b5454f7ecc1f984e54729fb5d543398a23ec6fa20f503e1cfaedd,,Fetch stage: the register sequence | This is the part students must be able to trace precisely. | Register / bus focus | Exam-safe wording | Address copied from PC to MAR. | PC -> MAR | The PC contains the address of the next instruction; this address is copied to the MAR. | Address sent to memory. | Address bus | The address in the MAR is placed on the address bus. | Memory read signal is sent. | Control bus | The CU sends a read signal on the control bus.
stage10-lesson-042-registers.jpg,Source transcript verified,36ef274c24ef1f79175f29882474e62ab038f181f28b0492aa68cab3f2fe4b41,,The four fetch-stage names you cannot blur together | Register roles | PC Program Counter: stores the address of the next instruction to be fetched. | MAR Memory Address Register: stores the address of the memory location being accessed. | MDR Memory Data Register: stores data or an instruction being transferred to or from memory. | CIR Current Instruction Register: stores the instruction currently being decoded/executed.
stage10-lesson-043-acc-status.jpg,Source transcript verified,526af31f259cdfe62669b136c29b4aad020336a1730a932a79089693fb6e033a,,"ACC and status register: execute-stage evidence | Accumulator (ACC) | The accumulator commonly holds intermediate results from the ALU. For example, after adding two values, the result may be stored in the ACC. | Status register | The status register holds flags that describe the outcome of an operation or the processor state. | Zero flag | Can be set when an operation result is zero. Useful after comparisons or subtraction. | Carry / overflow flags | Can indicate a carry out or arithmetic overflow. Exact flag names vary by architecture, but the exam idea is that flags record result conditions. | Common error | The status register does not store the calculation result itself. It stores flags about the result."
stage10-lesson-043-main-registers.jpg,Source transcript verified,16a9cb80bfd4bb0e41b977feac9d95be766e0e0c21c6422fbe834bc6245aa6ae,,The seven named register roles | PC holds the address of the next instruction to be fetched. | CIR holds the instruction currently being decoded or executed. | MAR holds the address of the memory location being accessed. | MDR holds data or an instruction being transferred to or from memory. | ACC holds an intermediate or final ALU result. | IX holds an offset used in indexed addressing. | The status register holds flags about a result or processor state. | A general-purpose register can hold varied working values; a special-purpose register has a defined processor role. | Cambridge assembly questions assume ACC is the available general-purpose working register.
stage10-lesson-043-purpose.jpg,Source transcript verified,bb326f2b82f4d255c4393a508e05fdeb111d04dcc5133f796b0032d1b11c7e0b,,"Why registers exist | Inside the CPU | Registers are located inside the processor, so they can be accessed very quickly. | Small capacity | They hold only a small amount of data, usually one value, address, instruction or set of flags. | Temporary role | They hold values needed immediately during fetch, decode or execute. | Specific jobs | Different registers are designed for different temporary values."
stage10-lesson-044-concept.jpg,Source transcript verified,07ff86b3a2f244451b25cb3ea6d3a561537927c7599c1f124c8f494328be299e,,"What a system bus does | Communication pathway | A bus is a set of parallel wires or connections used to carry signals. | Connects components | System buses connect CPU, main memory and other devices through controlled transfers. | Not storage | A bus transfers signals; it does not permanently store data or instructions. | Part of a trace | In processor questions, bus roles often appear inside fetch, read and write sequences."
stage10-lesson-044-read-write.jpg,Source transcript verified,9d1a7fa5b2a5c9a8aa85699a2eebb5dbe49d6dd89a02589d8fa29f02a60ca199,,"Read and write traces | Memory read | CPU places the required address on the address bus. | CPU sends a read signal on the control bus. | Memory places the requested data/instruction on the data bus. | CPU receives the data, often through the MDR. | Memory write | CPU places the target address on the address bus. | CPU places the data to be stored on the data bus. | CPU sends a write signal on the control bus. | Memory stores the data at the addressed location. | Common error | Read and write both use all three buses, but the direction of data transfer changes."
stage10-lesson-044-three-buses.jpg,Source transcript verified,7004c372e27f38182d8deca930bcd844b9626436a271e9571f21dec1508358b8,,"The three buses | The address bus carries the address of the location being accessed and is normally directed from the CPU. | The data bus carries data and instructions in both directions. | The control bus carries control and timing signals in both directions, including read/write from the CPU and interrupts toward the CPU."
stage10-lesson-044-width.jpg,Source transcript verified,7f1df35f135f0ff84b300154ef878c83d029677a85c410c1048b00c5bd6835d9,,"Bus width and addressable locations | Address bus width | If the address bus has n lines, it can represent 2^n different addresses. | A 16-bit address bus can address 2^16 = 65,536 memory locations. | Data bus width | A wider data bus can transfer more bits at once, which can affect throughput. | Precision | Address bus width affects address range; data bus width affects transfer size."
stage10-lesson-045-compatibility.jpg,Source transcript verified,748df23977feefec0a60b52b7803500469d4fdfbaaf15a131b595eb985a742d0,,"Instruction sets and compatibility | Same ISA | A program compiled to one instruction set can run on compatible processors that implement that instruction set. | Different ISA | Machine code for one architecture may not run correctly on another architecture. | Translation needed | Source code may need to be recompiled, interpreted, emulated or translated for a different processor. | Exam wording | Say ""the CPU cannot recognise/execute those opcodes"" rather than simply ""the CPU does not like it""."
stage10-lesson-045-instruction-set.jpg,Source transcript verified,576ab9319edf91e516fe8c5ac7a7592e265c41a296ae6ea05427312f6a4b4a30,,"What is an instruction set? | Definition | The set of instructions that a particular processor can recognise and execute. | Includes operations | Examples include load, store, add, subtract, compare, jump and input/output instructions. | Processor-specific | Different processor families can have different instruction sets and instruction formats. | Defines meaning | The instruction set tells the CPU what each opcode means and how operands are interpreted."
stage10-lesson-045-machine-code.jpg,Source transcript verified,5aeb6e1558aaa2140dd978f23db0fcfc7d8024bc69a58a6a8d4298901b0c9f5e,,"Machine code is binary instructions for the CPU | Lowest-level executable form | Machine code consists of binary instructions that can be executed directly by the processor. | Not friendly for humans | Binary instructions are difficult for people to read and write accurately, but they are the form the processor executes directly. | Stored in memory | Machine-code instructions are stored in memory and fetched by the CPU during the fetch-decode-execute cycle. | CPU-specific meaning | The same bit pattern can have different meanings on different architectures because opcodes are defined by the instruction set."
stage10-lesson-045-opcode.jpg,Source transcript verified,f0f563e80f11b115d9f9752e0cf4bdf37e09a5043c7d429ebf7064cf86c7136b,,"Opcode and operand | Opcode tells the CPU which operation to perform. Operand gives the data, register, address or value used by the operation. | Operation | Example with operand | Load value from memory into ACC. | 0001 01011010 = LOAD address 90 | Store ACC value into memory. | 0010 01011010 = STORE address 90 | Add value from memory to ACC. | 0011 01011010 = ADD value at address 90 | Jump to a different instruction address. | 0100 00001100 = jump to address 12 | Common error"
stage10-lesson-046-assembler.jpg,Source transcript verified,212dce30213c0dfe7f27fa58359c298e292d91696ad8cae7a49994517aef9593,,"Instruction groups: data movement, I/O, arithmetic, control and compare | The five groups are data movement, input/output, arithmetic, unconditional/conditional instructions and compare. | Data movement uses LDM, LDD, LDI, LDX, LDR, MOV and STO; LDR #n loads the immediate value n into IX. | Input/output uses IN and OUT; arithmetic uses ADD, SUB, INC and DEC. | JMP is unconditional; CMP and CMI compare; JPE jumps after True and JPN jumps after False. | END returns control to the operating system."
stage10-lesson-046-assembly.jpg,Source transcript verified,0bce1e528307d56f330f722cda062108f9d795d8f2a7833bbe80b863b6f589c9,,What assembly language is | Low-level language | Assembly language is close to machine code and closely linked to a processor's instruction set. | Uses mnemonics | Human-readable abbreviations represent machine-code operations. | Processor-specific | Assembly syntax and available instructions depend on the target architecture. | Needs translation | An assembler converts assembly language into machine code.
stage10-lesson-046-mnemonics.jpg,Source transcript verified,a1212e85768a303a2a86a73d74dfbfa7c82d370001fafb117d2f7d64cdf57f53,,Mnemonics represent operations | Mnemonic | Likely operation | Exam-safe wording | Load a value into a register/ACC. | LOAD count | LOAD is a mnemonic for a machine-code load instruction. | Store a register/ACC value in memory. | STORE total | STORE represents an operation that writes a value to memory. | Add a value to a register/ACC. | ADD value | ADD is easier to read than a binary opcode for addition.
stage10-lesson-046-structure.jpg,Source transcript verified,92cdda85d79c8a8698e6491065d940fc0e4fdd0f778a0f67c0d91ab7220678d1,,Instruction labels and symbolic data addresses | <label>: <opcode> <operand> gives a symbolic address to an instruction. | <label>: <data> gives a symbolic address to a memory location containing data. | Pass 1 records both instruction and data labels in the symbol table. | Pass 2 replaces a label reference with its resolved address while translating.
stage10-lesson-047-arrays.jpg,Source transcript verified,0cfaab211137f4b6a03f3d1c99a981d97b43e6e9441468a9e53471aa33ff2e50,,"Indexed addressing and arrays | Base address | The start address of a block of related values, such as an array. | Index register | A register holding an offset from the base address. | Effective address | Calculated as base address + index/offset. | Why useful | Changing the index can access different array elements without changing the instruction's base address. | Common error | Indexed addressing does not mean ""convert the operand into an index number"". It calculates an effective address using a base and an offset."
stage10-lesson-047-concept.jpg,Source transcript verified,f6c006ce8ea100fa5369187593281299edc977c4654bb611a3c121c6086656cb,,"Addressing mode means operand interpretation | The part of an instruction that supplies data, an address, a register or another reference. | Addressing mode | The rule used to interpret the operand and locate the data needed by the instruction. | Effective address | The actual memory address used after applying the addressing mode. | Fetched value | The final data value obtained or used by the instruction after interpretation."
stage10-lesson-047-effective.jpg,Source transcript verified,d24c8fcb16e830b48a0e44d66f3102fa4ca937adb82db00dbb671df419eea458,,"Official LDR, CMI, JPE and JPN semantics | LDR #n loads the immediate value n into the index register IX. | CMI <address> compares ACC with a value reached using indirect addressing. | JPE <address> jumps when the preceding comparison result is True. | JPN <address> jumps when the preceding comparison result is False. | Do not reinterpret these instructions as relative load, immediate compare, equal/zero branch or negative-status branch."
stage10-lesson-047-modes.jpg,Source transcript verified,94fa60a2131b56d5fe2e781b7d45fbe45cabeebe277fe681012b4fdbce447964,,Five addressing modes | Immediate addressing uses the operand field as the value itself. | Direct addressing uses the operand field as the address of the value. | Indirect addressing follows an address stored at the operand address to reach the value. | Indexed addressing adds an index value to a base address to form the effective address. | Relative addressing adds an offset to a PC-based instruction address to form the target or effective address. | LDR #n loads the immediate value n into IX; it is not relative addressing.
stage10-lesson-048-concept.jpg,Source transcript verified,10a04a6d4c5d27a3df04f9aa8ceb1238249fa98c8d75a87e5b99c1089575c6c5,,"What an interrupt is | Interrupt | A signal that causes the processor to pause normal execution and deal with an event. | Interrupt service routine | A program routine that handles a specific interrupt. | Processor state | The information needed to continue later, such as PC, registers and status flags. | Interrupt flag | A stored indication that an interrupt has occurred or is waiting to be handled."
stage10-lesson-048-cycle.jpg,Source transcript verified,908c4ab7a6da28a38328c5aa062ba54484a36b1af52158e76067f91e2b944aea,,"The interrupt handling cycle | 1. Execute instruction The CPU finishes the current instruction before accepting most maskable interrupts. | 2. Check interrupt The control unit checks whether an interrupt is pending and enabled. | 3. Save state Important registers, PC and status information are stored, often on a stack. | 4. Find ISR The interrupt type is used to locate the correct interrupt service routine. | 5. Run ISR The routine handles the event, such as reading a key or acknowledging a device. | 6. Restore and return The saved state is restored and the interrupted program continues. | Why this matters | Saving state is the ""bookmark"". Without it, the CPU may not know where or how to resume the interrupted program."
stage10-lesson-048-polling.jpg,Source transcript verified,838cbee33a7e45d2ac3d01b810e3c55f324d3010cb6ff5710b06940b8aa720d7,,"Interrupts versus polling | Interrupt-driven input | The device signals the CPU when attention is needed. The CPU can do useful work meanwhile. | Efficient when events are unpredictable. | Requires interrupt handling and state saving. | Good exam phrase: ""CPU does not continually check the device."" | The CPU repeatedly checks a device or flag to see whether attention is needed. | Simple to understand and implement. | Can waste processor time if checks are frequent and no event has occurred. | Good exam phrase: ""regularly checks the status of the device."""
stage10-lesson-048-priority.jpg,Source transcript verified,8ecfb1d66d873d6fef2c37ed7a81100656b1c41d020b2877b7c1701398183f80,,Priority and masking | Exam-safe wording | Priority | Some interrupts are more urgent than others. | A higher-priority interrupt may be handled before a lower-priority one. | Maskable interrupt | Can be disabled or delayed by the processor. | Used when a less urgent event can wait. | Non-maskable interrupt | Cannot normally be ignored. | Used for critical events such as serious hardware faults. | Nested interrupt | An interrupt occurs while another ISR is running.
stage10-lesson-048-sources.jpg,Source transcript verified,ef4bab7e8fddc5204599045395eb4443d5a83414867d9375be506420d164650b,,"Where interrupts come from | Input/output device | A keyboard, printer or network interface signals that it needs CPU attention. | Example: key pressed; printer buffer ready. | A timer interrupt lets an operating system share CPU time between tasks. | Example: scheduler checks whether another process should run. | Hardware fault | A device or hardware condition signals a problem that must be handled. | Example: power warning or device failure signal. | Software / exception | A program event requires special handling. | Example: division by zero or system call, depending on architecture. | Common error"
stage10-lesson-049-cache.jpg,Source transcript verified,12aac173c4a7466295a4a63833faa555befe80c27a7214e69ba23b38c06c0f67,,"Cache: reduce slow memory access | 1. CPU requests data The CPU needs an instruction or data item. | 2. Cache checked first Cache is much faster than main memory. | 3. Cache hit If found, access is fast and the CPU waits less. | 4. Cache miss If not found, data is fetched from slower main memory and may be copied into cache. | Common error | Cache is not the same as RAM capacity. It is smaller, faster and used to reduce repeated slow access to main memory."
stage10-lesson-049-clock.jpg,Source transcript verified,9add8afcceed1633edac2dde0f66b13439faaf09a0b4f697a298af85e09cc028,,"Clock speed: more cycles per second | Mechanism | A higher clock speed means more fetch-decode-execute cycle steps can be started per second, if other parts keep up. | 3.6 GHz means 3.6 billion clock cycles per second, not automatically 3.6 billion completed programs. | Limitation | Memory access, heat, power use and CPU architecture can limit the real improvement."
stage10-lesson-049-concept.jpg,Source transcript verified,44ba5aadcf7b5d58ef8ce2c0b9197795b436dcfee00d101ba6f1016318b63a5a,,"Performance factor means a hardware feature that can affect processing speed | Clock speed | How many clock cycles the CPU can perform per second, commonly measured in Hz/GHz. | Processing units that can execute instructions independently, allowing parallel work. | Small, fast memory close to the CPU storing frequently or recently used data/instructions. | Word length | The number of bits the CPU can process as a unit in one operation/register word."
stage10-lesson-049-cores.jpg,Source transcript verified,2efcc8c8aa0831788a7266207ea3425c282726c23ce5a94411e6cebe92a7cddb,,Cores: more independent processing units | One thread can execute on only one core at a time. | A single-threaded task cannot run its own instructions concurrently across several cores. | Other cores may still execute operating-system work or other processes; they are not necessarily idle.
stage10-lesson-049-limits.jpg,Source transcript verified,557c8a27ca84bc1de999d367ea5095ba0f847a1a73decc0405cba8e68d73b44d,,Performance is limited by bottlenecks | Memory bottleneck A fast CPU still waits if data arrives slowly from memory. | Software bottleneck Single-threaded code cannot fully use many cores. | Heat and power Higher clock speed can require more power and produce more heat. | Architecture Different CPU designs may do different amounts of work per clock cycle.
stage10-lesson-049-word.jpg,Source transcript verified,c83bdc15ee13cf3b87e3b0fdbfaae55e271f216bd9a95f3a840b8e3c7a038f58,,"Word length: bits processed as a unit | Explanation | Exam-safe wording | Larger values | More bits can represent larger numbers in one word. | A longer word can process larger data values in a single operation. | More precision | More bits can support greater numeric precision where relevant. | Useful for calculations needing larger or more precise operands. | Addressing | In some architectures, word/register/address size can affect addressable memory. | Do not claim this without linking it to the architecture or address size. | Limitation"
stage10-lesson-050-compare.jpg,Source transcript verified,5509b9e9fbe9d3acb9aea87d432311f26b37ea04acdf5f19d981a9a12dda52a8,,"Without and with pipelining | Without pipelining, each instruction completes fetch, decode and execute before the next starts. | In an ideal three-stage pipeline, instruction 1 completes in cycle 3, instruction 2 in cycle 4 and instruction 3 in cycle 5. | Instruction 3 must execute in cycle 5; it is not complete after decode in cycle 4."
stage10-lesson-050-concept.jpg,Source transcript verified,69d67ad2a727a47fbb62e41030c7c522c1e30e28b0a974a9c1888e31a6b033d5,,"Pipelining overlaps instruction-cycle stages | Pipeline | A processor technique where multiple instructions are at different stages of execution at the same time. | The next instruction is fetched from memory using the program counter and memory registers. | The control unit interprets the instruction and prepares required operands/control signals. | The instruction is carried out, such as arithmetic, memory access or a branch."
stage10-lesson-050-device-bits.jpg,Source transcript verified,2ddf94756e8d3e69ca885660962feb99bc6c30f4f8e9615cf188a85aeca80f4c,,Monitor and control a device register | AND a status byte with a one-bit mask to test a named device flag. | OR a control byte with a one-bit mask to set the selected output flag. | AND with an inverted mask clears a flag; XOR with a one-bit mask toggles it. | A control panel changes one labelled switch without disturbing the others. | The processor applies the rule; a sensor supplies input and an actuator performs output.
stage10-lesson-050-hazards.jpg,Source transcript verified,7975e81a81dffb173a4549c1af3dab58d31b10476af4e1e8757c85dad8fabb56,,"Pipeline hazards: why faster is not always simpler | Consequence | Data hazard | An instruction needs a result that a previous instruction has not produced yet. | The pipeline may stall until the needed value is available. | Control hazard | A branch or jump changes which instruction should be fetched next. | Incorrectly fetched instructions may need to be discarded or the pipeline may wait. | Resource hazard | Two stages need the same hardware resource in the same cycle. | One stage may wait, reducing the ideal performance gain."
stage10-lesson-050-masks.jpg,Source transcript verified,84f9ddf4b6077a6072103b4d84d6a93639313508eda335420355d70ae9055a29,,"Bit masks target selected positions | AND with a 1 preserves or tests a bit, while AND with a 0 clears it. | OR with a 1 sets a bit without clearing unrelated positions. | XOR with a 1 toggles a bit while XOR with a 0 preserves it. | A stencil exposes only the positions that one operation may affect. | Apply the operation independently to corresponding bit positions."
stage10-lesson-050-shifts.jpg,Source transcript verified,e8849cd3f1b5e94e0c7f0b9cb6e69707b4f33b592ff4e42b006cd1fd3588845d,,"Binary shifts: logical, arithmetic, cyclic | Every shown input and stored result contains exactly eight bits. | Logical shifts insert zero; logical left 10110011 becomes 01100110 and logical right becomes 01011001. | Arithmetic left 10110011 becomes 01100110; arithmetic right copies sign bit 1 and becomes 11011001. | Cyclic left rotates the outgoing bit to give 01100111; cyclic right gives 11011001. | Unsigned logical-left overflow and signed arithmetic-left overflow both occur here; rotations do not use an overflow label. | Three conveyor rules move the same row but handle the end position differently. | State the fixed width, direction and shift type before calculating."
stage10-lesson-050-stalls.jpg,Source transcript verified,917276c7645ac628a5c7b542755b08aa4956932102fbd486d39a8a6a88727348,,"Stalls and flushes reduce the ideal gain | The pipeline pauses one or more stages because an instruction cannot safely continue yet. | Incorrect or unwanted instructions are removed from the pipeline, often after a branch decision. | Dependency | One instruction depends on the result or effect of an earlier instruction. | Ideal case | Pipeline is full, stages are balanced, no hazards occur and instructions complete regularly."
stage10-lesson-050-timing.jpg,Source transcript verified,4f0981ef3a1910887b3715ff1fa3e08a8bdff52ffb36130f8754e83722467bdb,,"Throughput improves, but latency still exists | A three-stage pipeline processes each instruction through fetch, decode and execute exactly once. | For four instructions, cycles 1 and 2 fill the pipeline. | In cycles 3 and 4, different instructions occupy fetch, decode and execute concurrently. | Cycle 5 completes instruction 3 and decodes instruction 4; cycle 6 executes instruction 4. | Pipelining improves throughput after fill but does not remove the latency of one instruction."
stage10-lesson-051-clinic.jpg,Source transcript verified,90077f24e34e9b89813faa5dcd8ea6c74035e3f91e74b5cd4f7f83d38d0b6a43,,"Turn vague into mark-worthy | Answer clinic | Weak answer: ""The CPU uses registers and buses to get instructions. It is faster because of cache and pipelining."" | Diagnosis: This names several topics but does not answer any one of them precisely. | Fix pattern: Topic → mechanism → exact role/sequence → consequence."
stage10-lesson-051-compare.jpg,Source transcript verified,bc578ca0ac0f7e739532a79e7533910aba07ac3ca6787f697cc51918ac9f515c,,"Common compare traps | MAR vs MDR | MAR holds an address. MDR holds the data or instruction being transferred. One points where; the other carries what. | Direct vs indirect | Direct uses the operand as the address of the value. Indirect uses the operand as the address of a pointer to the value. | Clock speed vs throughput | Clock speed is cycles per second. Throughput is completed work per unit time. They are related, not identical. | Interrupt vs polling | An interrupt lets a device signal the CPU. Polling means the CPU repeatedly checks the device/status flag."
stage10-lesson-051-map.jpg,Source transcript verified,5af19fcf87cb53dbe866c7a73801681a378301a9cd16fa5b3304c30108bf2133,,"Section 4 concept map | Fetch copies PC to MAR, reads memory into MDR, copies MDR to CIR and increments PC. | Decode begins after CIR holds the current instruction; the control unit interprets its opcode and operands. | The address in MAR does not flow into MDR; memory returns the addressed instruction or data into MDR."
stage10-lesson-051-retrieval.jpg,Source transcript verified,3bd8192c86b8256955c779bb8f9eeaf6bad9e324a525c309974e80cd02344d6c,,"Retrieval grid: say the role, not just the name | PC holds the address of the next instruction; MAR holds the memory address being accessed. | The address bus carries addresses between the processor and memory. | MDR holds data or instructions transferred through the data bus. | CIR holds the current instruction while it is decoded and executed. | The control bus carries control and timing signals such as read, write and interrupt."
stage10-lesson-051-timed.jpg,Source transcript verified,0f742730fe698a1992953c4f2df935c39e169c6cfa3fd2098e4662bb0020e74d,,"8-minute mixed Section 4 response | Timed task | Choose one question, write the answer, then compare with the expandable MS in the exam section. | Question A Trace the fetch stage and name the role of PC, MAR and MDR. | Question B Explain why an interrupt service routine must save and restore processor state. | Question C Discuss why pipelining may improve CPU performance but not always reach ideal speed-up."
stage10-lesson-052-categories.jpg,Source transcript verified,397e85326e7c29d4ae2abab8376e43ce18a64f6ab2c0d6f2ae8066f3377772d5,,"System software versus application software | System software | Runs, manages or maintains the computer system. It provides services that applications depend on. | Operating system | Utility software | Language translators | Application software | Helps the user perform a specific task, such as writing a document, editing a video or browsing the web. | Word processor | Spreadsheet | Web browser"
stage10-lesson-052-concept.jpg,Source transcript verified,034a521fefc1a4e88fc3d39d72abb423a365de9a9f6fb606b200d0e3c050e2bb,,"System software supports the running and maintenance of the computer | System software | Software that manages hardware, supports applications and helps maintain the computer system. | Operating system | System software that manages resources and provides an interface and services for users and applications. | Utility software | System software that performs maintenance, protection or optimisation tasks. | Translator | System software that converts source code into code that can be executed or further processed."
stage10-lesson-052-os.jpg,Source transcript verified,66fe675d12c4086d394ccde443c3b0e146ed3738172e5ab0d73a38fba2a78389,,"Operating system: the main coordinator | User interface Provides a way for users to interact with the computer, such as GUI or command line. | Resource management Allocates and controls hardware resources such as processor time, memory and devices. | File services Provides file organisation, storage access and permission support. | Application services Provides services and APIs that application software can use. | Boundary | Detailed process, memory, file and device management are developed in Lesson 053. Here the OS is introduced as the main system coordinator."
stage10-lesson-052-pathway.jpg,Source transcript verified,2267a5486fed17f4644fe0f6735bab422082b10badbc99f2c6786b97fb998e07,,"Translation pathway | High-level source code Human-readable instructions such as Python, Java or pseudocode-like code. | Translator Compiler/interpreter converts or executes the source language. | Object / executable / machine code Low-level code that the processor can execute directly or as part of a build process. | Error feedback Syntax and translation errors must be reported so the programmer can correct them."
stage10-lesson-052-translators.jpg,Source transcript verified,f8807198c9aa8d3553a92d3ad769953421e9265dd0b69d0831467f7376d53660,,"Language translators: source code to executable behaviour | Compiler | Translates the whole source program before execution, often producing object or executable code. | Interpreter | Translates and executes source code statement by statement, often useful during development and debugging. | Assembler | Translates assembly language mnemonics into machine code for a specific processor. | Common error | An interpreter is not a ""bad compiler"". It is a different translation approach with different trade-offs."
stage10-lesson-052-utility.jpg,Source transcript verified,664ae23506ddec2c11187d6d627b331f64f8e50a0c14230d71f500f0df576458,,"Utility software: maintenance and protection tools | Exam-safe wording | Antivirus | Detects, quarantines or removes malware. | Protects the system from malicious software. | Creates copies of files/data. | Allows recovery after data loss, corruption or hardware failure. | Compression | Reduces file size. | Saves storage space or reduces transmission time. | Disk/file tools | Manage storage, clean temporary files or check disks. | Maintains storage organisation and may improve usability."
stage10-lesson-053-concept.jpg,Source transcript verified,112c6f5e224e8bc35df7324968f87270ccabe6b6ef8eeafa73e86855203723ff,,Why applications need an operating system | Applications request services instead of controlling hardware directly. | The operating system checks and schedules those requests. | Drivers translate approved requests for particular devices. | A control centre coordinates many users of limited shared infrastructure. | The OS manages access; it cannot make finite hardware unlimited.
stage10-lesson-053-device.jpg,Source transcript verified,4aff87d335680a9a326144422091f6a23640a556f9ebe324987c6d02e9887959,,"Why drivers, buffers and queues work together | A driver converts a general request into device-specific commands. | A buffer absorbs the speed difference between producer and device. | A queue preserves an orderly sequence of pending requests. | A loading bay stages deliveries before a slower vehicle can collect them. | Buffering smooths bursts but cannot remove a permanently overloaded device."
stage10-lesson-053-file.jpg,Source transcript verified,a542bfb73de0ad65c6b5fdf282d34fd1bc13d27ca35742e7626815900d31beaf,,"Why files need metadata and access rules | A name and path let software locate stored content. | Metadata records size, timestamps, type and storage information. | Permissions determine which users may read or change it. | A catalogue locates an archive item while rules control who may handle it. | A filename alone neither protects data nor proves its contents."
stage10-lesson-053-memory.jpg,Source transcript verified,e0ee80d3c0a891b22a80b78b505b59ad88f0df50fe41c8d00b9f01dad6e1baef,,Why memory needs allocation and protection | Each process receives addresses for its code and data. | Protection blocks one process from overwriting another's region. | Released memory can be reassigned safely to later work. | Separate laboratory benches prevent experiments contaminating each other. | Isolation must still allow controlled sharing through OS services.
stage10-lesson-053-process.jpg,Source transcript verified,2d4ea5134a5f02c92c44aa39f19feba58f374acb34e16854dc503d86f083e3be,,How time-slicing creates apparent simultaneity | A running process receives a short interval of CPU time. | Its state is saved before another ready process runs. | Rapid switching keeps several programs responsive. | One service desk handles many queues by switching between short tasks. | Switching has overhead; too much switching reduces useful work.
stage10-lesson-053-services.jpg,Source transcript verified,05bae5160051d475f43de70b4fe7824eb92a44d2f3db6e3ef9a88bcfb9672b4a,,"How OS services form one control layer | Process, memory, file and device managers track different resources. | Common permissions and scheduling rules coordinate their decisions. | Applications receive a stable service interface above changing hardware. | Departments share one operating policy instead of issuing conflicting instructions. | Weak coordination between services can still create deadlock or starvation."
stage10-lesson-054-cli.jpg,Source transcript verified,ff9241d90d036c891ec6701f34ea6d160cbc2c0dd59c1ee5764079ebb18053f5,,"Command line interface: precise text commands | How it works The user types commands and parameters at a prompt. | Advantages Fast for experts, supports automation/scripts, can use fewer system resources. | Limitations Users must know exact commands; errors can occur from mistyped syntax. | Good fit System administration, batch operations, remote servers and repeatable tasks."
stage10-lesson-054-compare.jpg,Source transcript verified,37b26db15031082e70d52252d4f6445ccf40fb248b7d27cb4b7094e7574ce7f3,,Compare interface suitability by scenario | Scenario | Likely suitable interface | Expert admin repeats a file operation | Commands/scripts are efficient for repeatable precise tasks. | Novice edits photos | Visual feedback and direct manipulation support the task. | Customer buys a train ticket | Menu-driven | Fixed choices guide the user and reduce input errors. | Driver asks for directions hands-free | Natural language | Speech input can be used without touching the device.
stage10-lesson-054-concept.jpg,Source transcript verified,008a0d008e0beecbfa0b69c3bcb5f24da5a36884ca0ff1285ef514c25202683f,,"A user interface allows interaction with a computer system | User interface The method by which a user communicates with a computer system. | Usability How easy and effective an interface is for a specific user and task. | Accessibility How well an interface can be used by people with different needs or abilities. | Context The environment, user skill level and task determine suitability."
stage10-lesson-054-gui.jpg,Source transcript verified,d2eb2d31b5abd9c748dd7bd0dfe0514b61214647b9b0aa4818c1b9f7576a6794,,"Graphical user interface: visual objects and pointer actions | How it works Uses windows, icons, menus and a pointer/touch input. | Advantages Intuitive for many users, easy to learn, supports visual feedback and direct manipulation. | Limitations Can use more memory/processing power; repetitive actions may be slower than commands. | Good fit General desktop use, creative work, browsing files and visual tasks."
stage10-lesson-054-menu.jpg,Source transcript verified,7564c30f8aedea7370e93f02207f6f26d6024f828641fa0ff72766841112f4aa,,"Menu-driven interface: choose from fixed options | How it works The user selects from displayed options, often step by step. | Advantages Reduces memorisation, restricts invalid choices, useful for simple repeated tasks. | Limitations Can be slow for expert users; limited to available options; nested menus can frustrate users. | Good fit ATMs, ticket machines, phone menus and kiosks."
stage10-lesson-054-natural.jpg,Source transcript verified,0ee81582f8677149f27386a54119bc8313f0c36fca3fb0959bdc0fe35f3f66f7,,"Natural language interface: ordinary language input | How it works The user speaks or types instructions in ordinary human language. | Advantages Can be accessible, hands-free and intuitive for simple requests. | Limitations May misinterpret ambiguous wording, accents, noise or context. | Good fit Voice assistants, search queries, smart speakers and accessibility support."
stage10-lesson-055-antivirus.jpg,Source transcript verified,1a955778b096abedbb83c230c56409f25105948183a215e6945a2dcd7081c2da,,"Antivirus utilities detect, quarantine and remove malware | Purpose Scan files, memory or downloads for malware signatures or suspicious behaviour. | Actions Warn the user, quarantine infected files, delete malware or block malicious activity. | Updates Definitions and detection rules should be updated to recognise newer threats. | Limitation Antivirus reduces risk but cannot guarantee protection against every new or disguised threat."
stage10-lesson-055-backup.jpg,Source transcript verified,6abb7cbe7ec14f7d52d414cd8ab55264ce32ce9c83586122092447929ba46a48,,"Backup utilities create copies so data can be restored | Purpose Create copies of files or systems in another location or storage medium. | Benefit Data can be restored after accidental deletion, hardware failure, corruption or ransomware. | Good practice Use automatic scheduling, versioning and off-site/cloud copies where appropriate. | Limitation A backup is only useful if it is recent, complete and can actually be restored."
stage10-lesson-055-compare.jpg,Source transcript verified,e1dd8242a81bb2c414710f8e74c4a337ba7c09f222f52d69ad1c78e07d7cc34e,,"Choose the required utility by its operation | A disk formatter prepares a storage medium with file-system structures. | A virus checker scans for, quarantines and removes malware. | A disk defragmenter rearranges fragmented file blocks on a magnetic disk. | A disk contents analysis/repair utility examines file-system structures and attempts defined repairs. | Compression reduces file size; backup creates a separate recoverable copy."
stage10-lesson-055-compression.jpg,Source transcript verified,1f8c4a5048763649c31a24e0c8bc54da619b81a30ee0bbe47e0fc85bdfa0812b,,"Compression utilities reduce file size | Purpose Encode data so it takes up fewer bits than the original file. | Uses Save storage space, reduce upload/download time and fit within attachment limits. | Lossless Original data can be reconstructed exactly, suitable for text, programs and archives. | Lossy Some detail is discarded, often suitable for media where small quality loss is acceptable."
stage10-lesson-055-concept.jpg,Source transcript verified,32036e9564d2073e33c1742d5a0f32cd164d032b1236c92837fd42c48c35abd3,,"Utility software performs maintenance and support tasks | System software Software that supports the operation and management of the computer system. | Utility software System software designed for a specific maintenance, protection or management task. | Not application software It supports the system rather than directly producing user documents, games or media. | Scenario link The correct utility depends on whether the problem is loss, size, confidentiality, fragmentation or malware."
stage10-lesson-055-defrag.jpg,Source transcript verified,56daa3596f4f587eae68fe022377aca1ccc1e4dd5f5043206fdb8c3838fe2b24,,Defragmentation rearranges fragmented files on magnetic disks | Fragmentation Parts of a file are stored in non-contiguous blocks across a disk. | Purpose Rearrange file blocks so related parts are stored closer together. | Benefit Can reduce mechanical disk head movement and improve hard disk access time. | Boundary Do not apply the same benefit to SSDs; they have no moving disk head.
stage10-lesson-055-encryption.jpg,Source transcript verified,578220675c0933f90a2f585dceb7c96ec179ef7ea7ac96e86d3413406644ecda,,"Encryption utilities protect confidentiality | Purpose Scramble plaintext into ciphertext using an algorithm and a key. | Benefit Unauthorised users cannot read the data without the correct key. | Examples Encrypting a laptop drive, a backup archive or files sent over a network. | Limitation Encryption does not stop deletion or malware; losing the key can make data unrecoverable."
stage10-lesson-056-assembler.jpg,Source transcript verified,62d301b4a8b6a32fa28f2a9e38db2c8003bf47ecbe8033457c8aa31bf7797964,,An assembler translates assembly language into machine code | An assembler translates assembly-language mnemonics into machine code or an object-code module. | Machine code uses the instruction set and binary encodings of the target processor. | An object module may still need a linker to combine modules and resolve external library references before an executable can be produced. | An assembler does not translate high-level languages such as Java or Cambridge pseudocode.
stage10-lesson-056-compare.jpg,Source transcript verified,172a0fa023ec322e897fba0b9732552a0c84a88b1442548539f7114a0137ffdf,,"Comparison: same goal, different route | A compiler translates a whole high-level program before execution and produces target or object code; a linked executable can run repeatedly without the source. | An interpreter translates and executes high-level statements during execution and normally produces no separate permanent object-code file. | An assembler translates assembly-language mnemonics into target machine code or an object module for a specific processor instruction set. | If an assembler or compiler produces object modules, a linker may still be required before there is an executable program. | Choose the translator from the input language and the development or deployment need; do not claim that every assembler output is immediately executable."
stage10-lesson-056-compiler.jpg,Source transcript verified,437b1c47092598133555dd2274493c11862113b76756a9fbfb8e18e94e2b7cf9,,"A compiler translates the whole high-level program before execution | Input High-level language source code. | Output Object code or executable code after translation. | Advantages Executable can run without source code; repeated execution may be faster after compilation. | Limitations Errors are often reported after compilation, so debugging may involve checking a list of errors."
stage10-lesson-056-concept.jpg,Source transcript verified,99ed49e1c1844f8ca4652fb08da835496efedeac886fcecfb2b5a107795861bb,,Translator software converts program code into another form | A compiler translates high-level source into target machine or object code. | An assembler translates assembly mnemonics into target machine or object code. | A linker combines object modules and resolves references to form an executable. | A loader places executable code and data into memory; it is not a generic object-to-machine translation stage.
stage10-lesson-056-interpreter.jpg,Source transcript verified,c9be4e0318d9c828f3bcd621584cf181d7527d27445c8dd0138c6de950742c50,,An interpreter translates and executes statements as the program runs | Input High-level language source code. | Output No separate permanent object code is normally produced. | Advantages Useful during development because errors can be found statement by statement. | Limitations Program may run more slowly because translation happens during execution; source code is needed.
stage10-lesson-057-generation.jpg,Source transcript verified,eec2b94d0f803516e5a8afb50a874b08eaf5144b763d9fa25f75fa9149f7b95e,,"Code generation produces object code | Input Checked intermediate representation or syntax tree. | Action Generates target low-level instructions for the processor or virtual machine. | Output Object code, often not yet a complete final executable. | Boundary Linking external modules and loading into memory belong to the next lesson."
stage10-lesson-057-lexical.jpg,Source transcript verified,dafd29f058477e1bbf8c7aa954a38df1ac2a34e0552411df70ae08a9254dbace,,"Lexical analysis converts character streams into tokens | Lexical analysis converts source characters into tokens. | Keywords, identifiers, literals and operators are distinct token categories. | Semicolons, parentheses and braces are delimiters or punctuation, not all operators."
stage10-lesson-057-optimisation.jpg,Source transcript verified,d32de89526c9e9e202e53f3e1606aecb98f9b89c64ae2ce51a2d5bd838986fbc,,"Optimisation improves code without changing what it does | Purpose Improve efficiency, such as speed or memory use. | Examples Remove unreachable code or avoid repeated calculations. | Rule The program's intended behaviour should remain the same. | Common error Optimisation does not mean fixing all logic errors in the programmer's algorithm."
stage10-lesson-057-pipeline.jpg,Source transcript verified,4fd3f23fe219636c8cc31a39ff69273f5fbaa5493705b15e0150b8d6e761d117,,"The compilation pipeline transforms source code into object code | Source code The high-level program written by the programmer. | Tokens Meaningful units such as identifiers, keywords, operators and literals. | Checks The compiler checks structure and meaning before generating code. | Object code Translated low-level code output by the compiler before linking/loading details."
stage10-lesson-057-semantic.jpg,Source transcript verified,2b1f29060ca2a4a60f2cb4192746cff44677897df700b3e6c09166d092a1361b,,"Semantic analysis checks meaning and context | Meaning Code can be grammatically correct but still not make valid sense. | Checks Type compatibility, variable declarations, scope and valid operations. | Symbol table Stores information about identifiers such as names, types and locations. | Errors Examples include using an undeclared variable or adding incompatible types."
stage10-lesson-057-syntax.jpg,Source transcript verified,a2fce20626662b1619daa6197e2849ff0926be38263ece04fca97cde72c03163,,"Syntax analysis checks grammar and program structure | Input Tokens produced by lexical analysis. | Action Checks whether tokens follow the grammar rules of the language. | Output May build a parse tree or syntax tree to represent structure. | Errors Can detect missing brackets, invalid statement order or malformed expressions."
stage10-lesson-058-compare.jpg,Source transcript verified,0d75f230eed0e924eca5a7ee49eb311bd63dc223f39f805930f40688cbf2a084,,Compare the roles without blending them | Main role | Typical input | Typical output/result | Stores reusable routines/modules. | Calls from a program. | Routine code can be linked or used at run time. | Combines object modules and resolves external references. | Object files and library references. | Executable/linked object code. | Places executable program into main memory. | Executable file/program image. | Program ready for execution in memory.
stage10-lesson-058-concept.jpg,Source transcript verified,5bc2ca4b500928c673129746d88a841e684439ccc34ba5bcb4850bd2c4d8784d,,"The post-compilation pathway connects code and prepares execution | Object code Translated output from compilation or assembly, not always a complete executable. | External reference A call to code or data defined in another module or library. | Executable file A program file with required code linked and arranged for execution. | In memory Code and data must be placed into main memory before the CPU can execute it."
stage10-lesson-058-libraries.jpg,Source transcript verified,c1af1a40a0a088f8669972c71a23ac410a826a3fad91a75818a49eafe783d980,,"Libraries provide reusable routines and modules | Purpose Provide pre-written, tested routines that programs can use. | Examples Mathematical functions, input/output routines, graphics or string-handling routines. | Benefits Saves development time, reduces duplication and may improve reliability. | Requirement Calls to library routines must be linked or made available at run time."
stage10-lesson-058-linkers.jpg,Source transcript verified,0e60e2b17c0b99c0b4ea33c421328ebd27c7234931c273664981e6b3dfe3d712,,Linkers combine object modules and resolve references | Input Object code modules and required library routines or references. | Action Resolves external references between modules and libraries. | Output Produces executable code or a linked object file. | Error Can report unresolved external references if a required routine cannot be found.
stage10-lesson-058-loaders.jpg,Source transcript verified,a89fa45d7286e5e0f703ba9e6e37462bc4813f7244d9a23337e9803fb0b0f5c6,,Loaders place executable code into memory | Input An executable program or loadable program image. | Action Loads code and data into main memory and prepares it to run. | Addresses May allocate memory and adjust addresses depending on where the program is loaded. | Boundary A loader does not translate source code or combine object modules.
stage10-lesson-058-static-dynamic.jpg,Source transcript verified,0695caf620188a548fcfbbcf491d595d586e6024a9b5868b32f0b5af6fd78447,,"Static and dynamic linking affect when library code is connected | Static linking Library code is copied into the executable at link time. | Static trade-off Executable can be more self-contained but may be larger. | Dynamic linking Library code is linked at load time or run time from a shared library. | Dynamic trade-off Can reduce duplication, but the required shared library must be available and compatible."
stage10-lesson-059-compare.jpg,Source transcript verified,c8b3058c3df4c43491d4291709bcfe9ef97af22538b3d4522b17ec1863f0637b,,Compare error types by evidence | Error type | When noticed | Evidence | Translation/parsing time | Invalid grammar or structure. | Missing bracket or malformed IF statement. | Testing/output checking | Program runs but result is incorrect. | Average calculated with wrong divisor. | While executing | Program fails due to operation or resource problem. | Division by zero or file not found.
stage10-lesson-059-concept.jpg,Source transcript verified,a6c43e1a67eb83fd8ea6626f7fe409e320d4791537f0e49c88ae9d7546983b10,,Error classification depends on when and how the fault appears | Before execution Syntax and translation errors may stop a program from being translated or run. | During execution Runtime errors occur while the program is running. | After execution Logic errors may allow completion but produce an incorrect result. | Diagnostics Error messages and locations help the programmer identify and correct faults.
stage10-lesson-059-diagnostics.jpg,Source transcript verified,79c91c6b2abe525fab58ea662c85df1f88995687a3ea1eb86aec8c84b3c2cf92,,"Translation diagnostics help locate and correct errors | Compiler May report a list of errors after attempting translation. | Interpreter May stop at or near the statement being translated/executed. | Useful details Error type, line number, token, expected symbol or explanation of the fault. | Limitation The reported line may be near the cause, not always the exact cause."
stage10-lesson-059-logic.jpg,Source transcript verified,5af180b94c1e6a429b1ff40d50334764ebb2ebb2a66c05f4f4be56dd0388fc39,,"Logic errors make the program do the wrong thing | Meaning The code is syntactically valid and may run, but the algorithm or condition is wrong. | Examples Using < instead of <= , wrong formula, wrong loop condition or off-by-one error. | Detection Usually found by testing, tracing or comparing actual output with expected output. | Common error A translator may not detect it because the instructions are legal."
stage10-lesson-059-runtime.jpg,Source transcript verified,625ee5eaf75ec66139e858ecb95b9f269f06bb40258bc1f18cf3cacdfbb108bf,,"Runtime errors occur while the program is executing | Meaning The program starts running but fails because of an event or invalid operation during execution. | Examples Division by zero, file not found, array index out of range or insufficient memory. | Result The program may crash, halt, raise an exception or display an error message. | Handling Robust programs may use validation and exception handling to reduce runtime failure."
stage10-lesson-059-syntax.jpg,Source transcript verified,f1b4a47875a05c5396e625aee912d1cf337b2267cadb1a769740d51ddffcc4a3,,"Syntax errors break the grammar rules of the language | Meaning The code structure does not follow the language grammar. | Examples Missing brackets, missing keywords, invalid statement structure or misplaced punctuation. | Detection Detected by translator syntax analysis or parser before successful translation/execution. | Diagnostic Usually reports a line number or location near the invalid syntax."
stage10-lesson-060-decision.jpg,Source transcript verified,d4b6be7dde5bd1847b679b96f1cd0bf89fae898ae014f2350aff914060a4b2a4,,"A good translator choice starts with four questions | What code? High-level source code, assembly language, object modules or executable code? | What stage? Development, testing, deployment, linking or running? | What output? Immediate execution, object code, executable code or program loaded in memory? | What feedback? Line-by-line diagnostics, a compiler error list, linker errors or runtime messages?"
stage10-lesson-060-deployment.jpg,Source transcript verified,66a02cade8ecae0f0fc81156e39e59fe112967f34de53bfbbb6ed22bd8def866,,"For deployment, a compiler often produces a distributable executable | Useful when A finished program will be distributed to users or run many times. | Mechanism Translates the whole high-level program before execution. | Benefit Executable/object code can run without giving users the source code. | Trade-off Compilation must complete before running; errors may be reported as a list."
stage10-lesson-060-development.jpg,Source transcript verified,15e97345e270ddb4686f48d639225cc1ca79ce54be543e7f859b78026e86fdda,,"During development, an interpreter can support rapid testing | Useful when The programmer wants immediate feedback while writing and testing code. | Mechanism Translates and executes statements as the program runs. | Benefit Can stop at or near the statement with an error, helping debugging. | Trade-off Execution may be slower and source code/interpreter may be needed."
stage10-lesson-060-diagnostics.jpg,Source transcript verified,64f919fbc1b6cb5f673a57aae8f3d5d206dd9c752359add3ed7606a2528d0445,,"Error feedback affects the best choice during development | Compiler May provide a list of syntax/translation errors after trying to compile. | Interpreter May stop at the current statement, useful for step-by-step testing. | Linker May report unresolved external references after object code exists. | Testing Logic errors may still need test data and tracing regardless of translator."
stage10-lesson-060-lowlevel.jpg,Source transcript verified,ac43bae921fc9b8ff4c67626c6fe228fdea68f2ff2eecf7c92531c9e2e8a79bd,,"For assembly language, use an assembler | Input Assembly language mnemonics for a specific processor. | Output Machine code/object code. | Use case Low-level code close to hardware or processor instructions. | Boundary Assembler is not the correct tool for Java, Python or Cambridge pseudocode."
stage10-lesson-060-pipeline.jpg,Source transcript verified,91b8b2d3c5d1c8994fdea31f28dc408ea21ce777e5a5d82196b56572fd639b2e,,"After translation, linking and loading may still be needed | A compiler translates a whole high-level program before execution. | An interpreter translates and executes high-level source statement by statement during execution. | An interpreter normally does not create a separate permanent executable file. | An assembler translates assembly mnemonics into machine or object code. | A linker combines object modules and resolves references; a loader places executable code and data into memory."
stage10-lesson-061-compare.jpg,Source transcript verified,429b069dd90d341a5747f97b4fa0fbcd84e09ccf94082c3515d964138f90af93,,"Similar terms that the exam likes to separate | High-value comparisons | Difference that earns marks | Common wrong answer | OS vs utility | OS manages resources; a utility performs a specific maintenance/protection task. | ""Both are apps."" | Compiler vs interpreter | Compiler translates whole program before execution; interpreter translates/executes statement by statement. | ""Interpreter is a bad compiler."" | Syntax vs semantic | Syntax checks grammar; semantic checks meaning such as type, scope and declarations. | ""Both mean spelling mistakes."""
stage10-lesson-061-precision.jpg,Source transcript verified,cea28447ab40e1c19c412aaeed4514009d0dc9c2bc68ee714815ca81e83f1d22,,"Turn a weak answer into marks | Precision rules | Weak ""A compiler changes code so it can run."" Too vague: no input, output or timing. | Better ""A compiler translates the whole high-level source program into object/executable code before execution."" Names input, output and timing. | Weak ""Encryption makes data safe."" Too broad: safe from what? | Better ""Encryption converts plaintext into ciphertext using a key so unauthorised users cannot read it."" Names mechanism and security goal."
stage10-lesson-061-retrieval.jpg,Source transcript verified,f8c5e77e1e1429f8daa45eec487eebaa29ebb97d63f0484abd629db3fcac3ff5,,"Section 5 in one screen | A compiler translates a whole high-level program into object code before execution. | An assembler translates assembly language into machine or object code. | A linker combines object modules and libraries, and a loader places an executable into memory. | An interpreter translates and executes source during runtime without producing a permanent object file for the linker path."
stage10-lesson-062-authenticity.jpg,Source transcript verified,c638b0cb3c36180dc69bd7a894c4cac97ee986a8857aeb2a0ed2aca8eb535678,,"Authenticity checks that identity or data origin is genuine | Goal Users, devices, messages or files should be verified as genuine. | Risk An attacker pretends to be a valid user, sender or website. | Controls Authentication, digital certificates, digital signatures and multi-factor authentication can support authenticity. | Exam wording Say what identity or source is being verified, not just ""make it secure""."
stage10-lesson-062-availability.jpg,Source transcript verified,bb1db009b1c60eda096ce119ca7bb32dcb96948f08141a8dd9ac94aa1ea17287,,"Availability keeps systems and data accessible when needed | Goal Authorised users should be able to access data and services when required. | Risk Hardware failure, network failure or overload prevents legitimate use. | Controls Backups, redundancy, disaster recovery, UPS and monitoring can support availability. | Exam wording State what remains accessible or recoverable, and for whom."
stage10-lesson-062-confidentiality.jpg,Source transcript verified,8e608bc9cf62e2a5dcceb770dc9fe9d22c5a193c492fd4b1f33aec479696e847,,"Confidentiality protects data from unauthorised access | Goal Only authorised users should be able to view or access the data. | Risk Personal details, passwords or exam marks are viewed by unauthorised people. | Controls Access rights, authentication, encryption and least privilege can support confidentiality. | Exam wording Say who is prevented from reading what, and why they are unauthorised."
stage10-lesson-062-controls.jpg,Source transcript verified,4268a2e3959a9024a72c2777e33e82cac108bb14ae760e313bf93e2ad022f135,,"One control can support more than one goal, but not every goal | Encryption makes data unreadable without the correct key and supports confidentiality. | Access rights prevent unauthorised viewing and prevent unauthorised alteration; they support confidentiality and integrity but do not detect whether data changed. | Backups allow recovery after data loss or corruption and support availability. | Hash/checksum comparison can detect whether data changed and supports integrity, but it does not prevent unauthorised alteration."
stage10-lesson-062-integrity.jpg,Source transcript verified,d6ce9aff9ed644e3c4a5e0cf36a12f09879487af4dfc21f962d4f8ed3d7bc338,,"Integrity protects data from unauthorised or accidental alteration | Goal Data should remain accurate, complete and unaltered unless changed by an authorised process. | Risk Exam marks, bank balances or stock levels are changed incorrectly. | Validation and verification Validation checks stated rules; verification checks entered or transferred data against its source, not whether the source is true or complete. | Other controls Access rights, checksums, hashes and audit trails can prevent, detect or record some changes, but no control guarantees integrity. | Exam wording Explain exactly how the named control prevents, detects or records an incorrect change."
stage10-lesson-062-risk-chain.jpg,Source transcript verified,163f6e7a5a444722ca4dfd7eff52295d9e37c650e5269a593b4dfb6a35c41d91,,"Use the risk chain before naming a control | Asset Something valuable that needs protection, such as exam marks, passwords or customer records. | Threat A possible cause of harm, such as unauthorised access, data corruption or service failure. | Vulnerability A weakness that a threat could exploit, such as weak passwords or poor permissions. | Control A safeguard that reduces likelihood or impact, such as access rights, backups or authentication."
stage10-lesson-063-concept.jpg,Source transcript verified,623908042be85156fc1eca261b02279d3b5f545bb851798b613f86ee6762dbfd,,"Malware is malicious software; social engineering manipulates people | Malware Software created to disrupt, damage, steal data or gain unauthorised access. | Payload The harmful action, such as deleting files, encrypting data or stealing credentials. | Propagation How it spreads, such as infected files, networks, removable media or deceptive downloads. | Social engineering Manipulating a person into revealing information or performing an unsafe action."
stage10-lesson-063-controls.jpg,Source transcript verified,d9109384dd75be9f4f5a444485fe1254258c70954bf01ca8fbc5f18f4e73edc4,,"Match controls to mechanism, not just the word ""malware"" | Likely impact | Suitable controls | Virus/worm | Corrupts data, spreads, slows systems, uses resources. | Anti-malware, patching, scanning removable media, network monitoring. | Disguised malicious installation or backdoor. | Trusted sources, permissions review, user education, anti-malware. | Secret monitoring, credential/data theft. | Anti-spyware, least privilege, MFA, patching, download caution. | Ransomware | Loss of access to files/services. | Offline backups, patching, anti-malware, restricted write access."
stage10-lesson-063-ransomware.jpg,Source transcript verified,16c57b9e9231b576a5c5ec94940f9bb439776132ef527fdd5559f3e4a1415be1,,"Ransomware denies access by encrypting or locking data | Mechanism Encrypts files or locks systems, then demands payment for restoration. | Goal affected Mainly threatens availability; may also threaten confidentiality if data is stolen. | Control Offline backups, patching, anti-malware, restricted permissions and user training. | Common error Paying is not a reliable recovery strategy in an exam answer."
stage10-lesson-063-social.jpg,Source transcript verified,3fe4e4dbf98e4ba64d13751d5a774108cead5e84f5021665cd5d250fd4180c4b,,"Social engineering exploits people rather than code | Mechanism Uses trust, urgency, authority, curiosity or fear to influence a user. | Action User may reveal passwords, approve access, install software or transfer data. | Goal affected Often threatens confidentiality and authenticity through impersonation or credential theft. | Control User training, verification procedures, MFA, reporting routes and least privilege."
stage10-lesson-063-spyware.jpg,Source transcript verified,6eabba16d2eed046ceef8bc2cc8f653b5f58bacbc8ae767d18f58b5c76b2cb1f,,"Spyware secretly monitors activity or collects data | Mechanism Runs without clear user awareness and gathers information. | Examples Keylogger, screen monitoring or browser tracking used to capture credentials. | Goal affected Often threatens confidentiality and authenticity if credentials are stolen. | Control Anti-malware, least privilege, patching, browser controls and caution with downloads."
stage10-lesson-063-trojan.jpg,Source transcript verified,ad6610287248bea52bb923e5e62b361e46d80cf82294afefcff3a48d785398b0,,"Trojan: malicious code disguised as legitimate software | Mechanism Appears useful or harmless so a user installs or runs it. | Impact May create a backdoor, steal data, install other malware or change settings. | Control Download from trusted sources, check permissions, use anti-malware and user education. | Common error A Trojan does not need to self-replicate to be harmful."
stage10-lesson-063-virus.jpg,Source transcript verified,dc94b3607b27a65813dc0211e1a5e64481c65ad86c6a8d5e019534a09cc693a0,,"Virus and worm: both can spread, but not in the same way | Virus Attaches to a host file/program and often needs the host to be run or shared. | Worm Self-replicates, often across networks, without needing to attach to a host file. | Impact Can corrupt data, slow systems, consume bandwidth or install further malware. | Common error Do not say every self-spreading threat is a virus."
stage10-lesson-064-compare.jpg,Source transcript verified,13cb07d057be64bff4594cf705cbd8f8446087516d87bff8b09f87e92bb4f0c3,,"Compare by route and result | Route or mechanism | Direct result | Access controls are bypassed or abused. | Unauthorised access; data may then be viewed, copied, changed or deleted. | Phishing | A deceptive message, link or site persuades the user to reveal information. | Credentials or personal data are disclosed; later unauthorised access is possible but not guaranteed. | Pharming | Traffic is redirected to a fake site, possibly after the correct URL is entered. | The user may submit data to the fake site; later credential theft or misuse is possible but not guaranteed. | DoS/DDoS | A server or network is overwhelmed by requests or traffic."
stage10-lesson-064-controls.jpg,Source transcript verified,3693b8e080dc3863a264499c33e49db032bc3873436f40016c391b37ff6b0db9,,"Controls must fit the attack route | Against hacking Strong authentication, access rights, patching, audit logs and monitoring. | Against phishing User training, checking URLs/senders, email filtering, reporting routes and MFA. | Against pharming Secure DNS, certificate checks, HTTPS warnings, anti-malware and browser updates. | Against DoS Traffic filtering, rate limiting, firewalls, load balancing and DDoS mitigation services. | Do not overclaim. A control reduces risk; it rarely makes the attack impossible."
stage10-lesson-064-core.jpg,Source transcript verified,692285531500e1882b47320b63fefbd0b8750e1ed7a723139484b556d233d340,,"Start from mechanism, then discuss impact | Asset Data, account, system or service being protected. | Attack vector The route used by the attacker: access, deception, redirection or flooding. | Impact Loss of confidentiality, integrity, availability or authenticity. | Control A safeguard that reduces risk, detects attack or supports recovery."
stage10-lesson-064-dos.jpg,Source transcript verified,c226ed7ec4c596983fdcdaba9b2a0b4588375457ce0a4eaef0aa00a68d33bf0e,,"Denial-of-service: making a service unavailable | Mechanism Floods a server, network or service with traffic or requests so legitimate users cannot access it. | DDoS Distributed DoS uses many devices/sources, making filtering harder. | Impact Loss of availability, lost sales, disrupted lessons or inability to access online services. | Common error DoS does not primarily mean data is stolen; the main issue is service availability."
stage10-lesson-064-hacking.jpg,Source transcript verified,345d480eb5fc914a9b88d986c2f820da80130d804c4f377d30ef4b8b84079359,,"Hacking: gaining unauthorised access to a system or data | Mechanism Bypasses or abuses access controls to enter an account, device or system. | Examples Using stolen credentials, exploiting a vulnerability or accessing an account without permission. | Impact Data may be viewed, copied, changed or deleted; system settings may be altered. | Common error Do not use ""hacking"" as a label for every cyber attack. It specifically involves unauthorised access."
stage10-lesson-064-pharming.jpg,Source transcript verified,1b4a01de971e6db7a1dd544294d02948fef0490682a75e8542efb7421e589e37,,"Pharming: redirecting users to a fake website | Mechanism Redirects traffic from a legitimate website to a fake one, often by attacking name resolution. | User clue The user may type the correct URL but still arrive at a fraudulent page. | Impact Users may submit credentials or payment details to the attacker. | Common error Do not define pharming as just ""sending a fake email""; that is phishing."
stage10-lesson-064-phishing.jpg,Source transcript verified,02f78d46db70ab49d37f0078b76dec35e206135123e6ed6b40e1635aca8ef036,,"Phishing: tricking users into revealing information or visiting a fake page | Mechanism Uses deceptive emails, messages or websites that appear to come from a trusted source. | User action The user may enter credentials, personal data or payment details. | Clues Urgent language, suspicious sender, unexpected link, spelling issues or mismatched URL. | Impact Credential theft can lead to unauthorised access and impersonation."
stage10-lesson-065-biometrics.jpg,Source transcript verified,18bd3a04976569ffe6b6062f5d66deb78b1da5de6c04fffbd87676df7039aa9f,,"Biometrics: convenient identity evidence from physical or behavioural features | A biometric sensor captures a physical or behavioural feature and the system compares its template with a stored enrolled template. | A match authenticates the identity claim; authorisation is a separate process that decides what an authenticated user may access or do. | A false reject denies a valid enrolled user by mistake; a false accept authenticates an impostor by mistake. | Biometrics require sensors and stored templates and may create privacy, false-accept and false-reject risks."
stage10-lesson-065-compare.jpg,Source transcript verified,fff3d381a7a6879068c12844f41defd630d944bb1ca7b2af3e83965b61d41178,,"Compare methods by evidence, risk and context | Evidence | Strengths and limitations | Password/PIN | Something the user knows. | Low cost and familiar; can be guessed, reused, shared, phished or forgotten. | Biometric | Something the user is. | Convenient and hard to forget; needs sensors and may have false accepts/rejects or privacy concerns. | Something the user has. | Useful second factor; can be lost, stolen, damaged or unavailable. | Two or more different factor categories. | Reduces account takeover risk; increases setup, support and recovery complexity."
stage10-lesson-065-core.jpg,Source transcript verified,28b32585df2a1961022c0fda0b8eb8bbd151b6a5be56a74fc41fc48770818d11,,"Authentication is identity checking | Authentication Verifies that a user, device or process is who it claims to be. | Claim The identity presented, such as a username, account or device ID. | Credential Evidence used to prove the claim, such as a password, biometric or token. | Authorisation Decides what an authenticated user is allowed to access or change."
stage10-lesson-065-factors.jpg,Source transcript verified,1b6ee8828c88e45bb454b6776c0ab68610d6c888528f456b3c4435ed1bb5b4cd,,"Authentication factors: know, have, are | Something you know Password, passphrase or PIN. Risk: guessed, reused, shared or phished. | Something you have Security token, smart card or one-time code device. Risk: lost, stolen or unavailable. | Something you are Biometric characteristic such as fingerprint, face, iris or voice. Risk: false acceptance or privacy concerns. | Factor type Two checks only become MFA when they come from different factor categories."
stage10-lesson-065-mfa.jpg,Source transcript verified,7b4b937b4ba9096c487a3559517a055d7bc59e3ba8c62b4442590ad4d9af8849,,"MFA combines different factor types | Definition Multi-factor authentication requires evidence from two or more different factor categories. | Example Password plus phone app code: something you know plus something you have. | Benefit If a password is stolen, the attacker still needs the second factor. | Cost More setup, recovery problems and user friction if a device is unavailable."
stage10-lesson-065-password-tool.jpg,Source transcript verified,ceb5cf554055ce98e9ba135b25e3135085925bfc0d63f271527e3af5c22f6bae,,"Estimate password quality without collecting real passwords | Interactive password check | Use a practice string only. Never type a real password into lesson tools, screenshots or chat. | Practice password"
stage10-lesson-065-passwords.jpg,Source transcript verified,5b6944247bec8b7657d618cd5f5a837014620e82dbb686ad53d3cd28acdf6e0c,,"Passwords: cheap, familiar and often ruined by humans | Strength Longer passwords or passphrases with less predictable structure are harder to guess. | Weakness Users may reuse, share, write down or choose predictable passwords. | Storage Systems should not store plaintext passwords; hashes are commonly used for verification. | Control Password policy, lockout/rate limiting, user education and MFA reduce risk."
stage10-lesson-065-tokens.jpg,Source transcript verified,266b5157e7f492661df4818875848701c4ef28b9b80e763fc557011074edb7d4,,"Tokens: proof that the user has a specific device or object | Hardware token A physical device, card or key used during login. | Software token An app or service that generates a one-time code. | One-time code A code valid for a short time or single login attempt. | Limitation Tokens can be lost, stolen, damaged, out of battery or unavailable without a phone/network."
stage10-lesson-066-core.jpg,Source transcript verified,83fe9cc210bc509fda91c8d6a88c7f919e73cce5109988796eb30628eb5b3eb0,,"Access control decides what authenticated users may do | Access right A permission to perform an action on a resource, such as read or write. | Resource A file, database table, account, device, folder, application or network service. | Authorisation The decision to allow or deny an action after identity has been checked. | Policy The rule set that maps users, groups or roles to permitted actions."
stage10-lesson-066-least.jpg,Source transcript verified,8414360863b95ae908c0269d1560bc1ff4692cb3b9102de44efb67e730e776c3,,"Least privilege reduces unnecessary damage | Definition Give users only the minimum permissions needed to perform their role. | Confidentiality Users cannot view data that is not needed for their work. | Integrity Users cannot accidentally or deliberately change data outside their responsibility. | Availability Fewer users can delete files, disable services or change critical settings."
stage10-lesson-066-matrix.jpg,Source transcript verified,a8ec7b871088d9c0b7b0594683477519eab3a4b344af71d37448288b154f61df,,A permission matrix makes access decisions visible | Student records | Exam marks | System settings | Read own record | No access | Read class records | Write marks for own classes | Exam officer | Read relevant records | Read/write exam data | Administrator | Manage accounts
stage10-lesson-066-review.jpg,Source transcript verified,31856f7239348ac2adaaf5a6ed99561eccb2f59182675d6251a43604af3a75ea,,"Permissions need review, not just setup day optimism | Joiner New user receives permissions based on role, not copied blindly from a friend. | Mover User changes role; old permissions are removed and new ones are added. | Leaver Account is disabled or removed when the user leaves. | Review Regular checks remove excessive, stale or temporary permissions."
stage10-lesson-066-rights.jpg,Source transcript verified,b65bd7b542df18986dd25377f89ccd3e4453d573408c339e1ca7bb718d714639,,"Common permission types | Read View or open data without changing it. Protects confidentiality when restricted. | Write/modify Create or change data. Protects integrity when restricted. | Delete Remove data or accounts. Often high risk because loss may affect availability. | Execute/admin Run programs, install software or manage settings. Usually limited to trusted roles."
stage10-lesson-066-users.jpg,Source transcript verified,6c0d5424a921bd81bd672cd0439cda86c3161975d6c09f4ba64a86a165f0d017,,"Users, groups and roles keep permissions manageable | User account Individual identity, useful for accountability and audit trails. | Group A collection of accounts that share permissions, such as ""Students"" or ""Finance"". | Role A job-based permission set, such as teacher, receptionist, technician or administrator. | Audit log Records access attempts or changes, helping detect misuse and investigate incidents."
stage10-lesson-067-certificates.jpg,Source transcript verified,bb63625a5b96d022c72800f92c965e10fdee52dca32278cfb7556ed5a750101b,,How a certificate supports trust | A certificate contains an identity and its public key. | A trusted authority digitally signs that binding. | Software verifies the signature before trusting the presented key. | An independent registrar verifies which key belongs to which identity. | A valid certificate does not guarantee that the website itself is honest.
stage10-lesson-067-compare.jpg,Source transcript verified,38eefeef6a6ca5d3ae194e9671278eacb1bab6ffd849f14e8f1fad8dd74b1b0a,,"How the required property chooses the method | First identify confidentiality, integrity, authentication or several needs. | Choose the mechanism whose operation creates that property. | Combine methods when the communication needs multiple properties. | Choose a lock, evidence seal or identity check according to the threat. | More mechanisms add management cost and do not repair poor key handling."
stage10-lesson-067-core.jpg,Source transcript verified,f1073a4e08ad4a816660f2cb0eca705c32d4de2697ccb5288603c5d7784b0ffc,,"Why security methods cannot substitute | Encryption hides readable content from unauthorised viewers. | Hashing creates a comparison value for integrity checks. | Certificates bind an identity to a public key through trust. | A sealed case, an evidence imprint and verified identity solve different problems. | Using one mechanism does not automatically provide the other properties."
stage10-lesson-067-encryption.jpg,Source transcript verified,5f15a2a27153d89f5b1c52080ea900b5ba5bb210c6ca06ea15ffad2598e83d23,,How encryption protects confidentiality | An algorithm combines plaintext with a key. | The output is ciphertext that lacks readable meaning without the key. | An authorised key reverses the transformation for the recipient. | A locked document case hides the contents while it travels. | Encryption alone does not prove who sent the message or that it is unchanged.
stage10-lesson-067-hashing.jpg,Source transcript verified,309c7141d9dbae58ee0cc913e6c527997cc21cbd91270d8bb96ec9919dc35201,,"Why a hash supports comparison | A hash function maps input data to a fixed-length digest. | A small input change should produce a substantially different digest. | Matching digests provide evidence that the checked data is unchanged. | Compare a tamper-evident imprint instead of storing the original object. | Hashing is one-way comparison, not encryption and later decryption."
stage10-lesson-067-https.jpg,Source transcript verified,4fce68fc29ce19ac7fa5c0b489dd2dc9f8cf0881b8126fadca2cc8a0c4a7267e,,"How HTTPS combines trust and privacy | The server presents its certificate and public-key information. | The browser verifies the trust chain and agreed connection details. | Both sides establish session keys for efficient encrypted transport. | Check the recipient's identity before sending a locked stream of parcels. | HTTPS protects the connection, not unsafe content downloaded through it."
stage10-lesson-067-keys.jpg,Source transcript verified,58c4fa5f76912faaae3c3fa2369552bf774f68f4006d6940901f0c00e87c56a2,,"Why key ownership changes capability | A symmetric key can both encrypt and decrypt shared data. | An asymmetric key pair separates public and private operations. | Protecting the private or shared secret preserves the security boundary. | A public deposit slot can be open while only the owner opens the safe. | If a secret key is copied, the algorithm cannot detect the impostor."
stage10-lesson-068-core.jpg,Source transcript verified,366f6ee39bbeed1576c591e90b4a752ede9cbeb4f7c773b007b387e285365429,,"Network controls sit between traffic and risk | Traffic Data packets or requests moving across a network. | Rule A condition that allows, blocks or logs traffic based on properties. | Log A record of events, traffic, blocked attempts or user activity. | Alert A warning generated when traffic or behaviour matches a suspicious pattern."
stage10-lesson-068-event-tool.jpg,Source transcript verified,0d4d45ec64260a5110529622977de191804de66aceba6af90a4a8532bbc4b08d,,Which control is most relevant? | Interactive event classifier
stage10-lesson-068-firewall.jpg,Source transcript verified,9713a9fb1921a3db6e3c5140a48be76808bf4657f43809987241955d010c8c3b,,"Firewalls filter traffic using rules | Purpose Control traffic entering or leaving a network/device. | Checks Can inspect source/destination IP address, port number, protocol or connection state. | Decision Allow, deny, reject or log traffic depending on rule match. | Placement Can protect a network boundary or run on an individual host."
stage10-lesson-068-limits.jpg,Source transcript verified,d0d44444ed3a92316a961e27f792b3e80110b540236b00bbe05deb4fc689c870,,"Controls reduce risk but have limits | Firewall limit Allowed traffic can still carry attacks, and rules may be misconfigured. | Proxy limit Encrypted traffic and unmanaged devices can reduce visibility if not configured properly. | Monitoring limit Alerts need review and response; too many false positives can be ignored. | Layering Use with authentication, permissions, patching, encryption and user training."
stage10-lesson-068-monitoring.jpg,Source transcript verified,5d959e3c964d268b1d9a553420ce53fa9335896bd12655eeeb94c70d9fc39f2b,,"Network monitoring watches for patterns and evidence | Traffic volume Unusual spikes may suggest DoS, malware activity or misconfiguration. | Connection attempts Repeated failed access attempts may suggest probing or brute force activity. | Alerts Monitoring systems can notify staff when thresholds or signatures are triggered. | Investigation Logs help reconstruct what happened, when, and from where."
stage10-lesson-068-proxy.jpg,Source transcript verified,63f0761a603f2225142dbbf8d74c91f48ba95f4405bdff48c03f9ecd324b57f4,,"A proxy acts as an intermediary | Forward requests Client sends request to proxy; proxy requests the resource from the destination. | Filtering Can block sites, content types, categories or requests that break policy. | Caching Can store copies of frequently requested resources to reduce bandwidth and latency. | Logging Can record user requests for audit, investigation or policy enforcement."
stage10-lesson-068-rules.jpg,Source transcript verified,c55aad3e5d12a0210e384ef21a38a921a772fb5733df7be1beeb4dc739d630da,,Firewall rules should be specific and ordered | Allow HTTPS from internal users to internet | Permit web traffic on port 443. | Needed for secure website access. | Block inbound unknown traffic | Deny unsolicited external connections. | Reduces unauthorised access attempts. | Allow admin only from management subnet | Restrict sensitive admin ports by source. | Limits attack surface and misuse. | Log repeated denied connections | Record unusual or repeated blocked attempts. | Supports monitoring and investigation.
stage10-lesson-069-checks.jpg,Source transcript verified,d7628c2c950d24f628cc767c9bdeea42f4ba15e9c46777e04edaf4de498e56c1,,"Common validation checks | The seven required validation methods are range, format, length, presence, existence, limit and check digit. | A range check applies both a lower and an upper bound; a limit check applies one stated upper or lower limit. | An existence check confirms that a value is present in a specified stored lookup or file. | A check digit is calculated from the other digits and compared to detect many entry or scanning errors. | Validation checks rules and reasonableness; it does not prove that data is true."
stage10-lesson-069-compare.jpg,Source transcript verified,b015b4d9a392bc6147e076a4c89867f1d090af7686575972574de5aa12ad1d3a,,"Validation and verification are partners, not synonyms | Question answered | Validation | Does this data obey the rule? | Reject mark 91 when maximum mark is 75. | Verification | Was this copied or entered correctly? | Compare typed name with the paper form. | Both together | Does it follow rules, and does it match the source? | Check date format, then compare with original application form."
stage10-lesson-069-core.jpg,Source transcript verified,25eceaaffa5bdab4ea378b414129bc6ede000c6520e08b3c08e47a3ed670c206,,"Validation and verification protect data quality in different ways | Validation Checks input data against rules before it is accepted. | Verification Checks that data has been copied, entered or transferred accurately. | Input error A mistake made while entering or transferring data. | Data integrity Data remains accurate, consistent and not accidentally corrupted."
stage10-lesson-069-limits.jpg,Source transcript verified,c5084e61452c104dcfe194298380a05222c788b140e612440ea08348d9ce240a,,"Neither method guarantees truth | Validation limit A valid value can still be wrong, such as a valid but incorrect postcode. | Verification limit Data can be copied accurately from a source that was already wrong. | Human factor Visual checks can be skipped or performed carelessly. | Security link Better input quality supports integrity but does not replace access control or backup."
stage10-lesson-069-validation.jpg,Source transcript verified,8b328eff9dcdabbfad4a904fb37cb0625f3b17ce2908c46088f292bc77b9ef40,,"Validation checks whether data obeys a rule | Before acceptance Invalid input can be rejected or a warning can be shown. | Rule-based The rule may test type, range, length, format, presence or check digit. | Benefit Reduces obvious errors and prevents unsuitable data entering the system. | Limit Valid data can still be factually wrong, such as an incorrect but possible date."
stage10-lesson-069-verification.jpg,Source transcript verified,5b6f3acd98fa6926d30719d6bda5f411979519e91a4fbf300e980bf9a6750d89,,"Verification checks accuracy against the source | During data entry, visual checking compares entered data with its source and double entry compares two independently entered values. | During transfer, a parity check on a byte tests the agreed odd or even parity; block parity applies parity across rows and columns of a data block. | For a checksum, the sender calculates and transmits a value for the data block; the receiver recalculates and compares it. | These methods detect many errors but do not prove truth or automatically correct every error. | A validation check digit belongs to an identifier; a transfer checksum belongs to a transmitted data block."
stage10-lesson-069-verify-tool.jpg,Source transcript verified,63f5bac8b279913ba1858539fdc4e7d2a36c756f056b372e61f07e7fe7a08fe2,,Which verification method fits? | Interactive verification selector | Scenario
stage10-lesson-070-audit-trails.jpg,Source transcript verified,65beaab4a561020d4b4d8ebefb91fc2a87b0d34aca739f996e64075974cd9ca6,,"Audit trails support accountability and investigation | Who User ID, account, device or process involved. | What Action such as login, read, edit, delete, approve or restore. | When/where Timestamp, location, device or IP address. | Use Trace errors, detect misuse, investigate incidents and prove compliance."
stage10-lesson-070-backups.jpg,Source transcript verified,f9e787163f43b6ae83fc5a804641ac94f19f19d0bfd840cea354b905e681ca0b,,"Backup type affects speed, storage and recovery complexity | Full backup Copies all selected data. Simple to restore, but uses more time and storage. | Incremental backup Copies only data changed since the last backup. Faster and smaller, but restore may need a chain. | Differential idea Copies changes since last full backup. Useful comparison, though full/incremental is the main contrast here. | Testing Backups must be tested by restoring sample data, not only by checking that a file exists."
stage10-lesson-070-compare.jpg,Source transcript verified,3ba02b4e8f837fa95d030e2d815d84c2d380fdf67b4156b8a0eae79af2cf172a,,"Compare by purpose, not by ""security word"" | Main purpose | Limitation | Restore data after deletion, corruption, hardware failure or ransomware. | May be too old, corrupted, inaccessible or affected by same incident. | Disaster recovery plan | Restore systems and services in a planned order after major disruption. | Needs testing, clear roles and updated documentation. | Audit trail | Record actions for accountability, investigation and evidence. | Does not restore data by itself and must be protected from tampering."
stage10-lesson-070-core.jpg,Source transcript verified,41fdcd489cce9494f2c82496e4e685875b46e65befc1eb066d34bf1b33dc7488,,"Recovery planning is about availability, integrity and accountability | Backup A separate copy of data that can be used to restore the original after loss or corruption. | Restore The process of recovering data or systems from a backup. | Disaster recovery Planned actions to restore systems and services after a major incident. | Audit trail A chronological record of actions, changes and access events."
stage10-lesson-070-recovery.jpg,Source transcript verified,181f8157d119a79de0fa9ad84dff9060d26e5b77393c148a869bcb35f3f025e9,,"Disaster recovery is more than data copying | 1. Identify incident Detect failure, confirm scope and prevent further damage. | 2. Communicate Notify staff/users and assign responsibilities. | 3. Restore systems Recover data, applications, hardware/network access and configuration. | 4. Test and review Check service works, document lessons and improve the plan. | Useful exam language: RPO = how much data loss is acceptable; RTO = how quickly service must be restored."
stage10-lesson-070-rpo-tool.jpg,Source transcript verified,8def131a947b2ed00c81110ed690fbf69305b07d412c4debc520512f278e4a89,,Match backup frequency to acceptable data loss | Interactive recovery objective tool | Maximum acceptable data loss
stage10-lesson-070-strategy.jpg,Source transcript verified,10fab424ca54c1223066eec33ed69b6c21d75630fbd8d08f4e83311a974513c8,,"A strategy defines location, frequency, retention and security | Onsite Fast to access, but vulnerable to the same fire, flood, theft or ransomware incident. | Offsite Stored in a different physical location, reducing site-wide disaster risk. | Cloud Remote provider storage; useful for offsite copies but needs network access and access control. | Retention How long versions are kept, so accidental deletion or corruption can be rolled back."
stage10-lesson-071-compare.jpg,Source transcript verified,8d3bd4440b2909176efc3c9d298f5aa4a49be4dca5759098bf70e01d7b8cce8b,,Similar-looking controls: choose by mechanism | Difference | Common error | Validation vs verification | Validation checks rule acceptability; verification checks accurate transfer/copying. | A valid value can still be the wrong value. | Authentication vs authorisation | Authentication confirms identity; authorisation/access rights decide permitted actions. | Logging in does not mean full access should be granted. | Encryption vs hashing | Encryption is reversible with a key; hashing is one-way and often used for password storage. | Do not say hashed data can be decrypted. | Backup vs audit trail
stage10-lesson-071-controls.jpg,Source transcript verified,aaa878353f5ae496639fbb1db07a1a73f3551973ce24124c6493d3eff8cf1241,,"Controls have different jobs | Verification checks that copied, entered or transferred data agrees with the source or repeated entry. | Double entry and visual checking can reduce copying errors. | Matching values may still be false, so verification does not guarantee accuracy or truth."
stage10-lesson-071-diagnostic.jpg,Source transcript verified,f3969e0e7c8944009c6990dc0baf287198b5257bd47112b165e5c64a26eaf0a7,,Identify the risk family first | Interactive diagnostic | Choose the broad risk family. Then compare the suggested control route.
stage10-lesson-071-matcher.jpg,Source transcript verified,0cf4df782dbff5fcbaa9ff15f36ba4ed72d3814cfa24873b9e1f2d26b77f32d8,,Select the best control for the scenario | Interactive risk matcher | The best answer is the one whose mechanism directly addresses the named risk. | Scenario
stage10-lesson-071-method.jpg,Source transcript verified,0fb66395ae0a41e40d3172585848bdb3f5419ab46748d55c89b6a09c22abe525,,"Use the four-part answer chain | 1. Name the risk Example: unauthorised users may view medical records. | 2. Choose a control Example: role-based access levels and authentication. | 3. Explain mechanism Example: only authenticated staff with the correct role can open the record. | 4. Link consequence Example: this protects confidentiality and reduces privacy breaches. | Answer frame: | [Control] reduces [risk] because [mechanism]. In this scenario, this matters because [impact/consequence]."
stage10-lesson-071-review-map.jpg,Source transcript verified,8fd50fbb63252ef0d2b891a8da141f646fe4bea36dfd0d78d21f15501ed19a11,,"Section 6 review map: risk families and likely controls | Risk family | Typical problem | Useful controls | Unauthorised access | A user enters a system or data they should not access. | Authentication, access levels, strong passwords, two-factor authentication. | Disclosure | Sensitive data is read or intercepted by an unauthorised party. | Encryption in transit/at rest, access rights, staff training. | Corruption / inaccurate data | Data is changed incorrectly, accidentally or maliciously. | Validation, verification, permissions, audit trails, backups."
stage10-lesson-072-ethics.jpg,Source transcript verified,949acc5805a58bf6e2acbd3584bd494aa16cc6375666e1ab8d2b178664af2af4,,"Ethics is about responsible decision-making | Ethics Principles about right and wrong behaviour, responsibility and fairness. | Stakeholder A person or group affected by a decision, directly or indirectly. | Responsibility The duty to consider consequences and act appropriately. | Proportionality The response should be no more intrusive or harmful than needed for the aim."
stage10-lesson-072-mapper.jpg,Source transcript verified,791ef4d26cdefc972025d8bef26f68a1af8d8e8d28565213a16a3cf292d8e60a,,"Map a decision to stakeholders, benefits and concerns | Interactive stakeholder mapper | Select a scenario and compare the ethical tension. The aim is not to memorise one answer; it is to see the pattern. | Scenario"
stage10-lesson-072-method.jpg,Source transcript verified,c147de3b0230d674dc5502c07e0a1b01f3ec445d0db90e1c436e6317a21306ee,,"Use a balanced evaluation structure | 1. Context State the decision and the computing system involved. | 2. For Explain a benefit for a named stakeholder, with scenario detail. | 3. Against Explain a harm or right that may be affected. | 4. Judgement Give a justified conclusion with conditions or safeguards. | Answer frame: | Although [benefit] helps [stakeholder], [harm] may affect [stakeholder]. Therefore, the decision is justified only if [condition/safeguard]."
stage10-lesson-072-stakeholders.jpg,Source transcript verified,332e3b98d18bc5b4023a461197764478852a93b4cd974edf4cf3e9429e40638c,,"Ethical answers start with stakeholders | Stakeholder | Possible benefit | Possible harm or concern | Users / students / patients | Better service, safety, convenience, personalisation. | Loss of privacy, unfair treatment, pressure, exclusion. | Organisation | Efficiency, security, reduced cost, legal compliance. | Reputation damage, misuse of data, over-collection. | Wider society | Public safety, accessibility, innovation. | Surveillance culture, inequality, environmental impact."
stage10-lesson-072-tradeoffs.jpg,Source transcript verified,de2cb4d72924bbd880242bdeec400e8ffba8da2224d6c828b57c032ca53169a7,,"Most ethical issues are trade-offs, not slogans | Privacy vs safety Monitoring may protect users, but can intrude into personal behaviour. | Efficiency vs fairness Automation may save time, but may disadvantage some groups if data or rules are biased. | Convenience vs consent Personalisation can help users, but data collection should be clear and justified. | Innovation vs responsibility New systems can create benefits, but developers still need to consider harms."
stage10-lesson-073-checklist.jpg,Source transcript verified,ecd3ee9ba2c8857d8d6904d0c01b52d17f4df4f79a79b32e7ec2cc6bc4b6d911,,Choose a weak policy and see what is missing | Interactive data protection checklist | Weak policy
stage10-lesson-073-method.jpg,Source transcript verified,3b6379696e0e8a17958e0c32d7d65b5996e7db6fd7f0ba2da16e2b7d0ab3b69a,,"Use a privacy impact answer structure | 1. Data Name the personal or sensitive data being collected. | 2. Purpose Explain why the organisation claims it is needed. | 3. Risk Describe misuse, over-collection, surveillance or unfair effect. | 4. Safeguard Recommend a specific protection and link it to the risk. | Answer frame: | The system collects [data] for [purpose]. This may affect privacy because [risk]. A suitable safeguard is [control], which reduces the risk by [mechanism]."
stage10-lesson-073-principles.jpg,Source transcript verified,338f09a5c15f081194d6c770ce80e8f8b8a653a453d7b045e2cc8cbbd0ad37d8,,Good answers link a principle to a concrete risk | Principle | Plain English | Scenario use | Fair and lawful use | Do not mislead users or use data in unexpected harmful ways. | A health app should not secretly sell location patterns. | Data minimisation | Collect less when less is enough. | A step counter may not need contacts or microphone access. | Retention | Do not keep personal data forever by default. | CCTV footage should be deleted after a defined period unless needed.
stage10-lesson-073-privacy.jpg,Source transcript verified,3f30081b6ce9e4ea103ceb4dbcbd6ab8494c28faa229fdd6d7df25407ac2a2a9,,"Privacy is control over personal information | Privacy The ability to control how personal information is collected, used and shared. | Personal data Data that can identify a person directly or indirectly. | Sensitive data Data that could cause greater harm if misused, such as health, biometric or location data. | Consent A clear agreement to a specific use of data, based on understandable information."
stage10-lesson-073-protection.jpg,Source transcript verified,7c94878439a4f91c2d279c2507dc83774128e1c3d0608830f3f4ffead2f052fa,,"Data protection reduces misuse and unnecessary exposure | Data minimisation Collect only what is necessary for the stated purpose. | Purpose limitation Use data only for the purpose users were told about. | Access control Limit who can view, edit or export personal data. | Retention limit Delete data when it is no longer needed. | Transparency Explain what data is collected, why and how it is used. | Security Protect data using measures such as encryption, authentication and audit trails. | Accuracy Keep personal data correct and allow errors to be corrected. | Accountability Record and justify processing decisions so misuse can be investigated."
stage10-lesson-073-scanner.jpg,Source transcript verified,3b46195de9a2d0feaad6552e2ce9560ae11f2da367dbbd4e38719d22ad1a3364,,"Find the privacy risk in a data collection scenario | Interactive privacy scanner | Select a scenario and compare data collected, risk and safeguard. | Scenario"
stage10-lesson-073-surveillance.jpg,Source transcript verified,5e5d7cdc2b3e7bf1237bd8ac2e37b345e186b819507a754e83f372ac698f8283,,"Surveillance can protect people, but it changes behaviour and trust | Monitoring example | Possible benefit | Privacy concern | CCTV with analytics | Deter crime and support emergency response. | May track people who have done nothing wrong. | School device monitoring | Detect unsafe websites, bullying or misuse. | May record personal activity if scope is unclear. | Workplace productivity tracking | Identify workload issues and bottlenecks. | May create pressure and reduce trust."
stage10-lesson-074-compare.jpg,Source transcript verified,a56a30654abf7dd39cf4d5cd6d609ef6c18aa9a746e341ef5a268dea5f046bcb,,"Do not confuse protection type with permission type | Protects / controls | Common misconception | Copyright | Original expression, including source code and media. | Changing a few names does not automatically avoid infringement. | An invention or technical process for a limited time. | Not every software idea or algorithm is patentable. | Permission to use protected work under conditions. | A licence does not always transfer ownership. | Ownership | Legal control over rights to the work. | Using software is not the same as owning its source code."
stage10-lesson-074-copyright.jpg,Source transcript verified,bf40ee09c186597a44c162814fb4e8ec18898170114478a08eccdcbb9b43cf94,,"Copyright protects expression, including software code | Copyright Protects original expression such as source code, documentation, graphics or text. | Automatic protection Copyright usually exists when the work is created; registration is not always needed for protection. | Restricted acts Copying, distributing, adapting or using beyond permission can breach copyright. | Fair use/dealing caution Exceptions are limited and context-specific; do not assume every educational use is allowed."
stage10-lesson-074-ip.jpg,Source transcript verified,67673773893a109b475878e1cd27fbceb08dedb93418fa3e68a3e5ff7b4df05b,,"What intellectual property can protect | Copyright protects qualifying expression, not an abstract idea by itself. | Patents may protect qualifying inventions subject to legal requirements. | Intellectual property can protect qualifying creations, expressions, designs and inventions; do not state that every idea is automatically protected."
stage10-lesson-074-licensing.jpg,Source transcript verified,920f3dbb8148b7b7fbe98774dfcedbf020dfe7d7f0469ad5f0c58314eba17817,,"A licence grants permission under conditions | Licence idea | What it allows or limits | Exam caution | Proprietary licence | Usually permits use under conditions but restricts copying, modification or redistribution. | Paying for software usually buys permission to use, not ownership of the code. | Open-source licence | Allows source code access and certain rights to use, modify and share. | Still has conditions such as attribution or sharing changes under the same licence. | Creative Commons style | Often used for media/text; may require attribution or block commercial use. | Check exact terms; symbols are not decoration."
stage10-lesson-074-matcher.jpg,Source transcript verified,77da9b8a7e5e7643a08ebe21b09fb462c9f82ac2d8e6ab36c616f2e8c84d1458,,Choose the likely permission issue | Interactive licence matcher | Select a scenario and compare the relevant IP concept with the common error. | Scenario
stage10-lesson-074-patents.jpg,Source transcript verified,7a88634533921433ab4b950c8b4bd8956bbaee0ea93579790d2e84be0b334166,,"Patents protect inventions, not every line of code | Patent A legal right protecting an invention for a limited time, often requiring novelty and inventive step. | Invention A new technical solution, product or process; software patent rules vary by jurisdiction. | Disclosure Patent applications normally require public description of the invention. | Limitation Patents are expensive and time-limited; they do not protect all ideas or ordinary code automatically."
stage10-lesson-075-advisor.jpg,Source transcript verified,42806153fad20c26a45bdecc4f04cf8fcaebedd92a452786504a70e157338829,,Match the software type to the scenario | Interactive software choice advisor | Select a scenario and compare the recommendation with its trade-off. | Scenario
stage10-lesson-075-method.jpg,Source transcript verified,329f856507b40f90a96907d164a78b73febeb72c31b1defeca4aceb6c2e76149,,"Use a scenario-based comparison structure | 1. Need Identify the user's priority: cost, support, control, reliability, security or compatibility. | 2. Open source point Explain one benefit or risk linked to that priority. | 3. Proprietary point Explain a contrasting benefit or risk. | 4. Judgement Recommend one option with conditions and trade-offs. | Answer frame: | For [scenario], [option] may be suitable because [factor]. However, [trade-off]. Therefore, the best choice depends on [condition/evidence]."
stage10-lesson-075-open-source.jpg,Source transcript verified,ed23aec389e2846d6d706d9fc1ebf4fc7ce294c338c38b8a2b84aaa0512c077c,,"Open-source software makes source code available under a licence | Source code available Users can inspect the program code rather than only using compiled software. | Modify Licence may allow users to adapt the code for their own needs. | Redistribute Licence may allow sharing original or modified versions under conditions. | Community Development and support may come from volunteers, companies or mixed communities."
stage10-lesson-075-ownership.jpg,Source transcript verified,31fb9c33550455e416cc21ec24ca3757c3effc203f0671f8fa818c63299b7b17,,Ownership and licence obligations still matter | Copyright remains Open-source software is still protected; the licence grants permissions. | Attribution Some licences require credit or notices to be kept. | Share-alike Some licences require modified versions to be shared under similar terms. | Compliance Organisations must track third-party components and meet licence conditions.
stage10-lesson-075-proprietary.jpg,Source transcript verified,99a04dc9bfddb726b56d775dd52fcff5f1f9e0bff03871b4dec4f0b34f35edee,,"Proprietary software keeps control with the owner | Closed source Source code is usually not available to users. | Restricted rights Licences often restrict copying, modification and redistribution. | Vendor support Users may receive official updates, warranties, help desk or service agreements. | Vendor lock-in Users may depend on one supplier, format, subscription or ecosystem."
stage10-lesson-075-tradeoffs.jpg,Source transcript verified,2e7b214d78c883b4ebe9fa5642bc107deb9cbcaffc6342fda73abe79392d983b,,"Compare by factor, not by favourite label | Open source may offer | Proprietary may offer | Low or no licence fee, but support and training can still cost money. | Licence/subscription cost, but bundled support may reduce operational risk. | More ability to inspect, modify and adapt code. | Less control over internals; vendor controls source and roadmap. | Security | Code can be reviewed publicly, but someone must apply updates and assess trust. | Vendor may provide tested updates, but users must trust closed code and vendor response. | Community help or paid third-party support may vary. | Official support agreements may be clearer for organisations."
stage10-lesson-076-analyser.jpg,Source transcript verified,7ee7afe38006eed2587be097a07fef604e87d21f9252604299e887d4004cb003,,"Classify the impact and choose a mitigation | Interactive impact analyser | Select a scenario and compare the positive impact, negative impact and mitigation. | Scenario"
stage10-lesson-076-digital-divide.jpg,Source transcript verified,206c6f1e63b55882f320e39347a027f6bae42b88d1ffa880ce0623b751bcba30,,"The digital divide is about access, skills and inclusion | Device access Some users cannot afford suitable hardware. | Connectivity Reliable high-speed internet is not equally available. | Digital skills Users may lack confidence or training to use online systems. | Accessibility Systems should support users with disabilities or different needs."
stage10-lesson-076-environment.jpg,Source transcript verified,ba3953a56ab9761bca8bd0dc6afe4e1899d12adc2fc22cfbada22cb51c190156,,"Environmental impacts include energy use and resource consumption | Energy use Devices, networks and data centres consume electricity during operation. | Carbon emissions Emissions depend on electricity source, device manufacture and transport. | Resource extraction Manufacturing hardware requires metals, rare materials, water and energy. | Lifespan Short upgrade cycles increase manufacturing and disposal impact."
stage10-lesson-076-ewaste.jpg,Source transcript verified,23ee72037fb249a8d26e3552b1a2ed5b2e7903ffee95587ab9e64f9d5a2c3dd7,,"E-waste is an ethical issue, not just a rubbish-bin issue | E-waste Discarded electronic devices and components. | Toxic materials Some components contain harmful substances that can pollute soil or water if mishandled. | Recycling Responsible recycling can recover materials and reduce landfill, but must be managed safely. | Reuse and repair Extending device life reduces demand for new manufacturing."
stage10-lesson-076-method.jpg,Source transcript verified,9f63d3da488b39e59e1f74bdd1b27d2f8a53d07705de1c7ff877f51629fe9e47,,"Use a balanced impact structure | 1. Change Name the computing change, such as automation or online services. | 2. Benefit Explain a positive impact for a named stakeholder. | 3. Harm Explain a negative impact with a realistic consequence. | 4. Mitigation Suggest a practical way to reduce harm. | Answer frame: | [Technology] benefits [stakeholder] because [reason]. However, it may harm [stakeholder] by [consequence]. This can be reduced by [mitigation]."
stage10-lesson-076-social.jpg,Source transcript verified,ebe9cdef22d5aeaa2ab6c22ce6f5ea835d82e62077f464bfda82ef5330bb45c7,,"Social impacts affect work, communication and daily life | Computing change | Possible benefit | Possible harm | Remote work | Less commuting, flexible work, access to wider jobs. | Isolation, blurred work-life boundaries, unequal home access. | Automation | Efficiency, safer handling of dangerous or repetitive tasks. | Job displacement, need for retraining, deskilling. | Online services | Access to education, banking, healthcare and communication. | Excludes users without devices, internet, skills or accessible design."
stage10-lesson-077-compare.jpg,Source transcript verified,db35d2fa462c610e579d795e52f15f24ede7b403cf1c594c19891905bc7f14a1,,Common contrasts that stop vague answers | Contrast | Difference | Common error | Privacy vs security | Privacy concerns control of personal data; security protects systems/data from threats. | Encryption alone does not answer every privacy ethics question. | Copyright vs licence | Copyright protects the work; a licence grants permission under conditions. | Free to access does not mean free to reuse. | Open source vs no owner | Open source gives code access and permissions; copyright and licence terms still apply. | Do not say open source has no copyright.
stage10-lesson-077-map.jpg,Source transcript verified,d60ef804b25c0933d9b81334888e911d955ad665d108d47acf8c22726667e2b1,,"Section 7 topic map | Trigger words | Useful answer focus | Ethical decisions | stakeholders, consent, fairness, responsibility, proportionality | benefits, harms, rights, responsibilities and justified judgement | Privacy/data protection | personal data, monitoring, surveillance, retention, access, consent | data collected, purpose, risk, safeguard and transparency | IP/licensing | copyright, patent, licence, ownership, attribution, infringement | what is protected, who owns it, permission and consequences | Software ownership"
stage10-lesson-077-marking.jpg,Source transcript verified,43e38428c568b8f41e59ad98a1769f60d1241079c147d23bd3a75c3213539988,,"What Cambridge-style marking usually rewards | Precise term privacy, copyright, e-waste, digital divide, open source, stakeholder. | Scenario link Explain how the issue affects the school, company, user or worker in the question. | Consequence Say what happens: exclusion, legal risk, privacy loss, job displacement, reduced emissions. | Balance Include both benefit and concern before final judgement in evaluate/discuss questions."
stage10-lesson-077-structure.jpg,Source transcript verified,fb505f9dbe36c6317f7e23b85460cf211bdb299b6265158194ac25b8fadd7b9a,,"The five-part evaluation answer | 1. Context Use the actual scenario, not a memorised opening sentence. | 2. Benefit Explain one advantage for a named stakeholder. | 3. Concern Explain one risk, harm or right that may be affected. | 4. Safeguard Suggest a condition, limit, policy or technical measure. | 5. Judgement Reach a supported conclusion using ""if"", ""provided that"" or ""unless"". | Answer frame: | Although [benefit] helps [stakeholder], [concern] may harm [stakeholder]. Therefore, [decision] is justified only if [condition/safeguard]."
stage10-lesson-078-data-info.jpg,Source transcript verified,21c2eb8ae77f222c6675386745bd1eabc1cf22115eae8ca44f468e957186b142,,"Data vs information | Data is raw facts and values. Information is data that has been processed, organised or interpreted so it has meaning. | Raw data | BookID=B144 , DueDate=2026-06-20 , Returned=FALSE | Processing | compare due date, filter not returned, group by student | Information | ""Amira has two overdue books and needs a reminder."" | Loan dates, student IDs, book IDs | Which students have overdue loans | Temperatures, appointment times, patient IDs | Patients needing urgent triage | Online shop"
stage10-lesson-078-database.jpg,Source transcript verified,773602ee1d1adaa33d60f3358499fb52ce2b1d681518c2fba4db0efe7b692952,,"What is a database? | A database is an organised collection of related data that can be stored, retrieved and updated. | Organised Data is arranged using defined structures, not random notes in one giant document. | Related Records are connected by a shared context, such as students, books and loans. | Retrievable Users can search, filter and query the data to produce information. | Maintainable Data can be updated while rules help reduce invalid or inconsistent values. | StudentID | Name | Form | S0234 | Amira Chen | 12A | S0318 | Leo Singh | 12B | linked by ID | LoanID | StudentID | BookID | Returned | L9001 | S0234 | B144 | FALSE | L9002 | S0318 | B102 | TRUE"
stage10-lesson-078-dbms.jpg,Source transcript verified,c1023e59bfb72b9a9e6ba4305b81dfcb2a31e3ee0cb059133742953df037878e,,"What does a DBMS provide? | A DBMS is software used to create, manage and control access to a database. It sits between users/applications and stored data. | Data management stores, organises, retrieves and updates data; maintains metadata in a data dictionary. | Data modelling helps define entities, tables, fields and the logical schema of the database. | Data integrity enforces rules so values are valid and relationships remain consistent. | Data security uses access rights for individuals or groups; supports backup and recovery procedures. | Developer interface provides tools for creating structures, forms, reports or database applications. | Query processor interprets and carries out queries so users can retrieve or change data. | Exam sentence: | The DBMS manages the database by controlling data definition, access, integrity, security and queries; the database is the organised data itself."
stage10-lesson-078-scenario.jpg,Source transcript verified,1b76e3d106dc1b415e8fb665b4df8c657c19326bc3339be638dfeaf7c10d6f1a,,"Which DBMS feature solves the problem? | Interactive DBMS selector | Choose a problem, then select the DBMS feature. | The answer should name a feature and explain its purpose."
stage10-lesson-078-sorter.jpg,Source transcript verified,51e84bc7d0028c86ee7ce316a844bb1bab9940fb6208ecaadd0384d33c621fae,,"Is it data, information, database, or DBMS? | Interactive concept sorter | Scenario item | Choose an item, then classify it. | Reasoning will appear here."
stage10-lesson-078-terms.jpg,Source transcript verified,cd613ec25a2a51061f344a67565c44eeae7defb706af9b35f76293bebefc0583,,"Core relational words for this lesson | This is the vocabulary doorway. Later lessons will go deeper into keys, relationships, E-R diagrams, normalisation and SQL. | A thing about which data is stored | Student, Book, Loan | A set of records about one entity | Student table | Record / tuple | One row in a table | S0234, Amira Chen, 12A | Field / attribute | One column or property | StudentID, Name, Form"
stage10-lesson-079-anomalies.jpg,Source transcript verified,87109deec09cfd36c3fd3cb581e910d7d63e2d5fdd781f1617f90a754c4bd967,,"Why repeated data causes anomalies | An anomaly is a problem caused when data is inserted, updated or deleted in a structure that stores repeated facts poorly. | Update anomaly A parent email is changed in one row but not in another, so the same member has two different emails. | Insertion anomaly A new member cannot be recorded until they join a session, because member details only exist in lesson rows. | Deletion anomaly Deleting a cancelled session row may accidentally delete the only copy of a member's contact details."
stage10-lesson-079-compare.jpg,Source transcript verified,7dc32458a065e5d5b250ff998de870f1eadaa577238da28f1a645046c2c4aba1,,Flat-file vs relational comparison | Flat-file | Relational | Structure | Single table | Multiple linked tables | Redundancy | More likely because related details are repeated | Reduced because shared data can be stored once | Consistency | Harder to maintain if repeated values are updated differently | Improved because updates can be made in one relevant table | Complexity
stage10-lesson-079-flat.jpg,Source transcript verified,ea8b593a46f61adf618c5c4864eae597c0c2d125c6b24a1a059feb3378491b7b,,"Flat-file database | A flat-file database stores data in a single table. It is simple, but related data may be repeated in many records. | MemberID | ParentEmail | Amira Chen | lee@example.com | Robotics | Leo Singh | patel@example.com"
stage10-lesson-079-relational.jpg,Source transcript verified,50234c540eaca3168ed20c432dc87b45a18cee7cafd97aaaeb518c4f8eccac16,,"Relational database | A relational database stores data in multiple tables that are linked using shared fields. Shared facts can be stored once and referenced where needed. | MemberID | Name | ParentEmail | M104 | Amira Chen | lee@example.com | M211 | Leo Singh | patel@example.com | linked by MemberID | Enrolment | EnrolID | MemberID | Session | FeePaid | E501 | M104 | Python | TRUE | E502 | M104 | Robotics | FALSE | Exam sentence: | A relational database reduces redundancy by separating related data into linked tables, so a fact such as a parent email is stored once instead of repeated in every lesson record."
stage10-lesson-080-checkpoint.jpg,Source transcript verified,7b4718555f6dfccabbc58031b3722ea004afed31eed88961408641de177ac4b6,,"Section 8 basics so far | Monthly checkpoint | This checkpoint connects Lessons 078-080 without becoming a full exam. | 1. Define data, information, database, DBMS, flat-file, relational database. | 2. Compare one-table repeated data vs linked tables with reduced redundancy. | 3. Design choose data types and constraints for five fields in a small scenario."
stage10-lesson-080-constraint-tool.jpg,Source transcript verified,8b47d51305784b475b4b4ee1b7177211fe4879ec2e9664cefaf617b120e834e4,,Which rule rejects the bad value? | Interactive constraint checker | Bad value | Choose a bad value to identify the check. | Name the rule and explain what it prevents.
stage10-lesson-080-constraints.jpg,Source transcript verified,6d04d9b9f641571362a4d255e02027e499ca246cb1b439e9d1887c477a03c2b3,,"Constraints and validation rules | A constraint limits accepted values to help maintain data integrity. It does not prove the data is true; it helps reject impossible or invalid data. | Presence check Value must not be blank. Example: Name is required. | Range check Value must be within limits. Example: Mark is 0 to 100. | Type check Value must match the data type. Example: Quantity must be Integer. | Length check Value must have a permitted length. Example: StudentID has 5 characters. | Format check Value must match a pattern. Example: postcode or email pattern. | Lookup check Value must be from an allowed list. Example: Grade is A, B, C, D, E or U. | Exam sentence: | A constraint improves data integrity by preventing values that do not meet a rule, such as rejecting a mark outside 0 to 100."
stage10-lesson-080-fields.jpg,Source transcript verified,ac47783fa631a66a37b91e0db21117760ce7e09748c7b147fce37689558f3553,,"Designing fields properly | Each field should have a name, data type, possible field size and constraints. Good design reduces invalid data at entry. | Field name Clear and specific: DateOfBirth , not date . | Data type Controls the kind of data: text, integer, real, date/time, Boolean. | Field size Maximum storage length where relevant, such as 8 characters for StudentID. | Constraint A rule that a value must satisfy before it is accepted."
stage10-lesson-080-terms.jpg,Source transcript verified,0ef99c2f4d05518222024a17d57a2b97824d9ca5f755cb969d07827773288f3e,,"Tables, records and fields | A table stores records about one entity. A record is one complete row. A field is one column or attribute. | A collection of records for one entity | Student table | Record / tuple | One complete row in a table | S0234, Amira Chen, 2009-04-18, TRUE | Field / attribute | One column or property stored for each record | StudentID, Name, DateOfBirth, FeePaid | One item of data in a field for a record | TRUE in the FeePaid field"
stage10-lesson-080-type-tool.jpg,Source transcript verified,ab7d1ba782c6174b6c3df49b0cd1b033b17522dbc6a8651abfda8655ed1eaf3e,,"Choose the best data type | Interactive data type chooser | Choose a field, then decide the data type. | The best answer depends on how the value is used, not how numeric it looks."
stage10-lesson-080-types.jpg,Source transcript verified,6651296e20831b245d3324cf384739045566abcb9b7c6c10c2f8578ef4189321,,"Common database data types | Data type | Use when | Text / string | The value may contain letters, spaces, symbols or leading zeroes | PhoneNumber = ""02071234567"" | Whole number used for counting or arithmetic | Quantity = 24 | Real / decimal | Number may include fractional part | MassKg = 62.5 | Only two logical states are needed | FeePaid = TRUE"
stage10-lesson-081-foreign.jpg,Source transcript verified,c49bb5809ae0e364a457cf6522310a5c6a3e018ebac5ba318a2facc8b6421ae3,,"Foreign keys link tables | A foreign key is a field in one table that references the primary key in another table. It creates a link between related records. | StudentID | Name | S0234 | Alex Chen | S0318 | Maya Patel | StudentID links tables | LoanID | StudentID | BookID | L9001 | S0234 | B144 | L9002 | S0234 | B102 | Exam sentence: | StudentID is a primary key in Student and a foreign key in Loan , linking each loan to the student who borrowed the book."
stage10-lesson-081-key-picker.jpg,Source transcript verified,4a5c458f414e0065deaa81c33a0c7c9f9e69e15996c04eb8c143f8b192a3b289,,"Choose the best primary key | Interactive key picker | Choose a table to identify the strongest primary key. | A good primary key is unique, not null and stable."
stage10-lesson-081-primary.jpg,Source transcript verified,89e1e14dc3ed6fe79b1d975572535c92bb96d5cd6af7eb13bb18a3a6b224212d,,"Primary keys uniquely identify records | A primary key uniquely identifies each row and cannot be null. | Candidate keys are minimal sets of attributes that can uniquely identify a row. | Stability is a desirable design property when choosing a primary key, not a formal defining constraint of every primary key."
stage10-lesson-081-referential.jpg,Source transcript verified,d7538421d3677e257683792c2d5a4e58e2170496c0086eb0e69eac7e530d5355,,"Referential integrity | Referential integrity means a foreign key value must match an existing primary key value in the referenced table. | Valid Loan.StudentID = S0234 is valid if Student.StudentID = S0234 exists. | Invalid Loan.StudentID = S9999 is invalid if no student with that ID exists. | Why It prevents orphan records, such as a loan assigned to a non-existent student."
stage10-lesson-081-relationship-tool.jpg,Source transcript verified,7968a57390725fd017713fdc1f186fd639cb2f727cbc56461fcac1292d67e9f6,,"Classify the relationship | Interactive relationship classifier | Scenario | Choose a scenario to classify the relationship. | Use one-to-one, one-to-many or many-to-many with a scenario reason."
stage10-lesson-081-relationships.jpg,Source transcript verified,a45bd87f8485987e49ecc5414c8fd0f4050cc3cd634937e3e30a48a6811fe05b,,Relationships describe how records connect | A relationship describes how records in one table are associated with records in another table. | One-to-one One record in A relates to one record in B. Example: person and passport in a simplified system. | One-to-many One record in A relates to many records in B. Example: one student can have many loans. | Many-to-many Many records in A relate to many in B. Often resolved using a linking table. Example: students and clubs.
stage10-lesson-082-attributes.jpg,Source transcript verified,da15531d9d3da315a3a2f85f202b33149d83bc857a866fdb1ebb1f374ac43630,,"Attributes describe an entity | An attribute is a property stored about an entity. It often becomes a field in the table for that entity. | Possible attributes | Not usually an attribute here | StudentID, Name, DateOfBirth, TutorGroup | BookTitle, LoanDate | BookID, ISBN, Title, Author | StudentName, ReturnDate | LoanID, StudentID, BookID, DateBorrowed, DateReturned | StudentDateOfBirth, BookAuthor if already stored in Book"
stage10-lesson-082-cardinality.jpg,Source transcript verified,ebfe3ce1febb08559212bd2b303fe640afb45d9799e9cfca3b31dbce4b7f28f4,,Cardinality describes how many records may be linked | Cardinality states how many records in one entity can be associated with records in another entity. | One-to-one One record in A links to one record in B. Example: one person has one passport in a simplified model. | One-to-many One record in A links to many records in B. Example: one customer can place many orders. | Many-to-many Many records in A link to many records in B. Usually resolved by a linking entity. | 1 -> many
stage10-lesson-082-entities.jpg,Source transcript verified,79192193784b0db1deff20bb1b24b484978aadf1d8768c0bff1ae6ba86e0887a,,"Entities are things the database stores data about | An entity is a person, object, event or concept about which data is stored. In a relational design, an entity often becomes a table. | Person Student, Customer, Doctor, Teacher. | Object Book, Product, Vehicle, Equipment. | Event Loan, Appointment, Order, Booking. | Concept Course, Club, Department, Module. | Exam wording: say why it is an entity. ""Student is an entity because the system stores multiple facts about each student."""
stage10-lesson-082-parser.jpg,Source transcript verified,f8decb9c6da95bb2a6e4e2565ca4eff135c91f39ec892bac3973c4f943ac9f00,,Identify entities and attributes | Interactive scenario parser | Scenario | Choose a scenario to identify likely entities. | The answer will separate entities from attributes and relationship events.
stage10-lesson-082-participation.jpg,Source transcript verified,ff7860259dc9804c8cc1bedff63dd5bf3962ff768342ea86770fb549cfcf04d7,,"Optional and mandatory participation | Participation describes whether a record must be linked. This is often written using minimum and maximum values such as 0..* or 1..1. | 0..* Optional many: a student may have no loans, or many loans. | 1..* Mandatory many: an order must have at least one order line. | 0..1 Optional one: a member may have zero or one parking permit. | 1..1 Mandatory one: each loan must refer to exactly one student."
stage10-lesson-083-anomalies.jpg,Source transcript verified,a72226bc32a0dd164209f011ed5e01a31c7146a5347faeb1b572a09c9795a218,,"Why one structure causes three anomalies | Insertion may require an unrelated fact that is not yet known. | Updating requires finding every repeated copy. | Deleting one event may accidentally remove the only descriptive fact. | A form that mixes customers, products and orders ties unrelated lifetimes together. | The anomaly comes from dependency structure, not simply from a large table."
stage10-lesson-083-normal-forms.jpg,Source transcript verified,64546614d7e76c9d3dd31bc12b5f432ac25402448feab90f3c80fcb84e7ed7aa,,"How normal forms remove dependency problems | First Normal Form (1NF) requires atomic values and no repeating groups. | Second Normal Form (2NF) is in 1NF and removes partial dependency: each non-key attribute depends on the whole primary key. | Third Normal Form (3NF) is in 2NF and removes transitive dependency: a non-key attribute must not depend on another non-key attribute. | A valid decomposition retains every original fact, preserves keys and relationships, and follows the stated functional dependencies. | Each dependency belongs in the relation whose key determines it. | Check the forms in order; satisfying a later normal form assumes the earlier requirements are already met."
stage10-lesson-083-purpose.jpg,Source transcript verified,2137e10e6f952d4257990432a111be6ffc0fe80131382a2f24e6505db7d24841,,Why normalisation protects consistency | Each fact is stored in a relation where its determinant is clear. | Other tables reference that fact instead of copying it repeatedly. | One update then changes the authoritative value once. | Keep one catalogue record and let many loans point to it. | Normalisation improves consistency but joins may make some queries more complex.
stage10-lesson-083-redundancy.jpg,Source transcript verified,900588035c7e771ba224f12d5aaef2d42a7c369cc7284476d111c027aeff56ca,,How repeated facts become risky | The same real-world fact appears in several rows. | A later update may change only some copies. | Queries then return conflicting versions of one fact. | Several photocopies agree only until someone edits one copy. | Repeated transactional events are valid; repeated descriptive facts cause the risk.
stage10-lesson-084-clauses.jpg,Source transcript verified,389d221c5e530cd945e53b5d447f3a3fc187cd7485b3f970e29ccf471f58f27a,,"The three foundation clauses | SELECT Names the fields to output, such as Title, DueDate . | FROM Names the table to use, such as Loan . | WHERE Filters records using a condition, such as Returned = FALSE . | Thinking order: | What fields do I need? Which table contains them? Which records should be included?"
stage10-lesson-084-conditions.jpg,Source transcript verified,a15280ed678a1b6781bab525cab3869af77668c673c91ff6508f415f6d4d9f14,,"WHERE conditions and comparison operators | A WHERE clause tests each record and returns only records where the condition is true. | Operator | equal to | Category = 'Fiction' | not equal to | Status <> 'Returned' | greater than, less than | Price < 10.00 | greater/less than or equal to | ExamMark >= 80"
stage10-lesson-084-strings.jpg,Source transcript verified,37b8b538bb9eb05bf95f3eaa805a485b06603f936ef060844dfeda360cd89ffa,,"Text values need quotes; numbers usually do not | Text/string Category = 'Fiction' . The text value is quoted. | Number Price < 10.00 . Numeric values are not quoted in basic exam SQL. | Boolean Returned = FALSE . Use the Boolean value expected by the question/table. | Field names Usually not quoted: SELECT Title , not SELECT 'Title' ."
stage10-lesson-085-aggregates.jpg,Source transcript verified,a6f22ad73543940f97d954a5d7e5165785be1f92aacebc6f3145bfbcdc664ab2,,"Aggregate functions calculate one summary value | COUNT(*) counts all rows in the result, including rows containing null values. | COUNT(column) counts only non-null values in the named column. | SUM, AVG and COUNT operate on the rows remaining after filtering and grouping rules are applied."
stage10-lesson-085-groupby.jpg,Source transcript verified,9e1f05a839da22955e2e338bb1ac5040ee07ffd66ab7d2b3c6822f9d0317894e,,"GROUP BY calculates summaries per group | Use GROUP BY when the question asks for a summary for each category, each borrower, each course or each group. | Pattern: | SELECT Category, COUNT(*) FROM Book GROUP BY Category;"
stage10-lesson-085-orderby.jpg,Source transcript verified,d8d02e8c02d25037a2f38e78328a9fdb63fdb6cf81cc0875b91f638e5d16b996,,"ORDER BY sorts output rows | ORDER BY controls the order of the result rows. ASC means ascending; DESC means descending. | Ascending ORDER BY Price ASC : low to high, A to Z, oldest to newest. | Descending ORDER BY Price DESC : high to low, Z to A, newest to oldest. | Default Many SQL systems default to ascending, but exams may expect explicit ASC if asked."
stage10-lesson-086-aliases.jpg,Source transcript verified,20173430269210e8a2a6f809bb2ae0373c264d86e8f1ec7fbe62669b2fd5c28b,,"Table-qualified names and aliases prevent ambiguity | If two tables have a field with the same name, write the table name or alias before the field. | Full name Student.StudentID clearly means the field from Student. | Alias Student AS S lets you write S.StudentID . | Exam caution Only use aliases if they make the query clear. Do not hide the join logic."
stage10-lesson-086-join.jpg,Source transcript verified,7eccb1abfdc877f48da0a70f92c5d429f19dd223977529bbb6aba26d15df2a23,,Two-table INNER JOIN with ON | AS DML questions use at most two tables. | SELECT Student.StudentName FROM Student INNER JOIN Loan ON Student.StudentID = Loan.StudentID uses an explicit two-table join. | ON states the matching key relationship between the tables. | WHERE adds a separate row filter after the join; it does not replace the required INNER JOIN syntax.
stage10-lesson-086-relationships.jpg,Source transcript verified,5fd5c5972656bc018f8d474314c9805ec4541afd10a78d8afcdad45757477608,,"Related tables use primary keys and foreign keys | A join combines rows when matching key fields refer to the same real-world item. | StudentID primary key | StudentName , TutorGroup | 1 to many | StudentID | LoanID primary key | StudentID , BookID foreign keys | many to 1 | BookID primary key | Title , Category"
stage10-lesson-087-delete.jpg,Source transcript verified,d0ed98ed36705e9b3c0169b9b25147081629e59ba3239bef235548bd61d78b61,,"DELETE FROM removes records | Use DELETE only when the whole record should be removed. A missing condition can remove all records. | Pattern: | DELETE FROM Student WHERE StudentID = 'S03'; | Exam caution: DELETE FROM Student; has no WHERE , so it targets every record in the table."
stage10-lesson-087-dml.jpg,Source transcript verified,45724adbf2ef86bae68eef721d330fd48769f9782a2fe947e930c8f22a3ddfb3,,"INSERT, UPDATE and DELETE are data manipulation commands | They change stored data. In exam answers, be precise about command keywords and affected records. | INSERT Adds a new record to a table. | UPDATE Changes values in existing records. | DELETE Removes existing records from a table."
stage10-lesson-087-insert.jpg,Source transcript verified,f8af58e8605328f822583d9fe6388c27199164a62d320651263e30b4b66d5a8c,,"INSERT INTO adds a record | List the fields, then list matching values in the same order. Text values use quotes. | Pattern: | INSERT INTO Student (StudentID, StudentName, TutorGroup) VALUES ('S04', 'Nina', '12C');"
stage10-lesson-087-update.jpg,Source transcript verified,3a46d4c7e83d5dbf10d7dc7a509c801a804281a01d7b32808c8613c420b4704e,,UPDATE changes existing records | SET names the field and new value. WHERE restricts which rows are changed. | Pattern: | UPDATE Student SET TutorGroup = '12C' WHERE StudentID = 'S01'; | Table UPDATE Student chooses the table. | New value SET TutorGroup = '12C' changes the field. | Target rows WHERE StudentID = 'S01' prevents changing every student.
stage10-lesson-088-backup.jpg,Source transcript verified,06e043d50a14273d5453bb58fe905480b811ce90371930c6d134c0894e890a67,,"Backups allow data recovery after loss or corruption | A backup is a separate copy of data kept so the database can be restored after failure, deletion or corruption. | Frequency How often backups are made, such as daily or hourly. | Location Copies should be stored separately, often off-site or in secure cloud storage. | Testing A backup is only useful if restoration is tested. Untested backup plans are optimistic fiction."
stage10-lesson-088-security.jpg,Source transcript verified,257a900ee560b1c8660ec5800641453e1564774506777492e1c53d0147fe7dd0,,"Database security restricts access and protects confidentiality | Security controls reduce unauthorised access, accidental damage and inappropriate disclosure of data. | Access rights Different users can view or edit only the data they need. | Authentication Usernames, passwords and multi-factor methods check user identity. | Encryption Data is encoded so it is unreadable without the correct key."
stage10-lesson-088-validation.jpg,Source transcript verified,d19d97973b1d8ad1fb51bf76e594315dac30ca8b96537c1be1106ae78848ee9a,,Validation checks whether input is sensible or acceptable | Validation applies rules before data is accepted into the database. It reduces errors but cannot prove truth. | Range check | Checks a value is within limits | Age must be 11 to 19 | Type check | Checks data has the correct data type | PaymentAmount must be numeric | Presence check | Checks required data is not blank | StudentID must be entered | Format check | Checks data follows a pattern
stage10-lesson-088-verification.jpg,Source transcript verified,21121db201959a7cc3268bc1d333eec3e581eb850763769829cdd3c56d4ad8e0,,Verification checks data has been copied accurately | Verification compares entered data with the source or repeats entry to reduce transcription errors. | Double entry The same data is entered twice and compared. Useful for passwords or email addresses. | Proofreading A person checks entered data against the original source document. | Key distinction Verification checks copying accuracy; it does not decide whether the original source was true.
stage10-lesson-089-design.jpg,Source transcript verified,e6d81fd34b444740122cf0c744ba35374f21e95bc9ea976eb291c73ab261dc51,,"Relational design: what earns marks? | Design review | Primary key Uniquely identifies a record in one table. It must be unique and reliable. | Foreign key Stores a value that matches a primary key in another table, creating a relationship. | Normalisation Separates repeated data into related tables to reduce duplication and update errors."
stage10-lesson-089-map.jpg,Source transcript verified,3247c91a69eaa5dd81ade612b4c8e80d67e1c54f833b8d7b762baffe86a6b08d,,"Section 8 knowledge map | Retrieval map | Data and DBMS data vs information; DBMS roles; avoiding flat-file limitations | Tables and keys records, fields, data types, constraints, primary keys and foreign keys | Design entity-relationship modelling and normalisation to reduce duplication | SQL retrieval SELECT , FROM , WHERE , ORDER BY , aggregates and joins | SQL modification INSERT , UPDATE , DELETE , field/value matching and safe WHERE | Protection validation, verification, security controls, backups and restore testing"
stage10-lesson-089-protection.jpg,Source transcript verified,390d97c6db1b70848d7eb6822b364ba0f52114cc821891412cef419f3ed83f20,,"Do not swap the security vocabulary | Protection review | Validation Checks data follows rules, such as range, type, format or presence. | Verification Checks entered data matches a source, using proofreading or double entry. | Security and backup Security restricts access; backup enables recovery after loss or corruption."
stage10-lesson-089-sql.jpg,Source transcript verified,1729f1e9b7f4054cb4cfb365ad78c0db4402767dfd9f88ab41e2aa7c6458692f,,"SQL clauses: choose the clause that matches the request | For the clauses shown, written syntax order is SELECT, FROM, WHERE, GROUP BY, ORDER BY. | A simplified logical processing order is FROM, WHERE, GROUP BY, SELECT, ORDER BY. | GROUP BY forms groups and ORDER BY sorts the final rows. | Written syntax order and logical processing order are different."
stage10-lesson-089-tracer.jpg,Source transcript verified,8f8515b67cb999d21ff527cbe6f205c23128e81a93c6a5f17a70b3a4bb555499,,Trace one mixed SQL result | Interactive SQL tracer | Category | Networks | Computing | Literature | Databases | Choose a query to see the result.
stage10-lesson-090-calculator.jpg,Source transcript verified,54379adbe1c3f139c08d829f1467ce24db5ccd168a3f7e7d1d91799915bfb3fb,,"Calculate image or sound storage | Interactive calculation checker | Bits/sample or depth | For image: A = width, B = height, C = colour depth. For sound: A = sample rate, B = duration seconds, C = sampling resolution. | Run a calculation to see bits, bytes and KiB/MiB."
stage10-lesson-090-communication.jpg,Source transcript verified,b9d277abaedd104953864d257ee3e284a4f31689e0d05d9ec76f5439177c7f17,,"Explanation answers need mechanism and consequence | Communication review | Packets Data is split into packets, each with address/control data, then reassembled at the destination. | Protocols Rules that define how devices format, transmit and interpret data. | DNS Translates a domain name into an IP address so a device can locate the server."
stage10-lesson-090-map.jpg,Source transcript verified,670ab86a55a4d44d9bd087094f5512d2111f3ba401da3060266ab903ec9ebb08,,"Sections 1-2 knowledge map | Retrieval map | Number bases binary, denary, hexadecimal, two's complement, overflow and precision limits | Storage units bit, nibble, byte, KiB, MiB, GiB, TiB and careful base-2 conversions | Text ASCII, Unicode, character sets and why more characters require more bit patterns | Images and sound resolution, colour depth, sample rate, sampling resolution, duration and metadata | Compression lossless, lossy, run-length encoding and dictionary-style compression | Communication LAN/WAN, client-server, peer-to-peer, packets, protocols, IP/MAC/DNS and media"
stage10-lesson-090-representation.jpg,Source transcript verified,f82aada47a092adeb49f6b6213453a4dab08206ca2304a16c35115aa62b901cf,,Calculation formulas worth retrieving cold | Representation review | Question type | Core method | Exam reminder | Image size | width x height x colour depth | Answer starts in bits; convert carefully. | Sound size | sample rate x sampling resolution x duration | Include channels if stereo is stated. | Binary place value | sum active powers of 2
stage10-lesson-091-hardware.jpg,Source transcript verified,9463e200c1c6cb8582868b9e5cf6c2554a1fd35ac103518c7421d621c61b3224,,"Choose hardware by matching characteristics to use | Hardware review | Likely choice | Justification phrase | fast temporary access | RAM / cache | volatile memory used while programs run / frequently used data close to CPU | portable durable storage | no moving parts, fast access, resistant to shock | cheap high-capacity archive | magnetic disk | large capacity and lower cost per GiB | automatic physical response"
stage10-lesson-091-logic.jpg,Source transcript verified,f8fed5fa0b8e77cb16b877c411ed0948b9e61b9f1a7ee7352487e1c949cb4a9c,,"How hardware facts become mechanisms | Name the component or representation involved. | Explain the operation performed on data or signals. | Link that operation to the observable result or limitation. | A useful technical answer connects parts like a working machine, not a parts list. | An isolated definition rarely explains why the stated outcome occurs."
stage10-lesson-091-map.jpg,Source transcript verified,6ae05ba0b3e9a00881e08708bcfa094f211fc14691764cc5ea84074149af4985,,"Sections 3-4 knowledge map | Retrieval map | Computer system input, output, storage, memory, processor and data capture | Storage and memory RAM, ROM, cache, virtual memory, magnetic/optical/solid-state storage | Embedded systems sensors, actuators, microcontrollers and control systems | Logic NOT, AND, OR, NAND, NOR, XOR, truth tables and Boolean expressions | Processor ALU, CU, registers, buses, fetch-decode-execute and addressing modes | Performance clock speed, cores, cache, word length, pipelining and interrupts"
stage10-lesson-091-processor.jpg,Source transcript verified,672be51a1a94a232bf192f261174d6e0c44679327e180645c004e069cc9873c5,,Registers and buses: the FDE cycle vocabulary | Processor review | PC Stores the address of the next instruction to be fetched. | MAR / MDR MAR stores an address; MDR stores data/instruction being transferred. | CIR / ACC CIR stores current instruction; ACC stores intermediate arithmetic/logic results.
stage10-lesson-092-map.jpg,Source transcript verified,35cc2adb798bd6ac76e6555d083cedce9cc8af9b933e18135bf04bc304b8a860,,"Sections 5-6 knowledge map | Compiler, interpreter and assembler are alternative translator paths rather than one serial pipeline. | High-level source can be compiled to object code and then linked and loaded. | High-level source can instead be interpreted and executed at runtime. | Assembly source is translated by an assembler into machine or object code."
stage10-lesson-092-matcher.jpg,Source transcript verified,f51548be92555e5c2aae0683d1f291dc6afdc822b508d3e7bbbdc5f8c7b61f34,,Choose the best control | Interactive risk-control matcher | Choose a risk to see a suitable control and justification.
stage10-lesson-092-security.jpg,Source transcript verified,7b59627192892330c206c57d75f240797b26e53d68305714a43d4bef2c383864,,"Match the control to the threat | Security review | Threat / need | Mechanism | unauthorised login | authentication / MFA | checks user identity using factors such as password and token | intercepted data | encryption | encodes data so it is unreadable without the key | malicious traffic | firewall | filters traffic using rules such as IP address, port or protocol"
stage10-lesson-092-software.jpg,Source transcript verified,f630199616d98c19b577447aab17baab7afe881846056b7b13a536c9f0508266,,"OS and utility roles | System software review | Mark-worthy phrase | OS process management | schedules processes | allocates processor time and manages multitasking | OS memory management | allocates memory | keeps programs/data in separate memory areas and manages virtual memory | File management | organises files | stores, names, retrieves and controls access to files | Utility software"
stage10-lesson-092-translators.jpg,Source transcript verified,a8837a8a3335d001b352b58b5ab97f4116b0ad699d0f2099df3c28d7fad0e066,,"Compiler, interpreter and assembler | Translator review | Compiler Translates whole source program into object code before execution; can report errors after compilation. | Interpreter Translates and executes code line by line; useful for testing and debugging. | Assembler Translates assembly language mnemonics into machine code."
stage10-lesson-093-databases.jpg,Source transcript verified,a499d901f556c426f1a3b7fbb1623cb2915dcf432f208bb186990b102000469a,,"Relational design: structure before SQL | Normalisation must retain every original attribute and fact so the original information remains reconstructable. | If the original rows contain A and B values, the decomposition must keep each B value with its relevant key. | A relation containing only a foreign key to A loses the represented B facts."
stage10-lesson-093-ethics.jpg,Source transcript verified,90b43844efd537add0f7e58821596cdd3e45f3ce211f33a503dfc65f8d3015f1,,"Evaluation answers need both sides and a condition | Ethics review | Question clue | Mark-worthy phrase | personal data, tracking, surveillance | collect only necessary data with consent, clear purpose and controlled access | Ownership | copyright, licence, copied software | a licence gives permission under conditions; copyright still applies | Environmental impact | energy use, disposal, replacement | reduce e-waste through recycling, repair and longer device life | Social impact"
stage10-lesson-093-map.jpg,Source transcript verified,8ddf106f4ebe4d1f4b21f25a09881edab87e24ec938a2376aad7f1acf24e6e26,,"Sections 7-8 knowledge map | Retrieval map | Ethics stakeholders, consent, fairness, responsibility, proportionality and safeguards | Privacy and data protection personal data, collection purpose, access, retention, monitoring and transparency | Ownership copyright, patents, licences, open-source/proprietary software and obligations | Impact environmental impact, e-waste, energy use, automation, digital divide and social consequences | Database design data/information, DBMS, tables, records, fields, keys, relationships and normalisation | SQL and protection SELECT, WHERE, ORDER BY, GROUP BY, joins, INSERT/UPDATE/DELETE, validation, verification and backup"
stage10-lesson-093-sql.jpg,Source transcript verified,14db46432a1fe69f191148ff542895893e741e199eac54a550f5c90cbd4643c4,,"Clause choice is not decoration | SELECT, WHERE, GROUP BY and ORDER BY are clause choices with different effects, not mandatory consecutive stages. | SELECT controls fields, WHERE filters rows, GROUP BY forms groups and ORDER BY sorts final rows. | When combined in written SQL, GROUP BY appears before ORDER BY."
stage10-lesson-093-tracer.jpg,Source transcript verified,66e2ba52583c42c6611fd4cdd6e56b2ce00251bdc18ba15cac6365f0f072ddae,,Trace one customer table query | Interactive SQL tracer | CustomerID | Choose a query to see the result.
stage10-lesson-094-answer.jpg,Source transcript verified,8d74af44d183ac9ee603523f07fd1be2f01d768ae6552de55c05e1f4b05e82d0,,"Use the smallest frame that fits the command | Answer frames | Calculation write formula, substitute values, show unit conversion, state final unit. | Comparison Item A does X whereas item B does Y; link to scenario if asked. | Security control threat, control, mechanism, consequence, limitation if needed. | Processor trace name register/bus, state transfer/action, then next step. | Ethics evaluation stakeholder, benefit, concern, safeguard and justified judgement. | SQL SELECT fields, FROM table(s), WHERE filter, GROUP BY/ORDER BY if required."
stage10-lesson-094-commands.jpg,Source transcript verified,f55b2d3b2578156e2576d09c60a026b35615ce6c5d7650f64343ef3d522ecf0d,,"What each command word usually demands | Command words | Answer shape | Weak answer pattern | State / identify | one precise term or value | writing a paragraph and hiding the answer | Describe | what happens or what it is | saying only why it is useful | cause plus consequence, usually with because/so that | listing a keyword without mechanism | paired differences using both items"
stage10-lesson-094-decoder.jpg,Source transcript verified,35930b43d1d7194887d3009a892b9ea5f21c09c53abb0eef27576a984cee67cf,,Decode the command word before writing | Interactive command decoder | Command word | Choose a command word to see the expected answer shape.
stage10-lesson-094-map.jpg,Source transcript verified,fa81e07af5c48aae762d06c1863cd2b2849364f1f4f527f17ccde377aa062240,,"Paper 1 sections and question clues | Paper map | Section 1 binary/hex, storage units, images, sound, compression, file size calculations | Section 2 LAN/WAN, packets, protocols, IP/MAC/DNS, hardware, performance | Section 3 input/output/storage, RAM/ROM/cache, embedded systems, logic gates | Section 4 CPU, registers, buses, FDE cycle, interrupts, performance factors | Sections 5-6 OS roles, utilities, translators, errors, security threats and controls | Sections 7-8 ethics, ownership, impacts, relational design, SQL and data protection"
stage10-lesson-094-strategy.jpg,Source transcript verified,edbc18bf0ce58a4a270f6ab56dfef2c726048fb99b22dcc986f729fff7189384,,"The 30-second annotation routine | Mixed question strategy | What to mark | Why it protects marks | 1. Topic clue | underline the syllabus clue: register, packet, licence, primary key, etc. | prevents selection of an unrelated syllabus concept | 2. Command word | circle state, describe, explain, compare, justify or evaluate | sets depth and answer structure | 3. Output type | calculation, table, SQL, diagram label, prose explanation | prevents writing paragraphs when a method/result is needed"
stage10-lesson-095-marking.jpg,Source transcript verified,c5aaf07dbf248f66a701162e8fa67046f3d371b1bf0f6f5051646fd9fd1a65a1,,"Three checks before moving on | Self-marking | Question to ask | Fix if missing | Precision | Did I use the exact term or unit? | add the term, register, SQL clause, protocol or unit | Mechanism | Did I say how it works? | add the process: filters, encrypts, schedules, links, fetches | Did I link to the scenario? | name the user, network, database, school or business from the question"
stage10-lesson-095-planner.jpg,Source transcript verified,87890a56e06bb6c231fdb23d8a1a02e5f7ad566cc8a22ea6c5fea24dde4d6533,,Estimate a sensible time budget | Interactive mark planner | Marks available | Choose a mark value to see the target writing behaviour.
stage10-lesson-095-quiz.jpg,Source transcript verified,2cc62b2fe8e675804b07b87e34278df1ffaa6c89817ec598390965365c95e33b,,Quick retrieval across Paper 1 | 5-minute quiz | Use the timer below if you want the pressure. The questions here are deliberately short. | 1. What is the 8-bit denary range for unsigned binary? | 2. Name the protocol used to transfer web pages securely. | 3. Which register stores the address of the next instruction? | 4. Which translator executes code one statement at a time? | 5. Which SQL clause filters records?
stage10-lesson-095-short.jpg,Source transcript verified,8a4c4119c60500627103a746c7f8621d7bc85a9e8fa3145952b92637e816f657,,"Compress the answer, not the marks | Short-answer craft | Definition Term + essential property. Example: A primary key uniquely identifies a record. | Calculation Formula + substitution + conversion + unit. Skip none of these. | Explain Mechanism + consequence. Use ""because"" or ""so that"". | Compare Paired differences. Use ""whereas"" to force contrast. | SQL Required fields, table, condition/group/sort. Avoid SELECT * unless asked. | Evaluate Benefit, concern, safeguard, judgement. Keep each point short."
stage10-lesson-095-timer.jpg,Source transcript verified,be9e9cbbf8587d0c6d1c68d09f484055d8a864e7527d0e86762de320eb179ed6,,Run a timed short-answer sprint | Interactive timer
stage10-lesson-095-timing.jpg,Source transcript verified,dac8793317b9f681086c44ec3e66764c3fd9c87d267151c1b5da7a3cd69740cb,,"A practical mark-per-minute model | Use one declared mark-to-time rate consistently across the practice set. | The example planning rate is one minute per mark, so equal marks receive equal time. | Reading, planning, writing and checking all fit inside the question's total target time. | Marks guide both the time budget and the required answer depth."
stage10-lesson-095-triage.jpg,Source transcript verified,748f20fd360498a8fcb9ece3d17df9dffd6372c4addeaa0727e38dcf6c9a0327,,"Decide: answer now, flag, or return later? | Interactive question triage | Situation | Choose a situation to decide a practical exam move."
stage10-lesson-096-balance.jpg,Source transcript verified,6fee3fd6dd2414c0dd0203a7f8a36ff4f65d05c1bd71f7103e4e5ff42ae319f7,,"Evaluation is not just ""good and bad"" | Stakeholder Name who is affected: student, staff, customer, business, public, developer. | Benefit Explain the advantage and who receives it. | Concern Explain harm, risk, fairness, privacy, legal or environmental issue. | Safeguard Add condition, limit, policy, access control, transparency or testing. | Judgement Reach a conclusion using provided that, unless, only if or because. | Scenario Use the actual organisation, users and data in the question."
stage10-lesson-096-map.jpg,Source transcript verified,319ac90c7d37e9e1d774684f1747a7fea377834630e36d3a6af15a0546f66ff6,,"Extended-response topics across Paper 1 | Question map | Representation choice justify storage, compression, image/sound settings and file-size trade-offs | Communication compare networks, models, protocols, media and cloud services in context | Hardware/processor explain component roles, FDE cycle, interrupts and performance factors | System software compare translators, OS roles, utility software and development choices | Security explain threats, controls, limitations and data integrity consequences | Ethics/databases evaluate impacts and design relational data/SQL solutions with justification"
stage10-lesson-096-marking.jpg,Source transcript verified,347df95068d28fe62c26e28d5c67a0d485f74e848c2558ad9598de94228e38fb,,"How extended marks usually appear | Marking focus | Mark type | What earns it | What loses it | accurate named point or fact | vague wording such as ""secure"" or ""efficient"" | method, mechanism, comparison or logical development | keyword with no explanation | application, consequence, judgement or correct final result | generic answer that ignores the scenario"
stage10-lesson-096-planner.jpg,Source transcript verified,76d3c55585a0294f33168faffd2b5eb9ff891b544c0639b5b6be2c48a4d6b240,,Choose a structure before writing | Interactive response planner | Question type | Choose a question type to see a compact plan.
stage10-lesson-096-structure.jpg,Source transcript verified,447882c8f0ef4cf871a4859f04af7b7d1937ad919900cb74a882bd8abb886f57,,"Three reliable extended-response shapes | Structure | Question type | Sentence pattern | Explain three... | 3 x named point + mechanism + consequence | Control X works by..., so in this scenario... | Compare... | 3 paired contrasts | A does..., whereas B does..., which matters because... | Evaluate/discuss... | benefit + concern + safeguard + judgement | Although..., however..., therefore only if..."
stage10-lesson-097-clinic.jpg,Source transcript verified,78de7ab3447992a3320f7e7189c2cb1b3b2e2298db84ee4e7a6ac4e41caceb3a,,"The rewrite protocol | Correction clinic | 1. Label Write the section/topic and command word beside the question. | 2. Locate Underline the exact missing mark: term, method, mechanism, context or judgement. | 3. Rewrite Write a new answer, not a note saying ""be more careful"". | 4. Mark Use B/M/A labels to show why the corrected answer earns marks. | 5. Drill Create one similar question and answer it under a time limit. | 6. Track Record whether the issue is knowledge, method, wording or timing."
stage10-lesson-097-coverage.jpg,Source transcript verified,1ff53f759b6ef3dd61277876a86a9d0e08607cd4d1ed60a5aa468a0b8840f11e,,"Paper 1 correction checklist | Coverage map | Section 1 units, binary/hex, image/sound file size, compression method and units | Section 2 network types, protocols, packets, addressing, hardware and performance | Sections 3-4 hardware choice, memory/storage, logic, registers, FDE, interrupts, performance | Section 5 OS roles, utilities, translators, errors, linkers/loaders/libraries | Section 6 threats, CIA, authentication, access rights, encryption, hashing, firewalls, backup | Sections 7-8 ethics, ownership, environmental/social impact, relational design, SQL, validation/verification"
stage10-lesson-097-diagnosis.jpg,Source transcript verified,62792773bf8d3b30e9ce4ce41afbbcd28fa59d76c3aee787adbe3cf283b3fc90,,"Four common sources of lost marks | Diagnosis | Error type | What it looks like | Repair move | Topic gap | wrong section or wrong concept | re-label the syllabus area and write the first correct keyword | Command error | state/describe/explain/compare/evaluate answered with wrong depth | reshape the answer to match the command word | Method error | calculation, SQL, trace or logic method is wrong/incomplete"
stage10-lesson-097-error.jpg,Source transcript verified,7c6ff4ef34bcc580f4e6e68c8cbd6ec283345ab733d33db5d705410add9bc5c0,,Classify the flaw before rewriting | Interactive error classifier | Weak mock answer | Choose a weak answer to classify the correction need.
stage10-lesson-097-rewrite.jpg,Source transcript verified,1f49af9504b8bc64ac66831dd8725c036350d91c3e18e69b2366e2e9fbed52a3,,Build a corrected answer sentence | Interactive rewrite builder | Missing focus | Choose a focus and topic to generate a repair model.
stage10-lesson-097-routine.jpg,Source transcript verified,62af4770e96e4c3e69aa2b9cb08fa106819088f1e219605e64fc5a03c286160b,,How to use the mock after today | Review routine | Same day | classify every lost mark | error tally by topic and flaw | Next 48 hours | rewrite the top five weak answers | corrected answers with MS labels | Next week | retry similar questions under time | evidence that the error has changed | Maintenance | mix one Paper 1 drill into Paper 2 weeks
stage10-lesson-097-score.jpg,Source transcript verified,eb704adb3078324c2c7a5b8f7cab6fcabfac18a20a5b55c0ac4a322a42888de0,,Turn a score into a repair priority | Interactive score analyser | Mock score band | Choose a score pattern to see the repair priority.
stage10-lesson-098-concept.jpg,Source transcript verified,af6b31f00cca42d7239bd57b3d044720cb138b0c445734f4b8ec91943673e09f,,"An algorithm is a solution expressed as defined steps | An algorithm is a solution to a problem expressed as a sequence of defined steps. | Each step must be unambiguous, ordered where order matters and capable of being carried out. | Identify what data is supplied, state the required transformation and state the exact result. | Record limits, quantity requirements and supported assumptions. | Check that every requirement maps to an input, process, output, constraint or assumption."
stage10-lesson-098-constraints.jpg,Source transcript verified,e7fc8710af6eefe9e72c7cc2f9a6a696f3fc6dacff76bc09953fac0eae2a56de,,Constraints stop algorithms from wandering off | A range of 0 to 100 requires both limits to be checked. | Exactly 10 supplied readings means the plan must process all 10 readings. | A capacity of 30 bookings means a request beyond the remaining capacity must be rejected. | Each stated constraint must have a specific consequence in the plan.
stage10-lesson-098-model.jpg,Source transcript verified,71578eb814b6b76800461d878f0026c263158e566515799845470e9ca2abf751,,Use IPOC before choosing a representation | List each input and record its type or range when the problem supplies them. | Write the required processing in ordered natural-language steps. | State the exact required output. | Record constraints and supported assumptions. | Confirm completeness before choosing a representation.
stage10-lesson-099-abstraction.jpg,Source transcript verified,6739cf1400271c2c05d2c0a380658a53f49810493ba936081de205e1bd748120,,"Abstraction: keep the details that affect the algorithm | Keep details that affect an input, rule, calculation, constraint or output. | Ignore decoration that does not change the required result. | Ask whether removing a detail would change the result. | Explain why a detail is relevant or irrelevant rather than only labelling it."
stage10-lesson-099-decomposition.jpg,Source transcript verified,9a34a377a7a25e678cf143bf7a4ffc538d8e1c4abfe7e0c4d3a065635472bc77,,"Decomposition: split the problem into sub-problems | Split the whole task into meaningful sub-problems with distinct responsibilities. | Express the resulting design as program modules with clear inputs, processing and outputs. | A module may become a procedure that performs an action or a function that returns a value. | Confirm that all modules connect into one complete solution."
stage10-lesson-099-filter.jpg,Source transcript verified,df33f510d40fc4ba1660b05d84ba05a6105fdfb90b86269f8a69755ac7bfa771,,Keep or ignore details | Interactive abstraction filter
stage10-lesson-099-pattern.jpg,Source transcript verified,a34c63085ec1f6ff4496afd6e30f5250c785fd5fb958d9b3639ebc64d5a5d10d,,Produce an abstract model | Underline the required output and keep only details that affect it. | Create verb-based sub-problems with distinct responsibilities. | State each sub-problem's input and output. | Check that the parts collectively meet every requirement without gaps or overlap. | The result is a natural-language responsibility plan ready for a later representation lesson.
stage10-lesson-099-sorter.jpg,Source transcript verified,84b80a2b9f0dae91c7cc7c346445aade85dbce9a20e9c26af8118dbf49d0c77c,,"Classify the design move | Interactive task sorter | Design statement | Choose a statement to see whether it demonstrates decomposition, abstraction or an error."
stage10-lesson-100-combining.jpg,Source transcript verified,3a338daf9df0fcd1d08e6b76f0c213a249da09d8b0294dbaa547ad1de72c2559,,Real algorithms usually combine the three structures | Combining structures | 1 Use sequence to initialise variables and read inputs. | 2 Use iteration when the same action happens repeatedly. | 3 Use selection inside the loop when each item needs a decision. | 4 Use sequence after the loop to calculate or output final results. | 5 Indent nested structures so the examiner can see the logic.
stage10-lesson-100-iteration.jpg,Source transcript verified,1b0efb10f7504fafe8c2e531d279433c23282977b17db22f286fbbb885a710b6,,Iteration: repeat steps | Knowledge explanation | Use when | Cambridge-style pattern | Count-controlled | the number of repeats is known | FOR Count <- 1 TO 10 ... NEXT Count | Condition-controlled | repeat until a condition changes | WHILE Number <> -1 ... ENDWHILE | Repeat-until style | the body must run at least once | REPEAT ... UNTIL Valid = TRUE
stage10-lesson-100-pseudocode.jpg,Source transcript verified,f561d1d7b018e25768ff33d07bd27b50e15ff654dfd233597af306b73c8d5977,,Cambridge pseudocode is the exam form; Java is support only | Initialise PassCount to zero before processing five marks. | Input Mark inside the FOR loop and increment PassCount only when Mark is at least 50. | Close the conditional with ENDIF before NEXT Count. | Output PassCount after the loop.
stage10-lesson-100-selection.jpg,Source transcript verified,d31ae883d43d98a852f442873b82c8da585c788e1c6459c32c3b91d61a1457ce,,"Selection: choose a path using a condition | Knowledge explanation | Selection is used when the algorithm must decide between different actions. | INPUT Mark | IF Mark >= 50 THEN | OUTPUT ""Pass"" | OUTPUT ""Resit"""
stage10-lesson-100-sequence.jpg,Source transcript verified,eabcdca407bbfb67a9e1e31b64c90664960a1f09ae33924187d53466bfbd6f6c,,"Sequence: steps run in a fixed order | Knowledge explanation | Sequence is used when every step must happen once, in order, with no branch and no repetition. | INPUT Length | INPUT Width | Area <- Length * Width | OUTPUT Area"
stage10-lesson-101-equivalence.jpg,Source transcript verified,2611a23a0865fbb960ceb06abb61cd5428b707c7bc2ffe5ef182e06ae6c8549e,,A diamond becomes IF...THEN...ELSE | A flowchart decision diamond becomes an IF condition in pseudocode. | The labelled Yes and No branches become THEN and ELSE branches. | Close the selection with ENDIF after the two branches rejoin. | Input Age before testing whether it is between 11 and 18 inclusive.
stage10-lesson-101-flowcharts.jpg,Source transcript verified,cd1f854e590ece280921ad1bffbdcf476d55071240ef328c8aa9036b9e77179d,,Flowcharts use symbols to show control flow | A terminator marks START or END; a parallelogram marks INPUT or OUTPUT. | A rectangle marks a calculation or assignment; a diamond marks a yes/no decision. | Flow lines show the next step and decision branches must be labelled. | Every output value must first be assigned or input. | A loop must contain a route that can change its condition.
stage10-lesson-101-notation.jpg,Source transcript verified,8e68de006181ce2aabb08202c5297a77c17e48f215d2959cd50f4c5dfc0cb60c,,"Readable notation earns marks more easily | Notation rules | One entry Flowcharts should have a clear start and a clear direction of travel. | Decision labels Decision outputs should be labelled, usually Yes/No or True/False. | Indentation Indented pseudocode shows which statements belong inside a branch or loop. | Matching endings Use ENDIF, NEXT, ENDWHILE or equivalent to close a structure clearly. | Meaningful names Use Mark, Total, Count, Found instead of X1 unless the question gives X1. | No mixed syntax Do not mix Java braces with Cambridge pseudocode keywords in the same answer."
stage10-lesson-101-pseudocode.jpg,Source transcript verified,c5d9e5e9bcd1a8a1b3a3cb7f23dfbde8d2dd8ebf7983b55c268b7ae459958f9b,,"Cambridge-style pseudocode uses structured keywords | Knowledge explanation | Selection | INPUT Mark | IF Mark >= 50 THEN | OUTPUT ""Pass"" | OUTPUT ""Resit"" | Count-controlled iteration | Total <- 0 | FOR Count <- 1 TO 5 | Total <- Total + Mark | NEXT Count | OUTPUT Total"
stage10-lesson-101-structure-tool.jpg,Source transcript verified,07890ebfe2c90434c6b3427484964cb79ca314b2a0a540d724c63e59289c171d,,Match scenario to pseudocode structure | Interactive structure tool | Scenario clue | Choose a clue to see the likely structure.
stage10-lesson-101-symbol-tool.jpg,Source transcript verified,a597ea6fe0746c6d9ecbeab232cd96d19a53ba27e0bf4a93be4f0d05027bd55c,,Choose the correct flowchart symbol | Interactive symbol tool | Algorithm step | Choose a step to see the matching symbol and reason.
stage10-lesson-102-dry-run.jpg,Source transcript verified,74c249f04261e2bf5d311a53cfbe9f53a097b5f197b14fe8262ed0b65971b221,,Dry run: execute the algorithm by hand | 1 Copy the variable names into table columns. | 2 Write initial values before the loop starts. | 3 Use each input value in order. | 4 Update variables exactly when pseudocode updates them. | 5 Record output only when an OUTPUT statement is executed.
stage10-lesson-102-loops.jpg,Source transcript verified,c13d61535ab402f449bc73b506b752e9b9c499b329fdc5f34b1230c36220f2dd,,"Loops make trace tables useful and slightly unforgiving | Loop tracing | Initialisation Variables such as Total and Count usually need a starting value before the loop. | Update Record new values after assignment, not before. | Condition For WHILE loops, check the condition before each iteration. | Sentinel A sentinel value stops input and should usually not be processed as data. | Output timing If OUTPUT is after the loop, output appears once at the end. | Boundary Check whether loops run 5 times, 6 times, or one time too many."
stage10-lesson-102-predictor.jpg,Source transcript verified,92313e8dd700d8e5060c2fd922c640f9a93d4baac48f15bc226d83e5f391ceba,,Predict the final output | Interactive output predictor | Input set | The pseudocode totals three input numbers and outputs Total.
stage10-lesson-102-pseudocode.jpg,Source transcript verified,ab6add276be9821933ac0304518a4b3773514f12f3a2d71b97d11f1fdc735738,,"Trace Cambridge pseudocode in the exam; Java is only a support view | Initialise Total to zero before a three-iteration loop. | Input one Number and add it to Total during each iteration. | Output Total once after the loop has processed all three numbers. | A Java support version must preserve the same input, accumulation and final output."
stage10-lesson-102-trace-table.jpg,Source transcript verified,19b35965d84f159e538cae9282af1a8ff2204e292974042e1a51f06b67fdc3e2,,"A trace table records variables after each change | Knowledge explanation | What it records | Exam note | Line / step | which statement is being executed | optional, but useful for debugging | Input value | the test data read by INPUT | do not invent values not given by the question | Variable columns | current values of Count, Total, Mark, Found, etc. | write changed values clearly"
stage10-lesson-103-checks.jpg,Source transcript verified,372ed464029f00f342656c2a3c092e8220566fd54bee19660b952d5da227707c,,Match the rule to the risk | LENGTH(Postcode) <= 8 is a maximum-length check. | The rule accepts no more than eight characters and prevents input that is too long. | It does not require exactly eight characters. | Use equality or bounded limits only when an exact or minimum-and-maximum length is intended.
stage10-lesson-103-defensive.jpg,Source transcript verified,2e64eb558b61279421e31af68cdca9592496f45e83c868121f02b3cc8329b6c1,,"Reject bad input, then ask again | Defensive input handling | 1 Input the value. | 2 Test the validation condition. | 3 If invalid, output a helpful message. | 4 Repeat input until valid. | 5 Process only the accepted value."
stage10-lesson-103-pseudocode.jpg,Source transcript verified,0a7cb2b0120b7d93d02e21f58633a7eff1a63d3c30ad01efc7e2e79268c1e390,,Use Cambridge-style validation loops in the exam | A post-condition validation loop starts with REPEAT and ends with UNTIL. | Input Mark inside the loop so every retry obtains a replacement value. | Close the invalid-mark selection with ENDIF before UNTIL. | A Java do-while support version must begin with do and close its blocks correctly.
stage10-lesson-103-tester.jpg,Source transcript verified,95bb296fd53086058effae8b46eff26628e10790e2c60e01e704e20e14a5e88f,,Test a mark against 0-100 | Interactive input tester | Enter a mark and test whether it is valid.
stage10-lesson-103-validation.jpg,Source transcript verified,027262a4d8121a0ced1a68041fbcf5f32e2aa3fbdbb6ff048adb1008905533c0,,"Validation checks whether input follows a rule | Knowledge explanation | What validation does | Validation rejects unacceptable input before processing. It can check range, presence, length, type, format, existence or check digit rules. | What validation does not do | Validation does not prove input is true. It checks whether input is reasonable or follows the expected pattern. | Example: age 15 passes a school-age range check, but it might still be a lie."
stage10-lesson-104-binary.jpg,Source transcript verified,d824ea6681fbe42a816b900e17e0057b896b30d47897144d599119090d840e75,,"Binary search repeatedly halves a sorted list | Binary search requires sorted data and repeatedly narrows the search interval. | In Cambridge pseudocode, / performs real division and DIV performs integer division. | Mid <- (Low + High) DIV 2 | This produces an integer array index."
stage10-lesson-104-binary-tool.jpg,Source transcript verified,86680b2ad3434e06b08b6fff55fec7845fb27b2dde4624cf820d8fd0924d5fbb,,"Trace binary search on sorted data | Interactive binary trace | Target in [13, 21, 42, 56, 70, 88, 91] | Choose a target to trace low, mid and high."
stage10-lesson-104-compare.jpg,Source transcript verified,c81ea57086a258004556a112cac6196430283450e7f8b6f1a517674fff2cbb93,,Choosing the right search | Comparison | Linear search | Binary search | Data order | works on unsorted or sorted data | requires sorted data | checks each item one by one | checks middle and discards half | Worst case | may check every item | checks far fewer items for large sorted lists | Exam phrase
stage10-lesson-104-linear.jpg,Source transcript verified,475e71abaeef0c23b56140ff8ad6f5caba2a21dd963582a0dd649b7df5dd6ebf,,"Linear search checks each item in order | Knowledge explanation | How it works | Start at the first item. Compare it with the target. If it matches, stop. If not, move to the next item until found or the list ends. | When it is suitable | Use it when data is unsorted, the list is small, or simplicity matters more than speed. | Worst case: the target is last or absent, so every item may be checked."
stage10-lesson-104-linear-tool.jpg,Source transcript verified,bb122a827f04e7ec26968f986ce324ea1dc1c4b7b3273772fc724c79281a830e,,"Trace linear search | Interactive linear trace | Target in [13, 42, 56, 70] | Choose a target to trace comparisons."
stage10-lesson-104-pseudocode.jpg,Source transcript verified,df34e392a0a462e2ad229c3d2ee8dd03500aa80a9b0a2f925dd3d7c24bac56c4,,"Cambridge pseudocode is the exam format | Initialise Found to FALSE and Index to the first valid position. | While the target is not found and Index remains valid, compare the current item. | Close the match selection with ENDIF, then increment Index. | ENDWHILE closes the surrounding search loop."
stage10-lesson-105-bubble.jpg,Source transcript verified,e3fadbbde37a6774cd77607c984c6a5c350d415cb7543d864686e944af1c9a9f,,"Why bubble sort repeats adjacent comparisons | Bubble sort compares adjacent items and swaps an inverted pair. | For [1, 4, 2, 5, 8], pass 2 makes one swap: 4 and 2. | The resulting list is [1, 2, 4, 5, 8], and the next pass makes zero swaps. | Repeatedly exchange adjacent books until the largest reaches the shelf end. | One pass does not generally sort the entire list."
stage10-lesson-105-compare.jpg,Source transcript verified,ffa291da504fddb392fdb3b2ce89ef95017358051841ce62d1d0914d18e5db82,,Why the sorts move data differently | Bubble sort repairs local inversions through repeated neighbouring swaps. | Insertion sort moves one key through an existing sorted region. | Their movement patterns produce different trace states and operation counts. | One method swaps neighbours; the other opens a gap for one selected card. | Both remain quadratic in the typical worst-case school-level analysis.
stage10-lesson-105-insertion.jpg,Source transcript verified,4d9dea8be5649fd0da9c29e323d34737f1a556c3b2813b666b0d282810d9b04d,,"How insertion sort grows a sorted region | Treat the first item as an already sorted region. | Remove the next key and shift larger sorted items right. | Insert the key into the gap, expanding the sorted region. | Insert each new card into the correct place in an ordered hand. | The left region is sorted, but the unprocessed right region is not."
stage10-lesson-105-pseudocode.jpg,Source transcript verified,f747fc10f27bc45fe0c8a63306e2b324e9f9e0b29185b9ff545f61f9bcc9789b,,"Why a trace follows state | Record the variables and list at the agreed trace point. | Apply exactly one comparison, swap, shift or insertion step. | Write the new state before advancing the loop. | A laboratory log records each changed state, not the punctuation of instructions. | A trace must use the algorithm's actual update order."
stage10-lesson-106-fixed.jpg,Source transcript verified,c0a71a6c990e259d41d1f57a7baa4496ddd5c6d11407e09462be8a8195a90069,,"When the number of values is known, use a count-controlled loop | Fixed-count input | Example: total and average of 4 scores | Total <- 0 | FOR Index <- 1 TO 4 | INPUT Score | Total <- Total + Score | NEXT Index | Average <- Total / 4 | OUTPUT Average | Trace focus | For scores 72, 55, 91, 64, the total becomes 72, 127, 218, 282. The average is 70.5. | Do not output the average inside the loop unless the question asks for a running average."
stage10-lesson-106-initialise.jpg,Source transcript verified,ae293b33ce4e40b78ab338d19e56c4910b133101f6aeb48fc60ce00d47ed2ef9,,The starting value decides whether the algorithm is honest | Initialise totals and counters to zero before processing values. | Initialise Maximum and Minimum from the first real input value or from proven safe bounds. | Compare each remaining value with Maximum and Minimum. | Replace Maximum only when a larger value is found and Minimum only when a smaller value is found.
stage10-lesson-106-patterns.jpg,Source transcript verified,c0f6c7d44bb63e192e531abc48c2522f777e36fec1b8e8027f57942bd8be232a,,"Four running-value patterns | Knowledge explanation | Start with a concrete list, then name the algorithm pattern. | Variable | Update rule | Total <- Total + Value | running sum of values | Count <- Count + 1 when a value is processed or meets a condition | number of items | Maximum | replace when Value > Maximum | largest value seen so far | Minimum"
stage10-lesson-106-pseudocode.jpg,Source transcript verified,1330c07615b61cb2a365a661e24ef2313f7fe9c3904921283138b4364f1e785b,,Use Cambridge assignment and loop keywords in exam answers | Initialise Total and PassCount to zero before processing five marks. | Every input mark is added to Total. | Increment PassCount only when Mark is at least 50 and close that selection with ENDIF. | Output Total and PassCount after NEXT Index.
stage10-lesson-106-sentinel.jpg,Source transcript verified,08c41fc71afb54d6268dfb2fea21ef9cf651df3ecdbf47628e7faf96f4718c3d,,"When input stops on a special value, do not process the sentinel | Initialise Total and Count, then input the first Number. | While Number is not -1, add it to Total and increment Count. | Input the next Number at the end of the WHILE body before ENDWHILE. | The sentinel -1 stops the loop and is not added or counted."
stage10-lesson-106-trace-tool.jpg,Source transcript verified,85518e74ebed94453224c6a3abf571b252913483e23575787501405535aa1eda,,"Watch running variables change | Interactive trace simulator | Data set | Choose a data set and goal, then trace the algorithm."
stage10-lesson-107-build.jpg,Source transcript verified,527e6cd0e03b80ffa78c4cd980499f2aaa287ae18274a1633a4354cbed55ca0d,,"Some algorithms construct a new string one character at a time | Building output | Remove spaces from a string | NewString <- """" | FOR Index <- 1 TO LENGTH(Text) | Character <- character at position Index | IF Character <> "" "" THEN | NewString <- NewString & Character | NEXT Index | OUTPUT NewString | Why concatenation matters | For ""A S"", the algorithm appends A, skips the space, then appends S. The result is ""AS""."
stage10-lesson-107-model.jpg,Source transcript verified,7d4b5588de467f4950aeabb6bb9901013782a9a8dd8f9c4f08116738f97f925d,,"A string algorithm needs position, character and stopping point | Knowledge explanation | Concrete model | In Cambridge-style reasoning, text is processed by taking one character at a time from a known position. | Word <- ""DATA"" | FOR Index <- 1 TO LENGTH(Word) | Character <- character at position Index | OUTPUT Character | NEXT Index | Trace for ""DATA"" | Character"
stage10-lesson-107-patterns.jpg,Source transcript verified,785e3ba502f8ce6c89138f0096afd0d312e4f0fd543dd67bed997ec2a76ee104,,Most AS string algorithms are four familiar patterns | Core patterns | State variable | Typical condition | Character = Target | number of matches | Found flag | Character = Target | true/false or position | Validate | Valid flag | character is allowed / not allowed | valid or invalid
stage10-lesson-107-pseudocode.jpg,Source transcript verified,5c257e28e1cd74b3a3f05aa7a4417d516a83f036c941e3f3b0b7426bce29e760,,"Keep exam pseudocode readable and avoid Java indexing leakage | Visit each character position in Word and normalise the current character with UCASE. | Increment VowelCount only when the character is A, E, I, O or U. | Close the vowel selection with ENDIF before NEXT Index. | Output VowelCount after the loop."
stage10-lesson-107-scanner.jpg,Source transcript verified,c334914aedc967071f7c0203ce06a51426b6a9effa6a79d15b8732839ad2fe0f,,"Trace character processing | Interactive string scanner | Operation | Choose text and operation, then trace the string."
stage10-lesson-108-counting.jpg,Source transcript verified,7b5f9e08b89f4c33b17e105e0b9dc6b8fd5ae77e7d80e287a39e6d19eb0e1db9,,"Total visits = outer repetitions x inner repetitions | Counting steps | FOR Row <- 1 TO 2 | FOR Column <- 1 TO 3 | OUTPUT ""*"" | NEXT Column | NEXT Row | Count it | The OUTPUT ""*"" statement runs 2 x 3 = 6 times. The inner loop runs fully for Row 1, then fully again for Row 2. | Do not add 2 + 3. Nested loop visits multiply when every inner loop runs for every outer loop value."
stage10-lesson-108-model.jpg,Source transcript verified,0bc241773a4011d6b70c2e3bcbe5c906deac0f6aad592edb2a5cdb3a1bd9e880,,"Outer loop first, inner loop second | Choose nested-loop order from the required traversal and grouping, not from which range is wider. | The outer-loop value changes less frequently. | The inner loop completes its full traversal for every outer-loop value. | In row-major traversal, hold one row while visiting every column, then advance the row."
stage10-lesson-108-pseudocode.jpg,Source transcript verified,392e718e2aa60f686c0ea5b06cf5935e002a8a81127e454da3928c66f991abf0,,Indentation is evidence in nested loops | Use an outer loop for three rows and an inner loop for four columns. | Calculate Product from the current Row and Column inside the inner loop. | Output Product during every inner-loop iteration. | A corresponding Java support version must also output each product.
stage10-lesson-108-reset.jpg,Source transcript verified,3c15d28d4643f139046cebfdc7a6eaa586a681f64ed932262c7315790d407b95,,Put row-level variables inside the outer loop | Reset rules | Correct: row total resets for each row | GrandTotal <- 0 | FOR Row <- 1 TO 3 | RowTotal <- 0 | FOR Column <- 1 TO 4 | INPUT Mark | RowTotal <- RowTotal + Mark | NEXT Column | OUTPUT RowTotal | GrandTotal <- GrandTotal + RowTotal | NEXT Row
stage10-lesson-108-table.jpg,Source transcript verified,724b0cda27ab694bd1b8642e9f601366bf36048d22ebcb051b37c243ceeb0560,,Table-style problems usually scan row by row | Table traversal | Problem type | Outer loop | Inner loop | Typical output | Grid / table | cell coordinates or cell values | Class marks | students | subjects/tests | row total or average per student | Multiplication table
stage10-lesson-109-cases.jpg,Source transcript verified,84b100518306775190033ee52e7fc01641f1016dfb2dd1815e7e059fd31c8b9c,,"The same algorithm can behave differently on different inputs | Best and worst cases | Linear search | Found <- FALSE | Index <- 1 | WHILE Found = FALSE AND Index <= Length | IF List[Index] = Target THEN | Found <- TRUE | Index <- Index + 1 | ENDWHILE | Case language | Best case: target is first, so only 1 comparison. Worst case: target is last or absent, so all n items may be checked. | Do not say ""linear search is always slow"". It can be quick in the best case, but grows linearly in the worst case."
stage10-lesson-109-estimator.jpg,Source transcript verified,b9fd1fd5e661132f1a55cba9fa54194ff7fcf69e4d2f2b0cf9184e4826b4ce06,,"Estimate the work | Interactive step estimator | Input size n | Algorithm pattern | Choose a size and pattern, then estimate the number of steps."
stage10-lesson-109-loops.jpg,Source transcript verified,00d810410781bcedfe74cbade6daf74cf7b7461bde48ce77a1277f45b31a7c84,,Loops reveal how work grows | Loop growth | Structure | Work for n items | AS-level explanation | Single loop | total all marks | n additions | one step per item | Nested loop | n rows and n columns | n x n visits | inner loop repeats for every outer value
stage10-lesson-109-measure.jpg,Source transcript verified,4582a5786fee40de27c80f44501ab300df234cec27558c8a624533a6e27628b5,,"Efficiency is about resources used | Knowledge explanation | What to count | Exam wording | Common error | comparisons, loop repetitions, steps | fewer checks / fewer iterations | ""faster"" without reason | extra variables, arrays, copied data | uses less memory / no extra list | ignoring memory when data is copied | Input size | number of items, characters, rows, columns"
stage10-lesson-109-pseudocode.jpg,Source transcript verified,8ddc7827e394df03321a1066f2ff83f2ae488a5ec79d278c97d5c5f574b5a372,,"Efficiency explanations are language-independent | A linear search compares Target with each visited list item. | Set Found to TRUE only inside the matching IF branch. | Close the selection with ENDIF before NEXT Index. | Without early exit, the algorithm can perform up to Length comparisons in either language."
stage10-lesson-109-search.jpg,Source transcript verified,742ec4029ca3e4b0846265f3ce8d84315e8d68b153415b68926f790b6b37e582,,"Linear search checks one by one; binary search halves a sorted list | Search comparison | Linear search on 8 items | Worst case: check item 1, 2, 3, 4, 5, 6, 7, 8. That is up to 8 comparisons. | [3, 8, 11, 18, 25, 31, 40, 52] | target 52 -> 8 comparisons | Binary search on sorted 8 items | Compare the middle item, discard half, repeat. For 8 items, the target is found or ruled out in about 4 checks. | middle 18 -> search right | middle 31 -> search right | middle 40 -> search right | middle 52 -> found"
stage10-lesson-110-cleaner.jpg,Source transcript verified,4ba4479357c2bae766d8166abfdba502026c72d2817d952b9cc6c2de78c20804,,Convert Java-like syntax into Cambridge-style pseudocode | Interactive Java cleaner | Java-like fragment | Choose a fragment to convert.
stage10-lesson-110-conversion.jpg,Source transcript verified,79b969fa7694b4a721aaac051165fb22d2f660eed37c30af9830606497653455,,"Convert meaning first, syntax second | Preserve the algorithm's meaning before converting notation or syntax. | Rename abbreviated draft variables toward clearer names: m to Mark, i to Index and pc to PassCount. | Use Cambridge blocks after the inputs, processing and outputs are defined. | Trace the completed algorithm once to verify where each value changes."
stage10-lesson-110-java.jpg,Source transcript verified,1def18be1c84d0d53870799b231cbed1328f8ed1f78fb4750cafce524ff74b19,,"Keep Java syntax out of Paper 2 unless Java is explicitly requested | Java braces, semicolons and increment operators are support syntax, not Cambridge pseudocode. | In Cambridge pseudocode, initialise PassCount and iterate over explicitly defined array positions. | Increment PassCount only when the current mark is at least 50. | Close the conditional with ENDIF before NEXT Index."
stage10-lesson-110-notation.jpg,Source transcript verified,11fcd4246da7d8081a73af50446ddfeec313a00010205c6f9206308c1364443c,,Use the symbols that make algorithm intent visible | Core notation | Cambridge-style pseudocode | Java support only | Exam note | Assignment | Total <- Total + 1 | total = total + 1; | <- shows value is stored | INPUT Mark | scanner.nextInt() | name the value being read | OUTPUT Total
stage10-lesson-110-readability.jpg,Source transcript verified,e58b25027cb48fa16116eebd26f815efbe6868d3b294d8de950afc7dc1eb57b9,,"A marker should not need detective training | Readability | Weak answer | Improved answer | Why it helps | Identifier | x, y, z | Mark, Total, PassCount | purpose is visible | Indentation | all lines aligned | nested lines indented | block ownership is clear"
stage10-lesson-110-structure.jpg,Source transcript verified,7de4b1eca4b6b289c1bb8e83a320fe2a28db14fb2137485c07ee0b3d82ee1b9a,,"Every opening should have a visible ending | Block structure | Readable selection | IF Mark >= 50 THEN | OUTPUT ""Pass"" | OUTPUT ""Resit"" | ENDIF makes the selection boundary clear. | Readable loop | FOR Index <- 1 TO 5 | INPUT Mark | Total <- Total + Mark | NEXT Index | NEXT Index shows which loop is ending, useful when loops are nested."
stage10-lesson-111-analyser.jpg,Source transcript verified,5ff80e5be6a9d2064af7bcaf1ef422691a1f50c30f48a7057fa62cfa32a682bc,,"Stepwise refinement turns a high-level algorithm into implementable modules | Stepwise refinement starts with a high-level algorithm and repeatedly replaces each complex step with a smaller sequence of defined substeps. | Refinement stops when every step is precise enough to implement and its input and output are clear. | At each level, preserve the parent step's purpose and input-process-output relationship. | Related substeps can be expressed as program modules, including procedures that perform actions and functions that return calculated values. | Every level must reduce ambiguity and collectively remain a complete solution."
stage10-lesson-111-ipoc.jpg,Source transcript verified,3a9dad5e72099f8c626c12c8fccb11bb30cd76a877104782b275956940ff11f9,,"Turn paragraphs into a design table | IPOC reading | Question to ask | Example evidence | Algorithm consequence | What data is provided? | mark, price, password, reading | use INPUT or given array/list item | What must be calculated or checked? | total, maximum, validation, search | choose assignment, IF, loop | What must be displayed or returned? | message, total, average, position"
stage10-lesson-111-pseudocode.jpg,Source transcript verified,90fab2c70f600d7c7dc6ecc77fdbf3313951364cb1eea06ffbf7d6d7a2c67fb3,,Design in Cambridge pseudocode first; use Java only to support testing | Initialise PassCount before processing five marks. | Input one Mark per iteration and increment PassCount only when Mark is at least 50. | Close the conditional with ENDIF before NEXT Index. | Output the final PassCount after the loop in both equivalent forms.
stage10-lesson-111-requirements.jpg,Source transcript verified,2ef06a8213189fedb8959065b5b7c53885b7cc4ef73f820bcfa18d00cfa7268d,,"Words in the question usually signal a control structure | Requirements | Likely structure | Variables | exactly / for each / ten values | count-controlled loop | Index, Total, Count | input 10 marks | until / while / sentinel | condition-controlled loop | Number, Total, Count | input until -1 | if / otherwise / valid"
stage10-lesson-111-structures.jpg,Source transcript verified,5a25152cef55760c584c9788beb8ac34d0b20f146b21cb40b67b48989906f823,,Pick the structure before writing the pseudocode | Control choice | Known count | Total <- 0 | FOR Index <- 1 TO 5 | INPUT Mark | Total <- Total + Mark | NEXT Index | OUTPUT Total | Use when the number of repetitions is given. | Unknown count with sentinel | WHILE Mark <> -1 | ENDWHILE
stage10-lesson-112-fixer.jpg,Source transcript verified,4f1a4797d0901771bcb2ec3c86ab762b75624cd282b6b09603b81326ca9c408d,,Turn vague answers into mark-worthy answers | Interactive answer fixer | Weak answer | Choose a weak answer to see a stricter version.
stage10-lesson-112-patterns.jpg,Source transcript verified,f8db367e3c3586878364826189628724084b071987cd6b94f5101641ddc46086,,Match the scenario to the correct algorithm pattern | Pattern choice | Scenario clue | Core pseudocode feature | One precise explanation | exactly 10 readings | Count-controlled loop | FOR Index <- 1 TO 10 | The number of repetitions is known before the loop starts. | until 0 is entered | Condition-controlled loop | WHILE Value <> 0 | The number of repetitions depends on input values.
stage10-lesson-112-pseudocode.jpg,Source transcript verified,49a34b4d8a8662f645253808ee8e31f09f33413a9446c26a0909b79f9ea8171e,,"Paper 2 wants readable Cambridge-style pseudocode | Initialise Total and Count, then input the first Value. | While Value is not -1, add it to Total and increment Count. | Input the next Value inside the WHILE body before ENDWHILE. | If Count is greater than zero, calculate Average using real division and output it. | Java may support understanding but is not the Cambridge pseudocode answer format."
stage10-lesson-112-retrieval.jpg,Source transcript verified,7eecdf92c224e48de6f4d167dc59abe03f98745301f649c6ec877b1f00bdc365,,"Section 9 in one page | Retrieval map | Signal words | Expected mechanism | Typical marking error | IPOC / decomposition | scenario, requirements, constraints | break problem into inputs, processing, outputs and rules | copying the story without design decisions | Trace tables | dry run, trace, values after each loop | update variables row by row in execution order | jumping to final answer and missing intermediate states"
stage10-lesson-112-triage.jpg,Source transcript verified,6b3ffeeb1f574e0803931108931202378ae4f8eace9b31bf1e1535f350e223e4,,"Turn question wording into an algorithm plan | Scenario triage | Step 1: Output first | Ask: what must be displayed, returned or stored at the end? The final output tells you which variables need to exist. | Output needed: average rainfall | Therefore: | Total is needed | Count is needed | Average <- Total / Count | Step 2: Stop condition | Ask: does the question state a fixed number of values, or does input continue until a condition is met? | Exactly 7 days -> FOR Day <- 1 TO 7 | Until -1 entered -> WHILE Value <> -1"
stage10-lesson-113-built-in.jpg,Source transcript verified,b45e5d4001907ead09a489997a75397e397e11c27fbcbca2489d6d6b381a1d0d,,"Core AS-level data types | Built-in types | Good example | Do not use for | whole numbers | Score, Count, Quantity | values needing decimals | numbers with fractional parts | Temperature, Mass, Average | exact counters or indexes | TRUE or FALSE | Found, IsValid, HasPaid | more than two possible states"
stage10-lesson-113-choose.jpg,Source transcript verified,5f30168b2ce13a7c0fa7f76d8c30402e6dbbc695f5cb9c48056d8143e012c995,,"Use the scenario, not the surface appearance | INTEGER stores whole numbers and REAL stores values that may have a fractional part. | Both INTEGER and REAL values can be used in arithmetic. | First decide whether a value is numeric, then choose INTEGER for whole-only values or REAL when fractions are possible."
stage10-lesson-113-pseudocode.jpg,Source transcript verified,b34eecc5d0db1795a134c45ceab0bdd749bef61be83c9c5d9bef88cc329f1f97,,"The eight Cambridge pseudocode type names | Cambridge pseudocode uses INTEGER, REAL, CHAR, STRING, BOOLEAN and DATE for scalar values. | The Version 2 Notes also name ARRAY and FILE among the pseudocode data types. | Select a type from the value's meaning and required operations; numeric-looking identifiers may still require STRING."
stage10-lesson-113-user-defined.jpg,Source transcript verified,72cdd8cfad4a78661a684a64959caf21f3599484baeb8184561d8da8f2d3edf6,,When built-in types are not descriptive enough | TYPE TStudent |     DECLARE Name : STRING |     DECLARE Mark : INTEGER | ENDTYPE | Fields of different data types are declared between TYPE and ENDTYPE. | DECLARE Student1 : TStudent | Declare variables of the record type only after ENDTYPE.
stage10-lesson-113-why-types.jpg,Source transcript verified,fbe29ee10b992fe6561e5bfe6507b707b413f31a49fbd5ba59694bdbc3a4cbcb,,A type controls meaning and valid operations | A data type determines which operations are meaningful for a stored value. | A BOOLEAN can control a decision and a DATE can be compared with another date. | Close every structured IF example with ENDIF. | Choosing the correct type does not replace validation against the problem's allowed range.
stage10-lesson-114-assignment.jpg,Source transcript verified,accc95cbc8aef35bef7a96fc1fc405f3e811761a0b5e27ac92a8985383c18bf0,,"Right side first, left side second | Assignment | Statement | Total <- 0 | Total is set to 0 | initialises Total | Total <- Total + Mark | Total becomes old Total plus Mark | running total update | Count <- Count + 1 | Count is incremented | counter update | Found <- TRUE"
stage10-lesson-114-constants.jpg,Source transcript verified,de8adcd9068826c6e164d123570c85161000808fed21b3a1ce19e9ec009b77b7,,"Name fixed values so the algorithm explains itself | Constants | Without a constant | IF Mark >= 50 THEN | OUTPUT ""Pass"" | The value 50 appears without explaining its role. | With a constant | CONSTANT PassMark = 50 | IF Mark >= PassMark THEN | The identifier documents the meaning of the fixed value. | Exam point: changing a constant later is a contradiction. If it must change during execution, it should be a variable."
stage10-lesson-114-declare.jpg,Source transcript verified,14d8ef019177795a25bb9745c136c2d3486c2d4f5a552df2711ced98c8f7a2b6,,Declaration gives a name and a type before use | Declare variables | Cambridge-style pseudocode | Whole-number counter | DECLARE Count : INTEGER | Count can store whole numbers | Decimal total | DECLARE Price : REAL | Price can store decimal values | True/false state | DECLARE Found : BOOLEAN | Found can store TRUE or FALSE | Text value
stage10-lesson-114-model.jpg,Source transcript verified,5d5f5430e4dee326f3295b32fde4d9910d6d3a4a0444c6c1a3dbb44a07247619,,"Identifiers name storage locations | Memory model | Variable | A named storage location whose value can change while the algorithm runs. | DECLARE Count : INTEGER | Count <- 0 | Count <- Count + 1 | Constant | A named value that should remain fixed. Use it when the same fixed value is used in several places. | CONSTANT MaxMark = 100 | CONSTANT VATRate = 0.2 | Assignment | Assignment evaluates the right-hand expression first, then stores the result in the left-hand variable."
stage10-lesson-114-pseudocode.jpg,Source transcript verified,4d763df2505515ae89423e9f48f0ee490e8075e60b97c6ce775412b4686816ba,,"The symbol changes, the update idea does not | Pseudocode vs Java | Cambridge-style pseudocode | CONSTANT PassMark = 50 | DECLARE Mark : INTEGER | DECLARE Passed : BOOLEAN | INPUT Mark | Passed <- Mark >= PassMark | Java support only | final int PASS_MARK = 50; | int mark = input.nextInt(); | boolean passed = mark >= PASS_MARK; | Paper 2 reminder: use Cambridge-style assignment <- in pseudocode. Java uses = for assignment."
stage10-lesson-115-access.jpg,Source transcript verified,3ded4ad81c2d6b9e87b7630c1700c7201351e0d7bbfadb892ba1eeedd2972f5f,,"The index points to exactly one element | Cambridge array declarations state an explicit lower and upper bound. | Valid indexes follow the declared bounds and are not universally zero-based. | Label 0 to n-1 as a chosen zero-based example, or use the lesson's declared bounds consistently."
stage10-lesson-115-declare.jpg,Source transcript verified,c5dd115cdee592e7ebfe20b5040389d4b9cecf4b09c6126d4e00f3a747cb5964,,"Bounds say which indexes are valid | Declare arrays | Cambridge-style pseudocode | Valid indexes | Five integer scores | DECLARE Scores : ARRAY[1:5] OF INTEGER | 1, 2, 3, 4, 5 | Ten names | DECLARE Names : ARRAY[1:10] OF STRING | 1 to 10 inclusive | Seven temperatures | DECLARE Temp : ARRAY[1:7] OF REAL | 1 to 7 inclusive"
stage10-lesson-115-lookup.jpg,Source transcript verified,f1aff287256edf150fb6b00b706106949b637034d10e612b6b8fdc331c9b71b6,,"Access one element | Interactive index lookup | Array: Scores[1:5] = 42, 67, 55, 81, 49."
stage10-lesson-115-model.jpg,Source transcript verified,1ff32650e18429bda44222520a4c6c84acd1d9f303ff8381d67c650628906a3b,,"A one-dimensional array is a linear collection | Array model | Same identifier | All elements belong to one array name. | Same type | At AS level, an array stores elements of the same data type. | ARRAY[1:5] OF INTEGER | Indexed access | An index selects one element. | Scores[3] | Scores[Index]"
stage10-lesson-115-pseudocode.jpg,Source transcript verified,b404453e954f8acd2932bb5da7fcc2e3f34f7cf48883db6aac5448728e4efc87,,Cambridge bounds and Java indexes are not the same habit | Pseudocode vs Java | Cambridge-style pseudocode | DECLARE Scores : ARRAY[1:5] OF INTEGER | FOR Index <- 1 TO 5 | INPUT Scores[Index] | NEXT Index | Java support only | int[] scores = new int[5]; | for (int index = 0; index < 5; index++) { | scores[index] = input.nextInt(); | Paper 2 reminder: Cambridge pseudocode may use bounds such as ARRAY[1:5] . Do not import Java's zero-based indexing unless the question states it.
stage10-lesson-115-traversal.jpg,Source transcript verified,9f245c78d5c139d260c26ae60fdf18c1e056ab445ffd72bfe55b414c61d5cf5c,,"Use a loop to visit every element | Traversal | Input all scores | FOR Index <- 1 TO 5 | INPUT Scores[Index] | NEXT Index | Total all scores | Total <- 0 | Total <- Total + Scores[Index] | OUTPUT Total | The loop bounds must match the declared array bounds. If the array is 1:5, index 0 and index 6 are out of range."
stage10-lesson-116-access.jpg,Source transcript verified,ffeabc04b4471ae041aa397f55496c4fcea2132c69dc808e3405e022e4ec8e59,,"A cell needs row and column | Access and update | Read one cell | OUTPUT Marks[2, 3] | Outputs the value in row 2, column 3. | Update one cell | Marks[2, 3] <- Marks[2, 3] + 1 | Only that cell changes; other rows and columns are untouched."
stage10-lesson-116-declare.jpg,Source transcript verified,e513157fa06b05d3cb2fa98bb86964052ab8bdc6f5afd7e2f590b6df10d78515,,"Two dimensions need two ranges | Declare 2D arrays | Cambridge-style pseudocode | Valid cells | 3 by 4 mark table | DECLARE Marks : ARRAY[1:3, 1:4] OF INTEGER | 3 rows, 4 columns, 12 cells | 5 by 7 temperatures | DECLARE Temp : ARRAY[1:5, 1:7] OF REAL | 5 rows, 7 columns, 35 cells | 10 by 10 grid | DECLARE Grid : ARRAY[1:10, 1:10] OF BOOLEAN | 100 Boolean cells"
stage10-lesson-116-lookup.jpg,Source transcript verified,4efea3d7aafcb6e4287574c597a3b86ecfd689c94ebc40b8cb2c538c4ce66087,,"Read Marks[Row, Column] | Interactive cell lookup | Array: Marks[1:3, 1:4]. Choose a row and column."
stage10-lesson-116-model.jpg,Source transcript verified,dcf151a0011097b3d6a1c342e3d5cca54079a4e0aa0fceb783b23ad432d72005,,"Rows and columns create coordinates | 2D model | Same identifier | The whole grid has one array name. | Two indexes | The first index usually selects the row; the second index selects the column. | Marks[Row, Column] | Same type | Each cell stores the same data type. | ARRAY[1:3, 1:4] OF INTEGER"
stage10-lesson-116-nested.jpg,Source transcript verified,9f8c45430ec4dad080ad4c403974944e350a7c8ff0ab9adedddf76ff370902de,,"Outer row loop, inner column loop | Nested loops | Input every cell | FOR Row <- 1 TO 3 | FOR Column <- 1 TO 4 | INPUT Marks[Row, Column] | NEXT Column | NEXT Row | Total every cell | Total <- 0 | Total <- Total + Marks[Row, Column] | OUTPUT Total | For a 3 by 4 array, the inner statement runs 3 * 4 = 12 times."
stage10-lesson-116-pseudocode.jpg,Source transcript verified,54df8a84ef670aaa4b2459b9ef5fa51fca5105490990d2ab91937a0c49de3032,,Do not import Java indexing into Cambridge answers | Traverse a 3 by 4 array with nested loops. | Output the current cell inside the inner loop. | A corresponding Java support version must also output every current cell. | The two versions use explicitly stated indexing conventions.
stage10-lesson-117-count.jpg,Source transcript verified,e9b2b826a6c6f518c2ed93d7d9984dc09b406dcb2a5b0ac09d73c62c18c288a1,,Increment only when a condition is true | Initialise PassCount to zero before traversing five scores. | Increment PassCount only when the current score is at least 50. | Close the selection with ENDIF before NEXT Index. | Output PassCount after the loop.
stage10-lesson-117-patterns.jpg,Source transcript verified,c21b0503186490817b423c1807d7cc5cab20fcd629832b8ecbc766f6173daaa7,,"Four array algorithm patterns | Pattern map | Question wording | Core idea | Key variable | Traversal | output all, process each | visit every valid index | increase, replace, apply discount | assign a new value to selected elements | Scores[Index] | find, present, target | compare each element with target"
stage10-lesson-117-pseudocode.jpg,Source transcript verified,5e6f4f1fc6f37ca5b6c1e606d182a0e3cb8a91ff125bddb74f1141e9ca6d3b24,,"Same algorithm, different array syntax | Both pseudocode and Java versions visit five score positions. | Increment the pass counter only when the current score is at least 50. | Close the conditional before advancing the loop. | Both complete versions output the final pass count after the loop."
stage10-lesson-117-search.jpg,Source transcript verified,383baa9156fe8d8d84dfa783766d936088b728361ca488ac658aea7cb5224b40,,Use a flag to remember whether the target appeared | Initialise Found to FALSE before traversing the names. | Set Found to TRUE only when the current name equals TargetName. | Close the match selection with ENDIF before NEXT Index. | Output Found after the traversal.
stage10-lesson-117-selector.jpg,Source transcript verified,94adb72de66e5dc2a432dc8ccdeb0611ee627dbba1932356143b06145d793b88,,Choose a scenario and inspect the matching template | Interactive pattern selector | Scenario | Choose a scenario to see the algorithm pattern.
stage10-lesson-117-traversal.jpg,Source transcript verified,5ae57eb3493565b06a2786c62194354eab9958e8b62f613f3016bdfd559653cd,,"Visit every element once | Traversal | FOR Index <- 1 TO 5 | OUTPUT Scores[Index] | NEXT Index | Traversal is the skeleton. Update, search and count usually add logic inside this skeleton."
stage10-lesson-117-update.jpg,Source transcript verified,2d8e8d6f995eeb6e88e8b3995bb44d2f8fe34564d7de8483cb2f6e82a0e22f91,,Change selected elements | Traverse the array with a FOR loop so Index is defined for every access. | Place the conditional update inside the traversal. | FOR Index <- 1 TO 10 |     IF Scores[Index] < 50 THEN |         Scores[Index] <- Scores[Index] + 5 |     ENDIF | NEXT Index
stage10-lesson-118-access.jpg,Source transcript verified,9c082953d3d56b441a02c19bdb011825765e02a1b0510aecfeaf402f6fb54a89,,"Use the field name, not a numeric index | Access and update | Pseudocode | Read field | OUTPUT Student1.Name | outputs the Name field | Update field | Student1.Mark <- 80 | changes only the Mark field | Test field | IF Student1.Enrolled = TRUE THEN | uses Boolean field in selection"
stage10-lesson-118-array-vs-record.jpg,Source transcript verified,4eaddde13df2e8ec4a5d773b52e934886c6f63d09d554735e07be55046b35e0e,,"Same type and index, or mixed fields and names? | Array vs record | Elements / fields | usually same type | can be different types | index: Scores[3] | field name: Student1.Mark | Best for | many similar values | several facts about one entity"
stage10-lesson-118-concept.jpg,Source transcript verified,acdee6ee33abc63381763ac8f4776d5488cacaed220842f150bd3cac9435f7bd,,"Composite data groups fields into one type | a composite structure containing named fields | TStudent | one named item inside a record | Name , Mark | Composite data | data made from several components | student details grouped together | Dot notation | access to one field of a record variable | Student1.Mark"
stage10-lesson-118-declare.jpg,Source transcript verified,ab4942725a2f5cdc963ea6565b617045d14eec586fff9edd5b74e1f6b38e50e3,,"Define a record, then save and read named fields | A record groups related named fields of different data types under one identifier. | Define the record between TYPE and ENDTYPE, then declare a variable of that record type. | Student1.Mark <- 75 saves a field value; OUTPUT Student1.Mark reads that named field."
stage10-lesson-118-lookup.jpg,Source transcript verified,988aa804331762ac6953e392856391fd4a9bb904c098972f5b8e8a705e99ccc7,,"Read one field from a record | Interactive field lookup | Student1 has Name, DateOfBirth, Mark and Enrolled fields."
stage10-lesson-118-pseudocode.jpg,Source transcript verified,ddd2916438926ebb4d8d4ceb8ecd5806db588b827b033ea867ec31ae257ba11c,,"Same modelling idea, different syntax | TYPE TBook |     DECLARE Title : STRING |     DECLARE Pages : INTEGER | ENDTYPE | Book fields are declared inside the TYPE block. | DECLARE Book1 : TBook | This declaration belongs after ENDTYPE."
stage10-lesson-119-access.jpg,Source transcript verified,5059e301387b66cfff68485a32c8444e041fb8445e9edb364712fc0b2f95eb73,,"Index first, then field name | Access pattern | Pseudocode | Read one field | OUTPUT Students[3].Name | name field of record 3 | Update one field | Students[3].Mark <- 80 | mark field of record 3 | Test one field | IF Students[Index].Enrolled = TRUE THEN | Boolean field in current record"
stage10-lesson-119-concept.jpg,Source transcript verified,c5b8765f7b51ab319383230eb2b143975760516844a951040b3f24c47693faff,,"One array, many records, same record shape | Students[5] selects the complete record at array position 5. | Students[5].Mark selects the Mark field in that record. | Array indexing and record field selection are separate operations."
stage10-lesson-119-declare.jpg,Source transcript verified,0856eb5c48bfba9b48fe510b001c05426c3a128d79acc67c9b155805191933a4,,"Define the record type, then declare the array | TYPE TStudent |     DECLARE Name : STRING |     DECLARE Mark : INTEGER | ENDTYPE | DECLARE Students : ARRAY[1:30] OF TStudent | This declaration follows ENDTYPE. | The record type and the array declaration are separate declarations."
stage10-lesson-119-explorer.jpg,Source transcript verified,759a305fea7f8f957a797a3ccc11ee7453392668040c4d11c1e05e2c295dc0e9,,Read a field from a selected record | Interactive record explorer | Record index | Choose an index and a field to read from the array of records.
stage10-lesson-119-operations.jpg,Source transcript verified,2487684e4ddb7b1645720383a4cf3adaf64c750d398c6bd1ea5d90e7f1496275,,"Search, count and update fields | Search, count and update are alternative record operations, not mandatory consecutive stages. | A search condition locates a matching record and outputs its position or details. | A count condition increments a counter for qualifying records. | An update condition changes the required field of qualifying records."
stage10-lesson-119-pseudocode.jpg,Source transcript verified,3dfd80c47c2d63c8a8e5946997893252c7607f6610eb8a0fc85f7edfdbef0e0b,,"Same structure, different syntax | Pseudocode vs Java | Cambridge-style pseudocode | DECLARE Students : ARRAY[1:30] OF TStudent | FOR Index <- 1 TO 30 | OUTPUT Students[Index].Name | NEXT Index | Java support only | Student[] students = new Student[30]; | for (int index = 0; index < 30; index++) { | System.out.println(students[index].name); | Paper 2 reminder: Java arrays are often zero-based. Cambridge pseudocode ranges follow the declaration shown in the question."
stage10-lesson-119-traversal.jpg,Source transcript verified,c8d32a3a2e7aff1e8e6d8c3a54f5fdbdea18346aafbd8568a9164632c2a00525,,A loop visits each record; field access uses the loop index | Use Index to select each Students record in turn. | Test the Mark field of the current record. | Output the Name field only when Mark is at least 70. | Close the selection with ENDIF before NEXT Index.
stage10-lesson-120-concept.jpg,Source transcript verified,b0c094de99a548ece0c9b57925d4f83e7cb96297b920e67b03b92bfe52c1d906,,"A text file stores characters, usually processed one line at a time | Exam clue | Text file | file containing character data | ""Scores.txt"" | get data from an existing file | FOR READ | store data to a file, often replacing previous contents | FOR WRITE | add data to the end of an existing file | FOR APPEND"
stage10-lesson-120-lifecycle.jpg,Source transcript verified,b9361a70b61eb562b2d78fbdf13fb7efde5d19f65b36006d37102d58ce3c9c54,,"Open, process, close | File lifecycle | 1. Open choose READ, WRITE or APPEND | 2. Process READFILE or WRITEFILE using variables | 3. Close release the file and finalise changes | A file algorithm without CLOSEFILE is like leaving the exam hall without submitting the answer booklet."
stage10-lesson-120-mode-lab.jpg,Source transcript verified,319080c45c8b66e5caaf52b4e6edc0bd97777cc44be577383cb8f8136870d07a,,Choose the correct file mode | Interactive mode lab | Scenario | Choose a scenario and a mode.
stage10-lesson-120-modes.jpg,Source transcript verified,310906e840f1005107b56c56bf15957a36170540f1918e8dee191e0ae8fdb119,,"Choose the mode before touching the file | File modes | Use when | Risk if wrong | existing file contents are needed | cannot write new lines | creating/replacing output contents | old contents may be overwritten | adding new data to the end | old lines remain, so duplicates are possible"
stage10-lesson-120-pseudocode.jpg,Source transcript verified,69ecde267842d224f8ee3a2dccea131e4c2c34c6594b40035580522ad38e32cc,,"Cambridge pseudocode is the exam answer format | Pseudocode vs Java | Cambridge-style pseudocode | OPENFILE ""Scores.txt"" FOR READ | WHILE NOT EOF(""Scores.txt"") | READFILE ""Scores.txt"", Line | OUTPUT Line | ENDWHILE | CLOSEFILE ""Scores.txt"" | Java support only | try (Scanner file = new Scanner(new File(""Scores.txt""))) { | while (file.hasNextLine()) { | String line = file.nextLine();"
stage10-lesson-120-read.jpg,Source transcript verified,8e5122ea4dd489de0029f24e9057145f99b4268497d265f452f1f4daee016964,,"Use EOF so the loop stops at the end of the file | Read loop | OPENFILE ""Scores.txt"" FOR READ | WHILE NOT EOF(""Scores.txt"") | READFILE ""Scores.txt"", Line | OUTPUT Line | ENDWHILE | CLOSEFILE ""Scores.txt"" | The file line is read into Line . Only after that can the program output, split or validate it."
stage10-lesson-120-reader.jpg,Source transcript verified,27e90ab63e784e86e67aa86b9090427c7e5602b0605ebf398cedff6a60b7281d,,"Step through a WHILE NOT EOF loop | Open the file for reading before entering the loop. | Check NOT EOF before attempting READFILE. | When more data exists, read and process the next line. | When EOF is true, skip READFILE, leave the loop and close the file."
stage10-lesson-120-records.jpg,Source transcript verified,510a5a1309ad9f660dcc352c841286b9a72aae889d37341777a545b86b185024,,"A text line often represents one record | Text records | In simple exam-style examples, one line may contain fields separated by a comma. The delimiter must be consistent. | Name = Ali | Mark = 72 | Name = Bea | Mark = 64"
stage10-lesson-120-write.jpg,Source transcript verified,e7223c691f8e817ac0febf83b9aac0e6a0cac3fb78e7a57b5ade5244878a4763,,"Write creates a new result; append adds to the existing story | Write and append | Write a new report | OPENFILE ""Report.txt"" FOR WRITE | WRITEFILE ""Report.txt"", ""Pass count: "" & Count | CLOSEFILE ""Report.txt"" | Append a new score | OPENFILE ""Scores.txt"" FOR APPEND | WRITEFILE ""Scores.txt"", ""Dina,91"" | CLOSEFILE ""Scores.txt"""
stage10-lesson-121-concept.jpg,Source transcript verified,5c98ee47c73220acd92e35e465729d0420916efc205b0e84ad3cee6811ed55c5,,"CSV-style means separated fields in a fixed order | one complete line of data | S001,Ali,72 | one item inside the record | Delimiter | character that separates fields | Fixed order | each position has agreed meaning | ID, Name, Mark"
stage10-lesson-121-format.jpg,Source transcript verified,5bcdc7cf9f8d71b9d1b2d91fa96c7a5e4cdf46785b4a8663f64862506a1b8975,,Design the format before writing code | CSV format | Position | Field name | Data type after conversion | StudentID | The file stores all fields as text. The program gives each position meaning.
stage10-lesson-121-parse.jpg,Source transcript verified,bb3f45bcfe5162b1609fee3e56e650dcec19aa93837607f537b5f0e2b55a4fc1,,"Read the line before splitting it | Parse fields | READFILE ""Scores.csv"", Line | Fields <- SPLIT(Line, "","") | StudentID <- Fields[1] | Name <- Fields[2] | Mark <- STRING_TO_INTEGER(Fields[3]) | SPLIT is used here as clear Cambridge-style pseudocode for separating a line by a delimiter."
stage10-lesson-121-parser.jpg,Source transcript verified,8d3b035f99177d1ac3f48e33ebc671f0b70e23f8a88273cfc3b8dfbee1bb9184,,Split a line into fields | Interactive CSV parser | CSV line | Delimiter | Enter a line and split it into fields.
stage10-lesson-121-pseudocode.jpg,Source transcript verified,5b7a21b3bfb86fe749ee41258c2f7d9ac3ba2a3f40b3bf849fd1ae70903043fd,,"Java split helps understanding, but Cambridge pseudocode remains the answer format | Pseudocode vs Java | Cambridge-style pseudocode | READFILE ""Scores.csv"", Line | Fields <- SPLIT(Line, "","") | Mark <- STRING_TO_INTEGER(Fields[3]) | Java support only | String[] fields = line.split("",""); | int mark = Integer.parseInt(fields[2]); | Notice the index difference: Cambridge-style examples here use Fields[1] ; Java arrays are zero-based."
stage10-lesson-121-types.jpg,Source transcript verified,6cfb636d3dbd7f546f5c9eb8277b06db0613e037ad15a7a837a75971bb15cd9d,,"CSV fields arrive as text, then become useful values | CSV fields arrive as text. | Close every IF example with ENDIF. | Convert the mark field to INTEGER before comparing it numerically with 70. | Structural closure and type conversion solve different problems."
stage10-lesson-121-validate.jpg,Source transcript verified,c7901c624522ddd121174161354e61be71e5d646ad6ec15a9d7d8c9299b3b004,,"A structured file can still contain bad lines | Validation | Correction prompt | S003,Chen | missing Mark field | check field count before using Fields[3] | S004,Dina,Ninety | mark is not numeric | validate before converting to INTEGER | S005;Eli;88 | wrong delimiter | use the delimiter specified by the format"
stage10-lesson-121-validator.jpg,Source transcript verified,85461a84191c7db155e3e76a9889118b70d2a8f07a272be6ca6adfc89a0d6513,,Check field count and mark type | Interactive validator | Choose a sample line to validate.
stage10-lesson-122-concept.jpg,Source transcript verified,0e1203517ad29fe9bf91915c7648cb6b32c9e91437e6ad9da2d810211059bf06,,"An ADT is data together with permitted operations | An abstract data type is a collection of data and a set of operations on those data. | Stack, queue and linked list are examples whose permitted operations define their behaviour. | The implementation may use arrays and indexes without changing the ADT's observable rules. | A service counter defines allowed requests without exposing the storeroom layout. | Using an array does not automatically make a structure a stack or queue."
stage10-lesson-122-errors.jpg,Source transcript verified,cc3b99c2da1170ed66037a21f2b738a4f7aec2e8288c62a962ef1f1ee7908b35,,"Why boundary checks come first | Underflow occurs when removal is requested from an empty structure. | Overflow occurs when fixed storage has no free position. | Checking first prevents invalid reads, writes and pointer changes. | Check whether a shelf is empty or full before moving an item. | Dynamic storage changes the capacity strategy but can still exhaust memory."
stage10-lesson-122-implementation.jpg,Source transcript verified,2c636c3149bf2486968631b28f54883e106943d7ec2b7d470116931bf881ff10,,"Implement stack, queue and linked list using arrays | An array stack uses Top; a queue uses Front and Rear; a linked list uses Data, Next, Start and a free list. | Add/delete preserve stack LIFO, queue FIFO and linked-list links; edit changes stored data without corrupting structure. | Candidates are not required to write pseudocode for these ADT operations; understand add, edit, delete and array implementation. | Markers turn a row of storage boxes into a controlled service structure. | Incorrect wrap-around or update order can overwrite live queue data."
stage10-lesson-122-operations.jpg,Source transcript verified,120a7cedae6f42dede544627b588bffb963b7b7049c098780a77eeacf2912a55,,Why operation names preserve meaning | Push and pop describe changes at a stack's top. | Enqueue and dequeue describe changes at opposite queue ends. | Using the correct operation prevents accidental access-rule changes. | Door names matter when one room has one entrance and another has two. | Generic array insertion is not equivalent unless it preserves the ADT rule.
stage10-lesson-122-pseudocode.jpg,Source transcript verified,fabc73b5baa9b12ee5442a2d738d81327f9a65e85e54a45baec179970e122338,,"Why pseudocode must expose state change | Test the empty or full condition before accessing storage. | Read or write the element at the correct pointer. | Update the pointer so the invariant remains true. | A clear procedure shows the safety check, action and new boundary marker. | Hiding pointer updates makes correctness impossible to verify."
stage10-lesson-122-queue.jpg,Source transcript verified,b57f66e2b855617ee05096bae5ab39829296caa3439ff925a8b8e154da9af8e6,,Why two ends create FIFO | Enqueue adds a new item at the rear. | Dequeue removes the waiting item at the front. | Earlier arrivals remain ahead of later arrivals. | A single orderly waiting line serves the earliest arrival first. | A priority queue follows a different removal rule and is not ordinary FIFO.
stage10-lesson-122-stack.jpg,Source transcript verified,7a02c074dc77161cc22f753b480e286750f9cabee37c72a1defc132c309710c0,,Why one open end creates LIFO | Push adds the new item at the top position. | Only the current top item is available to pop. | The most recently pushed item therefore leaves first. | Only the top plate of a pile can be removed safely. | Accessing an older item requires removing items above it first.
stage10-lesson-123-adt.jpg,Source transcript verified,45fb712165d1836f2be5ef6eae6a47bad1eb117ddf65d2c19907abdb7d3d5781,,Use ADTs when the removal rule matters | Stack and queue | Scenario clue | Structure | undo last action | most recent action is reversed first | print jobs in arrival order | first job submitted should print first | customer service line | fair FIFO order
stage10-lesson-123-array.jpg,Source transcript verified,49614d533514a8a08c36f47bcf591e1e6bb25116d1be9391945872c60c86060e,,Use arrays for many similar values accessed by index | Initialise Total <- 0 before using Total as an accumulator. | Add each Scores[Index] value during the traversal. | Total <- 0 | FOR Index <- 1 TO 10 |     Total <- Total + Scores[Index] | NEXT Index | OUTPUT Total
stage10-lesson-123-criteria.jpg,Source transcript verified,b15f2437d7b08a78c31f5fcd8492b3467257ae27af4ad4030bf5861d1546f675,,"Start with the data and operations, not the keyword | Selection criteria | Question to ask | Why it matters | Likely structure | Are there many values of the same type? | indexed traversal/search | Does one item have several named fields? | mixed types and meaningful field names | Are there many entities with the same fields? | repeat a record shape | Array of records | Must the data survive after the program ends?"
stage10-lesson-123-decision.jpg,Source transcript verified,9fb7ca78e6c7d2560935fbcb6c3cc17b8ddcc98c6b7fff058219981cc843c92f,,"Match scenario evidence to structure features | Store one book as a record with ISBN, title and pages fields. | Store ISBN as STRING because it is an identifier, may contain leading zeroes or hyphens, and ISBN-10 may end in X. | Store many books with the same fields as an array of records. | Use a file when data must remain available for a later program run. | Choose a queue when requests must be served in arrival order."
stage10-lesson-123-file.jpg,Source transcript verified,086498b113617c563d36c7f81ce462ed485490e0e03c269859b787a6d1e89aff,,"Use files when data must persist or be exchanged | OPENFILE ""Scores.csv"" FOR APPEND | WRITEFILE ""Scores.csv"", NewLine | CLOSEFILE ""Scores.csv"" | Good reason: the data must be stored after the program has finished, so memory-only structures are not enough."
stage10-lesson-123-pseudocode.jpg,Source transcript verified,20d48535629f471d2dd9072468d6aacd71e4014e38c3b0c12859a226ba275990,,Justify the data structure in Cambridge answers | TYPE TBook |     DECLARE Title : STRING |     DECLARE Pages : INTEGER | ENDTYPE | DECLARE Books : ARRAY[1:200] OF TBook | This declaration follows ENDTYPE. | A record definition must be complete before an array uses that type.
stage10-lesson-123-ranker.jpg,Source transcript verified,fb1372e7b4937fb556e403a9e31216c23b9592e2d840c97440c343fce4b267e7,,Spot the answer that would earn marks | Reason ranker | Choose the answer with scenario evidence and consequence.
stage10-lesson-123-record.jpg,Source transcript verified,7009f9f1c7d2ce7f56329975eac0a051c3243401adbf065d8272c29c7084dec5,,Use records when named fields belong to one entity | TYPE TStudent |     DECLARE Name : STRING |     DECLARE Mark : INTEGER | ENDTYPE | DECLARE Students : ARRAY[1:28] OF TStudent | This declaration follows ENDTYPE. | An array of records combines explicit array bounds with a complete record type.
stage10-lesson-124-arrays.jpg,Source transcript verified,6159bcf5f79a1f7634437ab3f47fc9024a356bc1cb03d7cbba38f9e9333a49dd,,"Cambridge array bounds are stated explicitly | Cambridge-style pseudocode | DECLARE Scores : ARRAY[1:30] OF INTEGER | Scores[1] <- 72 | Java support only | int[] scores = new int[30]; | scores[0] = 72; | Index warning: if pseudocode declares ARRAY[1:30] , do not automatically use Java's index 0 in the exam answer."
stage10-lesson-124-assignment.jpg,Source transcript verified,38a9488e6bbb3b336c2af36720cbee09d73f804ec9a0691f71e68f87fb444e6f,,<- changes a value; = usually tests equality in conditions | Assignment versus comparison | Pseudocode | Count <- Count + 1 | store a new value in Count | IF Count = 10 THEN | test whether Count equals 10 | Java warning | count == 10 | Java equality syntax is not the expected pseudocode style
stage10-lesson-124-constants.jpg,Source transcript verified,ccd23a2cc6a9d6cdd71d5d9a8ea9b5cef0c65664a640890e1cf696f2fd46affe,,Constants are named values that should not change | Constants | Cambridge-style pseudocode | CONSTANT MaxSize = 100 | CONSTANT PassMark = 40 | Java support only | final int MAX_SIZE = 100; | final int PASS_MARK = 40; | Java naming conventions may use capitals for constants. Cambridge pseudocode credit comes from clear constant declaration and use.
stage10-lesson-124-principle.jpg,Source transcript verified,ec386e4c8bb9bbcf70e4afeb57f6970e3893188b1a0b799c2c710f96ad9eef69,,Do not mix the two languages inside one answer | Core principle | Cambridge-style pseudocode | Java support only | Variable declaration | DECLARE Count : INTEGER | int count; | Assignment | Count <- 0 | count = 0; | Array declaration | DECLARE Scores : ARRAY[1:30] OF INTEGER | int[] scores = new int[30];
stage10-lesson-124-records.jpg,Source transcript verified,38e57fd9bad126efd8ee70d4e84a84c4d675500d90001622324b7d49dc71badc,,Record declarations use TYPE and ENDTYPE | Cambridge-style pseudocode | TYPE TStudent | DECLARE Name : STRING | DECLARE Mark : INTEGER | DECLARE Student1 : TStudent | Java support only | class Student { | String name; | int mark; | Student student1 = new Student();
stage10-lesson-124-sorter.jpg,Source transcript verified,d6bb2286955e3967bafcbe3d2b592f91eb9eae0ac2cbee5f2c88be8b35bef389,,Which syntax belongs to which answer style? | Syntax sorter | Click a statement to identify whether it is pseudocode or Java-style.
stage10-lesson-124-types.jpg,Source transcript verified,9926b945df073ad97164d22e2661c3e15e4b86fe8ee7907d35f36c4d5c7f7b5f,,"Map concepts, not spelling | Data type mapping | Pseudocode type | Java support example | whole number | decimal number | single character | true/false"
stage10-lesson-124-variables.jpg,Source transcript verified,6356e3e3871df958769feee99ad5bdecd26d1542e82ff0aec3813ff32c101a61,,"Declare first; initialise separately when needed | Variables | Cambridge-style pseudocode | DECLARE Count : INTEGER | Count <- 0 | DECLARE Name : STRING | Name <- ""Ali"" | Java support only | int count = 0; | String name = ""Ali"";"
stage10-lesson-125-adts.jpg,Source transcript verified,1d3e4676eb1f30e3df56cecd0fa7155f4bad37fdb470b7fbc5f7ed69d02884fa,,"Order of removal is the key clue | Stack and queue review | Typical operations | Scenario clue | LIFO: Last In, First Out | PUSH, POP, PEEK | undo, backtracking, nested calls | FIFO: First In, First Out | ENQUEUE, DEQUEUE | print jobs, calls, waiting line"
stage10-lesson-125-decision.jpg,Source transcript verified,7f032860adacf00978571e03e2ab0365745545eeb3485246f45db5f2737691cf,,"A good answer names the structure and the reason | Data model decision | Scenario | A school stores 120 students. Each student has an ID, name, class group and average mark. | Strong choice | Use an array of records: the array stores many students; each record keeps fields for one student together. | Why not just an array? | A single array normally stores one type of value. A record is better when one logical item has different fields. | Mark-worthy pattern: structure + scenario clue + consequence ."
stage10-lesson-125-declare.jpg,Source transcript verified,85650c7e5e09548cbbbcd1b8d853d4a1301ad2a435a0e8b6c261612d7f560f39,,Cambridge pseudocode remains the exam standard | TYPE TStudent |     DECLARE ID : STRING |     DECLARE Name : STRING |     DECLARE Mark : INTEGER | ENDTYPE | Close TStudent after the Mark field. | DECLARE Students : ARRAY[1:120] OF TStudent | This declaration follows ENDTYPE.
stage10-lesson-125-files.jpg,Source transcript verified,8c971d6cfb44402221ca9274a66fc6732e21775aec7a238484567ca30f0e5460,,Files preserve data beyond the running program | TYPE TStudent |     DECLARE Name : STRING |     DECLARE Mark : INTEGER | ENDTYPE | DECLARE Students : ARRAY[1:120] OF TStudent | The array follows the completed record type. | File storage preserves data between program runs and is separate from record-type syntax.
stage10-lesson-125-improver.jpg,Source transcript verified,0e5003231981fc4cbf4994630e9540897a45d46fb605cda236fa18ae041ec1a0,,Turn a weak answer into a useful answer | Mark improver | Weak answer | Pick a weak answer to see a mark-worthy rewrite.
stage10-lesson-125-map.jpg,Source transcript verified,6337ff34d063fd3065fe08d653e0381e4d9adc10f091803ccba434b7dc45e41d,,"Section 10 in one review grid | Retrieval map | Best clue | Exam action | Common weak answer | many values of the same type | declare bounds, loop over indexes | ""list of data"" | one item has several fields | declare TYPE, fields and variables | ""array with different things"" | Array of records | many items, each with fields"
stage10-lesson-125-marks.jpg,Source transcript verified,4ab6f11ea4a8ebbf313f7b5e64245fade96b4f6deec3cc526f7f34d9b8a690d7,,Upgrade vague words into credit-bearing words | Mark-scheme language | Weak wording | Stronger wording | Why it earns more | It is better. | It keeps all fields for one student together. | names the consequence | It is ordered. | A queue removes items in the same order they arrived. | states FIFO clearly | Use a file. | Use a text file so data remains after the program closes.
stage10-lesson-126-constructs.jpg,Source transcript verified,d80275748e697953e4cc536623e3b220df9441ba4142f53dc08d9a54cf9f1cb5,,"Three control-flow ideas | Sequence answers what happens next and depends on statement order. | Selection answers which path is taken and uses IF or CASE structures. | Iteration answers what repeats and when repetition stops. | FOR, WHILE and REPEAT are iteration forms with different controls."
stage10-lesson-126-iteration.jpg,Source transcript verified,1733f3817cc59793449bde25cce03333fb025299f8ad74b029d4dab5862f4c73,,Loops repeat with control | A FOR loop uses a counter range and checks whether the next iteration is within its bounds. | A FOR loop may execute zero times when its bounds are incompatible. | A WHILE loop checks its condition before each iteration and may execute zero times. | A REPEAT loop checks after the body and therefore runs at least once.
stage10-lesson-126-java.jpg,Source transcript verified,5c48c8545434caa5ca766caeae1b884f37afb2d9fdccb38a4c65e4ece74ffeaa,,"Same logic, different exam language | Cambridge pseudocode uses IF, THEN, ELSE and ENDIF for a two-way selection. | Mark 50 follows the pass branch when the condition uses greater than or equal to 50. | Java braces may support understanding but are not Cambridge pseudocode."
stage10-lesson-126-selection.jpg,Source transcript verified,ae566567138f75e205cada879618a8e23d67055a71b79f5c02c6aa8aa790e066,,"Conditions decide the path | Use IF for a Boolean condition or range and close it with ENDIF. | Use CASE for several discrete values of one expression and close it with ENDCASE. | Test marks 49, 50 and 51 to verify the pass boundary."
stage10-lesson-126-sequence.jpg,Source transcript verified,322b15329094143a349360ea21359877970b292f4fd5cedcb1242330da88c118,,"Order changes meaning | Sequence | Correct order | INPUT Price | INPUT Quantity | Total <- Price * Quantity | OUTPUT Total | Wrong order | A sequence is simple, but not optional. Using a value before it has been input is algorithmic optimism, not a method."
stage10-lesson-126-tracer.jpg,Source transcript verified,d8b205836bb129f828365ddecf3164f1913b986fbe4871384146206e9271d628,,Run a small loop by hand | Interactive trace | FOR Count <- 1 TO | Choose a loop limit to build a trace table.
stage10-lesson-127-case.jpg,Source transcript verified,3c62f1b3ce28bfc53929d991bbb2c01e615ebf465cfa4de013b5183ab67cdcf2,,Use CASE for clear values of one expression | CASE compares one expression with several discrete values. | Each listed value has its own action and OTHERWISE handles unlisted values. | Close the complete multi-way selection with ENDCASE.
stage10-lesson-127-choice.jpg,Source transcript verified,255dd10335fccb3a5d67b2e4148f5e925d5074f151c2dc9271dc310d54b84a7a,,"Start with the shape of the decision | Choosing IF or CASE | Situation | Usually better | Pass if mark is at least 50 | uses a relational comparison | Menu option 1, 2, 3 or invalid | one variable has discrete values | Adult members get one discount; adult non-members another | Nested IF | second decision depends on the first | Grade A/B/C/D with ranges of marks | IF or nested IF"
stage10-lesson-127-if.jpg,Source transcript verified,b48be8524b67847b31d8fdf5e6ffcf423553fa78383b1d039265bfe19d8a34ce,,Use IF when a Boolean condition decides the route | IF selection | Use when | Cambridge-style pattern | action is needed only when condition is true | IF Found THEN ... ENDIF | IF...ELSE | two paths are needed | IF Mark >= 50 THEN ... ELSE ... ENDIF | Nested IF | a second decision depends on the first decision | IF Age >= 18 THEN IF Member THEN ... ENDIF ENDIF
stage10-lesson-127-java.jpg,Source transcript verified,2beadd6135109aea71b89bf31c6376e412bad9ff198621fcb14a5b3df21c887f,,"Same idea, different syntax | Cambridge pseudocode uses CASE...OF, OTHERWISE and ENDCASE. | Java switch syntax may support understanding but is not Cambridge pseudocode. | Both forms must preserve the same branch meanings."
stage10-lesson-127-nested.jpg,Source transcript verified,e798abfad1d8676137ec7de67163a45b82897f0a9d55a718fe59562c2e860543,,A decision inside another decision | Nested selection | Discount example | IF Age >= 18 THEN | IF Member = TRUE THEN | Discount <- 0.20 | Discount <- 0.10 | Discount <- 0.05 | Trace the paths | Discount
stage10-lesson-127-path.jpg,Source transcript verified,fba76bda50692b27d1eda24bf7ac83032e87eafc3862433221180b4f3394ec2a,,Trace a nested IF | Interactive path tracer | Enter values to trace which branch runs.
stage10-lesson-128-arrays.jpg,Source transcript verified,6ba8c07e77f29e6554129c63ab0d956b884b638625f5215bc881edb36ca846dc,,FOR loops are natural for fixed array bounds | Array processing | Output all marks | FOR Index <- 1 TO 30 | OUTPUT Marks[Index] | NEXT Index | Total all marks | Total <- 0 | Total <- Total + Marks[Index] | The loop bounds should match the declared array bounds unless the question gives a reason not to.
stage10-lesson-128-bounds.jpg,Source transcript verified,cddd3b78bf7b356304ec8fb9ac056a079312bbdc66e6c48bc3cc2559520e1b4c,,"One wrong bound can miss or invent an iteration | Bounds and off-by-one errors | Counter values | Iterations | Common issue | 1, 2, 3, 4, 5 | 0, 1, 2, 3, 4 | only if array uses 0-based bounds | 1, 2, 3, 4 | misses item 5 if five items are required"
stage10-lesson-128-counter.jpg,Source transcript verified,6aee421090ea15e2bc59da9c76aa4448ff9e2370f9068e2e98c63addcfbd491d,,"Do not confuse the counter with the running total | Counter and accumulator | Variable | loop counter; controls the current iteration | 1, 2, 3, 4, 5 | accumulator; stores a running total | 0, 1, 3, 6, 10, 15 | bound; controls where the loop stops | 5 in 1 TO 5"
stage10-lesson-128-for.jpg,Source transcript verified,dd26e3592fcd1e12509087151793ecfada9e808b08cc9ea225daa782eae4a343,,"A FOR loop has a counter, a start value and an end value | FOR loop structure | General pattern | FOR Counter <- StartValue TO EndValue | // repeated statements | NEXT Counter | Concrete example | Total <- 0 | FOR Count <- 1 TO 5 | Total <- Total + Count | NEXT Count | OUTPUT Total | Use a FOR loop when the number of repetitions is known before the loop starts."
stage10-lesson-128-java.jpg,Source transcript verified,f41c5844315091925971e0270279cdac8998cf799daa29c8889b7458573938ea,,"Java for loops are useful, but not the exam answer format | Java support only | Cambridge-style pseudocode | FOR Count <- 1 TO 5 | OUTPUT Count | NEXT Count | Java support example only | for (int count = 1; count <= 5; count++) { | System.out.println(count);"
stage10-lesson-129-compare.jpg,Source transcript verified,6606a9b805c9e928baacf8063f360c63f35d4916ecf83bacc417f78da0f87622,,"The difference is when the condition is tested | WHILE vs REPEAT | REPEAT...UNTIL | Condition checked | before the loop body | after the loop body | Minimum iterations | Continues when | condition is TRUE | UNTIL condition becomes TRUE | Typical use | read while not EOF, repeat while invalid | input validation where input must be requested once"
stage10-lesson-129-java.jpg,Source transcript verified,aae4bb16281e6cff429a8e214c9e96712d9607e284b6fa217e5111411816b383,,"Java syntax is support, not Cambridge pseudocode | Java support only | Cambridge-style pseudocode | WHILE Mark < 0 OR Mark > 100 | INPUT Mark | ENDWHILE | Java support example only | while (mark < 0 || mark > 100) { | mark = scanner.nextInt();"
stage10-lesson-129-repeat.jpg,Source transcript verified,a2914199e907164bcb28a579e6c9b95454f99119158008ac523be944231d0ae3,,"Post-condition loop: run once, then check | A REPEAT...UNTIL loop checks its condition after executing the body. | Place INPUT Mark once inside REPEAT so each attempt obtains one value. | Do not add a duplicate INPUT before the loop. | Stop when Mark is between 0 and 100 inclusive."
stage10-lesson-129-sentinel.jpg,Source transcript verified,f7deb5ed6ab0484a0813443d7e0c038c59afc75cbc342a217838da9fff9704b7,,"A special value can stop the loop | Initialise Total and input the first Number before WHILE. | While Number is not -1, add Number to Total and input the next Number. | The repeated input changes the condition and allows the loop to terminate. | The sentinel -1 stops the loop and is not included in Total."
stage10-lesson-129-validation.jpg,Source transcript verified,5722fe8fc3085d24b486ca5a670c4d8138ecf7698fe5fe07cda07652fa008ac0,,"Keep asking until the input is valid | Validation pattern | REPEAT version | OUTPUT ""Enter mark 0 to 100"" | INPUT Mark | UNTIL Mark >= 0 AND Mark <= 100 | WHILE version | WHILE Mark < 0 OR Mark > 100 | OUTPUT ""Invalid"" | ENDWHILE"
stage10-lesson-129-while.jpg,Source transcript verified,e7f5c2b75e577b9a1019a9fc0fafd33e2b3f4be268217365ffb273634061a6e8,,"Pre-condition loop: check before running | A WHILE loop checks its condition before each iteration and may run zero times. | Input Password before testing whether it differs from CorrectPassword. | Inside the loop, output the retry message and input a replacement Password. | Output Access granted only after the WHILE condition becomes false."
stage10-lesson-130-calls.jpg,Source transcript verified,d13d4fc0d914adb4b5ba3aa6e5f5daf49314c78715289e515c89925d1120f7da,,Function calls can appear where a value is needed | Calls and returned values | CALL DisplayMenu() | procedure call performs an action | VAT <- CalculateVAT(Price) | function return value is stored | Total <- DisplayMenu() | procedure does not return a value | OUTPUT CalculateVAT(Price) | function return value can be output
stage10-lesson-130-compare.jpg,Source transcript verified,fce52970b7a8b9528ca41e3e5f648a6a9c3de0ed2262fe034c00e9b2ef9c4377,,The mark-winning difference is the returned value | Procedure vs function | Procedure | Function | Main purpose | perform an action | return a value | PROCEDURE Name(...) | FUNCTION Name(...) RETURNS Type | End keyword | ENDPROCEDURE | ENDFUNCTION | Typical call
stage10-lesson-130-function.jpg,Source transcript verified,c480d3c84b177c3f15f1f83a0cbe986e675937bd3f0104ce4af58899a155c045,,"A function returns a value to the caller | Function | Cambridge-style pseudocode | FUNCTION CalculateVAT(Price : REAL) RETURNS REAL | RETURN Price * 0.20 | ENDFUNCTION | VAT <- CalculateVAT(120.00) | When it fits | Use a function when a calculated, searched or checked result must be used later in the algorithm. | A function should have a return type and a RETURN statement that matches that type."
stage10-lesson-130-java.jpg,Source transcript verified,1dcf596e83c0d7d38db97da55d10b58b15112232cda855b8120f622403ab1941,,Java method syntax is not Cambridge pseudocode | Java support only | Cambridge-style pseudocode | FUNCTION CalculateVAT(Price : REAL) RETURNS REAL | RETURN Price * 0.20 | ENDFUNCTION | Java support example only | static double calculateVAT(double price) { | return price * 0.20;
stage10-lesson-130-parameters.jpg,Source transcript verified,6d899d3332b129dfd345935c10294026c889a38d6fe991cb07c1d62d2b922f81,,"A subprogram interface connects caller and header | A subprogram interface gives the caller the name, parameter list and types, and any return value/type. | A procedure header or function header declares that interface; a function header also declares its return type. | A parameter is named in the header; an argument is the actual value or variable supplied at a call. | RETURN sends a function value to the caller; displayed output is an effect, not a return value."
stage10-lesson-130-procedure.jpg,Source transcript verified,6ccc15a68c81280ab1fef6943b6c9ec9b09b922df1969f9a6fd633e38f6abf72,,A procedure performs actions and returns no value | A procedure performs an action and does not return a value. | A function returns a value and can be used in an expression. | Do not describe returning a value as optional for a Cambridge procedure.
stage10-lesson-130-returner.jpg,Source transcript verified,48afa9a1a8edea1176cadf037a56d14b9ccce81fc2cf80524829b936991c556c,,Calculate a function return value | Interactive return simulator | Use CalculateVAT(Price) to return Price * 0.20 .
stage10-lesson-131-compare.jpg,Source transcript verified,b6a78de32da7684803f88f5bcc70e2383de5aa6f722b4cde9cf5069a149e13d2,,"Same procedure body, different final result | Side-by-side comparison | By value | By reference | Header clue | Number : INTEGER | BYREF Number : INTEGER | What is passed | a copy of the value | a reference to the caller's variable | Change inside subroutine | affects local parameter only | can affect original variable"
stage10-lesson-131-java.jpg,Source transcript verified,35d3a9b916509deca43771606c27647b2acce1cfa0548fed3729e7a72a914178,,"Do not replace Cambridge BYREF with Java syntax | Java support only | Cambridge exam answer format | PROCEDURE Increase(BYREF Score : INTEGER) | Score <- Score + 1 | ENDPROCEDURE | Java support note | // Java support example only, not exam pseudocode | static void increase(int score) { | score = score + 1; | Java primitive parameters are passed by value. Do not use this as evidence that Cambridge BYREF is absent."
stage10-lesson-131-reference.jpg,Source transcript verified,af24c49e3a11f3f7658935e55d36a395ba491cd4f5fc603f7db9b2fdedeb2281,,BYREF links the parameter back to the caller's variable | Passing by reference | Cambridge-style pseudocode | PROCEDURE AddOne(BYREF Number : INTEGER) | Number <- Number + 1 | ENDPROCEDURE | CALL AddOne(X) | OUTPUT X | Trace reasoning | Before call X = 5 | Inside procedure Number is linked to X | After call caller's X becomes 6 | BYREF is useful when a procedure must update the caller's variable directly.
stage10-lesson-131-terms.jpg,Source transcript verified,122044e69446b669bb451c45f129bce530bc3ea455d10e8162cae4d73b77d9e7,,"The header names the parameter. The call supplies the argument. | Parameter and argument | Parameter in the procedure header | PROCEDURE DisplayMessage(Message : STRING) | OUTPUT Message | ENDPROCEDURE | Message is the parameter. It is a named input expected by the procedure. | Argument in the call | CALL DisplayMessage(""Ready"") | Text <- ""Saved"" | CALL DisplayMessage(Text) | ""Ready"" and Text are arguments. They are the actual values supplied."
stage10-lesson-131-use.jpg,Source transcript verified,39843268302dc9d8119b51f612d7ae9c36227c7729eef3ea40d4f91d4f446513,,"Use it when the procedure must deliberately update caller data | When to use BYREF | Good use | IncrementScore(BYREF Score : INTEGER) updates a stored score in the main algorithm. | Swap(BYREF A : INTEGER, BYREF B : INTEGER) must change both original variables. | Avoid if unnecessary | If the subroutine only needs to read a value, by value is clearer and reduces accidental changes."
stage10-lesson-131-value.jpg,Source transcript verified,6ff7185d107c57866ed5ed042f5de64539d6dffd9cb2f4935aed9290e8ecae7f,,By value means the subroutine works with a copy | Passing by value | Cambridge-style pseudocode | PROCEDURE AddOne(Number : INTEGER) | Number <- Number + 1 | ENDPROCEDURE | CALL AddOne(X) | OUTPUT X | Trace reasoning | Before call X = 5 | Inside procedure local Number becomes 6 | After call caller's X is still 5 | No BYREF means do not update the original caller variable.
stage10-lesson-132-compare.jpg,Source transcript verified,a5ab7ae9815c87abae76b7288e5ad2b66f6021b126e95eba25ad4ae636dc50b5,,Local and global variables differ by accessibility and lifetime | Local variable | Global variable | Declared | inside a subroutine or block | outside subroutines | limited to that subroutine or block | available more widely in the program | Lifetime | usually while the subroutine call is active | usually while the program is running | Main risk | using it outside scope
stage10-lesson-132-global.jpg,Source transcript verified,02cc6ab79d84e600de7ca0fb4c66f5ccaa137efc92121828643a964d8a98434c,,"Global variables are declared outside subroutines and can be accessed widely | Global variables | Cambridge-style pseudocode | Total <- 0 | PROCEDURE AddScore(Score : INTEGER) | Total <- Total + Score | ENDPROCEDURE | Reasoning | Total is declared outside the procedure, so it is global in this fragment. | Global variables can make updates convenient, but they can also make tracing harder because many parts of a program may change the value."
stage10-lesson-132-java.jpg,Source transcript verified,a499ec873e824b556901ea69a5074fb0235c9d7c85c0196e5291375dc3e46014,,"Java helps illustrate scope, but Cambridge pseudocode remains the answer format | Java support only | Cambridge-style pseudocode | PROCEDURE PrintLocal() | Value <- 7 | OUTPUT Value | ENDPROCEDURE | Java support example only | static void printLocal() { | int value = 7; | System.out.println(value); | Do not answer Paper 2 with Java braces, semicolons or access modifiers unless the question specifically asks for Java."
stage10-lesson-132-lifetime.jpg,Source transcript verified,3f256a9df3f28f0c72559cb38c55a1ab4d81875335eccb3c2314ceb05e8143e3,,Lifetime means how long a variable exists during execution | Lifetime | Main program starts global variables may be created and keep their values | Procedure is called local variables are created for that call | Procedure ends local variables are destroyed or become inaccessible | Main continues global variables still exist unless the program ends | A local variable's lifetime is usually one subroutine call. It is not a tiny global variable in disguise.
stage10-lesson-132-local.jpg,Source transcript verified,a210402f32354b255ace14407d788b307fdd9c70189afc9e995fad57446b50a6,,Local variables are declared inside a subroutine or block | Local variables | Cambridge-style pseudocode | PROCEDURE CalculateBonus(Mark : INTEGER) | Bonus <- Mark DIV 10 | OUTPUT Bonus | ENDPROCEDURE | Reasoning | Mark parameter local to this procedure call | Bonus local variable used only inside the procedure | After call Bonus is not directly available in the main algorithm
stage10-lesson-132-scope.jpg,Source transcript verified,fd2c0794d26d566b2bb9c77445ae8a1ed80f861b3949c99bc3be85821a7af247,,"Scope means where a variable or identifier can be accessed | Inside scope | PROCEDURE DisplayTotal() | Total <- 25 | OUTPUT Total | ENDPROCEDURE | Total is accessible inside DisplayTotal . | Outside scope | CALL DisplayTotal() | If Total was local to the procedure, the main algorithm cannot use it directly."
stage10-lesson-132-shadowing.jpg,Source transcript verified,b24b01c6b6cc7e48796ff3aea024e9da46d35773ad1252ea31c973e68b33b839,,"A local variable can hide a global variable with the same name | Declare a global Score and set it to 50. | Inside ChangeScore, explicitly declare a separate local Score and set it to 80. | The local Score hides the global Score only inside the procedure. | The procedure outputs 80, while the main program later outputs the unchanged global 50."
stage10-lesson-133-case.jpg,Source transcript verified,74227ac7cf6af2ed87920e8a51af4d80862bf3e41172ca31f68b0c7c38969185,,"UCASE and LCASE normalise text before comparison | Input Answer and normalise it with UCASE before comparison. | If the normalised answer equals Y, output Continue. | Close the selection with ENDIF. | Case conversion changes letter case but does not remove spaces or correct spelling."
stage10-lesson-133-concat.jpg,Source transcript verified,231e4beb16b16e1809711b55a22629d63e0879e3d8223e6e3cec32fad4c8179c,,"Concatenation joins strings to form a new string | Concatenation | Build a username | FirstName <- ""Lin"" | Year <- ""2029"" | Username <- LCASE(FirstName) & Year | OUTPUT Username | LCASE(FirstName) ""lin"" | Username ""lin2029"" | Common error treating Year as arithmetic instead of text"
stage10-lesson-133-java.jpg,Source transcript verified,b2cd2d22465351f352a1e0b51c9a287c2351bc00186480464206b1469647ae33,,"Java method syntax is not Cambridge pseudocode | Java support only | Cambridge-style pseudocode | Code <- LEFT(UCASE(Name), 3) | Java support example only | String code = name.toUpperCase().substring(0, 3); | Java's substring(0, 3) uses indexes 0 to 2. That is not the same notation as LEFT(Name, 3) ."
stage10-lesson-133-lab.jpg,Source transcript verified,08445aea943b0f2463f83909f4f97a4ca338b8d42ed48b676a5d7168fdde3e1a,,"Test a built-in function | Interactive string lab | Use a short string and compare the returned value. For MID , positions start at 1. | Function | Choose a function and run it."
stage10-lesson-133-length.jpg,Source transcript verified,e18ff8f3a73701c351aaa3a604e66e06cd2bb25acd714a267c2e5e691578cfbc,,"LENGTH(String) returns the number of characters | Word <- ""ALGORITHM"" | Size <- LENGTH(Word) | OUTPUT Size | Word ""ALGORITHM"" | LENGTH(Word) 9"
stage10-lesson-133-position.jpg,Source transcript verified,f484013efd0eb913751e0f62923845923562b0c52a41e8bd1c19a2d8bf9cb148,,"Exam traces must follow the position convention stated or implied | Positions and indexing | Cambridge-style trace | Word <- ""DATA"" | Part <- MID(Word, 2, 2) | OUTPUT Part | Using 1-based positions, the output is ""AT"" . | Common error | Do not import Java's zero-based indexing into a pseudocode trace unless the question explicitly tells you to."
stage10-lesson-133-strings.jpg,Source transcript verified,47de6896c1610f723c8a8e0e32b66b8a7aab48e184e97614dfc5038f985560e6,,"A string is a sequence of characters | Cambridge-style assignment | Name <- ""Ada"" | Message <- ""Hello, "" & Name | OUTPUT Message | Reasoning | ""Ada"" is a string of three characters. & is used here for concatenation. | If a question uses a different concatenation operator, follow the question. The mark is for clear string construction."
stage10-lesson-133-substring.jpg,Source transcript verified,30626cf6aa7c8714adfcc9dbc29730cb264add8d9d348c9e5e9c32e435710edf,,"Use the string-function definition supplied in the question | String manipulation functions are supplied in the question; use the stated name, parameter order and position convention. | Trace the supplied routine exactly, then use its returned string in an assignment, comparison, output or expression. | Do not import Java's zero-based substring convention or memorise an unstated course-specific signature."
stage10-lesson-134-calculator.jpg,Source transcript verified,7ced49a3a81951cdd4d876b1bccd72397567aca2fafd3603d0f1def64a620fcf,,"Compare / , DIV and MOD | Interactive arithmetic calculator | Use positive integers for this lesson's calculator. | Operation | Enter values and calculate."
stage10-lesson-134-division.jpg,Source transcript verified,0e05356e313d5499b7aae238cfc9713dba7f942f27d03653c2ebed49c8132a4a,,DIV returns the whole-number quotient | Integer division | Cambridge-style pseudocode | Students <- 17 | SeatsPerRow <- 5 | FullRows <- Students DIV SeatsPerRow | OUTPUT FullRows | 17 / 5 3.4 | 17 DIV 5 3 | Meaning three complete groups of five
stage10-lesson-134-java.jpg,Source transcript verified,f8675c0b11abaf434b1e1d4400869c932a75233574e6c42849b96a6b5dbf16c6,,"Java can support the idea, but Cambridge pseudocode remains the answer format | Java support only | Cambridge-style pseudocode | Quotient <- Number DIV Divisor | Remainder <- Number MOD Divisor | Java support example only | int quotient = number / divisor; | int remainder = number % divisor; | Do not write Java % as the exam pseudocode operator when the question expects MOD ."
stage10-lesson-134-mod.jpg,Source transcript verified,2d249b6bab6f3685866bc834204757feaf5eb43fbb0424fcccf0ac105b01567e,,MOD returns the remainder | Cambridge-style pseudocode | Students <- 17 | SeatsPerRow <- 5 | LeftOver <- Students MOD SeatsPerRow | OUTPUT LeftOver | 17 DIV 5 3 full groups | 3 * 5 15 used | 17 MOD 5 2 left over
stage10-lesson-134-operators.jpg,Source transcript verified,d060048ae77593ad8f65dedc945c4463ee67f3bbde925c8d7f76e6e3abbe541b,,Operators combine values to calculate a result | Arithmetic operators | Operator | addition | 7 + 3 = 10 | subtraction | 7 - 3 = 4 | multiplication | 7 * 3 = 21 | real division | 7 / 2 = 3.5 | integer quotient | 7 DIV 2 = 3
stage10-lesson-134-patterns.jpg,Source transcript verified,15ccfbb7ee3f671b946dfbac61faabffbdb5fb990135699adaf9d10f5031e26b,,DIV and MOD often appear in practical algorithm tasks | Common patterns | Even / odd Number MOD 2 = 0 means even. | Digit extraction Number MOD 10 gives the last digit of a positive integer. | Time conversion Minutes DIV 60 gives hours; Minutes MOD 60 gives remaining minutes.
stage10-lesson-134-precedence.jpg,Source transcript verified,af11a9ec44a5f5ec65e4aa10c4bdc7677849b939021ba95f6db8751f09749abd,,"Use brackets when the intended order matters | Precedence | Without brackets | Result <- 2 + 3 * 4 | OUTPUT Result | Multiplication is evaluated before addition, so the result is 14 . | With brackets | Result <- (2 + 3) * 4 | Brackets force the addition first, so the result is 20 ."
stage10-lesson-134-relationship.jpg,Source transcript verified,65f62c7381950988b847b5cbcf8e3396ca09aa29ba991251fcaa89035e1d09d6,,"Use the identity to check your answer | Quotient and remainder relationship | Number = Divisor * (Number DIV Divisor) + (Number MOD Divisor) | Example: 17 = 5 * (17 DIV 5) + (17 MOD 5) = 5 * 3 + 2 | For positive integers, the remainder is smaller than the divisor. If 17 MOD 5 becomes 5 , the remainder has become too enthusiastic."
stage10-lesson-135-formatter.jpg,Source transcript verified,56042a47df8ee4eadd67e69b8753b64cb4e7797bbebf76836bbe6498ddabc795,,Build a readable result line | Interactive output formatter | Enter values and choose a format. The goal is not decoration; it is clarity. | Choose values and format the output.
stage10-lesson-135-formatting.jpg,Source transcript verified,d0c613240fad9f74048d1c1f9ffa5ebdcf76546582c0c67fe48720685deb3eae,,"Formatting means controlling how values are shown | Formatting output | Unformatted | OUTPUT Name | OUTPUT Mark | OUTPUT Grade | Formatted | OUTPUT ""Name: "" & Name | OUTPUT ""Mark: "" & Mark | OUTPUT ""Grade: "" & Grade | Name: Ada | Mark: 72 | Grade: B"
stage10-lesson-135-input.jpg,Source transcript verified,ae6f7c735d027ec8345ad4b9484b4cc64ebba317a664f651d37782d562575f14,,"INPUT reads data and stores it in a variable | Cambridge-style pseudocode | OUTPUT ""Enter mark"" | INPUT Mark | Prompt screen shows Enter mark | Input user enters a value such as 72 | Storage Mark now stores 72"
stage10-lesson-135-java.jpg,Source transcript verified,0d6e3b6cad6a614c105468f69fa3fedc5df48f4f3ff116cb9aa7012f89354981,,"Java I/O syntax is not Cambridge pseudocode | Java support only | Cambridge-style pseudocode | OUTPUT ""Enter mark"" | INPUT Mark | OUTPUT ""Mark: "" & Mark | Java support example only | Scanner input = new Scanner(System.in); | System.out.print(""Enter mark: ""); | int mark = input.nextInt(); | System.out.println(""Mark: "" + mark); | Do not copy Scanner , semicolons or Java method calls into Paper 2 pseudocode unless Java is explicitly requested."
stage10-lesson-135-output.jpg,Source transcript verified,06c481a344c9103a66d1807c2a47eade3f0a80a86152975158f52eedbe5d1042,,"OUTPUT displays text, values or expressions | Display text and values | Name <- ""Ada"" | Mark <- 72 | OUTPUT ""Student: "" & Name | OUTPUT ""Mark: "" & Mark | Displayed output | Student: Ada | Mark: 72 | Labels make the output meaningful. A lonely 72 on a screen is not a user interface; it is a small mystery."
stage10-lesson-135-prompts.jpg,Source transcript verified,3ed6d8213764aed38b0a8eedee404c3838e2326d5462e0fad00e7720b58219e3,,"A good prompt tells the user what to enter and the expected format | OUTPUT ""Input"" | does not say what value is needed | OUTPUT ""Enter mark"" | states the required data item | OUTPUT ""Enter mark 0 to 100"" | states expected range and reduces invalid input"
stage10-lesson-135-tables.jpg,Source transcript verified,b5ffc8310320e5c76f5ccc9d0b3c0acc0302edb9d1a669c87477f20a57022c06,,"Formatted output can make repeated records readable | Table-like output | Pseudocode idea | OUTPUT ""Name Mark"" | OUTPUT ""Ada 72"" | OUTPUT ""Lin 85"" | Displayed output | Name Mark | Headings, spacing and row order make the values interpretable."
stage10-lesson-135-types.jpg,Source transcript verified,d388e3e73c02b7a8273736bca007353bb5fe7b91d31ec363724f475b8af5a5d2,,"Input data must be used with the correct data type | Input type handling | Numeric calculation | OUTPUT ""Enter price"" | INPUT Price | Total <- Price * 1.20 | OUTPUT ""Total: "" & Total | Reasoning | Price must be treated as numeric for multiplication. If a language reads all input as text, conversion may be needed. | Cambridge pseudocode usually focuses on the algorithm. If the question demands conversion, show it clearly."
stage10-lesson-136-append.jpg,Source transcript verified,6f1300bf15e2e66ac2acf150150589827090c44cdc6e048ab79601bd942d84bb,,"FOR APPEND adds new data to the end | Append pattern | Cambridge-style pseudocode | OPENFILE ""Scores.txt"" FOR APPEND | WRITEFILE ""Scores.txt"", ""Lin,85"" | CLOSEFILE ""Scores.txt"" | Reasoning | Use FOR APPEND when previous records should remain and new records should be added after them."
stage10-lesson-136-close.jpg,Source transcript verified,44054083ccf36a6ab24eb7e386204052f1fc5fdb871ea5ac88b8651942fce147,,CLOSEFILE completes the pattern | Closing files | Reliability Data written to a file should be properly finished and released. | Resources The operating system can free the file handle or lock. | Exam pattern Questions often expect CLOSEFILE after reading or writing.
stage10-lesson-136-eof.jpg,Source transcript verified,1e7a0f42f1d99d35ea7b29f0f1e2039bf2f2da784fcf62b4741c86bb75a7c754,,"EOF prevents reading past the end of the file | EOF loop | Count records | Count <- 0 | OPENFILE ""Orders.txt"" FOR READ | WHILE NOT EOF(""Orders.txt"") | READFILE ""Orders.txt"", OrderLine | Count <- Count + 1 | ENDWHILE | CLOSEFILE ""Orders.txt"" | OUTPUT Count | Common trace | If Orders.txt has 3 lines, the loop runs 3 times and Count becomes 3 ."
stage10-lesson-136-java.jpg,Source transcript verified,67fd13f94b31c1d6af607c17d2e54a6a1341a199830f39ae6100f088b9b2d961,,"Java file handling helps understanding, but does not replace pseudocode | Java support only | Cambridge-style pseudocode | OPENFILE ""Scores.txt"" FOR READ | WHILE NOT EOF(""Scores.txt"") | READFILE ""Scores.txt"", Line | OUTPUT Line | ENDWHILE | CLOSEFILE ""Scores.txt"" | Java support example only | try (Scanner file = new Scanner(new File(""Scores.txt""))) { | while (file.hasNextLine()) { | System.out.println(file.nextLine());"
stage10-lesson-136-modes.jpg,Source transcript verified,f6404a9637825e162b276456f34887e7139814ca97c6e3be4da8421e3fcae9d6,,The mode controls what the program intends to do with the file | File modes | Exam warning | FOR READ | read existing data from a file | do not use it to add new records | FOR WRITE | write new file contents | may overwrite existing contents | FOR APPEND | add new data to the end of an existing file | keeps previous records
stage10-lesson-136-purpose.jpg,Source transcript verified,beb38fe47997306adb060b2109a1602e2e921e4a70435cf0806e8d6da00dcd37,,Files store data outside the running program | Volatile variable | A variable value is lost when the program ends unless it is saved elsewhere. | Persistent file | A file such as Scores.txt can keep records for the next time the program runs.
stage10-lesson-136-read.jpg,Source transcript verified,cb7d356f541ecb7597e2b23073c977e6d730d5a3310730386d415558c59b0c81,,"Read every line using WHILE NOT EOF | Read pattern | Cambridge-style pseudocode | OPENFILE ""Scores.txt"" FOR READ | WHILE NOT EOF(""Scores.txt"") | READFILE ""Scores.txt"", Line | OUTPUT Line | ENDWHILE | CLOSEFILE ""Scores.txt"" | Trace idea | Open prepare Scores.txt for reading | EOF check continue while records remain | Read store one line in Line"
stage10-lesson-136-write.jpg,Source transcript verified,0662a1b60c02e067e718c5ec5ac9f979a0e72b77172e00889ddc5427eea5879f,,"FOR WRITE writes new contents | Write pattern | Cambridge-style pseudocode | OPENFILE ""Report.txt"" FOR WRITE | WRITEFILE ""Report.txt"", ""Name,Mark"" | WRITEFILE ""Report.txt"", ""Ada,72"" | CLOSEFILE ""Report.txt"" | Reasoning | Use FOR WRITE when the program is creating or replacing the file contents. | If old contents must be preserved, FOR WRITE is the suspicious choice. It may wipe the slate clean with too much confidence."
stage10-lesson-137-boundary.jpg,Source transcript verified,375201d916600184e89c0b25496250f780402f3c0fdffdf531cdd8e570cd6a01,,"Extreme or boundary data uses valid values at accepted limits | Extreme/boundary data uses valid values at the accepted lower or upper limit. | For an accepted mark range of 0 to 100 inclusive, 0 and 100 are valid extreme/boundary values. | Values just outside the limits, such as -1 and 101, are abnormal and should be rejected."
stage10-lesson-137-erroneous.jpg,Source transcript verified,5734b3d074237d46d4d75e8a2b2d5036643fe451b3718c799a54536250fbca2d,,"Abnormal data is invalid data that should be rejected | Abnormal data is invalid data that should be rejected or handled. | For a mark from 0 to 100, -1 and 101 are out-of-range abnormal data. | The string ""cat"" is wrong-type abnormal data when an integer mark is required."
stage10-lesson-137-java.jpg,Source transcript verified,1f5b5ec4f58f57cfaa27a48a03b25a05c37707ef8736c228f8d153c173237a56,,"Java can help you run examples, but Cambridge pseudocode is the exam answer format | Java support only | Cambridge-style pseudocode | IF Mark >= 0 AND Mark <= 100 THEN | OUTPUT ""Accepted"" | ELSE | OUTPUT ""Rejected"" | ENDIF | Java support example only | if (mark >= 0 && mark <= 100) { | System.out.println(""Accepted""); | } else { | System.out.println(""Rejected""); | } | Do not write Java syntax as the final Cambridge pseudocode answer unless the question specifically asks for Java."
stage10-lesson-137-normal.jpg,Source transcript verified,f9ec0abe978db41c058d0f7d9a3fe902acf7b4c8b4e4643bf4017783cc0e269d,,"Normal data is valid, typical data inside the allowed range | Normal data | Normal test data | Expected result | Mark 0 to 100 inclusive | Accepted | Password length 8 to 20 | 12 characters | Age 11 to 18 inclusive"
stage10-lesson-137-purpose.jpg,Source transcript verified,5a6a765da8bb78f985fd4b8579f3d1bde6b8ea94a32cd056446a1b1a4f109359,,"Testing compares actual results with expected results | IF Mark >= 0 AND Mark <= 100 THEN |     OUTPUT ""Valid"" | ELSE |     OUTPUT ""Invalid"" | ENDIF | Normal, abnormal and extreme/boundary test data provide evidence for the selected cases. | Finite testing can expose faults but does not prove correctness for every possible input."
stage10-lesson-137-table.jpg,Source transcript verified,55d6dc8deaa8e47134fb057b9c7594fc826e7e99a2c9c18cb7f2948f1082c116,,"A clear test table turns thinking into marks | A test table records test data, its category and the expected result. | Use 50 as normal accepted data and 0 or 100 as valid extreme/boundary accepted data. | Use -1, 101 or a wrong-type input as abnormal data with a rejected or handled expected result."
stage10-lesson-137-validation.jpg,Source transcript verified,6cb73b170443806586cf1e8d23ac2d3e488f5e086e88dc3423e3fe10018fed22,,"Testing checks validation against expected results | Testing checks whether validation behaves as expected for selected normal, abnormal and extreme/boundary cases. | Expected and actual results are compared for each test. | Passing a finite test set is evidence, not a proof of universal correctness."
stage10-lesson-138-breakpoint.jpg,Source transcript verified,b7bdf1937e1c1d9e41089b38c2f7edc3c0a861d9e1dbbfafaf2c203d1da83a32,,"A breakpoint pauses execution at a chosen line | Breakpoint | Best place | Place a breakpoint before or on the line where the suspected decision or calculation happens. | What to inspect | Check variable values, the next line to execute, and whether the condition is true or false. | What not to do | Do not scatter breakpoints randomly. Random pausing is just procrastination wearing a technical hat."
stage10-lesson-138-bug.jpg,Source transcript verified,d61e9aa64b38797b656a21ba8feb3fad297b4ad49d633769e725ee1fcbcb8b12,,"Analyse and amend an existing program | Analyse the existing program's purpose, inputs, outputs, control flow and behaviour that must remain unchanged before editing it. | Amend declarations, initialisation, processing and output coherently to add the requested functionality rather than rewriting unrelated code. | Test the new path and rerun regression tests for the existing path; adding functionality is an enhancement, not merely correcting a fault."
stage10-lesson-138-java.jpg,Source transcript verified,c8f58bdc23659e7e60c304290ede6a6338f7acbc8f91132d2bdd63ad2c39140b,,"Java debugging tools help practice, but Cambridge pseudocode remains the exam format | Java support only | Cambridge-style pseudocode | INPUT Mark | IF Mark >= 50 THEN | OUTPUT ""Pass"" | OUTPUT ""Resit needed"" | Java support example only | int mark = 50; | if (mark >= 50) { | System.out.println(""Pass""); | } else { | System.out.println(""Resit needed"");"
stage10-lesson-138-purpose.jpg,Source transcript verified,cbc0708ca79318065934ab1aaf4630f3324422fb535fe8b533d690bb67266c2d,,"Debugging locates and corrects faults | IF Mark > 50 THEN |     OUTPUT ""Pass"" | ELSE |     OUTPUT ""Fail"" | ENDIF | The example is syntactically valid but still contains the deliberate logic error Mark > 50 at the boundary. | Cambridge pseudocode closes the selection with ENDIF, not END IF."
stage10-lesson-138-stepping.jpg,Source transcript verified,264594946a0be08b0d6c164823dcfa675e819fcd6771a30e77df5f0065c3e1e0,,Step through code one instruction at a time | Stepping | Step over | Run the next line without entering a called procedure or function. Useful when the call itself is not suspicious. | Step into | Enter a called procedure or function. Useful when the fault may be inside that subroutine.
stage10-lesson-138-watch.jpg,Source transcript verified,7e8b5e593d2f172ef6ad80a644bde7dba40f68e4e4d7038be245b58dc1364f85,,Watching variables shows state changes while stepping | Watch variables | Variable | Expected | Suspicious result | increases by each item price | resets to 0 inside loop | moves through every array element | skips first or last element | 50 passes | 50 goes to ELSE branch
stage10-lesson-139-checks.jpg,Source transcript verified,b6ccf1d0e4a0d90ec6107a8590a8eb0f4891dfc17856200073cdae70b5efa865,,"Pick the check that matches the rule | Validation check types | Range check | value inside limits | 0 to 100 | Type check | correct data type | INTEGER mark | ""banana"" | Length check | correct number of characters | password 8 to 20 | short or very long password"
stage10-lesson-139-integration.jpg,Source transcript verified,4e08b100d4170f1e644d5a08143220126755792ddecb96cbb034f1471784d7d5,,Validation and modularity support each other | IsValidMark returns TRUE only for marks from 0 to 100 inclusive. | Close the valid branch with ENDIF before the false return. | Close the reusable function with ENDFUNCTION. | Call the function instead of repeating the validation condition.
stage10-lesson-139-java.jpg,Source transcript verified,83fb4261c1525d6b70c1901abe25b02748f62cca15f394bdaf869236d0ffea40,,"Java methods can model modularity, but Cambridge pseudocode remains the exam format | Java support only | Cambridge-style pseudocode | FUNCTION IsValidMark(Mark : INTEGER) RETURNS BOOLEAN | RETURN Mark >= 0 AND Mark <= 100 | ENDFUNCTION | Java support example only | static boolean isValidMark(int mark) { | return mark >= 0 && mark <= 100; | Use Java to practise running code, but use Cambridge-style pseudocode when the exam asks for algorithm design."
stage10-lesson-139-modularity.jpg,Source transcript verified,aa3d7f004640d243f0960f059a3ee2a4fd2898ed164bc814605926474a476644,,"Modular design splits a solution into smaller named parts | Modularity | Less robust structure | All input, validation, calculation and output in one long block. Harder to test, reuse and debug. | More robust structure | Mark <- GetValidMark() | Grade <- CalculateGrade(Mark) | OUTPUT Grade"
stage10-lesson-139-module-tool.jpg,Source transcript verified,234f100acb0dfda61a21a4d781515632e953f6d3803d9a2bdb13e08418eba7c0,,Choose a module for each responsibility | Module chooser | Responsibility
stage10-lesson-139-parameters.jpg,Source transcript verified,48296625ec47efb0ce2c5d771347f4eaf3ecf871e605e1d1ced9b15da70ceab7,,"Pass data into a module and return only what is needed | GetValidMark inputs and validates a mark, then returns a valid INTEGER. | CalculateGrade receives Mark and returns a grade character. | DisplayResult is a procedure that performs OUTPUT and returns no value. | Return values and screen-output effects must not be conflated."
stage10-lesson-139-robust.jpg,Source transcript verified,c2dc2077059e86e97141f5a44dfce3588d2aa8fdcfb9d45c045e0f39d1a08282,,A robust program handles expected misuse without collapsing | Robust design | Input checks | Reject or handle invalid values before they affect processing. | Clear modules | Give each procedure or function one focused responsibility. | Useful messages | Tell the user what is wrong and what valid input is expected.
stage10-lesson-139-validation.jpg,Source transcript verified,4c8b6d7736362b7736c395918a69796f550d3c4acccc8c1f2c7f19d54ce25d7f,,"Validation checks whether data is acceptable for the program | Place INPUT Mark inside REPEAT so every retry reads a new value. | Set Valid to TRUE only when Mark is between 0 and 100 inclusive. | Otherwise output the valid range, set Valid to FALSE and repeat. | Close the selection with ENDIF and terminate with UNTIL Valid = TRUE."
stage10-lesson-139-validator.jpg,Source transcript verified,5e567421086c889c81d7478d00040eb6ff50c4ed67baebafe7e3a4eaa8d5ee43,,Check whether a mark input is robustly acceptable | Interactive validator
stage10-lesson-140-arrays.jpg,Source transcript verified,ad5bec7dcb646c50adc6ba09a63a58a5b0156a33ec4a448ae489fc24f56a332f,,Use Cambridge array notation consistently | Java support example only | scores[0] = 72; | System.out.println(scores[0]); | Cambridge-style pseudocode | Scores[1] <- 72 | OUTPUT Scores[1] | Cambridge examples often use 1-based indexing unless a question defines otherwise. Follow the question's stated indexing.
stage10-lesson-140-assignment.jpg,Source transcript verified,30629726cbc216c17a16570e13d32f43f15e02ba4985b2e58b59d1620e84b923,,"Use the assignment arrow for storing a value | Assignment | Java support example only | total = total + mark; | Cambridge-style pseudocode | Total <- Total + Mark | A single equals sign can be read as assignment in Java, but Cambridge pseudocode normally uses the left arrow."
stage10-lesson-140-checkpoint.jpg,Source transcript verified,08e2c17e9a5ca0f976937cc2d50022068444f500c6a9edb7e5ff573ffc7e35d3,,"5-minute quiz focus | Monthly checkpoint | Conversion | Translate one Java selection, one loop and one output statement. | Explanation | Explain why Java syntax is support only, not the Paper 2 answer format. | Accuracy | Check that the algorithm meaning is unchanged after conversion."
stage10-lesson-140-io.jpg,Source transcript verified,fc6aeb2336a46757dffcff71ad07610dab439310dbd75a3523ffc3373120ac95,,Replace library calls with algorithm keywords | Input and output | Java support example only | Scanner input = new Scanner(System.in); | mark = input.nextInt(); | System.out.println(mark); | Cambridge-style pseudocode | INPUT Mark | OUTPUT Mark
stage10-lesson-140-loops.jpg,Source transcript verified,fd3df72e61c205decbd37b21fcdc0cfa471aaf7f6bf72c7fc62416a12108fde3,,"Choose the loop keyword that matches the logic | Use FOR when a counter range determines the number of iterations. | Use WHILE when the condition is checked before each iteration. | Use REPEAT, then the body, then UNTIL Condition for a post-condition loop. | Do not use DO...ENDWHILE as the Cambridge post-condition form."
stage10-lesson-140-selection.jpg,Source transcript verified,85959527987315cf3134ba5276165d620deb1a684c19aed6da4e60d6117f9e8c,,"Use IF , THEN , ELSE , ENDIF | Selection | Java support example only | if (mark >= 50) { | System.out.println(""Pass""); | } else { | System.out.println(""Resit needed""); | Cambridge-style pseudocode | IF Mark >= 50 THEN | OUTPUT ""Pass"" | OUTPUT ""Resit needed"""
stage10-lesson-140-spotter.jpg,Source transcript verified,ec058c2a335619eb91fb5cbc8395590938b4ecfcbb7f54b9e8af5edf249c9590,,Spot the Java-only syntax in an exam answer | Java spotter | Suspicious answer fragment
stage10-lesson-140-standard.jpg,Source transcript verified,0fab7006fa20f2c5392610835cb334ee01b55ea025be821e7d642b7955a7be33,,"Translate a flowchart or structured English into pseudocode | Follow a flowchart from Start: translate input/output symbols, decisions, branches and loop-back arrows without losing a path. | From structured English, preserve the controlled verbs, conditions and indentation when selecting Cambridge pseudocode constructs. | Dry-run the source description and pseudocode with the same data; matching paths and outputs confirm equivalence."
stage10-lesson-140-subroutines.jpg,Source transcript verified,734195d169f5146945fb6db7db21e6d962e9dbbb939fe1b76ac78b3c127042b3,,Use PROCEDURE and FUNCTION instead of Java method wrappers | Subroutines | Java support example only | static boolean isValidMark(int mark) { | return mark >= 0 && mark <= 100; | Cambridge-style pseudocode | FUNCTION IsValidMark(Mark : INTEGER) RETURNS BOOLEAN | RETURN Mark >= 0 AND Mark <= 100 | ENDFUNCTION
stage10-lesson-141-arrays.jpg,Source transcript verified,7837db534544835c57c735203e24a76b8e77399e71b84da60b4e15bfcc3997c6,,"Arrays need consistent indexing and meaningful loop bounds | Arrays and loops | Question wording | Good answer feature | Mark-risk | 10 marks | FOR Index <- 1 TO 10 | looping 0 to 10 gives 11 iterations | highest score | initialise Highest before comparing | uninitialised comparison | total and average | update Total inside loop, divide after loop"
stage10-lesson-141-checklist.jpg,Source transcript verified,36d9a65750df7abbeff50c193942a2f5672e082ce90f044156e48ff2505e48a6,,Use a checklist before calling a fragment finished | Mark checklist
stage10-lesson-141-debugging.jpg,Source transcript verified,236b6ae709054fc89ae7daaa2499a59706d85549d360f97a9472830b89007720,,"Review answers should be traceable | Debugging awareness | A well-written fragment can be traced: values change in clear places, conditions are testable, and outputs are easy to predict. | If you cannot trace your own fragment with a small example, the examiner probably cannot rescue it for you either."
stage10-lesson-141-files.jpg,Source transcript verified,2f0ce3354b3cd967ebacd27f91e296731e87fb17fdb6e73fa6721d4a62036b96,,"File fragments need open, process and close | OPENFILE ""Scores.txt"" FOR READ | WHILE NOT EOF(""Scores.txt"") | READFILE ""Scores.txt"", Line | OUTPUT Line | ENDWHILE | CLOSEFILE ""Scores.txt"""
stage10-lesson-141-fragment.jpg,Source transcript verified,2752a6bbf64c7c5ae6cd09de912892d5b5d36fa8ab3e8c372ccc12d489145c58,,"A complete fragment has setup, logic and result | Initialise PassCount before processing ten array positions. | Input the current element before testing it. | Close the passing-mark selection with ENDIF before NEXT Index. | Output PassCount once after the loop."
stage10-lesson-141-java.jpg,Source transcript verified,4415a5d3a186031ead8cb380e4f2c659970bafc8b5858c2407bf9fd85a54c20d,,Java can support practice; the review answer should be Cambridge pseudocode | Java may support practice but the review answer uses Cambridge pseudocode. | Increment PassCount only when the current mark is at least 50. | Close the pseudocode selection with ENDIF before NEXT Index. | Keep Java and pseudocode indexing conventions explicit.
stage10-lesson-141-review-map.jpg,Source transcript verified,815e12c1921b70947896edf129aefe50121ae087415ff16ceb21b420b7ba059d,,"Section 11 tools become stronger when combined | Review map | Likely construct | Evidence in answer | Common slip | repeat known number of times | start, end and NEXT | wrong loop bounds | make a decision | condition, branches, ENDIF | missing ELSE when needed | store several values | index used consistently"
stage10-lesson-141-subroutines.jpg,Source transcript verified,d90953f748f857ea5a5c96050d7a1c9a265fbfc7e6cab70f5a0997f8f7910c74,,Use functions for returned values and procedures for actions | A function returns a value; a procedure performs an action. | IsPass returns a BOOLEAN based on whether Mark is at least 50. | Close the function's IF with ENDIF before ENDFUNCTION. | DisplayResult outputs its parameters and returns no value.
stage10-lesson-141-validation.jpg,Source transcript verified,9fa28c0fa0dc0ef7d2a9b5d8ca87922735d25c79b6453ee9df3fdf789a17c4b1,,Review fragments often need input checks | A complete validation fragment prompts for and inputs Mark inside REPEAT. | Set Valid to TRUE when Mark is between 0 and 100 inclusive; otherwise set it to FALSE. | Close the selection with ENDIF and repeat until Valid is TRUE. | Every invalid retry must read a replacement Mark.
stage10-lesson-142-agile.jpg,Source transcript verified,c5c5478d0bba6f8481ea116bdf0d3fe8a38ac54ffd1978ac6cbbb241dc43813b,,"Why short feedback cycles support change | A small increment makes assumptions visible quickly. | Frequent stakeholder feedback reprioritises the next increment. | Less unreviewed work depends on a mistaken requirement. | Regular design reviews correct direction while only a small section is built. | Agile still requires architecture, testing and available informed stakeholders."
stage10-lesson-142-artefacts.jpg,Source transcript verified,ecc590cbe05591370ead7ca33ec95e05ab0e636121206987631867373d0f31ca,,Why artefacts make decisions traceable | Requirements define what successful behaviour means. | Designs and tests link implementation choices to those requirements. | Traceability exposes every item affected by a later change. | A linked evidence trail shows which plans and checks depend on one decision. | An outdated artefact can mislead more than an absent one.
stage10-lesson-142-compare.jpg,Source transcript verified,c33ca1f236e5672a342b31958fd80aa333aaa6e5697eb44c22f139381e1a37bf,,"How project conditions choose a model | Stable regulated work values traceability and formal approval. | Uncertain user-facing work values short feedback distance. | Dependencies, risk and stakeholder availability constrain the viable choice. | Choose a planning rhythm that matches how often reliable evidence arrives. | No lifecycle model is inherently fastest or best for every project."
stage10-lesson-142-iterative.jpg,Source transcript verified,d91b5a14041f18924865f55cbb8ef9777cf444d40bc21692eb277e276de01686,,"Why repeated cycles expose mistakes | Build a limited version around a defined goal. | Review evidence from users, tests or prototypes. | Feed the findings into the next improved cycle. | A model is built, inspected and revised before the full structure is fixed. | Repeated work without a review goal is rework, not controlled iteration."
stage10-lesson-142-purpose.jpg,Source transcript verified,4cc88ec2dead012ea1fe059084aa8a20a669db4b2d60c0ddcfc66ced7619c19a,,"Why a lifecycle reduces uncertainty | Each stage asks a different question about need, design or evidence. | Its output makes assumptions visible for review. | Later work proceeds with clearer constraints and acceptance criteria. | Architectural plans turn assumptions into inspectable decisions before construction. | Documents help only when they stay accurate and influence decisions."
stage10-lesson-142-rad.jpg,Source transcript verified,94bb90b11cc7b2245b38d0f5f3633b8ab2219a842a2411cba6cac0465ef1b65c,,"Rapid application development (RAD) | RAD builds rapid prototypes inside short time boxes. | Users review prototypes frequently and their feedback changes the next version. | RAD can respond quickly, but may not suit work requiring exhaustive assurance and stable architecture. | A working model is reviewed and revised before the whole product is fixed. | RAD is a named syllabus model; Agile is related extension context, not a substitute."
stage10-lesson-142-stages.jpg,Source transcript verified,bdc1faf86333342759414dd3ded275ef7e7c6b0cb34cb8ee150d57815e865e15,,"How one stage supplies the next | Analysis defines the problem and required outcomes. | Design translates requirements into components, data and interfaces. | Implementation and testing create and check the resulting system. | A specification becomes a plan, then a build, then evidence of fitness. | Feedback may return to an earlier stage when evidence exposes a bad assumption."
stage10-lesson-142-waterfall.jpg,Source transcript verified,aa1b56b0d335a1bf71cd84905cd59215e97cb408a206a938204eda0233c7f5d1,,"Why sequence helps and resists change | A stage is reviewed before the next major stage begins. | Early agreement supports budgets, contracts and traceable approvals. | Late change crosses completed boundaries and causes expensive rework. | Changing foundations after upper floors exist is harder than changing a drawing. | Waterfall suits stable requirements; sequence alone does not guarantee quality."
stage10-lesson-143-acceptance.jpg,Source transcript verified,d66359b60189ad2e3cf249e4cdabc9c649f43d74487907927e66c6aaf37184d9,,Acceptance tests check whether requirements are met | Acceptance tests | Requirement | Test data/action | Expected result | Evidence | reject double booking | try to book Room 12 at an occupied time | booking rejected with message | test result screenshot/log | search within 2 seconds | search all rooms for Monday period 3 | results shown within 2 seconds
stage10-lesson-143-analysis.jpg,Source transcript verified,ebe3712773accdb10874ba9b416148c5fb63eed31fad4724900c07637fc1ecba,,"Analysis turns user needs into a requirements specification | Requirements analysis | Use interviews, questionnaires, observation or document analysis to find needs. | Remove ambiguity by asking about users, tasks, data, constraints and priorities. | Write requirements that can guide design and later testing."
stage10-lesson-143-criteria-tool.jpg,Source transcript verified,e03d0b51a4207233b87b74a534a76aab349c6f2d257ac7abcd995e0be2d3d099,,Is the criterion testable? | Criteria checker | Criterion
stage10-lesson-143-functional.jpg,Source transcript verified,6fe68cbc54efa2b823bcc4e95aff573e274883b5ceaaec01096e95bae4d5c65b,,"Functional requirements describe what the system must do | Functional requirements | Vague request | Functional requirement | Why stronger | manage bookings | allow teachers to create, edit and cancel room bookings | states actions and user | avoid clashes | reject a booking if the room is already booked for that time | states exact rule | show information | display a timetable for a selected room and date"
stage10-lesson-143-non-functional.jpg,Source transcript verified,4e08794775a1b9830e921ae216284aea006e057ee62bf145d2adbe064b5396fd,,Non-functional requirements describe qualities or constraints | Non-functional requirements | Measurable requirement | Possible evidence | performance | room search results display within 2 seconds | timed test | usability | a new teacher can create a booking in under 2 minutes after one demonstration | user trial | security | only staff with valid login credentials can create bookings | access test
stage10-lesson-143-rewriter.jpg,Source transcript verified,fd35a36e342a0baf13b8cc4f89d43d063000b60665d56a864d7a07225103f994,,Turn vague requests into stronger requirements | Interactive rewriter | Vague request
stage10-lesson-143-stakeholders.jpg,Source transcript verified,c2ba7b85722a7e9cf30e21f281c94c0fec7aabc393d6574b048af3f80e2c740f,,"Different users reveal different requirements | Stakeholders | Teachers | Need quick booking and clear room availability. | Admin staff | Need reports, conflict resolution and permission controls. | IT support | Need backup, user management and maintainable configuration."
stage10-lesson-143-success.jpg,Source transcript verified,c392184139b74dd0acb570cb628f62f4c81f209d0724086c274011b723747f7f,,Success criteria make evaluation possible | Success criteria | “The system should be easy to use.” | Stronger | “At least 8 out of 10 teachers can create a booking without help in under 2 minutes.” | A success criterion should be specific enough that two people can test it and reach the same conclusion.
stage10-lesson-144-algorithms.jpg,Source transcript verified,6346f1af211465f33d927de0845cc165fc20c8b67f4dfc148281c55a71961bd6,,"Structure charts, derived pseudocode and state transitions | A structure chart shows module hierarchy, calling relationships and labelled parameters passed between modules, procedures or functions. | Derive pseudocode by turning each box into a complete subprogram header and each hierarchy connection into a matching call with arguments. | A separate state-transition diagram marks the start state and uses directed, event-labelled transitions between persistent states; it is not a flowchart of processing steps."
stage10-lesson-144-dictionary.jpg,Source transcript verified,4334c7633b7e133798d584a1fa16ee12b70bd38caae44fec4ccd83af8764487f,,A data dictionary defines each data item consistently | Data dictionary | Validation | letter plus digits | not blank; exists in room file | identifies the room | BookingDate | YYYY-MM-DD | school day; not in past | date of booking | StartTime | valid period start time | booking start
stage10-lesson-144-dictionary-tool.jpg,Source transcript verified,0ec4c0996c1326389e849bf482cfa42e7b4dc807c68c24a4cdaa90570bcf3032,,Inspect a field definition | Data dictionary checker | Data item
stage10-lesson-144-interfaces.jpg,Source transcript verified,9251be78a516956a5eeee6f5a124026a6d142638dbc818a0b2a419fdcdd9b2e1,,"Interface designs show how users will enter data and navigate the system | Interface designs | Create room booking | Date calendar control | Period drop-down list | Room searchable list | Error message area: “Room already booked for this time.” | Interface design is not just “make the screen pretty”. It specifies controls, navigation, prompts, validation messages and user feedback."
stage10-lesson-144-lifecycle.jpg,Source transcript verified,c38de681232483e233ab84b6f695f9c75ba9f9e42c447fd7fca70edb8e617693,,"Design documentation supports implementation, testing and maintenance | Using design docs later | Implementation | Developers know which data fields, algorithms and interface behaviours to build. | Testers compare actual behaviour with the designed rules, validation and expected messages. | Maintenance | Future changes are safer because developers can see existing data rules and processing assumptions."
stage10-lesson-144-purpose.jpg,Source transcript verified,c8393bb1ba468d7f82990e08d4fe1ab968507d75b061acef739f7431936c26df,,"Design documents translate requirements into a buildable plan | Design documentation purpose | Before coding | They decide data structures, processing logic and user interaction before the implementation language takes over. | For testers | They provide expected rules and interface behaviour so tests can check more than “it seems fine”. | For maintenance | They help future developers understand why the system works in a particular way. | A useful design document is specific enough to guide construction, but not just a pasted block of final program code."
stage10-lesson-144-traceability.jpg,Source transcript verified,7464f1342187d77df4878c4dcd68421f396bc114713f13923341b3b4335af28a,,"Traceability keeps the design connected to the original need | Linking requirements to design | Requirement | Algorithm design | Data dictionary | Interface design | Prevent double booking | compare requested time with existing bookings | RoomID, date, start and end times | availability check button and clash message | Only staff can book | check user role before saving | StaffID and Role fields"
stage10-lesson-145-changeover.jpg,Source transcript verified,108adbecaf971643db333fb0567de32025c5b058e6149bbd10eae1112ea7a4f6,,"Test strategy and test plan are different documents | A test strategy states the testing levels, methods, responsibilities, sequence and resources for the project. | A test plan records individual cases with a test ID, purpose, data, expected result, actual result and pass/fail outcome. | Normal, abnormal and extreme/boundary values are test-data categories; a list of values alone is neither a complete strategy nor a complete test plan."
stage10-lesson-145-data-tool.jpg,Source transcript verified,b51f05d6d22a3b4c536b3b77a63c5b5cd4797a7f7520349ffceef71ac0313841,,"Classify input for NumberOfStudents, valid range 1 to 30 | Test data classifier | Test value"
stage10-lesson-145-evaluation.jpg,Source transcript verified,68186b0ed6fbd881b933f40ffc8aa852e425b64fa67d0a66affa337d975a6774,,"Evaluation uses requirements and measurable success criteria | A success criterion must state a measurable threshold before evidence can be judged against it. | If 8 of 10 users or 95 of 100 searches is sufficient, state that threshold explicitly. | Without a threshold, do not label partial evidence as an unqualified criterion met."
stage10-lesson-145-implementation.jpg,Source transcript verified,4f73bbff00227aab9110a34bbdb95b306d83f8bd24ae2d493ba98495c0db9400,,"Implementation turns the design into a working system | Implementation | Program modules, create files or databases, implement interfaces and connect components. | Put the system into the user environment, configure hardware, accounts, permissions and data. | Document | Prepare user instructions and technical notes so the system can be used and supported. | Implementation should follow the design documentation. If implementation silently changes the design, testing may no longer match the intended system."
stage10-lesson-145-maintenance.jpg,Source transcript verified,c096a88d2b8af4fde85354a4ff4bd6005c3e8860923420f5482ce2d2e8b6d723,,"Maintenance changes a system after it has been delivered | Maintenance | Corrective | Fixing faults found after release, such as a booking clash that was not rejected. | Adaptive | Changing the system because the environment changes, such as a new timetable structure. | Perfective | Improving performance, usability or features, such as faster room search."
stage10-lesson-145-stage-tool.jpg,Source transcript verified,49b5f60be2be051ec3dd20652d7fb7e5ee66635c02f7510d18c7de5fedbacd33,,Which lifecycle stage is being described? | Interactive stage chooser | Scenario
stage10-lesson-145-test-data.jpg,Source transcript verified,78cab0bfd72576d30c5851b360b061c3d6f479385463b16b2e5337b2b96a2869,,Good testing uses different categories of data | Test data | Category | Room capacity example | Expected result | valid typical data | 24 students for capacity 30 | accepted | Boundary | valid or invalid data at the edge | 30 and 31 for capacity 30 | 30 accepted; 31 rejected | Abnormal
stage10-lesson-145-testing.jpg,Source transcript verified,2ff05aa87be65e64016261bbb6ac1d018fcedd7fcd6b65ca4754656f41f0c9ea,,Testing is planned evidence that the system behaves as expected | Evidence | Unit testing | one module or subroutine | check clash detection function | actual output compared with expected output | Integration testing | modules working together | booking form sends data to save module | data passes correctly between parts | System testing | whole system | complete booking workflow
stage10-lesson-146-analysis.jpg,Source transcript verified,817e9609a4742ad38055c2fb9c6dcd1d534daa71d87ba775b431704fc0052112,,"From vague request to measurable criteria | Analysis review | Weak wording | Stronger requirement | Success criterion | easy sign-up | students can reserve a place using activity list, confirm button and student ID | 90% of trial students reserve a place in under 2 minutes | avoid too many students | system prevents reservations above activity capacity | all tests at capacity plus one are rejected | staff need reports | staff can print or export a register for each activity"
stage10-lesson-146-answer-tool.jpg,Source transcript verified,268ed10ef2a3aa8e07ccebbad183440cee0dc61c7d28f04f47b9ad4448c2b158,,Turn a weak line into a mark-worthy line | Answer improver | Weak answer
stage10-lesson-146-case.jpg,Source transcript verified,19e30df007d374cefbf24cdf7364adf6c255619d9936f56a18a2eb40a083413c,,"School activity sign-up system | Case study | A school wants a system for students to sign up for after-school activities. Students can view activities, | reserve a place, cancel a reservation and see a waiting list. Staff can create activities, set capacity, | view registers and close sign-ups. The school wants the system ready before the new term. | Every review task on this page uses this case. That forces answers to be specific instead of floating around as textbook fog."
stage10-lesson-146-case-tool.jpg,Source transcript verified,b2e7e7d0cc8ea00c1b86ad89fbb87d4c32376d83c34b5a1250bb68e4f90002a2,,Identify the Section 12 concept | Interactive case tool | Case detail
stage10-lesson-146-commands.jpg,Source transcript verified,9aaf0f9eaa3beb2d7e116e527fc34ced4977f5cd87ebb896334a41a1b1694471,,"Match response depth to the command | Explain sets out reasons or relationships and says why or how. | Evaluate makes a judgement about quality, importance, amount or value using evidence. | Cause and consequence support an explanation; they do not replace the judgement required by evaluate."
stage10-lesson-146-design.jpg,Source transcript verified,7bb5c107efeb316799164cbd580032d63d3fbd17c87602de67ab8cf1b612b5f9,,"Design answers must name the artefact | Design review | Algorithm | Describe how the system checks capacity and places extra students on a waiting list. | Data dictionary | Define ActivityID, StudentID, Capacity, PlacesTaken and WaitingListPosition. | Interface | Show activity list, reserve/cancel controls, confirmation prompts and validation messages. | Cambridge-style pseudocode is suitable for algorithm design. Java can support implementation practice, but final code is not the whole design document."
stage10-lesson-146-evaluation.jpg,Source transcript verified,200b28cf03184dbe9955cd132922d9be5a45beff923e86f3c5998457bdd715ee,,"After release, classify changes and judge success with evidence | Maintenance and evaluation review | Maintenance examples | Corrective: fix a crash when cancelling a reservation. | Adaptive: change the system for a new two-term activity structure. | Perfective: make the activity search faster or clearer. | Evaluation evidence | Timing logs from sign-up tasks. | User survey results linked to success criteria. | Test records showing capacity rules were met."
stage10-lesson-146-lifecycle.jpg,Source transcript verified,bcd5b9c35eaa0336a0cc266db810823591cbc76e4eb01849a36da4f165f21cd5,,"One scenario, many stages | The syllabus names analysis, design, coding, testing and maintenance as the program development lifecycle stages. | Implementation may be used only as an explanation of coding, not as a replacement stage that removes testing or maintenance. | Operation and evaluation are not substitutes for the five named syllabus stages."
stage10-lesson-146-testing.jpg,Source transcript verified,48765064e78d2266d983f4d7bd2cfd0ebf579f45497e111c6be78ad37150f887,,"Test cases need data, expected result and purpose | Normal data is valid and typical; boundary data is at an accepted limit; abnormal data violates the stated validation rule. | A 21st valid reservation at a capacity boundary requires the defined business outcome, such as waiting list or rejection due to capacity. | Do not call a request invalid unless it violates a stated input-validity rule."
stage10-lesson-147-algorithms.jpg,Source transcript verified,cb89eddf88ba99dba7729caca490e001694ebaa9bd4e9e938d68e03d9d80f9b8,,"Good pseudocode is precise enough to trace | Algorithm design review | State the data being read, such as target name, score list or file record. | Use sequence, selection and iteration with clear variable updates. | State exactly what is displayed, returned or stored."
stage10-lesson-147-files.jpg,Source transcript verified,37f890cfa121d769b29cc4fcf2ec96244db314855363e407f8701b5964d6f770,,"Persistent data needs clear read/write logic | Files and records | Pseudocode pattern | OPENFILE ""Scores.txt"" FOR READ | WHILE NOT EOF(""Scores.txt"") | READFILE ""Scores.txt"", StudentRecord | OUTPUT StudentRecord.Name | ENDWHILE | CLOSEFILE ""Scores.txt"" | Review note | File questions often test the sequence: open, read or write, loop until end of file, then close. Keep the file mode clear."
stage10-lesson-147-selection.jpg,Source transcript verified,ef0d7b8dead4f38d88074a1a70ccff8dfc2df540e5d1f8b8163761a0ee2703cf,,"The reason matters more than the name | Structure choice | Scenario | Likely structure | store 30 daily temperatures | 1D array | same type, indexed by day | store student name, ID and mark | related fields of different types | undo recent edits | most recent action is undone first | print jobs waiting | first job added should print first"
stage10-lesson-147-strategy.jpg,Source transcript verified,e98ec449de91ed335cd7a2dc03182b3203e09d50144f8f086b32e113ca29be78,,"Choose the tool before writing the answer | Review strategy | Question signal | Evidence | Common loss | trace / dry run | trace table | variable values after each step | skipping loop iterations | design an algorithm | pseudocode | inputs, process, output | writing vague English only"
stage10-lesson-147-structure-tool.jpg,Source transcript verified,cf555c47a73612cdf0e5864b8d6ec67946aab423193f3de829c65f3b95b9eabf,,Choose the structure and explain why | Data structure chooser | Scenario
stage10-lesson-147-structures.jpg,Source transcript verified,29ff4039d4370465236cdd459e70d5aa1f4ef45775344206916c825f812505f8,,Choose structures by how the data is used | Cambridge arrays have explicitly declared lower and upper bounds. | An array may be zero-based or one-based according to its declaration. | Label 0 to n-1 as one chosen convention rather than a universal rule.
stage10-lesson-147-trace-tool.jpg,Source transcript verified,547ac758161156d307c8c5223fcd402cdc482979810033541e91ba813150fdab,,Calculate Total for the selected score list | Interactive trace tool
stage10-lesson-148-construct-tool.jpg,Source transcript verified,ab821910fda628a0ed3aec06834fb94d17fd8a8a19f4ee93a58edd4d63ecca67,,Identify the construct from the scenario | Interactive construct tool | Scenario
stage10-lesson-148-constructs.jpg,Source transcript verified,19a8c6cbfa5e3e247e45b4fd0560e1c27b08b5a043881e174db61ee14dac7406,,Constructs control the order in which statements run | Programming constructs | Construct | Cambridge-style signal | Common error | Sequence | statements run in order | one statement after another | assuming hidden jumps | Selection | choose a branch | IF / ELSE / CASE | missing ELSE or ENDIF
stage10-lesson-148-file-tool.jpg,Source transcript verified,43c553ea6aa51d21a3d5f262d0893e770baffe961541975cca9bdb5bb804fe6f,,"Choose READ, WRITE or APPEND | File mode chooser"
stage10-lesson-148-files.jpg,Source transcript verified,b40e25557944883851d786b7429079726d64bae54a7435f68366d0d820817fe1,,"Open the file in the correct mode, process records, then close it | File handling review | Read pattern | OPENFILE ""Scores.txt"" FOR READ | WHILE NOT EOF(""Scores.txt"") | READFILE ""Scores.txt"", Line | OUTPUT Line | ENDWHILE | CLOSEFILE ""Scores.txt"" | Append pattern | OPENFILE ""Scores.txt"" FOR APPEND | WRITEFILE ""Scores.txt"", NewScore | APPEND preserves existing records. WRITE is usually for creating or replacing file contents."
stage10-lesson-148-iteration.jpg,Source transcript verified,07faff9e755928926c5764c074d945124c52fe18d04b6df08802d7ce54072f13,,"Choose the loop by what is known before the loop starts | Iteration review | Use when | number of repetitions is known | process 30 scores | condition is checked before each repetition | read until end of file | REPEAT UNTIL | body must run at least once | keep asking until valid input | Boundary warning: if a loop says 1 to 5, there are five iterations. The loop counter is not just decorative furniture."
stage10-lesson-148-selection.jpg,Source transcript verified,7c35d6c5a8bce63a84ddb424de23b636ab133abf42849bfb8295fdfe2d0eeb86,,"Use IF for decisions, CASE for clean multi-way choices | Use IF for a condition or range and close it with ENDIF. | Use CASE for discrete MenuChoice values and close it with ENDCASE. | OTHERWISE handles a menu choice not listed explicitly."
stage10-lesson-148-subprograms.jpg,Source transcript verified,63d17ba49f1c005f18101459ba63903637b5f92d2908b0d9adba8a04b443e22c,,Subprograms reduce repetition and make code testable | DisplayMessage is a procedure that outputs its parameter and returns no value. | IsValidMark is a function that returns a BOOLEAN. | Close the function's selection with ENDIF before ENDFUNCTION. | Use subprograms to reduce repetition and support separate testing.
stage10-lesson-148-validation.jpg,Source transcript verified,3e6fed766267bc7bf33f585f646b240db19ffcc287e13e782c0ba9d6c5538197,,Validation rejects unsuitable input before it damages the logic | Validation review | Range check | value is between limits | mark from 0 to 100 inclusive | Type check | value has expected data type | mark must be integer | Presence check | value is not blank | student name required | Length check | value has correct number of characters
stage10-lesson-149-constructs.jpg,Source transcript verified,fad21f989641d055794f67869d182fb14b938412cc0e24eb38893cc54a1259aa,,"Choose the smallest construct that fits the task | Choose a loop from when its stopping condition must be tested, not merely from whether the item count is unknown. | Use WHILE NOT EOF for a text file whose record count is unknown because EOF is checked before each read or process step. | Use REPEAT ... UNTIL only when the body must execute before the condition is checked."
stage10-lesson-149-method.jpg,Source transcript verified,358e53aad85c832e9d43de5f919a7a4d56604395ba8904969eaaefc9750cbd11,,"The four-pass approach | Timed method | 1. Decode | Underline inputs, outputs, constraints and any required data structure or file. | 2. Skeleton | Write the outer shape first: initialisation, loop, selection, output. | Add conditions, assignments, function calls and file statements. | 4. Check | Trace one normal and one boundary case; confirm the output happens once in the right place."
stage10-lesson-149-quality.jpg,Source transcript verified,ea274ba1ce5e0e961a94d059ebb3650795625bcd397ec1f2f113370734cf35d1,,"Before moving on, ask six questions | Quality checklist | Inputs Where does the data come from: user, array or file? | Initialisation Are counters, totals and flags set before use? | Loop Does the loop include the correct items and stop safely? | Selection Are boundary conditions correct, such as greater than or equal to? | Output Is the final result output once, after processing? | File handling Are OPENFILE, READFILE or WRITEFILE and CLOSEFILE used correctly?"
stage10-lesson-149-skeleton-tool.jpg,Source transcript verified,da36fcdcdbdb4bb32ae3a4b9c13ffeb84ef2569700c0c06d689ed0e3ecc5f3d0,,Build the outer shape before details | Skeleton builder
stage10-lesson-149-timer-tool.jpg,Source transcript verified,11bc163b36effb8e517cad8cfee10c14a865f6a1a0ce0d2b9826911d45ff86c1,,Choose a mark value and plan the response | Interactive timing tool | Question size
stage10-lesson-149-timing.jpg,Source transcript verified,34a9170e512d2e837670784f66e69a7fe0c6ece14b2214d6a546a84e47a24b46,,"Spend time according to marks | Use one declared mark-to-time rate consistently across timed pseudocode practice. | The example rate is one minute per mark: 2, 3, 5 and 10 marks receive 2, 3, 5 and 10 minutes. | The whole question budget includes reading, planning, writing and checking. | A proportional model always allocates more time to a higher-mark question."
stage10-lesson-150-correction.jpg,Source transcript verified,7f7e9cde1edc7a9fba0b8ecd8555513616ffe6bc0c813094f5f6f98d1466c6bf,,"The four-line correction format | Correction workflow | 1. Original | Copy the sentence or pseudocode line that failed. | 2. Mark lost | Name the exact mark: missing M1, B1 or A1. | Write the general rule that would prevent the error next time. | 4. Retest | Answer a similar mini-question without looking at the model answer. | A good correction is reusable. “I forgot” is honest, but it is not a strategy."
stage10-lesson-150-marking.jpg,Source transcript verified,801dcc4764fa20020c3a014d0c757b02f5fdbdd4765f40ddd54f2ca8d507250e,,"Translate feedback into a repeatable checklist | Mark recovery | Pseudocode initialise variables, process all items, output after the loop, close files | Trace show intermediate values and include boundary conditions | Data structures justify with LIFO, FIFO, index access or grouped fields | Explanations use point, reason, context and consequence | Testing include data, expected result and why the case is useful | Evaluation compare evidence with success criteria and make a judgement"
stage10-lesson-150-sections.jpg,Source transcript verified,3ca36360ae5ddd6b550dcea97723da2ef6a0d4172c045eb5574d1c495d114ee5,,Know which skill the mark scheme is testing | Paper 2 section map | Core skill | Common lost mark | Correction target | algorithm design and problem-solving | missing input/output or loop condition | write full algorithm skeleton | data types and structures | name structure without reason | link to access pattern | programming and file handling | wrong file mode or no CLOSEFILE
stage10-lesson-150-triage.jpg,Source transcript verified,e09d7b0402c49a27ab767c85ee39262e9764005ef527590dcbd1f352a6e0d61e,,Sort errors before trying to fix everything | Mock triage | Error type | Looks like | Correction action | Fast retest | Knowledge | wrong term or concept | relearn definition and contrast pair | two quick retrieval prompts | trace skipped or algorithm incomplete | write steps as checklist | similar short problem
