id,source,lesson,section,marks,status,content_hash,second_review
L001-Q1,lesson,1,1,3,Approved,88193af90f2281b4ba901643fae594fabeb702418418d549070f37f6d027b233,-
L001-Q2,lesson,1,1,3,Approved,dad862e575fe7effbcdb3712aa7389a8cdae107cd552f092dfb4e60fa755b1ae,-
L001-Q3,lesson,1,1,3,Approved,638299bdec4f1b764cc9688e6fc1399a728b43e3b76a43e38738487243abfac7,-
L001-Q4,lesson,1,1,4,Approved,d413574befb835adb4f33783823a3c12b2fd3e7f7d38266c30b6ae012be1bfd4,-
L001-Q5,lesson,1,1,3,Approved,d95342f56e5b058bd75f6b6ff4799a9f5569123c1c77a7865dd2e856816f891f,-
L002-Q1,lesson,2,1,3,Approved,36f1d7eff3e7db1da2fd94d8045dbb7072551ecc47072160849ee3b293c3ec56,-
L002-Q2,lesson,2,1,4,Approved,875389fd19256ac1246c81b70a823cf611829be1db6d92b5ff8c193a7b66b072,-
L002-Q3,lesson,2,1,2,Approved,8d1d12aa13b65205883b829118d15459091e73791d523a497b3a55418ee6026a,-
L002-Q4,lesson,2,1,3,Approved,6e794675e371a5506aa359a0ba6654406428a23384e78599b765427e48ee3508,-
L002-Q5,lesson,2,1,4,Approved,c2a5c377cbf9b9c8a8a4404462e0db4635a51d373dc0d21ec2f354e61bbe528f,-
L003-Q1,lesson,3,1,3,Approved,5312dc9980e54571a53478bbcd62e81a049a975feda2ee14cee09498db6ea7d2,-
L003-Q2,lesson,3,1,3,Approved,967f0bb1460b36b47b513344249527b9bae5cec8501429fbd89f9fcdfe305ac5,-
L003-Q3,lesson,3,1,3,Approved,736478d40d3e4830a87c1a5008e0b225d16f9219a3b775b9eda19605cc7f6e91,-
L003-Q4,lesson,3,1,3,Approved,ac7d53a086295309c1d169c077057389f36a5b90dc16ceae65176a4907266238,-
L003-Q5,lesson,3,1,4,Approved,02485c2a3c5eeb7d07d2cd0e65ccbf4bd30daab8c6e5812a59878d305248c0f4,-
L004-Q1,lesson,4,1,2,Approved,fb6c488cf28c676ebc458a3cd0ce7c0716676d7b3662dd6ac4df55327fd40710,-
L004-Q2,lesson,4,1,4,Approved,5ab563fa525d970ee61d02ac0e8ea683702663a14d39f001fb1fc6fbfb726034,-
L004-Q3,lesson,4,1,3,Approved,1d2064da66765645233bb9f2bc24fb13795b3341f7bba3cf013b7cd2a5bee1cd,-
L004-Q4,lesson,4,1,4,Approved,34a0adee6564acb0d64d52c4e26c2ae99be94a0e81cc97eeac59340451e36b1b,-
L004-Q5,lesson,4,1,3,Approved,b9c55ee83f3dcf40dc00a3b42602614f875e4ba2dfc134c9425ef8c451573603,-
L005-Q1,lesson,5,1,4,Approved,5f47f5ebdcbcc8f6ffd75088178baa0c05174977544d12b77769c693c90a5c00,-
L005-Q2,lesson,5,1,3,Approved,8f1c68c950abd1011d9a36040e84b806a4ca239013b0bb0bbc2568b4a28442e0,-
L005-Q3,lesson,5,1,3,Approved,b388918e8c004458c70be1a2bf69868486e169b4c485fe71f27811468ee192bd,-
L005-Q4,lesson,5,1,4,Approved,00475a46a6e8ca2f6f9ac276dcea0d7c143a93dc68c8a28859986e2e673f8f6a,-
L005-Q5,lesson,5,1,3,Approved,4aea9a029aa3da7df3a3aa807861e694b087b56a3cd677ced44e941e9af1f964,-
L006-Q1,lesson,6,1,3,Approved,608126398147f69b904332dcf0311e02e5d312613eef0bf53d32765c466ca5b6,-
L006-Q2,lesson,6,1,3,Approved,1c2aef5bb03b6229a00696d82b019149d909ca64b4ccd2c6dcb11c226cdcc668,-
L006-Q3,lesson,6,1,4,Approved,a09abec856b0afc978e6eaa44116c51438b293ff7a463ed1c0444e62299b2b8e,-
L006-Q4,lesson,6,1,4,Approved,75413544a93d2cd33cf8e0569aea82c7118828500b8597b86097ff87d2d64d8f,-
L006-Q5,lesson,6,1,3,Approved,90fe2b052d68f5eac2b7e26ac891fe9227cfed3fe8f6f88ab1b2cb8ba1c10ccd,-
L007-Q1,lesson,7,1,3,Approved,6eb9b4e4dc820e6dd0b6e25fa91588437f8bd4b22223a840b3c31cf9be078fe4,-
L007-Q2,lesson,7,1,4,Approved,b1c749898e975a8f7bbde99a07262d3e9d58ba44e4c9e8999e7e12be0b19e049,-
L007-Q3,lesson,7,1,4,Approved,cca3b925d95602cdaf62583aac556a984439d445bd3b2e06a83ec3a5f1fd16ea,-
L007-Q4,lesson,7,1,3,Approved,875b5fbfa937346bb3571460a6fcfed65fbe0e13b63c701077865b5035f42574,-
L007-Q5,lesson,7,1,3,Approved,4ac4a6587fb6e9de310ab30a2ced05b7d64c62c5ac10a1c587fe3d08ee3e6865,-
L008-Q1,lesson,8,1,4,Approved,7c79f337bc367961aff7d3f05a88c1b2160555f382af309c7c2648d5f82fbca9,-
L008-Q2,lesson,8,1,3,Approved,24825f8ef55564fcee5a8d8738594d60c673b3334fc100cb1a9b25660373dd32,-
L008-Q3,lesson,8,1,4,Approved,9217c3ed23ce3a5a99267e6bfddc8a52b41156e79406afe0f4a268ac2338b058,-
L008-Q4,lesson,8,1,3,Approved,2882db674237591be0bd85658a73300427ef373f867d6bc8adc84eb22ae56281,-
L008-Q5,lesson,8,1,4,Approved,5291a0b91efe02eea106532b018f36d0fe7cec69884f4f5b3aa904fd3bbd3215,-
L009-Q1,lesson,9,1,4,Approved,4a963a5ffdc50a51b850c1c2ef10c5ec312dbdea28a51e06ffc42e787bd443d6,-
L009-Q2,lesson,9,1,4,Approved,65d5c936c328cbebb0957bc7f8b7926e8921aeb84c33d7150b0feeb68b986053,-
L009-Q3,lesson,9,1,3,Approved,bf08473a4b6a896c03c40f3ccbebd68fbb9f4e19f4e94c08c959ed2ff8958e38,-
L009-Q4,lesson,9,1,4,Approved,eef7d8ce86682df313757144e4232d96315c7333b3055b03d3b2eaddd14b7bbe,-
L009-Q5,lesson,9,1,4,Approved,254420778be2996cea7bc259e57e22be2cd7d93b2661a2819970735de991445c,-
L010-Q1,lesson,10,1,3,Approved,6ca30e995f03be3d7bc0eebd65ebfeacf59a3f1766a7eccc2e4a742830aef7d5,-
L010-Q2,lesson,10,1,2,Approved,9929c1e8da417e9daa7977ec057a94914bb7a0aeb2f51c47eed7ba3a149e72ef,-
L010-Q3,lesson,10,1,3,Approved,7602b4dc6a3c38fd74c6c5fcff992adddf52e59890d28937312146e84fd49329,-
L010-Q4,lesson,10,1,3,Approved,96de2ce6980246e8da82e569f348e05126727ac1d9475120242ae8b94d3237e8,-
L010-Q5,lesson,10,1,4,Approved,66e76d1ec937a1dcfa18b77ab98834bb5cf6b63336f9add5fc4eccbfe0ecb596,-
L011-Q1,lesson,11,1,4,Approved,796c04c0ddf9ea938ff0e74e03f609117edaf45b3c10d60468c077bfc0293997,-
L011-Q2,lesson,11,1,3,Approved,3c4b35064e2154e935ea30bf025a19918e30b4a4297b3d1a3193250101c93718,-
L011-Q3,lesson,11,1,3,Approved,84162a1b502a2c13644f7a43444bdd44a2e06385cdfb8c746febb8ce5a4c15e9,-
L011-Q4,lesson,11,1,4,Approved,8211359d92df38d09156abe3527415b84d721f1a4feb1ea976c0d0ad3ca82edf,-
L011-Q5,lesson,11,1,3,Approved,2bb90b9d8c168c3aa1109243640e55f827b36459c613cb9b3b3c57ca965693e8,-
L012-Q1,lesson,12,1,4,Approved,c496a542664ad54e774ff5000c5f38d4029522c091a95ab26df9be57012b858a,-
L012-Q2,lesson,12,1,3,Approved,c5334fdcb7e839bd526f2edd66968501747150cb78496dd52875b08195bc755f,-
L012-Q3,lesson,12,1,4,Approved,ae2453d2f46d6521e72ba006c9c633d32a403585274158c9eeb6ef351246b947,-
L012-Q4,lesson,12,1,4,Approved,774f6239b1ac4b8c73450029234d1e2e0c38514c2c0e899385eed09fc66689f8,-
L012-Q5,lesson,12,1,4,Approved,a0e52fc05a42881b98c13e08a1439c3fa95ed1e239186a680a386bb06b191d73,-
L013-Q1,lesson,13,1,4,Approved,83145d5df899bbae29b720470ef9710b024dad98f88511db2497f2115fc43feb,-
L013-Q2,lesson,13,1,3,Approved,0593e503953d48f6a4c596ccaff572b326c044414f85b9b16ca21905f8931f88,-
L013-Q3,lesson,13,1,4,Approved,59e35368d4086ad03a8e5190a13993d8a5c579b0292d7ee1521d65dca78dafe1,-
L013-Q4,lesson,13,1,3,Approved,90cc80faab1e362d0754398b2c48739dd8d463a2d3d4d66f1c4d2f383bd383eb,-
L013-Q5,lesson,13,1,8,Approved,d4c5eea7794753a59ef80d88d7574aab76613c45f52ecb38530d7640da1c60fd,-
L014-Q1,lesson,14,1,3,Approved,f528a3b19940fbeec26f9fd762d853b1652be31fa4a750759b93eb00cbe5184d,-
L014-Q2,lesson,14,1,3,Approved,de351cc47f3ba3de685b44d8f61ec9d2aae6117a14a5f8a1360dd208b4b41f1e,-
L014-Q3,lesson,14,1,4,Approved,522eac01e27d9cf294db41f66a19d4c7606001c7a0a6c69531bd7354ba42295f,-
L014-Q4,lesson,14,1,4,Approved,a4b7c35c4471e97f92fd7cc12226fa3b2657eecb4e03bb2fec5cf9f444b0d437,-
L014-Q5,lesson,14,1,3,Approved,3fbdfd20d4312afd37f9a3e076281fd5799109d3ebe421d7bf9cf3b8a2b75cbf,-
L015-Q1,lesson,15,1,4,Approved,b725bb89899420a17d7363769fdae8aeb4539be16f93895c2bb05e1cdef0f3ff,-
L015-Q2,lesson,15,1,4,Approved,6a0760002aa61cbe33d8c02b744674722d431862d37e48da3ad59d1d1571161b,-
L015-Q3,lesson,15,1,4,Approved,01cad1cd685936df8263293ae41e53dc25a439853fffcefb4d645e58cb950652,-
L015-Q4,lesson,15,1,5,Approved,1d90d00c546c185458dc63934376120ae747159ba92f10109fe1125c9a68fae0,-
L015-Q5,lesson,15,1,3,Approved,efe4a4dc6014c616f0c305f6715c8002e5516b5ce5bb2bf76feb5adeaccddbbb,-
L016-Q1,lesson,16,1,4,Approved,38ccec6b2d08fb0471cdebf52e448dc8e4b48745b3533a5d6adca3e869dddc5c,-
L016-Q2,lesson,16,1,4,Approved,37a309a4961191a1ea1e2df77429de22dd8ea380add701e36be52039eca87a5a,-
L016-Q3,lesson,16,1,3,Approved,49ce136051929d213ed4d364028117e2168533a4d4df0f186c9e91aeca0708e8,-
L016-Q4,lesson,16,1,5,Approved,5783627785ba48cef7377a00d686b8bbd6bd7d3b57631a132a8c16c6817eba57,-
L016-Q5,lesson,16,1,6,Approved,fa4f8efc81e69937042cf9c857e59401e7cdd6751bd4b18b64b43417388bb2b0,-
L017-Q1,lesson,17,2,4,Approved,ec7d30b9cdc50a25dab9b9e42e08443ee8efa1a0e0b8f67dbececd41c3816db2,-
L017-Q2,lesson,17,2,4,Approved,78e4a51700b88976b5710a713e55123252d560967f87a3275156242522bfe9c6,-
L017-Q3,lesson,17,2,5,Approved,96da383a046d99199a3e18ae6f85474d4c9a7522d269a012e1741806bbf9ea5a,-
L017-Q4,lesson,17,2,4,Approved,865bd07362565889be0f9675781c16a9ced434d4bd6bf9e90385b2cb1c4d8824,-
L017-Q5,lesson,17,2,3,Approved,ec7c4990e777095394b8f722f500042d08c51bcc1393f82c3254790a19234b0a,-
L018-Q1,lesson,18,2,4,Approved,f369d3a538e3719279b686eea42f9c2ddcff2472ebb37f83419a36a8ea1a0aba,-
L018-Q2,lesson,18,2,5,Approved,0ce8afcd2aa611e01c9b6945340f0759e554e4bfd62463b2e6f3b0207a628e35,-
L018-Q3,lesson,18,2,5,Approved,353cc30a2ebe5e172a7012c348f9263be8792a17ad0e17b13fc0a27926884404,-
L018-Q4,lesson,18,2,4,Approved,efc76fff3875e22bae2b80b870eda89bbef2a60653221afb6d1734a2811264f7,-
L018-Q5,lesson,18,2,3,Approved,1088ebdc97ed52c91b99b20bb6b78d867bf2f54105c9e566d4c688ee0fde8b3a,-
L019-Q1,lesson,19,2,4,Approved,527aee06a75068992c0828ed558b0380d1d1632e06635f96ed5c5cb2b78cc1ee,-
L019-Q2,lesson,19,2,5,Approved,321b7a93a7d8b05faa2801dc5ebc181bfa7a6f4296f575f1cea2364a8a9ef5b3,-
L019-Q3,lesson,19,2,4,Approved,a3bc470de4fda178a712c932df7b81974639f4218f90fc502c7952ae75bfe057,-
L019-Q4,lesson,19,2,4,Approved,a94f3985409c81760eaa09e5063eb21450e7374e142f9ed7bc4045179f3912db,-
L019-Q5,lesson,19,2,5,Approved,a7f00d5c9fe97031e582cf311d8400b0fbe5882f7d422aac0fe9379b1ef85577,-
L020-Q1,lesson,20,2,4,Approved,e9f5fd980f396fd0dcead46fb1dfa29a050f6f9d65267d9309265b19c78ba67e,-
L020-Q2,lesson,20,2,5,Approved,0d81cce0f152c13f03ebb829d60fc09c3c8c410c175a432bfbba0d573febef65,-
L020-Q3,lesson,20,2,4,Approved,5a6f1dd1e23d3d4d9358ffb029b4e5fe17cb29085362c8b4e4ddf0521ad103f9,-
L020-Q4,lesson,20,2,5,Approved,8aaab7618dc2d0450b6c432119297e4de9fac067560b1520ea1d41a91b5bff3c,-
L020-Q5,lesson,20,2,4,Approved,2effbc515ae6f4fe2c2d9cdb75cd19714f0e5359375bbe163f3783698f6a4361,-
L021-Q1,lesson,21,2,4,Approved,894bd3e2ed8a380076217a2c9b50248a02babcaa60f1dae9baad7f8271eaad16,-
L021-Q2,lesson,21,2,5,Approved,348723f3c256331ae172d9257103b1b0c763d233b344c16e0d813587eb306de6,-
L021-Q3,lesson,21,2,4,Approved,920f825bcb987a21b0396ad9266c46a1281d7ef400efba875c1674e999bf5c50,-
L021-Q4,lesson,21,2,3,Approved,04e97a1fde47ee27be5955651ef9fb108e7db84ab6f3ddcc4d0a7beec6999400,-
L021-Q5,lesson,21,2,5,Approved,e2a17f98a0f32c604defbecacd337135b3b7768c99451e8660d19bda0cf8ec26,-
L022-Q1,lesson,22,2,4,Approved,583ed60dbeaac30c84e80af3855ee8b3fe957c6f987a36f6dc5d6f103209e552,-
L022-Q2,lesson,22,2,5,Approved,dd423f56686f2befde36f3d79ac0250339404c954f044a27ee0a2159f40ae274,-
L022-Q3,lesson,22,2,4,Approved,74f3364aab7dab0dcb86b0630000b2c8695bc3044931125a6cbb7ab4d812670a,-
L022-Q4,lesson,22,2,4,Approved,d72d6d686e35274b3a587f52472e2217915d0950cdc6ca62c96a146bda15ed4b,-
L022-Q5,lesson,22,2,5,Approved,21713f269e12aefb8c92a834ac642e048a27bbdaf311fc1ec6621dd372637567,-
L023-Q1,lesson,23,2,4,Approved,06d53016feef6ebb7c155cd9015ce8425fb65066c6a9298296f618b7099c8ee3,-
L023-Q2,lesson,23,2,5,Approved,629113321829d06d72a1b45cd7d09a15d9efff5c23d5a73b99941c340e4a49de,-
L023-Q3,lesson,23,2,4,Approved,6337c6c5de484a13558703e6f5ec28bef1943867632cf934eadb15aaa0a5ebd2,-
L023-Q4,lesson,23,2,4,Approved,b3041ae5ecfa7237a6318d9b2b8672cde77d6af1ac99d59e025cdbbc23dcbf95,-
L023-Q5,lesson,23,2,5,Approved,a01dd591ea463e4fb1004d0acdf3085a880d0671dea62d51ed48a8920f070c8b,-
L024-Q1,lesson,24,2,4,Approved,705255232b4733a32057b62236569297aa47bd31e444036cbef184f49cae5c9f,-
L024-Q2,lesson,24,2,4,Approved,9a1fd593ff6c913bae57f1804a1b2bbfdebd9c8d00ae3b6f1fc44a995cdbfa89,-
L024-Q3,lesson,24,2,5,Approved,d5f840793546bc483e38102878a74767656abc17de8081a7e866acec1cc93690,-
L024-Q4,lesson,24,2,4,Approved,94fa364180473b09c2e9949f9927ce92d3aa88e48795537923921ce0ba93cd14,-
L024-Q5,lesson,24,2,5,Approved,6f4f03d3505ee3f543091c835a79e2846a8ecfa8425b219ea62a2fc82cf54757,-
L025-Q1,lesson,25,2,4,Approved,ceb15c4c4e99c07ba588d57439f2b2bf9e35b000e28459bd8af4475ea9a1f5f4,-
L025-Q2,lesson,25,2,4,Approved,853406607e7b1c5b528027f4d22eb9bea8fd8e164b81f6dd4323cb6086c8136d,-
L025-Q3,lesson,25,2,5,Approved,13a75dc309c8c15e7280d1b133b24443ff9ba60c7f1d631e46637143dabb2352,-
L025-Q4,lesson,25,2,4,Approved,13889ebfca86ccb7966cfb46e05a9c343b510dba5f5a5403f6bc6dd9b44066dd,-
L025-Q5,lesson,25,2,5,Approved,9e0262f68a124935742e16dcbff17f2da17411425b1e2b0546cdd8f7055664ce,-
L026-Q1,lesson,26,2,4,Approved,c7663a144da44dc569dd2c4b036c026f2842b1ed854f0aa6fabd061bf2c7e6d2,-
L026-Q2,lesson,26,2,4,Approved,7ac2cfce93cec16cd573d9acca348c3405ebe10d4cfd82b97011eae3fed9d902,-
L026-Q3,lesson,26,2,5,Approved,3f736a7476842f58397b2cb7a54d181de702eeb48ed996cfb036387a616d5538,-
L026-Q4,lesson,26,2,4,Approved,9112a1118c71b8ba0412076ff77640ce25c671e959b6ef411d78913d93166477,-
L026-Q5,lesson,26,2,5,Approved,ea732780c0c1628fd36e4138c444f229ef78ef0bad2f7b32f26fc97eb929f7af,-
L027-Q1,lesson,27,2,6,Approved,f233a5385bb9392e616b3f84b91c8c846e7e4bc02112b75356d4bb7684aaf88b,-
L027-Q2,lesson,27,2,6,Approved,3c54f0d51645889dfcfaa911bc0a0b0f423d51541aa9d7b403281af988eb316a,-
L027-Q3,lesson,27,2,6,Approved,70485fc39593946519ff86872ed1d5b22635ad71f32c1216abf641981e553c6a,-
L027-Q4,lesson,27,2,6,Approved,2a11417bc43a321f99bb0cfcd670976ddc472590d6606b66de5d12ea61b45080,-
L027-Q5,lesson,27,2,6,Approved,b01a3934194aeb4ca4cb1d9e6311c17ef4c29c84b7ad3d7db84a2b16bcd14846,-
L028-Q1,lesson,28,3,4,Approved,183a75911ef7bfe679a3df44d1afa8811778d3a343f7bab3ce782c91a0ea7311,-
L028-Q2,lesson,28,3,6,Approved,64520bb7c6e7f8711a21290f5fd382cdc22883f904fe20b4445fc6088ef7736e,-
L028-Q3,lesson,28,3,4,Approved,ee5b31e244460ca93640ce004676dbbfd0415d0ef6bb80b464c42488d6f39610,-
L028-Q4,lesson,28,3,4,Approved,14add0d96cb8e9e688941d9b29282937ced2a0be1f643b32b75adc4b1ea520a6,-
L028-Q5,lesson,28,3,5,Approved,4d984b7f5205503f1282a5f0c4c6c9ebf466673cb91117ba06372b79dada1b7b,-
L029-Q1,lesson,29,3,4,Approved,b4091d328766d9367c5c8af9304be754d5cef3574a724985d862e914c91c1c9a,-
L029-Q2,lesson,29,3,5,Approved,c739967a353eaf771c7c79a73affacc78f07f5b04bd101ca4e292bdf1c35c262,-
L029-Q3,lesson,29,3,4,Approved,6c9b897a86138ce37c9ea9d0f9e2c31b1a8a6d34405074b54aa6463261aa3187,-
L029-Q4,lesson,29,3,4,Approved,2b5a4e243531919a3cc6bd88e159f8848c6f89f3200c7c620b3f574794104ef3,-
L029-Q5,lesson,29,3,6,Approved,e7db7e96175cec228e48fee46409fb82b164d6d6fc8cc7deebb9189f4f798a18,-
L030-Q1,lesson,30,3,4,Approved,cd6732fd8c0e86850e102afc26eb98ab833cf31de50d404639e0ca16f7f4719f,-
L030-Q2,lesson,30,3,6,Approved,94a31218e93cbf85a118f133dc12d774b4db509df7bad5a245ae98b11060ba2b,-
L030-Q3,lesson,30,3,4,Approved,9c30ab7f262cfa0ea74fec3ea1a2e0674fb7c37fa993a97203a3ef693718b6f0,-
L030-Q4,lesson,30,3,4,Approved,3321e20619ed668352e10f12b3445b2e2eb42123d807037c7993aa49020f5cf4,-
L030-Q5,lesson,30,3,4,Approved,e23b99cd5f17a0953e2f54bf02afc418f86cde40c302a6b13b2106ccd830957d,-
L031-Q1,lesson,31,3,4,Approved,b789c675d534e012ee828943b01fa4f5a483bda78cdd215b06bb6ce2d2215adf,-
L031-Q2,lesson,31,3,4,Approved,b23e73c9131b476f4643631b47d74ccd537bef389497f4b4847815c059029386,-
L031-Q3,lesson,31,3,5,Approved,adc9e5fa0a95e94219b451ed3f19391b0b4e09805f7007769566bc2b95a925b2,-
L031-Q4,lesson,31,3,6,Approved,dc6cc4ad44b3e4ee81061349c63773db4e30339061fb2aff8a418e56543b5c0a,-
L031-Q5,lesson,31,3,5,Approved,3864b60631b22acfa72099439e321e423d790fc61c421c41f1cfa0014411d69f,-
L032-Q1,lesson,32,3,5,Approved,c96454c434222d2fa4ef533e765e9ad6d88be9a15fd857f58d37a495d63d42a3,-
L032-Q2,lesson,32,3,4,Approved,aaa97088d4180dc5f5b863b548f0632f351c2779a2368ae448690bfbf02c0265,-
L032-Q3,lesson,32,3,4,Approved,29adb679f1ced8e513e61cf4f4569182d9994d74f2fecf9495da1ad5d12efd0d,-
L032-Q4,lesson,32,3,6,Approved,8e375fd4b3d7309861a17a1494c0585bddfb40d0138fcca0b0e4d9db7f2c582f,-
L032-Q5,lesson,32,3,5,Approved,4f1683e0b702ee6acdb57a3d744f67239aef36ac259a4c02dff2776bc37698ad,-
L033-Q1,lesson,33,3,5,Approved,e5bcf1ede5fa6d0fa4c36b84c5bdaf03bf9b7d76f619d8170987e12e71ba422f,-
L033-Q2,lesson,33,3,4,Approved,175a56488b8c2eccae9d0b2c555d5ca44fa0a4571e58f5c5b4955670c6dba177,-
L033-Q3,lesson,33,3,5,Approved,25aea3d29295252de8431573e4fb7e4f06781d316a48d6ab41b1763592699d51,-
L033-Q4,lesson,33,3,4,Approved,66957619f95de883f85b4a5e5e1271e5be67dcbb6a9a5335f36e7a2757ec840c,-
L033-Q5,lesson,33,3,6,Approved,a9996b70cf45a1e089f191405d28e919a7dac618e60e46fb4ecb21d49579dba6,-
L034-Q1,lesson,34,3,3,Approved,c8da933aeb67f080f82b62485060cd628d1763a76ddad6d9ab6bdb371127f410,-
L034-Q2,lesson,34,3,4,Approved,1c3414aacf15675c3fa68f788c0b15840dffc1bc7d8cd7e2bda8621573b5bd83,-
L034-Q3,lesson,34,3,4,Approved,37e9652007b2f0dacb5ea5a0e0cba695c3e2832623f95db74adfb36ffc6301bd,-
L034-Q4,lesson,34,3,6,Approved,c5aa095f68b56877faca8a2bdefc85397fdfae3d2b53f75c6a97c556a74589eb,-
L034-Q5,lesson,34,3,5,Approved,c2882bcda8b95187f5cac184fb31c1ef6af00c7942870a212d583c7544551523,-
L035-Q1,lesson,35,3,5,Approved,e4df5948d9d582eaf07b503cd831d9adc665dcea947a9b0c43642b2c7ed9df8c,-
L035-Q2,lesson,35,3,4,Approved,bae57f3ebeb49e55b1605f175781be01494bc66d4beb0f85bec2dae02cc2cbac,-
L035-Q3,lesson,35,3,5,Approved,0c217e77c5cf4b030859a7d1d69be6e1ff72ee01acb6d58edc74a348f4ff9f8a,-
L035-Q4,lesson,35,3,4,Approved,6af7a9fcd2c2daeeae8a470bb6a61eb43f2a18fd2b14d6f65715a5f72102bc1e,-
L035-Q5,lesson,35,3,6,Approved,db1ff3a0cb43b3ecd1ffbc8d0bf5b497d13681e07372b37458cfaea56b6c5b40,-
L036-Q1,lesson,36,3,4,Approved,910d2677e2b45eeafaf0dac70049054da928d112a89729bd0711b31bf2453751,-
L036-Q2,lesson,36,3,4,Approved,a0813285935a01f892c8abc40582aedd98accb613139d55e0c9fb88a3d5fefb1,-
L036-Q3,lesson,36,3,3,Approved,22867f59ad027d3a1d3d2b214efbe9c8a03d0158a08d60049dff9b9703806e44,-
L036-Q4,lesson,36,3,2,Approved,7129fb0e569b719e9f0e81dff1388f88cc3e9df3567094ed9594c1ff886e6d11,-
L036-Q5,lesson,36,3,5,Approved,91dbd0314c969c91b0820938ad04b126cf02a469197cc32b84064e0bd78ec30c,-
L037-Q1,lesson,37,3,4,Approved,8a8e54f456dbfecd081a8da6112d983fbdcd68aa4b3a52f290c77d0188c55c57,-
L037-Q2,lesson,37,3,4,Approved,fc6098002dd302c1e172f11df126e3a9262e2cd85037ec2cd5b1f61e86217bad,-
L037-Q3,lesson,37,3,4,Approved,66a38e84aea4a1d6548a5e83c66fb1325132588c7b4cd32af69f9a475699a65a,-
L037-Q4,lesson,37,3,3,Approved,eb8e983a7a12cf3e9911279782d1bda4df904322a6de7411d48c2752e76ad00a,-
L037-Q5,lesson,37,3,6,Approved,2f15afd4accd1a9517b4943d4abd9cbbe9cca1eb1b74f7ea708d3087b366a3de,-
L038-Q1,lesson,38,3,5,Approved,474518adbe5acdf2ab77429f881ddf06d9666575d46ff1828642a1709c4e58d4,-
L038-Q2,lesson,38,3,5,Approved,97f0491120a0d89419e9ea9ea762a0d5df1c491cff48a2647689b0a8118a9962,-
L038-Q3,lesson,38,3,5,Approved,66ff561fe39ce7b909d91b033615dad3558bd29b830d70d25d044b44fca4c93c,-
L038-Q4,lesson,38,3,4,Approved,edc2fb2f37a791140fc0e8b2d3b1c6de902cb43cd9d86a6585b5263563725573,-
L038-Q5,lesson,38,3,4,Approved,30946c649414b5809a0531556a960f52b311e17eb1343b9156c03940a730b6c9,-
L039-Q1,lesson,39,3,4,Approved,b481754f442e55a9ddb1e012224b9d509fcc25a11f5be221f8075286554b0e6d,-
L039-Q2,lesson,39,3,5,Approved,a04345bb0b23651211732edb2e433719fa2e13dac076c012caf53bd0f1285092,-
L039-Q3,lesson,39,3,4,Approved,02e24abae482e8ebdab0114206853fca673622a7d060234de5dd5de606a3ffc7,-
L039-Q4,lesson,39,3,5,Approved,e4f48afa7f090fadbde26208f732bd6b932370bb30d65e9b3af48003f843cb56,-
L039-Q5,lesson,39,3,4,Approved,e65a9aeab118b8bc00b8e29d36dbaf0062058dd52cffcb41df4d1addf0387946,-
L040-Q1,lesson,40,3,6,Approved,9a2cab5151a097c104401c7825177be2f86fc7c4486f7188264358753d63c1fc,-
L040-Q2,lesson,40,3,6,Approved,eea75a6885682d707f9f43110da57074804e71c5f4440a2eb134a2d9db1d2a4a,-
L040-Q3,lesson,40,3,4,Approved,a75f728a67552d6184cc5e2fb290ab55ab84df41a5d10bc57dd51aee89366545,-
L040-Q4,lesson,40,3,4,Approved,4208e9e59bf252521782b9d3be165430504277f6a516dc69ab4222dc5928a038,-
L040-Q5,lesson,40,3,5,Approved,b8c4cb57190a8886ec0e64a633882648bb7891798713b00c7c8919383c1d124d,-
L041-Q1,lesson,41,3,6,Approved,11b215138ffe972e14696abe205b5feaf9b307e5d3dbedd36751e746cd5c0d2c,-
L041-Q2,lesson,41,3,5,Approved,812b10f164f731726e0e6ed1084105dcd18d47e90635f77f3d4ff22475355fcc,-
L041-Q3,lesson,41,3,3,Approved,2d63d93e72ef1fa82f48d3c197dc49319d307b3f87d4fa8c13aea951b8e6edc2,-
L041-Q4,lesson,41,3,6,Approved,e39dfaa17deaca94b932d7d9a9856ab4ce1ff5e80a2246e1dd936f288cd15bc1,-
L041-Q5,lesson,41,3,8,Approved,7e1ba016c5e77388556492c711f57684bc2ee956fbcedbc40bb2d9be12865e98,-
L042-Q1,lesson,42,4,4,Approved,e6178fe9a98b9d2353f53f36f4ee87935a9fe7e5bfa2324828527246159b291e,-
L042-Q2,lesson,42,4,4,Approved,eeb5e1aa784d8d2d58e044067d6d255dadfec502ca9a578a7ae9566a628d84a1,-
L042-Q3,lesson,42,4,6,Approved,4ee2f8c760354d40983321e6c24ec9575674420e344571355207a2429cf1106a,-
L042-Q4,lesson,42,4,5,Approved,a567562b111f07059ca8db7f0d4350bac77e4f8002e971d60f7d0941ae275b3c,-
L042-Q5,lesson,42,4,6,Approved,ab75bc8f699ce20896b74d36b80453e0fe9280abec99d75e877aecb1f324763f,-
L043-Q1,lesson,43,4,6,Approved,60293b8659bc4f1a0e3971261d213ab5079ad0c1062765f41e8e8fd911d0d3be,-
L043-Q2,lesson,43,4,4,Approved,d16ded42f88bee208d318b5ff879847e533fa6d42fd63ba11884123687d05d4f,-
L043-Q3,lesson,43,4,5,Approved,f02cab09a775988b5713bc3fe4b724a44be81377a753b9deb04736c198ac9c42,-
L043-Q4,lesson,43,4,6,Approved,f274312970b4f1db0dd76d77292f4dedd3cf27aa841d2203148d12465a284760,-
L043-Q5,lesson,43,4,6,Approved,88a4f832c25bd2a9b06208552bfa5f88c083e4055c12d363de9ea6df4bb5fb9d,-
L044-Q1,lesson,44,4,6,Approved,35811ee737eef121eb8bad9a256952cd7bf81915179741ad520ec714a9f22b1c,-
L044-Q2,lesson,44,4,4,Approved,bbc2eae1b8f55d30bf556105ea8f30312ee1f724d0c3fcf2f5dab440ead7a00a,-
L044-Q3,lesson,44,4,5,Approved,21176650658d7f0d791bc50ffc466be9bd978890776539c40fd981cc6f3034f9,-
L044-Q4,lesson,44,4,5,Approved,076df1b88cce83e46c34802bf851991b2322353680eac4b4372199223c55c499,-
L044-Q5,lesson,44,4,6,Approved,dcc4465374ec59ea560683724e79f16cc7420d1c7bb5ac263601804872f3f73c,-
L045-Q1,lesson,45,4,6,Approved,2b2969423a4ba56aad187de2c82c49a47b2f72db7c255bd58083572f178a52c1,-
L045-Q2,lesson,45,4,5,Approved,30b5dabbdc5c42b91cf8bd3f4a9a64ee01b1e4436e679e8fb1e7a7cb2c0b77a5,-
L045-Q3,lesson,45,4,5,Approved,4eb149ecef791298d1168711653e621245ef24b517800ba4306c1c7e2cfac585,-
L045-Q4,lesson,45,4,2,Approved,f74592288cad4e9633f720f0126dbacd3ea97dc08ea2d4fa1d342fe64eb77d25,-
L045-Q5,lesson,45,4,5,Approved,f2e7bfea9ec285fc92d355bd0b88079e8fc0d11c4dec33e5174daf03a1206861,-
L046-Q1,lesson,46,4,4,Approved,c652bc6dec1be5a7c68c61ec1ad884ed193eb9cd0e21459bef9b346fcc1673e1,-
L046-Q2,lesson,46,4,5,Approved,6ec0f56334742979a7eb2994d9388365e53d685b239913eab2d40df9af1a0952,-
L046-Q3,lesson,46,4,5,Approved,5b5987ccf68e16decfdae03940431a525f0b24dad29c6622ed2f650a2db5f7b4,-
L046-Q4,lesson,46,4,5,Approved,1e4fabb67e300e531abd21748d63c6546921d61079092270c11e3dfb8c55aee1,-
L046-Q5,lesson,46,4,6,Approved,467054db5a4c1f0595b4e339dd654506fcc391af503b9e963aa345b2a70836c6,-
L047-Q1,lesson,47,4,5,Approved,c9f0b57c3bf730354c9c3ff999b722796e251529043747ecc717ac8029a91723,-
L047-Q2,lesson,47,4,7,Approved,c438108321ca7940bd7a6e309ee7880f441a37bb60cea9d0b986a60eedec7640,-
L047-Q3,lesson,47,4,6,Approved,395e1fce4c758013cf0500d17c760cf47a0dafc6b264b43f45087ffa68e25413,-
L047-Q4,lesson,47,4,8,Approved,21062d45c55f241e772f920927ff7d8e5d7eb8b49b964d790a689caddd6c5f89,-
L047-Q5,lesson,47,4,6,Approved,c0149793d6a3774a981d5ac389d4d053fbfa9187a9d27f762c358fed3d26b984,-
L048-Q1,lesson,48,4,4,Approved,567030226aa967810d7f6c339e59fa15a084f20d857722a42915145ff766ef96,-
L048-Q2,lesson,48,4,5,Approved,e1f40625a230db3af633327e166ffa8258a43eb126fe335ed915efec1a06762b,-
L048-Q3,lesson,48,4,5,Approved,522cfb1e16262f6727f6356649f20e4c5f4e535a992f9755b5797bf544b2f03e,-
L048-Q4,lesson,48,4,6,Approved,1de34ca36c87ac574b8e92f525cfb3cc615df3d985e7b8447cb442fde7449734,-
L048-Q5,lesson,48,4,5,Approved,6b94c9a6fee838e6c8f053546a096cf037bc4cc1f633b95c42abe0dbe4ea23f2,-
L049-Q1,lesson,49,4,5,Approved,11b569b7f0918edacf43eb1de4d6b21fed9b1ba72dc00be81091a56c45f33975,-
L049-Q2,lesson,49,4,4,Approved,68aded99a70799bac9119257aceea77818b6b18b7428cb1ad282773e9626b097,-
L049-Q3,lesson,49,4,5,Approved,693729da77fb35180535e1a545cd0ac5199c327e92527d1db645164b1f0e1e0d,-
L049-Q4,lesson,49,4,4,Approved,7da09266025ee89098dbc0d8b7369c50cd4689c8cc3d008ca3aaf5813daf638d,-
L049-Q5,lesson,49,4,6,Approved,21b3d612896cd140ee4d245b135b736573a5be71b5928746b3ff1eb92b66a033,-
L050-Q1,lesson,50,4,5,Approved,50877d1909d4b6127e51ddb77214126c209a8df5262f90d5baed013c534f649a,-
L050-Q2,lesson,50,4,4,Approved,f6c2edda9328eb8975c62460801a707ea0695f967a6c38f421242666654cc964,-
L050-Q3,lesson,50,4,5,Approved,6520e90324e47109425c13a0e6877675463ae9138cf168c4378f60915fc5029e,-
L050-Q4,lesson,50,4,4,Approved,bbc2f3845a17aa6e1986b80e2a54a266dd75522ed907767cc771009f6a163895,-
L050-Q5,lesson,50,4,6,Approved,fe50999df0c5d93242faaa14ca7925ff0553b400d3199a76730f2f36d9001665,-
L051-Q1,lesson,51,4,4,Approved,4a0cae2c9cd3cd81bb81dcce1b77b3c0a07b1a2ce9909ea50a6f1cd0d229dd1d,-
L051-Q2,lesson,51,4,4,Approved,5b29e34da73a9dbb318a72644e48931547023670ab6b6e6cdf86cf96cadf1fbc,-
L051-Q3,lesson,51,4,5,Approved,893864384b7998b4fe3811cee7910dca4ebe5565099eb4988d9ddf90c02e1653,-
L051-Q4,lesson,51,4,4,Approved,4d2751bd9a62489045512e55060e6a47b487773e9a4f21b88ed2027de0128588,-
L051-Q5,lesson,51,4,6,Approved,a570f6ca30316828b505808b30f9703f57152af47d637f0b869a6810ef11074f,-
L052-Q1,lesson,52,4,6,Approved,10a9edd8dfbf2ded7ef0e2fa0900252d7db12ac3bd2befa0f5c4c5cacbd97595,-
L052-Q2,lesson,52,4,5,Approved,22584e56966793944354c5388776d39c0b3735833452cc778bc72671ff39f9e0,-
L052-Q3,lesson,52,4,5,Approved,9ef8ff7f1b0e99a792344580527e996dcc627ed5b62c4537b044d039beb10d1d,-
L052-Q4,lesson,52,4,6,Approved,76d46feb6ca3e66d000440bacfb75252727bd4869730445a53dc6914a1875184,-
L052-Q5,lesson,52,4,6,Approved,9097f858706ed7475c00a731a8193f830be46a3cc94f1138bae454798de81004,-
L053-Q1,lesson,53,5,4,Approved,17e0cb12ce817907c469f5f5c8e87128943e7e7091dcb52ecc8debd966816078,System Software
L053-Q2,lesson,53,5,5,Approved,21751c7b5c068bc6f67b00703acf830e6d65cba0a4decbed6cf5b4e1aa626e25,System Software
L053-Q3,lesson,53,5,5,Approved,68dd2f471c181824b4b71a2a03207ca205c7d8769565024a1ce88cac960ab1cb,System Software
L053-Q4,lesson,53,5,4,Approved,cf8eda8ebca939518e2f8443f0ad09b7d46a050362af91b9af765b46b05a5eca,System Software
L053-Q5,lesson,53,5,8,Approved,928effd86835c4e23f079a1053c5e0bfa46a48878e5ddff7aed42b9d379755da,System Software
L054-Q1,lesson,54,5,5,Approved,f50f647f0d0990bdb8bcb89e616f1ff49dbd3b2f4f5ff916615badb993bbca41,System Software
L054-Q2,lesson,54,5,5,Approved,58bcadad31da4091a89b2574466f744f24ea54805721d60a4f04efb16438e328,System Software
L054-Q3,lesson,54,5,5,Approved,77e20c04f6a612007aad9a9c9fd9fec298f0a19b53332b09bad4d16e6ee995c3,System Software
L054-Q4,lesson,54,5,6,Approved,eceb3b37e8d53fd80e7bc3d21e816f4c0aaf4c23e89d49cc1984bfa964c2b4ac,System Software
L054-Q5,lesson,54,5,6,Approved,2754b50d3333def7f492230e54d42c046559dbaf8e6dbc7395add5d02dc77524,System Software
L055-Q1,lesson,55,5,5,Approved,1ff8b8307bb21262a2e8ef49787143027e3bd9bfeda225e80606307069f8e454,System Software
L055-Q2,lesson,55,5,4,Approved,60e83e10b526be88762e6bc7aff7e4f13b95849698ce7db0cbcd6744c9ddb7ec,System Software
L055-Q3,lesson,55,5,5,Approved,1851063440ab183e70959b8d73ea53be5fc4257b11a3605e428252b51c6b581d,System Software
L055-Q4,lesson,55,5,4,Approved,931bc76c950de1b30b0e928610c82a3720d3b49b49676739d2ae4b67156daf33,System Software
L055-Q5,lesson,55,5,6,Approved,71ab77378ab96ec719b77f62056b9713ba03319abe34dcb9c65b0a99eba996b2,System Software
L056-Q1,lesson,56,5,4,Approved,ee86416334a836eb0fa36073425d030dbfbe1e81eed08a2a2da15ec8d7dc0078,System Software
L056-Q2,lesson,56,5,3,Approved,0c62c2eec31a6ec6977fa724e82e7e91e75ae431ba1daff29bdf232cc4d03c15,System Software
L056-Q3,lesson,56,5,5,Approved,95474a3b2de4aa614b33b181d58c03fa022aad88174e54c5a9812d912124a077,System Software
L056-Q4,lesson,56,5,4,Approved,2ff92fe3725fd287e37976a9663ca5629f5fa5a7b04fb4237d131ea55888400c,System Software
L056-Q5,lesson,56,5,6,Approved,6a09f2be4a21d394e49256a6f08b9b63a684c9fa315359066facd30b1894d7b6,System Software
L057-Q1,lesson,57,5,5,Approved,5b73e0abb5f5e33dfd3fb4422b23522e526803731c68bea9f861e8213c500474,System Software
L057-Q2,lesson,57,5,4,Approved,adb6dbc475c001b243ed9c84a7046a058beff5e1d043ac6546a2dca1ebdc600d,System Software
L057-Q3,lesson,57,5,4,Approved,274e269131bd60f439ceac1b52a8e741127ba976e8f736144d006e95bfbd59e0,System Software
L057-Q4,lesson,57,5,6,Approved,a76295b8924d7e310cea0f21382cd91e27cab78f5e643bb4b5ddedf01c646792,System Software
L057-Q5,lesson,57,5,6,Approved,f49e72f9a7671f135dfe9d67e03015fe85b4a11fcd892f1683a6c7afd58465b1,System Software
L058-Q1,lesson,58,5,5,Approved,014988b398c97bdcce1f93a198ed4ed14aeb1766a793052d3231f59286009f21,System Software
L058-Q2,lesson,58,5,4,Approved,72c4c9869d3b9f6e2989ff1524c7ab5e38a6db9ad26a1d163d9747339eaa0fc5,System Software
L058-Q3,lesson,58,5,5,Approved,c999b62405264bdbd536f42906004a1b25af48389cbab345a585a7b986a35bb8,System Software
L058-Q4,lesson,58,5,5,Approved,4d5cdcfcccbbf4534cc3832eadae66348639ea47d7bc3402c8110c5601cfd333,System Software
L058-Q5,lesson,58,5,6,Approved,76c0a9e6735b4c36e7f250ea867f7188b1fa595354f6ae748d5380935092fb0e,System Software
L059-Q1,lesson,59,5,5,Approved,61a6422c639de05f3824953e7776070504595ab3e06294f5d30ed647c2e9940a,System Software
L059-Q2,lesson,59,5,4,Approved,aec521637097d823b52da9439540284114e747c3540aee7210f2db8623400609,System Software
L059-Q3,lesson,59,5,4,Approved,9bfb1fa2d6d2b30f23b76a86052df6b938ceb21d3ab8d85561f72624977f143e,System Software
L059-Q4,lesson,59,5,5,Approved,f7ca03a497600f518a1f724d71959a51eae6f4cdcf5cccf3d973a251df0af339,System Software
L059-Q5,lesson,59,5,6,Approved,b4575de52dc462d5c91de345bd3b52a3e174c37f2ec87e0cc9b22ed2b728c1ca,System Software
L060-Q1,lesson,60,5,5,Approved,62aa75a076c232991e88cd9e574e5099392a1ed83e50bfd7a6b3e8b738c5b8ef,System Software
L060-Q2,lesson,60,5,3,Approved,43ee7107750d47fd18bd4e6cd6916d1560633f68e188e7e6155144404c378357,System Software
L060-Q3,lesson,60,5,4,Approved,6a1fdd052899d3cd6a80ba6a9915d103d07e858a1cdca1f2e8d918feac216305,System Software
L060-Q4,lesson,60,5,5,Approved,67fd5c59f51c8acac60fc9c11c20048ff6b36312b5394b4a7d4415719eeebedc,System Software
L060-Q5,lesson,60,5,6,Approved,9bcb9ddd56c93af8c27e88d560cf677c2a6574727fd87009a8cf7fe739ef3f7a,System Software
L061-Q1,lesson,61,5,6,Approved,be1e6b1406e15cfe9f4f3f7923042c70aadc1219a0ff4da362599544a8e405d7,System Software
L061-Q2,lesson,61,5,5,Approved,893e1b849ea5d0acc90088b55b6767335da4ec4bcfd9b99aa307a95840dbfcc3,System Software
L061-Q3,lesson,61,5,4,Approved,d51baafc7c2fd4b776c26be35492b7ee97b72c1331a372796a3cc070d5639c95,System Software
L061-Q4,lesson,61,5,5,Approved,6df08e8e8311cc85499b17c55c85e892ac43a4770f5b1e3bef0c0c39a998cba3,System Software
L061-Q5,lesson,61,5,6,Approved,53b15c00f28fc675fc21e698875f6809a8726f5cb5a95c9a0ab4c766c74bc903,System Software
L062-Q1,lesson,62,5,6,Approved,a4722b89ead69739c9191002b6699f73a9b8a4a2be32260d2b79e8bbd0c778ea,System Software
L062-Q2,lesson,62,5,6,Approved,28413fc2eb9a822a91099b3b9dee08c0853342608bcdf01cb0a98d6bcdb25e95,System Software
L062-Q3,lesson,62,5,5,Approved,c8bad7c7dcc0322e45a1649c834ba218db8e70858a51d0d61f8ef72c3cc0828f,System Software
L062-Q4,lesson,62,5,6,Approved,65b562b9118c27313bb88a4f4f4baf8747c55e1c55ba5815cf461c86dadab6b9,System Software
L062-Q5,lesson,62,5,6,Approved,5fa889cc43c5538502085fb14fa8682420a0e4c913c5f95a8026e8c168669227,System Software
L063-Q1,lesson,63,6,3,Approved,067a20554d80dc544db155e0b1e0fd30df8a7204a2c3fb61b9cc5bedceabadcb,Security
L063-Q2,lesson,63,6,6,Approved,75f645908ce5c8b8e9a8e0a5b07ee63fcccd78f23fa6a31f170d65003e7e8256,Security
L063-Q3,lesson,63,6,4,Approved,d008673e6ec86727c9ff65764ca904ab81c4433be365249dd9047a975ea8e01c,Security
L063-Q4,lesson,63,6,4,Approved,896a627cee586aa6688cc21278c928a19ba08ab785edbe360168366df63b715d,Security
L063-Q5,lesson,63,6,6,Approved,3a7ac68d044c01feb65577476f06e8154462d525f322de27aa07c2e9db1f8e32,Security
L064-Q1,lesson,64,6,5,Approved,00fb4bbb3a18c80c4d383f170ceabdd4d6cef17893e0188518e6de0098dc8338,Security
L064-Q2,lesson,64,6,4,Approved,cbde3e58be69237af02d5627d04441994a7b82242f2477d643b88a9571463fbf,Security
L064-Q3,lesson,64,6,5,Approved,d39fe22eb7ef23eafebf210f4ad672b5a91477f5072d84200de91655b12875d8,Security
L064-Q4,lesson,64,6,5,Approved,687d67dae1192a4ee1489dd8d34d86c5efd1823ed32f6dffa6019bd18f665920,Security
L064-Q5,lesson,64,6,6,Approved,848cad040c6cfed61383dea7084e22964ef1b85e360a5574a14001d4bfd5cef2,Security
L065-Q1,lesson,65,6,5,Approved,73c7e316c7e36c165c9cc520fc3df16ed3c64287640becad963766dc328e6347,Security
L065-Q2,lesson,65,6,4,Approved,4b5049769cc809a62bb25a5a4587339167ed7db7f7ae59d0ff12e1701ecab160,Security
L065-Q3,lesson,65,6,5,Approved,9af314045214865d7bdde11fc42d6e8f008597becac81eb06ac9b9e316883fd1,Security
L065-Q4,lesson,65,6,4,Approved,a65575d0fe8679f56fc70fbe5025f24a33975a40ea8d83e687b3ef96abedc064,Security
L065-Q5,lesson,65,6,6,Approved,d5b38013db59b60bce1a2f17a2ffadfc9e4918db304f31b4462af004287c4ed4,Security
L066-Q1,lesson,66,6,5,Approved,ab0ad44b16b558d4cd0d73819d82bd1b627c345aac3ed63703c6264e308b807b,Security
L066-Q2,lesson,66,6,6,Approved,2f3bf76758cfd47adda2a3b66398f16d03672856bfc9a88b3d6d9f409d46da91,Security
L066-Q3,lesson,66,6,4,Approved,aba6a283e107654b4efbae18cfcfe463eee7981c7fc1fd8f15414e412aa56b1a,Security
L066-Q4,lesson,66,6,5,Approved,09272ad367cc5616089aab674af5820559d551bffc7ca2c0c5617fc017aa1a02,Security
L066-Q5,lesson,66,6,6,Approved,ef91300405ed4e6ba9a7c43f890ca8a43b2e2bce8675c3cce8b78ebba2495ec8,Security
L067-Q1,lesson,67,6,5,Approved,4519b2d46afedcd33eeb5b76c43ce177db24836ca4c2697d3bd713d7321c7259,Security
L067-Q2,lesson,67,6,6,Approved,dcfaf6707ee1064f6fe6ffb68d83f04fb3945e3d348f93b1b93805abcc4a2a8b,Security
L067-Q3,lesson,67,6,3,Approved,107f0176a1efd4413e54c0ea7bcba53af34bcb51398e22e401918387f50f96b3,Security
L067-Q4,lesson,67,6,5,Approved,24ed0f062a0ae705c4cb879df806210a9ba2385ba53a37b231f6f71ade11cc7d,Security
L067-Q5,lesson,67,6,6,Approved,41e8cbeddc65a4045d0fdf65197c3e19f1e4bba43bdcca4f443551ccfabcd1c5,Security
L068-Q1,lesson,68,6,5,Approved,57b1d3554192032b44130c7aa403264c47b4d53e04b1c77c358f98d312c2df0f,Security
L068-Q2,lesson,68,6,5,Approved,7dc582a2d9bf888d9bb962932ab8fd6e83a1f0548fe7c170221e66a5adb30b33,Security
L068-Q3,lesson,68,6,5,Approved,cd7fb0c0b63f5b1bdc4d3cdfa66c4318756215e29fa9b177826941c20d307a0a,Security
L068-Q4,lesson,68,6,4,Approved,a642de0964c12e111522586da1359b916dcfafa0bdc0690e44c09db5c6a317ec,Security
L068-Q5,lesson,68,6,5,Approved,a3050d648cf1d9d478b277987882fa9c54568801ee4c667a94cee0a2d9dbfd8e,Security
L069-Q1,lesson,69,6,4,Approved,d75b40faad434ac758096d569351671791377e575b4d992bce60c098efb0f026,Security
L069-Q2,lesson,69,6,5,Approved,2cce63242d1641caca30968539a897df17a1308e22fbf4b9b52011202c6d007e,Security
L069-Q3,lesson,69,6,5,Approved,65d52ede603c19a701134928dfd03fee1a73609dbc4a6edd88ced6dcf5347b3c,Security
L069-Q4,lesson,69,6,6,Approved,a245a27dc3e4ebe828400518a396b6701e8eec7d29752e580676e0cd2d240f25,Security
L069-Q5,lesson,69,6,6,Approved,78cf9967cd39524d1bbb7f2ece56a4c7ef442cf669cb24ca4cb6b4ab09b2354a,Security
L070-Q1,lesson,70,6,5,Approved,eb5b3976e10ac7661ebebdaee71cae766db1913dad565d75ecf2b9d5fab803e0,Security
L070-Q2,lesson,70,6,7,Approved,44efac06b6038fdea928b54b52c916fd497cfa036d33c00cec61c769b91399f1,Security
L070-Q3,lesson,70,6,4,Approved,81d7466a1df32beee7a0738f1a0830147e8f9ca8612cf5e6afb4f9c716dfae0f,Security
L070-Q4,lesson,70,6,4,Approved,e5823f8fefe5f5c3c9e924e1ca6349b65246892afb80e79a326423485c22b887,Security
L070-Q5,lesson,70,6,7,Approved,dc9c19041dfed80b665cf96668801225540ceab74fc5c61da5e00c5421dde7a2,Security
L071-Q1,lesson,71,6,4,Approved,453d30ccf486ac2fe473a816a584de7c06d491df5187a9db4ad57a334eb59b83,Security
L071-Q2,lesson,71,6,5,Approved,d8a255e6d43d5b51358b0fafe10a7b2c15040891eda9cd4020555fbdf1f380b0,Security
L071-Q3,lesson,71,6,6,Approved,f25a7b333c7bef8b15e827c20492196ddbe4298daa70a2a367fabd6f3795e7e0,Security
L071-Q4,lesson,71,6,4,Approved,2a2b723487338b0a444d5573d52d4937c3e3ff423c67e3fb06006b1b102c5bda,Security
L071-Q5,lesson,71,6,6,Approved,8a4eef5a8ea38b9e6b003bb2ecf1bd4dc6c1674e84278026715a5a88f037d5e8,Security
L072-Q1,lesson,72,6,6,Approved,e6b09c827cf210c3d51c2534785ad16e17636c59830ae80f4f354cd79c5bf92a,Security
L072-Q2,lesson,72,6,5,Approved,ed7842fce4def6be304d85b518e8beb0b9b315372a31b4c8b3f28b91d6b6672a,Security
L072-Q3,lesson,72,6,6,Approved,c39d81f0203c6edba69e2d7a1664938ddda84c26e212d5efa9ca361d70776416,Security
L072-Q4,lesson,72,6,5,Approved,c574fcda28c7be391ec54868557b453d28cda781fc544f947f5cfcd753e4b0c7,Security
L072-Q5,lesson,72,6,8,Approved,f6b450bf8178e33067bda00c2037195c22f9fe0e5acbe9b3da04729ce9f4a212,Security
L073-Q1,lesson,73,7,6,Approved,11644a83678d8069fa9801e979663988150d63b7e4efa30444ff91da39fcf40c,Ethics
L073-Q2,lesson,73,7,5,Approved,94f1b0553ac43c484ffe7dd65e1c854ab3ae9e2f72ab7b4a0a205883aad45ee3,Ethics
L073-Q3,lesson,73,7,6,Approved,aee2c8369e6547474a49ac8c7fa462f5afefa4634acc17192f76b7be75fe7fda,Ethics
L073-Q4,lesson,73,7,5,Approved,dfc04185b2d70e45bac41141135f49d5d2775ed58556309f1f691f568fad4958,Ethics
L073-Q5,lesson,73,7,8,Approved,24466e9c5f76f92b73bd06bd839db4d67aa6d61894764e8b8fc2f4486a73c0c0,Ethics
L074-Q1,lesson,74,7,6,Approved,fd950d15fe7b21c5b92ec7ae2f4e900a20619c6e4122676e375e92c1532e19be,Ethics
L074-Q2,lesson,74,7,5,Approved,81b1e4515f661c31f97cc524b05b84f435ec43e3aa71045560fa028098233d4a,Ethics
L074-Q3,lesson,74,7,6,Approved,107e072794abbde7e58b8f6ae5ef7c22d98165a9ffccd26f7fffe59336b2e6f7,Ethics
L074-Q4,lesson,74,7,5,Approved,c914edbb88a53ec8f106157341b5f83d3fd721d56293230ec9fa9924b34f9c5d,Ethics
L074-Q5,lesson,74,7,8,Approved,3448a4dabfdc143540f78492c8ff753ee5208f1e435ccef12a12dd34c6d8eb38,Ethics
L075-Q1,lesson,75,7,6,Approved,c8a8e6ede8fb1e29decefe462ba0a26159bfd4ceffb56bbf1305c500525fa1a6,Ethics
L075-Q2,lesson,75,7,5,Approved,3d9dae4b6c8e18de30120651f688ae48ea47cc648e1d04448a0a5f39d48a6e81,Ethics
L075-Q3,lesson,75,7,5,Approved,9ce5c17658fd392561d8a908d797b5b3d3be494727211d79597fd62511cf4d0a,Ethics
L075-Q4,lesson,75,7,5,Approved,0ab8b8e3e016ec0efd83f3f9c252d70dd729b54126961b95e52f70423da9398b,Ethics
L075-Q5,lesson,75,7,6,Approved,348e07233115897cfb6cd866bea67f3654eb8dbc1e4fd673fa1ad9b51c48f9b7,Ethics
L076-Q1,lesson,76,7,6,Approved,33d8cfbd249a76adbe0799b58dca8a92473a523f6afa9762ed5a665509915f63,Ethics
L076-Q2,lesson,76,7,4,Approved,6149db96b6ccde8c71838d2150268f133d282592ce22c919a9fcc459e2fdf784,Ethics
L076-Q3,lesson,76,7,6,Approved,3c2cea0d81fcf738ad86b3f83508aff813cd5163d05b7976764134dd5572adc0,Ethics
L076-Q4,lesson,76,7,4,Approved,723dfb1100b7417923df744eb290e117f5b9d742cd18e04f0536432375396c3c,Ethics
L076-Q5,lesson,76,7,6,Approved,f66b45aa452f45992c16f7d00fae52e49e9f16f0742dd65e31d017785b0cdf18,Ethics
L077-Q1,lesson,77,7,6,Approved,114672d8b54d3502bde04d3a6d34f6090f18321f52e960c7a9ba00c87c412315,Ethics
L077-Q2,lesson,77,7,5,Approved,3f85b94da158c2016a17b3c7e496611963b977cf2a97ad5d58347f847130d764,Ethics
L077-Q3,lesson,77,7,6,Approved,7490d961e75ed757896f04cb0bec83805ffc2e0d46164c7655a706ff95e83904,Ethics
L077-Q4,lesson,77,7,4,Approved,b645c59d161e0d3137f4907bfefe14e115956bc51353d299e5f452a6be61c27c,Ethics
L077-Q5,lesson,77,7,8,Approved,01450b8c7b02bb0a7e5fb6b6773c78eb8fb0f5fed2347334a634ca5f5cc113db,Ethics
L078-Q1,lesson,78,7,8,Approved,42456412dcd735d9dd1750115167c8c8cd6018004747cd2bac89ee9c9fd459b6,Ethics
L078-Q2,lesson,78,7,6,Approved,37bcc0782b1425111392214ea73a056c29b77716b4bdd5ae553c69be7faf78e4,Ethics
L078-Q3,lesson,78,7,6,Approved,1a3944235b4972de32ec1d5c51f91d877d9b7e2c9971718e8a4d0fdb5862b85f,Ethics
L078-Q4,lesson,78,7,6,Approved,4578815b4cf4e52d3fb6978e238f4eb1fc5e67fa297cb1f010d3229c0594c39a,Ethics
L078-Q5,lesson,78,7,8,Approved,f5ce7c28b94256dcd64fca8a8c443ac5d44263458e9071664a6af8b0fa0e613f,Ethics
L079-Q1,lesson,79,8,4,Approved,b1f728259fe3925a38dcfe263a002e17b70436b8f74e429a95999ed50b732d41,Databases
L079-Q2,lesson,79,8,4,Approved,c1c4c6176a9788c5367369cf9fe22cf05d6cbfadb82d4993459ade1dc7678f4c,Databases
L079-Q3,lesson,79,8,6,Approved,4059c0d28b727ce66d9696da1ee4a106ea75b67913175d4464a99e972b8264dc,Databases
L079-Q4,lesson,79,8,4,Approved,070c3649a1bfd51dc3c16d9e8a53531b1cd3f0e7669cc3d0af23f1ddd90cfeee,Databases
L079-Q5,lesson,79,8,5,Approved,300b05741c564bf03736fa2eb06213a81a6e2675e36046a2f35dc82e929e69b7,Databases
L080-Q1,lesson,80,8,4,Approved,aab5bec1aaec0c8e23773d56a945fce620074b5a1fec6f7a783eeb57c8663022,Databases
L080-Q2,lesson,80,8,6,Approved,a04b19eed9ff688dd0fa0f09e8620293108552eedbbb5d748fed6f0949183ad7,Databases
L080-Q3,lesson,80,8,4,Approved,8f713de217cc045c6a1333bb65d90247b298e5d768bf360fa20ca02dc92a073d,Databases
L080-Q4,lesson,80,8,6,Approved,4e8130d841ba87fe75d3ce59f3d3862ec2f82f4209fa70266ffea8774c92f1b0,Databases
L080-Q5,lesson,80,8,6,Approved,cb4a24a8c71ac664d3c595fbcc2c86059e65c1e4079e71b5e0623bb54992c6c9,Databases
L081-Q1,lesson,81,8,4,Approved,8944d9a7455246142e03c9f1352af670c06bf8d656b5a92fb9d136a6fbe9fc8a,Databases
L081-Q2,lesson,81,8,6,Approved,5ce2ffb293bbaea83052a46e010d876dffb1fccf8058e691611e69531a7ce1f0,Databases
L081-Q3,lesson,81,8,6,Approved,66374dac1e1cc93b3bf7eb7f8625a171790ab47711faeceee905ec586bc337c0,Databases
L081-Q4,lesson,81,8,4,Approved,c60b58fe8df61b7fa1f97147384135d14512d239798cde05ea14f684f7efd207,Databases
L081-Q5,lesson,81,8,6,Approved,538bb67b92610dcc33ad11f2da156585d5daf3f804d80a6f69aecaf593806b48,Databases
L082-Q1,lesson,82,8,4,Approved,be2dce5a26250ad386056006e04f3fb5f283d908cc59e4cc0f0c960a8459bcf1,Databases
L082-Q2,lesson,82,8,6,Approved,eaa8c90930cd1059a66edd5f6797f6ab9ca4ef0dd07c8000591abe34164c15de,Databases
L082-Q3,lesson,82,8,5,Approved,2dd0fe9c6456ae4c8dc37cbc328867937283cb51d4deed6caa3a6881c0014ea5,Databases
L082-Q4,lesson,82,8,6,Approved,85b60314eef28f4653dd57d0b214059448722fed43e192c120a0e29d0ec9beba,Databases
L082-Q5,lesson,82,8,6,Approved,1c97dd17cb20e3374594de1c71937c349bb15d1b94e65a514efee2b511ed09da,Databases
L083-Q1,lesson,83,8,4,Approved,17973fe700db5e1676821a54eadd880fcd1ee983858042f12946050a231af627,Databases
L083-Q2,lesson,83,8,6,Approved,e07eb87fd40505d64d34b8f130f93dd7a28e6e636242175fdaaa16b71034149e,Databases
L083-Q3,lesson,83,8,4,Approved,e1ef4474a6127ea3cc49f38526b16782600c1a34e809eb416346f2d8c9de7009,Databases
L083-Q4,lesson,83,8,6,Approved,fe1cea8658f46f69e079c6a5a3ccc09a0759fe0de1c289f8cb62710b76ea059e,Databases
L083-Q5,lesson,83,8,6,Approved,fa71e7e7e3fa302d06513a7abe6e6f7848a82c0688036edd786f4e084ead3f2f,Databases
L084-Q1,lesson,84,8,4,Approved,7f1ab6e7c34cc4494a9a24d273816f6639ef289923aa2bfdd9a84695f53414b7,Databases
L084-Q2,lesson,84,8,6,Approved,5a2ceccfbf1ca40dba94c72c4553e2f76e8e7abc06151d891cb0d5cdb6e64832,Databases
L084-Q3,lesson,84,8,6,Approved,1e8a482350259bdcfbae6a3616ee19c377a6633a53d9c2eb1cf141bdfd8110e4,Databases
L084-Q4,lesson,84,8,5,Approved,87886a2a192a2dd394e228e3d1f07ed6a7fc552edd486f32298a567a6d9948c9,Databases
L084-Q5,lesson,84,8,6,Approved,dc061fb055033376e89b5fa11d6d6b4d29895550a5ae653c7d963db7967381ab,Databases
L085-Q1,lesson,85,8,3,Approved,5835a57e185dfa0be81771ca37298101b70ecb6c1ef843a064f2016577768f35,Databases
L085-Q2,lesson,85,8,4,Approved,e3b1c492450a851b444d0a0293a93699656efa5147666f87cdef054b4fa82efd,Databases
L085-Q3,lesson,85,8,4,Approved,206fdc06cbe23f0164a0d7c4de00f14446d2d8e2a0669a35f2c0c97406cf33cb,Databases
L085-Q4,lesson,85,8,5,Approved,a3c1a67928b96e652937dc471b74e9f4f071955576bf2ff3bdc92865eaa19675,Databases
L085-Q5,lesson,85,8,4,Approved,8f98c66334155f7622db31b0eac285604b45178e83430d2eb1c120c8b24c9f3c,Databases
L086-Q1,lesson,86,8,4,Approved,919c63f16de46c86d8e4c9e9613454d38fd4f8dbc8b44fea0ffd81ae1448a961,Databases
L086-Q2,lesson,86,8,2,Approved,9f7d06df99c194a2efd56b4a85f343c1f534c347f3aa62b1605ca21b7a31c4e9,Databases
L086-Q3,lesson,86,8,2,Approved,86088e444e4c4c5cd706221ed8e22c81d385a07d1ab49d6fc48cbe78e5e790f2,Databases
L086-Q4,lesson,86,8,4,Approved,5307f76431b2be051c1d74fbd66b993278ae3cd74b22c71f1500990e23b311fd,Databases
L086-Q5,lesson,86,8,3,Approved,d9d71621917eac67e6985d91eaa3993dafca9a2fd8626196c23fc3ad550efbfa,Databases
L087-Q1,lesson,87,8,4,Approved,98c4be3e3b2401683e65e4c78c53af44106eebdcf65ecb7af7b2ed52ef20e866,Databases
L087-Q2,lesson,87,8,5,Approved,4aa6196300c963e68f994e0fa50f066caa6e6760a266c3b4004b1319c2120bb1,Databases
L087-Q3,lesson,87,8,6,Approved,b5ffc8ef37d1958fadea61116736b508ce4b907dcdeaa5038738002ec6d57650,Databases
L087-Q4,lesson,87,8,3,Approved,1df5f5265125f1b07fbdb8e717ecfbe71cb525d804d66c599f41dffa4e5a988b,Databases
L087-Q5,lesson,87,8,6,Approved,8910457af367b7b53fb72036551024048ff79f421e689cf2892e86d5b8ceb05f,Databases
L088-Q1,lesson,88,8,4,Approved,eb63b4dbac81d8b8c8550dacb8a9e64372e660ba65681398bb82be147174ddd3,Databases
L088-Q2,lesson,88,8,4,Approved,337188b183f23b9c38b938025c05bb76198c361bdb0a01f737d6082155b692a0,Databases
L088-Q3,lesson,88,8,4,Approved,a90f2ac58b05fb960e7ccd078d3db9412d6fd58e49179ece7c1a755b5ad2c7c1,Databases
L088-Q4,lesson,88,8,5,Approved,4e5391082eaef6a017c9006bc672bd18bc044d6ba420ff0b538860d34cff3e93,Databases
L088-Q5,lesson,88,8,4,Approved,c37cdb4816b1291ae905f8694e755934484b0f71c386545694efb2a6763a5fd3,Databases
L089-Q1,lesson,89,8,3,Approved,717db85583dac41850246d105022fa2e699c726ee3f7cf34c8c296e9c66e556e,Databases
L089-Q2,lesson,89,8,4,Approved,08f9e346abd2c7eb1103fe40b9521c64db7e93c71cc4c0688891d9a8103dddc5,Databases
L089-Q3,lesson,89,8,4,Approved,bc9ea6d808e39c156ac7027f43bf393beefcc53e267d1c325d906bf398164b01,Databases
L089-Q4,lesson,89,8,4,Approved,01a81b4d757d94fff12122b860194e43a1bcce44f3a52cf959bcdb9e3b784421,Databases
L089-Q5,lesson,89,8,5,Approved,923cbd80d726aa1ca11128d54f2e4530bddc65fe423f11081c43d68adbaa53af,Databases
L090-Q1,lesson,90,8,4,Approved,8afbbe84b95fc55d9eceaa5ecf6d6492f985e701bcf0a9b3ae5dabcc8feff343,Databases
L090-Q2,lesson,90,8,4,Approved,fa52f7dd2d60baa47e2d5b98dc41af0b2383025a8228768f5d29226f5a667095,Databases
L090-Q3,lesson,90,8,6,Approved,3cbce5590b0704dc026cadda3b17b60277b92579ae08b6e8077a995be8199026,Databases
L090-Q4,lesson,90,8,5,Approved,4f332e4ccc08c65b224ec227be74c976ff12d0df91aa04f3ce61a439c23a9566,Databases
L090-Q5,lesson,90,8,4,Approved,16e2910d3e4695d587acfc318edc7c308e5b1be0f200a55564694c2af3172702,Databases
L091-Q1,lesson,91,1-8,5,Approved,4162d17a3a666da9ebd7a0f981abcb2563f4f3e31096477eaa184b0bffaf9847,Databases
L091-Q2,lesson,91,1-8,5,Approved,3194258abe0768a9e3e2c4ba3305ec3f85e7f35ea4378c7e3b43d9785d565a48,Databases
L091-Q3,lesson,91,1-8,4,Approved,9f7aa520b1546c0306c6fc35d664e883be7f78acb7e60ba9f33b4f4616322c54,Databases
L091-Q4,lesson,91,1-8,5,Approved,84a3680b9415d495284969e2a2ec8458ba1d0437d8c0f721627be31faeadc685,Databases
L091-Q5,lesson,91,1-8,5,Approved,ad9e9f14f6d2d4f19e9a4dcafd395ee70f3548143e1385bbd5c7e7f5bceb998b,Databases
L092-Q1,lesson,92,1-8,5,Approved,95be539406e45172e935021126ccda23f48362e0b59c23495395f86d45551165,Databases
L092-Q2,lesson,92,1-8,4,Approved,96386ca2f5138ba7f3db80b2ae2945caba62f668f289906f413e177291583227,Databases
L092-Q3,lesson,92,1-8,5,Approved,9a33f77b6a67542f1baeb5e7cf5b3f2d08b0d065a45807b3407ed370e2533960,Databases
L092-Q4,lesson,92,1-8,5,Approved,0623b1172df4e0360f40beea681a480694d0238620d8eb74b989dbfa9af88a82,Databases
L092-Q5,lesson,92,1-8,6,Approved,d5fa37fb3a6478c6b7cab801dba7d14fa35b10f90c662abb390f78cac5ee985e,Databases
L093-Q1,lesson,93,1-8,4,Approved,7b0527c4037e111295d80e6bf87d35a2339b011b8bc5b0931991614f2f3d2fde,Databases
L093-Q2,lesson,93,1-8,4,Approved,6d78e1077af4d2b82329f2c3690c7c532184b0209dbb9e67956a932a60d629a5,Databases
L093-Q3,lesson,93,1-8,4,Approved,cbb21f7fda44486a9c2e1ed421cfe4d347b387a76d9f9210979717b0f6b831b9,Databases
L093-Q4,lesson,93,1-8,5,Approved,e6020ed6bf8c9f4513c38aa94948107c1437438445a30a9afb7c71e0a6451324,Databases
L093-Q5,lesson,93,1-8,6,Approved,71f7e6591abdd453d0deca95cd61d2b4ef82796cec6e7d7317efc918dd571624,Databases
L094-Q1,lesson,94,1-8,6,Approved,8951bee2c5de2bb8d8a7c44f99ab762dc42ee5e8e74d480c9c4cd950af270a9e,Databases
L094-Q2,lesson,94,1-8,5,Approved,978c1c0f022c1199510dda5f15cdd733bd34fd737198fa2c3beeab1514e2a879,Databases
L094-Q3,lesson,94,1-8,6,Approved,cadd91873312da2ce807e134eeff03fdf062023424b79d2d1e03a567f5cc716c,Databases
L094-Q4,lesson,94,1-8,4,Approved,cb326be26007d161940a30917788adc247e40e10c9d88a746bc0ee9a7c0bc9e7,Databases
L094-Q5,lesson,94,1-8,5,Approved,71f57b5350d869ee60fa9f3c5b102fb90525d3729c27a58f5b2a23d5536e5241,Databases
L095-Q1,lesson,95,1-8,5,Approved,31760c1de2a46c9ffe1cf2b68909f345a8b47e246ba9ae806c194f9349e1ce3f,Databases
L095-Q2,lesson,95,1-8,4,Approved,7317a834f2932171625d051e6f17e90e2472b561b11a100774fa5e2548fecbf1,Databases
L095-Q3,lesson,95,1-8,6,Approved,9a9f6c7e7f5e05c556f8c101ab9b850e551b6450f34ed6e534c4650ddda50883,Databases
L095-Q4,lesson,95,1-8,4,Approved,6d97fb286e9f685f2b7d8a1d25088583d31ccc73789af0190e2741cc2997cd2c,Databases
L095-Q5,lesson,95,1-8,6,Approved,c608d0c8070c0c69e06e02dd48df7e76ae545308f681e11418fff4d164821f4d,Databases
L096-Q1,lesson,96,1-8,4,Approved,00bb7f30be7a84315c43910e3dad2affbf81d75d8e66bb6b0620e485faa8ca4f,Databases
L096-Q2,lesson,96,1-8,3,Approved,6a1661ad57af7b09e69d120ea7e603c9e2a34ef14efd226aae09c67bd2e18996,Databases
L096-Q3,lesson,96,1-8,4,Approved,cbc933154413b9f0d5945ef291ab73c7c7785306d3f9be5ca89d49480182bb96,Databases
L096-Q4,lesson,96,1-8,4,Approved,a0db4d6fa6d33c145deb450df7f374493300efb7c804729a01f8c26f8ba25a6d,Databases
L096-Q5,lesson,96,1-8,6,Approved,067715c263b8fe183ac9fec70f9b3b7305d50c2c8aa2990180723d5d12d07c06,Databases
L097-Q1,lesson,97,1-8,6,Approved,9c50ec1a14ddd8a57640c612449ce58697144241b1a50506ad5ca3b7afb300f9,Databases
L097-Q2,lesson,97,1-8,6,Approved,fa94ffbc750b96090e7eeb929021000171d8e4d2ed7a1b08fd2960a9155208d1,Databases
L097-Q3,lesson,97,1-8,8,Approved,dd0230c973b6ed4b3726968e10f10d80bc9021fed0da3fa94428499bb254a6c4,Databases
L097-Q4,lesson,97,1-8,6,Approved,76df0aac68a27dc8cb89047aae3067d47e5d3eb8ae4b50cf9e8f47e8f61f06f9,Databases
L097-Q5,lesson,97,1-8,6,Approved,0b38090a8b5077f00fb916a309f2618aa5e9f06aede021cc8291e72d8c553169,Databases
L098-Q1,lesson,98,1-8,5,Approved,b06957675ac727f7f3ea2c15e64f85cfb26dbf2d7c43d20f4a3b90cc6857e6a7,Databases
L098-Q2,lesson,98,1-8,4,Approved,28f095aae952ae1a3b7b5699fce2643dd1cf85ca24316f639b22277dbfd9def6,Databases
L098-Q3,lesson,98,1-8,6,Approved,bbdecd95535adf3b445de1a522313960dfcf269d57479517b8b3c39836635dfd,Databases
L098-Q4,lesson,98,1-8,5,Approved,87263801f867139761ab33739466255c470d24ea35990a6c29878e1028f82a40,Databases
L098-Q5,lesson,98,1-8,7,Approved,6e22c74d3e95007c75fa4434b69de68102e850e7bd908216e28b82a01dff48ca,Databases
L099-Q1,lesson,99,9,4,Approved,13045262aec8e1fd938659d748442414203f300d517ade10dce1ac58ae51756c,-
L099-Q2,lesson,99,9,5,Approved,fc59418dfd04830746ac0c8402cb5812a7e5084e17b8c67cf75a67e2c2c11d50,-
L099-Q3,lesson,99,9,6,Approved,edc4958dce87f0a8a5285dcbc7a1df0224b9b7b822f603add726523fe8b126ac,-
L099-Q4,lesson,99,9,5,Approved,04f59853b9d62b1132cbdc6e413696b74eccd4ad0b15728cac8aa08bd7e21554,-
L099-Q5,lesson,99,9,4,Approved,62dbe181d6097af405c33f3f991d671632a58a937f35b7be8841a9654b2c438c,-
L100-Q1,lesson,100,9,4,Approved,f6d122789c26e948067e6ff2516249b1f2b96b29939f9260cb01523c3d7f15c8,-
L100-Q2,lesson,100,9,6,Approved,7b9ee64a31a100b060be209dc7df83958329e302a7de1aac5c1733b6758fc09f,-
L100-Q3,lesson,100,9,6,Approved,cb751c7f284184d320ec22055614d1113744021c685ff917148200fe4ac85b38,-
L100-Q4,lesson,100,9,5,Approved,3672728ef555608f21806d9eadd1c17fa0d11faca44310e1502bfbb262aa3b80,-
L100-Q5,lesson,100,9,5,Approved,603754649d3fd24b85d359ecc4fc951c7a8e5de923467dc78ed35cd96ddb760b,-
L101-Q1,lesson,101,9,5,Approved,ca29cc25767e72ba15252e36ad4eaab7b7aae24c0b98a795a5d1eeb3ae521647,-
L101-Q2,lesson,101,9,6,Approved,0a1ee038a89619bd07739ea564e30a534d89000ae5c6207cc88af6b2231e910c,-
L101-Q3,lesson,101,9,6,Approved,f07c9ad805082d4fdbef78531f976b7deb700a2db316e6864095f65a50a95186,-
L101-Q4,lesson,101,9,5,Approved,a35873e9abcdb49cea6e689374488cfad375183a9125f567745308877784325e,-
L101-Q5,lesson,101,9,5,Approved,dd35c22da508648e7e046b3a1143319ce15917cd19e6fe4a2a78b6d53221596a,-
L102-Q1,lesson,102,9,5,Approved,c087f8ff0d93d77e860ce4993b7debb4a0871a8bfbd2dbafa4d725c2e2e44e77,-
L102-Q2,lesson,102,9,6,Approved,3bc37e94477e269ad506d6b8adbed0cecb133d4b633c0abf73fb28f2d98c953e,-
L102-Q3,lesson,102,9,6,Approved,4e55a26c6da6e059727bafb78734832ae55581f88513f24e6c501f33a9ca5695,-
L102-Q4,lesson,102,9,4,Approved,ff8d009c9fdaa5ff73573515ce28007a91a3ed860886a3f8ff89ac210298647d,-
L102-Q5,lesson,102,9,5,Approved,146a50a162b7dfea0697add0f32005d8be6a88c4a78fcb560d91e2ab04f0e0d3,-
L103-Q1,lesson,103,9,5,Approved,e672078c062f07e5a95d6a37dcd0ec31086e93ba3a62bee3341995cf82602816,-
L103-Q2,lesson,103,9,6,Approved,c06ad28b00db289a846be1f990625ca9dbbbe375cb2176ee0701ac713d2b403c,-
L103-Q3,lesson,103,9,6,Approved,43e9e961d4ff2f4a10578f1a53a8ffba4e624698989bbdf41a778b1e35b7efa9,-
L103-Q4,lesson,103,9,4,Approved,57bababd225ea33417f30fc002567411c3e90f52a535ad15c6fbab770d0adc33,-
L103-Q5,lesson,103,9,5,Approved,47c470cfda36de549bd42ba1479f8762441029ca4b514c8ca08903ed0d102309,-
L104-Q1,lesson,104,9,5,Approved,df6e6120783451da9f20968662a275cd15e97e4ea0d4bb9e0082c4805e22bb73,-
L104-Q2,lesson,104,9,6,Approved,396e684d3aacc2d48a041306c52bc4dfba623ac033487051fbf09a8189eee60b,-
L104-Q3,lesson,104,9,4,Approved,026074d4bfa017811ba5867f685ec16652c3a14298ffe3cb7b51a7fc014ef2c0,-
L104-Q4,lesson,104,9,5,Approved,5b51222a4c87e49802116974669ecee8ff63b4a566389f81eba94503ec8679f3,-
L104-Q5,lesson,104,9,5,Approved,0b0c7695b9473d05dc0fbc1dd4959c5f9f073a9a717c9420dc0f5d7fc5654d76,-
L105-Q1,lesson,105,9,5,Approved,913563f964de84f1310fad5fa63d1dd15b09779b29e955cda9c5b1c0fc7750ba,-
L105-Q2,lesson,105,9,5,Approved,a35fb10c24df9209658c42ba78471fd60dd07cdb8ba7fcab62b9d247a1c9ac5a,-
L105-Q3,lesson,105,9,6,Approved,33f3f12f9532ecf52b11057a59cdb642215cad6f508b40702eb91d68c7d8281b,-
L105-Q4,lesson,105,9,5,Approved,b6bd45da22c2a54c61560f70a5520eb7078c81b88a4d32f9e803c5debee71d95,-
L105-Q5,lesson,105,9,5,Approved,a07f31426b824ac1701ace18f341dec1453574ad9f23a59c6b539ed66fa6e1ed,-
L106-Q1,lesson,106,9,5,Approved,a63cfdead36e199ca4d664c273af1ec1644a73bdd5fef70a5c381aad6f56f379,-
L106-Q2,lesson,106,9,5,Approved,87070f87e1042161b791e42e11e269db85855c6e7c7fa5804f44f618bc20f46f,-
L106-Q3,lesson,106,9,5,Approved,6b2c7bf1348f20aff38d67d71a8fb6a6efc80c0dd610da2bece6f05f0dfdaba1,-
L106-Q4,lesson,106,9,5,Approved,d9e33e66344ef9b3828189e84518430612af27a45498af06b95e3527bef2b898,-
L106-Q5,lesson,106,9,5,Approved,45a2e6f7c48a4d5a3061648132b6f5fe79baf1b21fd075001e038d1fb23b583a,-
L107-Q1,lesson,107,9,8,Approved,9e447c7df1cae48e29ce73a13f686c24b5e3d3c6e8e0ae5fe7bafd67b7075ce3,-
L107-Q2,lesson,107,9,6,Approved,d396a32e9ef9bdef5c004914e6318c2520d4ecadc1c263eb4c603b4f5d874db1,-
L107-Q3,lesson,107,9,6,Approved,348d90a1007bad7b5c84039e4c9f08d30923dbb88b67396053a4b90302dcd596,-
L107-Q4,lesson,107,9,5,Approved,41e37d5d0940a5da95ef4d4a3e010fe56ec943f9f6ef8d16dc542ea95be22a35,-
L107-Q5,lesson,107,9,6,Approved,d09198aaaa65b84d85b7281b74031efcf30921030295e1f42b240bc1d1bb0f49,-
L108-Q1,lesson,108,9,6,Approved,61e4bc8fc0fbe1e96c844f0280eb2fd9fe82da65aebfa9529af02f18d053b364,-
L108-Q2,lesson,108,9,6,Approved,bb826595b02d7e5e2bd647d423e842b23b300dbae049a2182dcaf71de8fba5e1,-
L108-Q3,lesson,108,9,6,Approved,3db6df3b669e80cfdac15917841cc3fb9001a7a4fdbfee3894f3609d6bf06525,-
L108-Q4,lesson,108,9,6,Approved,d92e47211ffd8816f0b614c27728bc44bd61e84fc42a5af1c4d8b405d38822f8,-
L108-Q5,lesson,108,9,4,Approved,e9932e23b21fdff2870a557e644613f48f34d2ff4ce8f3846a325d2b2db743c8,-
L109-Q1,lesson,109,9,5,Approved,9a7fc2473d6ce3b683d833a84c3c3421980db69d32ecd9e0d533c42d57c2ded4,-
L109-Q2,lesson,109,9,6,Approved,5ebae8e7bd9e326f37084ba81c1c9e5ac07e201f6838488860cf842cda2e3d31,-
L109-Q3,lesson,109,9,6,Approved,348fa0e7b0ea0aed44503097e6dd494d15e75cdd69d0c4ec5300e248dfc0e271,-
L109-Q4,lesson,109,9,5,Approved,6a5a272787c9b0ee4c6aaaab8c6fa4e81f5817c7bbceab4c7a338ccd1a0bf1b6,-
L109-Q5,lesson,109,9,6,Approved,e5847afd9785b281956969c4bfec128fb89ebfc0ed5802a342f5d0e1dd23e102,-
L110-Q1,lesson,110,9,5,Approved,516799180730cc63ef9d72f948f2a748533c9b68052c3666b4dda07611e8d5c0,-
L110-Q2,lesson,110,9,5,Approved,1d528b53a438ae72d819dfb6216f08c2670e627266f3440fdadbf13ab9be6930,-
L110-Q3,lesson,110,9,5,Approved,6544b967b1fec3b3e7f52209bb6ea2be834bd61860a82b5edfde8230127a9826,-
L110-Q4,lesson,110,9,4,Approved,64736df8e831a6483ff57159b744fe93d463bbcc0d4f549ecafadfb2c46440f3,-
L110-Q5,lesson,110,9,6,Approved,7b1ee1740a5a506f44803725653b47f1069cedc20e2ebfff1cdcc9180d7591b6,-
L111-Q1,lesson,111,9,3,Approved,84f679e0d5edea13af823534a175b4a0a02d30a74416ed6d62d371f6e07b3c65,-
L111-Q2,lesson,111,9,6,Approved,a5710d9f140b304baf311135da08d81f2355655060e80ae43ba72f785b7bdc02,-
L111-Q3,lesson,111,9,6,Approved,e76cee9dfcab77b667813dbe219e89535d85989f58fc6bbeb75a8c876c70189f,-
L111-Q4,lesson,111,9,4,Approved,fabeb7a326812c474b16c3dfaa9d327786f8305811834a5bc08afad7d0bf2cb6,-
L111-Q5,lesson,111,9,6,Approved,dfa5ef6c4c8f5d09eefab891595d416c87a25020d6b7c76e393d047dcc789b69,-
L112-Q1,lesson,112,9,6,Approved,1212728932fa627921cb97c06b8e51bc3d14552f1841ebdebaa95efb42658cfc,-
L112-Q2,lesson,112,9,8,Approved,6ac3bed31369aa788c36da4f43fd9de8c9e81590afa0bf9262abbba5205a427c,-
L112-Q3,lesson,112,9,7,Approved,1d3c3e66c67c640c2d681b4db20d3ae0cd5d622229c4c5299b2fb58f13665054,-
L112-Q4,lesson,112,9,7,Approved,63a5bd1931f7941de6e9571dfd33d7b65ab6cf5862f045ff98b73e4694929a03,-
L112-Q5,lesson,112,9,5,Approved,b2194763943c50ccb64f4e322185432a2c766140279fb9fa8ca213e773007550,-
L113-Q1,lesson,113,9,6,Approved,e06f07713ff74769740767753d42d3b30d9b79bef6ea50ad027baae806a07aea,-
L113-Q2,lesson,113,9,8,Approved,acdecaf3669e6fb51cf69b90301c4f93cfc97f4ffb581d89e8d7fd28bd58ebba,-
L113-Q3,lesson,113,9,6,Approved,019777a7a95995d62cbea091484a24e91e226d07b6adb4f806c88dec8af0fbe5,-
L113-Q4,lesson,113,9,6,Approved,0c9f8ca773407331cafaed401804e742ab656be9babb0f19a0e07d5a8ff2d1c0,-
L113-Q5,lesson,113,9,7,Approved,6fbb88684b699d37bd26baae4aa305a15924b286cac680832283dcbb8c104d25,-
L114-Q1,lesson,114,10,6,Approved,d4ec2dbdad14377b70f93488bc77b2fc8dccd9e1fedf38220f35dd07e22bb43d,-
L114-Q2,lesson,114,10,5,Approved,4b872946c54788c523ffa1175d0704eb154291f01dd0b988b37fee26c7da2ef6,-
L114-Q3,lesson,114,10,5,Approved,71184e36e0a8929eb3f592a187aab40b17818b9697004c95291e93e27a490264,-
L114-Q4,lesson,114,10,5,Approved,c44cdd00ec5770218894197ccb0403d82b8edbf400d0916a36a8479b8d3e5bdb,-
L114-Q5,lesson,114,10,5,Approved,45562ff9edf86bd62db9791522ebb2ca23f9edcd9ac6d46d0610282ea286b117,-
L115-Q1,lesson,115,10,6,Approved,76f5f6e6ef0dcb7848b5405364cda8ce34bf22d08027a5edf541c020513148bf,-
L115-Q2,lesson,115,10,5,Approved,3594a033b1a1633eb06646965a02106b6b24c1a9204a7308c62c813ce7480710,-
L115-Q3,lesson,115,10,6,Approved,4bc9b57108ef543a21a656f2d38199cbe99e77855f5cf48aa80b5e5bc349a029,-
L115-Q4,lesson,115,10,6,Approved,8cc39da9506f4dff7c5c1876d4db09779e2bd92917d27cfd25ce950abf1b9d96,-
L115-Q5,lesson,115,10,6,Approved,e30ca4c7ac3bc682e3dd8ea2d9781dacbab31b6394eaab2c83b9d8444dad6d33,-
L116-Q1,lesson,116,10,6,Approved,4c5cfec1d4cc15ca5a44c5b5d3b29ee17d929d17ce1d7ffe95b861ee71b29650,-
L116-Q2,lesson,116,10,7,Approved,71eae3a084a965084e9a1b32329e27b40d95c60079814e0c34121b5e568b82c9,-
L116-Q3,lesson,116,10,4,Approved,a099efe40b33e66c141bc6eb4d7a9790afe91b70a26008f8b8d466faff203d87,-
L116-Q4,lesson,116,10,8,Approved,9caff361563492984dd6ca575350a37468565663505497f3a568fc96bcb80bde,-
L116-Q5,lesson,116,10,4,Approved,3f87de2210274ebed3a198d26be691fd872d150c5c21cb4b75e30fada0f51243,-
L117-Q1,lesson,117,10,6,Approved,f67c3d7b56ce4d8cb25f292b1eb6c318ce0a5436b898828b43d5b4d6c20154b2,-
L117-Q2,lesson,117,10,7,Approved,21386627ce01ae7856de4bb67499808ed7ffde04ba17e89db17d1f1084891b78,-
L117-Q3,lesson,117,10,5,Approved,385530437fd5faa1466463896ac8669a73ead7a18a5990d33dd23a3360feb9f0,-
L117-Q4,lesson,117,10,7,Approved,207870965367573b8cab594209fa6d27fd2f2dcf8a68111e4941f575ad860dc5,-
L117-Q5,lesson,117,10,6,Approved,3ef4b2e4c5ac50d35da69fea8965eedcbb424d32199e3c562cf3a85fc0342654,-
L118-Q1,lesson,118,10,6,Approved,bca6bcc241d7a6672e9920dc33a2a06f6074249a579481e8c22ffd83de0939bc,-
L118-Q2,lesson,118,10,7,Approved,0d544b92fcc87b2320075be5fa3a2e3f83e5a97c81fd3eca5e33666e8ad9acc6,-
L118-Q3,lesson,118,10,8,Approved,77da56079b304d8c6ddbcc24c65cce5acade3d3a5083babe31e6d7eca7bd895c,-
L118-Q4,lesson,118,10,6,Approved,dd730a624cdaafc9b9b0440c8ac86b15f2b01d1ad4947f5c721ebf4ee6573d21,-
L118-Q5,lesson,118,10,5,Approved,ae9ff7c4e7a0f361565e3d1117033226714288a3fa7764185678ea7a87779172,-
L119-Q1,lesson,119,10,6,Approved,ed206cf85098c5864aefd805439467fa81badcc888efb3ee2d0eb8e46e233374,-
L119-Q2,lesson,119,10,6,Approved,d2b368174a7d5b29ffbadef2fae297416e20381ecf39d548508666c0b2e7a71e,-
L119-Q3,lesson,119,10,6,Approved,b1af5815271efc1cc2dfa873e3669c8cfcf75c78cdf4518c78e833a2a66ee9f9,-
L119-Q4,lesson,119,10,5,Approved,1e8ceefe8009c818fa378ceac91341af8bf9ab3da51ffbf556d36b66299a40f8,-
L119-Q5,lesson,119,10,6,Approved,265dcff94232d6964839d5e6a62ef2d5a20e5fbfe2df7ee9b7c054d3fbeffa05,-
L120-Q1,lesson,120,10,6,Approved,4caa64f595bae5e92b4ce68fa93bd4b729d19075a3198ca455fa349547d231df,-
L120-Q2,lesson,120,10,5,Approved,f4f2282844db436186074ebaf4605ed9b251fd7dc262801e413f035246c357bb,-
L120-Q3,lesson,120,10,5,Approved,2bdb77e3490c1aa5a6050597d9fc6918160b609e46db6986985ce5039c8b4b5e,-
L120-Q4,lesson,120,10,5,Approved,c10739ab78bb8bf27bdf2299072daf6ebd2c19b0527080973dd9c57bc91ff360,-
L120-Q5,lesson,120,10,7,Approved,b2a15192c9aaaff5f45aaf8989c7f15245f46f18622ab1df3e8d220c5e739db5,-
L121-Q1,lesson,121,10,5,Approved,d4ee1674837d757532561a7ea44d1d195b11775d3814561a74da19cd521be221,-
L121-Q2,lesson,121,10,4,Approved,5bf34171b7a804835b985c4b57bbdaab123cbd5601ebc3380d70f02aaa74d6a3,-
L121-Q3,lesson,121,10,6,Approved,23eef065cd504aeb3eeb9d53a137a8d1b3ae2b524078e4815e31c5dc91a1b99e,-
L121-Q4,lesson,121,10,4,Approved,3dedf093f35bab1cd660f38860ae3e8aef545f516e7c3e4be9cd352466061692,-
L121-Q5,lesson,121,10,7,Approved,4d8adfb504e7b29bf580d4b7fb1b5b7ca9fe1e6f57645d714c2cea4ee7cfb043,-
L122-Q1,lesson,122,10,6,Approved,00cf6912b856afcbaaf2facf7e3719421b86fd95371704d9e8491ae76e4b62cb,-
L122-Q2,lesson,122,10,6,Approved,eb29c10749293202d510c4471a831a5fa357edcda7205ccad840ac2f6bb0e2c2,-
L122-Q3,lesson,122,10,5,Approved,b1f5967e0bec438aacd1474e244e4b78a2e0fc8e65230efd0583d4d4482d4fb7,-
L122-Q4,lesson,122,10,5,Approved,02e4b57ace3cd468a53ef10e10b109334b8a2578452615cfb95acb175ad575f8,-
L122-Q5,lesson,122,10,6,Approved,3fd636713aa95a15b2b2a3ae0b6c8fad0f12c22636499c93ff9aaae58daa9ddd,-
L123-Q1,lesson,123,10,6,Approved,f71383c81c801ba632cd1ea159b39dc9cd57ea060c11b26c525fbc27ee71c434,-
L123-Q2,lesson,123,10,6,Approved,d75175af85774600bc4794de701f2db90cf8e6891eb48168b35c21105e94db32,-
L123-Q3,lesson,123,10,6,Approved,52e45ff6d6d344ae8f1ab113b622e963d0b8053a91edc72a63dbd53d2d678a02,-
L123-Q4,lesson,123,10,5,Approved,9d0415456b7476c13f5ee8096f649bc76cb56037a5864497e856835531c98598,-
L123-Q5,lesson,123,10,7,Approved,e512b996d11b06b2d3a994615e5c34e21a968dcfb4014ca4e9023e604d46f782,-
L124-Q1,lesson,124,10,5,Approved,a38a75f301f9eff35f4f81ae319248ab9eb2459fcbb0d75968a2b680c3ac828f,-
L124-Q2,lesson,124,10,6,Approved,1d9ec0dab52fb9a0e0947a10986909db5727f21dda95cb062bca040852a32f4c,-
L124-Q3,lesson,124,10,4,Approved,331613a0403310cedd4125a78b02821b4134c55bd436627cdf0c74157f02b877,-
L124-Q4,lesson,124,10,5,Approved,dd5947be25ed5d9fca3fd42074caec82301eba5b79003535e93f472aee538259,-
L124-Q5,lesson,124,10,6,Approved,e3d8be8691dd070e3e635fdfe91dd629557a0ed80645c039f2086263e4a946e9,-
L125-Q1,lesson,125,10,6,Approved,92d249e4576f0107a2371cf18ee14817b92515a6db0de458ec6962b6b1d69947,-
L125-Q2,lesson,125,10,6,Approved,fc5d3fd83f483f0500845a8caee821f4884995f8c7be2ad1aadc9517b0aebc3d,-
L125-Q3,lesson,125,10,6,Approved,e333994c9063681beac1623579f9763b8c49cea1afbf86d3398ddc8190654b59,-
L125-Q4,lesson,125,10,4,Approved,6dcd46739a64a48c49a33558efb99a0d20d3edc7f4b79387025c009d346408a3,-
L125-Q5,lesson,125,10,7,Approved,3fb5edaecc2cd60fbe74a363498bd176997a6dd1fa55f1f6ebcacee80a31d212,-
L126-Q1,lesson,126,10,4,Approved,c61056a5e6e55354c8878b3a63f3ab18afabf492eea0240f801be6033edeaa03,-
L126-Q2,lesson,126,10,8,Approved,b95b9d867d6d76924ee22cf7297c06cab26e7623f88961f6cdcba1338cbe15c5,-
L126-Q3,lesson,126,10,6,Approved,6250f6291e5e16f0d55b32918d6a1329d37cace9cc5d575ec64600acc68fce24,-
L126-Q4,lesson,126,10,5,Approved,7a172f21315ca26a89505996c39d36b3c52a2957c9bb7b5c4d876c7952a3f426,-
L126-Q5,lesson,126,10,6,Approved,0a7fd787d41b7341be836294046706ec1f85c1990fe58b9cc80d6df86ab37c14,-
L127-Q1,lesson,127,11,6,Approved,7f80d9766eb0a0a94d8f4597a6a33f7c83af29ef40bbf26a23d1c65d87543b41,-
L127-Q2,lesson,127,11,7,Approved,ae418c4e2640b0141ced15d226f4312e1d90f367bb4620abeaf44da776b46d77,-
L127-Q3,lesson,127,11,6,Approved,22b48dda2227632ca60a1fafcdabeab7a04951d7e122e1287453379d2b1f2410,-
L127-Q4,lesson,127,11,7,Approved,a54f9d93d7a3dd7e97d57f100c80d58efe3c51736044e33063851279e071bb02,-
L127-Q5,lesson,127,11,5,Approved,a5cbf32889e3f601593bf99ce345440569f560b10b438ddeab275fbc6cb12baf,-
L128-Q1,lesson,128,11,7,Approved,6cea5571c910a47ce9a87375832a2f9ebbaf48f95abb9a1f347c762d4e88810d,-
L128-Q2,lesson,128,11,6,Approved,466f08212729c5a7b8480d9d3cf69667bcdc50c5a4845c15111e44cd6fcca87f,-
L128-Q3,lesson,128,11,6,Approved,c40d29a025f5fb5fe0955dacf26a8d64ccf300e6d0d26915d1708a1c428608aa,-
L128-Q4,lesson,128,11,5,Approved,bdd4cccae4c53e7770da787df09da76a6477f6993b479b28090b2b8f6ae7f0fb,-
L128-Q5,lesson,128,11,4,Approved,533a12cd5b4997cfb01700a974a86585f4abbc75a78bac63383151fd4341d74d,-
L129-Q1,lesson,129,11,6,Approved,5d23af7330c9d9faea6c4d19b706f50d00c3595d10e0dc5274f821d27269f7f6,-
L129-Q2,lesson,129,11,7,Approved,ddbaf796f43a0897e65277e07e139731a68d57016b905bfd85e47db4f812dcd6,-
L129-Q3,lesson,129,11,7,Approved,c677824fce480a9f5d60084af7ceb5367394e403ef81356d7e3184b7b1d7b4d5,-
L129-Q4,lesson,129,11,5,Approved,d7efdf5ec9ca7ea25055122250d8a200ecab22f57ffedb827f1fdfc199c5284f,-
L129-Q5,lesson,129,11,4,Approved,df6932c00e4bed65a431bb038434456cf8ee78a3d5e48b3e639c777bca5e70ce,-
L130-Q1,lesson,130,11,6,Approved,6bdffb3ce67bb2b0ed55b4938be7028e8cb593ffb7f25003c383f66274b1911f,-
L130-Q2,lesson,130,11,6,Approved,608b4287cc7a1e1e405fda2455e19bf482e5c43140439ac8fb85fd2c958bd7a4,-
L130-Q3,lesson,130,11,7,Approved,ab65dcc357a4fd51cf3bcaad33c36de912340b09af6422b345b8803a5bc721d6,-
L130-Q4,lesson,130,11,4,Approved,b01552ba184d078c1ba74f4971ae76a680f95852d1168ec8dbebe2eec342eecd,-
L130-Q5,lesson,130,11,4,Approved,8bcd63080906a8db974807d5bab245ebe37ba80323147b4e1089bd220cf24680,-
L131-Q1,lesson,131,11,5,Approved,a70488981fbd9204df691146c1c09ce8e0a32727dfc17b7f59231ac6664edde4,-
L131-Q2,lesson,131,11,7,Approved,540396a57ddad11e21f8a7460b6c09977fbe6f5af74f3b17d4648346e9cad0e8,-
L131-Q3,lesson,131,11,5,Approved,41336592313c8843a22e7057547871a5f56a8ee12e674d0e059ce6c30fe17329,-
L131-Q4,lesson,131,11,7,Approved,696fc41ff9369f137e053823e4637be8b849cfe178ad5bf48b7ca39b5699f92d,-
L131-Q5,lesson,131,11,5,Approved,ccc1df5b14897efded517b7baf5d8dca5f421e176e072762aea3d6eb3bfce654,-
L132-Q1,lesson,132,11,4,Approved,c637445c704377249b03a2f45a35f9e91200d9fdddd515373be643c422181ccf,-
L132-Q2,lesson,132,11,4,Approved,3d57dc1745980ec5b1984dc363fec5867e9f10d83a3b339ae942f515e75f9f52,-
L132-Q3,lesson,132,11,7,Approved,2fa0b1cb37f2dcd223fc7b8d4d40f684dd239903cdf21ed7c093f630f6ac55b9,-
L132-Q4,lesson,132,11,5,Approved,25b5915dd2098308ff6f5a6eb1303df46770a398abbf5f939ae39f4514564d8a,-
L132-Q5,lesson,132,11,5,Approved,ab4e8a04d05b88d20ed346e18da247d7c8be82c254e5746e4c274ec46d3113f6,-
L133-Q1,lesson,133,11,3,Approved,795f5f0984b57092ef74780288b066a4cc8945b28be61abc161f210655c5049d,-
L133-Q2,lesson,133,11,5,Approved,0f58528bfb974a6f240c29b0565c5bae4485dd71b7b06737ec2c6badf6e88306,-
L133-Q3,lesson,133,11,4,Approved,d9864330b0bfa90552dccb90fc1096e285b76c0173d5e2ac33f57cddc6242631,-
L133-Q4,lesson,133,11,7,Approved,f6d6d11aac78bcfa7e3109471c25519589edb9c96eb39042a6776371554254e7,-
L133-Q5,lesson,133,11,4,Approved,d939b2929388716f49a6d308583501638965390219b8f7603ac7081cb458c60c,-
L134-Q1,lesson,134,11,3,Approved,788a545bf54d5684c55f58df1962369abbcc2c4c32698d8c46d81866909dffe1,-
L134-Q2,lesson,134,11,6,Approved,199d0261a777423eac9b5f78b8bc8888e3c00fb32d884d637c13b6bc1e5387e3,-
L134-Q3,lesson,134,11,6,Approved,1666e9f4e4cbfc6ebb6f3db2cddb1d8ad6e9ca6b0da13d8b4e20bbf080dec29c,-
L134-Q4,lesson,134,11,7,Approved,23d7ada91dad771c73c20d268aa55db6e02bcba10fa8d1ee0014acd8861111c9,-
L134-Q5,lesson,134,11,4,Approved,4289af50aad579b9fa2afac17202c40865a251f9fc04dce5fa4bec2aff898129,-
L135-Q1,lesson,135,11,5,Approved,597d2a59d41243b4ecce90a78bd4b8312b2d816d8d3352095bcc57eff271dc7b,-
L135-Q2,lesson,135,11,6,Approved,5778a98dbb647e4574c3293911aa865756df16c8681c7f07dc7eefe617a82ee1,-
L135-Q3,lesson,135,11,6,Approved,557c494dbfcad026ce19241e0f56609dea94d20c67348753cba05805206fded7,-
L135-Q4,lesson,135,11,6,Approved,79febc7308159961c5f62026e3eae74e0a4e377c650aad62dcdd64f6707073a9,-
L135-Q5,lesson,135,11,7,Approved,8340deaf4efffcb57dda6ea593fcec79ced77aca69783defe129632570ca7817,-
L136-Q1,lesson,136,11,4,Approved,007b1713bee99fb46f762c500ab0e1c20f4516ce70665455cd4287b9254895cd,-
L136-Q2,lesson,136,11,6,Approved,34bc642003b1419b946bae4e011d29698747a1f74748c9a25bed132406b0838a,-
L136-Q3,lesson,136,11,3,Approved,9aaa07e5339c10da4da06c6bf37d5a67d0e9301d4e08981743f00b9f407f61bb,-
L136-Q4,lesson,136,11,5,Approved,c1bc46d810b3f2b63d703abfbc6e669e80295bd109a2a1050fdbb85edd324d5b,-
L136-Q5,lesson,136,11,7,Approved,d2d5226e73548eb587d6438ddc78cdb4e226a4f47bf45d3826af93104e2bade3,-
L137-Q1,lesson,137,11,6,Approved,aa9e39c1636004c741cdd9020ccde27efcb58c1ff19b00ed08db1dc2d21f5beb,-
L137-Q2,lesson,137,11,7,Approved,4e2f43fe5e4a99d984b37be8622eb07d74c6ff85ce4e22157e55d2e7a45875c6,-
L137-Q3,lesson,137,11,5,Approved,a33b2af4cf3af45a88318c76769f08f1decacc5af724c2bff2a0021328545644,-
L137-Q4,lesson,137,11,6,Approved,cbc0cfce8fdc0097734e39c5773df4ddbab1a475ffe9fb7f897755fe792e27f5,-
L137-Q5,lesson,137,11,5,Approved,5a0b17be04ac40a9c1288119fabcf7a2b4a09dd2e20dd8e2c78958dd6f090e92,-
L138-Q1,lesson,138,11,6,Approved,8636434ea8a79fbcd3f0bf5149ef39ad9aecc723fd8cb76a5fdfddb59f0b5304,-
L138-Q2,lesson,138,11,7,Approved,cf3ff555f77ddf706a0bcd5d4171ab995e4fd9d7b4820021c4d2b1ec1da459df,-
L138-Q3,lesson,138,11,6,Approved,45280c35958f42d0a93160e357a44e237d875ac0adc726d2ac67a20d36bce793,-
L138-Q4,lesson,138,11,4,Approved,9735ae56b99b108f42223db17493ac11416db82bbda2fcbb1c5ba761232f041a,-
L138-Q5,lesson,138,11,4,Approved,27927d321192dcb3bec5fb37a4ad5e66aad9f5651711f5b44ffca7c7edd2444a,-
L139-Q1,lesson,139,11,6,Approved,b3e1dc2b3da7c64b99702df8739c9f5bb26d0f4f02a3fb687698bf7257211b53,-
L139-Q2,lesson,139,11,6,Approved,54a12cd10fcafe1052a9169f5f9bcf68387461ddfc1c91a688be693399c8f5d7,-
L139-Q3,lesson,139,11,5,Approved,eace8cda5a1b90138b242300a2812f2876041a4d15657354e75ac5c2f4316782,-
L139-Q4,lesson,139,11,7,Approved,7bcab1a8971a0622c1c84738f1a31a84b60aed29f440cb24833fcc5a0b3cfea1,-
L139-Q5,lesson,139,11,6,Approved,4e8387c6fb2e2133e94f9753a3eebae8827768dfd636adf28b8387310ce39b0f,-
L140-Q1,lesson,140,11,6,Approved,83645f8dcda5b488dfdfea3a7c149d85c20d3f87e43c980f98f555c776867e54,-
L140-Q2,lesson,140,11,7,Approved,ca9994b954f2062c2fe47ae485565d4888a4425f416fb9a89f5e2743c8ed5e0b,-
L140-Q3,lesson,140,11,6,Approved,bc26c787d4fd45ac0bea3ec6af5820ba37b2098c63d5d5971b8ca3014de27eee,-
L140-Q4,lesson,140,11,4,Approved,6fbcd3f8709d37e0f54bfa4e0e1164650d92386bdc5be73f3a68b1ebba507d5f,-
L140-Q5,lesson,140,11,6,Approved,5dcad9694cb6c90fb314849d765d5251d3df7b61828471ed22c436acf8c7af68,-
L141-Q1,lesson,141,11,6,Approved,11c2ef68d9a66466fc0d204cc7f609e54a2a57c664d8ae452f4135e27c5f37cb,-
L141-Q2,lesson,141,11,7,Approved,5b2893923aef34f8d2b5dfdfc572bc3cc9beb2aebd34129aac00ea57ed5c78b3,-
L141-Q3,lesson,141,11,6,Approved,1b28f424f84f3e13ae491bcc381fc7e1f16409640d8c2a2e695161684610a8a0,-
L141-Q4,lesson,141,11,7,Approved,ec3c47a1bcad2f4aead6a4246d0594114bf92e2f655a013cccae1d90dbb18214,-
L141-Q5,lesson,141,11,6,Approved,eb33d297f03fb42d72ae6b320a085b1265da71a3c94b36b95ea554aa393fc574,-
L142-Q1,lesson,142,11,6,Approved,c1fa65e5bda0d1fadfced673a9d668df9a19a9c65e060c794ccb0d54c6962f46,-
L142-Q2,lesson,142,11,7,Approved,5a3f89753540b05f26c9fed27b0538cb43d628d1642c25999f6dba738a7771ca,-
L142-Q3,lesson,142,11,6,Approved,e097f945ea0edb5b37c67cdd8a0bc57287806962b3e9413cd507373d346af79d,-
L142-Q4,lesson,142,11,3,Approved,266a5cf4f8113a22e26f5c7f000b26d3d5234069ef9a2baada28aa0638437e2a,-
L142-Q5,lesson,142,11,6,Approved,c0d3a61109e3d1bf45998e6679c6ee5252c2120cf0a8a689ba789fd2f1f71e46,-
L143-Q1,lesson,143,12,6,Approved,5d0eb93043cf8aaf0d6f4812d65310d94397a6af65c710060809370835238813,-
L143-Q2,lesson,143,12,6,Approved,1d0cd69513aea265bb21dfda850c90e0ca8c75fffad6eed7b2cbea9376ec2dbd,-
L143-Q3,lesson,143,12,5,Approved,3994aa1cfbe24dd78eaab1c21ca4714090f93fbfc50b2400afdd721cfb8c418a,-
L143-Q4,lesson,143,12,6,Approved,0e232c99805f780694b006778eeaf8fa51d6f3ceed68aa2c70b28bc2dc5aa943,-
L143-Q5,lesson,143,12,6,Approved,1b8557ff86895a0862810e14ea811bc4f392895d6a16b8566b1c9ddb6e02f325,-
L144-Q1,lesson,144,12,6,Approved,06be7716aaec3996dcd69b3e67ccf726f24aa306f859459032f31438c7bb94ed,-
L144-Q2,lesson,144,12,6,Approved,1a12b3f3fe502e97a40b3029cb91b1e39fe6dd9bb2564ffcbe262a0d9914fe0b,-
L144-Q3,lesson,144,12,5,Approved,2008de8cd2716ce4ef165bf139880b2940966a3892ebc3be3872074bc19a3366,-
L144-Q4,lesson,144,12,6,Approved,00991b514a5ffbad38ffe02f97e477e3dbcd595c7c445aef962d442a671f4e71,-
L144-Q5,lesson,144,12,6,Approved,98339d94fa8d28e30f2997d0bcd11512fcd5d4ce3186a88ed05b7be9bad15a92,-
L145-Q1,lesson,145,12,6,Approved,973099ba4c444090e94ea4ad8c81d305659dabd738a8379e68c996ea4a225530,-
L145-Q2,lesson,145,12,6,Approved,fbc338b4131c3e963d6505c88a60ae452f12a4c7e7a6fcba83584382cf8486cf,-
L145-Q3,lesson,145,12,6,Approved,e7b43537aa3615ad1f0b5b0002810f8079935f98a74bdc96caed0db464579539,-
L145-Q4,lesson,145,12,6,Approved,96143385420e09d9eec1234882a6de22d4f9665ac76df391c7166d9390d466d1,-
L145-Q5,lesson,145,12,6,Approved,aa6c9882349679d1f8039004e933ea4806699fbcd626149fa2b5618d03a67054,-
L146-Q1,lesson,146,12,6,Approved,9f642b254d286a63f3c3aa773b400585d6da7431729b1777680b42f7fa909513,-
L146-Q2,lesson,146,12,6,Approved,0a5b45529ff27359f93382160996a86afe0178eee2930c8fd22c290f03df4303,-
L146-Q3,lesson,146,12,6,Approved,dfbb850c754210d0e8802229cfe92356b3bb2521a83ca72eb0073ad1accf2f64,-
L146-Q4,lesson,146,12,6,Approved,2abd6f7ad84cdd589a661dc4ab4461450cd0b9b70a594489a206309594c4db38,-
L146-Q5,lesson,146,12,5,Approved,00ba36efa03e64fe4369e39967196dd43af92ad51ddf13ad9f2798f619d8073c,-
L147-Q1,lesson,147,12,6,Approved,165f81ec33e09a3e290533572efb98bb0552c5e2b10806cb0534b62991463d09,-
L147-Q2,lesson,147,12,6,Approved,054fc6fcfdbc3be00cbd01e74edc47608797c0f0b90e7410dd8f8d3f02334622,-
L147-Q3,lesson,147,12,6,Approved,cc4da5c686e5cde34320dccbf1d15c8f3370b4c8427602d559c8db599fd64908,-
L147-Q4,lesson,147,12,6,Approved,986742d1ec95e563b78a6f88e01144d293f1f8b410dd250f19173ffe60e1ffa3,-
L147-Q5,lesson,147,12,6,Approved,8ef752b88636395f44198e5ceecd9ad5555ca2c39ccb46c9891e13c7a86a868a,-
L148-Q1,lesson,148,9-12,6,Approved,58a1a0bbf61ebe829712ecbc1c105de25d18ad00db902d4a17663173895c8fc2,-
L148-Q2,lesson,148,9-12,6,Approved,e156f505504daccdee288494f1b193ada1da72f601f5da177232746ae4074d34,-
L148-Q3,lesson,148,9-12,6,Approved,07ccb4a66dba4cdddb64927871d3b33f2332abd35c5e3aa8cc38e22b968da384,-
L148-Q4,lesson,148,9-12,6,Approved,597c7f5adb4de8b681fd2306799368378385588cc91abb6518ef6ef1e3d1fc7c,-
L148-Q5,lesson,148,9-12,6,Approved,7b61151acf45554c8842c79f4721ba1d43e080e141eec1662be70b38ff96c4cc,-
L149-Q1,lesson,149,9-12,6,Approved,0d5853bebc0a6c958f3020f72c8d47ab65d959fa072b10443f55052cd3683280,-
L149-Q2,lesson,149,9-12,5,Approved,a4cc8aed95b67db94593a784e0c4630f9c96674010964d5029cd913d80a8ea4a,-
L149-Q3,lesson,149,9-12,6,Approved,00feb6bba02732fb25b0b987a5898655c528b1a06093eccc87d3e1e4f0b26cf7,-
L149-Q4,lesson,149,9-12,6,Approved,aba630cf0f13a9826d4b185f3cec05d280e27e9472ce1cb9b74d2072a848f37e,-
L149-Q5,lesson,149,9-12,7,Approved,c8320311558de07053b9519d21335ebcfada5b347b6a4ec2612efbe592e1640f,-
L150-Q1,lesson,150,9-12,6,Approved,d8b6ca7830fb7e03ba8f1fe477dc067d0173b5a21eb629aa42b3d552995729b6,-
L150-Q2,lesson,150,9-12,7,Approved,b4cd410f4ad15d536bf14729a54a08052720afd5054fc45b84e3241840b72fe6,-
L150-Q3,lesson,150,9-12,7,Approved,8adbf2d3b011c1dbab73414e2d9037990d79ddc756b964b8577943ee6bb5884d,-
L150-Q4,lesson,150,9-12,7,Approved,038117ab2dc7dd18111ffa8b8f0f4aa6533ce002536e21cd22ed51c5bda1e338,-
L150-Q5,lesson,150,9-12,6,Approved,19f93097bdda812438c0dba48b0efbcefe462b80f0231e9c75b53f8e2671e50f,-
L151-Q1,lesson,151,9-12,5,Approved,2a772874a6be8b2daec24b22d23eb7486695a87047330f1b8b1c982087f5227b,-
L151-Q2,lesson,151,9-12,6,Approved,b17fed57e33d6d31314d4c963fc2e54d974de00da97478953604a101e2352e27,-
L151-Q3,lesson,151,9-12,5,Approved,1334eef3f54114a9123960e43a088be82c39977d97de4b9853545f1e60bb729f,-
L151-Q4,lesson,151,9-12,6,Approved,64f59d3b5bf3569e41cfbbcb8cb4587fdc346ec762aba6be42f5279f72df6f45,-
L151-Q5,lesson,151,9-12,5,Approved,d70f7644e6cc8ef89d19f61d117a8b49f3369ca6648abaff264f5d88f80aab48,-
AQ005-Q1,assessment,5,1.1,2,Approved,ab3c8a6530b6975928d8ff9f355b5004e835b95e8e8488b79274f5da84b2cfe8,-
AQ005-Q2,assessment,5,1.1,2,Approved,5f9c92a4565e2b4738b9d3185b29882f90392c9074b8e57cfc94d807fdbe891e,-
AQ005-Q3,assessment,5,1.1,2,Approved,fa4d1c4b0ced073ffc7ee6669c4fce4c8ce9ee1635b5570c5b1230348c131c4e,-
AQ005-Q4,assessment,5,1.1,2,Approved,981b104f34137e61b9389cb9d525fe6aabb2ea20e5355502a2c5b59e3780a41e,-
AQ005-Q5,assessment,5,1.1,2,Approved,295f43037f6a7a702d4b1724fe4e184d12d102e639a5c03ff661bfccb928f570,-
AQ011-Q1,assessment,11,"1.1,1.2",2,Approved,8ae2fa7014eb5cde654c5a0623342c2918da50b0b54e886466dde27d22fb8308,-
AQ011-Q2,assessment,11,"1.1,1.2",2,Approved,89bd5c9705ae86669bb15ce17c4d831a879f12811ab8698503892d8036b32851,-
AQ011-Q3,assessment,11,"1.1,1.2",2,Approved,240ca45b60da253a5b88139392275c0d8272cb32d00263f27c22a897ab612880,-
AQ011-Q4,assessment,11,"1.1,1.2",2,Approved,09934be52fd04dd52c7a4c3fe8e7608dac3262e3b19e15d4afaf1d3a97bccaff,-
AQ011-Q5,assessment,11,"1.1,1.2",2,Approved,18e6e0d2780259ec0b3bc1f6781721737d873305c577f9760c831d503cf8ee21,-
AQ016-Q1,assessment,16,"1.2,1.3",2,Approved,714ea779291c193a674446cee5f89e17c1bdcd478dc0fff04da891d07b3a9b59,-
AQ016-Q2,assessment,16,"1.2,1.3",2,Approved,f1e45517a36979457c3d766d708efc2bc8972b5f204cc32e0f72efc7bff04154,-
AQ016-Q3,assessment,16,"1.2,1.3",2,Approved,3705a11287085f7474e00d3a88806f2d593d673a55b9335acf46b6eeb9e0021c,-
AQ016-Q4,assessment,16,"1.2,1.3",2,Approved,6ecc4fadf6dc5920382a28c661dffea30df6a892e5730ce799ced2525a4ec8a2,-
AQ016-Q5,assessment,16,"1.2,1.3",2,Approved,a270b9bcd3e199eeb17a72084e2e010f891230ce3fd3dbada57e947730e5f2a1,-
AQ021-Q1,assessment,21,2.1,2,Approved,4778c3025b2e6c6e1edce88fe5879047cb63da7eaedf038fe84d6fdc9dfb26cb,-
AQ021-Q2,assessment,21,2.1,2,Approved,30d716186f5a0af3a10354a610e7e33dbaf6c42831ad3171f1314798711406cf,-
AQ021-Q3,assessment,21,2.1,2,Approved,99379fc578c91ec54b0d11c5fd93340a97c55dd83d4cacf5777d2480c9ad5f49,-
AQ021-Q4,assessment,21,2.1,2,Approved,7e0eb654a1f242b57f943e37fe1b0f51167af92f78c1a7e2b77c2623205d6a7a,-
AQ021-Q5,assessment,21,2.1,2,Approved,a5cfe8bb82248fcee62161bdb00de2a5f48bb97fe0bd943339ca36817a97c03a,-
AQ026-Q1,assessment,26,2.1,2,Approved,ac4203c6c37ca8394899e92061079063808ff1f6ffbffb7e0cca79da863a2b4c,-
AQ026-Q2,assessment,26,2.1,2,Approved,a88625f80bd2dc0a49262b34d85a2a5ad4fb052ff1d7a740440f30b212e385ac,-
AQ026-Q3,assessment,26,2.1,2,Approved,88a4af50b83205f6fc595887524433cd0c2849d79ca234ef84b68eea453ed01b,-
AQ026-Q4,assessment,26,2.1,2,Approved,05ed15612ff1d83dc51f95f13f91941d50ed3e9ff5ca8c7b8923d3e994e2d733,-
AQ026-Q5,assessment,26,2.1,2,Approved,22af987a21711eba6b33d1504753bf21842b21af84c4f1913aa717bb5b6bf22f,-
AQ031-Q1,assessment,31,3.1,2,Approved,6d2e60a3d86250c8c4fcb352dfa16aef65ac1d87de660860c337629d7f831043,-
AQ031-Q2,assessment,31,3.1,2,Approved,df8ab413ca3376741e983f9834d7dc09bfc07cfab0b07ab72d8f9a638830f76e,-
AQ031-Q3,assessment,31,3.1,2,Approved,fb3aadc4df2b6e8577c67c710f1a463567d8820ffd6c555f28f581d7bde5b1e0,-
AQ031-Q4,assessment,31,3.1,2,Approved,df729eed1be25b4ca1f95fa52e6760c01a6beebf76c2cb6a5ef21a75fc342e66,-
AQ031-Q5,assessment,31,3.1,2,Approved,2433a49590082d4fa224a926a34ab25c96ccc5180a65f43a5eb60c4cd5692f3a,-
AQ036-Q1,assessment,36,"3.1,3.2",2,Approved,1ad2d79e400f796f81ffe56c8da99bf5f79a23b6f8aec0599536aa46cf504846,-
AQ036-Q2,assessment,36,"3.1,3.2",2,Approved,8c3400fcf23d435b52acb6f04db6ac8e257620101004858d460c8d452107a2fd,-
AQ036-Q3,assessment,36,"3.1,3.2",2,Approved,feeb1c8fba07138c06d29137a2ff57ff4c295364646861510b2ece2e803955ef,-
AQ036-Q4,assessment,36,"3.1,3.2",2,Approved,648523c80a3a200dc5bd93841c68613bdc9ba11c669451361c8599e036123668,-
AQ036-Q5,assessment,36,"3.1,3.2",2,Approved,031b93cf289b3322249f7bc65399476143e652f6683d79e0c9f11b271383c708,-
AQ041-Q1,assessment,41,"3.1,3.2",2,Approved,423c2c9abb20bc66049e0987fe8dfd9c48a9844c50ec43fa51d96509d8fd33b5,-
AQ041-Q2,assessment,41,"3.1,3.2",2,Approved,4031b1c1ae9a1cebbdd0b1f975dec8ea6b0ff702ecd867e2027b79f55e856c92,-
AQ041-Q3,assessment,41,"3.1,3.2",2,Approved,bc902a00e1d165b85009ed6fbf6617b205d1913c6b107adba6b3e32e6cf21c8e,-
AQ041-Q4,assessment,41,"3.1,3.2",2,Approved,c8c0b7a4505e26c98677baf14dce85aeab94b84786e9f59414b1924b573cf396,-
AQ041-Q5,assessment,41,"3.1,3.2",2,Approved,474853278cd84c9f8f61ee6bd9e743b2b989b42efce2206079c582f51f3a2589,-
AQ046-Q1,assessment,46,4.1,2,Approved,8187fb7bf673a2a69d70686e1bf07c23d8d33178d8dc769126ec928052d9bad0,-
AQ046-Q2,assessment,46,4.1,2,Approved,ad82baca85c59911e3b66d1aeda3d64c9b59e44a1b24ee4d937f7cc815472957,-
AQ046-Q3,assessment,46,4.1,2,Approved,5a1dc4041c6afd3083da2e702e2f809dc5aa385d514209a95a665039f7ff5a39,-
AQ046-Q4,assessment,46,4.1,2,Approved,2c78aca131a44aab5000fb48fcf62f78fcad1cf073e4f34ed122c9af06591aaa,-
AQ046-Q5,assessment,46,4.1,2,Approved,45002d23da5f13eee14f2e2897fe018d3d83173e7d35a12ac2cd3858edd2c9fa,-
AQ051-Q1,assessment,51,"4.2,4.3",2,Approved,73d219a943d46734c80b4600cb43ef750d55177e75ffa0ec70552c80e7938501,-
AQ051-Q2,assessment,51,"4.2,4.3",2,Approved,90946db55da663406a7e5484d3ab6e8de716281282a6054ac73f53549c8652e1,-
AQ051-Q3,assessment,51,"4.2,4.3",2,Approved,beb000a93c5c6d071523d4a001470d3d183933ea270541f595ea3956403e6035,-
AQ051-Q4,assessment,51,"4.2,4.3",2,Approved,5dccc981fc9714c5d0476c24a3d0412ac6f87f8e891288e0ae6029102cf92e6f,-
AQ051-Q5,assessment,51,"4.2,4.3",2,Approved,e5a597b89421ee2a72194371e8f8c2174cf129eb0bb20e113fcfcfc765ab5a3a,-
AQ056-Q1,assessment,56,5.1,2,Approved,6cbd2976dc08a5cdfd61f765bb78c4e6b6a9796bce4a4f0cbe76ea1187ea9eb3,System Software
AQ056-Q2,assessment,56,5.1,2,Approved,f824e8434c8e512345a98cdce68f617cefbc47aef5bbdcbaa9e4cd59413f2a6d,System Software
AQ056-Q3,assessment,56,5.1,2,Approved,46043033f43b09b6c19c5419d4688885b0a7f676ca3015e6a790d0d0c5dd86ef,System Software
AQ056-Q4,assessment,56,5.1,2,Approved,8647fc42817c89a821eb70504a277e9fe57fd3c48cc6d3ad424574333d79d11e,System Software
AQ056-Q5,assessment,56,5.1,2,Approved,255038bee58b3e197263f7ee2842b6021f658ce55676d0ab99f448dd4cc88999,System Software
AQ061-Q1,assessment,61,5.2,2,Approved,1fba7b4db86f88930096393c756c2360896e8ff31823cd21ebd49eac4c429d03,System Software
AQ061-Q2,assessment,61,5.2,2,Approved,2fd645802fffea45c15401acbc71e1bd47875e2414793c136ee9e07b09afaaa1,System Software
AQ061-Q3,assessment,61,5.2,2,Approved,dd4f2fa479c1c8e68b1e7ee7a98522973074ff76013f2164d8840607531e892c,System Software
AQ061-Q4,assessment,61,5.2,2,Approved,82376be8bc3575096d2b0519503dfcf98e04b62b4646ceb29ca4e767a2079298,System Software
AQ061-Q5,assessment,61,5.2,2,Approved,9615bde773858331f010d644ba440f9ea02bb87afb63ff69aad9fb800c85d22d,System Software
AQ066-Q1,assessment,66,6.1,2,Approved,623e61943e6e69302615e4fd716f45f264f8396457799f1a84345c8701c79d4d,Security
AQ066-Q2,assessment,66,6.1,2,Approved,610947424dbed5e1fcce178d6d70684050a64c426b1214421f8f08412cec58a2,Security
AQ066-Q3,assessment,66,6.1,2,Approved,2261a70dacb64dfd68126db079d55ee1c61bb65f9a3e0cf738430542724efba7,Security
AQ066-Q4,assessment,66,6.1,2,Approved,9b54338ca3fae16baac4a14753aafe478f0da6d6f0a39709b5af06cc6496028b,Security
AQ066-Q5,assessment,66,6.1,2,Approved,96d32fd3bea3b19880681022d5e54ca2f5c107b262d3d6c1e5e5c094d614a1b2,Security
AQ071-Q1,assessment,71,"6.1,6.2",2,Approved,f546527f823be557de3909fc235e10a777911789bc8642a3b0da8fbd37dcd449,Security
AQ071-Q2,assessment,71,"6.1,6.2",2,Approved,e578525b7c91aec1ce85fb159f88d7cda6e57b4524b729d02a8e831353328f5e,Security
AQ071-Q3,assessment,71,"6.1,6.2",2,Approved,5f9f63f6d6ac43adf9dbc0ef5350bcd1593733b804f495a1dd27a171e2b8bb13,Security
AQ071-Q4,assessment,71,"6.1,6.2",2,Approved,4158e61cf00770c8786c75e407edaa6d18454802c17545155c8d25fb24bb2aba,Security
AQ071-Q5,assessment,71,"6.1,6.2",2,Approved,7cd013809bc312cee1ec66c34b93a9e9018f46eb0e5607b5a8d8539561d464b5,Security
AQ076-Q1,assessment,76,7.1,2,Approved,59e41557e85937219c48d0b7f50f753419ecc71120b8defe417ca5ea172ff6b1,Ethics
AQ076-Q2,assessment,76,7.1,2,Approved,5ea38d9f8fda08b2d64022cc4d6592cc69222e3be887de1a2e1c9cd8be512318,Ethics
AQ076-Q3,assessment,76,7.1,2,Approved,91c0c00619752ca01e0bf40d01c6be4aa45e124d7cd563b8625f538975f231eb,Ethics
AQ076-Q4,assessment,76,7.1,2,Approved,fcd85a32e9fa613eab652b8cb4d2a17ce14546673141177ffd8f4588a8c54739,Ethics
AQ076-Q5,assessment,76,7.1,2,Approved,fe03f86fc407bcba83142ea16710d03c4285671b4b454bfd31506827882e5956,Ethics
AQ081-Q1,assessment,81,"7.1,8.1",2,Approved,d2cb586b4793e8979a71c6030cf775037c9eca403156bb6a8982d1929cef8b1b,Ethics
AQ081-Q2,assessment,81,"7.1,8.1",2,Approved,d318e9da6748cd2e7edffd7bbc8774d0ac3ca7102daaeef7b7a4ba3cb02aa02d,Ethics
AQ081-Q3,assessment,81,"7.1,8.1",2,Approved,7da253d862da57f82c5cb2e6220c54239d2f100c983bf078d3e6ccc4ab6179af,Ethics
AQ081-Q4,assessment,81,"7.1,8.1",2,Approved,80d8d61253b5d9ea3dd4648d85f7af45299cd7911196bfef887f1c00ade04ea2,Ethics
AQ081-Q5,assessment,81,"7.1,8.1",2,Approved,5187baee422b4a26ef02db9f74d0a6f93ed932f9399f81ddcdd18b187c97a286,Ethics
AQ086-Q1,assessment,86,"8.1,8.2,8.3",2,Approved,05df6162164f6d25260dde85e933bbf62cc2ef3011294f9d7c3e361188bb5762,Databases
AQ086-Q2,assessment,86,"8.1,8.2,8.3",2,Approved,eb59159cc99966aa7a30cd2055abea637f2598114fd16608cfc94c1aff111070,Databases
AQ086-Q3,assessment,86,"8.1,8.2,8.3",2,Approved,e06f62ae2a07b2537c87e94a84183d9d9d9be7f098d447a16458f9fb76636cb0,Databases
AQ086-Q4,assessment,86,"8.1,8.2,8.3",2,Approved,cb4e97d9ebe3bdd7dee8aafa5b9e43ba95c616d1d54c6cc84f07b0665a6a8958,Databases
AQ086-Q5,assessment,86,"8.1,8.2,8.3",2,Approved,ed8073c0f172f4a504afc8d7e5c019a68e3234f1b7535a6db0a23db6b8ebe049,Databases
AQ091-Q1,assessment,91,1-8,2,Approved,4e17fe7869f7cae54314a93584cc7bb9f167f313edd81a6f124a0eaf3a12293e,Databases
AQ091-Q2,assessment,91,1-8,2,Approved,f0aa37f89c68ec0b66a8497666afd65a3811ebed79e445b18e6e691ad76e9fea,Databases
AQ091-Q3,assessment,91,1-8,2,Approved,ef4d35cb9271a9108a02531ccb6cd5b5b11c4592f4b45d880208705cc5882eab,Databases
AQ091-Q4,assessment,91,1-8,2,Approved,ed8974f8b7315cc2faff61c6f3cd93f03fc57627be74bd496257a0342865f978,Databases
AQ091-Q5,assessment,91,1-8,2,Approved,96eae4ce0116745515ca9bcad0c1ada31fea4c215d05da758a142c84d6e3eb28,Databases
AQ096-Q1,assessment,96,3-8,2,Approved,85e57fd2ab3a885927050ef2db0f41236e1e0343be03e54d769ea0195f0d32d1,Databases
AQ096-Q2,assessment,96,3-8,2,Approved,f5a715de7534e4317adec4d8fd1c33ba2553673222a89578ab776715decb9f38,Databases
AQ096-Q3,assessment,96,3-8,2,Approved,0810ddaf9373fad0a53186b15be23651c3e566647e8c2b252ef25be1a2893663,Databases
AQ096-Q4,assessment,96,3-8,2,Approved,0ba295401080f345dc777a10dcdab1b8f45c23bfec5d86b048f49cfe5586ef8a,Databases
AQ096-Q5,assessment,96,3-8,2,Approved,c58f7f46986fcc9c7f3a8d7630c0b3a43e44701dbd1cb41a66cce0090c70c876,Databases
AQ101-Q1,assessment,101,1-9,2,Approved,f47b462e6dc37a7decdf4c7977617b70d0a999cef3b8c5778fe7665a9b9e7231,-
AQ101-Q2,assessment,101,1-9,2,Approved,2fe3ee89042bfe52e2cad299108fe9f8beda5fa4b5a2e1af312ab7c3de0a5948,-
AQ101-Q3,assessment,101,1-9,2,Approved,1572d2d43185bc71da1a81c797ad4a3d8835137f0aa6620bb906dbdbd752b367,-
AQ101-Q4,assessment,101,1-9,2,Approved,eccd26e82c6df68a083001c9f37d86ed8cca3f53346743f8827c1822a2965d2b,-
AQ101-Q5,assessment,101,1-9,2,Approved,13fbe634a723792c6ce0757a66b44df4090ff4472f534073c21cf950097f535f,-
AQ106-Q1,assessment,106,"9.1,9.2",2,Approved,ebbff6c754f5d6ab1e8b08f05f36ca9b74267735bd3eb9d416ed0ecf4b4137ae,-
AQ106-Q2,assessment,106,"9.1,9.2",2,Approved,7088edf95769f690243edf6a7b2abeea092bcc6c9a0fedc6b527acefff8f2dde,-
AQ106-Q3,assessment,106,"9.1,9.2",2,Approved,c4ba5b3b057e5a19e9c6d17a786d2693eef7f36112ce71215311817264868e49,-
AQ106-Q4,assessment,106,"9.1,9.2",2,Approved,bc279ddd193b9999ab574f1d0155de1ea1a24395c0eb76763423b90b561a14a1,-
AQ106-Q5,assessment,106,"9.1,9.2",2,Approved,3e65957c46999ebde128188b414e9e87f4738d57fb9b8f91a0f666b59b48d7d7,-
AQ111-Q1,assessment,111,9.2,2,Approved,3d5e12a954a21fa97069dee7402cc28a74135d32e7f6bfe68456b1906832528f,-
AQ111-Q2,assessment,111,9.2,2,Approved,eb1813d76b3ea32a538e5ab7cbf91fc77d5373396e20f3dd4b07b29fff050057,-
AQ111-Q3,assessment,111,9.2,2,Approved,bfadb960d31ee12537353cbc383b44fe87b22085bdf3dd26526c56bdd1515edc,-
AQ111-Q4,assessment,111,9.2,2,Approved,cd4cb432682f8f8621ca439be3e553846061441d0f2dde31dff2f3b63061f4da,-
AQ111-Q5,assessment,111,9.2,2,Approved,0ce9f0726be27802ad9d3e60ff37a031262d57ea0c116a8e27c1e6b6ebfa9018,-
AQ116-Q1,assessment,116,"9,10.1,10.2",2,Approved,d1b6881a939e231eeeec321a7badc132dd261e9db613a09fe2f418e25fcbcb90,-
AQ116-Q2,assessment,116,"9,10.1,10.2",2,Approved,7243fad1c7040160d99a7c13341cd825fa899fffeb17c8297acfe76cd2cda8ec,-
AQ116-Q3,assessment,116,"9,10.1,10.2",2,Approved,7475f18eb04818823d99cfe8406acddb53af65e3f56a3c3eb1153c4864011c68,-
AQ116-Q4,assessment,116,"9,10.1,10.2",2,Approved,5fbd3d14df24a6dd00438da5db8ceba7794c856f51c59578020379d8db6560d2,-
AQ116-Q5,assessment,116,"9,10.1,10.2",2,Approved,c58c3be3df9c37909bdc8bf9b56034f24fd821949d62d7f647c2e61e6233216d,-
AQ121-Q1,assessment,121,"10.2,10.3",2,Approved,c783879cc9e243b392cf4ff3c08f133f38eaf145b88e2328b15ca9824be0dafb,-
AQ121-Q2,assessment,121,"10.2,10.3",2,Approved,58f7228330c8f321869979b22af8e9c334d05753f53a99968ab707105676c247,-
AQ121-Q3,assessment,121,"10.2,10.3",2,Approved,8747f1d6ffa6fe041d8420202c014a0f3f0cd0a440a9a63c29b0642464c41a8f,-
AQ121-Q4,assessment,121,"10.2,10.3",2,Approved,47ab57d5dea76948b5adf408c06a50cbabcaac2a8246087102b3b4535c1ba6e2,-
AQ121-Q5,assessment,121,"10.2,10.3",2,Approved,ed30864cdcde47dfdb99d74e3249be84a6ca5fb5a925a1795c7f7058c31d8309,-
AQ126-Q1,assessment,126,"10.3,10.4",2,Approved,feea0b4de408d19e01256c0e6c9baac21daf19be4b0220c05a938c36e0b05ae8,-
AQ126-Q2,assessment,126,"10.3,10.4",2,Approved,ea4cc63c1f83b1c81fe3d60d48de5756a17913b97c1acdd7ed937761abba71e1,-
AQ126-Q3,assessment,126,"10.3,10.4",2,Approved,9bd6757f77192a868e93d51b571f7b2d8953a2b21aa90b5a3703f4a537be1fce,-
AQ126-Q4,assessment,126,"10.3,10.4",2,Approved,f3eaff7e758c80fe921f6fd153326e22369dfbc0b5529fa75b2230092b4be801,-
AQ126-Q5,assessment,126,"10.3,10.4",2,Approved,325410b9d9427541c1b0879f475643cd2f422fc49817bd16bcb73402f44ba96a,-
AQ131-Q1,assessment,131,"11.1,11.2",2,Approved,42fcde8a604fed894249ccc0d7b7789451185bb8f64bb384a651612b55ccce76,-
AQ131-Q2,assessment,131,"11.1,11.2",2,Approved,dd1e34199fa3a0723a43e72748bd26f8d2ccc1181994d842c112e0214825c804,-
AQ131-Q3,assessment,131,"11.1,11.2",2,Approved,627edb0ed4c3ac2bb4cfe2d9d8f38d42123585e5be3060f2a7abea750fa9b653,-
AQ131-Q4,assessment,131,"11.1,11.2",2,Approved,4eb0035bb71b2772fc9c53a4aa5dffeb811a344430de6760404afa36791f47df,-
AQ131-Q5,assessment,131,"11.1,11.2",2,Approved,29f98a83b27c1a1001b2cd41653a682b948ed7f18117408cefcd49d2acd7f801,-
AQ136-Q1,assessment,136,"11.2,11.3",2,Approved,bfac68fe89ce66985b10287f0c4fe3a74b75844af9875ea29f230653cade63fb,-
AQ136-Q2,assessment,136,"11.2,11.3",2,Approved,34ccb17c86d5cb51e4a32cb21c53de864a7fa7dbdfcaca5c2e7dd1f9ee9274f0,-
AQ136-Q3,assessment,136,"11.2,11.3",2,Approved,26e42bc056ba0b76918462928018eba2ea61062e2522bf6e03eec5b6e68c1e33,-
AQ136-Q4,assessment,136,"11.2,11.3",2,Approved,45fc79fb68045fcc3294e1a1482a3cd88ccd775c37215c7008c988133436e23c,-
AQ136-Q5,assessment,136,"11.2,11.3",2,Approved,085395f56fe2ce35adb958873bd6c4c201309674da9f7005e7e3583eac040e86,-
AQ141-Q1,assessment,141,"11.1,11.2,11.3",2,Approved,b607badf8951d219e294f6f95e45d834afdd2bd1d272961b55c4f2a7c11df84f,-
AQ141-Q2,assessment,141,"11.1,11.2,11.3",2,Approved,42085c0ad3a5227cf20df8812e990ec55a91b92ca735b5705017777c8602adfe,-
AQ141-Q3,assessment,141,"11.1,11.2,11.3",2,Approved,5df3393f90576dd1a0bb429c3098a97b560ad780effa3816784ea5a1086d69a5,-
AQ141-Q4,assessment,141,"11.1,11.2,11.3",2,Approved,a34f249685467bcb0a23c0e3c349645a8cff276e6e211c35b3bc05c41e23026d,-
AQ141-Q5,assessment,141,"11.1,11.2,11.3",2,Approved,cc3e79ea6fa5e5fbfbad78ab3db22146fb265b0842e390b4578442a74ce3e03e,-
AQ146-Q1,assessment,146,"11,12",2,Approved,46a37e0eb1628600a6f348528666ef42dc091b397f941813ef977ab928531a7f,-
AQ146-Q2,assessment,146,"11,12",2,Approved,26d8a903714121082cbd6b9ee3cc35b9a1777159a3b56492295ffa4fa0ad175b,-
AQ146-Q3,assessment,146,"11,12",2,Approved,be52c1084599d8819e563b3fb48b2b0c7590f2dcabe87f706e27d6b207a0498a,-
AQ146-Q4,assessment,146,"11,12",2,Approved,387192ec4d97af1f2ee3c7f0ca88b69a11fa5158dbfc97f9ecdb5345e986aae2,-
AQ146-Q5,assessment,146,"11,12",2,Approved,6ad1bb72318aa19e8bd128841e40089d8014f175929331122462d034dc0e88ef,-
AQ151-Q1,assessment,151,"9,10,11,12",2,Approved,057a77600a482f57aa106f240492bea8767b1ee123c04888c60f772874326e9d,-
AQ151-Q2,assessment,151,"9,10,11,12",2,Approved,d7e29743ea357442ed1d4065d6779007955f938e37a4bb1da5af200d0aa77b52,-
AQ151-Q3,assessment,151,"9,10,11,12",2,Approved,5b5130e78c285f456bb324568f3342a6b273814c45d122fb10f9e2ec61a4cdd9,-
AQ151-Q4,assessment,151,"9,10,11,12",2,Approved,21b8cbf3776139ffe725b74b6329afdfd2050d0261e9244dc219abbdc1f1816c,-
AQ151-Q5,assessment,151,"9,10,11,12",2,Approved,b3d58d6881fc0d471a7104b861e4b0b5f65d9029f015af83a69448c27edcfe4b,-
AM021-Q1,assessment,21,"1,2",4,Approved,f53465a16407deeefd5999209ea0ad5a3b6a3a200b45bb4f9d34c7f09e63578b,-
AM021-Q2,assessment,21,"1,2",6,Approved,08afa6a3de7e65606c266c5acfe321601693cfdd47e0e3e5a9b6d72b28e8b8f0,-
AM021-Q3,assessment,21,"1,2",6,Approved,8cc80db738d27fb164ae2f7240c96e7b0bbb6040cd7197c2907d3df8c1ef05d2,-
AM021-Q4,assessment,21,"1,2",8,Approved,140a04e40590e0e7be23a7fc4410c4a5e9e65a88d7cdfb24934ccc67106d734b,-
AM021-Q5,assessment,21,"1,2",6,Approved,2b6bf0fa356c57f63d6bb9845085ab76483acf3c55cf8f5ed84e606e93c05805,-
AM041-Q1,assessment,41,"2,3",4,Approved,e29f8ce5a7f0b2ef68645b5f94e9db10b63ec231fa17ea5a8c9788dfe90c0d92,-
AM041-Q2,assessment,41,"2,3",6,Approved,086a6daa38708683075be183d7af8e374ee7e352d73d38acf250e5a2588b9218,-
AM041-Q3,assessment,41,"2,3",6,Approved,1244bd9de039719a36cb95f122c3aacdf5575eb52bc3fc3e050ce88691331892,-
AM041-Q4,assessment,41,"2,3",8,Approved,98a6358a4fae55268cf1149bf2564a8dce7bf74b454098c04347194424cf9e65,-
AM041-Q5,assessment,41,"2,3",6,Approved,a733efd1f334e4e523a6a5ed1abc45490fa502fbfb7b05292b8499f9a752eec8,-
AM061-Q1,assessment,61,"4,5",4,Approved,7341979d3181a07c8f4e2c123cb1c8a55cd7ef9a13b7b8059ceafff5980c9d52,System Software
AM061-Q2,assessment,61,"4,5",6,Approved,7c9cdee2952a21ee3424a80cf98f4a2b21d145ee2558df816c7363317672720c,System Software
AM061-Q3,assessment,61,"4,5",6,Approved,0eebe2c62f239d5fdb3aea35337a33489fb1c504b63f9ce1a4ad6a05a4cc3575,System Software
AM061-Q4,assessment,61,"4,5",8,Approved,a2b83a1889c7f33215068ec2abb1ca8a676023fd91d712f4e891d77153c7ca56,System Software
AM061-Q5,assessment,61,"4,5",6,Approved,6e32579331cddb55bb99cfc7e524c2293a18cfb9123d83733d326642fae6a22c,System Software
AM081-Q1,assessment,81,"6,7,8",4,Approved,565856fae74c0ee610087cc29dcb56aaaf65169ec6a471166226fbe9f08b7ef3,Security
AM081-Q2,assessment,81,"6,7,8",6,Approved,ad43a9359e5a92ff9c91589615258bb8bda62e7b0b8ccc9b86f305f24f6eb5e8,Security
AM081-Q3,assessment,81,"6,7,8",6,Approved,2e34d8518b8e07a14ab5e67dc05692ecb646666f920a851f29ba6caa8aa8ee6a,Security
AM081-Q4,assessment,81,"6,7,8",8,Approved,b173e15ed1754a857cf7777decade92e8a44ddbf9cd7a1095a33a0847671f67e,Security
AM081-Q5,assessment,81,"6,7,8",6,Approved,5613ab972b6e1bd1feaf6c35f9087f32f41a96fb3d34fdfc75315342e55f2f8f,Security
AM101-Q1,assessment,101,1-9,4,Approved,1b342c1006cce5b6f2b95e3eb84458889544ddcabb871e2cc2ec52c830e93b47,-
AM101-Q2,assessment,101,1-9,6,Approved,26ec64ac92d2148a8b78d29b47106a0a32480e8ed2728bd0ecba435bb15391f1,-
AM101-Q3,assessment,101,1-9,6,Approved,6781eccf74087ebd012fdd31e6804cd9b3e5b9974306a5deae9653885d7ada06,-
AM101-Q4,assessment,101,1-9,8,Approved,6de974126fdde8deed0cc8724b58f485ee1ffd43a73b874d6ea0247dccab13d8,-
AM101-Q5,assessment,101,1-9,6,Approved,3b81ee415e790841de109b2a05182d925149bc47eb330612e9ecb8df3c2a55a4,-
AM121-Q1,assessment,121,"9,10",4,Approved,485b101c03ea46d5abbfc73e42bdafc08f8796b81bfca0f28fca520f481bdf66,-
AM121-Q2,assessment,121,"9,10",6,Approved,d8418320066b6e04389db8522789441eed67538a6dc2ba09c99e9a266cd11035,-
AM121-Q3,assessment,121,"9,10",6,Approved,e0a5f85fc962b0d87e95a574dd301303ba15d49bef53a2991533279c9f84d6af,-
AM121-Q4,assessment,121,"9,10",8,Approved,af45eb27e441c6ae3f4e104e3afcc727dbff23e562eb74dc036ab7494c1c2757,-
AM121-Q5,assessment,121,"9,10",6,Approved,e853e58ae7d394e4cbe8af0054561ed45bb224ef8ff791679cd29bde2f91e646,-
AM141-Q1,assessment,141,11,4,Approved,478599a3741ca4224bc5ea4d0db797ccb63a7fcc26f7adfadb77090c620f4b90,-
AM141-Q2,assessment,141,11,6,Approved,635d9394dece87a45b44553cc680fa5a82fbf4128cca9c7750a9a5596ce42233,-
AM141-Q3,assessment,141,11,6,Approved,189e3c7279bedbf100db6eadd11bc33ee0740df5bf324fa3048efb76d3140e99,-
AM141-Q4,assessment,141,11,8,Approved,9be05a8d31be51b70cc2e9981a2893de10cb64566000dc5058e37d877cdf7db2,-
AM141-Q5,assessment,141,11,6,Approved,c77e067a5dcc6204d38d2c172e35f79b9e0033da356f9203e342ea1644c3aba3,-
AR016-Q1,assessment,16,1,4,Approved,92ae056a5192ea629a590cf19888ec7feff5be5b052d3ecf50fdf966ddfc0e9c,-
AR016-Q2,assessment,16,1,6,Approved,9533eb1f9e8186ed2c1a44788710c59b6cc42af17df369ef842652d8778f5883,-
AR027-Q1,assessment,27,2,4,Approved,dfa250986292e27dfb339aa4b00297340db95582f6881ec6630a888170b4643d,-
AR027-Q2,assessment,27,2,6,Approved,e07120bb9a7f60ef7fb1dafc569f65f8cae097d31f83ed74f3cee5e723530b00,-
AR041-Q1,assessment,41,3,4,Approved,ac4a509e73004e1b9c7a11ac9768d0228130b6be16a8694021bf8865e7ae26a9,-
AR041-Q2,assessment,41,3,6,Approved,b9d2d755e428ebf857ab83a0046247fb9270b9a404fed48987486b64ebeb8462,-
AR052-Q1,assessment,52,4,4,Approved,760269fc311626a07ff900e26ef7155c4f35434b8ed291b8110df43e3c904315,-
AR052-Q2,assessment,52,4,6,Approved,5c74e0a289fbfbe3ab375f883e745c1425aef6161a672ed2864db79a062f3769,-
AR062-Q1,assessment,62,5,4,Approved,dc7d1c6faf7998b37a43855ff2d014adf82277c1143ee38872a2abec78b9143f,System Software
AR062-Q2,assessment,62,5,6,Approved,8a8265c9732922bb1ea209613f4d87099eb0a8faadf18bcb9a53630bf2c69def,System Software
AR072-Q1,assessment,72,6,4,Approved,7a6e0f1e7efc1d579578ace96b4e8893e769217d485f4ebc9d483333a2428a77,Security
AR072-Q2,assessment,72,6,6,Approved,df7a8b24c9d3a1a83cf99071c28241e8483f30e950d436dd59af319c96a427a6,Security
AR078-Q1,assessment,78,7,4,Approved,3aac21d14f114d10f6653ff4d5de411e6a1e30f628baa8faac9f4bd7ca2f9fe8,Ethics
AR078-Q2,assessment,78,7,6,Approved,3ce9bded47d464cb7b717b6999edd83d7d9d275f7e2d0afc8bbe2219b8cdf349,Ethics
AR090-Q1,assessment,90,8,4,Approved,5063905f2d071fe665a99a741ec84497e7408f9aa4b532a0c8b2af977ec4c9b7,Databases
AR090-Q2,assessment,90,8,6,Approved,c9dbb73b496cdb899a78624119e43da30be4ce297b0b62073fd45e66826be4e5,Databases
AR098-Q1,assessment,98,1-8,4,Approved,465b6e5310fdcf0ef42869b9087a9e6304c969f1dc841d4e52a5fff97d27b39a,Databases
AR098-Q2,assessment,98,1-8,6,Approved,ddca1efae2cf9e9adb081d82693db8afbeb1cf5f18d3ca6512f51f525c4897be,Databases
AR113-Q1,assessment,113,9,4,Approved,656a619bf703d948b8517585b305048ba3eb62de5451a8bb2343b732960bf2cd,-
AR113-Q2,assessment,113,9,6,Approved,2955f0e2e7ef3a5490afcaab461024e32547b524dc3c81142dde6b30be746f32,-
AR126-Q1,assessment,126,10,4,Approved,bcebb58a25e31ebc46b0ef6e62906593cc37404cf6e7d09245c2d07264668388,-
AR126-Q2,assessment,126,10,6,Approved,4ac24d2aef855b27e2f6fd5dcf60d5ed391779a6efd95cc9f88b8035e0e87da3,-
AR142-Q1,assessment,142,11,4,Approved,ac7d20e6770e6566413143f2e3091dc00563b27043261f36c2839f42a88cfc71,-
AR142-Q2,assessment,142,11,6,Approved,76b117e5a5e89d49053638f33da0004a1fa26a93268d3ad2f43fdb8840aba528,-
AR147-Q1,assessment,147,12,4,Approved,6cddfec67aa74db051d63e3e621bbca8741351b8bdc79a3274baf13730074053,-
AR147-Q2,assessment,147,12,6,Approved,30a833a42e53f5b363788dedf6779ec9021ba491d7216013574e35c427b24bcd,-
AR151-Q1,assessment,151,9-12,4,Approved,c105e6e66625b129b98e02f29f292b4a40d2a7bb46bddf6bfb9c4446ec68f0cd,-
AR151-Q2,assessment,151,9-12,6,Approved,aaded50bdd015269637320727995c49e82dc8e6bc3938da7efcca24e7f8e2c71,-
